pass,batch,M,N,backend,ok,ms,p25,p75,reps
0,1024,512,256,qrblock,1,1366.151042,1356.945667,1366.158771,3
0,1024,512,256,cpu,1,445.417583,444.340895,452.071770,3
0,1,128,8,jacobi,1,0.330625,0.300250,0.376416,25
0,1,128,8,qr,1,0.388250,0.380083,0.413042,25
0,1,128,8,gk,1,0.189333,0.181250,0.201917,25
0,1,128,8,gk_vals,1,0.170042,0.164459,0.216875,25
0,1,128,8,cpu_vals,1,0.006958,0.006917,0.007000,25
0,1,128,8,cpu,1,0.011250,0.011209,0.011292,25
0,4,48,48,jacobi,1,0.688667,0.645541,0.830208,25
0,4,48,48,block,1,2.535750,2.462500,2.640625,25
0,4,48,48,gk,1,1.063250,1.036416,1.092416,25
0,4,48,48,gk_vals,1,0.810167,0.789625,0.845417,25
0,4,48,48,cpu_vals,1,0.057792,0.057500,0.058959,25
0,4,48,48,cpu,1,0.137083,0.135083,0.140750,25
0,256,128,16,jacobi,1,0.700125,0.679375,0.753541,25
0,256,128,16,qr,1,1.089209,1.028375,1.111417,25
0,256,128,16,gk,1,0.589959,0.585125,0.628250,25
0,256,128,16,gk_vals,1,0.371584,0.365459,0.402625,25
0,256,128,16,cpu_vals,1,0.375833,0.334666,0.645833,25
0,256,128,16,gk_share,1,0.555375,0.524792,0.567000,25
0,256,128,16,gk_share_vals,1,0.396542,0.394292,0.453041,25
0,256,128,16,cpu,1,0.660208,0.635875,0.711042,25
0,1024,128,64,jacobi,1,55.884625,54.760750,55.956125,5
0,1024,128,64,block,1,31.242583,31.196625,31.256625,5
0,1024,128,64,qr,1,50.570334,50.152834,51.971625,5
0,1024,128,64,qrblock,1,30.269125,29.459083,30.406791,5
0,1024,128,64,gk,1,22.484375,22.092229,22.675417,7
0,1024,128,64,gk_vals,1,10.999042,10.816125,11.027823,14
0,1024,128,64,cpu_vals,1,8.218541,8.207230,8.263541,19
0,1024,128,64,gk_share,1,13.723292,13.400479,14.768937,11
0,1024,128,64,gk_share_vals,1,6.489208,6.343875,6.536271,23
0,1024,128,64,cpu,1,20.991791,20.504812,21.476031,8
0,2,2048,2048,cpu,1,603.940042,586.068396,618.098146,3
0,2,2048,2048,bidiag,1,212.914000,212.625292,214.593084,5
0,2,2048,2048,bidiag_vals,1,171.985500,169.187250,172.362042,5
0,2,2048,2048,cpu_vals,1,311.900542,311.461521,313.424938,3
0,2,2048,2048,band,1,161.085041,158.743834,161.183792,5
0,2,2048,2048,band8_vals,1,108.778625,107.882083,108.818709,5
0,2,2048,2048,band_vals,1,90.533166,89.669125,90.788292,5
0,2,2048,2048,band32_vals,1,130.316584,130.180625,130.796792,5
0,4,2048,128,jacobi,1,42.769042,42.620750,42.815834,5
0,4,2048,128,block,1,14.524417,14.448353,14.597188,11
0,4,2048,128,qr,1,6.470187,6.422958,6.537791,24
0,4,2048,128,qrblock,1,8.004041,7.848417,8.126500,19
0,4,2048,128,cpu,1,4.084125,3.978917,4.195083,25
0,4,2048,128,bidiag,1,19.755479,19.638563,19.870615,8
0,4,2048,128,bidiag_vals,1,16.064312,15.956489,16.278593,10
0,4,2048,128,cpu_vals,1,2.514709,2.101917,2.562625,25
0,4,128,16,jacobi,1,0.217208,0.205875,0.242417,25
0,4,128,16,qr,1,0.433459,0.426500,0.455583,25
0,4,128,16,gk,1,0.329750,0.322167,0.343625,25
0,4,128,16,gk_vals,1,0.263583,0.259500,0.269542,25
0,4,128,16,cpu_vals,1,0.028958,0.028542,0.031000,25
0,4,128,16,cpu,1,0.047166,0.046208,0.054125,25
0,64,512,16,jacobi,1,0.858167,0.824667,0.916458,25
0,64,512,16,qr,1,0.941041,0.923459,0.966500,25
0,64,512,16,gk,1,1.023417,1.009625,1.052834,25
0,64,512,16,gk_vals,1,0.702208,0.619875,0.719750,25
0,64,512,16,cpu_vals,1,0.271125,0.251750,0.662833,25
0,64,512,16,gk_share,1,1.181292,1.106167,1.258625,25
0,64,512,16,gk_share_vals,1,0.766416,0.755000,0.809167,25
0,64,512,16,cpu,1,0.399250,0.392333,0.661583,25
0,16,64,32,jacobi,1,0.617916,0.598125,0.673375,25
0,16,64,32,block,1,2.044125,1.997083,2.241333,25
0,16,64,32,qr,1,0.613709,0.594750,0.634459,25
0,16,64,32,qrblock,1,2.250250,2.189833,2.348208,25
0,16,64,32,gk,1,0.755250,0.726666,0.770792,25
0,16,64,32,gk_vals,1,0.532458,0.513958,0.546958,25
0,16,64,32,cpu_vals,1,0.135875,0.127334,0.248417,25
0,16,64,32,cpu,1,0.200667,0.196084,0.207792,25
0,256,96,96,jacobi,1,46.824833,46.590958,47.430583,5
0,256,96,96,block,1,22.056167,21.818666,22.101312,7
0,256,96,96,cpu,1,10.894521,10.782469,10.985011,14
0,1,512,32,jacobi,1,0.561417,0.535416,0.583583,25
0,1,512,32,block,1,2.825083,2.755875,3.001291,25
0,1,512,32,qr,1,0.592375,0.583458,0.611459,25
0,1,512,32,qrblock,1,2.034875,1.976917,2.153333,25
0,1,512,32,gk,1,1.016917,0.963708,1.050000,25
0,1,512,32,gk_vals,1,0.568250,0.563833,0.590000,25
0,1,512,32,cpu_vals,1,0.069833,0.069417,0.070083,25
0,1,512,32,cpu,1,0.143333,0.139458,0.144416,25
0,1024,16,16,jacobi,1,1.430458,1.374125,1.476750,25
0,1024,16,16,gk,1,0.723334,0.681083,0.782916,25
0,1024,16,16,gk_vals,1,0.416958,0.402250,0.433667,25
0,1024,16,16,cpu_vals,1,0.571875,0.514958,0.641625,25
0,1024,16,16,gk_share,1,0.799666,0.787167,0.814375,25
0,1024,16,16,gk_share_vals,1,0.618042,0.593792,0.629959,25
0,1024,16,16,cpu,1,1.122375,1.084417,1.156792,25
0,16,56,56,jacobi,1,0.970791,0.876542,1.010916,25
0,16,56,56,block,1,2.924625,2.853791,3.006750,25
0,16,56,56,gk,1,1.368084,1.349583,1.374584,25
0,16,56,56,gk_vals,1,1.050167,1.038541,1.067958,25
0,16,56,56,cpu_vals,1,0.178875,0.175833,0.183084,25
0,16,56,56,cpu,1,0.296166,0.290083,0.307292,25
0,4,64,8,jacobi,1,0.163125,0.152375,0.188000,25
0,4,64,8,qr,1,0.390500,0.375292,0.410250,25
0,4,64,8,gk,1,0.197333,0.187208,0.215625,25
0,4,64,8,gk_vals,1,0.183958,0.169375,0.227833,25
0,4,64,8,cpu_vals,1,0.022666,0.019125,0.023750,25
0,4,64,8,cpu,1,0.024750,0.022459,0.025584,25
0,1,128,32,jacobi,1,0.400583,0.375666,0.459750,25
0,1,128,32,block,1,2.048375,1.955916,2.173542,25
0,1,128,32,qr,1,0.510791,0.502042,0.518000,25
0,1,128,32,qrblock,1,2.015500,1.905750,2.085708,25
0,1,128,32,gk,1,0.743750,0.713375,0.775167,25
0,1,128,32,gk_vals,1,0.497291,0.487250,0.529000,25
0,1,128,32,cpu_vals,1,0.031083,0.031041,0.031208,25
0,1,128,32,cpu,1,0.077417,0.076375,0.078083,25
0,4,192,192,jacobi,1,14.050750,14.022438,14.074209,11
0,4,192,192,block,1,9.818812,9.732167,9.901812,16
0,4,192,192,cpu,1,1.965375,1.952459,1.981917,25
0,4,192,192,bidiag,1,14.227375,14.121771,14.443229,11
0,4,192,192,bidiag_vals,1,10.352708,10.287938,10.381563,15
0,4,192,192,cpu_vals,1,1.103750,1.097000,1.121000,25
0,4,1024,1024,jacobi,1,4360.297667,4360.283666,4363.117146,3
0,4,1024,1024,block,1,320.664541,319.675416,320.817541,3
0,4,1024,1024,cpu,1,92.170083,92.152291,92.495709,5
0,4,1024,1024,bidiag,1,105.830916,105.394459,106.166584,5
0,4,1024,1024,bidiag_vals,1,79.923167,79.653542,80.372792,5
0,4,1024,1024,cpu_vals,1,40.726875,40.653417,41.767584,5
0,4,1024,1024,band,1,113.612166,113.554625,114.937625,5
0,4,1024,1024,band8_vals,1,61.245666,60.803500,61.765208,5
0,4,1024,1024,band_vals,1,61.816625,61.547959,61.930208,5
0,4,1024,1024,band32_vals,1,95.239333,95.062375,95.466208,5
0,16,2048,64,jacobi,1,19.482125,19.413219,19.574469,8
0,16,2048,64,block,1,10.300708,10.233792,10.396896,15
0,16,2048,64,qr,1,2.538250,2.510458,2.585709,25
0,16,2048,64,qrblock,1,4.329875,4.192750,4.437500,25
0,16,2048,64,gk,1,3.684708,3.644083,3.741666,25
0,16,2048,64,gk_vals,1,2.792458,2.731042,2.842834,25
0,16,2048,64,cpu_vals,1,1.920458,1.521125,1.965291,25
0,16,2048,64,cpu,1,3.119000,2.807500,3.188750,25
0,1024,128,128,jacobi,1,470.709417,469.974500,472.029521,3
0,1024,128,128,block,1,192.007250,191.550500,192.127417,5
0,1024,128,128,cpu,1,81.110333,80.745000,81.246166,5
0,1,8,8,jacobi,1,0.269875,0.259500,0.276833,25
0,1,8,8,gk,1,0.253583,0.220625,0.266625,25
0,1,8,8,gk_vals,1,0.162959,0.160458,0.173375,25
0,1,8,8,cpu_vals,1,0.004458,0.004375,0.004792,25
0,1,8,8,cpu,1,0.005792,0.005750,0.006084,25
0,16,128,128,jacobi,1,4.538459,4.525708,4.564042,25
0,16,128,128,block,1,7.034021,6.960678,7.139834,22
0,16,128,128,cpu,1,1.705417,1.636167,1.784209,25
0,16,128,128,bidiag,1,38.554500,38.198542,38.732000,5
0,16,128,128,bidiag_vals,1,25.704042,25.672334,25.739406,6
0,16,128,128,cpu_vals,1,1.101334,1.085000,1.128083,25
0,4096,512,16,jacobi,1,38.702583,38.375292,40.208375,5
0,4096,512,16,qr,1,16.165417,16.098240,16.278656,10
0,4096,512,16,gk,1,13.964625,13.787375,14.131396,11
0,4096,512,16,gk_vals,1,6.949333,6.747386,7.044635,22
0,4096,512,16,cpu_vals,1,9.494791,9.445625,9.557042,16
0,4096,512,16,gk_share,1,11.994750,11.684042,13.088042,13
0,4096,512,16,gk_share_vals,1,6.457042,6.369854,6.869271,23
0,4096,512,16,cpu,1,18.408292,18.060333,18.640625,9
0,256,256,32,jacobi,1,4.726708,4.562500,4.810750,25
0,256,256,32,block,1,4.439166,4.363208,4.495833,25
0,256,256,32,qr,1,2.832291,2.797792,2.914583,25
0,256,256,32,qrblock,1,3.925167,3.844291,4.000083,25
0,256,256,32,gk,1,2.180250,2.152208,2.231625,25
0,256,256,32,gk_vals,1,1.221500,1.199458,1.272084,25
0,256,256,32,cpu_vals,1,1.078375,1.034333,1.556542,25
0,256,256,32,gk_share,1,2.105000,2.039042,2.174292,25
0,256,256,32,gk_share_vals,1,1.574833,1.235334,1.909833,25
0,256,256,32,cpu,1,2.655916,2.576041,2.682333,25
0,256,256,64,jacobi,1,22.277333,21.738125,23.068438,7
0,256,256,64,block,1,12.079500,11.795000,12.245291,13
0,256,256,64,qr,1,13.564917,12.508260,13.793656,12
0,256,256,64,qrblock,1,10.059417,9.926062,10.163875,15
0,256,256,64,gk,1,7.935375,7.833167,8.050438,19
0,256,256,64,gk_vals,1,4.115250,4.031333,4.210458,25
0,256,256,64,cpu_vals,1,3.356250,3.180750,3.485667,25
0,256,256,64,gk_share,1,5.596958,5.502875,5.716667,25
0,256,256,64,gk_share_vals,1,3.499833,3.333500,4.456000,25
0,256,256,64,cpu,1,7.297709,7.101000,7.459917,21
0,64,64,32,jacobi,1,0.777167,0.718583,1.205250,25
0,64,64,32,block,1,2.210959,2.101834,2.320708,25
0,64,64,32,qr,1,1.083959,1.060459,1.124875,25
0,64,64,32,qrblock,1,2.513250,2.483333,2.692167,25
0,64,64,32,gk,1,0.749250,0.726209,0.807250,25
0,64,64,32,gk_vals,1,0.510375,0.490833,0.537292,25
0,64,64,32,cpu_vals,1,0.238000,0.222459,0.644250,25
0,64,64,32,gk_share,1,0.917208,0.876125,0.957459,25
0,64,64,32,gk_share_vals,1,0.625083,0.620208,0.647417,25
0,64,64,32,cpu,1,0.466542,0.432125,0.657375,25
0,4096,64,32,jacobi,1,24.037917,23.871104,24.809104,7
0,4096,64,32,block,1,23.136042,23.103979,23.314188,7
0,4096,64,32,qr,1,25.471396,25.062104,25.942594,6
0,4096,64,32,qrblock,1,23.204958,23.055459,23.255750,7
0,4096,64,32,gk,1,13.331542,13.136406,13.436739,12
0,4096,64,32,gk_vals,1,7.781792,7.721781,7.854791,20
0,4096,64,32,cpu_vals,1,7.743333,7.575958,7.817552,20
0,4096,64,32,gk_share,1,10.166355,10.117302,10.478552,14
0,4096,64,32,gk_share_vals,1,4.887750,4.742791,5.155750,25
0,4096,64,32,cpu,1,21.644417,21.218604,21.999105,7
0,1,2048,128,jacobi,1,34.782916,34.748292,34.798750,5
0,1,2048,128,block,1,11.763542,11.647708,11.811083,13
0,1,2048,128,qr,1,6.038917,5.994459,6.122000,25
0,1,2048,128,qrblock,1,7.546021,7.371313,7.649906,20
0,1,2048,128,cpu,1,3.099708,3.083792,3.119584,25
0,1,2048,128,bidiag,1,5.338667,5.180292,5.387958,25
0,1,2048,128,bidiag_vals,1,4.145083,4.083041,4.193417,25
0,1,2048,128,cpu_vals,1,1.649542,1.641125,1.663000,25
0,1,512,512,jacobi,1,252.945083,252.848000,253.407875,5
0,1,512,512,block,1,32.988458,32.935208,33.070584,5
0,1,512,512,cpu,1,17.025084,16.784625,17.367791,9
0,1,512,512,bidiag,1,13.370041,13.203271,13.694104,12
0,1,512,512,bidiag_vals,1,8.979666,8.781333,9.299875,17
0,1,512,512,cpu_vals,1,7.770812,7.749353,7.795063,20
0,1,512,512,band,1,11.633209,11.444875,11.887583,13
0,1,512,512,band8_vals,1,8.694083,8.469208,8.806250,18
0,1,512,512,band_vals,1,9.263083,9.050625,9.673333,17
0,1,512,512,band32_vals,1,13.197958,12.946115,13.350833,12
0,1,1024,64,jacobi,1,4.397917,4.377834,4.422917,25
0,1,1024,64,block,1,5.113667,4.938834,5.258959,25
0,1,1024,64,qr,1,1.456125,1.434041,1.496667,25
0,1,1024,64,qrblock,1,2.855917,2.766666,2.928750,25
0,1,1024,64,gk,1,2.483333,2.431250,2.515291,25
0,1,1024,64,gk_vals,1,1.841542,1.821250,1.860875,25
0,1,1024,64,cpu_vals,1,0.260292,0.257500,0.262292,25
0,1,1024,64,cpu,1,0.548667,0.537708,0.561042,25
0,1,128,128,jacobi,1,4.486542,4.471792,4.493958,25
0,1,128,128,block,1,6.058000,5.834792,6.231000,25
0,1,128,128,cpu,1,1.019500,1.013375,1.026417,25
0,1,128,128,bidiag,1,2.763416,2.688833,2.856000,25
0,1,128,128,bidiag_vals,1,1.660125,1.640459,1.688834,25
0,1,128,128,cpu_vals,1,0.624292,0.619083,0.632667,25
0,4,768,768,jacobi,1,1412.472666,1411.495645,1412.915770,3
0,4,768,768,block,1,121.534333,121.523042,122.527000,5
0,4,768,768,cpu,1,39.278375,39.045458,39.633541,5
0,4,768,768,bidiag,1,68.743833,68.257166,69.309083,5
0,4,768,768,bidiag_vals,1,53.451417,53.040375,53.453833,5
0,4,768,768,cpu_vals,1,18.535750,18.366042,18.586094,8
0,4,768,768,band,1,78.892167,77.757875,79.122416,5
0,4,768,768,band8_vals,1,43.057125,42.656875,43.178542,5
0,4,768,768,band_vals,1,44.988459,44.905625,45.181750,5
0,4,768,768,band32_vals,1,68.448167,68.388666,69.125541,5
0,64,512,64,jacobi,1,9.996458,9.691771,10.194979,15
0,64,512,64,block,1,6.617250,6.447520,6.732666,23
0,64,512,64,qr,1,3.916667,3.892708,3.963958,25
0,64,512,64,qrblock,1,4.806250,4.719209,4.922791,25
0,64,512,64,gk,1,3.669125,3.627208,3.729833,25
0,64,512,64,gk_vals,1,2.546750,2.518208,2.583084,25
0,64,512,64,cpu_vals,1,1.983625,1.918417,2.060042,25
0,64,512,64,gk_share,1,3.541334,3.493083,3.594709,25
0,64,512,64,gk_share_vals,1,2.587250,2.469000,2.672125,25
0,64,512,64,cpu,1,3.431375,3.213834,3.560666,25
0,16,128,32,jacobi,1,0.884750,0.371083,1.260625,25
0,16,128,32,block,1,2.084375,2.064375,2.187042,25
0,16,128,32,qr,1,0.652041,0.642459,0.665959,25
0,16,128,32,qrblock,1,2.034459,2.005917,2.190166,25
0,16,128,32,gk,1,0.790042,0.744792,0.806542,25
0,16,128,32,gk_vals,1,0.526500,0.506917,0.554708,25
0,16,128,32,cpu_vals,1,0.165083,0.162500,0.169708,25
0,16,128,32,cpu,1,0.231958,0.227500,0.247834,25
0,64,192,192,jacobi,1,112.811833,112.151875,112.967209,5
0,64,192,192,block,1,37.693042,37.429875,37.721250,5
0,64,192,192,cpu,1,10.052208,9.960209,10.381021,15
0,64,192,192,bidiag,1,227.504750,227.040750,227.633084,5
0,64,192,192,bidiag_vals,1,160.898083,160.833333,160.961583,5
0,64,192,192,cpu_vals,1,5.250167,5.045083,5.638584,25
0,4,128,8,jacobi,1,0.272791,0.262625,0.310375,25
0,4,128,8,qr,1,0.393250,0.376666,0.402792,25
0,4,128,8,gk,1,0.195500,0.186667,0.209792,25
0,4,128,8,gk_vals,1,0.168209,0.161333,0.178333,25
0,4,128,8,cpu_vals,1,0.020333,0.019000,0.023708,25
0,4,128,8,cpu,1,0.027709,0.026708,0.030959,25
0,16,80,80,jacobi,1,1.729791,1.696500,1.757458,25
0,16,80,80,block,1,4.332625,4.158500,4.432375,25
0,16,80,80,gk,1,2.562208,2.543334,2.601208,25
0,16,80,80,gk_vals,1,1.898833,1.892375,1.950167,25
0,16,80,80,cpu_vals,1,0.457541,0.338833,0.502666,25
0,16,80,80,cpu,1,0.522500,0.513292,0.553500,25
0,1024,32,8,jacobi,1,0.411375,0.404875,0.446167,25
0,1024,32,8,qr,1,0.873792,0.850292,0.906500,25
0,1024,32,8,gk,1,0.380292,0.374250,0.383375,25
0,1024,32,8,gk_vals,1,0.246750,0.238875,0.268750,25
0,1024,32,8,cpu_vals,1,0.383542,0.349041,0.630000,25
0,1024,32,8,gk_share,1,0.565541,0.552834,0.588709,25
0,1024,32,8,gk_share_vals,1,0.513667,0.487958,0.531584,25
0,1024,32,8,cpu,1,0.609500,0.552625,0.648458,25
0,1024,256,64,jacobi,1,81.100583,79.711292,86.703209,5
0,1024,256,64,block,1,44.463625,43.653458,44.550292,5
0,1024,256,64,qr,1,54.818416,54.537916,55.515042,5
0,1024,256,64,qrblock,1,35.238417,34.732458,35.790375,5
0,1024,256,64,gk,1,26.740916,26.612188,26.790020,6
0,1024,256,64,gk_vals,1,13.388896,13.187230,13.519646,12
0,1024,256,64,cpu_vals,1,11.277709,10.981365,11.380240,14
0,1024,256,64,gk_share,1,17.702500,16.303750,18.243500,9
0,1024,256,64,gk_share_vals,1,8.055354,7.907677,9.275823,18
0,1024,256,64,cpu,1,26.199584,25.433605,26.307063,6
0,1024,56,56,jacobi,1,25.591041,25.155833,26.284938,6
0,1024,56,56,block,1,27.644708,27.603875,27.653604,6
0,1024,56,56,gk,1,10.814875,10.742907,10.954365,14
0,1024,56,56,gk_vals,1,4.913125,4.875000,4.934208,25
0,1024,56,56,cpu_vals,1,3.883458,3.719542,4.070500,25
0,1024,56,56,gk_share,1,6.240979,6.133343,6.287812,24
0,1024,56,56,gk_share_vals,1,2.745333,2.724208,2.861333,25
0,1024,56,56,cpu,1,11.377188,11.098657,11.740989,14
0,4096,24,24,jacobi,1,12.138834,11.921709,12.199666,13
0,4096,24,24,gk,1,5.155084,5.040625,5.324292,25
0,4096,24,24,gk_vals,1,2.287833,2.235333,2.355792,25
0,4096,24,24,cpu_vals,1,3.665541,3.362208,3.774584,25
0,4096,24,24,gk_share,1,4.355167,4.095041,5.770333,25
0,4096,24,24,gk_share_vals,1,1.877042,1.822541,2.068042,25
0,4096,24,24,cpu,1,9.504729,9.466198,9.698052,16
0,4,1280,1280,cpu,1,124.068333,123.338875,126.151042,5
0,4,1280,1280,bidiag,1,156.544958,156.133042,157.074167,5
0,4,1280,1280,bidiag_vals,1,121.952125,121.589000,122.707042,5
0,4,1280,1280,cpu_vals,1,62.485334,61.162750,63.522709,5
0,4,1280,1280,band,1,156.381625,156.372666,156.567459,5
0,4,1280,1280,band8_vals,1,84.388917,84.087458,84.405959,5
0,4,1280,1280,band_vals,1,84.004333,83.530750,84.650208,5
0,4,1280,1280,band32_vals,1,124.991125,124.895000,125.070625,5
0,4096,256,8,jacobi,1,3.056834,2.983083,3.255917,25
0,4096,256,8,qr,1,6.859875,6.700041,6.946209,23
0,4096,256,8,gk,1,3.487708,3.432791,3.661875,25
0,4096,256,8,gk_vals,1,1.492166,1.479333,1.523792,25
0,4096,256,8,cpu_vals,1,2.369750,2.343750,2.413791,25
0,4096,256,8,gk_share,1,2.847417,2.804208,3.148209,25
0,4096,256,8,gk_share_vals,1,1.798791,1.741500,1.825625,25
0,4096,256,8,cpu,1,4.246667,4.159792,4.312917,25
0,1024,16,8,jacobi,1,0.508208,0.410875,1.398042,25
0,1024,16,8,qr,1,0.835500,0.821833,0.853792,25
0,1024,16,8,gk,1,0.327834,0.315709,0.330708,25
0,1024,16,8,gk_vals,1,0.252708,0.234791,0.261208,25
0,1024,16,8,cpu_vals,1,0.329750,0.311666,0.577209,25
0,1024,16,8,gk_share,1,0.568833,0.560125,0.586583,25
0,1024,16,8,gk_share_vals,1,0.507625,0.483375,0.548625,25
0,1024,16,8,cpu,1,0.514041,0.507875,0.631375,25
0,64,128,16,jacobi,1,0.563208,0.548916,0.633917,25
0,64,128,16,qr,1,0.649458,0.621500,0.675084,25
0,64,128,16,gk,1,0.345375,0.339750,0.354167,25
0,64,128,16,gk_vals,1,0.258084,0.245875,0.266042,25
0,64,128,16,cpu_vals,1,0.171500,0.167750,0.178292,25
0,64,128,16,gk_share,1,0.446792,0.438000,0.456667,25
0,64,128,16,gk_share_vals,1,0.359917,0.352958,0.372500,25
0,64,128,16,cpu,1,0.255666,0.250417,0.279125,25
0,256,16,16,jacobi,1,1.068042,0.519458,1.342791,25
0,256,16,16,gk,1,0.322583,0.309042,0.329375,25
0,256,16,16,gk_vals,1,0.250583,0.239708,0.270708,25
0,256,16,16,cpu_vals,1,0.213584,0.196334,0.659291,25
0,256,16,16,gk_share,1,0.461166,0.414083,0.468042,25
0,256,16,16,gk_share_vals,1,0.391292,0.376875,0.405417,25
0,256,16,16,cpu,1,0.366500,0.362833,0.370000,25
0,256,128,64,jacobi,1,12.659375,11.658334,13.489084,13
0,256,128,64,block,1,9.110708,9.025750,9.270792,17
0,256,128,64,qr,1,13.705770,12.693395,14.217114,12
0,256,128,64,qrblock,1,9.358792,9.178000,9.453084,17
0,256,128,64,gk,1,6.812500,6.727719,6.963260,22
0,256,128,64,gk_vals,1,3.507291,3.437792,3.551916,25
0,256,128,64,cpu_vals,1,2.713083,2.680916,2.753958,25
0,256,128,64,gk_share,1,4.684583,4.663916,4.873167,25
0,256,128,64,gk_share_vals,0,0.000000,0.000000,0.000000,0
0,256,128,64,cpu,1,5.800958,5.518458,5.881000,25
0,64,1024,64,jacobi,1,38.553333,38.392291,38.864208,5
0,64,1024,64,block,1,10.681333,10.454521,11.049584,15
0,64,1024,64,qr,1,5.214500,5.139709,5.283208,25
0,64,1024,64,qrblock,1,6.118417,6.055166,6.212250,25
0,64,1024,64,gk,1,4.941417,4.894084,4.975250,25
0,64,1024,64,gk_vals,1,3.594666,3.566375,3.763208,25
0,64,1024,64,cpu_vals,1,2.741208,2.693208,2.876541,25
0,64,1024,64,gk_share,1,4.598333,4.520458,4.706833,25
0,64,1024,64,gk_share_vals,1,3.404292,3.293125,3.709041,25
0,64,1024,64,cpu,1,5.355708,5.177333,5.583875,25
0,256,32,32,jacobi,1,1.825666,1.787458,1.866375,25
0,256,32,32,block,1,2.972875,2.898209,3.110708,25
0,256,32,32,gk,1,0.760625,0.737500,0.814542,25
0,256,32,32,gk_vals,1,0.479958,0.467500,0.506167,25
0,256,32,32,cpu_vals,1,0.441833,0.423250,0.625750,25
0,256,32,32,gk_share,1,0.790583,0.782209,0.831583,25
0,256,32,32,gk_share_vals,1,0.574375,0.569083,0.578750,25
0,256,32,32,cpu,1,1.061167,1.034041,1.101666,25
0,1,32,32,jacobi,1,0.287584,0.280333,0.310084,25
0,1,32,32,block,1,1.924583,1.842500,2.079500,25
0,1,32,32,gk,1,0.652458,0.605542,0.680958,25
0,1,32,32,gk_vals,1,0.422667,0.402791,0.456916,25
0,1,32,32,cpu_vals,1,0.018708,0.018625,0.018792,25
0,1,32,32,cpu,1,0.057709,0.056708,0.058041,25
0,1,2048,2048,cpu,1,451.926291,450.916104,453.180937,3
0,1,2048,2048,bidiag,1,121.182459,121.149500,121.402125,5
0,1,2048,2048,bidiag_vals,1,88.931750,88.789584,89.060291,5
0,1,2048,2048,cpu_vals,1,202.530500,202.021875,202.746167,5
0,1,2048,2048,band,1,81.573708,81.533333,82.385875,5
0,1,2048,2048,band8_vals,1,64.388500,64.362167,64.878583,5
0,1,2048,2048,band_vals,1,53.309417,52.929333,53.350500,5
0,1,2048,2048,band32_vals,1,76.282958,76.238375,76.306917,5
0,1024,48,48,jacobi,1,18.940770,18.507531,19.150906,8
0,1024,48,48,block,1,25.678958,25.468813,25.906729,6
0,1024,48,48,gk,1,6.714667,6.525229,6.746729,23
0,1024,48,48,gk_vals,1,3.177583,3.151209,3.228250,25
0,1024,48,48,cpu_vals,1,3.020208,2.766500,3.281750,25
0,1024,48,48,gk_share,1,4.758500,4.720958,4.847542,25
0,1024,48,48,gk_share_vals,1,2.240459,2.199000,2.306750,25
0,1024,48,48,cpu,1,9.054167,8.887958,9.282917,17
0,256,24,24,jacobi,1,1.106666,1.098125,1.134834,25
0,256,24,24,gk,1,0.529833,0.513708,0.536708,25
0,256,24,24,gk_vals,1,0.344208,0.334500,0.354500,25
0,256,24,24,cpu_vals,1,0.316083,0.290875,0.653708,25
0,256,24,24,gk_share,1,0.619667,0.612208,0.654000,25
0,256,24,24,gk_share_vals,1,0.456125,0.451083,0.466667,25
0,256,24,24,cpu,1,0.684625,0.677708,0.711667,25
0,64,256,32,jacobi,1,1.227959,1.191375,1.275958,25
0,64,256,32,block,1,2.549083,2.473708,2.608791,25
0,64,256,32,qr,1,1.447583,1.412916,1.485250,25
0,64,256,32,qrblock,1,2.636334,2.584916,2.781417,25
0,64,256,32,gk,1,1.590917,1.528584,1.626208,25
0,64,256,32,gk_vals,1,0.968000,0.926375,1.033750,25
0,64,256,32,cpu_vals,1,0.380958,0.358041,0.624375,25
0,64,256,32,gk_share,1,1.679625,1.644750,1.751209,25
0,64,256,32,gk_share_vals,1,1.032417,1.003167,1.108083,25
0,64,256,32,cpu,1,0.662292,0.648000,0.695167,25
0,16,16,8,jacobi,1,0.176917,0.166875,0.191584,25
0,16,16,8,qr,1,0.428709,0.403458,0.436792,25
0,16,16,8,gk,1,0.259292,0.253833,0.265583,25
0,16,16,8,gk_vals,1,0.164417,0.154541,0.182959,25
0,16,16,8,cpu_vals,1,0.042417,0.036459,0.055833,25
0,16,16,8,cpu,1,0.097541,0.053625,0.101875,25
0,1,1024,256,jacobi,1,86.144250,86.123583,86.366542,5
0,1,1024,256,block,1,16.048250,15.925115,16.118198,10
0,1,1024,256,qr,1,29.540584,29.450292,29.584438,6
0,1,1024,256,qrblock,1,13.230230,13.210386,13.342594,12
0,1,1024,256,cpu,1,6.484771,6.357385,6.585532,24
0,1,1024,256,bidiag,1,8.064416,7.996624,8.152167,19
0,1,1024,256,bidiag_vals,1,6.097625,6.040917,6.169375,25
0,1,1024,256,cpu_vals,1,2.994208,2.982958,3.002625,25
0,64,56,56,jacobi,1,2.099333,2.087459,2.192958,25
0,64,56,56,block,1,3.832834,3.660417,3.863417,25
0,64,56,56,gk,1,1.468583,1.456916,1.507125,25
0,64,56,56,gk_vals,1,1.071917,1.052208,1.094417,25
0,64,56,56,cpu_vals,1,0.332458,0.319500,0.647792,25
0,64,56,56,gk_share,1,1.588208,1.528334,1.603541,25
0,64,56,56,gk_share_vals,1,1.204209,1.150792,1.259417,25
0,64,56,56,cpu,1,0.757625,0.747875,0.792084,25
0,1,1536,1536,cpu,1,180.356833,178.319917,180.846417,5
0,1,1536,1536,bidiag,1,67.569250,67.155333,69.227875,5
0,1,1536,1536,bidiag_vals,1,46.960292,46.945792,47.171875,5
0,1,1536,1536,cpu_vals,1,86.068750,85.887083,89.041208,5
0,1,1536,1536,band,1,49.771875,49.639666,49.984125,5
0,1,1536,1536,band8_vals,1,37.516208,37.209458,37.540500,5
0,1,1536,1536,band_vals,1,33.899042,33.482334,34.288917,5
0,1,1536,1536,band32_vals,1,46.844834,46.608958,48.508041,5
0,4096,32,32,jacobi,1,22.721916,22.379604,22.993062,7
0,4096,32,32,block,1,21.282750,21.190959,21.562041,7
0,4096,32,32,gk,1,7.938958,7.816584,7.961500,19
0,4096,32,32,gk_vals,1,4.087709,4.047291,4.215292,25
0,4096,32,32,cpu_vals,1,5.334750,5.229833,5.626958,25
0,4096,32,32,gk_share,1,6.521334,6.405646,6.749895,23
0,4096,32,32,gk_share_vals,1,3.114334,3.024792,3.311333,25
0,4096,32,32,cpu,1,15.830583,15.745073,15.927833,10
0,1,1024,1024,jacobi,1,2966.724292,2966.400209,2967.852625,3
0,1,1024,1024,block,1,118.814416,118.419250,119.073750,5
0,1,1024,1024,cpu,1,78.044458,77.477125,78.197583,5
0,1,1024,1024,bidiag,1,34.094666,33.759667,34.314917,5
0,1,1024,1024,bidiag_vals,1,21.648875,21.643334,22.005770,7
0,1,1024,1024,cpu_vals,1,35.768667,35.732083,35.797875,5
0,1,1024,1024,band,1,27.921020,27.510729,28.579562,6
0,1,1024,1024,band8_vals,1,20.268937,20.076521,20.427959,8
0,1,1024,1024,band_vals,1,20.159334,19.776833,20.233729,8
0,1,1024,1024,band32_vals,1,29.008292,28.980542,29.180166,5
0,256,256,256,jacobi,1,1164.845958,1163.170583,1165.551000,3
0,256,256,256,block,1,363.182625,362.388729,367.125417,3
0,256,256,256,cpu,1,78.362042,77.561666,79.636458,5
0,4096,128,128,jacobi,1,1904.891875,1896.143812,1908.530146,3
0,4096,128,128,block,1,761.197083,759.834833,764.447229,3
0,4096,128,128,cpu,1,300.794166,300.529229,301.884104,3
0,16,512,128,jacobi,1,13.893166,13.778458,13.993479,11
0,16,512,128,block,1,8.718396,8.609103,8.769177,18
0,16,512,128,qr,1,6.193062,6.136010,6.521781,24
0,16,512,128,qrblock,1,8.248666,8.161271,8.608708,18
0,16,512,128,cpu,1,3.894833,3.470625,4.019500,25
0,16,512,128,bidiag,1,49.635209,49.413834,49.798958,5
0,16,512,128,bidiag_vals,1,37.586875,35.900625,40.483958,5
0,16,512,128,cpu_vals,1,2.615709,2.369500,2.786750,25
0,4,64,64,jacobi,1,1.033875,0.951084,1.046500,25
0,4,64,64,block,1,2.879667,2.793000,3.002250,25
0,4,64,64,gk,1,1.725708,1.701666,1.740000,25
0,4,64,64,gk_vals,1,1.305875,1.295750,1.330834,25
0,4,64,64,cpu_vals,1,0.092334,0.088125,0.096917,25
0,4,64,64,cpu,1,0.209209,0.207709,0.209875,25
0,4,16,16,jacobi,1,0.202125,0.186667,0.211167,25
0,4,16,16,gk,1,0.279167,0.276500,0.298916,25
0,4,16,16,gk_vals,1,0.219625,0.214000,0.238292,25
0,4,16,16,cpu_vals,1,0.019542,0.018958,0.021708,25
0,4,16,16,cpu,1,0.032833,0.030125,0.035500,25
0,256,56,56,jacobi,1,6.890208,6.773771,6.952583,22
0,256,56,56,block,1,8.361833,8.274896,8.517458,18
0,256,56,56,gk,1,3.099000,3.052833,3.148958,25
0,256,56,56,gk_vals,1,1.457875,1.452917,1.496334,25
0,256,56,56,cpu_vals,1,1.011375,0.980792,1.039625,25
0,256,56,56,gk_share,1,2.783208,2.744042,2.817042,25
0,256,56,56,gk_share_vals,1,1.640042,1.565375,1.688708,25
0,256,56,56,cpu,1,2.689625,2.622084,2.851583,25
0,16,1024,32,jacobi,1,0.973500,0.906500,1.013875,25
0,16,1024,32,block,1,4.359417,4.234208,4.425000,25
0,16,1024,32,qr,1,1.109875,1.090000,1.136167,25
0,16,1024,32,qrblock,1,2.625208,2.554417,2.714250,25
0,16,1024,32,gk,1,1.668708,1.605209,1.696333,25
0,16,1024,32,gk_vals,1,1.041417,1.011375,1.081709,25
0,16,1024,32,cpu_vals,1,0.333792,0.307042,0.600375,25
0,16,1024,32,cpu,1,0.598125,0.572042,0.612458,25
0,1,192,192,jacobi,1,13.891875,13.863062,13.926813,11
0,1,192,192,block,1,9.282084,9.023958,9.605958,17
0,1,192,192,cpu,1,2.107917,1.985625,2.208292,25
0,1,192,192,bidiag,1,4.223917,4.131125,4.280875,25
0,1,192,192,bidiag_vals,1,2.781209,2.699917,2.940209,25
0,1,192,192,cpu_vals,1,0.855500,0.848125,0.869333,25
0,1,512,256,jacobi,1,46.745459,46.709000,46.977000,5
0,1,512,256,block,1,12.597667,12.490761,12.691010,12
0,1,512,256,qr,1,32.129500,32.114208,32.163791,5
0,1,512,256,qrblock,1,12.935771,12.838739,13.020344,12
0,1,512,256,cpu,1,5.290125,5.205084,5.367708,25
0,1,512,256,bidiag,1,7.851896,7.750344,7.975896,20
0,1,512,256,bidiag_vals,1,5.933958,5.726708,6.009750,25
0,1,512,256,cpu_vals,1,2.416167,2.410000,2.428792,25
0,4,1024,256,jacobi,1,106.625792,106.622250,106.633833,5
0,4,1024,256,block,1,20.109583,19.996688,20.196042,8
0,4,1024,256,qr,1,30.504542,30.349167,30.626875,5
0,4,1024,256,qrblock,1,14.942167,14.875083,15.092813,11
0,4,1024,256,cpu,1,7.424646,7.285927,7.774271,20
0,4,1024,256,bidiag,1,29.007854,28.919469,29.239489,6
0,4,1024,256,bidiag_vals,1,23.694458,23.472938,23.750480,7
0,4,1024,256,cpu_vals,1,3.727375,3.555708,4.099250,25
0,16,32,8,jacobi,1,0.171250,0.154583,0.198917,25
0,16,32,8,qr,1,0.398583,0.389666,0.414375,25
0,16,32,8,gk,1,0.197958,0.194833,0.209500,25
0,16,32,8,gk_vals,1,0.177708,0.163833,0.185833,25
0,16,32,8,cpu_vals,1,0.060000,0.057375,0.067083,25
0,16,32,8,cpu,1,0.107666,0.071500,0.110708,25
0,1024,512,64,jacobi,1,133.428291,132.724500,134.483166,5
0,1024,512,64,block,1,66.232584,66.095666,66.277333,5
0,1024,512,64,qr,1,61.087958,61.055792,61.202584,5
0,1024,512,64,qrblock,1,42.330084,42.033417,42.885834,5
0,1024,512,64,gk,1,34.616375,34.411709,35.228666,5
0,1024,512,64,gk_vals,1,18.084917,17.977375,18.100000,9
0,1024,512,64,cpu_vals,1,19.595146,19.459062,19.835667,8
0,1024,512,64,gk_share,1,24.271875,23.814563,25.023979,7
0,1024,512,64,gk_share_vals,1,12.352208,11.925542,12.795458,13
0,1024,512,64,cpu,1,41.715792,40.558292,42.053958,5
0,16,4,4,jacobi,1,0.250958,0.221792,0.304916,25
0,16,4,4,gk,1,0.205459,0.188709,0.224250,25
0,16,4,4,gk_vals,1,0.167958,0.158042,0.187167,25
0,16,4,4,cpu_vals,1,0.027541,0.027417,0.027792,25
0,16,4,4,cpu,1,0.038291,0.038084,0.039167,25
0,256,256,16,jacobi,1,1.038875,0.975917,1.063416,25
0,256,256,16,qr,1,1.212292,1.180291,1.261834,25
0,256,256,16,gk,1,0.933333,0.875125,0.963250,25
0,256,256,16,gk_vals,1,0.515625,0.499417,0.537083,25
0,256,256,16,cpu_vals,1,0.687125,0.406916,0.752542,25
0,256,256,16,gk_share,1,0.761750,0.729916,0.784250,25
0,256,256,16,gk_share_vals,1,0.507125,0.497542,0.541583,25
0,256,256,16,cpu,1,0.808334,0.763583,1.379375,25
0,64,512,512,jacobi,1,4476.638042,4470.767000,4483.347916,3
0,64,512,512,block,1,666.682375,665.089270,666.722375,3
0,64,512,512,cpu,1,103.392500,102.483084,103.806291,5
0,64,512,512,bidiag,1,649.855917,649.452084,651.968687,3
0,64,512,512,bidiag_vals,1,472.703208,472.315667,473.497083,3
0,64,512,512,cpu_vals,1,51.961333,51.453459,52.154375,5
0,64,512,512,band,1,749.624625,748.162250,751.942333,3
0,64,512,512,band8_vals,1,351.292416,351.262999,351.371604,3
0,64,512,512,band_vals,1,376.182625,375.425271,376.222459,3
0,64,512,512,band32_vals,1,614.813917,614.359479,618.777605,3
0,1,64,8,jacobi,1,0.175125,0.153458,0.199458,25
0,1,64,8,qr,1,0.388875,0.358584,0.405959,25
0,1,64,8,gk,1,0.211375,0.177166,0.249417,25
0,1,64,8,gk_vals,1,0.166875,0.162416,0.177250,25
0,1,64,8,cpu_vals,1,0.005709,0.005666,0.005750,25
0,1,64,8,cpu,1,0.009416,0.009333,0.009542,25
0,4,1024,64,jacobi,1,4.511708,4.493333,4.533417,25
0,4,1024,64,block,1,5.539750,5.504334,5.575958,25
0,4,1024,64,qr,1,2.013209,1.984708,2.047041,25
0,4,1024,64,qrblock,1,3.617000,3.572917,3.682292,25
0,4,1024,64,gk,1,3.142625,3.123833,3.179667,25
0,4,1024,64,gk_vals,1,2.462708,2.439666,2.492875,25
0,4,1024,64,cpu_vals,1,0.554458,0.537709,0.565750,25
0,4,1024,64,cpu,1,1.067000,1.052875,1.085041,25
0,16,96,96,jacobi,1,2.221417,2.193625,2.247167,25
0,16,96,96,block,1,4.726167,4.659625,4.894000,25
0,16,96,96,cpu,1,0.857000,0.809916,1.179584,25
0,1024,40,40,jacobi,1,11.956375,11.875917,12.211083,13
0,1024,40,40,block,1,24.229291,24.193396,24.329396,7
0,1024,40,40,gk,1,4.385792,4.338042,4.486000,25
0,1024,40,40,gk_vals,1,2.116667,2.087541,2.155958,25
0,1024,40,40,cpu_vals,1,2.112500,2.013542,2.467250,25
0,1024,40,40,gk_share,1,3.751708,3.446875,4.104833,25
0,1024,40,40,gk_share_vals,1,1.682750,1.654834,1.759875,25
0,1024,40,40,cpu,1,6.568541,6.356708,6.773791,23
0,1,64,32,jacobi,1,0.967458,0.364833,1.015709,25
0,1,64,32,block,1,1.811125,1.740167,1.951125,25
0,1,64,32,qr,1,0.499459,0.494000,0.505666,25
0,1,64,32,qrblock,1,2.005000,1.926500,2.131292,25
0,1,64,32,gk,1,0.716959,0.677041,0.738167,25
0,1,64,32,gk_vals,1,0.481291,0.460667,0.522959,25
0,1,64,32,cpu_vals,1,0.026542,0.026083,0.027458,25
0,1,64,32,cpu,1,0.066166,0.065916,0.066625,25
0,16,1024,1024,jacobi,1,9671.190542,9670.566625,9688.314938,3
0,16,1024,1024,block,1,1290.978250,1290.045917,1292.660312,3
0,16,1024,1024,cpu,1,319.054916,318.236937,319.568938,3
0,16,1024,1024,bidiag,1,418.673375,418.551104,419.875000,3
0,16,1024,1024,bidiag_vals,1,313.190709,313.118417,313.781480,3
0,16,1024,1024,cpu_vals,1,222.997333,221.062416,223.526917,5
0,16,1024,1024,band,1,449.404333,449.215270,451.739624,3
0,16,1024,1024,band8_vals,1,222.782125,222.595458,223.194792,5
0,16,1024,1024,band_vals,1,233.800208,233.222292,233.969917,5
0,16,1024,1024,band32_vals,1,359.153166,358.942791,360.304062,3
0,256,128,32,jacobi,1,2.431791,2.396875,2.462916,25
0,256,128,32,block,1,3.447458,3.419041,3.615166,25
0,256,128,32,qr,1,2.555083,2.520000,2.614000,25
0,256,128,32,qrblock,1,3.478708,3.397250,3.556917,25
0,256,128,32,gk,1,2.008458,1.986333,2.043834,25
0,256,128,32,gk_vals,1,1.267333,1.251667,1.290167,25
0,256,128,32,cpu_vals,1,0.719167,0.699208,1.186917,25
0,256,128,32,gk_share,1,1.604000,1.571625,1.664875,25
0,256,128,32,gk_share_vals,1,1.099292,1.062042,1.116916,25
0,256,128,32,cpu,1,1.670541,1.600042,2.113167,25
0,16,192,192,jacobi,1,18.645459,18.583708,18.714500,9
0,16,192,192,block,1,13.009000,12.944541,13.187229,12
0,16,192,192,cpu,1,3.142083,3.057708,3.212667,25
0,16,192,192,bidiag,1,57.333542,57.195333,57.507667,5
0,16,192,192,bidiag_vals,1,40.615625,40.580416,40.859167,5
0,16,192,192,cpu_vals,1,1.699250,1.536167,2.003042,25
0,4,1024,128,jacobi,1,19.738813,19.690354,19.842615,8
0,4,1024,128,block,1,9.210625,9.134833,9.335292,17
0,4,1024,128,qr,1,5.492333,5.457000,5.512292,25
0,4,1024,128,qrblock,1,6.926479,6.798135,7.042667,22
0,4,1024,128,cpu,1,2.546625,2.507041,2.726083,25
0,4,1024,128,bidiag,1,15.448604,15.324739,15.731824,10
0,4,1024,128,bidiag_vals,1,12.081958,11.926250,12.196291,13
0,4,1024,128,cpu_vals,1,1.449375,1.399917,1.511667,25
0,4,8,8,jacobi,1,0.161208,0.153708,0.168709,25
0,4,8,8,gk,1,0.193625,0.182625,0.211417,25
0,4,8,8,gk_vals,1,0.173500,0.155500,0.200875,25
0,4,8,8,cpu_vals,1,0.017042,0.016666,0.017667,25
0,4,8,8,cpu,1,0.016959,0.016458,0.018458,25
0,16,512,16,jacobi,1,0.420708,0.389417,0.451833,25
0,16,512,16,qr,1,0.602875,0.594375,0.650292,25
0,16,512,16,gk,1,0.753333,0.747500,0.764167,25
0,16,512,16,gk_vals,1,0.420417,0.407875,0.578083,25
0,16,512,16,cpu_vals,1,0.130166,0.126000,0.171291,25
0,16,512,16,cpu,1,0.188084,0.178250,0.571625,25
0,4096,128,8,jacobi,1,1.980708,1.918834,2.163625,25
0,4096,128,8,qr,1,3.166167,3.053833,3.221208,25
0,4096,128,8,gk,1,2.067250,2.039250,2.182125,25
0,4096,128,8,gk_vals,1,1.141084,0.956833,1.215334,25
0,4096,128,8,cpu_vals,1,1.938042,1.914292,1.988792,25
0,4096,128,8,gk_share,1,1.988625,1.963584,2.035167,25
0,4096,128,8,gk_share_vals,1,1.277417,1.195375,1.341208,25
0,4096,128,8,cpu,1,3.167625,3.146083,3.239292,25
0,1024,80,80,jacobi,1,104.800916,104.088833,105.664500,5
0,1024,80,80,block,1,79.207958,79.134083,79.619416,5
0,1024,80,80,gk,1,35.673959,35.154250,36.499125,5
0,1024,80,80,gk_vals,1,16.239520,15.827614,16.302083,10
0,1024,80,80,cpu_vals,1,14.624541,14.328083,14.829230,11
0,1024,80,80,gk_share,1,16.811875,16.758833,17.064083,9
0,1024,80,80,gk_share_vals,1,9.492833,9.360094,9.579094,16
0,1024,80,80,cpu,1,26.950167,26.276625,27.065896,6
0,1,16,8,jacobi,1,0.253292,0.249875,0.263000,25
0,1,16,8,qr,1,0.364750,0.357125,0.437291,25
0,1,16,8,gk,1,0.251292,0.221292,0.262709,25
0,1,16,8,gk_vals,1,0.165292,0.160708,0.190750,25
0,1,16,8,cpu_vals,1,0.005250,0.005208,0.005292,25
0,1,16,8,cpu,1,0.007625,0.007542,0.007750,25
0,4,24,24,jacobi,1,0.268292,0.260459,0.741333,25
0,4,24,24,gk,1,0.527125,0.486875,0.569416,25
0,4,24,24,gk_vals,1,0.327791,0.322875,0.358541,25
0,4,24,24,cpu_vals,1,0.025292,0.024916,0.026042,25
0,4,24,24,cpu,1,0.049917,0.048833,0.050667,25
0,16,8,8,jacobi,1,0.282625,0.259250,0.294791,25
0,16,8,8,gk,1,0.225083,0.199792,0.251792,25
0,16,8,8,gk_vals,1,0.176584,0.162458,0.179708,25
0,16,8,8,cpu_vals,1,0.046416,0.035291,0.047333,25
0,16,8,8,cpu,1,0.051583,0.039375,0.065958,25
0,256,8,8,jacobi,1,0.435750,0.397208,0.536542,25
0,256,8,8,gk,1,0.315917,0.275042,0.362042,25
0,256,8,8,gk_vals,1,0.169334,0.155208,0.190542,25
0,256,8,8,cpu_vals,1,0.133541,0.130416,0.141750,25
0,256,8,8,gk_share,1,0.341666,0.308125,0.354375,25
0,256,8,8,gk_share_vals,1,0.316959,0.301917,0.326125,25
0,256,8,8,cpu,1,0.167292,0.166208,0.168959,25
0,16,256,16,jacobi,1,0.754917,0.263916,0.805709,25
0,16,256,16,qr,1,0.535125,0.526500,0.578167,25
0,16,256,16,gk,1,0.332042,0.323709,0.359542,25
0,16,256,16,gk_vals,1,0.252000,0.247500,0.267375,25
0,16,256,16,cpu_vals,1,0.110833,0.099417,0.118833,25
0,16,256,16,cpu,1,0.167917,0.165959,0.173250,25
0,64,2048,256,jacobi,1,2574.153000,2573.873833,2574.838875,3
0,64,2048,256,block,1,291.053750,290.679834,293.597792,5
0,64,2048,256,qr,1,302.294458,301.205646,302.661125,3
0,64,2048,256,qrblock,1,115.199708,113.437166,117.984250,5
0,64,2048,256,cpu,1,71.818583,70.456083,71.936750,5
0,64,2048,256,bidiag,1,500.003958,498.445396,500.123896,3
0,64,2048,256,bidiag_vals,1,384.965833,384.772667,385.574458,3
0,64,2048,256,cpu_vals,1,31.461417,31.346167,31.580542,5
0,16,40,40,jacobi,1,0.510541,0.491208,0.584583,25
0,16,40,40,block,1,2.500833,2.433583,2.664250,25
0,16,40,40,gk,1,0.834333,0.814834,0.873083,25
0,16,40,40,gk_vals,1,0.696334,0.642125,0.708958,25
0,16,40,40,cpu_vals,1,0.120083,0.117542,0.186750,25
0,16,40,40,cpu,1,0.216958,0.209958,0.221584,25
0,1024,2048,128,qr,1,708.602166,691.479583,726.759854,3
0,1024,2048,128,qrblock,1,406.203667,402.955604,415.938521,3
0,1024,2048,128,cpu,1,409.032792,408.140896,409.171709,3
0,4096,40,40,jacobi,1,44.478333,43.495958,44.907792,5
0,4096,40,40,block,1,91.901666,91.864875,92.197292,5
0,4096,40,40,gk,1,16.425500,16.334823,16.464979,10
0,4096,40,40,gk_vals,0,0.000000,0.000000,0.000000,0
0,4096,40,40,cpu_vals,1,7.627334,7.540249,7.750937,20
0,4096,40,40,gk_share,1,11.302375,11.245916,11.623000,13
0,4096,40,40,gk_share_vals,1,4.913250,4.715625,5.442416,25
0,4096,40,40,cpu,1,24.980480,24.900740,25.065844,6
0,16,768,768,jacobi,1,3937.341917,3937.151063,3938.006626,3
0,16,768,768,block,1,557.671708,556.398583,559.501562,3
0,16,768,768,cpu,1,80.657458,80.451667,81.247250,5
0,16,768,768,bidiag,1,271.937875,271.520708,273.907750,5
0,16,768,768,bidiag_vals,1,203.918750,203.405541,204.229833,5
0,16,768,768,cpu_vals,1,51.442125,50.582875,52.459667,5
0,16,768,768,band,1,298.138208,297.647187,301.190312,3
0,16,768,768,band8_vals,1,154.572083,154.525917,154.621334,5
0,16,768,768,band_vals,1,162.219917,162.202875,163.311750,5
0,16,768,768,band32_vals,1,255.377792,255.093208,255.890125,5
0,4,256,128,jacobi,1,5.347250,5.316958,5.368167,25
0,4,256,128,block,1,5.772250,5.710334,5.920125,25
0,4,256,128,qr,1,4.719500,4.709000,4.750083,25
0,4,256,128,qrblock,1,6.187458,6.113083,6.333500,25
0,4,256,128,cpu,1,1.869167,1.850291,1.884042,25
0,4,256,128,bidiag,1,10.949583,10.780209,11.091499,14
0,4,256,128,bidiag_vals,1,7.876021,7.754698,7.932000,20
0,4,256,128,cpu_vals,1,1.088542,1.076458,1.109083,25
0,1,16,16,jacobi,1,0.206250,0.195333,0.233708,25
0,1,16,16,gk,1,0.302875,0.290750,0.318792,25
0,1,16,16,gk_vals,1,0.248458,0.224417,0.270208,25
0,1,16,16,cpu_vals,1,0.008417,0.008292,0.008583,25
0,1,16,16,cpu,1,0.016375,0.016375,0.016500,25
0,1024,4,4,jacobi,1,0.203875,0.193583,0.212667,25
0,1024,4,4,gk,1,0.207000,0.197250,0.216791,25
0,1024,4,4,gk_vals,1,0.178917,0.166916,0.189042,25
0,1024,4,4,cpu_vals,1,0.175541,0.164958,0.580125,25
0,1024,4,4,gk_share,1,0.354334,0.344750,0.437417,25
0,1024,4,4,gk_share_vals,1,0.305334,0.298833,0.312750,25
0,1024,4,4,cpu,1,0.230042,0.219791,0.241041,25
0,4,16,8,jacobi,1,0.270583,0.261375,0.283334,25
0,4,16,8,qr,1,0.495458,0.472917,0.525500,25
0,4,16,8,gk,1,0.396667,0.390375,0.403584,25
0,4,16,8,gk_vals,1,0.288417,0.277584,0.296875,25
0,4,16,8,cpu_vals,1,0.017709,0.016584,0.018167,25
0,4,16,8,cpu,1,0.018375,0.018084,0.020084,25
0,1024,128,16,jacobi,1,2.089667,2.065125,2.267958,25
0,1024,128,16,qr,1,2.257375,2.216500,2.361166,25
0,1024,128,16,gk,1,1.587458,1.571792,1.609583,25
0,1024,128,16,gk_vals,1,0.848792,0.836833,0.889209,25
0,1024,128,16,cpu_vals,1,1.426625,0.955250,1.497042,25
0,1024,128,16,gk_share,1,1.482459,1.445541,1.509792,25
0,1024,128,16,gk_share_vals,1,0.846208,0.826167,0.865042,25
0,1024,128,16,cpu,1,2.618083,2.219542,2.719917,25
0,4096,64,16,jacobi,1,5.550042,5.285292,5.661084,25
0,4096,64,16,qr,1,6.129542,6.018625,6.257000,25
0,4096,64,16,gk,1,3.671375,3.630542,3.860125,25
0,4096,64,16,gk_vals,1,1.775583,1.764000,1.834417,25
0,4096,64,16,cpu_vals,1,3.181334,3.073333,3.244875,25
0,4096,64,16,gk_share,1,3.561708,3.400750,3.748791,25
0,4096,64,16,gk_share_vals,1,1.900042,1.856709,1.987292,25
0,4096,64,16,cpu,1,7.544666,7.422645,7.777417,20
0,4,2048,64,jacobi,1,8.571438,8.567510,8.586010,18
0,4,2048,64,block,1,8.380708,8.326437,8.484437,18
0,4,2048,64,qr,1,2.138042,2.091667,2.166125,25
0,4,2048,64,qrblock,1,3.773250,3.664750,3.867541,25
0,4,2048,64,gk,1,3.261875,3.242500,3.281291,25
0,4,2048,64,gk_vals,1,2.523791,2.508875,2.575625,25
0,4,2048,64,cpu_vals,1,0.973209,0.961750,0.989333,25
0,4,2048,64,cpu,1,1.887625,1.866042,1.912625,25
0,1,32,8,jacobi,1,0.153042,0.150208,0.174250,25
0,1,32,8,qr,1,0.357458,0.347334,0.373000,25
0,1,32,8,gk,1,0.176833,0.168333,0.192209,25
0,1,32,8,gk_vals,1,0.176042,0.159125,0.228583,25
0,1,32,8,cpu_vals,1,0.005250,0.005208,0.005292,25
0,1,32,8,cpu,1,0.007666,0.007625,0.007750,25
0,16,24,24,jacobi,1,0.278000,0.267375,0.289875,25
0,16,24,24,gk,1,0.646959,0.498416,0.699625,25
0,16,24,24,gk_vals,1,0.322333,0.312541,0.330167,25
0,16,24,24,cpu_vals,1,0.087375,0.067959,0.175417,25
0,16,24,24,cpu,1,0.138833,0.136750,0.140417,25
0,1024,1024,64,jacobi,1,631.471500,629.041833,633.879125,3
0,1024,1024,64,block,1,115.064209,114.992083,116.064208,5
0,1024,1024,64,qr,1,82.181125,81.743375,82.783750,5
0,1024,1024,64,qrblock,1,64.085958,63.791792,64.649875,5
0,1024,1024,64,gk,1,57.337958,57.151375,57.483458,5
0,1024,1024,64,gk_vals,1,33.881708,33.579083,33.907042,5
0,1024,1024,64,cpu_vals,1,33.738625,33.625000,34.061166,5
0,1024,1024,64,gk_share,1,37.576167,37.563125,40.421875,5
0,1024,1024,64,gk_share_vals,1,19.114500,18.706625,19.458750,8
0,1024,1024,64,cpu,1,67.180833,66.394167,68.282292,5
0,16,512,256,jacobi,1,97.172292,97.002625,97.273500,5
0,16,512,256,block,1,27.070625,27.025136,27.113990,6
0,16,512,256,qr,1,62.109458,62.068125,62.206167,5
0,16,512,256,qrblock,1,23.560583,23.412188,24.084792,7
0,16,512,256,cpu,1,8.935292,8.732125,9.034542,17
0,16,512,256,bidiag,1,108.795708,108.696250,108.925209,5
0,16,512,256,bidiag_vals,1,85.975667,85.601792,86.244125,5
0,16,512,256,cpu_vals,1,4.895959,4.474208,5.851250,25
0,1024,64,16,jacobi,1,1.673292,1.644292,1.698292,25
0,1024,64,16,qr,1,2.012708,1.975250,2.043167,25
0,1024,64,16,gk,1,1.146917,1.139417,1.162583,25
0,1024,64,16,gk_vals,1,0.660583,0.606500,0.691584,25
0,1024,64,16,cpu_vals,1,0.783958,0.765167,1.308875,25
0,1024,64,16,gk_share,1,1.127667,1.113333,1.207417,25
0,1024,64,16,gk_share_vals,1,0.723125,0.708834,0.744500,25
0,1024,64,16,cpu,1,1.999458,1.904250,2.374375,25
0,1,512,64,jacobi,1,1.948625,1.922208,1.961000,25
0,1,512,64,block,1,3.997000,3.850084,4.077208,25
0,1,512,64,qr,1,1.308125,1.289541,1.362250,25
0,1,512,64,qrblock,1,2.922792,2.876084,3.031209,25
0,1,512,64,gk,1,2.391541,2.378041,2.413083,25
0,1,512,64,gk_vals,1,1.762041,1.748083,1.786916,25
0,1,512,64,cpu_vals,1,0.175500,0.175250,0.184750,25
0,1,512,64,cpu,1,0.403000,0.400666,0.405917,25
0,1,256,8,jacobi,1,0.183167,0.172750,0.205875,25
0,1,256,8,qr,1,0.382708,0.366833,0.399291,25
0,1,256,8,gk,1,0.191958,0.187750,0.207750,25
0,1,256,8,gk_vals,1,0.180166,0.166000,0.201750,25
0,1,256,8,cpu_vals,1,0.008250,0.008208,0.008333,25
0,1,256,8,cpu,1,0.014000,0.013959,0.014125,25
0,64,32,32,jacobi,1,0.741375,0.685917,0.817708,25
0,64,32,32,block,1,2.248959,2.173166,2.303375,25
0,64,32,32,gk,1,0.738708,0.702666,0.753083,25
0,64,32,32,gk_vals,1,0.477750,0.441917,0.512375,25
0,64,32,32,cpu_vals,1,0.193250,0.188375,0.197792,25
0,64,32,32,gk_share,1,0.838042,0.792083,0.861584,25
0,64,32,32,gk_share_vals,1,0.567958,0.559792,0.571584,25
0,64,32,32,cpu,1,0.347875,0.333750,0.371667,25
0,1,256,32,jacobi,1,0.612834,0.554417,0.723166,25
0,1,256,32,block,1,2.203375,2.145708,2.374083,25
0,1,256,32,qr,1,0.537334,0.525667,0.550500,25
0,1,256,32,qrblock,1,1.979916,1.911958,2.029084,25
0,1,256,32,gk,1,1.024667,0.993958,1.059625,25
0,1,256,32,gk_vals,1,0.581333,0.579000,0.600833,25
0,1,256,32,cpu_vals,1,0.052833,0.052708,0.053083,25
0,1,256,32,cpu,1,0.097417,0.094667,0.104750,25
0,1,80,80,jacobi,1,1.505500,1.484041,1.522875,25
0,1,80,80,block,1,3.902458,3.845584,3.973458,25
0,1,80,80,gk,1,2.420792,2.402459,2.453625,25
0,1,80,80,gk_vals,1,1.789792,1.783291,1.817125,25
0,1,80,80,cpu_vals,1,0.184875,0.184417,0.185333,25
0,1,80,80,cpu,1,0.348125,0.342125,0.350792,25
0,1024,64,32,jacobi,1,7.050625,6.755885,7.178657,22
0,1024,64,32,block,1,6.873000,6.807303,6.952813,22
0,1024,64,32,qr,1,6.992646,6.885115,7.090813,22
0,1024,64,32,qrblock,1,7.306208,7.204250,7.422125,21
0,1024,64,32,gk,1,3.747958,3.720791,3.815417,25
0,1024,64,32,gk_vals,1,2.275292,2.244250,2.316208,25
0,1024,64,32,cpu_vals,1,2.395833,1.977541,2.479625,25
0,1024,64,32,gk_share,1,3.045959,3.021667,3.073500,25
0,1024,64,32,gk_share_vals,1,1.559125,1.544291,1.585625,25
0,1024,64,32,cpu,1,5.694417,5.611916,5.756459,25
0,64,128,64,jacobi,1,3.048583,3.032833,3.095917,25
0,64,128,64,block,1,3.860500,3.809125,3.962208,25
0,64,128,64,qr,1,3.702708,3.594709,3.786000,25
0,64,128,64,qrblock,1,4.645291,4.516417,4.734291,25
0,64,128,64,gk,1,3.297125,3.148917,3.340917,25
0,64,128,64,gk_vals,1,2.316125,2.274917,2.474292,25
0,64,128,64,cpu_vals,1,0.696958,0.685792,0.710416,25
0,64,128,64,gk_share,1,3.231292,3.208833,3.283125,25
0,64,128,64,gk_share_vals,1,2.395708,2.304000,2.611334,25
0,64,128,64,cpu,1,1.538500,1.525500,1.559417,25
0,64,40,40,jacobi,1,1.167792,1.118292,1.199583,25
0,64,40,40,block,1,3.500083,3.395041,3.662334,25
0,64,40,40,gk,1,0.867250,0.836417,0.896750,25
0,64,40,40,gk_vals,1,0.653875,0.624084,0.700084,25
0,64,40,40,cpu_vals,1,0.240500,0.216542,0.588958,25
0,64,40,40,gk_share,1,0.974125,0.959667,1.028708,25
0,64,40,40,gk_share_vals,1,0.809417,0.711500,0.829791,25
0,64,40,40,cpu,1,0.483708,0.468375,0.586417,25
0,2,1280,1280,cpu,1,115.475125,114.888792,116.134333,5
0,2,1280,1280,bidiag,1,78.648625,77.836458,78.838000,5
0,2,1280,1280,bidiag_vals,1,62.214625,62.193375,62.338625,5
0,2,1280,1280,cpu_vals,1,57.203916,56.515250,57.962875,5
0,2,1280,1280,band,1,74.891209,74.396959,75.061334,5
0,2,1280,1280,band8_vals,1,47.316041,47.131625,47.364375,5
0,2,1280,1280,band_vals,1,46.631459,46.116542,46.790333,5
0,2,1280,1280,band32_vals,1,66.797084,66.741625,67.065166,5
0,256,32,8,jacobi,1,0.233958,0.221250,0.268042,25
0,256,32,8,qr,1,0.586417,0.561416,0.618375,25
0,256,32,8,gk,1,0.200750,0.197000,0.213333,25
0,256,32,8,gk_vals,1,0.171667,0.167875,0.187042,25
0,256,32,8,cpu_vals,1,0.170833,0.167333,0.179458,25
0,256,32,8,gk_share,1,0.308458,0.302333,0.360209,25
0,256,32,8,gk_share_vals,1,0.319541,0.278333,0.332834,25
0,256,32,8,cpu,1,0.223833,0.218459,0.228959,25
0,4,384,384,jacobi,1,127.652875,127.402000,127.737500,5
0,4,384,384,block,1,29.475354,29.439979,29.570885,6
0,4,384,384,cpu,1,8.672667,8.447323,8.807865,18
0,4,384,384,bidiag,1,29.129604,28.994447,29.388323,6
0,4,384,384,bidiag_vals,1,22.250416,22.111854,22.291291,7
0,4,384,384,cpu_vals,1,4.174042,4.148083,4.238167,25
0,4,4,4,jacobi,1,0.151125,0.141625,0.179208,25
0,4,4,4,gk,1,0.147042,0.140459,0.162375,25
0,4,4,4,gk_vals,1,0.144291,0.134750,0.154584,25
0,4,4,4,cpu_vals,1,0.017125,0.016083,0.018375,25
0,4,4,4,cpu,1,0.014708,0.014375,0.015167,25
0,64,256,64,jacobi,1,4.537250,4.515500,4.589000,25
0,64,256,64,block,1,4.608667,4.484167,4.798500,25
0,64,256,64,qr,1,3.467417,3.411208,3.509500,25
0,64,256,64,qrblock,1,4.222917,4.166917,4.351708,25
0,64,256,64,gk,1,3.021416,2.992292,3.097209,25
0,64,256,64,gk_vals,1,2.088125,2.066000,2.154750,25
0,64,256,64,cpu_vals,1,1.041584,0.985916,1.374167,25
0,64,256,64,gk_share,1,3.248375,3.134209,3.422875,25
0,64,256,64,gk_share_vals,1,2.361708,2.320459,2.466708,25
0,64,256,64,cpu,1,2.018167,1.990417,2.471792,25
0,16,2048,128,jacobi,1,91.005958,90.821375,91.046792,5
0,16,2048,128,block,1,21.144834,20.895459,21.447083,8
0,16,2048,128,qr,1,7.840126,7.776031,7.918062,20
0,16,2048,128,qrblock,1,9.896062,9.740000,9.966396,16
0,16,2048,128,cpu,1,8.257083,8.168583,8.341979,19
0,16,2048,128,bidiag,1,78.497458,78.353000,78.875042,5
0,16,2048,128,bidiag_vals,1,62.434666,62.178083,62.612625,5
0,16,2048,128,cpu_vals,1,3.697917,3.586875,3.751625,25
0,4096,1024,64,jacobi,1,2530.539666,2515.819521,2537.554083,3
0,4096,1024,64,block,1,485.138958,483.599437,497.139500,3
0,4096,1024,64,qr,1,331.770125,329.916854,350.109792,3
0,4096,1024,64,qrblock,1,276.125334,259.859844,312.466927,4
0,4096,1024,64,gk,1,263.980334,233.503708,280.733459,5
0,4096,1024,64,gk_vals,0,0.000000,0.000000,0.000000,0
0,4096,1024,64,cpu_vals,1,127.127584,127.103625,129.713375,5
0,4096,1024,64,gk_share,1,165.320875,156.687750,173.170917,5
0,4096,1024,64,gk_share_vals,1,77.472583,76.442250,78.033667,5
0,4096,1024,64,cpu,1,260.216958,259.028292,261.508458,5
0,1,64,64,jacobi,1,0.954083,0.930708,1.014583,25
0,1,64,64,block,1,2.877458,2.788583,3.060334,25
0,1,64,64,gk,1,1.661041,1.650583,1.682917,25
0,1,64,64,gk_vals,1,1.259292,1.249042,1.299500,25
0,1,64,64,cpu_vals,1,0.062458,0.062375,0.062625,25
0,1,64,64,cpu,1,0.186125,0.182208,0.189875,25
0,16,256,128,jacobi,1,5.536417,5.511000,5.592959,25
0,16,256,128,block,1,6.709167,6.586104,6.839646,23
0,16,256,128,qr,1,5.577125,5.532042,5.628916,25
0,16,256,128,qrblock,1,7.479208,7.320917,7.567667,21
0,16,256,128,cpu,1,3.237166,2.606583,3.379708,25
0,16,256,128,bidiag,1,44.506875,44.185375,45.109625,5
0,16,256,128,bidiag_vals,1,31.030375,30.804708,31.048750,5
0,16,256,128,cpu_vals,1,1.707083,1.653458,1.738291,25
0,256,4,4,jacobi,1,0.245334,0.231958,0.261917,25
0,256,4,4,gk,1,0.250417,0.237833,0.260458,25
0,256,4,4,gk_vals,1,0.216750,0.204125,0.254375,25
0,256,4,4,cpu_vals,1,0.198625,0.102209,0.370625,25
0,256,4,4,gk_share,1,0.396166,0.371833,0.431167,25
0,256,4,4,gk_share_vals,1,0.343708,0.322958,0.359458,25
0,256,4,4,cpu,1,0.116417,0.110416,0.119334,25
0,1,1024,128,jacobi,1,19.615499,19.562448,19.687500,8
0,1,1024,128,block,1,8.975417,8.836750,9.013833,17
0,1,1024,128,qr,1,5.343417,5.304292,5.400625,25
0,1,1024,128,qrblock,1,6.624375,6.503229,6.710250,23
0,1,1024,128,cpu,1,2.134875,2.126541,2.148834,25
0,1,1024,128,bidiag,1,4.234792,4.126708,4.438375,25
0,1,1024,128,bidiag_vals,1,3.105375,3.010500,3.158958,25
0,1,1024,128,cpu_vals,1,1.158750,1.152125,1.173334,25
0,64,64,16,jacobi,1,0.272667,0.254000,0.295125,25
0,64,64,16,qr,1,0.601208,0.584000,0.647583,25
0,64,64,16,gk,1,0.308833,0.301958,0.324208,25
0,64,64,16,gk_vals,1,0.252042,0.241666,0.258917,25
0,64,64,16,cpu_vals,1,0.161667,0.156458,0.178750,25
0,64,64,16,gk_share,1,0.421750,0.417041,0.430000,25
0,64,64,16,gk_share_vals,1,0.355334,0.349375,0.364958,25
0,64,64,16,cpu,1,0.236459,0.231833,0.267458,25
0,1,256,256,jacobi,1,33.220625,33.170875,33.241000,5
0,1,256,256,block,1,13.387958,13.174125,13.447031,12
0,1,256,256,cpu,1,3.845375,3.731166,3.994750,25
0,1,256,256,bidiag,1,5.812125,5.630292,5.931750,25
0,1,256,256,bidiag_vals,1,3.877667,3.765000,4.009625,25
0,1,256,256,cpu_vals,1,1.725041,1.716167,1.737917,25
0,2,1792,1792,cpu,1,282.008542,273.071625,287.089583,5
0,2,1792,1792,bidiag,1,152.980250,152.628250,154.170833,5
0,2,1792,1792,bidiag_vals,1,126.752166,126.542375,127.347792,5
0,2,1792,1792,cpu_vals,1,162.518083,161.065667,164.792834,5
0,2,1792,1792,band,1,135.116291,134.392750,135.884291,5
0,2,1792,1792,band8_vals,1,85.507833,85.104166,86.181125,5
0,2,1792,1792,band_vals,1,77.788333,77.622292,77.970458,5
0,2,1792,1792,band32_vals,1,109.977792,108.934875,110.073458,5
0,1,2048,64,jacobi,1,8.500353,8.481979,8.507500,18
0,1,2048,64,block,1,7.861021,7.764406,7.945385,20
0,1,2048,64,qr,1,2.008833,1.936375,2.039917,25
0,1,2048,64,qrblock,1,3.397625,3.333583,3.481417,25
0,1,2048,64,gk,1,3.057916,3.021625,3.111500,25
0,1,2048,64,gk_vals,1,2.401750,2.362458,2.446250,25
0,1,2048,64,cpu_vals,1,0.431917,0.428667,0.435666,25
0,1,2048,64,cpu,1,0.856333,0.853834,0.875208,25
0,1024,256,8,jacobi,1,1.000250,0.935458,1.042875,25
0,1024,256,8,qr,1,2.128750,2.078459,2.237000,25
0,1024,256,8,gk,1,1.051042,1.000916,1.090875,25
0,1024,256,8,gk_vals,1,0.507167,0.485125,0.542083,25
0,1024,256,8,cpu_vals,1,0.788417,0.640417,1.169792,25
0,1024,256,8,gk_share,1,0.924584,0.909750,0.953458,25
0,1024,256,8,gk_share_vals,1,0.608125,0.565416,0.635708,25
0,1024,256,8,cpu,1,1.608791,1.550084,1.638709,25
0,1,384,384,jacobi,1,108.105084,108.067000,108.192500,5
0,1,384,384,block,1,22.704875,22.570042,22.854312,7
0,1,384,384,cpu,1,7.707271,7.293917,7.871604,20
0,1,384,384,bidiag,1,9.378833,9.170041,9.607917,17
0,1,384,384,bidiag_vals,1,6.208041,6.121875,6.266167,25
0,1,384,384,cpu_vals,1,3.600708,3.591000,3.628667,25
0,1,40,40,jacobi,1,0.563708,0.519167,0.615834,25
0,1,40,40,block,1,2.398125,2.349208,2.594375,25
0,1,40,40,gk,1,0.796084,0.777209,0.808375,25
0,1,40,40,gk_vals,1,0.656791,0.606333,0.690542,25
0,1,40,40,cpu_vals,1,0.026458,0.026375,0.026917,25
0,1,40,40,cpu,1,0.082875,0.082625,0.083458,25
0,16,2048,256,jacobi,1,552.603625,552.462105,554.160917,3
0,16,2048,256,block,1,70.897417,70.875042,70.917917,5
0,16,2048,256,qr,1,67.328709,67.295042,67.422333,5
0,16,2048,256,qrblock,1,30.152291,30.106375,30.331083,5
0,16,2048,256,cpu,1,19.652229,19.555344,19.849167,8
0,16,2048,256,bidiag,1,122.455417,121.862042,122.864291,5
0,16,2048,256,bidiag_vals,1,96.858458,96.235625,97.369458,5
0,16,2048,256,cpu_vals,1,10.082416,9.841167,10.118604,15
0,256,1024,32,jacobi,1,35.282375,34.870084,35.369875,5
0,256,1024,32,block,1,11.771791,11.629833,11.937042,13
0,256,1024,32,qr,1,5.171667,5.071417,5.190083,25
0,256,1024,32,qrblock,1,6.128792,5.996709,6.278958,25
0,256,1024,32,gk,1,4.393708,4.311125,4.486708,25
0,256,1024,32,gk_vals,1,2.668709,2.550125,2.849042,25
0,256,1024,32,cpu_vals,1,3.149709,3.118167,3.247000,25
0,256,1024,32,gk_share,1,4.717750,4.112042,4.891708,25
0,256,1024,32,gk_share_vals,1,2.208458,2.099208,3.277958,25
0,256,1024,32,cpu,1,5.953875,5.736500,6.028458,25
0,256,512,256,jacobi,1,1953.720959,1946.624584,1954.196417,3
0,256,512,256,block,1,428.652542,428.276146,431.161938,3
0,256,512,256,qr,1,1089.842834,1089.611084,1090.872022,3
0,256,512,256,qrblock,1,329.088250,327.620854,334.984167,3
0,256,512,256,cpu,1,117.770875,116.273416,118.454917,5
0,4,128,32,jacobi,1,1.090417,0.353458,1.125750,25
0,4,128,32,block,1,2.059458,1.956791,2.108167,25
0,4,128,32,qr,1,0.533542,0.524459,0.547917,25
0,4,128,32,qrblock,1,1.950959,1.895083,2.020417,25
0,4,128,32,gk,1,0.759209,0.722625,0.790084,25
0,4,128,32,gk_vals,1,0.520375,0.500000,0.526417,25
0,4,128,32,cpu_vals,1,0.056083,0.055458,0.056709,25
0,4,128,32,cpu,1,0.102917,0.101500,0.104416,25
0,16,1024,128,jacobi,1,38.427500,38.419125,38.474875,5
0,16,1024,128,block,1,13.185813,13.059052,13.259073,12
0,16,1024,128,qr,1,5.972542,5.932875,6.000917,25
0,16,1024,128,qrblock,1,8.008166,7.667896,8.109938,19
0,16,1024,128,cpu,1,5.389500,4.886125,5.547458,25
0,16,1024,128,bidiag,1,60.758667,60.671250,60.765666,5
0,16,1024,128,bidiag_vals,1,46.543292,46.507708,46.693542,5
0,16,1024,128,cpu_vals,1,2.747917,2.587458,3.202416,25
0,64,4,4,jacobi,1,0.226583,0.218875,0.259625,25
0,64,4,4,gk,1,0.269167,0.262250,0.299875,25
0,64,4,4,gk_vals,1,0.233667,0.211167,0.254458,25
0,64,4,4,cpu_vals,1,0.100959,0.082583,0.102583,25
0,64,4,4,gk_share,1,0.265084,0.256375,0.268667,25
0,64,4,4,gk_share_vals,1,0.132834,0.128834,0.139292,25
0,64,4,4,cpu,1,0.136375,0.079500,0.138000,25
0,64,16,16,jacobi,1,0.716750,0.266375,0.817375,25
0,64,16,16,gk,1,0.297125,0.291458,0.306375,25
0,64,16,16,gk_vals,1,0.240834,0.224834,0.252541,25
0,64,16,16,cpu_vals,1,0.120083,0.105875,0.142000,25
0,64,16,16,gk_share,1,0.415084,0.408667,0.419250,25
0,64,16,16,gk_share_vals,1,0.338417,0.328375,0.343083,25
0,64,16,16,cpu,1,0.157375,0.153542,0.161208,25
0,4,512,32,jacobi,1,0.575459,0.548291,1.214208,25
0,4,512,32,block,1,2.790708,2.750958,2.890375,25
0,4,512,32,qr,1,0.664208,0.644875,0.681542,25
0,4,512,32,qrblock,1,2.096791,2.030917,2.164208,25
0,4,512,32,gk,1,1.151708,1.102417,1.186167,25
0,4,512,32,gk_vals,1,0.689500,0.686500,0.702750,25
0,4,512,32,cpu_vals,1,0.126625,0.123458,0.129291,25
0,4,512,32,cpu,1,0.217750,0.214792,0.219875,25
0,1024,2048,64,jacobi,1,1340.853250,1339.987938,1346.006041,3
0,1024,2048,64,block,1,211.976750,208.087708,220.351833,5
0,1024,2048,64,qr,1,128.911542,127.892125,129.027292,5
0,1024,2048,64,qrblock,1,113.559083,110.481833,127.848083,5
0,1024,2048,64,gk,1,103.788375,102.559541,104.554125,5
0,1024,2048,64,gk_vals,1,67.754292,66.984208,68.340459,5
0,1024,2048,64,cpu_vals,1,63.012792,62.966959,63.190583,5
0,1024,2048,64,gk_share,1,74.297416,73.150667,76.655625,5
0,1024,2048,64,gk_share_vals,1,36.417958,36.410750,36.717458,5
0,1024,2048,64,cpu,1,125.724875,125.379875,125.765125,5
0,256,64,8,jacobi,1,0.611833,0.311166,0.793583,25
0,256,64,8,qr,1,0.637333,0.612041,0.689083,25
0,256,64,8,gk,1,0.226667,0.217375,0.243583,25
0,256,64,8,gk_vals,1,0.175041,0.172250,0.180792,25
0,256,64,8,cpu_vals,1,0.186291,0.179167,0.190709,25
0,256,64,8,gk_share,1,0.344334,0.316666,0.356000,25
0,256,64,8,gk_share_vals,1,0.304542,0.289250,0.313916,25
0,256,64,8,cpu,1,0.248084,0.244083,0.257334,25
0,256,256,128,jacobi,1,131.032375,126.214708,133.904542,5
0,256,256,128,block,1,56.387041,56.029291,56.486375,5
0,256,256,128,qr,1,114.495791,114.102417,115.601042,5
0,256,256,128,qrblock,1,47.366667,47.346084,47.435334,5
0,256,256,128,cpu,1,32.074917,31.824042,32.167917,5
0,256,256,128,bidiag,1,701.342042,697.968501,701.568000,3
0,256,256,128,bidiag_vals,1,484.196042,480.900229,484.379917,3
0,256,256,128,cpu_vals,1,17.595333,17.499292,17.734375,9
0,4096,8,8,jacobi,1,1.139125,1.128000,1.324375,25
0,4096,8,8,gk,1,0.783333,0.761208,0.819583,25
0,4096,8,8,gk_vals,1,0.446875,0.438750,0.478416,25
0,4096,8,8,cpu_vals,1,0.809083,0.798583,0.831709,25
0,4096,8,8,gk_share,1,0.910375,0.816208,0.931333,25
0,4096,8,8,gk_share_vals,1,0.583333,0.573333,0.597166,25
0,4096,8,8,cpu,1,1.382750,1.372709,1.390667,25
0,1024,128,32,jacobi,1,8.338772,8.225979,8.683604,18
0,1024,128,32,block,1,8.717520,8.521042,8.872063,18
0,1024,128,32,qr,1,7.888417,7.823771,8.001521,19
0,1024,128,32,qrblock,1,7.762792,7.666167,7.855729,20
0,1024,128,32,gk,1,5.818416,5.800833,5.850459,25
0,1024,128,32,gk_vals,1,3.576083,3.522125,3.657083,25
0,1024,128,32,cpu_vals,1,2.575625,2.417542,2.890500,25
0,1024,128,32,gk_share,1,3.824417,3.776875,3.954750,25
0,1024,128,32,gk_share_vals,1,1.896041,1.881667,1.942667,25
0,1024,128,32,cpu,1,6.523083,6.440354,6.687083,23
0,4,1536,1536,cpu,1,228.588291,228.166792,231.014792,5
0,4,1536,1536,bidiag,1,224.797000,224.002000,224.963875,5
0,4,1536,1536,bidiag_vals,1,176.348584,174.125500,177.971500,5
0,4,1536,1536,cpu_vals,1,125.016500,121.966792,130.689458,5
0,4,1536,1536,band,1,206.998208,204.307583,207.000791,5
0,4,1536,1536,band8_vals,1,113.781375,113.286542,114.740625,5
0,4,1536,1536,band_vals,1,106.844000,104.549416,107.433292,5
0,4,1536,1536,band32_vals,1,157.104500,156.784541,158.152375,5
0,64,2048,64,jacobi,1,85.900292,85.588125,86.269416,5
0,64,2048,64,block,1,19.085667,18.980000,19.200562,8
0,64,2048,64,qr,1,8.161500,8.013000,8.243854,19
0,64,2048,64,qrblock,1,8.875541,8.796750,8.981791,17
0,64,2048,64,gk,1,7.988583,7.885917,8.102479,19
0,64,2048,64,gk_vals,1,5.864000,5.806542,5.965375,25
0,64,2048,64,cpu_vals,1,4.979875,4.792834,5.232083,25
0,64,2048,64,gk_share,1,7.343792,7.062000,7.559667,21
0,64,2048,64,gk_share_vals,1,5.261083,5.119209,5.383958,25
0,64,2048,64,cpu,1,9.157333,9.006875,9.539792,17
0,1,56,56,jacobi,1,0.807625,0.774709,0.861042,25
0,1,56,56,block,1,2.443125,2.381750,2.568167,25
0,1,56,56,gk,1,1.295875,1.264333,1.312916,25
0,1,56,56,gk_vals,1,0.992042,0.963417,1.038000,25
0,1,56,56,cpu_vals,1,0.050833,0.048792,0.051417,25
0,1,56,56,cpu,1,0.135417,0.135125,0.136000,25
0,1024,64,64,jacobi,1,48.607584,48.480209,50.916084,5
0,1024,64,64,block,1,28.624084,28.573771,29.041209,6
0,1024,64,64,gk,1,16.142604,15.819979,16.220156,10
0,1024,64,64,gk_vals,1,7.688146,7.592125,7.782208,20
0,1024,64,64,cpu_vals,1,4.900542,4.826333,5.108417,25
0,1024,64,64,gk_share,1,8.500687,8.466437,8.682021,18
0,1024,64,64,gk_share_vals,1,3.788625,3.772541,3.861750,25
0,1024,64,64,cpu,1,14.320375,14.118021,14.461396,11
0,16,256,32,jacobi,1,0.519208,0.421583,1.498458,25
0,16,256,32,block,1,2.291208,2.235625,2.385667,25
0,16,256,32,qr,1,0.741541,0.726000,0.757541,25
0,16,256,32,qrblock,1,2.235542,2.174208,2.293292,25
0,16,256,32,gk,1,1.239708,1.202375,1.269792,25
0,16,256,32,gk_vals,1,0.756583,0.734500,0.765625,25
0,16,256,32,cpu_vals,1,0.181333,0.153417,0.577666,25
0,16,256,32,cpu,1,0.278500,0.239042,0.317500,25
0,1,64,16,jacobi,1,0.266458,0.260000,0.288458,25
0,1,64,16,qr,1,0.485833,0.467000,0.512250,25
0,1,64,16,gk,1,0.335375,0.321084,0.344416,25
0,1,64,16,gk_vals,1,0.255583,0.248542,0.268584,25
0,1,64,16,cpu_vals,1,0.010959,0.010833,0.011375,25
0,1,64,16,cpu,1,0.031625,0.031416,0.033000,25
0,4096,512,64,jacobi,1,544.047042,536.972041,547.995437,3
0,4096,512,64,block,1,285.777417,273.812375,287.185125,5
0,4096,512,64,qr,1,234.001583,233.763250,235.672250,5
0,4096,512,64,qrblock,1,164.979333,164.842208,170.607583,5
0,4096,512,64,gk,1,141.327917,140.444458,157.119083,5
0,4096,512,64,gk_vals,0,0.000000,0.000000,0.000000,0
0,4096,512,64,cpu_vals,1,72.267209,71.911458,72.514750,5
0,4096,512,64,gk_share,1,81.214042,81.058584,87.136875,5
0,4096,512,64,gk_share_vals,1,38.846292,37.992334,38.910250,5
0,4096,512,64,cpu,1,153.185458,152.083000,154.528625,5
0,1,24,24,jacobi,1,0.735667,0.670625,0.798459,25
0,1,24,24,gk,1,0.438500,0.433209,0.476166,25
0,1,24,24,gk_vals,1,0.315334,0.306209,0.329375,25
0,1,24,24,cpu_vals,1,0.012958,0.012625,0.013250,25
0,1,24,24,cpu,1,0.033375,0.033250,0.033583,25
0,4,64,32,jacobi,1,0.531291,0.359291,1.040000,25
0,4,64,32,block,1,2.087500,1.971875,2.140458,25
0,4,64,32,qr,1,0.528333,0.517500,0.546292,25
0,4,64,32,qrblock,1,2.161750,2.085500,2.228208,25
0,4,64,32,gk,1,0.733125,0.697584,0.772667,25
0,4,64,32,gk_vals,1,0.487791,0.463333,0.498625,25
0,4,64,32,cpu_vals,1,0.049291,0.042250,0.052417,25
0,4,64,32,cpu,1,0.089292,0.086583,0.092000,25
0,256,512,64,jacobi,1,33.652958,33.499000,34.236875,5
0,256,512,64,block,1,18.631708,18.548041,18.644166,9
0,256,512,64,qr,1,15.102875,13.630562,16.119354,11
0,256,512,64,qrblock,1,11.391604,11.310948,11.561865,14
0,256,512,64,gk,1,9.861979,9.781104,10.032385,16
0,256,512,64,gk_vals,1,5.192959,5.119583,5.298250,25
0,256,512,64,cpu_vals,1,5.480250,5.395667,5.601916,25
0,256,512,64,gk_share,1,7.107500,6.813417,8.551438,20
0,256,512,64,gk_share_vals,1,4.637333,4.333875,5.192625,25
0,256,512,64,cpu,1,11.228020,11.141260,11.343875,14
0,4096,256,64,jacobi,1,318.132500,317.510625,321.709292,3
0,4096,256,64,block,1,170.711125,170.142500,170.921375,5
0,4096,256,64,qr,1,213.391625,212.884333,221.958084,5
0,4096,256,64,qrblock,1,131.318458,130.239583,132.602833,5
0,4096,256,64,gk,1,101.100125,100.635750,101.375792,5
0,4096,256,64,gk_vals,0,0.000000,0.000000,0.000000,0
0,4096,256,64,cpu_vals,1,39.752542,39.692750,41.529750,5
0,4096,256,64,gk_share,1,59.810500,59.744125,60.222625,5
0,4096,256,64,gk_share_vals,1,26.063791,25.788635,26.393386,6
0,4096,256,64,cpu,1,102.120542,96.973416,103.128416,5
0,256,32,16,jacobi,1,0.513375,0.487292,0.581333,25
0,256,32,16,qr,1,0.972083,0.943625,1.011750,25
0,256,32,16,gk,1,0.346708,0.332083,0.354334,25
0,256,32,16,gk_vals,1,0.255667,0.249917,0.262291,25
0,256,32,16,cpu_vals,1,0.266541,0.243459,0.641916,25
0,256,32,16,gk_share,1,0.478541,0.446500,0.493083,25
0,256,32,16,gk_share_vals,1,0.389167,0.364584,0.397250,25
0,256,32,16,cpu,1,0.527625,0.514375,0.539708,25
0,4096,512,32,jacobi,1,157.320417,155.861000,158.785875,5
0,4096,512,32,block,1,77.775166,76.641542,77.970000,5
0,4096,512,32,qr,1,45.724500,45.339458,46.127750,5
0,4096,512,32,qrblock,1,44.014542,43.931208,44.307459,5
0,4096,512,32,gk,1,34.767500,34.496958,35.143167,5
0,4096,512,32,gk_vals,1,16.912083,16.871166,17.079292,9
0,4096,512,32,cpu_vals,1,23.331208,23.001167,23.493333,7
0,4096,512,32,gk_share,1,33.449250,31.514458,33.469000,5
0,4096,512,32,gk_share_vals,1,13.072625,12.650000,13.487791,12
0,4096,512,32,cpu,1,46.185000,45.426291,47.132708,5
0,4096,128,16,jacobi,1,6.870708,6.833740,6.948291,22
0,4096,128,16,qr,1,7.191458,7.026416,7.379875,21
0,4096,128,16,gk,1,5.523750,5.481292,5.704750,25
0,4096,128,16,gk_vals,1,2.590416,2.559750,2.761959,25
0,4096,128,16,cpu_vals,1,3.768167,3.689542,3.812917,25
0,4096,128,16,gk_share,1,4.713042,4.610417,5.009500,25
0,4096,128,16,gk_share_vals,1,2.770458,2.693958,2.846667,25
0,4096,128,16,cpu,1,8.712000,8.630000,8.832531,18
0,4,512,512,jacobi,1,329.129667,327.877750,330.031146,3
0,4,512,512,block,1,49.676834,49.631541,49.723917,5
0,4,512,512,cpu,1,18.640875,18.371417,18.748208,9
0,4,512,512,bidiag,1,41.559084,41.234083,41.644958,5
0,4,512,512,bidiag_vals,1,31.606166,31.507875,31.689917,5
0,4,512,512,cpu_vals,1,9.160167,8.883958,9.376834,17
0,4,512,512,band,1,46.324417,46.249042,47.015542,5
0,4,512,512,band8_vals,1,25.202312,24.997459,25.221979,6
0,4,512,512,band_vals,1,26.676646,26.428968,26.922760,6
0,4,512,512,band32_vals,1,41.358625,40.576375,41.436750,5
0,4096,48,48,jacobi,1,72.209166,69.938625,72.301959,5
0,4096,48,48,block,1,97.778458,97.654917,97.874334,5
0,4096,48,48,gk,1,24.820833,24.665146,24.910833,7
0,4096,48,48,gk_vals,0,0.000000,0.000000,0.000000,0
0,4096,48,48,cpu_vals,1,10.738854,10.710667,10.813531,14
0,4096,48,48,gk_share,1,16.230229,16.202489,16.377500,10
0,4096,48,48,gk_share_vals,1,6.662000,6.521885,6.876073,22
0,4096,48,48,cpu,1,33.906375,33.696417,34.589584,5
0,64,256,8,jacobi,1,0.581458,0.460209,0.856250,25
0,64,256,8,qr,1,0.593875,0.543125,0.610542,25
0,64,256,8,gk,1,0.230000,0.218167,0.243167,25
0,64,256,8,gk_vals,1,0.185292,0.172417,0.195250,25
0,64,256,8,cpu_vals,1,0.179875,0.160958,0.305041,25
0,64,256,8,gk_share,1,0.323875,0.319583,0.332792,25
0,64,256,8,gk_share_vals,1,0.286000,0.274125,0.295334,25
0,64,256,8,cpu,1,0.180750,0.175292,0.195375,25
0,1024,24,24,jacobi,1,3.306625,3.283333,3.389833,25
0,1024,24,24,gk,1,1.572291,1.550541,1.616917,25
0,1024,24,24,gk_vals,1,0.769334,0.752833,0.811542,25
0,1024,24,24,cpu_vals,1,0.876917,0.838125,0.908375,25
0,1024,24,24,gk_share,1,1.344833,1.311625,1.378042,25
0,1024,24,24,gk_share_vals,1,0.853416,0.840209,0.880709,25
0,1024,24,24,cpu,1,2.433917,2.408791,2.457416,25
0,4096,32,8,jacobi,1,1.184375,1.133416,1.244458,25
0,4096,32,8,qr,1,1.901958,1.856916,1.935042,25
0,4096,32,8,gk,1,1.054875,1.035042,1.091709,25
0,4096,32,8,gk_vals,1,0.520083,0.506666,0.542708,25
0,4096,32,8,cpu_vals,1,1.140833,1.094375,1.724667,25
0,4096,32,8,gk_share,1,1.098834,1.077959,1.223792,25
0,4096,32,8,gk_share_vals,1,0.747125,0.735042,0.782041,25
0,4096,32,8,cpu,1,2.076917,1.984875,2.521959,25
0,4,512,256,jacobi,1,47.194958,47.147208,47.435667,5
0,4,512,256,block,1,14.333709,14.170687,14.427958,11
0,4,512,256,qr,1,32.455375,32.376958,32.509250,5
0,4,512,256,qrblock,1,14.415542,14.313146,14.525188,11
0,4,512,256,cpu,1,5.798208,5.723083,6.013250,25
0,4,512,256,bidiag,1,27.893312,27.769489,27.971479,6
0,4,512,256,bidiag_vals,1,22.346625,22.035438,22.493021,7
0,4,512,256,cpu_vals,1,2.878708,2.809458,3.000709,25
0,256,1024,256,jacobi,1,4130.628458,4128.108292,4148.023104,3
0,256,1024,256,block,1,669.361875,668.785375,674.603959,3
0,256,1024,256,qr,1,1089.974000,1089.310104,1091.114167,3
0,256,1024,256,qrblock,1,368.445125,363.548875,380.826125,3
0,256,1024,256,cpu,1,161.364083,159.059834,162.100375,5
0,64,1024,32,jacobi,1,7.767729,7.710073,7.889083,20
0,64,1024,32,block,1,5.539958,5.438500,5.626959,25
0,64,1024,32,qr,1,1.842750,1.783333,1.878375,25
0,64,1024,32,qrblock,1,3.106667,3.011375,3.211833,25
0,64,1024,32,gk,1,2.073292,2.028292,2.137416,25
0,64,1024,32,gk_vals,1,1.250083,1.217583,1.317417,25
0,64,1024,32,cpu_vals,1,1.321500,0.907875,1.403334,25
0,64,1024,32,gk_share,1,2.212916,2.133833,2.462709,25
0,64,1024,32,gk_share_vals,1,1.344791,1.300416,1.545875,25
0,64,1024,32,cpu,1,2.072916,1.690542,2.133708,25
0,4,512,16,jacobi,1,0.547333,0.402958,0.606333,25
0,4,512,16,qr,1,0.477000,0.468791,0.497875,25
0,4,512,16,gk,1,0.604667,0.593208,0.616250,25
0,4,512,16,gk_vals,1,0.330209,0.327792,0.333125,25
0,4,512,16,cpu_vals,1,0.059584,0.057666,0.060667,25
0,4,512,16,cpu,1,0.090333,0.088542,0.091792,25
0,1024,256,128,jacobi,1,525.998791,523.375708,528.534000,3
0,1024,256,128,block,1,222.089208,220.432333,222.690125,5
0,1024,256,128,qr,1,465.728583,460.216125,465.830062,3
0,1024,256,128,qrblock,1,189.542083,187.170458,191.073167,5
0,1024,256,128,cpu,1,119.731041,118.427042,124.069583,5
0,16,512,512,jacobi,1,979.990542,973.333666,980.039000,3
0,16,512,512,block,1,165.695667,165.544500,165.975500,5
0,16,512,512,cpu,1,28.362083,28.133729,28.412656,6
0,16,512,512,bidiag,1,162.677166,160.295709,164.113541,5
0,16,512,512,bidiag_vals,1,120.754708,120.680250,121.068792,5
0,16,512,512,cpu_vals,1,15.988542,15.540094,17.053427,10
0,16,512,512,band,1,184.500625,184.310458,185.936541,5
0,16,512,512,band8_vals,1,90.316541,90.189709,90.461708,5
0,16,512,512,band_vals,1,96.465250,96.417833,96.986583,5
0,16,512,512,band32_vals,1,153.887250,152.495583,155.116542,5
0,1024,8,8,jacobi,1,0.420792,0.393875,0.492625,25
0,1024,8,8,gk,1,0.303959,0.297667,0.314125,25
0,1024,8,8,gk_vals,1,0.230125,0.216125,0.244292,25
0,1024,8,8,cpu_vals,1,0.260667,0.254958,0.620834,25
0,1024,8,8,gk_share,1,0.539417,0.520542,0.585709,25
0,1024,8,8,gk_share_vals,1,0.345375,0.334292,0.395167,25
0,1024,8,8,cpu,1,0.425375,0.394500,0.629750,25
0,16,64,8,jacobi,1,0.163167,0.152292,0.177667,25
0,16,64,8,qr,1,0.399334,0.381417,0.419292,25
0,16,64,8,gk,1,0.191375,0.187750,0.202292,25
0,16,64,8,gk_vals,1,0.167042,0.156417,0.188833,25
0,16,64,8,cpu_vals,1,0.051250,0.039959,0.066750,25
0,16,64,8,cpu,1,0.063708,0.056500,0.124500,25
0,4,32,16,jacobi,1,0.189500,0.178041,0.216250,25
0,4,32,16,qr,1,0.411000,0.407167,0.426791,25
0,4,32,16,gk,1,0.286709,0.278833,0.292875,25
0,4,32,16,gk_vals,1,0.245458,0.235416,0.262000,25
0,4,32,16,cpu_vals,1,0.021792,0.021291,0.022708,25
0,4,32,16,cpu,1,0.036000,0.035042,0.036875,25
0,64,96,96,jacobi,1,7.619271,7.529718,7.735875,20
0,64,96,96,block,1,8.162208,8.052771,8.268959,19
0,64,96,96,cpu,1,2.873459,2.851625,2.896792,25
0,1024,128,8,jacobi,1,0.704292,0.638584,0.758958,25
0,1024,128,8,qr,1,1.145417,1.105291,1.181916,25
0,1024,128,8,gk,1,0.736500,0.699834,0.748458,25
0,1024,128,8,gk_vals,1,0.337958,0.325750,0.354375,25
0,1024,128,8,cpu_vals,1,0.789125,0.455333,1.076000,25
0,1024,128,8,gk_share,1,0.717375,0.704375,0.748500,25
0,1024,128,8,gk_share_vals,1,0.559000,0.543792,0.594667,25
0,1024,128,8,cpu,1,0.834334,0.758958,0.893833,25
0,1,96,96,jacobi,1,2.124291,2.103958,2.146000,25
0,1,96,96,block,1,4.054500,3.907042,4.232667,25
0,1,96,96,cpu,1,0.532542,0.530167,0.541916,25
0,4096,256,32,jacobi,1,69.441208,67.584250,71.449209,5
0,4096,256,32,block,1,46.271000,45.658166,46.710041,5
0,4096,256,32,qr,1,31.548959,31.517125,31.596834,5
0,4096,256,32,qrblock,1,32.221542,32.059167,32.644792,5
0,4096,256,32,gk,1,22.738042,22.444396,22.802583,7
0,4096,256,32,gk_vals,1,11.336709,11.290291,11.407594,14
0,4096,256,32,cpu_vals,1,14.608000,14.445625,14.682334,11
0,4096,256,32,gk_share,1,17.475792,17.071334,17.819458,9
0,4096,256,32,gk_share_vals,1,8.501958,8.276697,8.732458,18
0,4096,256,32,cpu,1,30.863875,30.478125,31.366292,5
0,1,3072,3072,cpu,1,1387.822125,1381.002687,1396.657563,3
0,1,3072,3072,bidiag,1,363.495292,357.747167,371.816063,3
0,1,3072,3072,bidiag_vals,1,298.356875,298.176625,299.187041,3
0,1,3072,3072,cpu_vals,1,786.356167,783.613313,787.434688,3
0,1,3072,3072,band,1,170.115084,170.109625,170.602584,5
0,1,3072,3072,band8_vals,1,147.031834,146.591542,148.202875,5
0,1,3072,3072,band_vals,1,106.659666,106.482834,106.914958,5
0,1,3072,3072,band32_vals,1,133.623958,132.451083,135.147917,5
0,256,48,48,jacobi,1,4.796958,4.751875,4.910875,25
0,256,48,48,block,1,7.688063,7.606011,7.768219,20
0,256,48,48,gk,1,2.146875,2.131916,2.183584,25
0,256,48,48,gk_vals,1,1.175208,1.149875,1.193000,25
0,256,48,48,cpu_vals,1,0.760250,0.730625,0.788166,25
0,256,48,48,gk_share,1,1.342166,1.333208,1.358708,25
0,256,48,48,gk_share_vals,1,1.052292,1.021625,1.082500,25
0,256,48,48,cpu,1,2.232875,2.199292,2.306791,25
0,256,2048,256,qr,1,1207.764709,1184.946854,1212.131563,3
0,256,2048,256,qrblock,1,464.554917,464.513688,473.176667,3
0,256,2048,256,cpu,1,268.777833,268.652958,269.368333,5
0,16,512,64,jacobi,1,2.149084,2.130709,2.195458,25
0,16,512,64,block,1,4.159167,4.133750,4.210167,25
0,16,512,64,qr,1,1.969000,1.916375,1.997125,25
0,16,512,64,qrblock,1,3.772458,3.685958,3.857792,25
0,16,512,64,gk,1,3.188333,3.157875,3.229750,25
0,16,512,64,gk_vals,1,2.427208,2.405709,2.454625,25
0,16,512,64,cpu_vals,1,0.550375,0.500500,0.586334,25
0,16,512,64,cpu,1,0.939959,0.919417,1.195125,25
0,1,1280,1280,cpu,1,101.870125,101.745208,102.290000,5
0,1,1280,1280,bidiag,1,48.636542,47.681834,48.861916,5
0,1,1280,1280,bidiag_vals,1,32.874167,32.620125,32.965459,5
0,1,1280,1280,cpu_vals,1,49.020417,48.976458,49.043208,5
0,1,1280,1280,band,1,37.546333,37.161500,37.791791,5
0,1,1280,1280,band8_vals,1,27.749187,27.562958,28.101699,6
0,1,1280,1280,band_vals,1,26.364792,25.874730,26.653104,6
0,1,1280,1280,band32_vals,1,37.563208,37.461625,37.715792,5
0,4096,2048,64,qr,1,574.313958,567.275291,612.268791,3
0,4096,2048,64,qrblock,1,492.480916,483.806708,558.254937,3
0,4096,2048,64,gk,1,568.848500,502.491271,572.402104,3
0,4096,2048,64,gk_vals,0,0.000000,0.000000,0.000000,0
0,4096,2048,64,cpu_vals,1,242.645542,242.320125,243.152708,5
0,4096,2048,64,gk_share,1,367.535000,350.649355,458.228958,3
0,4096,2048,64,gk_share_vals,1,144.692417,143.363916,150.987875,5
0,4096,2048,64,cpu,1,489.142666,487.606249,491.817958,3
0,1024,256,32,jacobi,1,18.451416,17.683875,19.120250,9
0,1024,256,32,block,1,13.335687,13.175604,13.623750,12
0,1024,256,32,qr,1,9.315333,9.056375,9.387333,17
0,1024,256,32,qrblock,1,9.840083,9.653427,10.070469,16
0,1024,256,32,gk,1,6.217542,6.109750,6.310750,25
0,1024,256,32,gk_vals,1,3.448958,3.335250,3.514125,25
0,1024,256,32,cpu_vals,1,3.827084,3.789541,3.934500,25
0,1024,256,32,gk_share,1,7.634375,6.681375,7.872584,21
0,1024,256,32,gk_share_vals,1,3.725458,3.377208,3.848958,25
0,1024,256,32,cpu,1,8.351375,8.190093,8.464843,18
0,16,128,8,jacobi,1,0.339292,0.314417,0.374042,25
0,16,128,8,qr,1,0.429625,0.416292,0.442334,25
0,16,128,8,gk,1,0.189125,0.184625,0.204708,25
0,16,128,8,gk_vals,1,0.171208,0.161584,0.179166,25
0,16,128,8,cpu_vals,1,0.076166,0.056708,0.077250,25
0,16,128,8,cpu,1,0.113250,0.083083,0.147167,25
0,64,128,32,jacobi,1,0.975875,0.913042,1.041250,25
0,64,128,32,block,1,2.193083,2.102500,2.242542,25
0,64,128,32,qr,1,1.112666,1.081791,1.161375,25
0,64,128,32,qrblock,1,2.316625,2.290250,2.393208,25
0,64,128,32,gk,1,0.859833,0.809084,0.908667,25
0,64,128,32,gk_vals,1,0.542333,0.526625,0.557583,25
0,64,128,32,cpu_vals,1,0.278833,0.254583,0.589333,25
0,64,128,32,gk_share,1,0.942458,0.905625,0.959916,25
0,64,128,32,gk_share_vals,1,0.643209,0.630625,0.680875,25
0,64,128,32,cpu,1,0.481667,0.474667,0.605208,25
0,4,32,8,jacobi,1,0.216209,0.201250,0.250625,25
0,4,32,8,qr,1,0.383625,0.369542,0.394917,25
0,4,32,8,gk,1,0.196375,0.179792,0.217750,25
0,4,32,8,gk_vals,1,0.165917,0.153958,0.186834,25
0,4,32,8,cpu_vals,1,0.017958,0.017500,0.019000,25
0,4,32,8,cpu,1,0.021667,0.021125,0.022583,25
0,256,64,64,jacobi,1,12.177667,11.340625,13.200375,13
0,256,64,64,block,1,9.030667,8.903041,9.077250,17
0,256,64,64,gk,1,4.769334,4.713500,4.845417,25
0,256,64,64,gk_vals,1,2.334792,2.321250,2.367459,25
0,256,64,64,cpu_vals,1,1.311125,1.281583,1.780875,25
0,256,64,64,gk_share,1,3.159250,3.105792,3.257125,25
0,256,64,64,gk_share_vals,1,1.998708,1.942750,2.116791,25
0,256,64,64,cpu,1,3.597875,3.534833,4.081583,25
0,4096,32,16,jacobi,1,4.621667,4.496208,4.750250,25
0,4096,32,16,qr,1,5.664250,5.542541,5.810834,25
0,4096,32,16,gk,1,2.715375,2.702459,2.871833,25
0,4096,32,16,gk_vals,1,1.353333,1.331625,1.371375,25
0,4096,32,16,cpu_vals,1,2.458834,2.397750,2.884125,25
0,4096,32,16,gk_share,1,2.678208,2.661083,2.853333,25
0,4096,32,16,gk_share_vals,1,1.369000,1.326625,1.418834,25
0,4096,32,16,cpu,1,6.951104,6.735469,7.241281,22
0,16,48,48,jacobi,1,0.734709,0.688542,0.744500,25
0,16,48,48,block,1,2.867958,2.795375,2.998458,25
0,16,48,48,gk,1,1.076750,1.051958,1.088541,25
0,16,48,48,gk_vals,1,0.834041,0.805917,0.870500,25
0,16,48,48,cpu_vals,1,0.154750,0.144791,0.158417,25
0,16,48,48,cpu,1,0.264000,0.257334,0.282292,25
0,4,256,8,jacobi,1,0.243625,0.227792,0.274708,25
0,4,256,8,qr,1,0.397917,0.382459,0.424916,25
0,4,256,8,gk,1,0.204417,0.187791,0.211959,25
0,4,256,8,gk_vals,1,0.169166,0.161917,0.194792,25
0,4,256,8,cpu_vals,1,0.023792,0.023417,0.026000,25
0,4,256,8,cpu,1,0.035458,0.034375,0.036584,25
0,64,512,256,jacobi,1,494.457792,489.910042,495.856437,3
0,64,512,256,block,1,104.936541,104.865041,105.099542,5
0,64,512,256,qr,1,284.719458,284.546250,284.990583,5
0,64,512,256,qrblock,1,81.115792,80.430708,82.198083,5
0,64,512,256,cpu,1,30.575667,30.211459,30.653500,5
0,64,512,256,bidiag,1,438.641625,438.338521,442.867521,3
0,64,512,256,bidiag_vals,1,342.317250,338.060355,342.973230,3
0,64,512,256,cpu_vals,1,14.784250,14.659562,14.897750,11
0,64,1024,256,jacobi,1,1009.489209,1005.502146,1011.072250,3
0,64,1024,256,block,1,170.617875,169.853875,171.010459,5
0,64,1024,256,qr,1,285.612167,285.497666,285.781500,5
0,64,1024,256,qrblock,1,89.138625,88.751042,89.801458,5
0,64,1024,256,cpu,1,41.387333,41.219333,42.189708,5
0,64,1024,256,bidiag,1,452.616292,452.404876,455.543292,3
0,64,1024,256,bidiag_vals,1,356.897084,356.318334,357.295397,3
0,64,1024,256,cpu_vals,1,19.161875,18.971427,19.460927,8
0,1,1024,32,jacobi,1,0.886375,0.852667,0.932708,25
0,1,1024,32,block,1,4.248625,4.178041,4.360292,25
0,1,1024,32,qr,1,0.673416,0.659709,0.688041,25
0,1,1024,32,qrblock,1,2.131667,2.083000,2.301542,25
0,1,1024,32,gk,1,1.132459,1.106291,1.174792,25
0,1,1024,32,gk_vals,1,0.699667,0.692375,0.720250,25
0,1,1024,32,cpu_vals,1,0.110292,0.104834,0.111708,25
0,1,1024,32,cpu,1,0.208417,0.203917,0.211125,25
0,64,32,8,jacobi,1,0.177667,0.161958,0.195041,25
0,64,32,8,qr,1,0.462375,0.448666,0.484708,25
0,64,32,8,gk,1,0.196667,0.186000,0.201750,25
0,64,32,8,gk_vals,1,0.173875,0.159166,0.184083,25
0,64,32,8,cpu_vals,1,0.108542,0.091041,0.230250,25
0,64,32,8,gk_share,1,0.303833,0.298167,0.309375,25
0,64,32,8,gk_share_vals,1,0.279334,0.273541,0.283083,25
0,64,32,8,cpu,1,0.121541,0.117292,0.131417,25
0,16,64,16,jacobi,1,0.465083,0.410042,0.499417,25
0,16,64,16,qr,1,0.463584,0.454792,0.487083,25
0,16,64,16,gk,1,0.305666,0.299542,0.328208,25
0,16,64,16,gk_vals,1,0.253375,0.242834,0.262084,25
0,16,64,16,cpu_vals,1,0.084125,0.072375,0.116458,25
0,16,64,16,cpu,1,0.110667,0.105750,0.122459,25
0,256,16,8,jacobi,1,0.528625,0.500834,0.564292,25
0,256,16,8,qr,1,0.532000,0.521833,0.570167,25
0,256,16,8,gk,1,0.199917,0.194709,0.215542,25
0,256,16,8,gk_vals,1,0.171833,0.165500,0.190208,25
0,256,16,8,cpu_vals,1,0.155417,0.150458,0.159792,25
0,256,16,8,gk_share,1,0.351959,0.337833,0.362958,25
0,256,16,8,gk_share_vals,1,0.320334,0.307167,0.327292,25
0,256,16,8,cpu,1,0.211125,0.201833,0.228917,25
0,16,1024,64,jacobi,1,5.113208,5.008916,5.193708,25
0,16,1024,64,block,1,6.241021,6.139083,6.367313,24
0,16,1024,64,qr,1,2.700417,2.656500,2.789417,25
0,16,1024,64,qrblock,1,4.407000,4.325750,4.559708,25
0,16,1024,64,gk,1,3.862916,3.816417,3.921541,25
0,16,1024,64,gk_vals,1,3.030625,2.965000,3.458833,25
0,16,1024,64,cpu_vals,1,0.866792,0.810750,1.304292,25
0,16,1024,64,cpu,1,1.545625,1.506708,1.990125,25
0,64,32,16,jacobi,1,0.786041,0.742667,1.053209,25
0,64,32,16,qr,1,0.568708,0.551625,0.579084,25
0,64,32,16,gk,1,0.316959,0.299375,0.327042,25
0,64,32,16,gk_vals,1,0.245500,0.240917,0.260625,25
0,64,32,16,cpu_vals,1,0.137292,0.130459,0.147167,25
0,64,32,16,gk_share,1,0.431125,0.427959,0.442083,25
0,64,32,16,gk_share_vals,1,0.351792,0.342875,0.356708,25
0,64,32,16,cpu,1,0.201500,0.195041,0.207666,25
0,4096,80,80,jacobi,1,413.200708,412.458083,415.109250,3
0,4096,80,80,block,1,308.944000,305.556334,311.201875,3
0,4096,80,80,gk,1,139.393541,136.994833,139.708417,5
0,4096,80,80,gk_vals,1,58.721458,58.681875,59.700625,5
0,4096,80,80,cpu_vals,1,53.904667,53.594958,54.257208,5
0,4096,80,80,gk_share,1,63.927916,63.714083,65.249750,5
0,4096,80,80,gk_share_vals,1,32.375583,32.353667,33.620250,5
0,4096,80,80,cpu,1,100.125791,98.014583,100.693333,5
0,256,128,8,jacobi,1,0.824833,0.747417,1.100875,25
0,256,128,8,qr,1,0.676542,0.659041,0.696208,25
0,256,128,8,gk,1,0.285167,0.276833,0.291167,25
0,256,128,8,gk_vals,1,0.199792,0.197042,0.204041,25
0,256,128,8,cpu_vals,1,0.218583,0.189209,0.592459,25
0,256,128,8,gk_share,1,0.384250,0.377208,0.400041,25
0,256,128,8,gk_share_vals,1,0.325000,0.302000,0.336209,25
0,256,128,8,cpu,1,0.287541,0.280750,0.298916,25
0,4096,4,4,jacobi,1,0.389333,0.343459,1.044375,25
0,4096,4,4,gk,1,0.360208,0.345333,0.366083,25
0,4096,4,4,gk_vals,1,0.249833,0.229542,0.264250,25
0,4096,4,4,cpu_vals,1,0.528833,0.457875,0.578125,25
0,4096,4,4,gk_share,1,0.527292,0.515833,0.554375,25
0,4096,4,4,gk_share_vals,1,0.482041,0.469875,0.507500,25
0,4096,4,4,cpu,1,0.641208,0.629375,0.667000,25
0,64,128,128,jacobi,1,32.730875,32.097875,33.050458,5
0,64,128,128,block,1,14.511542,14.485375,14.650730,11
0,64,128,128,cpu,1,5.964667,5.889500,6.236625,25
0,64,128,128,bidiag,1,154.263042,152.919375,154.386750,5
0,64,128,128,bidiag_vals,1,101.687958,101.551375,102.001292,5
0,64,128,128,cpu_vals,1,3.944792,3.882500,4.372792,25
0,256,512,32,jacobi,1,10.262542,9.849187,10.474291,15
0,256,512,32,block,1,7.446875,7.262583,7.695792,21
0,256,512,32,qr,1,3.588292,3.552375,3.634625,25
0,256,512,32,qrblock,1,4.630500,4.563334,4.693875,25
0,256,512,32,gk,1,2.846584,2.786292,2.897000,25
0,256,512,32,gk_vals,1,1.713750,1.655084,1.943708,25
0,256,512,32,cpu_vals,1,1.903291,1.694458,1.998625,25
0,256,512,32,gk_share,1,2.561291,2.478917,2.764917,25
0,256,512,32,gk_share_vals,1,1.700416,1.519916,2.246209,25
0,256,512,32,cpu,1,3.634084,3.535250,3.726416,25
0,16,384,384,jacobi,1,244.706167,244.624583,245.545625,5
0,16,384,384,block,1,67.798792,67.703458,67.841292,5
0,16,384,384,cpu,1,12.900834,12.817114,12.933968,12
0,16,384,384,bidiag,1,115.692959,113.585042,117.068750,5
0,16,384,384,bidiag_vals,1,86.553792,86.290458,86.684250,5
0,16,384,384,cpu_vals,1,8.302625,7.929875,8.576355,19
0,64,16,8,jacobi,1,0.199292,0.177625,0.217750,25
0,64,16,8,qr,1,0.455667,0.442334,0.502500,25
0,64,16,8,gk,1,0.215750,0.194417,0.225958,25
0,64,16,8,gk_vals,1,0.182334,0.163917,0.199500,25
0,64,16,8,cpu_vals,1,0.125292,0.082542,0.220125,25
0,64,16,8,gk_share,1,0.311250,0.302583,0.316291,25
0,64,16,8,gk_share_vals,1,0.275292,0.264708,0.279667,25
0,64,16,8,cpu,1,0.122500,0.117000,0.221542,25
0,1,4,4,jacobi,1,0.205667,0.197458,0.216125,25
0,1,4,4,gk,1,0.247250,0.209416,0.257125,25
0,1,4,4,gk_vals,1,0.151625,0.139833,0.219958,25
0,1,4,4,cpu_vals,1,0.003666,0.003625,0.003708,25
0,1,4,4,cpu,1,0.003875,0.003833,0.004041,25
0,4,2048,256,jacobi,1,215.202084,212.780208,215.449125,5
0,4,2048,256,block,1,31.549500,30.901875,31.605833,5
0,4,2048,256,qr,1,32.831208,32.501417,33.169958,5
0,4,2048,256,qrblock,1,16.337875,16.171468,16.436281,10
0,4,2048,256,cpu,1,10.340208,10.264646,10.374541,15
0,4,2048,256,bidiag,1,32.116458,31.910583,32.198708,5
0,4,2048,256,bidiag_vals,1,25.394896,25.216469,25.566542,6
0,4,2048,256,cpu_vals,1,5.248208,5.032292,5.287334,25
0,256,80,80,jacobi,1,25.109708,24.780521,25.650896,7
0,256,80,80,block,1,20.093395,19.985354,20.176937,8
0,256,80,80,gk,1,9.850375,9.246365,10.140896,16
0,256,80,80,gk_vals,1,4.754333,4.706792,4.804625,25
0,256,80,80,cpu_vals,1,3.920417,3.859584,4.267417,25
0,256,80,80,gk_share,1,6.441083,6.418229,6.466479,23
0,256,80,80,gk_share_vals,1,3.497667,3.456583,3.673208,25
0,256,80,80,cpu,1,7.113666,7.054198,7.156042,22
0,1024,256,16,jacobi,1,3.236875,3.157458,3.611125,25
0,1024,256,16,qr,1,3.088541,3.037000,3.151125,25
0,1024,256,16,gk,1,2.601625,2.592375,2.737625,25
0,1024,256,16,gk_vals,1,1.339875,1.330667,1.365666,25
0,1024,256,16,cpu_vals,1,1.665334,1.280083,1.710666,25
0,1024,256,16,gk_share,1,1.790584,1.769959,1.850250,25
0,1024,256,16,gk_share_vals,1,1.008292,0.991084,1.027875,25
0,1024,256,16,cpu,1,3.187958,2.766916,3.248166,25
0,4,256,256,jacobi,1,33.968583,33.955625,33.991833,5
0,4,256,256,block,1,14.476750,14.324209,14.526188,11
0,4,256,256,cpu,1,4.168459,4.102666,4.207791,25
0,4,256,256,bidiag,1,19.369750,19.258813,19.504812,8
0,4,256,256,bidiag_vals,1,14.249583,14.115042,14.318521,11
0,4,256,256,cpu_vals,1,2.008625,1.997875,2.025750,25
0,4,1024,32,jacobi,1,0.967000,0.892209,1.449375,25
0,4,1024,32,block,1,4.115125,4.033833,4.264791,25
0,4,1024,32,qr,1,0.795083,0.787416,0.810667,25
0,4,1024,32,qrblock,1,2.229125,2.198417,2.339042,25
0,4,1024,32,gk,1,1.278250,1.253834,1.303875,25
0,4,1024,32,gk_vals,1,0.829500,0.816750,0.844917,25
0,4,1024,32,cpu_vals,1,0.197500,0.191084,0.206209,25
0,4,1024,32,cpu,1,0.348875,0.344125,0.354375,25
0,4096,56,56,jacobi,1,95.240791,93.637500,97.581084,5
0,4096,56,56,block,1,107.311541,107.106792,107.358375,5
0,4096,56,56,gk,1,41.328250,41.098750,41.418166,5
0,4096,56,56,gk_vals,1,17.689042,17.644292,17.788458,9
0,4096,56,56,cpu_vals,1,14.376792,14.251542,14.680333,11
0,4096,56,56,gk_share,1,22.271125,22.008896,22.960396,7
0,4096,56,56,gk_share_vals,1,9.063541,8.877761,9.334531,16
0,4096,56,56,cpu,1,40.911417,39.592500,40.980125,5
0,1024,192,192,jacobi,1,1727.635542,1727.163334,1729.262855,3
0,1024,192,192,block,1,621.537334,617.683417,623.798583,3
0,1024,192,192,cpu,1,132.623041,132.390417,134.731459,5
0,64,8,8,jacobi,1,0.293000,0.280250,0.308875,25
0,64,8,8,gk,1,0.243833,0.199542,0.307666,25
0,64,8,8,gk_vals,1,0.168584,0.160042,0.179542,25
0,64,8,8,cpu_vals,1,0.179208,0.103958,0.184875,25
0,64,8,8,gk_share,1,0.295959,0.288458,0.304417,25
0,64,8,8,gk_share_vals,1,0.267667,0.262750,0.276291,25
0,64,8,8,cpu,1,0.117209,0.096792,0.275750,25
0,1024,1024,256,qrblock,1,1552.462750,1530.070105,1560.408854,3
0,1024,1024,256,cpu,1,628.933750,626.775437,632.713792,3
0,16,1024,256,jacobi,1,187.983500,187.517166,188.587875,5
0,16,1024,256,block,1,36.657084,36.501042,36.713417,5
0,16,1024,256,qr,1,62.692417,62.635500,62.754792,5
0,16,1024,256,qrblock,1,24.683208,24.647875,24.767750,7
0,16,1024,256,cpu,1,12.045167,11.977000,12.349000,13
0,16,1024,256,bidiag,1,113.162625,113.130167,113.339208,5
0,16,1024,256,bidiag_vals,1,89.997542,89.802459,90.549333,5
0,16,1024,256,cpu_vals,1,5.943083,5.873791,6.188667,25
0,256,256,8,jacobi,1,1.022000,0.521959,1.152166,25
0,256,256,8,qr,1,0.945458,0.912583,0.985792,25
0,256,256,8,gk,1,0.398000,0.391542,0.417500,25
0,256,256,8,gk_vals,1,0.255250,0.248458,0.271125,25
0,256,256,8,cpu_vals,1,0.231375,0.214667,0.591708,25
0,256,256,8,gk_share,1,0.445875,0.428333,0.455167,25
0,256,256,8,gk_share_vals,1,0.324375,0.321042,0.331542,25
0,256,256,8,cpu,1,0.373708,0.370333,0.377834,25
0,1,256,16,jacobi,1,0.688667,0.569916,0.750834,25
0,1,256,16,qr,1,0.416083,0.402917,0.428750,25
0,1,256,16,gk,1,0.303000,0.298166,0.314041,25
0,1,256,16,gk_vals,1,0.252042,0.248875,0.271875,25
0,1,256,16,cpu_vals,1,0.017750,0.017708,0.017834,25
0,1,256,16,cpu,1,0.040083,0.039958,0.040459,25
0,4096,1024,32,jacobi,1,554.859292,552.028813,558.712521,3
0,4096,1024,32,block,1,140.635875,140.047208,140.723417,5
0,4096,1024,32,qr,1,72.903250,72.825834,73.432208,5
0,4096,1024,32,qrblock,1,71.367875,71.365292,72.693125,5
0,4096,1024,32,gk,1,62.455250,62.354250,62.710083,5
0,4096,1024,32,gk_vals,1,33.219250,33.205125,33.349500,5
0,4096,1024,32,cpu_vals,1,41.457166,41.147708,41.606542,5
0,4096,1024,32,gk_share,1,51.687750,44.739667,54.576125,5
0,4096,1024,32,gk_share_vals,1,21.906292,21.559020,22.520083,7
0,4096,1024,32,cpu,1,79.170708,78.890750,79.629042,5
0,64,128,8,jacobi,1,0.447708,0.405833,0.825959,25
0,64,128,8,qr,1,0.511708,0.497708,0.532041,25
0,64,128,8,gk,1,0.202584,0.193958,0.216958,25
0,64,128,8,gk_vals,1,0.174584,0.167209,0.183292,25
0,64,128,8,cpu_vals,1,0.154083,0.131708,0.275833,25
0,64,128,8,gk_share,1,0.314958,0.301000,0.326250,25
0,64,128,8,gk_share_vals,1,0.277791,0.272250,0.283417,25
0,64,128,8,cpu,1,0.160916,0.159959,0.164833,25
0,4096,256,128,jacobi,1,2082.372042,2074.895459,2082.651646,3
0,4096,256,128,block,1,891.490041,882.522917,892.469750,3
0,4096,256,128,qr,1,1888.926542,1886.030375,1889.587458,3
0,4096,256,128,qrblock,1,770.790666,761.338896,777.020125,3
0,4096,256,128,cpu,1,459.744667,458.769146,469.774541,3
0,1,4096,4096,cpu,1,3629.783625,3610.528812,3629.943417,3
0,1,4096,4096,bidiag,1,890.028042,884.615834,892.736709,3
0,1,4096,4096,bidiag_vals,1,757.991708,754.824562,760.956333,3
0,1,4096,4096,cpu_vals,1,2011.523000,1991.217229,2031.276792,3
0,1,4096,4096,band,1,353.514667,353.198916,354.257917,3
0,1,4096,4096,band8_vals,1,308.624709,308.304272,308.740729,3
0,1,4096,4096,band_vals,1,203.399917,203.395833,203.455167,5
0,1,4096,4096,band32_vals,1,213.262583,212.523500,214.555125,5
0,4,80,80,jacobi,1,1.654292,1.641500,1.659708,25
0,4,80,80,block,1,4.117583,3.960709,4.214708,25
0,4,80,80,gk,1,2.455792,2.442958,2.493667,25
0,4,80,80,gk_vals,1,1.809375,1.794875,1.834292,25
0,4,80,80,cpu_vals,1,0.235667,0.231959,0.243167,25
0,4,80,80,cpu,1,0.405792,0.400375,0.419750,25
0,64,64,8,jacobi,1,0.177833,0.165750,0.209459,25
0,64,64,8,qr,1,0.475125,0.434833,0.511625,25
0,64,64,8,gk,1,0.195583,0.187875,0.199500,25
0,64,64,8,gk_vals,1,0.168792,0.165500,0.175833,25
0,64,64,8,cpu_vals,1,0.147541,0.097667,0.257000,25
0,64,64,8,gk_share,1,0.304167,0.294292,0.310125,25
0,64,64,8,gk_share_vals,1,0.275584,0.272083,0.280667,25
0,64,64,8,cpu,1,0.130958,0.127750,0.141042,25
0,4096,64,8,jacobi,1,1.414083,1.386334,1.564500,25
0,4096,64,8,qr,1,2.259959,2.221541,2.386417,25
0,4096,64,8,gk,1,1.425792,1.384500,1.490042,25
0,4096,64,8,gk_vals,1,0.709875,0.666625,0.730667,25
0,4096,64,8,cpu_vals,1,1.832167,1.405000,1.865375,25
0,4096,64,8,gk_share,1,1.476084,1.443291,1.512125,25
0,4096,64,8,gk_share_vals,1,1.085083,1.024542,1.240000,25
0,4096,64,8,cpu,1,2.803750,2.703375,2.845958,25
0,1,48,48,jacobi,1,0.727250,0.688334,1.774875,25
0,1,48,48,block,1,2.480667,2.437917,2.524958,25
0,1,48,48,gk,1,1.041417,1.019708,1.057333,25
0,1,48,48,gk_vals,1,0.809083,0.797750,0.839875,25
0,1,48,48,cpu_vals,1,0.038208,0.036750,0.038417,25
0,1,48,48,cpu,1,0.110750,0.110250,0.114084,25
0,256,2048,128,jacobi,1,1949.920792,1947.459959,1951.605458,3
0,256,2048,128,block,1,236.950583,235.935417,236.990042,5
0,256,2048,128,qr,1,159.225000,157.991416,159.940333,5
0,256,2048,128,qrblock,1,99.466708,99.157958,99.956416,5
0,256,2048,128,cpu,1,108.084500,107.849500,108.651667,5
0,256,2048,128,bidiag,1,1270.277416,1264.132062,1272.386270,3
0,256,2048,128,bidiag_vals,1,999.176125,997.034813,999.537270,3
0,256,2048,128,cpu_vals,1,46.599417,46.522625,46.611417,5
0,1,1792,1792,cpu,1,222.533666,221.960542,223.775000,5
0,1,1792,1792,bidiag,1,89.926625,89.897125,90.680917,5
0,1,1792,1792,bidiag_vals,1,65.352875,65.329708,65.432958,5
0,1,1792,1792,cpu_vals,1,107.696833,107.234125,107.699833,5
0,1,1792,1792,band,1,65.284625,65.022542,65.567625,5
0,1,1792,1792,band8_vals,1,52.280459,52.149417,52.296459,5
0,1,1792,1792,band_vals,1,44.664750,44.614542,44.954292,5
0,1,1792,1792,band32_vals,1,65.922500,65.920208,66.526834,5
0,64,2048,128,jacobi,1,486.634167,486.468021,488.356000,3
0,64,2048,128,block,1,66.750459,66.273167,66.833542,5
0,64,2048,128,qr,1,43.541875,43.402000,43.924250,5
0,64,2048,128,qrblock,1,27.099249,27.035489,27.663729,6
0,64,2048,128,cpu,1,28.891312,28.823292,28.994770,6
0,64,2048,128,bidiag,1,313.837083,312.203937,317.104770,3
0,64,2048,128,bidiag_vals,1,249.273709,248.557417,250.434042,5
0,64,2048,128,cpu_vals,1,12.360667,12.322958,12.395417,13
0,4096,16,8,jacobi,1,1.183125,1.124916,1.224333,25
0,4096,16,8,qr,1,1.798958,1.789333,1.857250,25
0,4096,16,8,gk,1,0.865500,0.852792,0.905583,25
0,4096,16,8,gk_vals,1,0.500042,0.481708,0.524667,25
0,4096,16,8,cpu_vals,1,1.036500,1.024083,1.063541,25
0,4096,16,8,gk_share,1,1.009708,0.951542,1.050334,25
0,4096,16,8,gk_share_vals,1,0.662042,0.653250,0.682958,25
0,4096,16,8,cpu,1,1.828041,1.790125,1.879917,25
0,4,128,128,jacobi,1,4.491917,4.468333,4.509833,25
0,4,128,128,block,1,6.173708,6.059166,6.324500,25
0,4,128,128,cpu,1,1.317250,1.310083,1.346959,25
0,4,128,128,bidiag,1,9.565666,9.443188,9.616594,16
0,4,128,128,bidiag_vals,1,6.524521,6.395479,6.588761,24
0,4,128,128,cpu_vals,1,0.907500,0.888541,0.931250,25
0,4,2048,2048,cpu,1,858.869708,845.734687,859.139416,3
0,4,2048,2048,bidiag,1,423.362208,422.696937,423.605895,3
0,4,2048,2048,bidiag_vals,1,340.526834,340.350480,340.729583,3
0,4,2048,2048,cpu_vals,1,510.843167,507.598855,520.276333,3
0,4,2048,2048,band,1,332.562583,330.682729,333.156438,3
0,4,2048,2048,band8_vals,1,188.952333,188.809750,189.477959,5
0,4,2048,2048,band_vals,1,169.329625,168.732708,171.474750,5
0,4,2048,2048,band32_vals,1,237.565291,236.906209,237.602959,5
0,4,56,56,jacobi,1,0.826709,0.785000,0.869833,25
0,4,56,56,block,1,2.859000,2.808666,3.000083,25
0,4,56,56,gk,1,1.321125,1.297458,1.333208,25
0,4,56,56,gk_vals,1,1.023708,0.998042,1.073833,25
0,4,56,56,cpu_vals,1,0.076583,0.075708,0.080542,25
0,4,56,56,cpu,1,0.163625,0.162042,0.167417,25
0,64,80,80,jacobi,1,4.993709,4.951834,5.028584,25
0,64,80,80,block,1,7.720313,7.656916,7.810437,20
0,64,80,80,gk,1,3.923958,3.918083,3.975416,25
0,64,80,80,gk_vals,1,2.587167,2.563125,2.613417,25
0,64,80,80,cpu_vals,1,1.015750,0.988334,1.059667,25
0,64,80,80,gk_share,1,2.896875,2.783917,4.054125,25
0,64,80,80,gk_share_vals,1,2.105708,2.068708,2.205583,25
0,64,80,80,cpu,1,1.824875,1.811292,1.847833,25
0,4096,96,96,jacobi,1,785.918959,778.234563,788.165812,3
0,4096,96,96,block,1,349.791250,349.130917,350.234375,3
0,4096,96,96,cpu,1,156.139875,154.458250,160.834541,5
0,1024,1024,128,jacobi,1,2916.630333,2912.294791,2919.480792,3
0,1024,1024,128,block,1,548.518750,540.629334,549.321354,3
0,1024,1024,128,qr,1,526.055375,523.883958,530.237146,3
0,1024,1024,128,qrblock,1,254.700833,252.821125,259.412333,5
0,1024,1024,128,cpu,1,238.461625,236.536125,241.522125,5
0,1024,1024,32,jacobi,1,139.203250,137.886875,139.574292,5
0,1024,1024,32,block,1,35.482292,34.922084,35.720291,5
0,1024,1024,32,qr,1,18.266959,18.237958,18.336500,9
0,1024,1024,32,qrblock,1,18.591375,18.480125,18.782166,9
0,1024,1024,32,gk,1,15.335729,15.251802,15.546156,10
0,1024,1024,32,gk_vals,1,8.619771,8.516083,8.692521,18
0,1024,1024,32,cpu_vals,1,10.969479,10.916760,11.122781,14
0,1024,1024,32,gk_share,1,14.781875,13.781458,15.438500,11
0,1024,1024,32,gk_share_vals,1,7.583188,7.488552,7.632469,20
0,1024,1024,32,cpu,1,21.891750,21.647604,22.037895,7
0,4096,16,16,jacobi,1,4.814750,4.769000,4.975834,25
0,4096,16,16,gk,1,2.068541,2.030459,2.088792,25
0,4096,16,16,gk_vals,1,1.198208,1.173834,1.218416,25
0,4096,16,16,cpu_vals,1,1.841917,1.821833,2.322250,25
0,4096,16,16,gk_share,1,1.835292,1.788709,1.932959,25
0,4096,16,16,gk_share_vals,1,1.042125,1.036209,1.097417,25
0,4096,16,16,cpu,1,4.528459,4.313291,4.649083,25
0,1024,256,256,jacobi,1,4698.981125,4696.669584,4701.752646,3
0,1024,256,256,block,1,1456.112708,1455.719459,1457.394395,3
0,1024,256,256,cpu,1,286.498625,284.804292,287.942791,5
0,256,2048,64,jacobi,1,333.066834,331.635792,334.263000,3
0,256,2048,64,block,1,54.914875,54.879708,54.916250,5
0,256,2048,64,qr,1,31.648292,29.689958,32.105292,5
0,256,2048,64,qrblock,1,28.317000,27.982417,28.852927,6
0,256,2048,64,gk,1,26.444812,26.206001,27.021532,6
0,256,2048,64,gk_vals,1,17.357375,17.226458,17.363125,9
0,256,2048,64,cpu_vals,1,17.141333,16.863125,17.221666,9
0,256,2048,64,gk_share,1,17.924917,17.774583,18.414250,9
0,256,2048,64,gk_share_vals,1,12.257875,12.131958,12.327750,13
0,256,2048,64,cpu,1,33.717167,33.675667,33.775333,5
0,16,512,32,jacobi,1,0.600125,0.577125,1.575375,25
0,16,512,32,block,1,2.865833,2.806667,2.966084,25
0,16,512,32,qr,1,0.875209,0.863500,0.889084,25
0,16,512,32,qrblock,1,2.314625,2.283583,2.350125,25
0,16,512,32,gk,1,1.416250,1.328042,1.440500,25
0,16,512,32,gk_vals,1,0.860291,0.808166,0.876666,25
0,16,512,32,cpu_vals,1,0.231291,0.202000,0.248292,25
0,16,512,32,cpu,1,0.326958,0.320833,0.421042,25
0,4096,1024,128,qr,1,2251.727500,2236.603521,2263.679104,3
0,4096,1024,128,qrblock,1,1102.174250,1098.894146,1125.550645,3
0,4096,1024,128,cpu,1,919.333042,916.748979,922.339646,3
0,1,256,128,jacobi,1,5.284417,5.276583,5.302208,25
0,1,256,128,block,1,5.650833,5.540292,5.784417,25
0,1,256,128,qr,1,4.345250,4.319292,4.356541,25
0,1,256,128,qrblock,1,5.709042,5.573667,5.832916,25
0,1,256,128,cpu,1,1.331625,1.323541,1.344541,25
0,1,256,128,bidiag,1,3.117792,3.072041,3.167625,25
0,1,256,128,bidiag_vals,1,2.011041,1.986084,2.092333,25
0,1,256,128,cpu_vals,1,0.778041,0.775291,0.789958,25
0,1,128,16,jacobi,1,0.213750,0.208083,0.227542,25
0,1,128,16,qr,1,0.410709,0.403125,0.422459,25
0,1,128,16,gk,1,0.304334,0.294667,0.323375,25
0,1,128,16,gk_vals,1,0.255417,0.247042,0.266917,25
0,1,128,16,cpu_vals,1,0.013250,0.013208,0.013292,25
0,1,128,16,cpu,1,0.033458,0.033375,0.033584,25
0,4,256,32,jacobi,1,0.419291,0.405250,0.446584,25
0,4,256,32,block,1,2.154584,2.128375,2.320125,25
0,4,256,32,qr,1,0.568792,0.557042,0.580583,25
0,4,256,32,qrblock,1,2.011333,1.972250,2.063959,25
0,4,256,32,gk,1,1.055833,1.016292,1.086083,25
0,4,256,32,gk_vals,1,0.615708,0.613458,0.640375,25
0,4,256,32,cpu_vals,1,0.079791,0.076875,0.084667,25
0,4,256,32,cpu,1,0.135834,0.135292,0.136208,25
0,4,512,64,jacobi,1,1.969875,1.947667,2.136291,25
0,4,512,64,block,1,3.829792,3.709042,3.898750,25
0,4,512,64,qr,1,1.592875,1.575584,1.614958,25
0,4,512,64,qrblock,1,3.143084,3.116333,3.305167,25
0,4,512,64,gk,1,2.674958,2.655584,2.707625,25
0,4,512,64,gk_vals,1,2.012541,1.995584,2.072375,25
0,4,512,64,cpu_vals,1,0.334167,0.329250,0.340583,25
0,4,512,64,cpu,1,0.662875,0.658500,0.667291,25
0,64,64,64,jacobi,1,2.719625,2.699792,2.788750,25
0,64,64,64,block,1,3.779042,3.650750,3.887500,25
0,64,64,64,gk,1,1.841292,1.833209,1.864333,25
0,64,64,64,gk_vals,1,1.306750,1.293250,1.329000,25
0,64,64,64,cpu_vals,1,0.405667,0.390875,0.653208,25
0,64,64,64,gk_share,1,1.957000,1.932292,1.988333,25
0,64,64,64,gk_share_vals,1,1.454417,1.429125,1.503416,25
0,64,64,64,cpu,1,0.966208,0.950334,0.992875,25
0,64,512,128,jacobi,1,83.498542,82.682083,83.746250,5
0,64,512,128,block,1,21.149541,20.520229,21.382156,8
0,64,512,128,qr,1,32.600875,32.066959,32.717375,5
0,64,512,128,qrblock,1,14.887167,14.817187,15.125500,11
0,64,512,128,cpu,1,11.215063,11.113822,11.396709,14
0,64,512,128,bidiag,1,196.181250,196.031709,196.938125,5
0,64,512,128,bidiag_vals,1,140.689792,140.507083,140.807084,5
0,64,512,128,cpu_vals,1,5.795083,5.685291,6.161250,25
0,1024,32,16,jacobi,1,1.376833,1.355750,1.403375,25
0,1024,32,16,qr,1,1.935000,1.888583,1.959917,25
0,1024,32,16,gk,1,0.930750,0.879292,0.965167,25
0,1024,32,16,gk_vals,1,0.480542,0.467542,0.504209,25
0,1024,32,16,cpu_vals,1,0.737750,0.685417,0.769083,25
0,1024,32,16,gk_share,1,0.970041,0.947291,1.001375,25
0,1024,32,16,gk_share_vals,1,0.661666,0.647291,0.679292,25
0,1024,32,16,cpu,1,1.757334,1.724791,1.789667,25
0,64,256,128,jacobi,1,32.220292,31.791750,34.222833,5
0,64,256,128,block,1,14.838500,14.666187,14.913916,11
0,64,256,128,qr,1,32.198042,31.699208,32.440417,5
0,64,256,128,qrblock,1,14.270166,14.118000,14.325083,11
0,64,256,128,cpu,1,8.847833,8.740708,8.927500,17
0,64,256,128,bidiag,1,175.751417,174.952041,175.929667,5
0,64,256,128,bidiag_vals,1,121.493291,121.278208,121.509334,5
0,64,256,128,cpu_vals,1,5.238333,4.852541,5.294750,25
0,4,128,64,jacobi,1,1.084208,1.068125,1.114333,25
0,4,128,64,block,1,2.637667,2.600833,2.855166,25
0,4,128,64,qr,1,1.290209,1.241292,1.318292,25
0,4,128,64,qrblock,1,2.800500,2.771958,2.907125,25
0,4,128,64,gk,1,2.164167,2.141083,2.179791,25
0,4,128,64,gk_vals,1,1.553375,1.536625,1.571792,25
0,4,128,64,cpu_vals,1,0.154791,0.153750,0.159042,25
0,4,128,64,cpu,1,0.321583,0.319292,0.327042,25
0,4,512,128,jacobi,1,10.128334,10.115271,10.183459,15
0,4,512,128,block,1,6.978417,6.836969,7.072593,22
0,4,512,128,qr,1,5.287584,5.262834,5.320166,25
0,4,512,128,qrblock,1,6.612667,6.521041,6.735855,23
0,4,512,128,cpu,1,1.884334,1.848750,1.919958,25
0,4,512,128,bidiag,1,12.380167,12.125500,12.446833,13
0,4,512,128,bidiag_vals,1,9.190209,9.127875,9.232667,17
0,4,512,128,cpu_vals,1,1.177958,1.163625,1.200583,25
0,64,384,384,jacobi,1,1359.852000,1359.234646,1360.155875,3
0,64,384,384,block,1,286.187667,285.654875,288.155833,5
0,64,384,384,cpu,1,44.455208,44.094875,44.592209,5
0,64,384,384,bidiag,1,509.162208,508.489895,509.558646,3
0,64,384,384,bidiag_vals,1,372.218250,372.044083,372.434333,3
0,64,384,384,cpu_vals,1,23.914167,23.891083,24.176229,7
0,1024,512,16,jacobi,1,9.931396,9.701386,10.275010,16
0,1024,512,16,qr,1,4.601500,4.312000,4.685083,25
0,1024,512,16,gk,1,3.947792,3.870416,4.070833,25
0,1024,512,16,gk_vals,1,2.003583,1.984875,2.231167,25
0,1024,512,16,cpu_vals,1,2.734167,2.637583,2.816292,25
0,1024,512,16,gk_share,1,4.230084,3.931792,4.561166,25
0,1024,512,16,gk_share_vals,1,2.386542,2.324583,2.728500,25
0,1024,512,16,cpu,1,4.979334,4.864084,5.043500,25
0,16,64,64,jacobi,1,1.070500,1.023209,1.223750,25
0,16,64,64,block,1,3.014791,2.935291,3.088333,25
0,16,64,64,gk,1,1.749208,1.726917,1.777458,25
0,16,64,64,gk_vals,1,1.308041,1.293125,1.315916,25
0,16,64,64,cpu_vals,1,0.212042,0.204875,0.232750,25
0,16,64,64,cpu,1,0.364750,0.353542,0.392125,25
0,256,64,32,jacobi,1,2.034333,2.012834,2.098541,25
0,256,64,32,block,1,2.985125,2.900583,3.059375,25
0,256,64,32,qr,1,2.345417,2.325959,2.372625,25
0,256,64,32,qrblock,1,3.293083,3.219042,3.385167,25
0,256,64,32,gk,1,1.378958,1.351250,1.409750,25
0,256,64,32,gk_vals,1,0.885375,0.868750,0.901375,25
0,256,64,32,cpu_vals,1,0.642125,0.556875,0.693792,25
0,256,64,32,gk_share,1,0.878083,0.874000,0.890541,25
0,256,64,32,gk_share_vals,1,0.623042,0.618042,0.626083,25
0,256,64,32,cpu,1,1.430625,1.391750,1.458250,25
0,64,256,256,jacobi,1,301.105583,301.067354,301.216958,3
0,64,256,256,block,1,88.969375,88.557042,89.552041,5
0,64,256,256,cpu,1,20.161729,19.963010,20.322573,8
0,64,256,256,bidiag,1,307.536375,307.350834,307.711479,3
0,64,256,256,bidiag_vals,1,219.745834,219.035916,219.775167,5
0,64,256,256,cpu_vals,1,10.711791,10.528583,10.960812,15
0,1,512,16,jacobi,1,0.474000,0.376584,0.741416,25
0,1,512,16,qr,1,0.447666,0.436417,0.465667,25
0,1,512,16,gk,1,0.536541,0.524709,0.546958,25
0,1,512,16,gk_vals,1,0.280375,0.266000,0.286083,25
0,1,512,16,cpu_vals,1,0.033417,0.032875,0.036042,25
0,1,512,16,cpu,1,0.059416,0.057958,0.060083,25
0,64,24,24,jacobi,1,0.807250,0.771500,0.851500,25
0,64,24,24,gk,1,0.481708,0.461584,0.496792,25
0,64,24,24,gk_vals,1,0.320375,0.315833,0.330125,25
0,64,24,24,cpu_vals,1,0.150416,0.147458,0.157292,25
0,64,24,24,gk_share,1,0.577166,0.563250,0.583667,25
0,64,24,24,gk_share_vals,1,0.425750,0.418333,0.431834,25
0,64,24,24,cpu,1,0.250500,0.247041,0.272458,25
0,16,32,16,jacobi,1,0.271417,0.255833,0.296500,25
0,16,32,16,qr,1,0.472375,0.456583,0.524375,25
0,16,32,16,gk,1,0.320958,0.294792,0.329792,25
0,16,32,16,gk_vals,1,0.248917,0.239292,0.255583,25
0,16,32,16,cpu_vals,1,0.069666,0.061917,0.123917,25
0,16,32,16,cpu,1,0.110750,0.102042,0.232375,25
0,16,256,8,jacobi,1,0.319041,0.292417,0.382167,25
0,16,256,8,qr,1,0.431542,0.426416,0.467167,25
0,16,256,8,gk,1,0.201000,0.193250,0.214417,25
0,16,256,8,gk_vals,1,0.174417,0.171583,0.179750,25
0,16,256,8,cpu_vals,1,0.101833,0.089792,0.111209,25
0,16,256,8,cpu,1,0.085459,0.082833,0.108667,25
0,2,1536,1536,cpu,1,202.983334,202.900167,203.869875,5
0,2,1536,1536,bidiag,1,112.030875,111.835667,112.984875,5
0,2,1536,1536,bidiag_vals,1,90.521542,90.426334,91.802250,5
0,2,1536,1536,cpu_vals,1,104.268583,102.392458,104.530667,5
0,2,1536,1536,band,1,104.449041,101.760084,105.282500,5
0,2,1536,1536,band8_vals,1,62.478375,62.358625,62.832958,5
0,2,1536,1536,band_vals,1,58.813166,58.714500,59.641250,5
0,2,1536,1536,band32_vals,1,83.524584,82.989292,84.147667,5
0,1024,512,128,jacobi,1,1315.413458,1314.092479,1318.265416,3
0,1024,512,128,block,1,330.685958,327.021729,330.969437,3
0,1024,512,128,qr,1,472.213584,469.681980,475.782709,3
0,1024,512,128,qrblock,1,208.079500,206.692375,214.516583,5
0,1024,512,128,cpu,1,159.840291,158.084750,160.978667,5
0,256,512,16,jacobi,1,2.325625,2.239208,2.441667,25
0,256,512,16,qr,1,1.510791,1.487834,1.568625,25
0,256,512,16,gk,1,1.371708,1.339333,1.406583,25
0,256,512,16,gk_vals,1,0.800125,0.779416,0.822959,25
0,256,512,16,cpu_vals,1,1.212292,0.767291,1.285708,25
0,256,512,16,gk_share,1,1.610458,1.472417,1.704208,25
0,256,512,16,gk_share_vals,1,0.995958,0.825417,1.273791,25
0,256,512,16,cpu,1,1.806250,1.325250,1.881333,25
0,4096,64,64,jacobi,1,193.223792,191.169250,196.233292,5
0,4096,64,64,block,1,112.344166,112.292542,112.474208,5
0,4096,64,64,gk,1,60.397458,60.224250,60.988167,5
0,4096,64,64,gk_vals,1,28.340979,28.208604,28.440667,6
0,4096,64,64,cpu_vals,1,19.589042,18.803542,19.903854,8
0,4096,64,64,gk_share,1,31.609458,31.482875,31.960375,5
0,4096,64,64,gk_share_vals,1,12.533750,12.365542,13.816552,12
0,4096,64,64,cpu,1,51.592667,51.430166,52.202250,5
0,1024,64,8,jacobi,1,0.812166,0.500208,0.856959,25
0,1024,64,8,qr,1,0.964542,0.941625,1.017917,25
0,1024,64,8,gk,1,0.474875,0.472375,0.483333,25
0,1024,64,8,gk_vals,1,0.277625,0.268833,0.286542,25
0,1024,64,8,cpu_vals,1,0.419750,0.377291,0.624042,25
0,1024,64,8,gk_share,1,0.628167,0.597833,0.641875,25
0,1024,64,8,gk_share_vals,1,0.599417,0.421667,0.618875,25
0,1024,64,8,cpu,1,0.700875,0.628625,0.738250,25
0,4,1792,1792,cpu,1,375.909625,374.595000,376.405313,3
0,4,1792,1792,bidiag,1,309.754500,308.637771,309.971229,3
0,4,1792,1792,bidiag_vals,1,248.380084,248.050792,248.919292,5
0,4,1792,1792,cpu_vals,1,229.278917,224.577083,231.956250,5
0,4,1792,1792,band,1,269.339917,266.346000,269.363917,5
0,4,1792,1792,band8_vals,1,146.926500,146.529166,146.940500,5
0,4,1792,1792,band_vals,1,134.857833,134.706125,135.010250,5
0,4,1792,1792,band32_vals,1,192.624833,192.241041,193.029000,5
0,4,256,64,jacobi,1,1.410625,1.385000,1.466958,25
0,4,256,64,block,1,3.115292,3.033500,3.149667,25
0,4,256,64,qr,1,1.338708,1.318208,1.358041,25
0,4,256,64,qrblock,1,2.882958,2.857958,2.950875,25
0,4,256,64,gk,1,2.347708,2.338917,2.352583,25
0,4,256,64,gk_vals,1,1.704583,1.690833,1.719083,25
0,4,256,64,cpu_vals,1,0.219209,0.215958,0.221625,25
0,4,256,64,cpu,1,0.430292,0.426708,0.432125,25
0,16,256,64,jacobi,1,1.443333,1.435459,2.069166,25
0,16,256,64,block,1,3.321958,3.220458,3.397083,25
0,16,256,64,qr,1,1.695625,1.655625,1.730500,25
0,16,256,64,qrblock,1,3.334834,3.300459,3.384167,25
0,16,256,64,gk,1,2.699125,2.687500,2.707209,25
0,16,256,64,gk_vals,1,1.968750,1.929833,2.017417,25
0,16,256,64,cpu_vals,1,0.387583,0.327166,0.590042,25
0,16,256,64,cpu,1,0.659750,0.610958,0.815000,25
0,64,48,48,jacobi,1,2.161334,1.616584,2.293125,25
0,64,48,48,block,1,3.583917,3.486416,3.680500,25
0,64,48,48,gk,1,1.121833,1.065917,1.168542,25
0,64,48,48,gk_vals,1,0.821416,0.813083,0.864833,25
0,64,48,48,cpu_vals,1,0.274000,0.258417,0.637167,25
0,64,48,48,gk_share,1,1.238750,1.217750,1.265625,25
0,64,48,48,gk_share_vals,1,0.950833,0.915708,0.960916,25
0,64,48,48,cpu,1,0.662750,0.642500,0.695500,25
0,16,32,32,jacobi,1,0.465958,0.445500,0.974667,25
0,16,32,32,block,1,2.158375,2.131291,2.207792,25
0,16,32,32,gk,1,0.698625,0.660917,0.730959,25
0,16,32,32,gk_vals,1,0.456208,0.445750,0.481416,25
0,16,32,32,cpu_vals,1,0.099500,0.097042,0.120125,25
0,16,32,32,cpu,1,0.175584,0.167625,0.204667,25
0,1,512,128,jacobi,1,9.976896,9.962459,9.990271,16
0,1,512,128,block,1,6.546875,6.470313,6.629604,23
0,1,512,128,qr,1,4.663458,4.642208,4.674250,25
0,1,512,128,qrblock,1,5.835750,5.739667,5.944708,25
0,1,512,128,cpu,1,1.641916,1.630458,1.658000,25
0,1,512,128,bidiag,1,3.421709,3.387167,3.490542,25
0,1,512,128,bidiag_vals,1,2.311208,2.304625,2.345417,25
0,1,512,128,cpu_vals,1,0.915958,0.910125,0.926084,25
0,256,128,128,jacobi,1,113.438583,111.725542,115.329459,5
0,256,128,128,block,1,47.251333,47.158416,47.415584,5
0,256,128,128,cpu,1,21.543333,21.316521,21.696228,7
0,256,128,128,bidiag,1,601.540333,600.108479,604.256104,3
0,256,128,128,bidiag_vals,1,397.377792,397.259771,397.588626,3
0,256,128,128,cpu_vals,1,14.229459,14.098104,14.330458,11
0,1,256,64,jacobi,1,1.327667,1.302167,1.360291,25
0,1,256,64,block,1,3.108958,3.067416,3.148500,25
0,1,256,64,qr,1,1.183917,1.170042,1.220709,25
0,1,256,64,qrblock,1,2.757375,2.719792,2.773833,25
0,1,256,64,gk,1,2.136833,2.102041,2.145625,25
0,1,256,64,gk_vals,1,1.522041,1.511500,1.531291,25
0,1,256,64,cpu_vals,1,0.117625,0.117458,0.117792,25
0,1,256,64,cpu,1,0.286750,0.283042,0.292500,25
0,4,96,96,jacobi,1,2.149166,2.130458,2.161084,25
0,4,96,96,block,1,4.091916,3.973584,4.158959,25
0,4,96,96,cpu,1,0.667292,0.655375,0.672208,25
0,256,1024,128,jacobi,1,705.211584,703.954479,708.708896,3
0,256,1024,128,block,1,131.830125,130.913667,131.859375,5
0,256,1024,128,qr,1,122.639792,120.123542,122.936083,5
0,256,1024,128,qrblock,1,61.163333,60.444958,61.369208,5
0,256,1024,128,cpu,1,61.863375,61.813667,62.160416,5
0,256,1024,128,bidiag,1,955.422041,954.068479,961.530229,3
0,256,1024,128,bidiag_vals,1,720.344459,718.835292,720.402709,3
0,256,1024,128,cpu_vals,1,28.511771,28.453865,28.657302,6
0,4,64,16,jacobi,1,0.516292,0.475291,0.857208,25
0,4,64,16,qr,1,0.421042,0.414417,0.435542,25
0,4,64,16,gk,1,0.303375,0.298625,0.315583,25
0,4,64,16,gk_vals,1,0.253042,0.244167,0.266042,25
0,4,64,16,cpu_vals,1,0.024000,0.023417,0.027375,25
0,4,64,16,cpu,1,0.048792,0.048292,0.049083,25
0,4,32,32,jacobi,1,0.493625,0.468750,0.555791,25
0,4,32,32,block,1,1.948250,1.913916,2.031500,25
0,4,32,32,gk,1,0.680292,0.641750,0.717916,25
0,4,32,32,gk_vals,1,0.456125,0.432167,0.511667,25
0,4,32,32,cpu_vals,1,0.034584,0.033458,0.040666,25
0,4,32,32,cpu,1,0.076333,0.075541,0.077792,25
0,4096,256,16,jacobi,1,12.135687,11.377520,13.529646,12
0,4096,256,16,qr,1,9.813833,9.721386,9.921553,16
0,4096,256,16,gk,1,9.296916,9.292083,9.342875,17
0,4096,256,16,gk_vals,1,4.485958,4.473417,4.526041,25
0,4096,256,16,cpu_vals,1,4.727166,4.679875,4.847625,25
0,4096,256,16,gk_share,1,5.795458,5.756208,5.875125,25
0,4096,256,16,gk_share_vals,1,3.255417,3.119083,3.415375,25
0,4096,256,16,cpu,1,10.898542,10.666656,10.964531,14
0,4,256,16,jacobi,1,0.780042,0.700167,1.006750,25
0,4,256,16,qr,1,0.441250,0.431792,0.448250,25
0,4,256,16,gk,1,0.319833,0.318792,0.326000,25
0,4,256,16,gk_vals,1,0.252875,0.250666,0.259375,25
0,4,256,16,cpu_vals,1,0.042875,0.042541,0.044042,25
0,4,256,16,cpu,1,0.062458,0.061542,0.064875,25
0,1,128,64,jacobi,1,1.032708,1.020834,1.074083,25
0,1,128,64,block,1,2.688458,2.596833,2.762416,25
0,1,128,64,qr,1,1.161417,1.110792,1.215083,25
0,1,128,64,qrblock,1,2.707292,2.684917,2.778208,25
0,1,128,64,gk,1,2.054917,2.047500,2.074542,25
0,1,128,64,gk_vals,1,1.469042,1.455584,1.495625,25
0,1,128,64,cpu_vals,1,0.105084,0.105000,0.105583,25
0,1,128,64,cpu,1,0.258041,0.256958,0.261875,25
0,4096,128,32,jacobi,1,31.985792,30.571625,32.904250,5
0,4096,128,32,block,1,29.878521,29.565823,29.946281,6
0,4096,128,32,qr,1,26.360396,26.227906,26.631698,6
0,4096,128,32,qrblock,1,24.791209,24.650104,25.007334,7
0,4096,128,32,gk,1,21.858625,21.787500,21.959480,7
0,4096,128,32,gk_vals,1,12.871437,12.849542,12.899396,12
0,4096,128,32,cpu_vals,1,9.298250,9.005459,9.466709,17
0,4096,128,32,gk_share,1,12.840958,12.790125,12.877885,12
0,4096,128,32,gk_share_vals,1,6.067041,6.016083,6.104166,25
0,4096,128,32,cpu,1,23.731875,23.664229,23.863542,7
0,64,1024,128,jacobi,1,181.314917,181.294958,181.909625,5
0,64,1024,128,block,1,37.319625,37.217708,37.458583,5
0,64,1024,128,qr,1,35.184583,35.007083,35.195666,5
0,64,1024,128,qrblock,1,17.991916,17.848000,18.011042,9
0,64,1024,128,cpu,1,16.638541,16.441625,16.759375,9
0,64,1024,128,bidiag,1,239.729916,239.048709,240.115625,5
0,64,1024,128,bidiag_vals,1,179.975667,179.862125,180.781375,5
0,64,1024,128,cpu_vals,1,7.848999,7.560031,7.939854,20
0,1,32,16,jacobi,1,0.446250,0.397750,0.763916,25
0,1,32,16,qr,1,0.444167,0.422708,0.489125,25
0,1,32,16,gk,1,0.286667,0.282500,0.298334,25
0,1,32,16,gk_vals,1,0.252334,0.244541,0.267125,25
0,1,32,16,cpu_vals,1,0.009625,0.009542,0.009708,25
0,1,32,16,cpu,1,0.027334,0.024416,0.027625,25
0,256,384,384,jacobi,1,5234.652458,5227.234271,5237.892271,3
0,256,384,384,block,1,1140.503417,1139.467208,1144.799291,3
0,256,384,384,cpu,1,169.240125,169.043167,169.298542,5
0,1,768,768,jacobi,1,1026.699209,1026.077501,1027.074687,3
0,1,768,768,block,1,65.401500,65.393833,65.628042,5
0,1,768,768,cpu,1,33.404667,33.296125,33.633292,5
0,1,768,768,bidiag,1,22.078375,22.057063,22.387187,7
0,1,768,768,bidiag_vals,1,15.813917,15.719667,15.880157,10
0,1,768,768,cpu_vals,1,16.192709,16.165698,16.211375,10
0,1,768,768,band,1,18.900666,18.840750,19.860739,8
0,1,768,768,band8_vals,1,14.840000,14.718083,14.877563,11
0,1,768,768,band_vals,1,15.379166,15.307198,15.509313,10
0,1,768,768,band32_vals,1,21.627666,21.186917,21.768062,7
0,256,40,40,jacobi,1,3.569208,3.530375,3.588750,25
0,256,40,40,block,1,7.549709,7.489042,7.642489,20
0,256,40,40,gk,1,1.579125,1.554500,1.606459,25
0,256,40,40,gk_vals,1,0.898875,0.870834,0.942375,25
0,256,40,40,cpu_vals,1,0.644084,0.569375,0.700208,25
0,256,40,40,gk_share,1,1.019125,1.017167,1.025542,25
0,256,40,40,gk_share_vals,1,0.728958,0.723000,0.745458,25
0,256,40,40,cpu,1,1.586208,1.558583,1.614375,25
0,4096,512,128,qr,1,1883.203083,1876.376750,1892.107917,3
0,4096,512,128,qrblock,1,815.298166,807.430375,824.375771,3
0,4096,512,128,cpu,1,596.577041,595.482749,597.493146,3
0,16,256,256,jacobi,1,65.940167,65.900666,65.964000,5
0,16,256,256,block,1,24.659958,24.489042,24.718417,7
0,16,256,256,cpu,1,5.923375,5.892625,6.038583,25
0,16,256,256,bidiag,1,75.603625,75.589291,75.722667,5
0,16,256,256,bidiag_vals,1,53.830333,53.659083,54.412625,5
0,16,256,256,cpu_vals,1,3.757709,3.332167,3.866708,25
0,1024,32,32,jacobi,1,6.134583,6.077000,6.247166,25
0,1024,32,32,block,1,6.583542,6.494105,6.639500,23
0,1024,32,32,gk,1,2.246208,2.203333,2.270125,25
0,1024,32,32,gk_vals,1,1.265250,1.231750,1.303791,25
0,1024,32,32,cpu_vals,1,1.489125,1.334334,1.922541,25
0,1024,32,32,gk_share,1,1.962917,1.911833,2.484709,25
0,1024,32,32,gk_share_vals,1,1.119125,1.104708,1.127125,25
0,1024,32,32,cpu,1,3.921667,3.785500,4.453125,25
0,4,40,40,jacobi,1,0.514958,0.486459,0.598625,25
0,4,40,40,block,1,2.420500,2.380667,2.455125,25
0,4,40,40,gk,1,0.803000,0.768959,0.851583,25
0,4,40,40,gk_vals,1,0.657834,0.606417,0.689666,25
0,4,40,40,cpu_vals,1,0.045792,0.042917,0.048167,25
0,4,40,40,cpu,1,0.099584,0.097916,0.102958,25
0,64,512,32,jacobi,1,1.970584,1.950958,2.026833,25
0,64,512,32,block,1,3.489875,3.440459,3.538000,25
0,64,512,32,qr,1,1.325542,1.301292,1.434708,25
0,64,512,32,qrblock,1,2.632958,2.600042,2.686750,25
0,64,512,32,gk,1,1.600375,1.522375,1.634625,25
0,64,512,32,gk_vals,1,0.954375,0.934417,1.011667,25
0,64,512,32,cpu_vals,1,0.716000,0.531042,1.050875,25
0,64,512,32,gk_share,1,1.761041,1.684583,1.812042,25
0,64,512,32,gk_share_vals,1,1.148250,1.137791,1.300208,25
0,64,512,32,cpu,1,0.978917,0.970125,1.436417,25
0,256,1024,64,jacobi,1,153.416042,151.904208,155.873959,5
0,256,1024,64,block,1,30.065958,29.811459,30.116750,5
0,256,1024,64,qr,1,18.875125,18.111292,19.491125,8
0,256,1024,64,qrblock,1,16.548875,16.373781,16.672615,10
0,256,1024,64,gk,1,14.535666,14.408208,14.573916,11
0,256,1024,64,gk_vals,1,8.833917,8.616083,8.898886,18
0,256,1024,64,cpu_vals,1,9.135500,8.927917,9.620959,17
0,256,1024,64,gk_share,1,11.734625,10.417125,12.182667,13
0,256,1024,64,gk_share_vals,1,6.189625,6.126636,6.251156,24
0,256,1024,64,cpu,1,18.189291,18.051833,18.536209,9
0,64,256,16,jacobi,1,0.547208,0.499542,1.182875,25
0,64,256,16,qr,1,0.696209,0.680834,0.709875,25
0,64,256,16,gk,1,0.381917,0.371250,0.387709,25
0,64,256,16,gk_vals,1,0.262791,0.254125,0.266667,25
0,64,256,16,cpu_vals,1,0.183709,0.179375,0.186833,25
0,64,256,16,gk_share,1,0.485500,0.483500,0.488792,25
0,64,256,16,gk_share_vals,1,0.373708,0.370500,0.383500,25
0,64,256,16,cpu,1,0.281125,0.279333,0.287042,25
0,16,128,64,jacobi,1,1.129042,1.078417,1.139667,25
0,16,128,64,block,1,2.913333,2.814833,3.003834,25
0,16,128,64,qr,1,1.522500,1.474625,1.549500,25
0,16,128,64,qrblock,1,3.196583,3.173666,3.248833,25
0,16,128,64,gk,1,2.543667,2.515583,2.557000,25
0,16,128,64,gk_vals,1,1.840667,1.815417,1.871750,25
0,16,128,64,cpu_vals,1,0.321583,0.258125,0.592292,25
0,16,128,64,cpu,1,0.483375,0.470333,0.667958,25
0,256,192,192,jacobi,1,424.709583,420.659125,425.453125,3
0,256,192,192,block,1,146.267500,145.880125,146.630542,5
0,256,192,192,cpu,1,36.321625,36.227084,36.718042,5
0,256,192,192,bidiag,1,897.260750,896.982750,899.088021,3
0,256,192,192,bidiag_vals,1,627.771250,627.586458,628.095354,3
0,256,192,192,cpu_vals,1,18.444459,18.409417,18.511709,9
0,4096,128,64,jacobi,1,223.826875,222.045417,225.545500,5
0,4096,128,64,block,1,120.991708,120.713500,121.012500,5
0,4096,128,64,qr,1,197.935875,197.078667,198.155333,5
0,4096,128,64,qrblock,1,116.409125,115.777000,116.647167,5
0,4096,128,64,gk,1,81.198417,80.731667,82.010458,5
0,4096,128,64,gk_vals,1,38.737375,38.628916,38.799292,5
0,4096,128,64,cpu_vals,1,29.745062,29.537125,29.900625,6
0,4096,128,64,gk_share,1,44.819042,44.526209,45.082333,5
0,4096,128,64,gk_share_vals,1,19.382812,19.313708,19.495667,8
0,4096,128,64,cpu,1,75.478459,75.422250,76.808791,5
0,1024,512,32,jacobi,1,41.167458,40.833000,41.298250,5
0,1024,512,32,block,1,20.269021,20.089302,20.478010,8
0,1024,512,32,qr,1,11.482750,11.384948,11.571531,14
0,1024,512,32,qrblock,1,11.793333,11.706083,11.934875,13
0,1024,512,32,gk,1,8.542812,8.463489,8.688708,18
0,1024,512,32,gk_vals,1,4.651875,4.596417,4.763458,25
0,1024,512,32,cpu_vals,1,5.912834,5.727333,6.087291,25
0,1024,512,32,gk_share,1,9.182291,8.939500,10.039053,16
0,1024,512,32,gk_share_vals,1,5.381792,5.172167,5.786292,25
0,1024,512,32,cpu,1,12.308542,12.013167,12.480500,13
0,1024,96,96,jacobi,1,186.760167,186.191083,189.206291,5
0,1024,96,96,block,1,83.864292,83.782416,84.169916,5
0,1024,96,96,cpu,1,39.523042,39.194792,43.940291,5
0,256,512,128,jacobi,1,314.075458,313.507125,314.845250,3
0,256,512,128,block,1,80.230917,80.026000,80.280833,5
0,256,512,128,qr,1,111.786125,111.772500,114.850292,5
0,256,512,128,qrblock,1,48.342375,48.253875,48.363333,5
0,256,512,128,cpu,1,41.086833,40.982000,41.159333,5
0,256,512,128,bidiag,1,768.690167,768.052271,769.552750,3
0,256,512,128,bidiag_vals,1,560.560209,558.423084,560.703146,3
0,256,512,128,cpu_vals,1,21.689500,21.537896,22.278813,7
0,16,16,16,jacobi,1,0.499209,0.453833,0.829167,25
0,16,16,16,gk,1,0.464166,0.423250,0.491042,25
0,16,16,16,gk_vals,1,0.245458,0.231250,0.253292,25
0,16,16,16,cpu_vals,1,0.094750,0.074458,0.098292,25
0,16,16,16,cpu,1,0.080166,0.069875,0.110416,25
0,1,2048,256,jacobi,1,148.747542,148.686375,149.047333,5
0,1,2048,256,block,1,22.565709,22.500958,22.618750,7
0,1,2048,256,qr,1,29.074229,29.044396,29.103563,6
0,1,2048,256,qrblock,1,13.537396,13.346448,13.586771,12
0,1,2048,256,cpu,1,8.854750,8.757500,8.975792,17
0,1,2048,256,bidiag,1,8.344917,8.325041,8.457292,18
0,1,2048,256,bidiag_vals,1,6.380354,6.341896,6.454156,24
0,1,2048,256,cpu_vals,1,4.133209,4.120416,4.148834,25
0,256,64,16,jacobi,1,0.571666,0.566167,1.408750,25
0,256,64,16,qr,1,1.029042,0.959334,1.074291,25
0,256,64,16,gk,1,0.416500,0.410708,0.500833,25
0,256,64,16,gk_vals,1,0.271625,0.258209,0.274833,25
0,256,64,16,cpu_vals,1,0.274833,0.266083,0.647500,25
0,256,64,16,gk_share,1,0.470292,0.463250,0.497542,25
0,256,64,16,gk_share_vals,1,0.375791,0.372041,0.384166,25
0,256,64,16,cpu,1,0.565917,0.538334,0.655083,25
0,16,128,16,jacobi,1,0.597625,0.563625,0.683166,25
0,16,128,16,qr,1,0.500500,0.486125,0.534375,25
0,16,128,16,gk,1,0.322416,0.313125,0.329917,25
0,16,128,16,gk_vals,1,0.258250,0.254500,0.264958,25
0,16,128,16,cpu_vals,1,0.102458,0.096334,0.176292,25
0,16,128,16,cpu,1,0.130375,0.125958,0.137667,25
1,4096,32,8,jacobi,1,1.175750,1.099750,1.229375,25
1,4096,32,8,qr,1,1.891875,1.879375,1.910584,25
1,4096,32,8,gk,1,1.158042,1.040917,1.252750,25
1,4096,32,8,gk_vals,1,0.648625,0.628250,0.672708,25
1,4096,32,8,cpu_vals,1,1.802916,1.606916,2.043417,25
1,4096,32,8,gk_share,1,2.147959,1.889125,2.600334,25
1,4096,32,8,gk_share_vals,1,1.123583,1.067833,1.191792,25
1,4096,32,8,cpu,1,2.775500,2.387375,2.856708,25
1,1,3072,3072,cpu,1,1416.962125,1415.107771,1431.265604,3
1,1,3072,3072,bidiag,1,370.187000,368.937834,372.687417,3
1,1,3072,3072,bidiag_vals,1,302.462625,301.477313,304.195604,3
1,1,3072,3072,cpu_vals,1,797.164458,796.230229,797.607520,3
1,1,3072,3072,band,1,173.903416,172.527000,174.006125,5
1,1,3072,3072,band8_vals,1,147.631500,147.509417,147.856042,5
1,1,3072,3072,band_vals,1,107.297333,107.257250,107.638584,5
1,1,3072,3072,band32_vals,1,133.683208,132.896333,134.385166,5
1,4,1792,1792,cpu,1,373.855375,372.692250,373.986917,3
1,4,1792,1792,bidiag,1,307.408875,306.724729,307.642167,3
1,4,1792,1792,bidiag_vals,1,250.672583,250.473375,250.913916,5
1,4,1792,1792,cpu_vals,1,230.622625,229.251250,233.060250,5
1,4,1792,1792,band,1,271.537917,269.102459,274.014334,5
1,4,1792,1792,band8_vals,1,151.858667,151.123833,152.205708,5
1,4,1792,1792,band_vals,1,137.714125,137.367084,137.773208,5
1,4,1792,1792,band32_vals,1,200.312875,200.064167,204.184541,5
1,64,96,96,jacobi,1,7.629291,7.520125,7.702812,20
1,64,96,96,block,1,7.785896,7.726688,7.972114,20
1,64,96,96,cpu,1,2.865208,2.835666,2.910500,25
1,1,64,8,jacobi,1,0.166792,0.149375,0.193917,25
1,1,64,8,qr,1,0.368541,0.351875,0.386458,25
1,1,64,8,gk,1,0.187042,0.175875,0.198083,25
1,1,64,8,gk_vals,1,0.168291,0.157583,0.180416,25
1,1,64,8,cpu_vals,1,0.006125,0.006083,0.006208,25
1,1,64,8,cpu,1,0.009917,0.009875,0.010000,25
1,4096,256,128,jacobi,1,2074.882458,2073.080354,2080.533104,3
1,4096,256,128,block,1,881.924000,870.612625,885.035437,3
1,4096,256,128,qr,1,1898.587250,1889.369438,1907.661125,3
1,4096,256,128,qrblock,1,765.756208,764.584875,776.086979,3
1,4096,256,128,cpu,1,457.723541,457.132645,463.228292,3
1,1024,56,56,jacobi,1,27.079791,25.748916,27.617854,6
1,1024,56,56,block,1,27.732959,27.496646,27.856177,6
1,1024,56,56,gk,1,10.915271,10.875000,10.965833,14
1,1024,56,56,gk_vals,1,4.931500,4.902833,4.950292,25
1,1024,56,56,cpu_vals,1,3.782375,3.668375,4.085625,25
1,1024,56,56,gk_share,1,6.309938,6.128999,6.444500,24
1,1024,56,56,gk_share_vals,1,2.803041,2.766417,2.964250,25
1,1024,56,56,cpu,1,10.496375,10.397750,10.601021,15
1,4096,512,128,qr,1,1981.761208,1963.795729,1983.630750,3
1,4096,512,128,qrblock,1,841.417625,829.873125,874.184875,3
1,4096,512,128,cpu,1,619.636833,619.629416,621.143792,3
1,4096,128,64,jacobi,1,217.323458,216.362875,217.735292,5
1,4096,128,64,block,1,124.734375,123.816708,125.124833,5
1,4096,128,64,qr,1,201.828125,201.124625,202.994875,5
1,4096,128,64,qrblock,1,120.599333,117.754625,120.951917,5
1,4096,128,64,gk,1,80.090208,79.874708,81.683584,5
1,4096,128,64,gk_vals,1,39.347125,39.301125,39.479250,5
1,4096,128,64,cpu_vals,1,30.733666,30.698292,30.900791,5
1,4096,128,64,gk_share,1,44.933416,44.733125,45.406459,5
1,4096,128,64,gk_share_vals,1,19.480187,19.429938,19.577323,8
1,4096,128,64,cpu,1,77.413000,77.261416,77.579375,5
1,1,16,8,jacobi,1,0.268625,0.245833,0.308709,25
1,1,16,8,qr,1,0.388708,0.366291,0.462708,25
1,1,16,8,gk,1,0.199750,0.187250,0.227667,25
1,1,16,8,gk_vals,1,0.161417,0.155625,0.225833,25
1,1,16,8,cpu_vals,1,0.005292,0.005250,0.005333,25
1,1,16,8,cpu,1,0.007583,0.007500,0.007834,25
1,2,1536,1536,cpu,1,199.119166,197.916333,201.807708,5
1,2,1536,1536,bidiag,1,111.157583,110.947042,112.063542,5
1,2,1536,1536,bidiag_vals,1,90.413875,90.236334,91.817792,5
1,2,1536,1536,cpu_vals,1,101.836167,101.832833,102.178166,5
1,2,1536,1536,band,1,98.816792,97.792000,99.615875,5
1,2,1536,1536,band8_vals,1,62.371000,62.076125,62.551000,5
1,2,1536,1536,band_vals,1,56.457250,55.900709,56.859917,5
1,2,1536,1536,band32_vals,1,83.923708,81.977625,83.929500,5
1,1024,32,16,jacobi,1,1.363875,1.315833,1.396208,25
1,1024,32,16,qr,1,1.939792,1.918042,1.972750,25
1,1024,32,16,gk,1,0.935583,0.917209,0.972083,25
1,1024,32,16,gk_vals,1,0.492041,0.482250,0.513125,25
1,1024,32,16,cpu_vals,1,0.673750,0.662458,0.684166,25
1,1024,32,16,gk_share,1,0.939875,0.933667,0.994042,25
1,1024,32,16,gk_share_vals,1,0.658250,0.651375,0.681833,25
1,1024,32,16,cpu,1,1.755375,1.736917,1.794875,25
1,4,1024,32,jacobi,1,0.919250,0.869708,0.945375,25
1,4,1024,32,block,1,4.079125,3.988125,4.259750,25
1,4,1024,32,qr,1,0.792209,0.783666,0.810875,25
1,4,1024,32,qrblock,1,2.222958,2.190792,2.264000,25
1,4,1024,32,gk,1,1.257334,1.227834,1.327750,25
1,4,1024,32,gk_vals,1,0.824792,0.813125,0.843042,25
1,4,1024,32,cpu_vals,1,0.201458,0.198458,0.206500,25
1,4,1024,32,cpu,1,0.345125,0.341041,0.348792,25
1,1,24,24,jacobi,1,0.247000,0.241292,0.258333,25
1,1,24,24,gk,1,0.555125,0.521250,0.583833,25
1,1,24,24,gk_vals,1,0.334833,0.303875,0.363042,25
1,1,24,24,cpu_vals,1,0.012959,0.012875,0.013083,25
1,1,24,24,cpu,1,0.033417,0.033292,0.033750,25
1,256,64,8,jacobi,1,0.280459,0.267375,0.297417,25
1,256,64,8,qr,1,0.615250,0.605333,0.644250,25
1,256,64,8,gk,1,0.222541,0.220000,0.234708,25
1,256,64,8,gk_vals,1,0.176916,0.173333,0.178625,25
1,256,64,8,cpu_vals,1,0.186625,0.183000,0.191708,25
1,256,64,8,gk_share,1,0.354625,0.320041,0.374958,25
1,256,64,8,gk_share_vals,1,0.308167,0.287000,0.327375,25
1,256,64,8,cpu,1,0.254958,0.247458,0.273584,25
1,64,512,16,jacobi,1,0.513000,0.510166,0.576875,25
1,64,512,16,qr,1,0.923458,0.902250,0.938833,25
1,64,512,16,gk,1,0.997292,0.980917,1.017875,25
1,64,512,16,gk_vals,1,0.686583,0.669209,0.714166,25
1,64,512,16,cpu_vals,1,0.320416,0.262000,0.593917,25
1,64,512,16,gk_share,1,1.127916,1.049584,1.645250,25
1,64,512,16,gk_share_vals,1,0.656250,0.640375,0.743166,25
1,64,512,16,cpu,1,0.446084,0.427625,0.519833,25
1,16,32,32,jacobi,1,0.551500,0.521875,0.999375,25
1,16,32,32,block,1,2.193250,2.114875,2.272083,25
1,16,32,32,gk,1,0.668834,0.654625,0.697833,25
1,16,32,32,gk_vals,1,0.473333,0.447708,0.506416,25
1,16,32,32,cpu_vals,1,0.102083,0.092292,0.197208,25
1,16,32,32,cpu,1,0.166750,0.164375,0.172792,25
1,1,2048,64,jacobi,1,8.472834,8.468823,8.482343,18
1,1,2048,64,block,1,7.921750,7.839646,7.972104,19
1,1,2048,64,qr,1,2.001500,1.946375,2.052708,25
1,1,2048,64,qrblock,1,3.348917,3.305916,3.439625,25
1,1,2048,64,gk,1,3.028000,2.964708,3.043666,25
1,1,2048,64,gk_vals,1,2.388583,2.382042,2.412916,25
1,1,2048,64,cpu_vals,1,0.425583,0.423209,0.431584,25
1,1,2048,64,cpu,1,0.856458,0.849625,0.871209,25
1,4096,256,64,jacobi,1,334.812625,330.783917,335.213542,3
1,4096,256,64,block,1,169.145542,162.829917,169.299458,5
1,4096,256,64,qr,1,209.836083,208.895958,209.935000,5
1,4096,256,64,qrblock,1,132.377958,131.733917,133.344708,5
1,4096,256,64,gk,1,100.440792,100.291875,100.968625,5
1,4096,256,64,gk_vals,0,0.000000,0.000000,0.000000,0
1,4096,256,64,cpu_vals,1,41.580542,41.469583,43.289458,5
1,4096,256,64,gk_share,1,56.915791,56.451542,58.045834,5
1,4096,256,64,gk_share_vals,1,25.596437,25.343229,26.018959,6
1,4096,256,64,cpu,1,96.888167,96.087500,97.244792,5
1,1024,256,16,jacobi,1,3.155041,3.134208,3.184000,25
1,1024,256,16,qr,1,3.032625,2.996542,3.049584,25
1,1024,256,16,gk,1,2.578958,2.570334,2.602167,25
1,1024,256,16,gk_vals,1,1.337625,1.314959,1.346916,25
1,1024,256,16,cpu_vals,1,1.677209,1.299458,1.753459,25
1,1024,256,16,gk_share,1,1.802750,1.778625,1.859959,25
1,1024,256,16,gk_share_vals,1,1.004375,0.987875,1.023625,25
1,1024,256,16,cpu,1,3.180084,3.145375,3.222792,25
1,64,256,256,jacobi,1,302.274292,301.496646,302.496896,3
1,64,256,256,block,1,85.823833,84.487416,87.092708,5
1,64,256,256,cpu,1,19.992000,19.852094,20.172469,8
1,64,256,256,bidiag,1,309.064250,308.622896,309.628271,3
1,64,256,256,bidiag_vals,1,216.138208,213.262916,219.801167,5
1,64,256,256,cpu_vals,1,10.744146,10.593072,10.993166,14
1,4096,128,16,jacobi,1,7.189959,7.092625,7.289000,21
1,4096,128,16,qr,1,7.240709,7.125125,7.301833,21
1,4096,128,16,gk,1,5.536041,5.449167,5.668792,25
1,4096,128,16,gk_vals,1,2.606750,2.555959,2.767584,25
1,4096,128,16,cpu_vals,1,3.652459,3.532625,3.761750,25
1,4096,128,16,gk_share,1,4.681667,4.605958,4.869750,25
1,4096,128,16,gk_share_vals,1,2.849291,2.785250,2.964958,25
1,4096,128,16,cpu,1,8.722063,8.645105,8.773697,18
1,1,1280,1280,cpu,1,103.472791,102.494875,103.766250,5
1,1,1280,1280,bidiag,1,47.692792,47.641875,47.881125,5
1,1,1280,1280,bidiag_vals,1,32.763667,32.690167,32.767917,5
1,1,1280,1280,cpu_vals,1,48.968458,48.952500,49.092458,5
1,1,1280,1280,band,1,37.235292,37.093834,37.853291,5
1,1,1280,1280,band8_vals,1,27.468646,27.307699,27.921000,6
1,1,1280,1280,band_vals,1,26.306208,26.240917,26.345844,6
1,1,1280,1280,band32_vals,1,36.340458,36.233750,36.764208,5
1,4096,64,8,jacobi,1,1.412083,1.353583,1.457750,25
1,4096,64,8,qr,1,2.269375,2.223375,2.363916,25
1,4096,64,8,gk,1,1.387500,1.376917,1.418208,25
1,4096,64,8,gk_vals,1,0.695167,0.674041,0.740250,25
1,4096,64,8,cpu_vals,1,1.741333,1.715000,1.788916,25
1,4096,64,8,gk_share,1,1.357458,1.327625,1.559917,25
1,4096,64,8,gk_share_vals,1,0.879750,0.866917,0.893792,25
1,4096,64,8,cpu,1,2.652625,2.634833,2.723208,25
1,64,16,16,jacobi,1,0.536292,0.509333,0.598709,25
1,64,16,16,gk,1,0.317208,0.293334,0.340750,25
1,64,16,16,gk_vals,1,0.243625,0.223125,0.255833,25
1,64,16,16,cpu_vals,1,0.121000,0.114625,0.168916,25
1,64,16,16,gk_share,1,0.412500,0.408292,0.423542,25
1,64,16,16,gk_share_vals,1,0.335833,0.330541,0.340875,25
1,64,16,16,cpu,1,0.158667,0.153625,0.172709,25
1,256,256,16,jacobi,1,1.053708,0.997166,1.074333,25
1,256,256,16,qr,1,1.201208,1.192792,1.267042,25
1,256,256,16,gk,1,0.928583,0.879708,0.948666,25
1,256,256,16,gk_vals,1,0.516375,0.494000,0.560208,25
1,256,256,16,cpu_vals,1,0.615666,0.452334,0.661334,25
1,256,256,16,gk_share,1,0.770709,0.755750,0.814000,25
1,256,256,16,gk_share_vals,1,0.512459,0.507750,0.532208,25
1,256,256,16,cpu,1,0.768792,0.748708,0.802333,25
1,1,64,16,jacobi,1,0.252917,0.241917,0.270000,25
1,1,64,16,qr,1,0.414959,0.405458,0.427334,25
1,1,64,16,gk,1,0.308125,0.301875,0.320209,25
1,1,64,16,gk_vals,1,0.253375,0.243750,0.263000,25
1,1,64,16,cpu_vals,1,0.011000,0.010875,0.011417,25
1,1,64,16,cpu,1,0.032958,0.027792,0.033167,25
1,1024,256,256,jacobi,1,4681.925083,4666.604854,4687.604375,3
1,1024,256,256,block,1,1451.210833,1441.567375,1457.039916,3
1,1024,256,256,cpu,1,291.615916,290.703666,294.127875,5
1,1,128,8,jacobi,1,0.316375,0.294541,0.371917,25
1,1,128,8,qr,1,0.379166,0.365834,0.400667,25
1,1,128,8,gk,1,0.189459,0.184375,0.196417,25
1,1,128,8,gk_vals,1,0.175000,0.161292,0.222417,25
1,1,128,8,cpu_vals,1,0.007000,0.006917,0.007042,25
1,1,128,8,cpu,1,0.011417,0.011334,0.011542,25
1,4096,1024,64,jacobi,1,2521.976958,2504.278417,2522.822791,3
1,4096,1024,64,block,1,456.862250,448.597791,468.578313,3
1,4096,1024,64,qr,1,316.917875,314.227104,320.963937,3
1,4096,1024,64,qrblock,1,287.555250,268.377709,289.723167,5
1,4096,1024,64,gk,1,212.660209,211.671917,214.420333,5
1,4096,1024,64,gk_vals,1,128.923500,128.758708,129.037792,5
1,4096,1024,64,cpu_vals,1,127.047291,126.525625,128.285000,5
1,4096,1024,64,gk_share,1,136.309042,135.648291,149.827875,5
1,4096,1024,64,gk_share_vals,1,69.905167,69.602375,71.385833,5
1,4096,1024,64,cpu,1,258.376916,258.360625,258.702250,5
1,1,4096,4096,cpu,1,3655.732375,3638.143417,3659.303480,3
1,1,4096,4096,bidiag,1,885.926333,884.380375,891.123646,3
1,1,4096,4096,bidiag_vals,1,769.742708,766.591479,769.856104,3
1,1,4096,4096,cpu_vals,1,2020.655375,2003.492646,2026.778813,3
1,1,4096,4096,band,1,348.498042,347.949563,354.355771,3
1,1,4096,4096,band8_vals,1,310.640250,310.632896,311.048479,3
1,1,4096,4096,band_vals,1,206.326583,205.769959,208.355375,5
1,1,4096,4096,band32_vals,1,213.088833,208.918459,213.124042,5
1,4,768,768,jacobi,1,1370.474292,1361.499604,1372.977333,3
1,4,768,768,block,1,117.509000,115.833417,117.923208,5
1,4,768,768,cpu,1,40.331166,39.407041,40.378292,5
1,4,768,768,bidiag,1,68.835792,68.728042,69.097500,5
1,4,768,768,bidiag_vals,1,53.249959,53.230458,53.561792,5
1,4,768,768,cpu_vals,1,18.989354,18.270188,19.366792,8
1,4,768,768,band,1,79.603875,77.938125,79.737292,5
1,4,768,768,band8_vals,1,41.729333,41.616250,42.541750,5
1,4,768,768,band_vals,1,43.821250,43.805625,44.266917,5
1,4,768,768,band32_vals,1,68.185500,68.031125,68.285583,5
1,16,192,192,jacobi,1,18.667000,18.619375,18.712583,9
1,16,192,192,block,1,13.018125,12.895146,13.100552,12
1,16,192,192,cpu,1,3.096167,3.045500,3.381041,25
1,16,192,192,bidiag,1,56.776500,56.635708,57.059166,5
1,16,192,192,bidiag_vals,1,40.446625,40.232541,40.449500,5
1,16,192,192,cpu_vals,1,1.750458,1.524125,2.108500,25
1,16,384,384,jacobi,1,244.163542,243.954500,244.983417,5
1,16,384,384,block,1,68.206625,67.982583,68.323375,5
1,16,384,384,cpu,1,13.640250,13.033417,14.620896,11
1,16,384,384,bidiag,1,113.968209,113.593917,114.690208,5
1,16,384,384,bidiag_vals,1,86.447458,86.384375,86.554958,5
1,16,384,384,cpu_vals,1,7.411458,7.292125,7.476250,21
1,4096,16,8,jacobi,1,1.172667,1.125292,1.513958,25
1,4096,16,8,qr,1,1.803500,1.780500,1.880084,25
1,4096,16,8,gk,1,0.852167,0.802209,0.879333,25
1,4096,16,8,gk_vals,1,0.507291,0.479958,0.522625,25
1,4096,16,8,cpu_vals,1,1.040166,1.021792,1.063792,25
1,4096,16,8,gk_share,1,1.046834,1.014875,1.061500,25
1,4096,16,8,gk_share_vals,1,0.704709,0.685708,0.740042,25
1,4096,16,8,cpu,1,1.818042,1.804917,1.903167,25
1,1,128,64,jacobi,1,1.035375,1.002625,1.076916,25
1,1,128,64,block,1,2.685333,2.631500,2.865291,25
1,1,128,64,qr,1,1.160333,1.138625,1.198083,25
1,1,128,64,qrblock,1,2.756625,2.679000,2.956709,25
1,1,128,64,gk,1,2.040917,2.016000,2.091041,25
1,1,128,64,gk_vals,1,1.450541,1.431208,1.468083,25
1,1,128,64,cpu_vals,1,0.105375,0.103666,0.107750,25
1,1,128,64,cpu,1,0.251500,0.250500,0.256292,25
1,4096,1024,128,qr,1,2230.827625,2208.618041,2234.471417,3
1,4096,1024,128,qrblock,1,1127.056833,1109.766042,1140.256229,3
1,4096,1024,128,cpu,1,921.137500,920.752375,924.017355,3
1,1024,256,64,jacobi,1,84.177208,80.232000,89.676792,5
1,1024,256,64,block,1,42.692958,42.556167,42.795916,5
1,1024,256,64,qr,1,53.798041,53.751583,54.591167,5
1,1024,256,64,qrblock,1,33.576750,33.571958,34.487500,5
1,1024,256,64,gk,1,26.649500,26.190760,26.882990,6
1,1024,256,64,gk_vals,1,13.257041,13.081594,13.346552,12
1,1024,256,64,cpu_vals,1,10.932813,10.526740,11.237115,14
1,1024,256,64,gk_share,1,15.563458,15.319771,15.779635,10
1,1024,256,64,gk_share_vals,1,7.872375,7.725812,8.212958,19
1,1024,256,64,cpu,1,26.063271,25.666219,26.497855,6
1,1024,128,32,jacobi,1,8.466687,8.332093,8.569251,18
1,1024,128,32,block,1,8.622395,8.540614,8.859604,18
1,1024,128,32,qr,1,7.899708,7.834917,8.085417,19
1,1024,128,32,qrblock,1,8.254000,8.148771,8.365458,19
1,1024,128,32,gk,1,5.972959,5.885458,6.052584,25
1,1024,128,32,gk_vals,1,3.576416,3.522792,3.647167,25
1,1024,128,32,cpu_vals,1,2.828916,2.666958,2.951042,25
1,1024,128,32,gk_share,1,3.815500,3.788875,4.276292,25
1,1024,128,32,gk_share_vals,1,1.878083,1.850958,1.886875,25
1,1024,128,32,cpu,1,6.446167,6.388344,6.547344,24
1,256,128,128,jacobi,1,114.874667,113.456041,119.667792,5
1,256,128,128,block,1,48.985250,48.819417,49.130875,5
1,256,128,128,cpu,1,21.368375,21.276938,21.615521,7
1,256,128,128,bidiag,1,613.725958,612.411396,617.096313,3
1,256,128,128,bidiag_vals,1,407.910208,407.281208,408.064645,3
1,256,128,128,cpu_vals,1,14.370500,14.284313,14.510521,11
1,16,2048,64,jacobi,1,19.550083,19.437270,19.663052,8
1,16,2048,64,block,1,10.129417,9.885979,10.248750,15
1,16,2048,64,qr,1,2.492083,2.426416,2.519958,25
1,16,2048,64,qrblock,1,4.154208,4.131917,4.178500,25
1,16,2048,64,gk,1,3.613583,3.587375,3.665292,25
1,16,2048,64,gk_vals,1,2.686208,2.650625,2.739125,25
1,16,2048,64,cpu_vals,1,1.913667,1.480583,1.946959,25
1,16,2048,64,cpu,1,3.148708,2.800625,3.210500,25
1,256,2048,256,qr,1,1173.288333,1171.587520,1185.080833,3
1,256,2048,256,qrblock,1,460.051917,459.036792,473.892417,3
1,256,2048,256,cpu,1,271.349084,267.455834,272.368667,5
1,4,384,384,jacobi,1,127.697625,127.686417,127.765041,5
1,4,384,384,block,1,28.443521,28.401395,28.523395,6
1,4,384,384,cpu,1,8.687646,8.604396,8.760051,18
1,4,384,384,bidiag,1,28.400958,28.372229,28.488968,6
1,4,384,384,bidiag_vals,1,22.119125,22.067270,22.442062,7
1,4,384,384,cpu_vals,1,4.195833,4.160875,4.373125,25
1,1024,1024,32,jacobi,1,138.050292,136.929500,138.321333,5
1,1024,1024,32,block,1,35.283125,35.069166,35.331916,5
1,1024,1024,32,qr,1,18.801041,18.240625,18.902083,9
1,1024,1024,32,qrblock,1,18.455875,18.190083,18.998166,9
1,1024,1024,32,gk,1,15.685479,15.180084,15.931678,10
1,1024,1024,32,gk_vals,1,8.631563,8.442751,8.736531,18
1,1024,1024,32,cpu_vals,1,10.954355,10.761011,11.042760,14
1,1024,1024,32,gk_share,1,14.671833,14.479646,14.837312,11
1,1024,1024,32,gk_share_vals,1,7.769521,7.653875,7.912157,20
1,1024,1024,32,cpu,1,21.335458,20.938073,21.503927,8
1,1024,128,64,jacobi,1,57.152833,55.936792,57.264667,5
1,1024,128,64,block,1,31.512542,31.379958,31.990542,5
1,1024,128,64,qr,1,50.365584,49.837375,50.461583,5
1,1024,128,64,qrblock,1,30.427250,29.910667,30.645792,5
1,1024,128,64,gk,1,22.144125,21.993021,22.334187,7
1,1024,128,64,gk_vals,1,10.874417,10.825656,10.963323,14
1,1024,128,64,cpu_vals,1,8.312125,8.206979,8.396229,19
1,1024,128,64,gk_share,1,12.987229,12.889625,13.491583,12
1,1024,128,64,gk_share_vals,1,6.410292,6.336917,6.564749,23
1,1024,128,64,cpu,1,20.606916,20.378198,20.902947,8
1,64,512,32,jacobi,1,1.957000,1.924750,1.975709,25
1,64,512,32,block,1,3.450583,3.392959,3.512125,25
1,64,512,32,qr,1,1.359417,1.328750,1.412083,25
1,64,512,32,qrblock,1,2.576375,2.546750,2.636000,25
1,64,512,32,gk,1,1.583584,1.520917,1.635458,25
1,64,512,32,gk_vals,1,0.967958,0.951000,1.019958,25
1,64,512,32,cpu_vals,1,0.719000,0.543709,0.742084,25
1,64,512,32,gk_share,1,1.783708,1.716459,1.862875,25
1,64,512,32,gk_share_vals,1,1.342125,1.107583,1.412042,25
1,64,512,32,cpu,1,1.417667,0.980250,1.502167,25
1,4,1024,256,jacobi,1,106.568625,106.515000,107.022334,5
1,4,1024,256,block,1,20.036812,19.970792,20.141156,8
1,4,1024,256,qr,1,30.325708,30.290375,30.411125,5
1,4,1024,256,qrblock,1,14.829792,14.751688,14.902646,11
1,4,1024,256,cpu,1,7.370917,7.230042,7.526292,21
1,4,1024,256,bidiag,1,29.180917,28.773364,29.387625,6
1,4,1024,256,bidiag_vals,1,23.199792,22.390999,23.419979,7
1,4,1024,256,cpu_vals,1,3.915250,3.663208,4.111084,25
1,4,512,64,jacobi,1,1.968125,1.952167,2.001875,25
1,4,512,64,block,1,3.744083,3.695291,3.836959,25
1,4,512,64,qr,1,1.553792,1.541250,1.580792,25
1,4,512,64,qrblock,1,3.112416,3.061708,3.176792,25
1,4,512,64,gk,1,2.658667,2.631959,2.669750,25
1,4,512,64,gk_vals,1,2.026708,2.007750,2.041417,25
1,4,512,64,cpu_vals,1,0.336000,0.329833,0.340750,25
1,4,512,64,cpu,1,0.660417,0.657459,0.665500,25
1,1,16,16,jacobi,1,0.227666,0.208500,0.261208,25
1,1,16,16,gk,1,0.389250,0.359167,0.430333,25
1,1,16,16,gk_vals,1,0.236583,0.230833,0.260500,25
1,1,16,16,cpu_vals,1,0.008125,0.007750,0.008208,25
1,1,16,16,cpu,1,0.016667,0.015917,0.016792,25
1,16,128,16,jacobi,1,0.298583,0.282958,0.310125,25
1,16,128,16,qr,1,0.507709,0.479250,0.549166,25
1,16,128,16,gk,1,0.334750,0.315167,0.345875,25
1,16,128,16,gk_vals,1,0.256583,0.245291,0.266667,25
1,16,128,16,cpu_vals,1,0.087875,0.080750,0.106834,25
1,16,128,16,cpu,1,0.139667,0.130375,0.192292,25
1,1,1792,1792,cpu,1,221.560916,220.922125,221.720000,5
1,1,1792,1792,bidiag,1,87.862917,87.240792,89.893750,5
1,1,1792,1792,bidiag_vals,1,65.488375,65.372750,65.505875,5
1,1,1792,1792,cpu_vals,1,107.042334,106.952125,107.153958,5
1,1,1792,1792,band,1,67.596708,66.534417,68.272667,5
1,1,1792,1792,band8_vals,1,50.588792,50.096125,50.680000,5
1,1,1792,1792,band_vals,1,43.353666,43.273917,43.386625,5
1,1,1792,1792,band32_vals,1,65.754875,65.494833,65.988709,5
1,16,96,96,jacobi,1,2.218958,2.183958,2.249833,25
1,16,96,96,block,1,4.697416,4.655750,4.817667,25
1,16,96,96,cpu,1,1.235250,0.827625,1.262042,25
1,1024,16,16,jacobi,1,1.424083,1.377583,1.436958,25
1,1024,16,16,gk,1,0.686750,0.680709,0.795208,25
1,1024,16,16,gk_vals,1,0.415667,0.405583,0.449042,25
1,1024,16,16,cpu_vals,1,0.570042,0.510375,0.631834,25
1,1024,16,16,gk_share,1,0.796416,0.782083,0.825958,25
1,1024,16,16,gk_share_vals,1,0.599500,0.578250,0.634000,25
1,1024,16,16,cpu,1,1.125458,1.106000,1.151833,25
1,256,256,64,jacobi,1,22.802167,21.090834,23.461208,7
1,256,256,64,block,1,12.360625,11.925167,12.442167,13
1,256,256,64,qr,1,13.786917,12.399854,14.606782,12
1,256,256,64,qrblock,1,9.970000,9.941521,10.095333,15
1,256,256,64,gk,1,7.855584,7.776760,8.018968,20
1,256,256,64,gk_vals,1,4.032333,3.990125,4.052208,25
1,256,256,64,cpu_vals,1,3.417375,3.375500,3.470292,25
1,256,256,64,gk_share,1,5.411833,5.343208,6.456250,25
1,256,256,64,gk_share_vals,1,3.544166,3.363542,4.577042,25
1,256,256,64,cpu,1,7.351375,7.173500,7.469625,21
1,4096,512,64,jacobi,1,533.239792,532.589938,542.640708,3
1,4096,512,64,block,1,293.211667,292.015250,303.415729,3
1,4096,512,64,qr,1,244.854750,238.818708,279.172750,5
1,4096,512,64,qrblock,1,164.573459,162.528291,171.250917,5
1,4096,512,64,gk,1,131.555458,131.256125,131.569459,5
1,4096,512,64,gk_vals,1,67.757625,67.418625,67.827083,5
1,4096,512,64,cpu_vals,1,74.405458,73.882417,74.495167,5
1,4096,512,64,gk_share,1,87.707708,86.212333,91.756458,5
1,4096,512,64,gk_share_vals,1,40.389042,39.914292,40.654291,5
1,4096,512,64,cpu,1,150.699125,149.467083,153.459250,5
1,16,1024,256,jacobi,1,187.003375,186.952000,187.627500,5
1,16,1024,256,block,1,38.229416,38.001083,38.560333,5
1,16,1024,256,qr,1,62.429333,62.072334,62.832208,5
1,16,1024,256,qrblock,1,24.174625,24.018854,24.469479,7
1,16,1024,256,cpu,1,11.979833,11.891167,12.066583,13
1,16,1024,256,bidiag,1,113.306541,113.245625,113.688166,5
1,16,1024,256,bidiag_vals,1,89.161834,88.873334,89.235958,5
1,16,1024,256,cpu_vals,1,6.692021,6.026188,7.573979,22
1,1,32,16,jacobi,1,0.422917,0.393833,0.711625,25
1,1,32,16,qr,1,0.424250,0.402792,0.481500,25
1,1,32,16,gk,1,0.291084,0.283459,0.301250,25
1,1,32,16,gk_vals,1,0.248666,0.238917,0.277667,25
1,1,32,16,cpu_vals,1,0.010416,0.010292,0.010750,25
1,1,32,16,cpu,1,0.024250,0.023750,0.025625,25
1,4,64,32,jacobi,1,0.352083,0.322292,1.053042,25
1,4,64,32,block,1,2.054125,2.007333,2.083625,25
1,4,64,32,qr,1,0.531625,0.520083,0.537917,25
1,4,64,32,qrblock,1,2.138208,2.079459,2.179458,25
1,4,64,32,gk,1,0.724584,0.706375,0.775250,25
1,4,64,32,gk_vals,1,0.508375,0.466791,0.529583,25
1,4,64,32,cpu_vals,1,0.048834,0.045250,0.050292,25
1,4,64,32,cpu,1,0.091084,0.087167,0.094083,25
1,1024,1024,256,qrblock,1,1557.156834,1535.866875,1558.400834,3
1,1024,1024,256,cpu,1,603.308291,600.743250,609.065500,3
1,4096,128,8,jacobi,1,1.926750,1.907791,1.968708,25
1,4096,128,8,qr,1,2.994542,2.949875,3.047334,25
1,4096,128,8,gk,1,2.036917,2.029250,2.043625,25
1,4096,128,8,gk_vals,1,0.960833,0.941458,0.997542,25
1,4096,128,8,cpu_vals,1,1.914000,1.711083,1.957375,25
1,4096,128,8,gk_share,1,1.987667,1.939084,2.205625,25
1,4096,128,8,gk_share_vals,1,1.286500,1.202000,1.338708,25
1,4096,128,8,cpu,1,3.168041,2.879917,3.191792,25
1,64,384,384,jacobi,1,1336.033750,1323.630375,1336.923708,3
1,64,384,384,block,1,286.034750,285.746958,286.267250,5
1,64,384,384,cpu,1,44.487708,44.090583,45.041250,5
1,64,384,384,bidiag,1,502.718541,486.343145,504.804958,3
1,64,384,384,bidiag_vals,1,371.736708,371.156979,372.113104,3
1,64,384,384,cpu_vals,1,23.796625,23.695479,23.942062,7
1,1024,512,64,jacobi,1,138.520208,130.904542,138.697458,5
1,1024,512,64,block,1,66.838791,66.766458,67.203084,5
1,1024,512,64,qr,1,59.795000,59.202375,60.691041,5
1,1024,512,64,qrblock,1,40.909584,40.839375,40.958875,5
1,1024,512,64,gk,1,33.974791,33.903042,34.051375,5
1,1024,512,64,gk_vals,1,17.983208,17.873750,18.060125,9
1,1024,512,64,cpu_vals,1,19.332687,19.276636,19.565938,8
1,1024,512,64,gk_share,1,23.869083,23.595709,25.729166,7
1,1024,512,64,gk_share_vals,1,11.428500,11.219500,12.061250,13
1,1024,512,64,cpu,1,40.781166,39.954500,40.782625,5
1,16,512,512,jacobi,1,976.149333,970.286187,977.293563,3
1,16,512,512,block,1,162.629209,160.061375,164.196917,5
1,16,512,512,cpu,1,28.060958,27.598031,28.369291,6
1,16,512,512,bidiag,1,164.349083,162.079708,166.090334,5
1,16,512,512,bidiag_vals,1,119.473958,119.045792,119.987083,5
1,16,512,512,cpu_vals,1,15.729522,15.583812,16.390656,10
1,16,512,512,band,1,181.565667,180.884542,182.765958,5
1,16,512,512,band8_vals,1,90.137541,89.847792,90.459333,5
1,16,512,512,band_vals,1,92.788875,92.607500,94.923542,5
1,16,512,512,band32_vals,1,153.991792,153.787750,154.551542,5
1,64,4,4,jacobi,1,0.158667,0.152208,0.176792,25
1,64,4,4,gk,1,0.155625,0.147584,0.172292,25
1,64,4,4,gk_vals,1,0.153292,0.135791,0.165417,25
1,64,4,4,cpu_vals,1,0.097959,0.076208,0.101791,25
1,64,4,4,gk_share,1,0.257208,0.247750,0.264167,25
1,64,4,4,gk_share_vals,1,0.126542,0.119208,0.141291,25
1,64,4,4,cpu,1,0.135666,0.061000,0.140750,25
1,64,256,64,jacobi,1,4.524667,4.485500,4.609042,25
1,64,256,64,block,1,4.672167,4.548791,4.799209,25
1,64,256,64,qr,1,3.397541,3.328792,3.450333,25
1,64,256,64,qrblock,1,4.254417,4.117208,4.335667,25
1,64,256,64,gk,1,3.038125,2.988916,3.086458,25
1,64,256,64,gk_vals,1,2.090875,2.072292,2.175959,25
1,64,256,64,cpu_vals,1,1.007500,0.974833,1.431333,25
1,64,256,64,gk_share,1,3.221083,3.134208,3.384541,25
1,64,256,64,gk_share_vals,1,2.274625,2.188083,2.436500,25
1,64,256,64,cpu,1,2.021291,1.974667,2.374500,25
1,64,64,32,jacobi,1,0.781334,0.735000,0.799083,25
1,64,64,32,block,1,2.144625,2.110542,2.185750,25
1,64,64,32,qr,1,1.049458,1.034833,1.090500,25
1,64,64,32,qrblock,1,2.454375,2.435334,2.510417,25
1,64,64,32,gk,1,0.810209,0.784041,0.839709,25
1,64,64,32,gk_vals,1,0.513459,0.501708,0.519583,25
1,64,64,32,cpu_vals,1,0.236875,0.219875,0.265750,25
1,64,64,32,gk_share,1,0.909541,0.854000,0.957166,25
1,64,64,32,gk_share_vals,1,0.614333,0.609167,0.629833,25
1,64,64,32,cpu,1,0.436166,0.430375,0.517250,25
1,16,24,24,jacobi,1,0.339125,0.324334,0.348917,25
1,16,24,24,gk,1,0.609833,0.491167,0.724250,25
1,16,24,24,gk_vals,1,0.314542,0.308167,0.332333,25
1,16,24,24,cpu_vals,1,0.078625,0.071292,0.172708,25
1,16,24,24,cpu,1,0.137667,0.135667,0.139208,25
1,256,384,384,jacobi,1,5722.269667,5591.789771,5751.299375,3
1,256,384,384,block,1,1189.853792,1181.919792,1190.957334,3
1,256,384,384,cpu,1,171.016750,169.886542,172.309417,5
1,64,24,24,jacobi,1,0.757208,0.466041,0.841542,25
1,64,24,24,gk,1,0.492708,0.476458,0.510083,25
1,64,24,24,gk_vals,1,0.323250,0.315375,0.338958,25
1,64,24,24,cpu_vals,1,0.151750,0.148208,0.159041,25
1,64,24,24,gk_share,1,0.583334,0.567209,0.592250,25
1,64,24,24,gk_share_vals,1,0.432875,0.425792,0.438500,25
1,64,24,24,cpu,1,0.263833,0.252291,0.268625,25
1,4096,96,96,jacobi,1,782.057250,779.922208,785.107229,3
1,4096,96,96,block,1,348.680792,347.123771,349.537041,3
1,4096,96,96,cpu,1,152.230375,150.815208,153.127333,5
1,1,96,96,jacobi,1,2.124042,2.116333,2.129833,25
1,1,96,96,block,1,3.941375,3.896250,4.134250,25
1,1,96,96,cpu,1,0.534459,0.530250,0.543167,25
1,4096,80,80,jacobi,1,417.964666,410.265167,418.863312,3
1,4096,80,80,block,1,311.440916,311.368167,315.875708,3
1,4096,80,80,gk,1,137.538083,137.200500,139.339167,5
1,4096,80,80,gk_vals,1,59.242750,59.126583,59.418625,5
1,4096,80,80,cpu_vals,1,53.330167,53.249583,53.572542,5
1,4096,80,80,gk_share,1,64.076084,63.654125,64.267250,5
1,4096,80,80,gk_share_vals,1,33.121458,32.739042,33.340833,5
1,4096,80,80,cpu,1,99.994750,98.613417,101.809458,5
1,1,128,128,jacobi,1,4.472250,4.461500,4.500167,25
1,1,128,128,block,1,6.147958,6.054708,6.328084,25
1,1,128,128,cpu,1,1.014583,1.009792,1.022125,25
1,1,128,128,bidiag,1,2.769333,2.722209,2.990916,25
1,1,128,128,bidiag_vals,1,1.671459,1.650625,1.744125,25
1,1,128,128,cpu_vals,1,0.622875,0.619625,0.626041,25
1,256,256,8,jacobi,1,0.354250,0.350333,0.378084,25
1,256,256,8,qr,1,0.920459,0.906750,0.941625,25
1,256,256,8,gk,1,0.392500,0.391125,0.400708,25
1,256,256,8,gk_vals,1,0.244500,0.232292,0.263458,25
1,256,256,8,cpu_vals,1,0.248084,0.225500,0.583917,25
1,256,256,8,gk_share,1,0.455791,0.420167,0.470042,25
1,256,256,8,gk_share_vals,1,0.326583,0.320417,0.357541,25
1,256,256,8,cpu,1,0.377709,0.373292,0.385625,25
1,1,192,192,jacobi,1,13.812167,13.778416,13.814917,11
1,1,192,192,block,1,9.515625,9.424427,9.612490,16
1,1,192,192,cpu,1,1.895208,1.873958,1.908958,25
1,1,192,192,bidiag,1,4.075708,4.051792,4.101666,25
1,1,192,192,bidiag_vals,1,2.650250,2.645625,2.661291,25
1,1,192,192,cpu_vals,1,0.857750,0.849708,0.865791,25
1,4,512,512,jacobi,1,330.584167,330.484146,331.075896,3
1,4,512,512,block,1,48.068541,47.905458,48.342792,5
1,4,512,512,cpu,1,18.553000,18.451542,18.583958,9
1,4,512,512,bidiag,1,39.809417,39.780125,40.008167,5
1,4,512,512,bidiag_vals,1,31.633125,31.261250,31.676750,5
1,4,512,512,cpu_vals,1,9.046000,8.922917,9.534584,17
1,4,512,512,band,1,47.259167,46.675542,48.058583,5
1,4,512,512,band8_vals,1,24.969187,24.832531,25.116063,6
1,4,512,512,band_vals,1,26.917646,26.857667,26.972812,6
1,4,512,512,band32_vals,1,41.756083,41.484125,41.765250,5
1,1,4,4,jacobi,1,0.144083,0.139750,0.167625,25
1,1,4,4,gk,1,0.150083,0.144083,0.166375,25
1,1,4,4,gk_vals,1,0.147042,0.138875,0.157583,25
1,1,4,4,cpu_vals,1,0.003375,0.003334,0.003667,25
1,1,4,4,cpu,1,0.003625,0.003583,0.003833,25
1,1,256,8,jacobi,1,0.179792,0.173834,0.189166,25
1,1,256,8,qr,1,0.371084,0.347500,0.391333,25
1,1,256,8,gk,1,0.202792,0.193916,0.235167,25
1,1,256,8,gk_vals,1,0.181166,0.162083,0.195625,25
1,1,256,8,cpu_vals,1,0.008709,0.008167,0.009125,25
1,1,256,8,cpu,1,0.014209,0.014042,0.015083,25
1,64,128,32,jacobi,1,0.902750,0.859041,0.923625,25
1,64,128,32,block,1,2.194959,2.108834,2.280750,25
1,64,128,32,qr,1,1.153750,1.086000,1.187625,25
1,64,128,32,qrblock,1,2.321125,2.278292,2.355334,25
1,64,128,32,gk,1,0.853417,0.800416,0.876042,25
1,64,128,32,gk_vals,1,0.543667,0.528459,0.565459,25
1,64,128,32,cpu_vals,1,0.282458,0.247250,0.585667,25
1,64,128,32,gk_share,1,0.949250,0.917250,0.984459,25
1,64,128,32,gk_share_vals,1,0.632375,0.629750,0.649042,25
1,64,128,32,cpu,1,0.474167,0.469917,0.493750,25
1,1,2048,2048,cpu,1,458.395291,456.585208,459.344687,3
1,1,2048,2048,bidiag,1,119.054250,116.968625,120.222583,5
1,1,2048,2048,bidiag_vals,1,88.417708,88.401250,88.449167,5
1,1,2048,2048,cpu_vals,1,206.561292,201.912542,208.748125,5
1,1,2048,2048,band,1,79.862417,79.064792,80.346833,5
1,1,2048,2048,band8_vals,1,63.679917,63.538542,64.274042,5
1,1,2048,2048,band_vals,1,53.060584,52.924000,53.251291,5
1,1,2048,2048,band32_vals,1,76.377542,76.070042,76.539750,5
1,1024,256,8,jacobi,1,1.009625,0.987667,1.198666,25
1,1024,256,8,qr,1,2.093375,2.060542,2.117333,25
1,1024,256,8,gk,1,1.054625,1.048708,1.093708,25
1,1024,256,8,gk_vals,1,0.502500,0.480500,0.532375,25
1,1024,256,8,cpu_vals,1,0.720875,0.649750,1.045667,25
1,1024,256,8,gk_share,1,0.907833,0.891042,0.930500,25
1,1024,256,8,gk_share_vals,1,0.615833,0.568875,0.638375,25
1,1024,256,8,cpu,1,1.509500,1.061333,1.561917,25
1,256,64,32,jacobi,1,2.023292,2.007375,2.078459,25
1,256,64,32,block,1,3.021291,2.881250,3.083709,25
1,256,64,32,qr,1,2.375709,2.339833,2.392208,25
1,256,64,32,qrblock,1,3.267459,3.230833,3.380084,25
1,256,64,32,gk,1,1.370584,1.362958,1.390542,25
1,256,64,32,gk_vals,1,0.892500,0.869041,0.938917,25
1,256,64,32,cpu_vals,1,0.623000,0.590167,0.650250,25
1,256,64,32,gk_share,1,0.888625,0.881583,0.896958,25
1,256,64,32,gk_share_vals,1,0.648958,0.623625,0.664875,25
1,256,64,32,cpu,1,1.416208,1.386500,1.427750,25
1,1,256,128,jacobi,1,5.299417,5.273792,5.332750,25
1,1,256,128,block,1,5.738125,5.672334,5.905750,25
1,1,256,128,qr,1,4.350000,4.328458,4.374417,25
1,1,256,128,qrblock,1,5.763667,5.707583,5.917459,25
1,1,256,128,cpu,1,1.336459,1.321833,1.348542,25
1,1,256,128,bidiag,1,3.064959,3.041833,3.174417,25
1,1,256,128,bidiag_vals,1,1.995666,1.985458,2.036792,25
1,1,256,128,cpu_vals,1,0.778833,0.774583,0.786250,25
1,256,32,8,jacobi,1,0.233500,0.214666,0.247250,25
1,256,32,8,qr,1,0.597000,0.558667,0.612959,25
1,256,32,8,gk,1,0.199250,0.197916,0.216750,25
1,256,32,8,gk_vals,1,0.174584,0.172250,0.182208,25
1,256,32,8,cpu_vals,1,0.170833,0.167833,0.177959,25
1,256,32,8,gk_share,1,0.349583,0.341375,0.365958,25
1,256,32,8,gk_share_vals,1,0.317791,0.306375,0.334542,25
1,256,32,8,cpu,1,0.230208,0.223542,0.257625,25
1,1024,64,16,jacobi,1,1.648833,1.584917,1.692333,25
1,1024,64,16,qr,1,2.032625,2.005000,2.098833,25
1,1024,64,16,gk,1,1.156417,1.121833,1.172542,25
1,1024,64,16,gk_vals,1,0.682083,0.616000,0.685500,25
1,1024,64,16,cpu_vals,1,0.864667,0.770833,1.264625,25
1,1024,64,16,gk_share,1,1.112583,1.101167,1.138291,25
1,1024,64,16,gk_share_vals,1,0.708958,0.693041,0.734875,25
1,1024,64,16,cpu,1,1.931417,1.905083,2.424708,25
1,64,32,16,jacobi,1,0.781375,0.738167,0.842333,25
1,64,32,16,qr,1,0.560166,0.544041,0.601917,25
1,64,32,16,gk,1,0.308667,0.302667,0.318292,25
1,64,32,16,gk_vals,1,0.253292,0.236250,0.261333,25
1,64,32,16,cpu_vals,1,0.134625,0.129708,0.158084,25
1,64,32,16,gk_share,1,0.428333,0.423167,0.437208,25
1,64,32,16,gk_share_vals,1,0.350625,0.347584,0.354166,25
1,64,32,16,cpu,1,0.203625,0.198416,0.220250,25
1,4,8,8,jacobi,1,0.279667,0.268208,0.309208,25
1,4,8,8,gk,1,0.252458,0.191208,0.368333,25
1,4,8,8,gk_vals,1,0.185917,0.161583,0.244166,25
1,4,8,8,cpu_vals,1,0.016375,0.016083,0.016833,25
1,4,8,8,cpu,1,0.016833,0.015625,0.020083,25
1,4096,8,8,jacobi,1,1.128459,1.117167,1.140541,25
1,4096,8,8,gk,1,0.791375,0.780333,0.833541,25
1,4096,8,8,gk_vals,1,0.461375,0.447209,0.475500,25
1,4096,8,8,cpu_vals,1,0.812500,0.787084,0.894250,25
1,4096,8,8,gk_share,1,0.821000,0.807125,0.885209,25
1,4096,8,8,gk_share_vals,1,0.581458,0.572250,0.601125,25
1,4096,8,8,cpu,1,1.383917,1.357500,1.407291,25
1,4,512,128,jacobi,1,10.080125,10.073229,10.096021,15
1,4,512,128,block,1,6.943917,6.807531,7.050469,22
1,4,512,128,qr,1,5.294208,5.267459,5.334167,25
1,4,512,128,qrblock,1,6.623000,6.457458,6.761687,23
1,4,512,128,cpu,1,1.909584,1.887708,1.916042,25
1,4,512,128,bidiag,1,12.297542,12.159292,12.382000,13
1,4,512,128,bidiag_vals,1,9.014083,8.977875,9.041917,17
1,4,512,128,cpu_vals,1,1.161084,1.158500,1.193583,25
1,64,8,8,jacobi,1,0.193750,0.182292,0.213167,25
1,64,8,8,gk,1,0.248583,0.237500,0.259291,25
1,64,8,8,gk_vals,1,0.192750,0.163500,0.201209,25
1,64,8,8,cpu_vals,1,0.169292,0.124958,0.173667,25
1,64,8,8,gk_share,1,0.292667,0.285834,0.296709,25
1,64,8,8,gk_share_vals,1,0.263958,0.260834,0.266208,25
1,64,8,8,cpu,1,0.104500,0.092709,0.286542,25
1,1,8,8,jacobi,1,0.270166,0.252958,0.292375,25
1,1,8,8,gk,1,0.255833,0.207584,0.269417,25
1,1,8,8,gk_vals,1,0.154208,0.149375,0.174417,25
1,1,8,8,cpu_vals,1,0.004708,0.004666,0.004750,25
1,1,8,8,cpu,1,0.006042,0.006000,0.006084,25
1,64,192,192,jacobi,1,112.086791,112.029583,113.103625,5
1,64,192,192,block,1,36.723375,36.390125,37.660917,5
1,64,192,192,cpu,1,10.175625,10.003354,10.430542,15
1,64,192,192,bidiag,1,228.645375,228.567292,228.714875,5
1,64,192,192,bidiag_vals,1,160.186833,156.785167,160.545917,5
1,64,192,192,cpu_vals,1,5.343500,5.028042,5.591750,25
1,16,256,128,jacobi,1,5.563333,5.529416,5.615292,25
1,16,256,128,block,1,6.891354,6.750167,6.994135,22
1,16,256,128,qr,1,5.517125,5.472791,5.547583,25
1,16,256,128,qrblock,1,7.537833,7.269125,7.608459,21
1,16,256,128,cpu,1,3.059959,2.475791,3.329500,25
1,16,256,128,bidiag,1,44.838917,44.593250,45.343167,5
1,16,256,128,bidiag_vals,1,31.016167,30.868792,31.545166,5
1,16,256,128,cpu_vals,1,1.738250,1.704333,1.789708,25
1,4096,32,16,jacobi,1,4.627125,4.505500,4.729584,25
1,4096,32,16,qr,1,5.611083,5.531000,5.723875,25
1,4096,32,16,gk,1,2.708875,2.701167,2.756625,25
1,4096,32,16,gk_vals,1,1.371042,1.360083,1.380666,25
1,4096,32,16,cpu_vals,1,2.698167,2.446458,2.887708,25
1,4096,32,16,gk_share,1,2.645875,2.612542,2.742083,25
1,4096,32,16,gk_share_vals,1,1.348583,1.311625,1.418667,25
1,4096,32,16,cpu,1,6.709959,6.613146,6.849750,23
1,4,512,256,jacobi,1,46.969417,46.935500,47.005625,5
1,4,512,256,block,1,13.950083,13.854021,14.087354,11
1,4,512,256,qr,1,32.509084,32.377209,32.639792,5
1,4,512,256,qrblock,1,14.408667,14.314166,14.572833,11
1,4,512,256,cpu,1,5.931917,5.783541,6.067583,25
1,4,512,256,bidiag,1,27.814145,27.697209,27.949459,6
1,4,512,256,bidiag_vals,1,22.233500,22.055104,22.498417,7
1,4,512,256,cpu_vals,1,2.808500,2.731625,2.991417,25
1,16,8,8,jacobi,1,0.175375,0.159584,0.227875,25
1,16,8,8,gk,1,0.187541,0.183416,0.225208,25
1,16,8,8,gk_vals,1,0.163125,0.157250,0.181417,25
1,16,8,8,cpu_vals,1,0.045875,0.045083,0.046000,25
1,16,8,8,cpu,1,0.076917,0.058917,0.080875,25
1,16,128,8,jacobi,1,0.181708,0.169583,0.244459,25
1,16,128,8,qr,1,0.439875,0.431958,0.450458,25
1,16,128,8,gk,1,0.198333,0.188250,0.209750,25
1,16,128,8,gk_vals,1,0.170500,0.168042,0.192708,25
1,16,128,8,cpu_vals,1,0.070000,0.059750,0.077167,25
1,16,128,8,cpu,1,0.072042,0.068209,0.091167,25
1,16,40,40,jacobi,1,1.023708,0.533459,1.115459,25
1,16,40,40,block,1,2.531375,2.445917,2.661000,25
1,16,40,40,gk,1,0.861000,0.823125,0.877625,25
1,16,40,40,gk_vals,1,0.680708,0.625250,0.708125,25
1,16,40,40,cpu_vals,1,0.124083,0.116084,0.129167,25
1,16,40,40,cpu,1,0.220000,0.212458,0.231459,25
1,256,1024,128,jacobi,1,714.528500,711.368021,720.409625,3
1,256,1024,128,block,1,136.511875,136.301833,137.318666,5
1,256,1024,128,qr,1,126.278667,125.824625,130.002958,5
1,256,1024,128,qrblock,1,61.775833,61.188166,61.924875,5
1,256,1024,128,cpu,1,63.108292,62.794000,63.448250,5
1,256,1024,128,bidiag,1,964.234417,959.788750,974.005312,3
1,256,1024,128,bidiag_vals,1,732.323041,726.387520,733.190562,3
1,256,1024,128,cpu_vals,1,29.231458,28.984853,29.325093,6
1,4096,2048,64,qr,1,601.984667,585.304479,615.248938,3
1,4096,2048,64,qrblock,1,542.485625,533.064313,548.106291,3
1,4096,2048,64,gk,1,470.005500,456.399271,517.805834,3
1,4096,2048,64,gk_vals,1,266.491959,265.101416,269.667375,5
1,4096,2048,64,cpu_vals,1,244.068875,243.198708,244.263833,5
1,4096,2048,64,gk_share,1,318.191916,311.193458,319.059666,3
1,4096,2048,64,gk_share_vals,1,140.330375,139.411042,140.463417,5
1,4096,2048,64,cpu,1,497.158000,490.873000,497.932854,3
1,4096,64,32,jacobi,1,25.364854,25.052520,26.004625,6
1,4096,64,32,block,1,23.140250,23.030855,23.298375,7
1,4096,64,32,qr,1,25.325125,25.186292,25.458364,6
1,4096,64,32,qrblock,1,23.111000,22.906875,23.729354,7
1,4096,64,32,gk,1,13.271500,13.239334,13.341239,12
1,4096,64,32,gk_vals,1,7.774083,7.718323,7.805843,20
1,4096,64,32,cpu_vals,1,7.688646,7.587521,7.807802,20
1,4096,64,32,gk_share,1,10.117000,9.708729,10.511458,15
1,4096,64,32,gk_share_vals,1,4.981541,4.828792,5.512834,25
1,4096,64,32,cpu,1,21.320209,21.257938,21.588188,7
1,1024,40,40,jacobi,1,12.019542,11.814792,12.168000,13
1,1024,40,40,block,1,24.156958,24.084729,24.205000,7
1,1024,40,40,gk,1,4.434334,4.331084,4.560709,25
1,1024,40,40,gk_vals,1,2.113041,2.095583,2.145542,25
1,1024,40,40,cpu_vals,1,1.992375,1.969959,2.410000,25
1,1024,40,40,gk_share,1,3.583250,3.444000,3.998583,25
1,1024,40,40,gk_share_vals,1,1.654416,1.628875,1.698125,25
1,1024,40,40,cpu,1,6.432792,6.313708,6.738749,24
1,4,128,16,jacobi,1,0.504208,0.486959,0.551625,25
1,4,128,16,qr,1,0.697333,0.680500,0.754709,25
1,4,128,16,gk,1,0.609666,0.569416,0.711166,25
1,4,128,16,gk_vals,1,0.247542,0.242250,0.255250,25
1,4,128,16,cpu_vals,1,0.028708,0.028000,0.032625,25
1,4,128,16,cpu,1,0.046667,0.045542,0.051083,25
1,1024,256,128,jacobi,1,520.350583,516.530291,522.275687,3
1,1024,256,128,block,1,223.147500,222.458875,224.416833,5
1,1024,256,128,qr,1,465.231958,460.457896,471.011187,3
1,1024,256,128,qrblock,1,189.882834,189.356750,191.510041,5
1,1024,256,128,cpu,1,118.896542,118.269583,119.594875,5
1,4096,256,8,jacobi,1,3.109042,2.998458,3.270291,25
1,4096,256,8,qr,1,6.691125,6.591729,6.843083,23
1,4096,256,8,gk,1,3.512417,3.448625,3.607333,25
1,4096,256,8,gk_vals,1,1.504250,1.487125,1.539917,25
1,4096,256,8,cpu_vals,1,2.358542,2.317833,2.398500,25
1,4096,256,8,gk_share,1,2.959208,2.836791,3.124708,25
1,4096,256,8,gk_share_vals,1,1.886500,1.812417,1.986500,25
1,4096,256,8,cpu,1,4.177458,3.987459,4.282625,25
1,64,32,32,jacobi,1,0.874584,0.696459,0.976333,25
1,64,32,32,block,1,2.295375,2.178709,2.371250,25
1,64,32,32,gk,1,0.699291,0.659250,0.736083,25
1,64,32,32,gk_vals,1,0.473458,0.443125,0.491875,25
1,64,32,32,cpu_vals,1,0.194708,0.191625,0.215875,25
1,64,32,32,gk_share,1,0.817417,0.758083,0.846250,25
1,64,32,32,gk_share_vals,1,0.561084,0.555250,0.597667,25
1,64,32,32,cpu,1,0.347959,0.338875,0.366917,25
1,256,64,64,jacobi,1,10.881729,10.537084,13.256938,14
1,256,64,64,block,1,8.836355,8.715229,8.853958,18
1,256,64,64,gk,1,4.780042,4.696375,4.880334,25
1,256,64,64,gk_vals,1,2.348250,2.326916,2.361041,25
1,256,64,64,cpu_vals,1,1.317583,1.283334,1.827625,25
1,256,64,64,gk_share,1,3.144542,3.113250,3.188417,25
1,256,64,64,gk_share_vals,1,1.962167,1.926833,2.172417,25
1,256,64,64,cpu,1,3.559792,3.513000,4.023666,25
1,16,256,64,jacobi,1,1.449375,1.415917,1.493917,25
1,16,256,64,block,1,3.306959,3.167917,3.388583,25
1,16,256,64,qr,1,1.726167,1.691916,1.751500,25
1,16,256,64,qrblock,1,3.350084,3.297208,3.465000,25
1,16,256,64,gk,1,2.709042,2.678250,2.770625,25
1,16,256,64,gk_vals,1,1.948459,1.938667,1.976167,25
1,16,256,64,cpu_vals,1,0.382125,0.338125,0.546500,25
1,16,256,64,cpu,1,0.623000,0.608583,0.792083,25
1,4,256,256,jacobi,1,34.071417,34.023708,34.072375,5
1,4,256,256,block,1,14.363416,14.245500,14.500313,11
1,4,256,256,cpu,1,4.090750,4.074667,4.155000,25
1,4,256,256,bidiag,1,19.214875,19.075021,19.347021,8
1,4,256,256,bidiag_vals,1,14.168917,14.064584,14.240000,11
1,4,256,256,cpu_vals,1,2.002292,1.983042,2.031375,25
1,1024,48,48,jacobi,1,19.266751,18.663093,20.262313,8
1,1024,48,48,block,1,25.581979,25.482479,25.696573,6
1,1024,48,48,gk,1,6.640542,6.558562,6.729000,23
1,1024,48,48,gk_vals,1,3.201375,3.154000,3.219833,25
1,1024,48,48,cpu_vals,1,2.757916,2.727750,3.264292,25
1,1024,48,48,gk_share,1,4.676875,4.650917,4.792125,25
1,1024,48,48,gk_share_vals,1,2.188833,2.167500,2.217458,25
1,1024,48,48,cpu,1,8.995000,8.767542,9.113208,17
1,4,96,96,jacobi,1,2.152209,2.137750,2.195083,25
1,4,96,96,block,1,4.079583,4.022834,4.163375,25
1,4,96,96,cpu,1,0.701750,0.676542,0.774666,25
1,256,8,8,jacobi,1,0.220042,0.211042,0.253625,25
1,256,8,8,gk,1,0.190208,0.183500,0.206542,25
1,256,8,8,gk_vals,1,0.164875,0.154791,0.180625,25
1,256,8,8,cpu_vals,1,0.133500,0.130541,0.138917,25
1,256,8,8,gk_share,1,0.342667,0.325750,0.349542,25
1,256,8,8,gk_share_vals,1,0.312250,0.272167,0.322333,25
1,256,8,8,cpu,1,0.168459,0.167500,0.172083,25
1,4096,56,56,jacobi,1,97.721375,96.204834,99.243167,5
1,4096,56,56,block,1,107.499875,107.426084,107.671000,5
1,4096,56,56,gk,1,40.688333,40.549167,41.196334,5
1,4096,56,56,gk_vals,0,0.000000,0.000000,0.000000,0
1,4096,56,56,cpu_vals,1,14.487000,14.313750,14.589897,11
1,4096,56,56,gk_share,1,22.346667,22.129937,24.309271,7
1,4096,56,56,gk_share_vals,1,9.287000,9.100542,9.726125,16
1,4096,56,56,cpu,1,39.899583,39.811000,40.318959,5
1,64,256,32,jacobi,1,1.107500,1.060583,1.141709,25
1,64,256,32,block,1,2.546625,2.479791,2.689500,25
1,64,256,32,qr,1,1.449042,1.382083,1.471208,25
1,64,256,32,qrblock,1,2.653542,2.572417,2.717709,25
1,64,256,32,gk,1,1.622459,1.523500,1.652416,25
1,64,256,32,gk_vals,1,1.010291,0.985708,1.077875,25
1,64,256,32,cpu_vals,1,0.463459,0.371625,0.611542,25
1,64,256,32,gk_share,1,1.698917,1.645875,1.878583,25
1,64,256,32,gk_share_vals,1,1.033417,1.006292,1.096916,25
1,64,256,32,cpu,1,0.692459,0.653625,0.713833,25
1,1,64,64,jacobi,1,0.979542,0.928125,1.744959,25
1,1,64,64,block,1,2.865458,2.832709,2.982958,25
1,1,64,64,gk,1,1.680875,1.662042,1.709417,25
1,1,64,64,gk_vals,1,1.252000,1.231459,1.272875,25
1,1,64,64,cpu_vals,1,0.066166,0.066125,0.066292,25
1,1,64,64,cpu,1,0.182041,0.181083,0.183000,25
1,1,2048,128,jacobi,1,34.714625,34.704542,34.760209,5
1,1,2048,128,block,1,11.565417,11.440166,11.700583,13
1,1,2048,128,qr,1,6.083542,6.005958,6.159542,25
1,1,2048,128,qrblock,1,7.568125,7.453437,7.647073,20
1,1,2048,128,cpu,1,3.103875,3.086416,3.110416,25
1,1,2048,128,bidiag,1,5.329959,5.223708,5.432500,25
1,1,2048,128,bidiag_vals,1,4.168042,4.057416,4.209792,25
1,1,2048,128,cpu_vals,1,1.653584,1.645208,1.668333,25
1,16,56,56,jacobi,1,0.818166,0.790459,0.874333,25
1,16,56,56,block,1,2.904375,2.864875,3.020959,25
1,16,56,56,gk,1,1.395791,1.374375,1.414125,25
1,16,56,56,gk_vals,1,1.079209,1.059583,1.088917,25
1,16,56,56,cpu_vals,1,0.179250,0.175958,0.185167,25
1,16,56,56,cpu,1,0.316958,0.298166,0.338208,25
1,64,1024,128,jacobi,1,185.317208,184.597959,186.488875,5
1,64,1024,128,block,1,39.025125,38.983334,39.686292,5
1,64,1024,128,qr,1,35.241875,35.188167,35.883334,5
1,64,1024,128,qrblock,1,18.723188,18.618375,18.858781,8
1,64,1024,128,cpu,1,16.717542,16.561416,16.873167,9
1,64,1024,128,bidiag,1,244.490500,244.313041,244.656875,5
1,64,1024,128,bidiag_vals,1,184.116208,183.884250,184.498833,5
1,64,1024,128,cpu_vals,1,7.725750,7.603208,8.562021,19
1,1,2048,256,jacobi,1,151.128250,150.865833,151.459417,5
1,1,2048,256,block,1,23.141250,23.038125,23.221438,7
1,1,2048,256,qr,1,29.207980,29.172937,29.231115,6
1,1,2048,256,qrblock,1,13.716458,13.644979,13.815354,11
1,1,2048,256,cpu,1,8.804958,8.744427,8.888208,18
1,1,2048,256,bidiag,1,8.607833,8.536302,8.694031,18
1,1,2048,256,bidiag_vals,1,6.601000,6.491062,6.686187,23
1,1,2048,256,cpu_vals,1,4.171958,4.160875,4.183042,25
1,256,4,4,jacobi,1,0.168333,0.152208,0.180500,25
1,256,4,4,gk,1,0.177958,0.169625,0.196250,25
1,256,4,4,gk_vals,1,0.161083,0.155709,0.179042,25
1,256,4,4,cpu_vals,1,0.220834,0.108083,0.357708,25
1,256,4,4,gk_share,1,0.292042,0.255709,0.305875,25
1,256,4,4,gk_share_vals,1,0.260584,0.254083,0.265583,25
1,256,4,4,cpu,1,0.120917,0.115042,0.137417,25
1,1,1024,256,jacobi,1,86.163958,86.074750,86.191583,5
1,1,1024,256,block,1,16.231604,16.140885,16.366094,10
1,1,1024,256,qr,1,29.335749,29.281823,29.425833,6
1,1,1024,256,qrblock,1,13.310083,13.284719,13.367969,12
1,1,1024,256,cpu,1,6.505979,6.321979,6.613229,24
1,1,1024,256,bidiag,1,8.163917,8.010646,8.263063,19
1,1,1024,256,bidiag_vals,1,6.127334,5.969125,6.172375,25
1,1,1024,256,cpu_vals,1,2.998083,2.991917,3.013500,25
1,16,48,48,jacobi,1,0.709833,0.668584,0.756625,25
1,16,48,48,block,1,2.900583,2.811500,2.976542,25
1,16,48,48,gk,1,1.076083,1.043084,1.105958,25
1,16,48,48,gk_vals,1,0.839208,0.799083,0.880708,25
1,16,48,48,cpu_vals,1,0.157084,0.154583,0.159292,25
1,16,48,48,cpu,1,0.277875,0.259792,0.290333,25
1,1,128,16,jacobi,1,0.216459,0.209542,0.234666,25
1,1,128,16,qr,1,0.407042,0.403083,0.441625,25
1,1,128,16,gk,1,0.315000,0.305125,0.320583,25
1,1,128,16,gk_vals,1,0.253833,0.247125,0.263000,25
1,1,128,16,cpu_vals,1,0.013250,0.012583,0.013458,25
1,1,128,16,cpu,1,0.034041,0.033625,0.034583,25
1,16,128,128,jacobi,1,4.587625,4.547000,4.650875,25
1,16,128,128,block,1,7.197833,7.020458,7.283105,22
1,16,128,128,cpu,1,1.654250,1.623458,1.730375,25
1,16,128,128,bidiag,1,38.355250,38.304166,38.733625,5
1,16,128,128,bidiag_vals,1,25.809041,25.704344,25.887083,6
1,16,128,128,cpu_vals,1,1.095750,1.082250,1.261792,25
1,1024,192,192,jacobi,1,1720.068125,1718.106916,1725.360792,3
1,1024,192,192,block,1,620.710291,620.091395,622.571146,3
1,1024,192,192,cpu,1,134.680792,134.426917,134.704417,5
1,1024,512,256,qrblock,1,1340.586584,1337.433167,1352.240771,3
1,1024,512,256,cpu,1,459.858250,457.823771,460.987708,3
1,256,40,40,jacobi,1,3.588125,3.554125,3.602250,25
1,256,40,40,block,1,7.554312,7.514698,7.657937,20
1,256,40,40,gk,1,1.609500,1.601792,1.625333,25
1,256,40,40,gk_vals,1,0.882833,0.864375,0.937375,25
1,256,40,40,cpu_vals,1,0.601000,0.561333,0.696291,25
1,256,40,40,gk_share,1,1.022250,1.013833,1.041208,25
1,256,40,40,gk_share_vals,1,0.727375,0.724084,0.759709,25
1,256,40,40,cpu,1,1.627625,1.580667,1.693375,25
1,4096,256,32,jacobi,1,70.391792,68.874083,70.419917,5
1,4096,256,32,block,1,46.398625,46.307458,46.403417,5
1,4096,256,32,qr,1,32.933833,32.519583,33.294083,5
1,4096,256,32,qrblock,1,32.089709,31.279291,32.133500,5
1,4096,256,32,gk,1,22.106708,22.049729,22.464146,7
1,4096,256,32,gk_vals,1,11.193230,11.073657,11.278698,14
1,4096,256,32,cpu_vals,1,15.090625,14.767573,15.365500,10
1,4096,256,32,gk_share,1,18.472417,17.349750,18.699959,9
1,4096,256,32,gk_share_vals,1,9.140042,8.822125,9.693458,17
1,4096,256,32,cpu,1,30.946042,30.696167,31.665666,5
1,2,1792,1792,cpu,1,277.427042,276.582750,282.760333,5
1,2,1792,1792,bidiag,1,153.893083,153.566666,155.446334,5
1,2,1792,1792,bidiag_vals,1,127.351625,126.544000,127.918834,5
1,2,1792,1792,cpu_vals,1,165.960167,163.920542,166.215459,5
1,2,1792,1792,band,1,132.549083,132.138834,133.322042,5
1,2,1792,1792,band8_vals,1,86.300917,85.851041,87.293083,5
1,2,1792,1792,band_vals,1,77.655625,75.487375,79.801416,5
1,2,1792,1792,band32_vals,1,111.520959,111.093417,111.813042,5
1,1,512,32,jacobi,1,0.517875,0.513084,0.530291,25
1,1,512,32,block,1,2.798458,2.721416,2.962125,25
1,1,512,32,qr,1,0.567708,0.562541,0.585916,25
1,1,512,32,qrblock,1,2.036834,1.966792,2.134292,25
1,1,512,32,gk,1,0.983708,0.960500,1.019459,25
1,1,512,32,gk_vals,1,0.582458,0.574625,0.594750,25
1,1,512,32,cpu_vals,1,0.073583,0.072917,0.074166,25
1,1,512,32,cpu,1,0.139208,0.138000,0.141250,25
1,4,64,64,jacobi,1,0.949292,0.927875,0.975750,25
1,4,64,64,block,1,2.873708,2.821250,2.957042,25
1,4,64,64,gk,1,1.727792,1.708375,1.747416,25
1,4,64,64,gk_vals,1,1.304834,1.297875,1.315166,25
1,4,64,64,cpu_vals,1,0.090875,0.089708,0.093667,25
1,4,64,64,cpu,1,0.209250,0.207708,0.210959,25
1,4,128,64,jacobi,1,1.110917,1.089459,1.127750,25
1,4,128,64,block,1,2.636583,2.604750,2.738500,25
1,4,128,64,qr,1,1.273250,1.236792,1.306000,25
1,4,128,64,qrblock,1,2.818834,2.763125,2.896583,25
1,4,128,64,gk,1,2.173792,2.167750,2.214750,25
1,4,128,64,gk_vals,1,1.542042,1.523958,1.548375,25
1,4,128,64,cpu_vals,1,0.151750,0.150500,0.153791,25
1,4,128,64,cpu,1,0.321125,0.319833,0.323333,25
1,64,48,48,jacobi,1,1.599375,1.574708,1.647958,25
1,64,48,48,block,1,3.683125,3.521500,3.770167,25
1,64,48,48,gk,1,1.098791,1.065334,1.117584,25
1,64,48,48,gk_vals,1,0.818000,0.807542,0.848917,25
1,64,48,48,cpu_vals,1,0.275791,0.262542,0.643417,25
1,64,48,48,gk_share,1,1.248958,1.233417,1.269500,25
1,64,48,48,gk_share_vals,1,0.970583,0.935500,0.999458,25
1,64,48,48,cpu,1,0.644834,0.630708,0.672375,25
1,16,16,16,jacobi,1,0.201708,0.191875,0.216917,25
1,16,16,16,gk,1,0.307125,0.288125,0.318792,25
1,16,16,16,gk_vals,1,0.229041,0.216458,0.241125,25
1,16,16,16,cpu_vals,1,0.101250,0.059666,0.102958,25
1,16,16,16,cpu,1,0.082792,0.070458,0.109750,25
1,16,256,16,jacobi,1,0.287542,0.282041,0.314042,25
1,16,256,16,qr,1,0.547625,0.532542,0.566500,25
1,16,256,16,gk,1,0.327584,0.322375,0.331375,25
1,16,256,16,gk_vals,1,0.256042,0.244708,0.268500,25
1,16,256,16,cpu_vals,1,0.120750,0.102000,0.150167,25
1,16,256,16,cpu,1,0.170417,0.163792,0.176083,25
1,64,80,80,jacobi,1,5.015333,4.965625,5.072500,25
1,64,80,80,block,1,7.693687,7.623312,7.825521,20
1,64,80,80,gk,1,3.925125,3.871083,3.962583,25
1,64,80,80,gk_vals,1,2.580708,2.566584,2.617000,25
1,64,80,80,cpu_vals,1,1.035000,1.007042,1.066417,25
1,64,80,80,gk_share,1,4.067416,2.839542,4.100750,25
1,64,80,80,gk_share_vals,1,2.109250,2.069167,2.672000,25
1,64,80,80,cpu,1,1.810917,1.801750,1.833292,25
1,4096,128,32,jacobi,1,32.372292,31.249458,32.632375,5
1,4096,128,32,block,1,30.936833,30.751792,31.012334,5
1,4096,128,32,qr,1,27.681083,27.424041,27.946219,6
1,4096,128,32,qrblock,1,25.386646,25.305166,25.488906,6
1,4096,128,32,gk,1,22.215209,22.190875,22.502978,7
1,4096,128,32,gk_vals,1,13.078917,13.036281,13.154823,12
1,4096,128,32,cpu_vals,1,9.917479,9.619531,10.026678,16
1,4096,128,32,gk_share,1,13.087459,12.871896,14.539438,11
1,4096,128,32,gk_share_vals,1,6.334376,6.155052,6.378656,24
1,4096,128,32,cpu,1,26.454771,25.838354,27.821031,6
1,16,2048,256,jacobi,1,560.595875,560.403229,561.331875,3
1,16,2048,256,block,1,72.079750,71.863375,73.145375,5
1,16,2048,256,qr,1,67.480000,67.421792,67.691041,5
1,16,2048,256,qrblock,1,31.066541,30.633500,31.068041,5
1,16,2048,256,cpu,1,20.075354,19.528395,20.409135,8
1,16,2048,256,bidiag,1,122.789166,121.633375,123.089750,5
1,16,2048,256,bidiag_vals,1,96.878208,96.263167,97.091417,5
1,16,2048,256,cpu_vals,1,10.402709,9.937458,10.490833,15
1,16,256,256,jacobi,1,66.726500,66.551375,66.787709,5
1,16,256,256,block,1,25.034896,24.775073,25.184250,6
1,16,256,256,cpu,1,5.998250,5.923916,6.332625,25
1,16,256,256,bidiag,1,76.622250,76.502042,77.113917,5
1,16,256,256,bidiag_vals,1,55.554917,55.515416,55.713416,5
1,16,256,256,cpu_vals,1,3.349000,3.266792,3.836792,25
1,64,128,16,jacobi,1,0.312000,0.305042,0.317167,25
1,64,128,16,qr,1,0.672917,0.639417,0.733208,25
1,64,128,16,gk,1,0.328708,0.324000,0.341542,25
1,64,128,16,gk_vals,1,0.259375,0.249875,0.264125,25
1,64,128,16,cpu_vals,1,0.179125,0.168375,0.202959,25
1,64,128,16,gk_share,1,0.448000,0.439458,0.454291,25
1,64,128,16,gk_share_vals,1,0.359917,0.351292,0.368375,25
1,64,128,16,cpu,1,0.250458,0.246583,0.260042,25
1,4096,512,32,jacobi,1,158.991542,158.651458,160.539958,5
1,4096,512,32,block,1,78.093417,78.047834,79.136250,5
1,4096,512,32,qr,1,46.574125,46.548375,47.359791,5
1,4096,512,32,qrblock,1,44.881625,44.828250,45.137125,5
1,4096,512,32,gk,1,34.531542,34.312125,34.542708,5
1,4096,512,32,gk_vals,1,17.539458,17.324042,17.820209,9
1,4096,512,32,cpu_vals,1,22.574250,22.453125,23.076125,7
1,4096,512,32,gk_share,1,28.142792,27.330573,28.555542,6
1,4096,512,32,gk_share_vals,1,12.569062,12.335187,12.632198,12
1,4096,512,32,cpu,1,46.599917,46.598417,47.047417,5
1,1024,96,96,jacobi,1,194.984333,194.894833,195.234042,5
1,1024,96,96,block,1,87.359500,87.041583,87.463458,5
1,1024,96,96,cpu,1,40.299792,40.147833,40.793250,5
1,4,40,40,jacobi,1,0.506250,0.464375,0.560875,25
1,4,40,40,block,1,2.431958,2.369917,2.555458,25
1,4,40,40,gk,1,0.772500,0.762250,0.802416,25
1,4,40,40,gk_vals,1,0.683000,0.632125,0.694375,25
1,4,40,40,cpu_vals,1,0.043500,0.042541,0.048375,25
1,4,40,40,cpu,1,0.098750,0.097542,0.101917,25
1,1,512,64,jacobi,1,1.942500,1.938667,1.954292,25
1,1,512,64,block,1,3.921709,3.854666,4.011000,25
1,1,512,64,qr,1,1.290583,1.247083,1.331916,25
1,1,512,64,qrblock,1,2.894375,2.844208,3.065500,25
1,1,512,64,gk,1,2.391375,2.375625,2.431125,25
1,1,512,64,gk_vals,1,1.757583,1.730959,1.778417,25
1,1,512,64,cpu_vals,1,0.184250,0.183916,0.184917,25
1,1,512,64,cpu,1,0.402750,0.401292,0.406750,25
1,1024,4,4,jacobi,1,0.192917,0.183125,0.217917,25
1,1024,4,4,gk,1,0.182959,0.173583,0.201875,25
1,1024,4,4,gk_vals,1,0.161917,0.152542,0.172250,25
1,1024,4,4,cpu_vals,1,0.198334,0.171041,0.636750,25
1,1024,4,4,gk_share,1,0.359458,0.345125,0.433125,25
1,1024,4,4,gk_share_vals,1,0.306875,0.297125,0.322834,25
1,1024,4,4,cpu,1,0.237167,0.220959,0.240375,25
1,64,1024,256,jacobi,1,1003.556500,1001.716750,1004.863375,3
1,64,1024,256,block,1,169.949875,169.769834,170.776791,5
1,64,1024,256,qr,1,287.557000,284.923500,289.694375,5
1,64,1024,256,qrblock,1,90.065834,89.977500,91.082250,5
1,64,1024,256,cpu,1,41.443708,41.408834,41.448792,5
1,64,1024,256,bidiag,1,457.866750,456.087791,458.587562,3
1,64,1024,256,bidiag_vals,1,354.590542,353.936563,354.935167,3
1,64,1024,256,cpu_vals,1,19.413792,19.329281,19.546396,8
1,1024,8,8,jacobi,1,0.418917,0.399667,0.581958,25
1,1024,8,8,gk,1,0.312041,0.306500,0.328917,25
1,1024,8,8,gk_vals,1,0.230291,0.216541,0.246000,25
1,1024,8,8,cpu_vals,1,0.286041,0.253208,0.629250,25
1,1024,8,8,gk_share,1,0.512250,0.503167,0.539500,25
1,1024,8,8,gk_share_vals,1,0.330542,0.323541,0.341250,25
1,1024,8,8,cpu,1,0.446583,0.395000,0.628917,25
1,256,64,16,jacobi,1,0.592417,0.569417,0.742583,25
1,256,64,16,qr,1,0.944583,0.923125,1.006375,25
1,256,64,16,gk,1,0.414167,0.408792,0.435000,25
1,256,64,16,gk_vals,1,0.265959,0.256250,0.270666,25
1,256,64,16,cpu_vals,1,0.265167,0.256459,0.303458,25
1,256,64,16,gk_share,1,0.490583,0.463792,0.502917,25
1,256,64,16,gk_share_vals,1,0.375916,0.371333,0.380208,25
1,256,64,16,cpu,1,0.573791,0.536375,0.621000,25
1,4,2048,256,jacobi,1,213.479208,213.398834,213.496958,5
1,4,2048,256,block,1,30.804208,30.786166,30.964916,5
1,4,2048,256,qr,1,32.742083,32.582417,32.784125,5
1,4,2048,256,qrblock,1,16.108438,16.032323,16.186187,10
1,4,2048,256,cpu,1,10.343916,10.078646,10.395979,15
1,4,2048,256,bidiag,1,32.697542,31.960250,32.865291,5
1,4,2048,256,bidiag_vals,1,25.851958,25.485729,26.059750,6
1,4,2048,256,cpu_vals,1,5.369292,5.323125,5.547208,25
1,16,256,8,jacobi,1,0.402625,0.380750,0.437042,25
1,16,256,8,qr,1,0.459417,0.448250,0.488125,25
1,16,256,8,gk,1,0.218750,0.203375,0.242125,25
1,16,256,8,gk_vals,1,0.171541,0.167500,0.196375,25
1,16,256,8,cpu_vals,1,0.091667,0.063917,0.110000,25
1,16,256,8,cpu,1,0.082541,0.080875,0.118625,25
1,1024,256,32,jacobi,1,18.493500,17.801209,19.233417,9
1,1024,256,32,block,1,13.018812,12.909219,13.174823,12
1,1024,256,32,qr,1,9.144208,9.096667,9.429833,17
1,1024,256,32,qrblock,1,9.613688,9.402385,9.764646,16
1,1024,256,32,gk,1,6.315354,6.182083,6.424135,24
1,1024,256,32,gk_vals,1,3.522334,3.432833,3.611625,25
1,1024,256,32,cpu_vals,1,3.996167,3.933292,4.093166,25
1,1024,256,32,gk_share,1,5.748834,5.166833,6.532250,25
1,1024,256,32,gk_share_vals,1,3.706792,3.603792,3.796917,25
1,1024,256,32,cpu,1,8.049375,7.928625,8.237437,19
1,16,32,16,jacobi,1,0.479209,0.434000,0.566042,25
1,16,32,16,qr,1,0.484042,0.459042,0.507041,25
1,16,32,16,gk,1,0.305625,0.295166,0.327041,25
1,16,32,16,gk_vals,1,0.250583,0.232625,0.263375,25
1,16,32,16,cpu_vals,1,0.130458,0.072167,0.135167,25
1,16,32,16,cpu,1,0.105750,0.098083,0.122583,25
1,1024,128,16,jacobi,1,2.082833,2.061875,2.152167,25
1,1024,128,16,qr,1,2.212375,2.193709,2.250708,25
1,1024,128,16,gk,1,1.599375,1.582833,1.613125,25
1,1024,128,16,gk_vals,1,0.856125,0.825125,0.907750,25
1,1024,128,16,cpu_vals,1,1.532541,1.131541,1.585084,25
1,1024,128,16,gk_share,1,1.476292,1.453500,1.537500,25
1,1024,128,16,gk_share_vals,1,0.833250,0.819167,0.853833,25
1,1024,128,16,cpu,1,2.742583,2.635541,2.798917,25
1,16,1024,32,jacobi,1,0.967958,0.948792,1.005166,25
1,16,1024,32,block,1,4.290416,4.192917,4.369000,25
1,16,1024,32,qr,1,1.108958,1.088708,1.132125,25
1,16,1024,32,qrblock,1,2.589167,2.559083,2.714417,25
1,16,1024,32,gk,1,1.658666,1.620167,1.692166,25
1,16,1024,32,gk_vals,1,1.027167,0.992458,1.055458,25
1,16,1024,32,cpu_vals,1,0.347917,0.314708,0.609541,25
1,16,1024,32,cpu,1,0.589000,0.521458,0.623667,25
1,4,1024,128,jacobi,1,19.730104,19.707646,19.788313,8
1,4,1024,128,block,1,9.190709,9.119667,9.252041,17
1,4,1024,128,qr,1,5.495083,5.461000,5.559875,25
1,4,1024,128,qrblock,1,6.833333,6.719635,6.969781,22
1,4,1024,128,cpu,1,2.532875,2.483000,2.727542,25
1,4,1024,128,bidiag,1,15.428375,15.317667,15.535927,10
1,4,1024,128,bidiag_vals,1,12.021125,11.917750,12.189917,13
1,4,1024,128,cpu_vals,1,1.512042,1.430708,1.526833,25
1,1,32,8,jacobi,1,0.160000,0.148709,0.185125,25
1,1,32,8,qr,1,0.389416,0.368208,0.411000,25
1,1,32,8,gk,1,0.225209,0.202167,0.277959,25
1,1,32,8,gk_vals,1,0.174125,0.166667,0.227750,25
1,1,32,8,cpu_vals,1,0.005542,0.005500,0.005750,25
1,1,32,8,cpu,1,0.008000,0.007958,0.008042,25
1,4096,64,64,jacobi,1,195.645250,191.436459,197.142792,5
1,4096,64,64,block,1,112.825584,112.346000,113.093709,5
1,4096,64,64,gk,1,60.897125,60.818834,60.936625,5
1,4096,64,64,gk_vals,1,28.292979,28.070406,28.593958,6
1,4096,64,64,cpu_vals,1,18.609875,18.296542,19.345500,9
1,4096,64,64,gk_share,1,31.094916,30.572125,31.228875,5
1,4096,64,64,gk_share_vals,0,0.000000,0.000000,0.000000,0
1,4096,64,64,cpu,1,53.106584,52.247917,54.605500,5
1,256,128,8,jacobi,1,0.797667,0.289000,0.897125,25
1,256,128,8,qr,1,0.702250,0.667875,0.722375,25
1,256,128,8,gk,1,0.293666,0.272834,0.302166,25
1,256,128,8,gk_vals,1,0.206708,0.200333,0.225834,25
1,256,128,8,cpu_vals,1,0.204875,0.186042,0.232500,25
1,256,128,8,gk_share,1,0.372459,0.369125,0.382500,25
1,256,128,8,gk_share_vals,1,0.322916,0.303000,0.335542,25
1,256,128,8,cpu,1,0.293750,0.289125,0.304250,25
1,1,256,32,jacobi,1,0.422166,0.410125,1.445291,25
1,1,256,32,block,1,2.150916,2.122333,2.288875,25
1,1,256,32,qr,1,0.541083,0.532000,0.548042,25
1,1,256,32,qrblock,1,2.020333,1.958625,2.093291,25
1,1,256,32,gk,1,1.041500,0.997125,1.069584,25
1,1,256,32,gk_vals,1,0.587875,0.582417,0.598958,25
1,1,256,32,cpu_vals,1,0.049958,0.049792,0.050083,25
1,1,256,32,cpu,1,0.103333,0.095875,0.104375,25
1,1024,80,80,jacobi,1,106.036959,105.007416,106.340250,5
1,1024,80,80,block,1,79.327625,79.064125,79.372875,5
1,1024,80,80,gk,1,35.512708,35.422041,35.516833,5
1,1024,80,80,gk_vals,1,15.564833,15.467886,15.627209,10
1,1024,80,80,cpu_vals,1,14.644250,14.345104,14.986187,11
1,1024,80,80,gk_share,1,16.572292,16.558125,16.874875,9
1,1024,80,80,gk_share_vals,1,9.200334,9.028542,9.402625,17
1,1024,80,80,cpu,1,26.546270,26.249823,27.308688,6
1,16,64,8,jacobi,1,0.301042,0.288208,0.330375,25
1,16,64,8,qr,1,0.408500,0.388167,0.532542,25
1,16,64,8,gk,1,0.195000,0.185458,0.219375,25
1,16,64,8,gk_vals,1,0.172875,0.167750,0.179333,25
1,16,64,8,cpu_vals,1,0.066708,0.063208,0.068875,25
1,16,64,8,cpu,1,0.062750,0.055500,0.081291,25
1,256,256,32,jacobi,1,4.656334,4.512959,4.791917,25
1,256,256,32,block,1,4.423667,4.376833,4.525875,25
1,256,256,32,qr,1,2.867209,2.812958,2.967333,25
1,256,256,32,qrblock,1,3.896083,3.811959,3.967458,25
1,256,256,32,gk,1,2.162875,2.109666,2.186000,25
1,256,256,32,gk_vals,1,1.245125,1.219542,1.270541,25
1,256,256,32,cpu_vals,1,1.487250,1.070625,1.530125,25
1,256,256,32,gk_share,1,2.109125,1.962875,2.247458,25
1,256,256,32,gk_share_vals,1,1.589166,1.218000,1.864000,25
1,256,256,32,cpu,1,2.598041,2.176167,2.640875,25
1,16,256,32,jacobi,1,0.463875,0.432875,1.580834,25
1,16,256,32,block,1,2.310667,2.227500,2.377333,25
1,16,256,32,qr,1,0.754333,0.726667,0.791583,25
1,16,256,32,qrblock,1,2.211750,2.143416,2.257333,25
1,16,256,32,gk,1,1.236500,1.219292,1.295125,25
1,16,256,32,gk_vals,1,0.761208,0.745375,0.796917,25
1,16,256,32,cpu_vals,1,0.170500,0.148625,0.210417,25
1,16,256,32,cpu,1,0.235417,0.227708,0.311625,25
1,4096,1024,32,jacobi,1,572.717375,562.292145,575.270313,3
1,4096,1024,32,block,1,137.222708,137.110708,142.157875,5
1,4096,1024,32,qr,1,72.362792,72.288625,73.548042,5
1,4096,1024,32,qrblock,1,71.173959,70.885167,72.043041,5
1,4096,1024,32,gk,1,62.467708,61.558875,62.964917,5
1,4096,1024,32,gk_vals,1,33.827292,33.692458,33.951916,5
1,4096,1024,32,cpu_vals,1,40.736833,40.465125,40.781875,5
1,4096,1024,32,gk_share,1,49.453250,48.729125,49.851708,5
1,4096,1024,32,gk_share_vals,1,22.177542,21.633395,23.240042,7
1,4096,1024,32,cpu,1,80.059833,79.197541,80.272417,5
1,64,512,512,jacobi,1,4470.211500,4465.874479,4482.637646,3
1,64,512,512,block,1,663.059250,661.866750,663.122813,3
1,64,512,512,cpu,1,102.257416,102.001084,102.650458,5
1,64,512,512,bidiag,1,652.285125,650.582729,652.753062,3
1,64,512,512,bidiag_vals,1,473.507250,472.839208,474.209479,3
1,64,512,512,cpu_vals,1,52.960291,51.806625,53.116500,5
1,64,512,512,band,1,745.980958,744.135917,746.388167,3
1,64,512,512,band8_vals,1,351.095917,350.820938,351.786063,3
1,64,512,512,band_vals,1,376.877291,376.653750,377.248228,3
1,64,512,512,band32_vals,1,608.223166,607.043083,609.485187,3
1,4,56,56,jacobi,1,0.825791,0.788333,0.845542,25
1,4,56,56,block,1,2.865750,2.837708,3.008042,25
1,4,56,56,gk,1,1.304750,1.283375,1.319959,25
1,4,56,56,gk_vals,1,1.006500,0.991333,1.020250,25
1,4,56,56,cpu_vals,1,0.077625,0.076000,0.079167,25
1,4,56,56,cpu,1,0.162083,0.161041,0.163625,25
1,1024,1024,128,jacobi,1,2921.384583,2913.024146,2927.980542,3
1,1024,1024,128,block,1,534.948334,529.910480,543.881042,3
1,1024,1024,128,qr,1,515.558458,515.061146,522.865188,3
1,1024,1024,128,qrblock,1,263.175708,258.583833,283.726333,3
1,1024,1024,128,cpu,1,237.176250,236.920917,237.773042,5
1,256,512,32,jacobi,1,10.202333,9.866354,10.749334,15
1,256,512,32,block,1,7.267500,7.099042,7.522541,21
1,256,512,32,qr,1,3.587792,3.528875,3.662667,25
1,256,512,32,qrblock,1,4.632875,4.573333,4.751500,25
1,256,512,32,gk,1,2.865458,2.810834,2.889458,25
1,256,512,32,gk_vals,1,1.694541,1.617083,1.890750,25
1,256,512,32,cpu_vals,1,2.023500,1.940917,2.108667,25
1,256,512,32,gk_share,1,2.546167,2.491375,2.787959,25
1,256,512,32,gk_share_vals,1,1.502209,1.454375,2.234750,25
1,256,512,32,cpu,1,3.747625,3.708083,3.800208,25
1,4,64,8,jacobi,1,0.282417,0.274750,0.316417,25
1,4,64,8,qr,1,0.388042,0.374542,0.436500,25
1,4,64,8,gk,1,0.205292,0.190167,0.237541,25
1,4,64,8,gk_vals,1,0.173208,0.158666,0.190375,25
1,4,64,8,cpu_vals,1,0.020041,0.018667,0.022834,25
1,4,64,8,cpu,1,0.023792,0.021792,0.025042,25
1,4,512,32,jacobi,1,0.622875,0.567125,1.039333,25
1,4,512,32,block,1,2.865375,2.724542,2.995666,25
1,4,512,32,qr,1,0.663459,0.657875,0.681375,25
1,4,512,32,qrblock,1,2.110542,2.081000,2.214000,25
1,4,512,32,gk,1,1.122709,1.096291,1.167208,25
1,4,512,32,gk_vals,1,0.708917,0.690334,0.741417,25
1,4,512,32,cpu_vals,1,0.127125,0.124500,0.128833,25
1,4,512,32,cpu,1,0.215875,0.213458,0.219584,25
1,16,16,8,jacobi,1,0.174750,0.165042,0.186000,25
1,16,16,8,qr,1,0.421042,0.407792,0.443500,25
1,16,16,8,gk,1,0.235084,0.208959,0.257542,25
1,16,16,8,gk_vals,1,0.172167,0.158958,0.184500,25
1,16,16,8,cpu_vals,1,0.056417,0.055750,0.057334,25
1,16,16,8,cpu,1,0.098500,0.059125,0.101583,25
1,1,512,512,jacobi,1,253.088750,252.932042,253.564875,5
1,1,512,512,block,1,32.888833,32.837334,32.953708,5
1,1,512,512,cpu,1,16.686416,16.460458,16.981291,9
1,1,512,512,bidiag,1,13.332895,13.222157,13.458459,12
1,1,512,512,bidiag_vals,1,9.123166,8.821209,9.206375,17
1,1,512,512,cpu_vals,1,7.783000,7.774635,7.801031,20
1,1,512,512,band,1,11.846834,11.614250,12.071167,13
1,1,512,512,band8_vals,1,8.572480,8.443573,8.891344,18
1,1,512,512,band_vals,1,9.134041,8.822834,9.404750,17
1,1,512,512,band32_vals,1,13.209438,12.962229,13.360781,12
1,4,1536,1536,cpu,1,229.538166,229.511041,233.675292,5
1,4,1536,1536,bidiag,1,225.453542,225.338333,225.647500,5
1,4,1536,1536,bidiag_vals,1,177.372584,177.320459,177.456500,5
1,4,1536,1536,cpu_vals,1,123.132500,122.804375,129.802334,5
1,4,1536,1536,band,1,214.034208,208.570542,214.962542,5
1,4,1536,1536,band8_vals,1,112.806875,112.476542,113.010500,5
1,4,1536,1536,band_vals,1,106.781166,106.487000,106.954709,5
1,4,1536,1536,band32_vals,1,157.078292,156.717625,157.093084,5
1,1024,64,64,jacobi,1,50.830667,49.881292,52.137667,5
1,1024,64,64,block,1,29.543000,29.374489,29.723823,6
1,1024,64,64,gk,1,16.295187,16.179386,16.422302,10
1,1024,64,64,gk_vals,1,7.632146,7.534729,7.719688,20
1,1024,64,64,cpu_vals,1,4.894542,4.818583,5.100166,25
1,1024,64,64,gk_share,1,8.485084,8.371761,8.581093,18
1,1024,64,64,gk_share_vals,1,3.761583,3.738750,3.792334,25
1,1024,64,64,cpu,1,14.230250,13.973209,14.435291,11
1,64,128,128,jacobi,1,33.043125,32.765250,33.685000,5
1,64,128,128,block,1,14.371250,14.308917,14.477166,11
1,64,128,128,cpu,1,6.253500,5.901417,6.404208,25
1,64,128,128,bidiag,1,153.742833,153.357292,155.126958,5
1,64,128,128,bidiag_vals,1,102.169000,101.926667,102.764459,5
1,64,128,128,cpu_vals,1,3.863208,3.837542,4.378542,25
1,4,512,16,jacobi,1,0.729666,0.557333,1.012375,25
1,4,512,16,qr,1,0.486166,0.476125,0.494375,25
1,4,512,16,gk,1,0.602583,0.589417,0.612875,25
1,4,512,16,gk_vals,1,0.331875,0.327625,0.338333,25
1,4,512,16,cpu_vals,1,0.057666,0.056792,0.060167,25
1,4,512,16,cpu,1,0.091833,0.088209,0.093375,25
1,4,192,192,jacobi,1,14.065166,14.008999,14.101583,11
1,4,192,192,block,1,9.840687,9.723302,10.016031,16
1,4,192,192,cpu,1,1.984417,1.956833,1.993917,25
1,4,192,192,bidiag,1,14.358291,14.241417,14.475334,11
1,4,192,192,bidiag_vals,1,10.340917,10.252937,10.524959,15
1,4,192,192,cpu_vals,1,1.106916,1.097500,1.111375,25
1,1024,64,8,jacobi,1,0.484375,0.477708,0.574125,25
1,1024,64,8,qr,1,0.968000,0.954041,1.065208,25
1,1024,64,8,gk,1,0.484125,0.477667,0.535292,25
1,1024,64,8,gk_vals,1,0.274125,0.269125,0.279208,25
1,1024,64,8,cpu_vals,1,0.446125,0.398167,0.618166,25
1,1024,64,8,gk_share,1,0.613666,0.587833,0.634375,25
1,1024,64,8,gk_share_vals,1,0.507792,0.494417,0.526667,25
1,1024,64,8,cpu,1,0.714000,0.653166,0.742375,25
1,1024,512,16,jacobi,1,9.598146,9.479115,9.706219,16
1,1024,512,16,qr,1,4.398750,4.321333,4.468917,25
1,1024,512,16,gk,1,3.874125,3.783417,3.895167,25
1,1024,512,16,gk_vals,1,2.013292,1.985041,2.148250,25
1,1024,512,16,cpu_vals,1,2.692291,2.642875,2.798458,25
1,1024,512,16,gk_share,1,4.029584,3.759583,4.530625,25
1,1024,512,16,gk_share_vals,1,2.362875,2.271250,2.720875,25
1,1024,512,16,cpu,1,5.016375,4.961625,5.061584,25
1,64,1024,64,jacobi,1,38.267666,38.073542,39.358834,5
1,64,1024,64,block,1,10.436958,10.222729,10.723125,15
1,64,1024,64,qr,1,5.194000,5.144083,5.307916,25
1,64,1024,64,qrblock,1,6.120875,6.042209,6.225083,25
1,64,1024,64,gk,1,4.910708,4.873417,5.029750,25
1,64,1024,64,gk_vals,1,3.600292,3.543083,3.679500,25
1,64,1024,64,cpu_vals,1,2.998417,2.846000,3.055750,25
1,64,1024,64,gk_share,1,4.554708,4.417166,4.761500,25
1,64,1024,64,gk_share_vals,1,3.287833,3.250542,3.322125,25
1,64,1024,64,cpu,1,5.577209,5.395375,5.696708,25
1,1,48,48,jacobi,1,0.692792,0.647375,0.717792,25
1,1,48,48,block,1,2.529625,2.453333,2.614667,25
1,1,48,48,gk,1,1.029708,1.015791,1.064500,25
1,1,48,48,gk_vals,1,0.837791,0.803041,0.861083,25
1,1,48,48,cpu_vals,1,0.037542,0.036375,0.038417,25
1,1,48,48,cpu,1,0.111000,0.110375,0.112209,25
1,4,32,8,jacobi,1,0.174416,0.167750,0.180625,25
1,4,32,8,qr,1,0.400541,0.392500,0.422458,25
1,4,32,8,gk,1,0.231958,0.217125,0.259291,25
1,4,32,8,gk_vals,1,0.177959,0.162167,0.184667,25
1,4,32,8,cpu_vals,1,0.019958,0.018333,0.021916,25
1,4,32,8,cpu,1,0.023834,0.020917,0.028458,25
1,16,128,64,jacobi,1,1.187542,1.137792,1.710709,25
1,16,128,64,block,1,2.984000,2.845500,3.032875,25
1,16,128,64,qr,1,1.529625,1.497875,1.570750,25
1,16,128,64,qrblock,1,3.289459,3.203917,3.352292,25
1,16,128,64,gk,1,2.539333,2.510792,2.585875,25
1,16,128,64,gk_vals,1,1.873709,1.820542,1.913916,25
1,16,128,64,cpu_vals,1,0.250834,0.245459,0.256625,25
1,16,128,64,cpu,1,0.486583,0.468917,0.649500,25
1,1024,24,24,jacobi,1,3.297583,3.262500,3.327125,25
1,1024,24,24,gk,1,1.547333,1.517750,1.580208,25
1,1024,24,24,gk_vals,1,0.788917,0.766083,0.811084,25
1,1024,24,24,cpu_vals,1,0.882667,0.866458,0.947375,25
1,1024,24,24,gk_share,1,1.311958,1.289750,1.360250,25
1,1024,24,24,gk_share_vals,1,0.837625,0.824459,0.863208,25
1,1024,24,24,cpu,1,2.425875,2.398041,2.452917,25
1,16,64,16,jacobi,1,0.224834,0.205875,0.239625,25
1,16,64,16,qr,1,0.464334,0.444958,0.482542,25
1,16,64,16,gk,1,0.323041,0.318667,0.337833,25
1,16,64,16,gk_vals,1,0.255416,0.251708,0.261459,25
1,16,64,16,cpu_vals,1,0.105750,0.070958,0.152667,25
1,16,64,16,cpu,1,0.108541,0.105292,0.117875,25
1,1024,32,32,jacobi,1,6.224625,6.119781,6.323344,24
1,1024,32,32,block,1,6.569709,6.495562,6.732166,23
1,1024,32,32,gk,1,2.265250,2.240333,2.345916,25
1,1024,32,32,gk_vals,1,1.259208,1.243583,1.292792,25
1,1024,32,32,cpu_vals,1,1.418000,1.374916,1.941667,25
1,1024,32,32,gk_share,1,1.964458,1.938333,2.002750,25
1,1024,32,32,gk_share_vals,1,1.123208,1.108541,1.161791,25
1,1024,32,32,cpu,1,4.432334,3.988625,4.537958,25
1,64,512,64,jacobi,1,10.058958,9.730083,10.305708,15
1,64,512,64,block,1,6.539417,6.302062,6.612500,24
1,64,512,64,qr,1,3.813541,3.782292,3.881833,25
1,64,512,64,qrblock,1,4.831292,4.731833,4.931959,25
1,64,512,64,gk,1,3.611000,3.571167,3.659917,25
1,64,512,64,gk_vals,1,2.543084,2.510042,2.584166,25
1,64,512,64,cpu_vals,1,1.928500,1.603250,1.990083,25
1,64,512,64,gk_share,1,3.552666,3.488750,3.568292,25
1,64,512,64,gk_share_vals,1,2.582916,2.443666,2.665792,25
1,64,512,64,cpu,1,3.521083,3.264583,3.640458,25
1,4,256,16,jacobi,1,0.671000,0.268958,0.745125,25
1,4,256,16,qr,1,0.428958,0.421625,0.447542,25
1,4,256,16,gk,1,0.322833,0.315750,0.344583,25
1,4,256,16,gk_vals,1,0.256000,0.246958,0.265000,25
1,4,256,16,cpu_vals,1,0.040042,0.039458,0.040583,25
1,4,256,16,cpu,1,0.059167,0.057208,0.060750,25
1,16,512,256,jacobi,1,97.226625,97.073584,97.277833,5
1,16,512,256,block,1,27.213208,27.161115,27.330084,6
1,16,512,256,qr,1,62.427042,62.346791,62.464500,5
1,16,512,256,qrblock,1,23.507916,23.411250,23.537771,7
1,16,512,256,cpu,1,8.879417,8.688166,8.986875,17
1,16,512,256,bidiag,1,109.366417,108.718625,109.469083,5
1,16,512,256,bidiag_vals,1,86.204208,86.160833,86.364583,5
1,16,512,256,cpu_vals,1,4.933625,4.866666,4.968292,25
1,1024,512,32,jacobi,1,40.023458,38.590958,43.030500,5
1,1024,512,32,block,1,20.770167,20.595917,20.920281,8
1,1024,512,32,qr,1,11.798292,11.724834,11.835250,13
1,1024,512,32,qrblock,1,12.369125,12.266500,12.489916,13
1,1024,512,32,gk,1,8.783562,8.708354,8.891167,18
1,1024,512,32,gk_vals,1,4.838250,4.698750,4.899459,25
1,1024,512,32,cpu_vals,1,6.153709,6.118583,6.187833,25
1,1024,512,32,gk_share,1,11.022208,9.878698,12.946875,14
1,1024,512,32,gk_share_vals,1,5.113708,4.883334,5.414000,25
1,1024,512,32,cpu,1,12.617396,12.476511,12.703229,12
1,256,2048,128,jacobi,1,1993.412500,1990.372979,1995.337958,3
1,256,2048,128,block,1,247.742083,240.712417,251.543750,5
1,256,2048,128,qr,1,160.025833,159.204125,160.593333,5
1,256,2048,128,qrblock,1,100.954667,100.066792,102.039333,5
1,256,2048,128,cpu,1,108.386625,108.052333,112.551000,5
1,256,2048,128,bidiag,1,1225.902750,1217.890896,1228.411083,3
1,256,2048,128,bidiag_vals,1,965.978166,965.490499,967.372187,3
1,256,2048,128,cpu_vals,1,45.946667,45.890917,46.477166,5
1,256,256,256,jacobi,1,1135.001125,1134.242479,1135.259667,3
1,256,256,256,block,1,345.552542,345.180417,346.151916,3
1,256,256,256,cpu,1,77.399250,76.758542,77.516125,5
1,64,56,56,jacobi,1,2.092084,2.039875,2.155833,25
1,64,56,56,block,1,3.719458,3.644041,3.783042,25
1,64,56,56,gk,1,1.467542,1.460333,1.482084,25
1,64,56,56,gk_vals,1,1.087375,1.054250,1.130250,25
1,64,56,56,cpu_vals,1,0.339334,0.322000,0.649333,25
1,64,56,56,gk_share,1,1.602708,1.571041,1.615125,25
1,64,56,56,gk_share_vals,1,1.207542,1.149541,1.248208,25
1,64,56,56,cpu,1,0.758083,0.739792,0.786250,25
1,1,512,128,jacobi,1,9.961437,9.954979,9.969834,16
1,1,512,128,block,1,6.572667,6.475729,6.633688,23
1,1,512,128,qr,1,4.659333,4.646167,4.673708,25
1,1,512,128,qrblock,1,5.822417,5.683833,5.910750,25
1,1,512,128,cpu,1,1.640000,1.633083,1.650208,25
1,1,512,128,bidiag,1,3.424083,3.380875,3.532958,25
1,1,512,128,bidiag_vals,1,2.320542,2.309459,2.361667,25
1,1,512,128,cpu_vals,1,0.916209,0.913084,0.918583,25
1,256,80,80,jacobi,1,25.091250,24.726678,25.358386,6
1,256,80,80,block,1,19.538604,19.437261,19.601864,8
1,256,80,80,gk,1,9.836958,9.407802,10.082593,16
1,256,80,80,gk_vals,1,4.749458,4.726166,4.761000,25
1,256,80,80,cpu_vals,1,3.889916,3.787000,4.243583,25
1,256,80,80,gk_share,1,6.473000,6.442563,6.527938,23
1,256,80,80,gk_share_vals,1,3.424667,3.404542,3.521708,25
1,256,80,80,cpu,1,6.966395,6.861427,7.240854,22
1,64,256,128,jacobi,1,31.727084,31.314042,32.016250,5
1,64,256,128,block,1,14.301833,14.230605,14.372604,11
1,64,256,128,qr,1,31.881166,31.411042,32.220500,5
1,64,256,128,qrblock,1,13.931334,13.863437,14.010708,11
1,64,256,128,cpu,1,8.601208,8.429469,8.823198,18
1,64,256,128,bidiag,1,172.642292,172.603458,172.893792,5
1,64,256,128,bidiag_vals,1,119.152416,119.024375,119.249333,5
1,64,256,128,cpu_vals,1,4.771709,4.712125,5.205333,25
1,64,2048,64,jacobi,1,84.776208,84.527208,85.008833,5
1,64,2048,64,block,1,18.596916,18.448416,18.626625,9
1,64,2048,64,qr,1,8.116083,8.057146,8.221563,19
1,64,2048,64,qrblock,1,8.983625,8.928792,9.139250,17
1,64,2048,64,gk,1,7.797937,7.744822,7.885989,20
1,64,2048,64,gk_vals,1,5.764625,5.728666,5.905875,25
1,64,2048,64,cpu_vals,1,4.993667,4.841167,5.260875,25
1,64,2048,64,gk_share,1,7.167083,6.996291,7.597584,21
1,64,2048,64,gk_share_vals,1,5.192334,5.074667,5.334708,25
1,64,2048,64,cpu,1,9.062250,8.910417,9.198792,17
1,4096,40,40,jacobi,1,42.634791,42.327459,43.414542,5
1,4096,40,40,block,1,89.286833,89.213333,89.404292,5
1,4096,40,40,gk,1,16.043188,15.988187,16.116573,10
1,4096,40,40,gk_vals,1,7.143792,7.102625,7.163917,22
1,4096,40,40,cpu_vals,1,7.431666,7.403500,7.540458,21
1,4096,40,40,gk_share,1,11.194917,11.115823,11.239437,14
1,4096,40,40,gk_share_vals,1,4.594584,4.548541,4.654583,25
1,4096,40,40,cpu,1,23.542625,23.174604,24.052229,7
1,4096,48,48,jacobi,1,74.330625,71.044417,74.394167,5
1,4096,48,48,block,1,94.872583,94.585125,95.080625,5
1,4096,48,48,gk,1,24.440542,24.180625,24.481333,7
1,4096,48,48,gk_vals,1,11.272104,11.243438,11.337042,14
1,4096,48,48,cpu_vals,1,10.143542,10.056396,10.249395,15
1,4096,48,48,gk_share,1,15.887708,15.765500,16.016583,10
1,4096,48,48,gk_share_vals,1,6.395250,6.359313,6.426885,24
1,4096,48,48,cpu,1,32.954459,32.810792,33.074125,5
1,1,512,256,jacobi,1,46.609792,46.488750,46.648208,5
1,1,512,256,block,1,12.241208,12.133167,12.383041,13
1,1,512,256,qr,1,31.904542,31.813125,31.918708,5
1,1,512,256,qrblock,1,12.701042,12.624958,12.757250,12
1,1,512,256,cpu,1,5.384500,5.288500,5.424500,25
1,1,512,256,bidiag,1,7.648646,7.569719,7.706500,20
1,1,512,256,bidiag_vals,1,5.694542,5.652042,5.789000,25
1,1,512,256,cpu_vals,1,2.412166,2.400083,2.424666,25
1,256,56,56,jacobi,1,6.866521,6.813771,6.932708,22
1,256,56,56,block,1,8.228166,8.145875,8.244979,19
1,256,56,56,gk,1,3.070833,3.050583,3.077875,25
1,256,56,56,gk_vals,1,1.456708,1.435958,1.477041,25
1,256,56,56,cpu_vals,1,1.021542,0.985750,1.075917,25
1,256,56,56,gk_share,1,2.787500,2.726250,2.815708,25
1,256,56,56,gk_share_vals,1,1.596125,1.559417,1.654167,25
1,256,56,56,cpu,1,2.615459,2.596917,2.781833,25
1,64,1024,32,jacobi,1,7.647645,7.607312,7.722979,20
1,64,1024,32,block,1,5.464583,5.411291,5.526750,25
1,64,1024,32,qr,1,1.894875,1.759416,1.920833,25
1,64,1024,32,qrblock,1,3.126167,3.052875,3.190334,25
1,64,1024,32,gk,1,2.071417,2.029583,2.113000,25
1,64,1024,32,gk_vals,1,1.316667,1.245708,1.350750,25
1,64,1024,32,cpu_vals,1,1.361333,0.882167,1.402250,25
1,64,1024,32,gk_share,1,2.255375,2.200625,2.360333,25
1,64,1024,32,gk_share_vals,1,1.423459,1.350959,1.808708,25
1,64,1024,32,cpu,1,2.042250,1.667917,2.105958,25
1,4,2048,2048,cpu,1,812.061167,811.876021,820.154563,3
1,4,2048,2048,bidiag,1,411.850125,409.934479,414.053979,3
1,4,2048,2048,bidiag_vals,1,330.302083,330.193624,330.824583,3
1,4,2048,2048,cpu_vals,1,493.258334,481.407376,499.625021,3
1,4,2048,2048,band,1,318.011750,317.721271,318.533542,3
1,4,2048,2048,band8_vals,1,183.576709,183.529125,184.099792,5
1,4,2048,2048,band_vals,1,163.515542,161.619209,163.543667,5
1,4,2048,2048,band32_vals,1,228.651584,228.337916,229.081000,5
1,4,48,48,jacobi,1,0.687125,0.648625,0.743125,25
1,4,48,48,block,1,2.511125,2.493875,2.595375,25
1,4,48,48,gk,1,1.083834,1.076167,1.115833,25
1,4,48,48,gk_vals,1,0.832375,0.799750,0.880167,25
1,4,48,48,cpu_vals,1,0.062000,0.061416,0.065834,25
1,4,48,48,cpu,1,0.134334,0.132625,0.138667,25
1,64,64,16,jacobi,1,0.263584,0.257792,0.275833,25
1,64,64,16,qr,1,0.621666,0.582625,0.659417,25
1,64,64,16,gk,1,0.315000,0.310625,0.324375,25
1,64,64,16,gk_vals,1,0.255625,0.254667,0.263083,25
1,64,64,16,cpu_vals,1,0.153750,0.150416,0.159625,25
1,64,64,16,gk_share,1,0.437000,0.433250,0.447834,25
1,64,64,16,gk_share_vals,1,0.366708,0.363917,0.372000,25
1,64,64,16,cpu,1,0.230458,0.227583,0.263416,25
1,16,512,128,jacobi,1,13.630541,13.604271,13.686459,11
1,16,512,128,block,1,8.603770,8.539584,8.745729,18
1,16,512,128,qr,1,6.496000,6.428458,6.591562,24
1,16,512,128,qrblock,1,8.559166,8.448969,8.686927,18
1,16,512,128,cpu,1,3.625042,3.188833,3.738292,25
1,16,512,128,bidiag,1,48.509000,48.495208,48.897542,5
1,16,512,128,bidiag_vals,1,34.979833,34.905959,35.037583,5
1,16,512,128,cpu_vals,1,2.256500,1.994250,2.428125,25
1,4,32,16,jacobi,1,0.517583,0.467791,0.772833,25
1,4,32,16,qr,1,0.441834,0.434917,0.453083,25
1,4,32,16,gk,1,0.285875,0.283291,0.299583,25
1,4,32,16,gk_vals,1,0.254875,0.240000,0.261875,25
1,4,32,16,cpu_vals,1,0.022292,0.021667,0.023417,25
1,4,32,16,cpu,1,0.035875,0.035000,0.038000,25
1,256,48,48,jacobi,1,4.744916,4.721834,4.771500,25
1,256,48,48,block,1,7.735250,7.597521,7.811187,20
1,256,48,48,gk,1,2.130334,2.071375,2.141000,25
1,256,48,48,gk_vals,1,1.149459,1.123583,1.206625,25
1,256,48,48,cpu_vals,1,0.753625,0.718042,0.780125,25
1,256,48,48,gk_share,1,1.344084,1.334834,1.355250,25
1,256,48,48,gk_share_vals,1,1.053875,1.007792,1.067292,25
1,256,48,48,cpu,1,2.232292,2.211709,2.285084,25
1,1,1024,1024,jacobi,1,2903.871208,2903.649000,2904.237354,3
1,1,1024,1024,block,1,115.435584,115.234292,115.500584,5
1,1,1024,1024,cpu,1,78.054958,77.794542,78.197250,5
1,1,1024,1024,bidiag,1,33.784166,33.503125,34.330084,5
1,1,1024,1024,bidiag_vals,1,21.454187,21.186656,21.635219,8
1,1,1024,1024,cpu_vals,1,35.799625,35.767583,35.815167,5
1,1,1024,1024,band,1,28.146209,28.066281,28.495792,6
1,1,1024,1024,band8_vals,1,20.174813,20.096563,20.292125,8
1,1,1024,1024,band_vals,1,19.849125,19.606886,19.913635,8
1,1,1024,1024,band32_vals,1,28.259625,28.053833,28.493917,6
1,1,64,32,jacobi,1,0.293750,0.287041,0.302667,25
1,1,64,32,block,1,1.961916,1.823583,1.996959,25
1,1,64,32,qr,1,0.490333,0.472250,0.508875,25
1,1,64,32,qrblock,1,2.114250,2.053333,2.268750,25
1,1,64,32,gk,1,0.747458,0.688500,0.753000,25
1,1,64,32,gk_vals,1,0.497292,0.473750,0.534334,25
1,1,64,32,cpu_vals,1,0.025708,0.025584,0.025834,25
1,1,64,32,cpu,1,0.067667,0.067500,0.067916,25
1,4,1024,64,jacobi,1,4.519459,4.504375,4.538458,25
1,4,1024,64,block,1,5.460500,5.344209,5.506958,25
1,4,1024,64,qr,1,2.020375,1.985917,2.054167,25
1,4,1024,64,qrblock,1,3.574208,3.533708,3.640542,25
1,4,1024,64,gk,1,3.123791,3.103041,3.141625,25
1,4,1024,64,gk_vals,1,2.465750,2.428750,2.480459,25
1,4,1024,64,cpu_vals,1,0.551792,0.543000,0.560792,25
1,4,1024,64,cpu,1,1.076292,1.063458,1.087666,25
1,4,1024,1024,jacobi,1,4216.483292,4216.282417,4217.413750,3
1,4,1024,1024,block,1,307.020167,306.873834,307.195896,3
1,4,1024,1024,cpu,1,92.640958,91.995042,92.860500,5
1,4,1024,1024,bidiag,1,104.279541,104.085791,104.712500,5
1,4,1024,1024,bidiag_vals,1,78.633875,77.849708,78.673333,5
1,4,1024,1024,cpu_vals,1,40.648250,40.533666,43.025042,5
1,4,1024,1024,band,1,112.706041,112.443250,113.545167,5
1,4,1024,1024,band8_vals,1,59.257625,59.187792,59.631750,5
1,4,1024,1024,band_vals,1,60.762333,60.602500,60.899125,5
1,4,1024,1024,band32_vals,1,92.301000,92.069625,92.493875,5
1,1,768,768,jacobi,1,1026.539500,1026.493209,1026.594605,3
1,1,768,768,block,1,65.404083,65.305875,65.555125,5
1,1,768,768,cpu,1,33.829208,33.772834,33.857292,5
1,1,768,768,bidiag,1,21.895792,21.756917,22.164542,7
1,1,768,768,bidiag_vals,1,15.651041,15.607802,15.724115,10
1,1,768,768,cpu_vals,1,16.041938,15.986854,16.069906,10
1,1,768,768,band,1,19.089521,18.881313,19.479104,8
1,1,768,768,band8_vals,1,15.468041,15.162115,15.497407,10
1,1,768,768,band_vals,1,15.251895,15.086395,15.471698,10
1,1,768,768,band32_vals,1,21.716250,21.651750,21.733083,7
1,256,24,24,jacobi,1,1.111000,1.059750,1.157041,25
1,256,24,24,gk,1,0.536458,0.531125,0.549084,25
1,256,24,24,gk_vals,1,0.342958,0.328208,0.370500,25
1,256,24,24,cpu_vals,1,0.328416,0.289916,0.648791,25
1,256,24,24,gk_share,1,0.646375,0.622458,0.659500,25
1,256,24,24,gk_share_vals,1,0.459000,0.457208,0.525625,25
1,256,24,24,cpu,1,0.700750,0.674833,0.732875,25
1,16,80,80,jacobi,1,1.737000,1.700791,1.754209,25
1,16,80,80,block,1,4.337208,4.203291,4.424459,25
1,16,80,80,gk,1,2.552291,2.520000,2.564041,25
1,16,80,80,gk_vals,1,1.881750,1.873417,1.895041,25
1,16,80,80,cpu_vals,1,0.337458,0.310834,0.512292,25
1,16,80,80,cpu,1,0.527416,0.515250,0.809666,25
1,256,32,32,jacobi,1,1.813959,1.759250,1.837292,25
1,256,32,32,block,1,2.938250,2.898667,2.995917,25
1,256,32,32,gk,1,0.816250,0.742084,0.856417,25
1,256,32,32,gk_vals,1,0.509833,0.486167,0.517584,25
1,256,32,32,cpu_vals,1,0.453583,0.409250,0.634750,25
1,256,32,32,gk_share,1,0.783167,0.781084,0.792541,25
1,256,32,32,gk_share_vals,1,0.571292,0.568625,0.576167,25
1,256,32,32,cpu,1,1.035542,1.010166,1.074208,25
1,16,512,16,jacobi,1,0.327166,0.316583,0.348625,25
1,16,512,16,qr,1,0.612334,0.598792,0.647917,25
1,16,512,16,gk,1,0.749958,0.735167,0.778375,25
1,16,512,16,gk_vals,1,0.424333,0.407875,0.633584,25
1,16,512,16,cpu_vals,1,0.141125,0.127584,0.491375,25
1,16,512,16,cpu,1,0.200584,0.163750,0.217125,25
1,4096,64,16,jacobi,1,5.282000,5.245334,5.366541,25
1,4096,64,16,qr,1,5.992958,5.948750,6.035750,25
1,4096,64,16,gk,1,3.637667,3.627750,3.671417,25
1,4096,64,16,gk_vals,1,1.766375,1.735166,1.778458,25
1,4096,64,16,cpu_vals,1,3.142458,2.867958,3.191125,25
1,4096,64,16,gk_share,1,3.339625,3.258834,3.559125,25
1,4096,64,16,gk_share_vals,1,1.828916,1.809958,1.899208,25
1,4096,64,16,cpu,1,7.424125,7.380417,7.491292,21
1,16,512,64,jacobi,1,2.138625,2.121375,2.181417,25
1,16,512,64,block,1,4.133417,4.065125,4.164417,25
1,16,512,64,qr,1,2.018917,1.968792,2.038125,25
1,16,512,64,qrblock,1,3.777542,3.719958,3.830209,25
1,16,512,64,gk,1,3.205792,3.172125,3.242541,25
1,16,512,64,gk_vals,1,2.418917,2.406042,2.454125,25
1,16,512,64,cpu_vals,1,0.587042,0.532208,0.667250,25
1,16,512,64,cpu,1,1.095042,0.934417,1.226916,25
1,4,256,64,jacobi,1,1.405708,1.372833,1.475834,25
1,4,256,64,block,1,3.054250,2.988708,3.107500,25
1,4,256,64,qr,1,1.341209,1.316708,1.382125,25
1,4,256,64,qrblock,1,2.968458,2.873875,3.044750,25
1,4,256,64,gk,1,2.339875,2.313916,2.349292,25
1,4,256,64,gk_vals,1,1.716250,1.684709,1.745792,25
1,4,256,64,cpu_vals,1,0.219208,0.217792,0.221792,25
1,4,256,64,cpu,1,0.429417,0.427833,0.431875,25
1,64,32,8,jacobi,1,0.180791,0.168125,0.193458,25
1,64,32,8,qr,1,0.454917,0.435291,0.478084,25
1,64,32,8,gk,1,0.200500,0.194375,0.205250,25
1,64,32,8,gk_vals,1,0.176125,0.168584,0.183625,25
1,64,32,8,cpu_vals,1,0.106584,0.085250,0.207542,25
1,64,32,8,gk_share,1,0.307708,0.302042,0.314500,25
1,64,32,8,gk_share_vals,1,0.279750,0.277750,0.282916,25
1,64,32,8,cpu,1,0.123167,0.119708,0.129333,25
1,64,64,64,jacobi,1,2.690958,2.666708,2.700000,25
1,64,64,64,block,1,3.775875,3.718625,3.890667,25
1,64,64,64,gk,1,1.836750,1.833042,1.848750,25
1,64,64,64,gk_vals,1,1.311375,1.284459,1.332333,25
1,64,64,64,cpu_vals,1,0.424250,0.394250,0.641166,25
1,64,64,64,gk_share,1,1.964000,1.920375,1.997541,25
1,64,64,64,gk_share_vals,1,1.446417,1.426750,1.496459,25
1,64,64,64,cpu,1,0.963666,0.959958,0.983709,25
1,1,384,384,jacobi,1,106.886250,106.852500,106.900875,5
1,1,384,384,block,1,22.209625,22.196729,22.281375,7
1,1,384,384,cpu,1,7.351688,7.227469,7.758625,20
1,1,384,384,bidiag,1,9.502584,9.122594,9.622020,16
1,1,384,384,bidiag_vals,1,6.102292,6.034042,6.199667,25
1,1,384,384,cpu_vals,1,3.598708,3.581625,3.627834,25
1,1024,128,128,jacobi,1,453.819500,448.733250,455.417812,3
1,1024,128,128,block,1,184.950000,184.936375,185.349459,5
1,1024,128,128,cpu,1,76.766166,76.484166,77.048875,5
1,1,256,256,jacobi,1,33.076166,33.018791,33.082542,5
1,1,256,256,block,1,13.064958,12.962052,13.191302,12
1,1,256,256,cpu,1,3.945291,3.879667,3.981666,25
1,1,256,256,bidiag,1,5.683541,5.614916,5.748833,25
1,1,256,256,bidiag_vals,1,3.744416,3.715208,3.844042,25
1,1,256,256,cpu_vals,1,1.733041,1.720917,1.745250,25
1,256,128,32,jacobi,1,2.416375,2.398458,2.437375,25
1,256,128,32,block,1,3.429875,3.389250,3.488875,25
1,256,128,32,qr,1,2.481500,2.441167,2.522917,25
1,256,128,32,qrblock,1,3.422167,3.381917,3.467375,25
1,256,128,32,gk,1,1.996750,1.962167,2.020833,25
1,256,128,32,gk_vals,1,1.274708,1.231417,1.291584,25
1,256,128,32,cpu_vals,1,0.746625,0.705500,0.807167,25
1,256,128,32,gk_share,1,1.573750,1.503375,1.595125,25
1,256,128,32,gk_share_vals,1,1.106708,1.064416,1.118875,25
1,256,128,32,cpu,1,1.660208,1.594792,2.195500,25
1,4,64,16,jacobi,1,0.219208,0.198916,0.384459,25
1,4,64,16,qr,1,0.419417,0.411250,0.433000,25
1,4,64,16,gk,1,0.313334,0.299625,0.326875,25
1,4,64,16,gk_vals,1,0.253584,0.243667,0.266875,25
1,4,64,16,cpu_vals,1,0.024000,0.023625,0.025667,25
1,4,64,16,cpu,1,0.043959,0.043459,0.044875,25
1,1,40,40,jacobi,1,0.565875,0.556250,0.593250,25
1,1,40,40,block,1,2.370458,2.359000,2.448000,25
1,1,40,40,gk,1,0.794792,0.771875,0.848417,25
1,1,40,40,gk_vals,1,0.660375,0.612292,0.689542,25
1,1,40,40,cpu_vals,1,0.026416,0.026333,0.026584,25
1,1,40,40,cpu,1,0.082208,0.081541,0.083459,25
1,4096,16,16,jacobi,1,4.755959,4.728250,4.820500,25
1,4096,16,16,gk,1,2.071500,2.027667,2.105958,25
1,4096,16,16,gk_vals,1,1.173542,1.142000,1.208750,25
1,4096,16,16,cpu_vals,1,1.810750,1.801750,2.302875,25
1,4096,16,16,gk_share,1,1.784541,1.776084,1.832625,25
1,4096,16,16,gk_share_vals,1,1.035500,1.029792,1.046250,25
1,4096,16,16,cpu,1,4.225417,3.874917,4.431542,25
1,16,32,8,jacobi,1,0.305750,0.294666,0.319125,25
1,16,32,8,qr,1,0.433209,0.413709,0.481291,25
1,16,32,8,gk,1,0.195541,0.192083,0.211458,25
1,16,32,8,gk_vals,1,0.175333,0.162334,0.198041,25
1,16,32,8,cpu_vals,1,0.059084,0.057000,0.061458,25
1,16,32,8,cpu,1,0.092792,0.058708,0.109000,25
1,4,128,32,jacobi,1,1.153208,1.063791,1.222833,25
1,4,128,32,block,1,2.080042,2.021959,2.087583,25
1,4,128,32,qr,1,0.532542,0.527208,0.542167,25
1,4,128,32,qrblock,1,1.968000,1.954125,2.021208,25
1,4,128,32,gk,1,0.725875,0.702125,0.766541,25
1,4,128,32,gk_vals,1,0.527459,0.518750,0.548958,25
1,4,128,32,cpu_vals,1,0.059875,0.059167,0.060875,25
1,4,128,32,cpu,1,0.105667,0.104542,0.108791,25
1,256,1024,64,jacobi,1,154.443250,153.783584,155.131333,5
1,256,1024,64,block,1,30.139083,29.845667,30.296583,5
1,256,1024,64,qr,1,18.016709,17.855375,18.267875,9
1,256,1024,64,qrblock,1,16.662334,16.497542,16.843708,9
1,256,1024,64,gk,1,14.595833,14.474916,14.634208,11
1,256,1024,64,gk_vals,1,8.906500,8.705750,8.945417,17
1,256,1024,64,cpu_vals,1,9.081500,8.971334,9.194709,17
1,256,1024,64,gk_share,1,9.922375,9.783396,10.523521,15
1,256,1024,64,gk_share_vals,1,6.239333,6.187521,6.328323,24
1,256,1024,64,cpu,1,18.436417,18.017125,18.558334,9
1,1,32,32,jacobi,1,0.912458,0.293250,1.003083,25
1,1,32,32,block,1,2.158500,2.001458,2.306041,25
1,1,32,32,gk,1,0.673875,0.624583,0.695208,25
1,1,32,32,gk_vals,1,0.457375,0.421375,0.491667,25
1,1,32,32,cpu_vals,1,0.018875,0.018791,0.019042,25
1,1,32,32,cpu,1,0.057542,0.057375,0.057833,25
1,256,32,16,jacobi,1,0.755708,0.679042,0.779000,25
1,256,32,16,qr,1,0.931375,0.919333,1.014959,25
1,256,32,16,gk,1,0.345458,0.335833,0.361333,25
1,256,32,16,gk_vals,1,0.260625,0.247042,0.267250,25
1,256,32,16,cpu_vals,1,0.255416,0.229875,0.273834,25
1,256,32,16,gk_share,1,0.473625,0.436625,0.484208,25
1,256,32,16,gk_share_vals,1,0.372584,0.364417,0.395708,25
1,256,32,16,cpu,1,0.537583,0.514000,0.639708,25
1,4,2048,128,jacobi,1,42.486875,42.418500,42.673375,5
1,4,2048,128,block,1,14.019292,13.988188,14.097667,11
1,4,2048,128,qr,1,6.365583,6.326718,6.408511,24
1,4,2048,128,qrblock,1,7.966083,7.932749,8.074813,19
1,4,2048,128,cpu,1,4.048833,3.957583,4.183125,25
1,4,2048,128,bidiag,1,19.482541,19.394802,19.590365,8
1,4,2048,128,bidiag_vals,1,15.580458,15.514229,15.687698,10
1,4,2048,128,cpu_vals,1,2.514292,2.050792,2.610250,25
1,16,64,32,jacobi,1,0.356000,0.345708,0.394000,25
1,16,64,32,block,1,2.079625,2.052834,2.118500,25
1,16,64,32,qr,1,0.599875,0.595500,0.615666,25
1,16,64,32,qrblock,1,2.239667,2.222792,2.283708,25
1,16,64,32,gk,1,0.741584,0.729584,0.781708,25
1,16,64,32,gk_vals,1,0.504792,0.495417,0.534833,25
1,16,64,32,cpu_vals,1,0.140750,0.126750,0.163375,25
1,16,64,32,cpu,1,0.207125,0.204458,0.217459,25
1,16,128,32,jacobi,1,0.501500,0.475750,0.555834,25
1,16,128,32,block,1,2.050875,1.968292,2.127666,25
1,16,128,32,qr,1,0.640542,0.636334,0.645584,25
1,16,128,32,qrblock,1,2.088833,2.058708,2.115958,25
1,16,128,32,gk,1,0.782875,0.748375,0.825041,25
1,16,128,32,gk_vals,1,0.519833,0.511459,0.534292,25
1,16,128,32,cpu_vals,1,0.173875,0.161833,0.489792,25
1,16,128,32,cpu,1,0.237167,0.233208,0.239916,25
1,1,56,56,jacobi,1,1.243042,0.808000,1.335417,25
1,1,56,56,block,1,2.466083,2.432833,2.548709,25
1,1,56,56,gk,1,1.272750,1.258709,1.302458,25
1,1,56,56,gk_vals,1,1.004500,0.979833,1.045750,25
1,1,56,56,cpu_vals,1,0.048833,0.048500,0.055167,25
1,1,56,56,cpu,1,0.129250,0.127791,0.133542,25
1,4,256,32,jacobi,1,0.436500,0.410084,0.480542,25
1,4,256,32,block,1,2.157166,2.129416,2.263584,25
1,4,256,32,qr,1,0.583542,0.572208,0.593583,25
1,4,256,32,qrblock,1,2.026834,2.002875,2.073583,25
1,4,256,32,gk,1,1.071250,1.050250,1.128292,25
1,4,256,32,gk_vals,1,0.623708,0.620333,0.637042,25
1,4,256,32,cpu_vals,1,0.081625,0.079500,0.083542,25
1,4,256,32,cpu,1,0.140208,0.138750,0.141333,25
1,256,128,64,jacobi,1,13.022583,11.691021,13.887542,12
1,256,128,64,block,1,8.894333,8.796667,9.011750,17
1,256,128,64,qr,1,12.426541,11.990166,12.776000,13
1,256,128,64,qrblock,1,9.104042,8.950625,9.137708,17
1,256,128,64,gk,1,6.666916,6.637479,6.714688,23
1,256,128,64,gk_vals,1,3.468084,3.443958,3.541792,25
1,256,128,64,cpu_vals,1,2.660708,2.579375,2.696542,25
1,256,128,64,gk_share,1,4.675542,4.584458,5.869292,25
1,256,128,64,gk_share_vals,1,3.177916,2.830750,3.855459,25
1,256,128,64,cpu,1,5.519000,5.369583,5.788958,25
1,4,32,32,jacobi,1,0.786500,0.724334,1.050958,25
1,4,32,32,block,1,1.926000,1.886667,1.936209,25
1,4,32,32,gk,1,0.700958,0.642291,0.721209,25
1,4,32,32,gk_vals,1,0.471917,0.437666,0.504958,25
1,4,32,32,cpu_vals,1,0.034125,0.033459,0.034834,25
1,4,32,32,cpu,1,0.068709,0.068166,0.070833,25
1,256,1024,256,jacobi,1,3933.647416,3931.898750,3935.607625,3
1,256,1024,256,block,1,646.600250,643.213875,647.947333,3
1,256,1024,256,qr,1,1063.208958,1060.808021,1064.211354,3
1,256,1024,256,qrblock,1,350.490417,348.574542,351.207188,3
1,256,1024,256,cpu,1,158.388000,157.595125,159.420833,5
1,1024,128,8,jacobi,1,0.751917,0.714291,1.245083,25
1,1024,128,8,qr,1,1.169875,1.146042,1.228125,25
1,1024,128,8,gk,1,0.745000,0.665125,0.748625,25
1,1024,128,8,gk_vals,1,0.342583,0.332083,0.369125,25
1,1024,128,8,cpu_vals,1,0.727625,0.510708,1.082875,25
1,1024,128,8,gk_share,1,0.914500,0.714292,0.952875,25
1,1024,128,8,gk_share_vals,1,0.474583,0.462708,0.561708,25
1,1024,128,8,cpu,1,0.852666,0.777708,1.341750,25
1,1,1024,32,jacobi,1,0.933625,0.863833,1.240250,25
1,1,1024,32,block,1,4.210792,4.143375,4.257792,25
1,1,1024,32,qr,1,0.649334,0.639167,0.659292,25
1,1,1024,32,qrblock,1,2.213834,2.075000,2.323709,25
1,1,1024,32,gk,1,1.158916,1.109667,1.197458,25
1,1,1024,32,gk_vals,1,0.696792,0.690291,0.711292,25
1,1,1024,32,cpu_vals,1,0.109959,0.109875,0.110250,25
1,1,1024,32,cpu,1,0.209709,0.205583,0.210709,25
1,16,768,768,jacobi,1,3791.891792,3790.578730,3794.973042,3
1,16,768,768,block,1,529.812916,529.289041,531.775146,3
1,16,768,768,cpu,1,78.241583,77.810250,79.107625,5
1,16,768,768,bidiag,1,261.643333,260.317708,263.431458,5
1,16,768,768,bidiag_vals,1,198.445084,198.050875,198.671375,5
1,16,768,768,cpu_vals,1,49.510459,48.983042,49.860667,5
1,16,768,768,band,1,304.473833,303.680292,305.145708,3
1,16,768,768,band8_vals,1,147.971250,147.175417,148.418791,5
1,16,768,768,band_vals,1,157.531916,157.362708,157.677250,5
1,16,768,768,band32_vals,1,246.411334,246.253833,246.690917,5
1,16,1024,128,jacobi,1,38.115416,37.807209,38.132541,5
1,16,1024,128,block,1,12.934770,12.747761,13.056501,12
1,16,1024,128,qr,1,6.022958,6.004500,6.063500,25
1,16,1024,128,qrblock,1,7.750583,7.681760,7.898188,20
1,16,1024,128,cpu,1,5.173166,5.115042,5.198667,25
1,16,1024,128,bidiag,1,58.932583,58.898458,59.279583,5
1,16,1024,128,bidiag_vals,1,44.654250,44.281667,44.678791,5
1,16,1024,128,cpu_vals,1,2.706542,2.648375,3.089917,25
1,4,128,128,jacobi,1,4.490208,4.471583,4.496958,25
1,4,128,128,block,1,6.029416,5.973917,6.152500,25
1,4,128,128,cpu,1,1.309792,1.300000,1.339000,25
1,4,128,128,bidiag,1,9.421126,9.382552,9.471104,16
1,4,128,128,bidiag_vals,1,6.357041,6.291062,6.391823,24
1,4,128,128,cpu_vals,1,0.908583,0.891959,0.919334,25
1,4,16,16,jacobi,1,0.200666,0.194291,0.245083,25
1,4,16,16,gk,1,0.283917,0.275917,0.295083,25
1,4,16,16,gk_vals,1,0.257958,0.248750,0.269250,25
1,4,16,16,cpu_vals,1,0.019834,0.019541,0.020541,25
1,4,16,16,cpu,1,0.031083,0.029583,0.033292,25
1,1,1024,128,jacobi,1,19.470875,19.459542,19.480469,8
1,1,1024,128,block,1,8.756396,8.646021,8.805583,18
1,1,1024,128,qr,1,5.310833,5.263709,5.341916,25
1,1,1024,128,qrblock,1,6.537146,6.446281,6.622000,24
1,1,1024,128,cpu,1,2.113000,2.100750,2.136042,25
1,1,1024,128,bidiag,1,4.150625,4.099292,4.194958,25
1,1,1024,128,bidiag_vals,1,3.026583,2.978583,3.063500,25
1,1,1024,128,cpu_vals,1,1.153166,1.148084,1.155542,25
1,1,256,64,jacobi,1,1.326834,1.313584,1.350291,25
1,1,256,64,block,1,3.118833,3.086792,3.164834,25
1,1,256,64,qr,1,1.194334,1.148750,1.239916,25
1,1,256,64,qrblock,1,2.777917,2.724167,2.823542,25
1,1,256,64,gk,1,2.136625,2.128083,2.140959,25
1,1,256,64,gk_vals,1,1.494916,1.482833,1.528750,25
1,1,256,64,cpu_vals,1,0.119542,0.119333,0.121708,25
1,1,256,64,cpu,1,0.282167,0.279083,0.285917,25
1,4096,512,16,jacobi,1,40.684500,38.419375,40.796000,5
1,4096,512,16,qr,1,15.407542,15.292813,15.463146,10
1,4096,512,16,gk,1,13.275875,13.205937,13.390406,12
1,4096,512,16,gk_vals,1,6.681875,6.591917,6.732375,23
1,4096,512,16,cpu_vals,1,9.001166,8.919166,9.311791,17
1,4096,512,16,gk_share,1,12.222417,11.909542,12.799667,13
1,4096,512,16,gk_share_vals,1,7.636708,7.135750,7.896656,20
1,4096,512,16,cpu,1,17.286875,17.153250,17.378916,9
1,256,96,96,jacobi,1,44.969334,44.561625,45.424292,5
1,256,96,96,block,1,21.264896,21.143584,21.353375,8
1,256,96,96,cpu,1,10.803854,10.715865,10.902208,14
1,1024,16,8,jacobi,1,0.411916,0.390625,0.496458,25
1,1024,16,8,qr,1,0.844250,0.827625,0.920459,25
1,1024,16,8,gk,1,0.325333,0.307250,0.330792,25
1,1024,16,8,gk_vals,1,0.261500,0.251125,0.269959,25
1,1024,16,8,cpu_vals,1,0.430334,0.329959,0.657250,25
1,1024,16,8,gk_share,1,0.571791,0.553750,0.589833,25
1,1024,16,8,gk_share_vals,1,0.513708,0.476750,0.533625,25
1,1024,16,8,cpu,1,0.577250,0.510083,0.594834,25
1,4096,256,16,jacobi,1,12.919646,11.414541,13.346719,12
1,4096,256,16,qr,1,9.747270,9.689000,9.789719,16
1,4096,256,16,gk,1,9.324667,9.304416,9.337041,17
1,4096,256,16,gk_vals,1,4.477542,4.464709,4.498833,25
1,4096,256,16,cpu_vals,1,4.734459,4.679584,4.876375,25
1,4096,256,16,gk_share,1,6.121000,5.975250,6.319042,25
1,4096,256,16,gk_share_vals,1,3.369166,3.276375,3.557250,25
1,4096,256,16,cpu,1,10.670833,10.585458,10.727104,15
1,4,2048,64,jacobi,1,8.518854,8.507593,8.557010,18
1,4,2048,64,block,1,8.238042,8.179458,8.297375,19
1,4,2048,64,qr,1,2.105250,2.095625,2.155417,25
1,4,2048,64,qrblock,1,3.750666,3.653792,3.806750,25
1,4,2048,64,gk,1,3.242208,3.178416,3.279500,25
1,4,2048,64,gk_vals,1,2.538583,2.421792,2.565500,25
1,4,2048,64,cpu_vals,1,0.984208,0.960833,0.994083,25
1,4,2048,64,cpu,1,1.982000,1.836541,2.075333,25
1,4096,4,4,jacobi,1,0.354750,0.346500,0.390292,25
1,4096,4,4,gk,1,0.338334,0.334875,0.346500,25
1,4096,4,4,gk_vals,1,0.254167,0.241166,0.268166,25
1,4096,4,4,cpu_vals,1,0.522709,0.497125,0.610333,25
1,4096,4,4,gk_share,1,0.498750,0.493750,0.511042,25
1,4096,4,4,gk_share_vals,1,0.447791,0.438958,0.469541,25
1,4096,4,4,cpu,1,0.643500,0.625375,0.709167,25
1,1,512,16,jacobi,1,0.327875,0.300917,0.974375,25
1,1,512,16,qr,1,0.452334,0.443375,0.461375,25
1,1,512,16,gk,1,0.558000,0.546333,0.564041,25
1,1,512,16,gk_vals,1,0.301875,0.295458,0.304792,25
1,1,512,16,cpu_vals,1,0.033458,0.033292,0.033709,25
1,1,512,16,cpu,1,0.060208,0.060125,0.060375,25
1,256,512,256,jacobi,1,1904.696708,1904.372250,1905.697937,3
1,256,512,256,block,1,414.392000,413.094313,414.482333,3
1,256,512,256,qr,1,1070.082958,1066.305541,1072.656709,3
1,256,512,256,qrblock,1,317.294000,317.007500,326.721229,3
1,256,512,256,cpu,1,114.413625,114.353541,115.151459,5
1,4,128,8,jacobi,1,0.326750,0.314959,0.348958,25
1,4,128,8,qr,1,0.390292,0.382333,0.424958,25
1,4,128,8,gk,1,0.193625,0.188834,0.202625,25
1,4,128,8,gk_vals,1,0.174334,0.173000,0.180000,25
1,4,128,8,cpu_vals,1,0.024458,0.020792,0.026709,25
1,4,128,8,cpu,1,0.025791,0.024125,0.027375,25
1,64,256,16,jacobi,1,0.375875,0.370083,0.442125,25
1,64,256,16,qr,1,0.682334,0.678500,0.711667,25
1,64,256,16,gk,1,0.388667,0.375500,0.393292,25
1,64,256,16,gk_vals,1,0.260917,0.253250,0.271209,25
1,64,256,16,cpu_vals,1,0.182500,0.171791,0.213416,25
1,64,256,16,gk_share,1,0.483166,0.480250,0.490708,25
1,64,256,16,gk_share_vals,1,0.376542,0.371125,0.381000,25
1,64,256,16,cpu,1,0.280042,0.275458,0.284666,25
1,2,2048,2048,cpu,1,606.074542,592.495062,606.821021,3
1,2,2048,2048,bidiag,1,204.206167,203.253375,206.742875,5
1,2,2048,2048,bidiag_vals,1,166.720250,166.524042,166.724416,5
1,2,2048,2048,cpu_vals,1,298.747083,295.066354,303.261584,3
1,2,2048,2048,band,1,158.279875,157.495167,158.353708,5
1,2,2048,2048,band8_vals,1,104.389916,103.947125,104.474792,5
1,2,2048,2048,band_vals,1,88.431209,88.282375,89.442084,5
1,2,2048,2048,band32_vals,1,126.137958,125.931666,126.336875,5
1,16,64,64,jacobi,1,1.035125,0.991875,1.063792,25
1,16,64,64,block,1,3.019417,2.936667,3.055792,25
1,16,64,64,gk,1,1.745750,1.708417,1.756875,25
1,16,64,64,gk_vals,1,1.308291,1.284750,1.319083,25
1,16,64,64,cpu_vals,1,0.210000,0.205958,0.218291,25
1,16,64,64,cpu,1,0.357417,0.354667,0.366458,25
1,256,128,16,jacobi,1,0.789625,0.741250,0.800333,25
1,256,128,16,qr,1,1.093625,1.027333,1.112042,25
1,256,128,16,gk,1,0.596167,0.590917,0.600167,25
1,256,128,16,gk_vals,1,0.382250,0.365875,0.409458,25
1,256,128,16,cpu_vals,1,0.387708,0.304958,0.658625,25
1,256,128,16,gk_share,1,0.533709,0.526458,0.564167,25
1,256,128,16,gk_share_vals,1,0.396500,0.394416,0.411291,25
1,256,128,16,cpu,1,0.667583,0.645083,0.693000,25
1,16,512,32,jacobi,1,0.650916,0.622666,0.732500,25
1,16,512,32,block,1,2.830000,2.800000,2.851084,25
1,16,512,32,qr,1,0.881958,0.857458,0.913584,25
1,16,512,32,qrblock,1,2.348500,2.330459,2.393542,25
1,16,512,32,gk,1,1.395541,1.340834,1.415458,25
1,16,512,32,gk_vals,1,0.865917,0.798041,0.879333,25
1,16,512,32,cpu_vals,1,0.247208,0.227042,0.624625,25
1,16,512,32,cpu,1,0.391750,0.322250,0.550125,25
1,4,24,24,jacobi,1,0.349750,0.322791,0.391292,25
1,4,24,24,gk,1,0.618333,0.510458,0.696333,25
1,4,24,24,gk_vals,1,0.319750,0.313625,0.337834,25
1,4,24,24,cpu_vals,1,0.025042,0.024541,0.027709,25
1,4,24,24,cpu,1,0.049500,0.049042,0.050458,25
1,1024,512,128,jacobi,1,1267.534250,1266.426292,1267.587917,3
1,1024,512,128,block,1,319.873459,317.607250,320.393083,3
1,1024,512,128,qr,1,460.208417,457.218958,461.643125,3
1,1024,512,128,qrblock,1,196.610458,195.535542,199.876625,5
1,1024,512,128,cpu,1,154.888125,153.951875,155.178500,5
1,1024,1024,64,jacobi,1,617.680708,614.592249,617.859375,3
1,1024,1024,64,block,1,110.335667,109.495333,110.366541,5
1,1024,1024,64,qr,1,78.657375,77.478833,78.755500,5
1,1024,1024,64,qrblock,1,60.709583,60.569375,61.733042,5
1,1024,1024,64,gk,1,54.550750,54.349708,54.769416,5
1,1024,1024,64,gk_vals,1,32.381042,32.306000,32.534000,5
1,1024,1024,64,cpu_vals,1,32.962333,32.889000,32.977000,5
1,1024,1024,64,gk_share,1,40.541458,39.984375,40.569292,5
1,1024,1024,64,gk_share_vals,1,18.877667,18.834604,18.947448,8
1,1024,1024,64,cpu,1,66.482250,66.316208,66.705250,5
1,256,512,64,jacobi,1,33.484916,32.418000,33.734083,5
1,256,512,64,block,1,18.307875,18.050208,18.372208,9
1,256,512,64,qr,1,15.123313,13.776396,16.274876,10
1,256,512,64,qrblock,1,11.498667,11.423979,11.549896,14
1,256,512,64,gk,1,9.730374,9.682761,9.774844,16
1,256,512,64,gk_vals,1,5.153458,5.121708,5.196667,25
1,256,512,64,cpu_vals,1,5.518375,5.414459,5.594959,25
1,256,512,64,gk_share,1,6.871604,6.749343,6.980750,22
1,256,512,64,gk_share_vals,1,4.326584,4.182916,4.874166,25
1,256,512,64,cpu,1,11.155292,11.038843,11.329021,14
1,16,4,4,jacobi,1,0.227708,0.215125,0.247958,25
1,16,4,4,gk,1,0.253167,0.243083,0.264958,25
1,16,4,4,gk_vals,1,0.234541,0.207416,0.254042,25
1,16,4,4,cpu_vals,1,0.027708,0.027458,0.028000,25
1,16,4,4,cpu,1,0.038875,0.037208,0.041875,25
1,16,1024,1024,jacobi,1,9296.226125,9291.634729,9317.046333,3
1,16,1024,1024,block,1,1241.000667,1240.658834,1242.632542,3
1,16,1024,1024,cpu,1,308.872542,307.745500,309.945271,3
1,16,1024,1024,bidiag,1,411.225417,409.927979,411.632084,3
1,16,1024,1024,bidiag_vals,1,304.837125,304.672833,305.112146,3
1,16,1024,1024,cpu_vals,1,222.061291,218.783750,222.182708,5
1,16,1024,1024,band,1,453.563792,451.074146,454.205646,3
1,16,1024,1024,band8_vals,1,215.653708,215.054333,216.047166,5
1,16,1024,1024,band_vals,1,225.597541,225.181084,225.654750,5
1,16,1024,1024,band32_vals,1,346.957917,346.705625,347.323104,3
1,4,4,4,jacobi,1,0.158125,0.146916,0.215083,25
1,4,4,4,gk,1,0.156625,0.153375,0.184375,25
1,4,4,4,gk_vals,1,0.151250,0.142084,0.163875,25
1,4,4,4,cpu_vals,1,0.017125,0.016000,0.017833,25
1,4,4,4,cpu,1,0.015000,0.014667,0.015417,25
1,64,512,256,jacobi,1,480.878667,480.503229,481.831083,3
1,64,512,256,block,1,101.745167,101.287125,102.005250,5
1,64,512,256,qr,1,278.411916,277.602125,278.937583,5
1,64,512,256,qrblock,1,78.412166,77.771959,78.577000,5
1,64,512,256,cpu,1,30.182917,29.991250,30.532833,5
1,64,512,256,bidiag,1,428.889916,427.963812,428.990354,3
1,64,512,256,bidiag_vals,1,334.102333,333.564271,334.303666,3
1,64,512,256,cpu_vals,1,14.894541,14.837583,15.026312,11
1,1,128,32,jacobi,1,1.088500,0.384792,1.250167,25
1,1,128,32,block,1,2.018000,1.984750,2.099542,25
1,1,128,32,qr,1,0.522833,0.514417,0.526250,25
1,1,128,32,qrblock,1,2.183834,2.045166,2.339417,25
1,1,128,32,gk,1,0.753084,0.727458,0.803542,25
1,1,128,32,gk_vals,1,0.514083,0.495459,0.536292,25
1,1,128,32,cpu_vals,1,0.031042,0.030958,0.031542,25
1,1,128,32,cpu,1,0.077917,0.076959,0.078458,25
1,1,80,80,jacobi,1,1.582584,1.497750,1.608500,25
1,1,80,80,block,1,3.896709,3.818458,3.983125,25
1,1,80,80,gk,1,2.417667,2.403417,2.425666,25
1,1,80,80,gk_vals,1,1.795084,1.773542,1.827292,25
1,1,80,80,cpu_vals,1,0.183792,0.178125,0.184375,25
1,1,80,80,cpu,1,0.341750,0.338916,0.346083,25
1,16,1024,64,jacobi,1,5.007792,4.993333,5.046125,25
1,16,1024,64,block,1,6.082542,6.000125,6.164375,25
1,16,1024,64,qr,1,2.718542,2.661000,2.840625,25
1,16,1024,64,qrblock,1,4.358209,4.297375,4.471917,25
1,16,1024,64,gk,1,3.843541,3.804833,3.884083,25
1,16,1024,64,gk_vals,1,3.412208,3.012333,3.545792,25
1,16,1024,64,cpu_vals,1,1.047292,0.832916,1.423125,25
1,16,1024,64,cpu,1,1.558250,1.533667,2.042000,25
1,64,2048,256,jacobi,1,2457.192458,2455.797916,2458.756458,3
1,64,2048,256,block,1,275.041417,273.937792,275.832334,5
1,64,2048,256,qr,1,292.925083,292.018417,297.147167,5
1,64,2048,256,qrblock,1,109.610208,108.585417,111.913166,5
1,64,2048,256,cpu,1,67.968500,67.875875,68.457583,5
1,64,2048,256,bidiag,1,482.113083,479.486417,484.526042,3
1,64,2048,256,bidiag_vals,1,370.803000,370.453417,370.887375,3
1,64,2048,256,cpu_vals,1,30.962583,30.508209,31.102375,5
1,256,192,192,jacobi,1,416.895625,415.963896,418.179375,3
1,256,192,192,block,1,146.814375,146.755875,147.669000,5
1,256,192,192,cpu,1,36.522834,36.496041,36.579708,5
1,256,192,192,bidiag,1,896.118041,895.859687,896.361541,3
1,256,192,192,bidiag_vals,1,624.585000,624.343021,626.433542,3
1,256,192,192,cpu_vals,1,18.368666,18.277959,18.563416,9
1,64,64,8,jacobi,1,0.341625,0.325834,0.373958,25
1,64,64,8,qr,1,0.500958,0.463834,0.548208,25
1,64,64,8,gk,1,0.200583,0.193959,0.221917,25
1,64,64,8,gk_vals,1,0.172083,0.169000,0.178167,25
1,64,64,8,cpu_vals,1,0.124083,0.103666,0.252875,25
1,64,64,8,gk_share,1,0.305834,0.303667,0.308667,25
1,64,64,8,gk_share_vals,1,0.282625,0.279709,0.284416,25
1,64,64,8,cpu,1,0.133916,0.129167,0.139458,25
1,4,256,128,jacobi,1,5.331458,5.302458,5.336959,25
1,4,256,128,block,1,5.634209,5.503417,5.725750,25
1,4,256,128,qr,1,4.703042,4.675542,4.717875,25
1,4,256,128,qrblock,1,5.946625,5.810000,6.066333,25
1,4,256,128,cpu,1,1.863417,1.853458,1.882666,25
1,4,256,128,bidiag,1,10.683751,10.651542,10.733385,14
1,4,256,128,bidiag_vals,1,7.617042,7.571344,7.653604,20
1,4,256,128,cpu_vals,1,1.086083,1.070667,1.089708,25
1,256,256,128,jacobi,1,123.354666,121.495333,123.891708,5
1,256,256,128,block,1,54.422833,54.341750,54.707083,5
1,256,256,128,qr,1,112.137625,111.908541,112.328625,5
1,256,256,128,qrblock,1,45.915750,45.834458,46.216375,5
1,256,256,128,cpu,1,31.295667,31.273791,31.546208,5
1,256,256,128,bidiag,1,687.308333,685.915958,687.598250,3
1,256,256,128,bidiag_vals,1,478.083916,477.555812,478.230854,3
1,256,256,128,cpu_vals,1,17.409875,17.274375,17.472125,9
1,256,512,16,jacobi,1,2.350167,2.121167,2.428250,25
1,256,512,16,qr,1,1.612125,1.516041,1.629000,25
1,256,512,16,gk,1,1.399541,1.381875,1.441666,25
1,256,512,16,gk_vals,1,0.807834,0.785667,0.879542,25
1,256,512,16,cpu_vals,1,1.223625,0.770625,1.274875,25
1,256,512,16,gk_share,1,1.608125,1.426917,1.715250,25
1,256,512,16,gk_share_vals,1,0.988208,0.773292,1.878375,25
1,256,512,16,cpu,1,1.819000,1.350542,1.852416,25
1,64,2048,128,jacobi,1,457.563333,456.391271,458.661354,3
1,64,2048,128,block,1,64.652708,64.514083,64.689625,5
1,64,2048,128,qr,1,42.598250,42.591375,42.654666,5
1,64,2048,128,qrblock,1,25.812792,25.734938,25.827489,6
1,64,2048,128,cpu,1,28.531645,28.375240,28.798865,6
1,64,2048,128,bidiag,1,313.041875,311.150167,314.759437,3
1,64,2048,128,bidiag_vals,1,242.116750,241.725667,242.620250,5
1,64,2048,128,cpu_vals,1,12.305791,12.164500,12.551791,13
1,4096,128,128,jacobi,1,1781.103375,1776.009687,1786.234875,3
1,4096,128,128,block,1,741.420375,736.656062,745.464792,3
1,4096,128,128,cpu,1,293.887042,292.475709,294.837834,5
1,4,1280,1280,cpu,1,123.975208,123.340083,124.736000,5
1,4,1280,1280,bidiag,1,153.431708,153.133292,153.666167,5
1,4,1280,1280,bidiag_vals,1,118.057917,117.520000,119.009292,5
1,4,1280,1280,cpu_vals,1,59.005541,58.889791,59.323167,5
1,4,1280,1280,band,1,154.294750,152.540875,156.031292,5
1,4,1280,1280,band8_vals,1,82.856334,82.141125,82.882250,5
1,4,1280,1280,band_vals,1,81.404209,81.170083,81.634542,5
1,4,1280,1280,band32_vals,1,121.640208,121.558542,121.834292,5
1,64,256,8,jacobi,1,0.219667,0.213125,0.233875,25
1,64,256,8,qr,1,0.586917,0.557917,0.660334,25
1,64,256,8,gk,1,0.240333,0.227125,0.257250,25
1,64,256,8,gk_vals,1,0.180084,0.178583,0.200000,25
1,64,256,8,cpu_vals,1,0.211500,0.161459,0.432375,25
1,64,256,8,gk_share,1,0.331500,0.328625,0.335041,25
1,64,256,8,gk_share_vals,1,0.294958,0.292750,0.297625,25
1,64,256,8,cpu,1,0.180791,0.176083,0.185500,25
1,4,80,80,jacobi,1,1.656958,1.639792,1.695375,25
1,4,80,80,block,1,4.029834,3.938209,4.056500,25
1,4,80,80,gk,1,2.442375,2.422958,2.446541,25
1,4,80,80,gk_vals,1,1.795625,1.776708,1.806750,25
1,4,80,80,cpu_vals,1,0.238000,0.233458,0.244125,25
1,4,80,80,cpu,1,0.406917,0.401792,0.413250,25
1,1,1024,64,jacobi,1,4.393542,4.355125,4.408125,25
1,1,1024,64,block,1,5.130916,5.003334,5.195000,25
1,1,1024,64,qr,1,1.454250,1.433667,1.499417,25
1,1,1024,64,qrblock,1,2.844834,2.807083,2.870917,25
1,1,1024,64,gk,1,2.470084,2.462750,2.482459,25
1,1,1024,64,gk_vals,1,1.862792,1.841750,1.902667,25
1,1,1024,64,cpu_vals,1,0.260291,0.259834,0.262625,25
1,1,1024,64,cpu,1,0.558417,0.555625,0.565458,25
1,4,16,8,jacobi,1,0.169000,0.155042,0.183375,25
1,4,16,8,qr,1,0.378042,0.360625,0.412042,25
1,4,16,8,gk,1,0.191500,0.184667,0.215167,25
1,4,16,8,gk_vals,1,0.173625,0.161083,0.204542,25
1,4,16,8,cpu_vals,1,0.018459,0.017709,0.019125,25
1,4,16,8,cpu,1,0.018209,0.018000,0.019292,25
1,1,1536,1536,cpu,1,177.722167,177.459416,178.247167,5
1,1,1536,1536,bidiag,1,66.586209,65.996416,67.185584,5
1,1,1536,1536,bidiag_vals,1,45.802417,45.706458,45.966042,5
1,1,1536,1536,cpu_vals,1,85.133666,85.070208,85.213000,5
1,1,1536,1536,band,1,48.974791,48.125125,49.530833,5
1,1,1536,1536,band8_vals,1,36.483292,36.109250,36.645583,5
1,1,1536,1536,band_vals,1,32.841083,32.770583,33.029834,5
1,1,1536,1536,band32_vals,1,46.247041,45.980708,46.316750,5
1,1024,64,32,jacobi,1,6.848688,6.772938,6.969167,22
1,1024,64,32,block,1,6.635750,6.557583,6.705647,23
1,1024,64,32,qr,1,6.894208,6.853313,6.960749,22
1,1024,64,32,qrblock,1,7.119583,6.995230,7.168594,22
1,1024,64,32,gk,1,3.699042,3.688375,3.723333,25
1,1024,64,32,gk_vals,1,2.228625,2.212167,2.258167,25
1,1024,64,32,cpu_vals,1,2.494125,2.206208,2.555500,25
1,1024,64,32,gk_share,1,3.006792,2.990917,3.073584,25
1,1024,64,32,gk_share_vals,1,1.569208,1.540167,1.589459,25
1,1024,64,32,cpu,1,5.688958,5.334708,5.771375,25
1,64,128,64,jacobi,1,3.017167,2.994625,3.040875,25
1,64,128,64,block,1,3.826500,3.723333,3.871333,25
1,64,128,64,qr,1,3.584416,3.548250,3.726667,25
1,64,128,64,qrblock,1,4.527792,4.405459,4.627583,25
1,64,128,64,gk,1,3.138125,3.075292,3.307500,25
1,64,128,64,gk_vals,1,2.286584,2.268375,2.449000,25
1,64,128,64,cpu_vals,1,0.721250,0.695916,0.734042,25
1,64,128,64,gk_share,1,3.203792,3.188000,3.234292,25
1,64,128,64,gk_share_vals,1,2.322459,2.298500,2.466625,25
1,64,128,64,cpu,1,1.538417,1.520125,1.558875,25
1,2,1280,1280,cpu,1,116.835375,115.307833,116.857292,5
1,2,1280,1280,bidiag,1,76.459834,75.637209,77.065208,5
1,2,1280,1280,bidiag_vals,1,60.667125,60.232000,60.711708,5
1,2,1280,1280,cpu_vals,1,57.745917,57.398083,58.122833,5
1,2,1280,1280,band,1,77.120708,75.805333,78.270334,5
1,2,1280,1280,band8_vals,1,45.814917,45.135333,46.737583,5
1,2,1280,1280,band_vals,1,44.184917,44.157958,44.597750,5
1,2,1280,1280,band32_vals,1,65.633667,65.363250,66.047625,5
1,256,1024,32,jacobi,1,34.433625,34.008750,34.531042,5
1,256,1024,32,block,1,11.642708,11.561208,11.730583,13
1,256,1024,32,qr,1,5.134708,5.073166,5.242667,25
1,256,1024,32,qrblock,1,5.950916,5.916125,6.013500,25
1,256,1024,32,gk,1,4.316792,4.298833,4.443375,25
1,256,1024,32,gk_vals,1,2.590375,2.531083,2.636375,25
1,256,1024,32,cpu_vals,1,3.110125,3.068708,3.160959,25
1,256,1024,32,gk_share,1,3.880541,3.705750,4.477125,25
1,256,1024,32,gk_share_vals,1,2.131125,2.073125,2.758375,25
1,256,1024,32,cpu,1,5.921583,5.785167,6.016584,25
1,256,512,128,jacobi,1,314.897500,312.829229,315.512417,3
1,256,512,128,block,1,80.145875,80.115042,80.400250,5
1,256,512,128,qr,1,111.798041,111.532250,113.636500,5
1,256,512,128,qrblock,1,48.354083,48.254792,48.503833,5
1,256,512,128,cpu,1,41.153583,40.891042,41.405250,5
1,256,512,128,bidiag,1,766.081458,763.974479,766.280146,3
1,256,512,128,bidiag_vals,1,557.370166,556.314145,558.404041,3
1,256,512,128,cpu_vals,1,21.669459,21.479167,21.787958,7
1,64,40,40,jacobi,1,1.153417,1.130417,1.181083,25
1,64,40,40,block,1,3.501333,3.443291,3.519375,25
1,64,40,40,gk,1,0.905167,0.828792,0.915042,25
1,64,40,40,gk_vals,1,0.672084,0.640291,0.708125,25
1,64,40,40,cpu_vals,1,0.216959,0.204541,0.642833,25
1,64,40,40,gk_share,1,1.020750,0.949958,1.031208,25
1,64,40,40,gk_share_vals,1,0.715333,0.706584,0.805667,25
1,64,40,40,cpu,1,0.497542,0.489667,0.532250,25
1,1024,2048,64,jacobi,1,1315.031041,1309.700729,1318.480937,3
1,1024,2048,64,block,1,202.879625,200.663666,209.236916,5
1,1024,2048,64,qr,1,122.989333,122.945042,123.143208,5
1,1024,2048,64,qrblock,1,103.525917,103.155708,104.723500,5
1,1024,2048,64,gk,1,97.333375,97.135292,98.001250,5
1,1024,2048,64,gk_vals,1,64.171750,64.108667,64.341042,5
1,1024,2048,64,cpu_vals,1,61.900791,61.764708,62.475083,5
1,1024,2048,64,gk_share,1,72.701833,72.119833,73.551333,5
1,1024,2048,64,gk_share_vals,1,35.301208,35.033041,35.553083,5
1,1024,2048,64,cpu,1,124.581125,124.489416,124.791333,5
1,64,128,8,jacobi,1,0.431084,0.404542,0.734750,25
1,64,128,8,qr,1,0.518333,0.503125,0.617042,25
1,64,128,8,gk,1,0.203583,0.193667,0.214667,25
1,64,128,8,gk_vals,1,0.174417,0.166375,0.181542,25
1,64,128,8,cpu_vals,1,0.297000,0.132083,0.313875,25
1,64,128,8,gk_share,1,0.317458,0.315542,0.322250,25
1,64,128,8,gk_share_vals,1,0.284750,0.282250,0.288583,25
1,64,128,8,cpu,1,0.158209,0.155125,0.161292,25
1,1,256,16,jacobi,1,0.308333,0.269333,0.674833,25
1,1,256,16,qr,1,0.443333,0.431084,0.447292,25
1,1,256,16,gk,1,0.307167,0.304500,0.324333,25
1,1,256,16,gk_vals,1,0.255833,0.249084,0.269709,25
1,1,256,16,cpu_vals,1,0.016750,0.016667,0.016833,25
1,1,256,16,cpu,1,0.043792,0.043708,0.043875,25
1,64,512,128,jacobi,1,80.902333,79.750708,81.046084,5
1,64,512,128,block,1,20.589437,20.436021,20.644396,8
1,64,512,128,qr,1,32.045542,31.380250,32.270125,5
1,64,512,128,qrblock,1,14.560667,14.490146,14.624729,11
1,64,512,128,cpu,1,11.134021,11.090053,11.519479,14
1,64,512,128,bidiag,1,191.144458,190.455583,191.894625,5
1,64,512,128,bidiag_vals,1,138.785708,138.604417,139.882583,5
1,64,512,128,cpu_vals,1,6.136792,5.791583,6.179000,25
1,1024,32,8,jacobi,1,0.770042,0.681125,1.192458,25
1,1024,32,8,qr,1,0.922041,0.903666,0.996083,25
1,1024,32,8,gk,1,0.386750,0.383084,0.391750,25
1,1024,32,8,gk_vals,1,0.254375,0.240541,0.261750,25
1,1024,32,8,cpu_vals,1,0.386542,0.336417,0.636792,25
1,1024,32,8,gk_share,1,0.571208,0.539333,0.592791,25
1,1024,32,8,gk_share_vals,1,0.516209,0.442542,0.530375,25
1,1024,32,8,cpu,1,0.589708,0.544291,0.658542,25
1,4096,24,24,jacobi,1,11.445833,11.408948,11.548927,14
1,4096,24,24,gk,1,4.986125,4.973417,5.080875,25
1,4096,24,24,gk_vals,1,2.267750,2.246292,2.281542,25
1,4096,24,24,cpu_vals,1,3.538666,3.243208,3.685583,25
1,4096,24,24,gk_share,1,4.210417,3.932375,4.305667,25
1,4096,24,24,gk_share_vals,1,1.779375,1.752500,1.817084,25
1,4096,24,24,cpu,1,9.080917,8.765333,9.187750,17
1,256,2048,64,jacobi,1,326.877208,326.569604,327.604083,3
1,256,2048,64,block,1,52.754458,52.670917,52.992417,5
1,256,2048,64,qr,1,28.644312,28.486146,29.076979,6
1,256,2048,64,qrblock,1,27.141521,27.114563,27.511292,6
1,256,2048,64,gk,1,24.523042,24.497250,25.031937,7
1,256,2048,64,gk_vals,1,16.707583,16.615208,16.714459,9
1,256,2048,64,cpu_vals,1,17.020292,16.840584,17.142750,9
1,256,2048,64,gk_share,1,17.912250,17.589500,18.171459,9
1,256,2048,64,gk_share_vals,1,11.798000,11.545875,11.868000,13
1,256,2048,64,cpu,1,33.601042,33.217250,34.085916,5
1,1024,2048,128,qr,1,644.800125,635.279250,650.950479,3
1,1024,2048,128,qrblock,1,380.301791,378.222604,388.203458,3
1,1024,2048,128,cpu,1,402.859042,402.593937,403.489646,3
1,64,16,8,jacobi,1,0.312209,0.297459,0.333834,25
1,64,16,8,qr,1,0.472666,0.448083,0.507167,25
1,64,16,8,gk,1,0.200875,0.196416,0.211542,25
1,64,16,8,gk_vals,1,0.175750,0.169833,0.182958,25
1,64,16,8,cpu_vals,1,0.198584,0.086417,0.219375,25
1,64,16,8,gk_share,1,0.309167,0.304833,0.311167,25
1,64,16,8,gk_share_vals,1,0.277166,0.275084,0.279083,25
1,64,16,8,cpu,1,0.121750,0.113792,0.279958,25
1,16,2048,128,jacobi,1,88.707750,88.650250,88.743875,5
1,16,2048,128,block,1,20.558917,20.242271,20.793896,8
1,16,2048,128,qr,1,7.588042,7.554281,7.600094,20
1,16,2048,128,qrblock,1,9.453083,9.339510,9.510656,16
1,16,2048,128,cpu,1,8.095270,8.005270,8.621063,18
1,16,2048,128,bidiag,1,76.953750,76.932750,77.198667,5
1,16,2048,128,bidiag_vals,1,61.564667,60.986416,62.046875,5
1,16,2048,128,cpu_vals,1,4.156333,3.919875,4.905000,25
1,4096,32,32,jacobi,1,22.255500,21.880750,22.477208,7
1,4096,32,32,block,1,21.030479,20.831083,21.114323,8
1,4096,32,32,gk,1,7.704458,7.667219,7.743927,20
1,4096,32,32,gk_vals,1,4.029792,3.997417,4.056250,25
1,4096,32,32,cpu_vals,1,5.258875,5.171334,5.350125,25
1,4096,32,32,gk_share,1,6.390292,6.292979,6.781042,23
1,4096,32,32,gk_share_vals,1,2.954291,2.901167,3.267750,25
1,4096,32,32,cpu,1,14.937042,14.757771,15.089813,11
1,256,16,8,jacobi,1,0.601750,0.572375,0.668667,25
1,256,16,8,qr,1,0.552291,0.535333,0.565125,25
1,256,16,8,gk,1,0.208000,0.198917,0.215916,25
1,256,16,8,gk_vals,1,0.174791,0.159500,0.184750,25
1,256,16,8,cpu_vals,1,0.154958,0.149375,0.162166,25
1,256,16,8,gk_share,1,0.360958,0.351291,0.368917,25
1,256,16,8,gk_share_vals,1,0.323000,0.319750,0.330334,25
1,256,16,8,cpu,1,0.199875,0.197542,0.210083,25
1,4,256,8,jacobi,1,0.402166,0.380250,0.473375,25
1,4,256,8,qr,1,0.514750,0.409708,0.540500,25
1,4,256,8,gk,1,0.200417,0.190666,0.210375,25
1,4,256,8,gk_vals,1,0.180083,0.169417,0.189625,25
1,4,256,8,cpu_vals,1,0.027250,0.026416,0.027667,25
1,4,256,8,cpu,1,0.030166,0.029583,0.032416,25
1,256,16,16,jacobi,1,0.521250,0.504375,0.607583,25
1,256,16,16,gk,1,0.316750,0.306083,0.322000,25
1,256,16,16,gk_vals,1,0.253959,0.241667,0.266709,25
1,256,16,16,cpu_vals,1,0.228125,0.195166,0.644958,25
1,256,16,16,gk_share,1,0.466209,0.460292,0.485458,25
1,256,16,16,gk_share_vals,1,0.383417,0.375000,0.390291,25
1,256,16,16,cpu,1,0.364167,0.358916,0.374875,25
