pass,batch,N,backend,ok,ms,p25,p75,reps
0,4096,48,tg,1,63.154042,61.900167,65.465791,5
0,4096,48,block,1,92.141834,92.092833,92.446417,5
0,4096,48,ql,1,18.409291,18.248709,19.268083,9
0,4096,48,ql_share,1,17.537250,17.428791,18.786917,9
0,4096,48,cpu,1,27.885124,27.566271,28.043603,6
0,4096,48,tg_vals,1,54.864167,54.723042,54.952708,5
0,4096,48,block_vals,1,78.682375,78.662917,78.787458,5
0,4096,48,ql_vals,1,12.113542,12.049125,12.148625,13
0,4096,48,ql_share_vals,1,7.906125,7.370125,8.275084,19
0,4096,48,cpu_vals,1,10.228917,10.119479,10.286480,15
0,2048,32,simd,1,11.545125,11.461292,11.860375,13
0,2048,32,tg,1,8.768709,8.714052,8.805563,18
0,2048,32,block,1,10.534500,10.285417,10.742292,15
0,2048,32,ql,1,2.939291,2.910042,3.061500,25
0,2048,32,ql_share,1,2.781625,2.748167,2.885416,25
0,2048,32,cpu,1,5.332292,5.119875,5.420417,25
0,2048,32,simd_vals,1,8.288042,8.202313,8.384500,19
0,2048,32,tg_vals,1,7.840375,7.621313,8.122083,19
0,2048,32,block_vals,1,9.757750,9.636271,9.865438,16
0,2048,32,ql_vals,1,1.784375,1.762875,1.847000,25
0,2048,32,ql_share_vals,1,1.473292,1.420417,1.557625,25
0,2048,32,cpu_vals,1,2.404750,2.278125,2.441500,25
0,8,384,tg,1,242.549416,242.100000,245.953875,5
0,8,384,block,1,33.708625,33.628208,33.830334,5
0,8,384,cpu,1,6.429563,6.247937,6.595709,24
0,8,384,tridiag,1,35.113917,34.355333,35.936209,5
0,8,384,tg_vals,1,190.342250,190.304000,190.548875,5
0,8,384,block_vals,1,28.176917,28.042687,28.289427,6
0,8,384,cpu_vals,1,3.221917,3.145000,3.670083,25
0,8,384,tridiag_vals,1,27.172500,27.164667,27.206802,6
0,4096,8,simd,1,0.559959,0.549584,0.593250,25
0,4096,8,tg,1,0.560208,0.555625,0.592333,25
0,4096,8,ql,1,0.582667,0.574209,0.591167,25
0,4096,8,ql_share,1,0.689917,0.664500,0.714375,25
0,4096,8,cpu,1,1.300792,0.796166,1.402166,25
0,4096,8,simd_vals,1,0.522500,0.483708,0.571833,25
0,4096,8,tg_vals,1,0.488292,0.473416,0.511083,25
0,4096,8,ql_vals,1,0.424333,0.419917,0.434250,25
0,4096,8,ql_share_vals,1,0.534250,0.441916,0.549875,25
0,4096,8,cpu_vals,1,0.461834,0.414708,0.509792,25
0,4096,4,simd,1,0.308292,0.290541,0.319041,25
0,4096,4,tg,1,0.308416,0.299584,0.314250,25
0,4096,4,ql,1,0.299042,0.292041,0.306166,25
0,4096,4,ql_share,1,0.398292,0.387666,0.417958,25
0,4096,4,cpu,1,0.358417,0.349667,0.369542,25
0,4096,4,simd_vals,1,0.279667,0.272875,0.287625,25
0,4096,4,tg_vals,1,0.281250,0.269542,0.287750,25
0,4096,4,ql_vals,1,0.243292,0.237625,0.251041,25
0,4096,4,ql_share_vals,1,0.331291,0.316459,0.344125,25
0,4096,4,cpu_vals,1,0.200959,0.196958,0.223667,25
0,2,768,block,1,74.996083,74.838458,75.240292,5
0,2,768,cpu,1,21.168563,20.935761,21.323125,8
0,2,768,tridiag,1,23.162417,23.054312,23.390792,7
0,2,768,block_vals,1,65.589667,65.474333,65.601084,5
0,2,768,cpu_vals,1,10.502166,10.406479,10.658250,15
0,2,768,tridiag_vals,1,16.178625,16.160010,16.229510,10
0,2,768,band_vals,1,20.952667,20.679906,21.681916,8
0,4,2,simd,1,0.151625,0.141000,0.171459,25
0,4,2,tg,1,0.144541,0.139791,0.159167,25
0,4,2,ql,1,0.142792,0.139000,0.157250,25
0,4,2,cpu,1,0.007667,0.005375,0.011458,25
0,4,2,simd_vals,1,0.139291,0.135000,0.144250,25
0,4,2,tg_vals,1,0.138833,0.132875,0.145458,25
0,4,2,ql_vals,1,0.145500,0.130833,0.165708,25
0,4,2,cpu_vals,1,0.004750,0.003250,0.006792,25
0,2,16,simd,1,0.419625,0.378708,0.522000,25
0,2,16,tg,1,0.243584,0.221333,0.297917,25
0,2,16,ql,1,0.292084,0.262833,0.322750,25
0,2,16,cpu,1,0.036000,0.027292,0.054500,25
0,2,16,simd_vals,1,0.306667,0.294667,0.330500,25
0,2,16,tg_vals,1,0.199750,0.192459,0.212625,25
0,2,16,ql_vals,1,0.198083,0.191625,0.210083,25
0,2,16,cpu_vals,1,0.009375,0.009250,0.009541,25
0,1,8,simd,1,0.200125,0.162750,0.234542,25
0,1,8,tg,1,0.164125,0.157958,0.188209,25
0,1,8,ql,1,0.186666,0.166375,0.239875,25
0,1,8,cpu,1,0.004375,0.004083,0.004708,25
0,1,8,simd_vals,1,0.160167,0.153750,0.218250,25
0,1,8,tg_vals,1,0.181292,0.160250,0.210833,25
0,1,8,ql_vals,1,0.211791,0.162042,0.239750,25
0,1,8,cpu_vals,1,0.003875,0.003833,0.003917,25
0,64,8,simd,1,0.191333,0.182000,0.227208,25
0,64,8,tg,1,0.191875,0.175125,0.198208,25
0,64,8,ql,1,0.184041,0.176083,0.194125,25
0,64,8,ql_share,1,0.283667,0.274500,0.299208,25
0,64,8,cpu,1,0.134959,0.086083,0.172875,25
0,64,8,simd_vals,1,0.177750,0.167584,0.184625,25
0,64,8,tg_vals,1,0.186125,0.171166,0.197292,25
0,64,8,ql_vals,1,0.167750,0.158708,0.190750,25
0,64,8,ql_share_vals,1,0.143083,0.118500,0.262958,25
0,64,8,cpu_vals,1,0.091375,0.090417,0.092542,25
0,128,128,tg,1,48.715042,48.644167,49.383750,5
0,128,128,block,1,20.893313,20.830115,20.955031,8
0,128,128,cpu,1,5.911125,5.529666,6.008292,25
0,128,128,tridiag,1,175.680334,167.032334,210.762084,5
0,128,128,tg_vals,1,45.408875,45.377666,45.701709,5
0,128,128,block_vals,1,19.354833,19.182813,19.421552,8
0,128,128,cpu_vals,1,3.284292,3.238541,3.386834,25
0,128,128,tridiag_vals,1,134.161583,133.711792,134.613167,5
0,4,128,tg,1,8.180209,8.157333,8.207854,19
0,4,128,block,1,6.265000,5.913542,6.613792,25
0,4,128,cpu,1,0.593208,0.582833,0.608958,25
0,4,128,tridiag,1,5.837917,5.396208,6.030542,25
0,4,128,tg_vals,1,7.264125,7.243333,7.283125,21
0,4,128,block_vals,1,5.919750,5.735500,6.073125,25
0,4,128,cpu_vals,1,0.307917,0.300833,0.314125,25
0,4,128,tridiag_vals,1,4.523209,4.229792,4.717334,25
0,2,1024,block,1,146.801958,146.162875,147.190000,5
0,2,1024,cpu,1,47.217000,46.716875,47.402125,5
0,2,1024,tridiag,1,36.466875,36.300417,36.469875,5
0,2,1024,block_vals,1,112.082625,112.078334,112.156042,5
0,2,1024,cpu_vals,1,19.353521,19.287469,19.435531,8
0,2,1024,tridiag_vals,1,22.972291,22.938521,23.001250,7
0,2,1024,band_vals,1,29.020459,28.787073,29.147281,6
0,256,192,tg,1,557.504083,551.768333,557.542937,3
0,256,192,block,1,143.720875,137.650833,147.900667,5
0,256,192,cpu,1,24.030291,23.988917,24.536437,7
0,256,192,tridiag,1,526.870209,521.625563,529.551187,3
0,256,192,tg_vals,1,282.615875,272.399500,284.198125,5
0,256,192,block_vals,1,110.225833,110.056375,110.231416,5
0,256,192,cpu_vals,1,11.431541,11.275603,11.546740,14
0,256,192,tridiag_vals,1,427.786958,425.218354,430.154875,3
0,1,12,simd,1,0.246416,0.241417,0.262916,25
0,1,12,tg,1,0.209042,0.203042,0.215583,25
0,1,12,ql,1,0.207875,0.196208,0.217292,25
0,1,12,cpu,1,0.006208,0.006084,0.006708,25
0,1,12,simd_vals,1,0.221958,0.218042,0.234417,25
0,1,12,tg_vals,1,0.183667,0.176291,0.188292,25
0,1,12,ql_vals,1,0.181959,0.176333,0.190708,25
0,1,12,cpu_vals,1,0.003209,0.003167,0.003458,25
0,512,384,block,1,2132.773333,2127.194833,2153.101895,3
0,512,384,cpu,1,202.155334,198.919250,202.966458,5
0,512,384,block_vals,1,1538.668291,1535.892042,1538.763979,3
0,512,384,cpu_vals,1,94.921375,94.884000,95.698000,5
0,64,48,tg,1,1.611542,1.603500,1.653041,25
0,64,48,block,1,3.747792,3.708584,3.826375,25
0,64,48,ql,1,0.977708,0.930417,0.982000,25
0,64,48,ql_share,1,1.053083,1.021916,1.095167,25
0,64,48,cpu,1,0.460417,0.450083,0.585125,25
0,64,48,tg_vals,1,1.432583,1.427208,1.444333,25
0,64,48,block_vals,1,3.548750,3.526959,3.612708,25
0,64,48,ql_vals,1,0.787708,0.760625,0.808708,25
0,64,48,ql_share_vals,1,0.900041,0.872917,0.942750,25
0,64,48,cpu_vals,1,0.264042,0.243416,0.579667,25
0,2048,16,simd,1,1.415250,1.373625,1.467541,25
0,2048,16,tg,1,1.374208,1.358875,1.402541,25
0,2048,16,ql,1,0.977541,0.971750,0.994125,25
0,2048,16,ql_share,1,0.895916,0.885250,0.942875,25
0,2048,16,cpu,1,1.312750,1.209875,1.322125,25
0,2048,16,simd_vals,1,1.197959,1.171625,1.307625,25
0,2048,16,tg_vals,1,1.163500,1.148250,1.169500,25
0,2048,16,ql_vals,1,0.603041,0.596375,0.609000,25
0,2048,16,ql_share_vals,1,0.683125,0.658459,0.705792,25
0,2048,16,cpu_vals,1,0.627042,0.616250,0.630042,25
0,4,12,simd,1,0.777792,0.737541,0.801750,25
0,4,12,tg,1,0.221042,0.209833,0.235167,25
0,4,12,ql,1,0.225209,0.219792,0.250334,25
0,4,12,cpu,1,0.020875,0.019917,0.021750,25
0,4,12,simd_vals,1,0.252791,0.243167,0.260333,25
0,4,12,tg_vals,1,0.200583,0.193458,0.212209,25
0,4,12,ql_vals,1,0.204000,0.187458,0.250917,25
0,4,12,cpu_vals,1,0.015875,0.014584,0.016917,25
0,1,768,block,1,60.920125,60.838667,60.949208,5
0,1,768,cpu,1,18.400209,18.252292,18.482583,9
0,1,768,tridiag,1,15.957771,15.860083,16.002447,10
0,1,768,block_vals,1,55.930500,55.860500,56.058958,5
0,1,768,cpu_vals,1,9.748396,9.730208,9.778834,16
0,1,768,tridiag_vals,1,8.496688,8.448521,8.520146,18
0,1,768,band_vals,1,12.077250,12.007708,12.125583,13
0,2,384,tg,1,202.489792,202.392500,202.819459,5
0,2,384,block,1,21.508000,21.433916,21.570208,7
0,2,384,cpu,1,4.379417,4.368667,4.393500,25
0,2,384,tridiag,1,9.021042,8.990292,9.103041,17
0,2,384,tg_vals,1,190.036208,190.019834,190.114583,5
0,2,384,block_vals,1,20.578083,20.534292,20.655698,8
0,2,384,cpu_vals,1,2.436084,2.430250,2.447208,25
0,2,384,tridiag_vals,1,7.386791,7.375458,7.414791,21
0,128,2,simd,1,0.164791,0.155375,0.182708,25
0,128,2,tg,1,0.163417,0.140709,0.167959,25
0,128,2,ql,1,0.139417,0.135708,0.152083,25
0,128,2,ql_share,1,0.145625,0.127083,0.152417,25
0,128,2,cpu,1,0.052875,0.052458,0.053750,25
0,128,2,simd_vals,1,0.153667,0.139459,0.184959,25
0,128,2,tg_vals,1,0.143708,0.140750,0.154792,25
0,128,2,ql_vals,1,0.140166,0.135333,0.146750,25
0,128,2,ql_share_vals,1,0.131167,0.107083,0.147292,25
0,128,2,cpu_vals,1,0.028166,0.028000,0.028416,25
0,8,128,tg,1,8.009250,8.003875,8.015292,19
0,8,128,block,1,6.227667,6.121833,6.301959,25
0,8,128,cpu,1,0.654542,0.649833,0.658000,25
0,8,128,tridiag,1,10.420208,10.344062,10.484541,15
0,8,128,tg_vals,1,7.206750,7.198792,7.213375,21
0,8,128,block_vals,1,5.997625,5.906083,6.065000,25
0,8,128,cpu_vals,1,0.370166,0.363833,0.379042,25
0,8,128,tridiag_vals,1,8.155584,8.136895,8.165375,19
0,4,16,simd,1,0.325500,0.319917,0.344292,25
0,4,16,tg,1,0.233625,0.215750,0.237584,25
0,4,16,ql,1,0.258208,0.243834,0.265792,25
0,4,16,cpu,1,0.022958,0.022375,0.024083,25
0,4,16,simd_vals,1,0.313250,0.303834,0.328542,25
0,4,16,tg_vals,1,0.217500,0.210583,0.224709,25
0,4,16,ql_vals,1,0.227667,0.215916,0.258500,25
0,4,16,cpu_vals,1,0.021375,0.019166,0.022292,25
0,512,2,simd,1,0.160459,0.143292,0.185917,25
0,512,2,tg,1,0.147542,0.142083,0.160750,25
0,512,2,ql,1,0.147375,0.140250,0.160334,25
0,512,2,ql_share,1,0.284583,0.275667,0.293417,25
0,512,2,cpu,1,0.157833,0.064958,0.184542,25
0,512,2,simd_vals,1,0.142541,0.138250,0.156917,25
0,512,2,tg_vals,1,0.137834,0.137166,0.145666,25
0,512,2,ql_vals,1,0.141833,0.138042,0.151958,25
0,512,2,ql_share_vals,1,0.268500,0.263917,0.279500,25
0,512,2,cpu_vals,1,0.078208,0.059959,0.084500,25
0,32,128,tg,1,14.052208,14.042875,14.070771,11
0,32,128,block,1,8.104167,7.955687,8.165959,19
0,32,128,cpu,1,1.454375,1.435833,1.485416,25
0,32,128,tridiag,1,41.686500,41.553084,41.768667,5
0,32,128,tg_vals,1,12.089125,12.087708,12.099875,13
0,32,128,block_vals,1,7.526917,7.474937,7.669948,20
0,32,128,cpu_vals,1,0.739959,0.730000,0.754334,25
0,32,128,tridiag_vals,1,32.335792,32.329708,32.370084,5
0,32,192,tg,1,63.220000,61.859292,63.777791,5
0,32,192,block,1,18.417208,18.309750,18.471667,9
0,32,192,cpu,1,3.443625,3.385666,3.959500,25
0,32,192,tridiag,1,63.598500,63.578250,63.728333,5
0,32,192,tg_vals,1,42.716500,42.690875,42.762750,5
0,32,192,block_vals,1,16.396083,16.357563,16.446500,10
0,32,192,cpu_vals,1,2.148625,2.111333,2.191750,25
0,32,192,tridiag_vals,1,50.143666,50.088375,50.188000,5
0,512,12,simd,1,0.392000,0.382875,0.408208,25
0,512,12,tg,1,0.365042,0.358250,0.372958,25
0,512,12,ql,1,0.308625,0.304250,0.315875,25
0,512,12,ql_share,1,0.414625,0.404250,0.421000,25
0,512,12,cpu,1,0.290042,0.285041,0.304167,25
0,512,12,simd_vals,1,0.347375,0.330083,0.349709,25
0,512,12,tg_vals,1,0.328916,0.322917,0.330500,25
0,512,12,ql_vals,1,0.248416,0.236417,0.251834,25
0,512,12,ql_share_vals,1,0.361667,0.342834,0.367959,25
0,512,12,cpu_vals,1,0.175833,0.171208,0.184750,25
0,256,96,tg,1,36.846292,36.475833,37.533250,5
0,256,96,block,1,19.352416,19.240896,19.403542,8
0,256,96,cpu,1,6.295020,6.140500,6.855979,24
0,256,96,tg_vals,1,30.623167,30.314667,31.516334,5
0,256,96,block_vals,1,17.338292,17.124542,17.404000,9
0,256,96,cpu_vals,1,3.558833,3.516625,3.596500,25
0,1,192,tg,1,24.613625,24.593625,24.670250,7
0,1,192,block,1,8.840708,8.746042,9.043709,17
0,1,192,cpu,1,1.166916,1.159625,1.182792,25
0,1,192,tridiag,1,2.496167,2.479750,2.520875,25
0,1,192,tg_vals,1,23.130666,23.061896,23.240980,7
0,1,192,block_vals,1,8.614083,8.544104,8.720469,18
0,1,192,cpu_vals,1,0.586875,0.585167,0.589333,25
0,1,192,tridiag_vals,1,1.804875,1.799334,1.820333,25
0,128,64,tg,1,5.332708,5.325917,5.346042,25
0,128,64,block,1,5.591750,5.505667,5.661209,25
0,128,64,ql,1,2.631000,2.627583,2.642375,25
0,128,64,ql_share,1,2.773334,2.752125,2.865666,25
0,128,64,cpu,1,1.348458,1.328208,1.367416,25
0,128,64,tg_vals,1,4.731917,4.722958,4.758625,25
0,128,64,block_vals,1,5.305875,5.217917,5.385125,25
0,128,64,ql_vals,1,2.032708,2.019833,2.050500,25
0,128,64,ql_share_vals,1,1.311792,1.288000,1.354875,25
0,128,64,cpu_vals,1,0.609292,0.581583,0.631375,25
0,4,8,simd,1,0.329500,0.316458,0.341083,25
0,4,8,tg,1,0.210333,0.179875,0.275000,25
0,4,8,ql,1,0.197875,0.175667,0.244125,25
0,4,8,cpu,1,0.019459,0.017333,0.021166,25
0,4,8,simd_vals,1,0.170791,0.160917,0.213125,25
0,4,8,tg_vals,1,0.193292,0.180709,0.195083,25
0,4,8,ql_vals,1,0.186958,0.179125,0.231709,25
0,4,8,cpu_vals,1,0.014167,0.011875,0.014916,25
0,2,2,simd,1,0.195792,0.190417,0.207833,25
0,2,2,tg,1,0.197125,0.187125,0.211458,25
0,2,2,ql,1,0.195625,0.189000,0.203875,25
0,2,2,cpu,1,0.003333,0.002459,0.003666,25
0,2,2,simd_vals,1,0.177917,0.169375,0.191166,25
0,2,2,tg_vals,1,0.149792,0.143542,0.204209,25
0,2,2,ql_vals,1,0.152500,0.146583,0.202500,25
0,2,2,cpu_vals,1,0.002542,0.002000,0.003166,25
0,1,3072,block,1,2176.673708,2171.793583,2181.352104,3
0,1,3072,cpu,1,695.495834,693.538605,700.602230,3
0,1,3072,tridiag,1,220.030833,218.805167,220.877959,5
0,1,3072,block_vals,1,1387.532083,1387.255250,1395.519750,3
0,1,3072,cpu_vals,1,208.959792,208.482250,208.967708,5
0,1,3072,tridiag_vals,1,97.665500,97.428292,97.930916,5
0,1,3072,band_vals,1,91.387541,91.107208,91.457875,5
0,16,256,tg,1,84.543458,84.504959,84.617250,5
0,16,256,block,1,20.703583,20.669875,20.756343,8
0,16,256,cpu,1,3.914208,3.546292,4.025209,25
0,16,256,tridiag,1,41.979292,41.921833,42.124333,5
0,16,256,tg_vals,1,61.164459,61.139750,61.248625,5
0,16,256,block_vals,1,18.087916,18.025208,18.237750,9
0,16,256,cpu_vals,1,1.856833,1.531125,2.062416,25
0,16,256,tridiag_vals,1,34.257000,34.245625,34.355333,5
0,2,512,tg,1,481.774875,480.756250,482.264375,3
0,2,512,block,1,35.734000,35.616875,35.863500,5
0,2,512,cpu,1,10.136625,9.739354,11.074438,15
0,2,512,tridiag,1,13.421771,13.279427,13.647146,12
0,2,512,tg_vals,1,444.040000,443.909605,444.397812,3
0,2,512,block_vals,1,33.081291,33.005167,33.114834,5
0,2,512,cpu_vals,1,4.572000,4.489542,4.653666,25
0,2,512,tridiag_vals,1,9.905105,9.862375,9.941219,16
0,2,512,band_vals,1,13.127667,13.034261,13.328542,12
0,2,256,tg,1,55.106667,55.092041,55.108250,5
0,2,256,block,1,11.976750,11.833542,12.191750,13
0,2,256,cpu,1,2.115041,2.100917,2.133583,25
0,2,256,tridiag,1,5.567959,5.534292,5.915541,25
0,2,256,tg_vals,1,54.038959,53.984917,54.086417,5
0,2,256,block_vals,1,11.622417,11.507292,11.677333,13
0,2,256,cpu_vals,1,1.080083,1.074416,1.088084,25
0,2,256,tridiag_vals,1,4.658209,4.616750,4.990750,25
0,2048,2,simd,1,0.177459,0.167416,0.179875,25
0,2048,2,tg,1,0.186333,0.182833,0.189334,25
0,2048,2,ql,1,0.171250,0.156542,0.177042,25
0,2048,2,ql_share,1,0.311167,0.298334,0.329208,25
0,2048,2,cpu,1,0.145041,0.143125,0.149417,25
0,2048,2,simd_vals,1,0.177042,0.168125,0.181625,25
0,2048,2,tg_vals,1,0.165584,0.157083,0.175166,25
0,2048,2,ql_vals,1,0.164625,0.155125,0.173209,25
0,2048,2,ql_share_vals,1,0.287917,0.271583,0.301500,25
0,2048,2,cpu_vals,1,0.106250,0.095958,0.118750,25
0,4096,32,simd,1,24.256292,23.880584,24.650146,7
0,4096,32,tg,1,16.752083,16.669834,16.981083,9
0,4096,32,block,1,17.729750,17.658250,17.840750,9
0,4096,32,ql,1,5.412084,5.396125,5.426333,25
0,4096,32,ql_share,1,4.794917,4.557042,6.209708,25
0,4096,32,cpu,1,9.505625,9.372500,9.637531,16
0,4096,32,simd_vals,1,14.495208,14.342313,14.528646,11
0,4096,32,tg_vals,1,14.241417,14.204313,14.249854,11
0,4096,32,block_vals,1,15.394500,15.285678,15.457624,10
0,4096,32,ql_vals,1,3.206625,3.186958,3.219208,25
0,4096,32,ql_share_vals,1,2.162667,2.126959,2.238917,25
0,4096,32,cpu_vals,1,3.594875,3.457209,3.853083,25
0,512,64,tg,1,19.829333,19.614281,20.040532,8
0,512,64,block,1,13.355188,13.291208,13.393458,12
0,512,64,ql,1,6.485438,6.471948,6.503563,24
0,512,64,ql_share,1,4.409209,4.372750,4.487916,25
0,512,64,cpu,1,5.676958,5.227083,5.815583,25
0,512,64,tg_vals,1,16.938458,16.719792,17.135459,9
0,512,64,block_vals,1,12.176709,12.100459,12.243334,13
0,512,64,ql_vals,1,4.779083,4.759708,4.791083,25
0,512,64,ql_share_vals,1,2.210333,2.164125,2.304209,25
0,512,64,cpu_vals,1,2.683250,2.553666,2.788292,25
0,8,24,simd,1,0.807916,0.759459,0.843042,25
0,8,24,tg,1,0.279291,0.273833,0.284250,25
0,8,24,ql,1,0.374708,0.362792,0.380417,25
0,8,24,cpu,1,0.077792,0.071542,0.080959,25
0,8,24,simd_vals,1,0.722708,0.692000,0.734291,25
0,8,24,tg_vals,1,0.279125,0.275959,0.282250,25
0,8,24,ql_vals,1,0.311250,0.306291,0.315625,25
0,8,24,cpu_vals,1,0.040083,0.035166,0.042083,25
0,16,1024,block,1,1162.701666,1158.197416,1162.885062,3
0,16,1024,cpu,1,136.159375,135.748750,137.346666,5
0,16,1024,tridiag,1,226.402250,226.363583,226.469583,5
0,16,1024,block_vals,1,826.130375,810.673417,832.583000,3
0,16,1024,cpu_vals,1,35.475500,34.280041,36.423959,5
0,16,1024,tridiag_vals,1,173.387250,173.008750,173.394209,5
0,16,1024,band_vals,1,195.432667,194.682916,201.055000,5
0,16,12,simd,1,0.257542,0.247917,0.259875,25
0,16,12,tg,1,0.194334,0.188458,0.209542,25
0,16,12,ql,1,0.204208,0.197000,0.219333,25
0,16,12,cpu,1,0.084334,0.057625,0.085292,25
0,16,12,simd_vals,1,0.248459,0.231334,0.255667,25
0,16,12,tg_vals,1,0.195500,0.187375,0.204209,25
0,16,12,ql_vals,1,0.182250,0.177666,0.196375,25
0,16,12,cpu_vals,1,0.039834,0.039417,0.040375,25
0,16,768,block,1,504.772959,503.175709,506.304626,3
0,16,768,cpu,1,43.840875,42.017333,43.896167,5
0,16,768,tridiag,1,147.403417,147.013292,147.437875,5
0,16,768,block_vals,1,330.540500,328.565250,330.675250,3
0,16,768,cpu_vals,1,20.222875,19.119708,21.060312,8
0,16,768,tridiag_vals,1,116.146625,116.102250,116.526500,5
0,16,768,band_vals,1,137.566000,137.408125,137.568083,5
0,4,64,tg,1,1.243750,1.230209,1.257334,25
0,4,64,block,1,3.189208,3.159792,3.246083,25
0,4,64,ql,1,1.344583,1.328333,1.362875,25
0,4,64,cpu,1,0.164000,0.160000,0.167833,25
0,4,64,tg_vals,1,1.138208,1.124417,1.154375,25
0,4,64,block_vals,1,3.102917,3.072500,3.123958,25
0,4,64,ql_vals,1,1.046584,1.031750,1.062042,25
0,4,64,cpu_vals,1,0.077625,0.076542,0.078875,25
0,16,128,tg,1,8.044834,8.035604,8.054063,19
0,16,128,block,1,6.565291,6.508854,6.627958,23
0,16,128,cpu,1,0.772958,0.766583,0.832042,25
0,16,128,tridiag,1,20.621458,20.581875,20.670240,8
0,16,128,tg_vals,1,7.210625,7.203833,7.218250,21
0,16,128,block_vals,1,6.245188,6.210250,6.308281,24
0,16,128,cpu_vals,1,0.430792,0.416500,0.580042,25
0,16,128,tridiag_vals,1,16.236125,16.195552,16.285365,10
0,16,4,simd,1,0.158834,0.151042,0.192333,25
0,16,4,tg,1,0.172917,0.164750,0.179291,25
0,16,4,ql,1,0.165209,0.153667,0.169667,25
0,16,4,cpu,1,0.017750,0.017625,0.019083,25
0,16,4,simd_vals,1,0.148250,0.141375,0.164667,25
0,16,4,tg_vals,1,0.146125,0.143666,0.155167,25
0,16,4,ql_vals,1,0.142042,0.139333,0.150500,25
0,16,4,cpu_vals,1,0.011250,0.011167,0.011625,25
0,64,16,simd,1,0.347458,0.341125,0.354250,25
0,64,16,tg,1,0.248459,0.243542,0.252458,25
0,64,16,ql,1,0.273208,0.268000,0.275500,25
0,64,16,ql_share,1,0.377791,0.373458,0.381292,25
0,64,16,cpu,1,0.133875,0.129208,0.141375,25
0,64,16,simd_vals,1,0.313791,0.309083,0.322291,25
0,64,16,tg_vals,1,0.220875,0.212458,0.228416,25
0,64,16,ql_vals,1,0.222250,0.217250,0.234167,25
0,64,16,ql_share_vals,1,0.319125,0.293000,0.324334,25
0,64,16,cpu_vals,1,0.104959,0.083417,0.237458,25
0,4,192,tg,1,27.695833,27.689771,27.704021,6
0,4,192,block,1,9.246041,9.194541,9.340583,17
0,4,192,cpu,1,1.245625,1.234750,1.249500,25
0,4,192,tridiag,1,7.983708,7.950458,8.040000,19
0,4,192,tg_vals,1,25.760250,25.736114,25.774228,6
0,4,192,block_vals,1,8.837958,8.808334,8.884167,17
0,4,192,cpu_vals,1,0.630042,0.625833,0.631959,25
0,4,192,tridiag_vals,1,6.470584,6.461760,6.499385,24
0,8,96,tg,1,3.657958,3.654375,3.664875,25
0,8,96,block,1,4.865417,4.755333,4.943500,25
0,8,96,cpu,1,0.417875,0.402583,0.454375,25
0,8,96,tg_vals,1,3.306583,3.300125,3.311709,25
0,8,96,block_vals,1,4.774292,4.553916,4.926750,25
0,8,96,cpu_vals,1,0.255333,0.220708,0.316250,25
0,1,24,simd,1,0.785708,0.776542,0.822625,25
0,1,24,tg,1,0.278417,0.270000,0.282167,25
0,1,24,ql,1,0.362250,0.354834,0.382042,25
0,1,24,cpu,1,0.023375,0.023333,0.023458,25
0,1,24,simd_vals,1,0.723667,0.708750,0.753541,25
0,1,24,tg_vals,1,0.273125,0.259583,0.274167,25
0,1,24,ql_vals,1,0.303458,0.287875,0.313750,25
0,1,24,cpu_vals,1,0.008458,0.008416,0.008459,25
0,16,16,simd,1,0.335542,0.326625,0.344708,25
0,16,16,tg,1,0.235042,0.230666,0.240709,25
0,16,16,ql,1,0.266125,0.246833,0.272459,25
0,16,16,cpu,1,0.070166,0.064792,0.107000,25
0,16,16,simd_vals,1,0.315541,0.311417,0.322000,25
0,16,16,tg_vals,1,0.230584,0.224916,0.234917,25
0,16,16,ql_vals,1,0.216208,0.213583,0.221500,25
0,16,16,cpu_vals,1,0.039584,0.038000,0.041292,25
0,4096,128,block,1,670.443166,669.248208,671.456583,3
0,4096,128,cpu,1,146.173334,144.405458,147.679292,5
0,4096,128,block_vals,1,551.435833,551.212896,552.268687,3
0,4096,128,cpu_vals,1,80.915250,79.494709,86.615542,5
0,16,512,block,1,132.355917,131.483875,132.826584,5
0,16,512,cpu,1,16.244855,16.186709,16.311010,10
0,16,512,tridiag,1,89.050625,88.950333,89.155041,5
0,16,512,block_vals,1,92.734166,92.720333,93.016958,5
0,16,512,cpu_vals,1,7.501333,7.336604,7.587969,20
0,16,512,tridiag_vals,1,70.953250,70.579750,71.208917,5
0,16,512,band_vals,1,84.811833,84.518166,85.116583,5
0,256,16,simd,1,0.390917,0.385709,0.399083,25
0,256,16,tg,1,0.365959,0.358542,0.374792,25
0,256,16,ql,1,0.296292,0.289083,0.304417,25
0,256,16,ql_share,1,0.441708,0.396541,0.463875,25
0,256,16,cpu,1,0.270917,0.262625,0.282750,25
0,256,16,simd_vals,1,0.350375,0.346708,0.354250,25
0,256,16,tg_vals,1,0.333375,0.326541,0.337500,25
0,256,16,ql_vals,1,0.242542,0.238625,0.249791,25
0,256,16,ql_share_vals,1,0.370000,0.357917,0.383084,25
0,256,16,cpu_vals,1,0.171917,0.166084,0.175667,25
0,1024,128,block,1,173.718333,173.613750,174.232334,5
0,1024,128,cpu,1,39.266625,38.953917,41.812458,5
0,1024,128,block_vals,1,142.652375,142.385208,142.709500,5
0,1024,128,cpu_vals,1,22.191709,21.505542,22.375751,7
0,128,48,tg,1,2.602375,2.582167,2.625458,25
0,128,48,block,1,5.175500,5.107708,5.218792,25
0,128,48,ql,1,0.963875,0.942833,0.985375,25
0,128,48,ql_share,1,1.099000,1.064875,1.115042,25
0,128,48,cpu,1,0.875084,0.856833,0.906041,25
0,128,48,tg_vals,1,2.246667,2.236167,2.272375,25
0,128,48,block_vals,1,4.935000,4.799167,5.006917,25
0,128,48,ql_vals,1,0.760708,0.732792,0.792166,25
0,128,48,ql_share_vals,1,0.878833,0.852333,0.923208,25
0,128,48,cpu_vals,1,0.427417,0.388834,0.603333,25
0,16,384,tg,1,352.098167,351.646417,352.371813,3
0,16,384,block,1,55.565625,55.481208,55.995667,5
0,16,384,cpu,1,7.935541,7.834270,8.184500,19
0,16,384,tridiag,1,64.371834,64.287750,64.556166,5
0,16,384,tg_vals,1,224.225250,224.044375,224.293000,5
0,16,384,block_vals,1,45.743458,45.718292,45.783375,5
0,16,384,cpu_vals,1,4.227292,4.156500,4.333250,25
0,16,384,tridiag_vals,1,52.717958,52.649750,52.840875,5
0,512,32,simd,1,2.843833,2.818167,2.878583,25
0,512,32,tg,1,2.527833,2.512209,2.546416,25
0,512,32,block,1,4.455875,4.413125,4.547250,25
0,512,32,ql,1,1.141500,1.111125,1.159791,25
0,512,32,ql_share,1,1.387083,1.346750,1.544666,25
0,512,32,cpu,1,1.264542,1.242292,1.281542,25
0,512,32,simd_vals,1,2.728500,2.713500,2.751375,25
0,512,32,tg_vals,1,2.182583,2.171125,2.199708,25
0,512,32,block_vals,1,4.210416,4.148333,4.270333,25
0,512,32,ql_vals,1,0.790584,0.757708,0.804833,25
0,512,32,ql_share_vals,1,0.561625,0.550000,0.649333,25
0,512,32,cpu_vals,1,0.592041,0.550833,0.626500,25
0,2048,192,block,1,1093.187042,1090.075146,1097.632375,3
0,2048,192,cpu,1,180.054000,179.851208,186.741375,5
0,2048,192,block_vals,1,860.022916,859.564645,860.848812,3
0,2048,192,cpu_vals,1,89.812125,89.119000,91.613458,5
0,1024,256,block,1,1288.875084,1274.644146,1289.606292,3
0,1024,256,cpu,1,171.964209,168.442000,176.588375,5
0,1024,256,block_vals,1,951.972542,949.531063,953.813604,3
0,1024,256,cpu_vals,1,79.481958,79.281792,79.573458,5
0,16,2,simd,1,0.168875,0.163750,0.181208,25
0,16,2,tg,1,0.169458,0.163083,0.183375,25
0,16,2,ql,1,0.170208,0.163334,0.182167,25
0,16,2,cpu,1,0.009750,0.009458,0.010083,25
0,16,2,simd_vals,1,0.168625,0.161458,0.183250,25
0,16,2,tg_vals,1,0.141625,0.135083,0.154917,25
0,16,2,ql_vals,1,0.150834,0.139250,0.171000,25
0,16,2,cpu_vals,1,0.005333,0.005250,0.005417,25
0,16,64,tg,1,1.261833,1.221000,1.270792,25
0,16,64,block,1,3.237459,3.217750,3.293250,25
0,16,64,ql,1,1.399875,1.392708,1.412000,25
0,16,64,cpu,1,0.291917,0.285708,0.323416,25
0,16,64,tg_vals,1,1.147917,1.138541,1.158375,25
0,16,64,block_vals,1,3.150042,3.124667,3.186375,25
0,16,64,ql_vals,1,1.110000,1.094125,1.123209,25
0,16,64,cpu_vals,1,0.180125,0.177625,0.185708,25
0,4096,96,block,1,297.501250,295.591333,297.734333,5
0,4096,96,cpu,1,82.260375,82.240625,84.781583,5
0,4096,96,block_vals,1,248.705917,248.496958,250.560792,5
0,4096,96,cpu_vals,1,44.061500,44.001666,44.246292,5
0,1024,2,simd,1,0.560542,0.230833,0.626625,25
0,1024,2,tg,1,0.179000,0.171917,0.188125,25
0,1024,2,ql,1,0.176750,0.172792,0.184209,25
0,1024,2,ql_share,1,0.299958,0.282458,0.316292,25
0,1024,2,cpu,1,0.202125,0.129500,0.353541,25
0,1024,2,simd_vals,1,0.163459,0.157500,0.167834,25
0,1024,2,tg_vals,1,0.161875,0.144583,0.164167,25
0,1024,2,ql_vals,1,0.155375,0.144708,0.158792,25
0,1024,2,ql_share_vals,1,0.269041,0.261292,0.287333,25
0,1024,2,cpu_vals,1,0.088208,0.067292,0.153417,25
0,256,24,simd,1,0.915083,0.891834,1.209500,25
0,256,24,tg,1,0.852083,0.803666,0.858791,25
0,256,24,ql,1,0.440333,0.437125,0.446375,25
0,256,24,ql_share,1,0.582375,0.572959,0.627917,25
0,256,24,cpu,1,0.503333,0.474750,0.562292,25
0,256,24,simd_vals,1,0.797500,0.780917,0.829625,25
0,256,24,tg_vals,1,0.736083,0.681375,0.752083,25
0,256,24,ql_vals,1,0.325084,0.320125,0.326542,25
0,256,24,ql_share_vals,1,0.488459,0.465833,0.509125,25
0,256,24,cpu_vals,1,0.227292,0.220750,0.254875,25
0,2,32,simd,1,1.725584,1.704333,1.731084,25
0,2,32,tg,1,0.361833,0.357000,0.368958,25
0,2,32,block,1,3.166709,3.121125,3.235291,25
0,2,32,ql,1,0.536916,0.525625,0.571042,25
0,2,32,cpu,1,0.045125,0.044167,0.046416,25
0,2,32,simd_vals,1,1.560375,1.547916,1.587167,25
0,2,32,tg_vals,1,0.348458,0.344125,0.353333,25
0,2,32,block_vals,1,3.250750,3.186208,3.260375,25
0,2,32,ql_vals,1,0.414000,0.400791,0.440000,25
0,2,32,cpu_vals,1,0.024625,0.024167,0.026416,25
0,256,12,simd,1,0.285583,0.276125,0.292834,25
0,256,12,tg,1,0.281334,0.278875,0.285042,25
0,256,12,ql,1,0.245417,0.240875,0.249792,25
0,256,12,ql_share,1,0.390083,0.380500,0.405042,25
0,256,12,cpu,1,0.185917,0.181041,0.193875,25
0,256,12,simd_vals,1,0.261250,0.251750,0.269875,25
0,256,12,tg_vals,1,0.245167,0.240083,0.258584,25
0,256,12,ql_vals,1,0.192333,0.186417,0.206625,25
0,256,12,ql_share_vals,1,0.315500,0.311625,0.317083,25
0,256,12,cpu_vals,1,0.128542,0.126292,0.132500,25
0,64,24,simd,1,0.898291,0.848625,0.941083,25
0,64,24,tg,1,0.366625,0.362291,0.373125,25
0,64,24,ql,1,0.398292,0.395375,0.490583,25
0,64,24,ql_share,1,0.499792,0.497833,0.503792,25
0,64,24,cpu,1,0.189375,0.185625,0.198125,25
0,64,24,simd_vals,1,0.771500,0.714084,0.779458,25
0,64,24,tg_vals,1,0.332959,0.326208,0.341334,25
0,64,24,ql_vals,1,0.319625,0.301375,0.322041,25
0,64,24,ql_share_vals,1,0.412625,0.407042,0.415166,25
0,64,24,cpu_vals,1,0.128667,0.119959,0.170458,25
0,256,32,simd,1,1.955583,1.949875,1.989916,25
0,256,32,tg,1,1.605166,1.597708,1.615333,25
0,256,32,block,1,3.447791,3.388791,3.500834,25
0,256,32,ql,1,0.635666,0.629458,0.682459,25
0,256,32,ql_share,1,0.831209,0.811792,0.945125,25
0,256,32,cpu,1,0.673542,0.654292,0.718625,25
0,256,32,simd_vals,1,1.708167,1.697875,1.721750,25
0,256,32,tg_vals,1,1.426708,1.416833,1.450833,25
0,256,32,block_vals,1,3.345375,3.272625,3.427958,25
0,256,32,ql_vals,1,0.447667,0.441875,0.457916,25
0,256,32,ql_share_vals,1,0.542125,0.535333,0.612958,25
0,256,32,cpu_vals,1,0.331083,0.293250,0.577334,25
0,1,384,tg,1,202.347917,202.276292,202.448333,5
0,1,384,block,1,20.304146,20.094875,20.371094,8
0,1,384,cpu,1,4.602125,4.468750,4.741250,25
0,1,384,tridiag,1,6.284396,6.229489,6.316562,24
0,1,384,tg_vals,1,190.148959,190.128375,190.153000,5
0,1,384,block_vals,1,19.345104,19.241240,19.448511,8
0,1,384,cpu_vals,1,2.376458,2.368209,2.390000,25
0,1,384,tridiag_vals,1,4.126791,4.120917,4.139792,25
0,2048,4,simd,1,0.298208,0.291541,0.340791,25
0,2048,4,tg,1,0.245375,0.240583,0.267584,25
0,2048,4,ql,1,0.224875,0.222625,0.232000,25
0,2048,4,ql_share,1,0.336917,0.331208,0.341208,25
0,2048,4,cpu,1,0.217500,0.213584,0.230584,25
0,2048,4,simd_vals,1,0.214125,0.202917,0.217125,25
0,2048,4,tg_vals,1,0.215750,0.203250,0.219083,25
0,2048,4,ql_vals,1,0.203000,0.196542,0.205166,25
0,2048,4,ql_share_vals,1,0.330417,0.316708,0.343792,25
0,2048,4,cpu_vals,1,0.162834,0.154959,0.177667,25
0,1,4,simd,1,0.233792,0.186250,0.253709,25
0,1,4,tg,1,0.175042,0.171166,0.205209,25
0,1,4,ql,1,0.165459,0.158125,0.180209,25
0,1,4,cpu,1,0.001916,0.001792,0.002041,25
0,1,4,simd_vals,1,0.158291,0.150791,0.186250,25
0,1,4,tg_vals,1,0.168209,0.157166,0.186625,25
0,1,4,ql_vals,1,0.156416,0.152917,0.172166,25
0,1,4,cpu_vals,1,0.002209,0.002166,0.002375,25
0,16,24,simd,1,0.796541,0.784125,1.633458,25
0,16,24,tg,1,0.292750,0.290542,0.295208,25
0,16,24,ql,1,0.401416,0.394625,0.483500,25
0,16,24,cpu,1,0.110292,0.106584,0.237666,25
0,16,24,simd_vals,1,0.774541,0.726792,0.779667,25
0,16,24,tg_vals,1,0.267166,0.257334,0.277791,25
0,16,24,ql_vals,1,0.322125,0.316834,0.331750,25
0,16,24,cpu_vals,1,0.088083,0.068708,0.117541,25
0,4,2048,block,1,2356.303958,2352.949062,2358.677958,3
0,4,2048,cpu,1,385.380875,384.614812,393.388104,3
0,4,2048,tridiag,1,231.819458,229.724125,233.641375,5
0,4,2048,block_vals,1,1550.844000,1548.497938,1569.025854,3
0,4,2048,cpu_vals,1,111.462334,110.008833,111.618209,5
0,4,2048,tridiag_vals,1,147.810459,147.471250,150.250125,5
0,4,2048,band_vals,1,137.084083,137.030750,137.854458,5
0,1024,16,simd,1,0.937542,0.899125,0.961000,25
0,1024,16,tg,1,0.900208,0.863708,0.904500,25
0,1024,16,ql,1,0.579000,0.577167,0.585333,25
0,1024,16,ql_share,1,0.746208,0.732000,0.780250,25
0,1024,16,cpu,1,0.702667,0.663000,0.759583,25
0,1024,16,simd_vals,1,0.812500,0.769750,0.816334,25
0,1024,16,tg_vals,1,0.776917,0.703042,0.786500,25
0,1024,16,ql_vals,1,0.409917,0.404583,0.418625,25
0,1024,16,ql_share_vals,1,0.368500,0.358458,0.378458,25
0,1024,16,cpu_vals,1,0.331833,0.302375,0.576208,25
0,1024,192,block,1,556.901583,549.916896,556.925416,3
0,1024,192,cpu,1,86.486458,84.545875,87.218375,5
0,1024,192,block_vals,1,433.480042,428.461042,437.304062,3
0,1024,192,cpu_vals,1,44.493125,44.170416,50.543208,5
0,2048,48,tg,1,29.717188,29.629896,29.800042,6
0,2048,48,block,1,45.776458,45.210125,45.972583,5
0,2048,48,ql,1,9.538500,9.412500,9.657521,16
0,2048,48,ql_share,1,8.597500,7.958917,9.866000,17
0,2048,48,cpu,1,13.642541,12.839958,14.381833,11
0,2048,48,tg_vals,1,27.476771,27.339511,27.532156,6
0,2048,48,block_vals,1,41.246333,40.995416,41.269667,5
0,2048,48,ql_vals,1,6.323374,6.262468,6.424834,24
0,2048,48,ql_share_vals,1,3.492833,3.459375,3.573625,25
0,2048,48,cpu_vals,1,5.200917,5.136541,5.249834,25
0,4096,12,simd,1,1.460125,1.436125,1.502333,25
0,4096,12,tg,1,1.447625,1.429667,1.482209,25
0,4096,12,ql,1,1.081833,1.060333,1.092125,25
0,4096,12,ql_share,1,0.998208,0.976625,1.022333,25
0,4096,12,cpu,1,1.526375,1.514042,1.597583,25
0,4096,12,simd_vals,1,1.224833,1.214041,1.245458,25
0,4096,12,tg_vals,1,1.223542,1.201083,1.241583,25
0,4096,12,ql_vals,1,0.741833,0.733917,0.789500,25
0,4096,12,ql_share_vals,1,0.684417,0.665291,0.705125,25
0,4096,12,cpu_vals,1,0.716167,0.708083,0.745625,25
0,64,2,simd,1,0.212791,0.196708,0.223042,25
0,64,2,tg,1,0.211458,0.185375,0.222500,25
0,64,2,ql,1,0.152250,0.146250,0.163042,25
0,64,2,ql_share,1,0.141875,0.137208,0.147292,25
0,64,2,cpu,1,0.032834,0.032541,0.032959,25
0,64,2,simd_vals,1,0.151042,0.141625,0.181041,25
0,64,2,tg_vals,1,0.145583,0.141750,0.162000,25
0,64,2,ql_vals,1,0.155167,0.142291,0.161083,25
0,64,2,ql_share_vals,1,0.140291,0.136167,0.141458,25
0,64,2,cpu_vals,1,0.019291,0.019041,0.020250,25
0,32,24,simd,1,0.830708,0.801166,1.082375,25
0,32,24,tg,1,0.300708,0.297959,0.303875,25
0,32,24,ql,1,0.397708,0.390791,0.416041,25
0,32,24,cpu,1,0.140750,0.138709,0.152042,25
0,32,24,simd_vals,1,0.767000,0.735459,0.776250,25
0,32,24,tg_vals,1,0.290125,0.286042,0.292125,25
0,32,24,ql_vals,1,0.319583,0.317125,0.323917,25
0,32,24,cpu_vals,1,0.091458,0.073708,0.231625,25
0,64,512,block,1,623.336500,623.100708,627.142042,3
0,64,512,cpu,1,59.297416,57.252708,59.659000,5
0,64,512,tridiag,1,352.064542,350.899812,353.104896,3
0,64,512,block_vals,1,453.531750,450.265000,457.479667,3
0,64,512,cpu_vals,1,24.486750,23.981896,24.673333,7
0,64,512,tridiag_vals,1,281.178750,280.844375,281.805083,5
0,64,512,band_vals,1,333.963583,333.698312,334.106354,3
0,1024,8,simd,1,0.275375,0.270125,0.286334,25
0,1024,8,tg,1,0.281000,0.267875,0.285167,25
0,1024,8,ql,1,0.288708,0.272042,0.300959,25
0,1024,8,ql_share,1,0.395292,0.379916,0.430375,25
0,1024,8,cpu,1,0.289375,0.283709,0.299542,25
0,1024,8,simd_vals,1,0.247500,0.241791,0.257125,25
0,1024,8,tg_vals,1,0.251833,0.240000,0.254834,25
0,1024,8,ql_vals,1,0.228333,0.218792,0.233958,25
0,1024,8,ql_share_vals,1,0.328250,0.319417,0.342250,25
0,1024,8,cpu_vals,1,0.188416,0.184000,0.198833,25
0,64,768,block,1,2120.754541,2120.722583,2121.343354,3
0,64,768,cpu,1,153.496291,151.077250,156.320584,5
0,64,768,tridiag,1,578.099459,576.949626,579.019521,3
0,64,768,block_vals,1,1429.361917,1428.758292,1429.896208,3
0,64,768,cpu_vals,1,57.874167,57.245875,58.153458,5
0,64,768,tridiag_vals,1,462.470792,462.040709,463.057292,3
0,64,768,band_vals,1,540.039458,539.813917,543.888999,3
0,64,384,block,1,278.024959,272.565791,285.890375,5
0,64,384,cpu,1,27.329333,26.959313,27.895105,6
0,64,384,tridiag,1,256.069541,255.896792,256.988542,5
0,64,384,block_vals,1,180.068833,179.773458,180.073625,5
0,64,384,cpu_vals,1,13.261416,13.198344,13.418771,12
0,64,384,tridiag_vals,1,209.615666,209.225250,209.629500,5
0,32,384,tg,1,900.447834,898.308084,902.265042,3
0,32,384,block,1,120.786291,120.649375,121.125667,5
0,32,384,cpu,1,14.918083,14.822875,15.048000,11
0,32,384,tridiag,1,127.981167,127.924417,128.375084,5
0,32,384,tg_vals,1,487.538416,487.421020,488.108000,3
0,32,384,block_vals,1,83.039708,83.012459,83.107083,5
0,32,384,cpu_vals,1,7.134625,7.052333,7.455042,21
0,32,384,tridiag_vals,1,105.122042,105.044042,105.123209,5
0,1024,48,tg,1,15.548209,15.344552,15.702907,10
0,1024,48,block,1,23.469792,23.388688,23.564937,7
0,1024,48,ql,1,4.860167,4.836334,4.905500,25
0,1024,48,ql_share,1,3.861708,3.616958,4.214584,25
0,1024,48,cpu,1,6.221292,6.047417,6.297875,25
0,1024,48,tg_vals,1,13.409229,13.287198,13.535541,12
0,1024,48,block_vals,1,20.345604,20.293365,20.385906,8
0,1024,48,ql_vals,1,3.458792,3.435291,3.478750,25
0,1024,48,ql_share_vals,1,2.258500,2.226417,2.319208,25
0,1024,48,cpu_vals,1,3.099125,2.995625,3.399959,25
0,1024,4,simd,1,0.215084,0.207375,0.220333,25
0,1024,4,tg,1,0.207750,0.205375,0.214000,25
0,1024,4,ql,1,0.195167,0.189208,0.204792,25
0,1024,4,ql_share,1,0.324959,0.312750,0.354459,25
0,1024,4,cpu,1,0.157417,0.153875,0.160500,25
0,1024,4,simd_vals,1,0.184209,0.177000,0.193875,25
0,1024,4,tg_vals,1,0.189791,0.178791,0.194541,25
0,1024,4,ql_vals,1,0.178750,0.170916,0.188292,25
0,1024,4,ql_share_vals,1,0.300208,0.282083,0.315000,25
0,1024,4,cpu_vals,1,0.128250,0.122000,0.134625,25
0,1,1024,block,1,101.912958,101.822209,102.329916,5
0,1,1024,cpu,1,39.245959,39.205792,39.294750,5
0,1,1024,tridiag,1,25.142813,24.954834,25.225604,6
0,1,1024,block_vals,1,91.262584,91.068667,91.264042,5
0,1,1024,cpu_vals,1,18.178708,18.171000,18.231875,9
0,1,1024,tridiag_vals,1,12.414625,12.368791,12.478292,13
0,1,1024,band_vals,1,16.831375,16.772500,16.998542,9
0,256,4,simd,1,0.179667,0.169583,0.196750,25
0,256,4,tg,1,0.186250,0.180625,0.189334,25
0,256,4,ql,1,0.179083,0.174791,0.185416,25
0,256,4,ql_share,1,0.279292,0.274541,0.292750,25
0,256,4,cpu,1,0.083250,0.078625,0.124375,25
0,256,4,simd_vals,1,0.149167,0.144958,0.156542,25
0,256,4,tg_vals,1,0.158167,0.146917,0.167125,25
0,256,4,ql_vals,1,0.162916,0.152166,0.172583,25
0,256,4,ql_share_vals,1,0.263666,0.233667,0.282041,25
0,256,4,cpu_vals,1,0.119875,0.080583,0.124791,25
0,8,16,simd,1,0.336084,0.318208,0.340292,25
0,8,16,tg,1,0.221875,0.210916,0.230709,25
0,8,16,ql,1,0.249959,0.238875,0.263500,25
0,8,16,cpu,1,0.044041,0.038000,0.068375,25
0,8,16,simd_vals,1,0.306333,0.300333,0.315042,25
0,8,16,tg_vals,1,0.204375,0.201333,0.218542,25
0,8,16,ql_vals,1,0.209791,0.202917,0.219292,25
0,8,16,cpu_vals,1,0.029375,0.028958,0.033125,25
0,8,64,tg,1,1.249250,1.239583,1.279792,25
0,8,64,block,1,3.242917,3.211167,3.280875,25
0,8,64,ql,1,1.377834,1.367667,1.391625,25
0,8,64,cpu,1,0.254083,0.248625,0.264584,25
0,8,64,tg_vals,1,1.142916,1.130458,1.166208,25
0,8,64,block_vals,1,3.130666,3.118250,3.153833,25
0,8,64,ql_vals,1,1.057417,1.035959,1.088875,25
0,8,64,cpu_vals,1,0.138750,0.132792,0.145584,25
0,2048,96,tg,1,289.720459,289.047291,290.291209,5
0,2048,96,block,1,151.617208,151.610583,152.233292,5
0,2048,96,cpu,1,47.112375,44.659542,47.781666,5
0,2048,96,tg_vals,1,228.632750,228.479125,228.872000,5
0,2048,96,block_vals,1,127.096334,126.948500,127.373500,5
0,2048,96,cpu_vals,1,24.403833,23.970001,24.700688,7
0,16,96,tg,1,3.692459,3.682917,3.722417,25
0,16,96,block,1,4.945250,4.916458,5.078334,25
0,16,96,cpu,1,0.529333,0.518709,0.571083,25
0,16,96,tg_vals,1,3.300875,3.289125,3.319792,25
0,16,96,block_vals,1,4.762250,4.672250,4.947500,25
0,16,96,cpu_vals,1,0.348667,0.303333,0.367416,25
0,2,1536,block,1,465.668667,465.456500,465.886313,3
0,2,1536,cpu,1,111.918583,111.803417,116.685917,5
0,2,1536,tridiag,1,77.969500,77.803125,78.044000,5
0,2,1536,block_vals,1,300.128250,300.054104,301.446208,3
0,2,1536,cpu_vals,1,56.124750,50.374417,56.558500,5
0,2,1536,tridiag_vals,1,44.318292,44.285875,44.666250,5
0,2,1536,band_vals,1,46.877958,46.665208,46.926250,5
0,4,768,block,1,106.500209,106.401167,106.525292,5
0,4,768,cpu,1,22.169875,22.015354,22.413313,7
0,4,768,tridiag,1,41.064959,40.922875,41.156458,5
0,4,768,block_vals,1,85.104084,85.013042,85.286042,5
0,4,768,cpu_vals,1,12.591250,11.452500,12.630417,13
0,4,768,tridiag_vals,1,30.179875,30.172875,30.194916,5
0,4,768,band_vals,1,37.682417,37.582375,37.801875,5
0,2,192,tg,1,27.724041,27.709906,27.734677,6
0,2,192,block,1,8.923833,8.796958,8.975584,17
0,2,192,cpu,1,1.145667,1.139166,1.162083,25
0,2,192,tridiag,1,4.108125,4.074291,4.165792,25
0,2,192,tg_vals,1,25.756937,25.748323,25.769708,6
0,2,192,block_vals,1,8.604209,8.526115,8.685239,18
0,2,192,cpu_vals,1,0.612334,0.610500,0.623292,25
0,2,192,tridiag_vals,1,3.392041,3.361542,3.456166,25
0,32,32,simd,1,1.747917,1.736750,1.763917,25
0,32,32,tg,1,0.425000,0.415125,0.438375,25
0,32,32,block,1,2.765875,2.716583,2.844542,25
0,32,32,ql,1,0.537959,0.513541,0.556625,25
0,32,32,cpu,1,0.179041,0.175250,0.183834,25
0,32,32,simd_vals,1,1.578083,1.569875,1.583875,25
0,32,32,tg_vals,1,0.387875,0.373625,0.395541,25
0,32,32,block_vals,1,2.662292,2.625167,2.732292,25
0,32,32,ql_vals,1,0.374458,0.369333,0.394167,25
0,32,32,cpu_vals,1,0.152583,0.120125,0.230792,25
0,512,256,block,1,646.920792,645.964084,647.514208,3
0,512,256,cpu,1,90.212500,89.401750,90.924458,5
0,512,256,block_vals,1,490.099792,489.876896,491.004708,3
0,512,256,cpu_vals,1,42.700042,42.374958,43.096250,5
0,1,256,tg,1,55.065875,55.057458,55.083334,5
0,1,256,block,1,11.701458,11.635167,11.722834,13
0,1,256,cpu,1,2.258958,2.218166,2.295583,25
0,1,256,tridiag,1,3.465500,3.433125,3.501292,25
0,1,256,tg_vals,1,54.008417,53.998625,54.018041,5
0,1,256,block_vals,1,11.288125,11.240260,11.388667,14
0,1,256,cpu_vals,1,1.046791,1.044333,1.059333,25
0,1,256,tridiag_vals,1,2.534083,2.508042,2.571833,25
0,32,768,block,1,1031.370834,1030.992938,1033.839187,3
0,32,768,cpu,1,76.618125,76.556916,77.574041,5
0,32,768,tridiag,1,290.504250,290.410041,291.379000,5
0,32,768,block_vals,1,694.918750,694.871250,697.282563,3
0,32,768,cpu_vals,1,32.399791,32.333833,32.557250,5
0,32,768,tridiag_vals,1,232.131417,231.906167,232.351958,5
0,32,768,band_vals,1,271.907166,271.774584,272.087667,5
0,512,16,simd,1,0.592958,0.575500,0.628834,25
0,512,16,tg,1,0.503542,0.493417,0.510542,25
0,512,16,ql,1,0.394917,0.387458,0.402458,25
0,512,16,ql_share,1,0.495250,0.477625,0.506250,25
0,512,16,cpu,1,0.418458,0.414542,0.426542,25
0,512,16,simd_vals,1,0.514791,0.511583,0.519416,25
0,512,16,tg_vals,1,0.445209,0.441583,0.454125,25
0,512,16,ql_vals,1,0.307000,0.299000,0.313958,25
0,512,16,ql_share_vals,1,0.390750,0.375875,0.408917,25
0,512,16,cpu_vals,1,0.239625,0.212042,0.278917,25
0,32,256,tg,1,195.951000,195.552542,196.573500,5
0,32,256,block,1,35.603750,35.366041,35.645208,5
0,32,256,cpu,1,6.653416,6.521041,6.875458,23
0,32,256,tridiag,1,83.159500,83.147833,83.244583,5
0,32,256,tg_vals,1,123.052916,122.138792,123.246417,5
0,32,256,block_vals,1,30.180875,30.161417,30.205375,5
0,32,256,cpu_vals,1,3.404375,3.357667,3.445208,25
0,32,256,tridiag_vals,1,68.158125,68.139250,68.370541,5
0,4,24,simd,1,0.784709,0.769250,0.828084,25
0,4,24,tg,1,0.256625,0.254042,0.269542,25
0,4,24,ql,1,0.372833,0.359041,0.393958,25
0,4,24,cpu,1,0.044250,0.038333,0.044667,25
0,4,24,simd_vals,1,0.724959,0.702250,0.766916,25
0,4,24,tg_vals,1,0.264833,0.247292,0.267375,25
0,4,24,ql_vals,1,0.290083,0.283750,0.305375,25
0,4,24,cpu_vals,1,0.022417,0.021917,0.023500,25
0,256,384,block,1,1073.057167,1072.742604,1074.735416,3
0,256,384,cpu,1,103.953375,102.792709,104.312875,5
0,256,384,block_vals,1,770.157333,769.736875,770.391896,3
0,256,384,cpu_vals,1,50.074834,49.941042,50.251000,5
0,1024,64,tg,1,39.326250,39.300916,39.386083,5
0,1024,64,block,1,25.761291,25.704396,25.818656,6
0,1024,64,ql,1,11.846666,11.786542,11.972958,13
0,1024,64,ql_share,1,6.891792,6.827562,7.294062,22
0,1024,64,cpu,1,10.359833,10.310084,10.490541,15
0,1024,64,tg_vals,1,33.098333,33.003334,33.456667,5
0,1024,64,block_vals,1,21.980250,21.881896,22.147083,7
0,1024,64,ql_vals,1,8.590146,8.554980,8.632063,18
0,1024,64,ql_share_vals,1,3.504292,3.221125,4.210167,25
0,1024,64,cpu_vals,1,4.561000,4.137541,4.589833,25
0,16,32,simd,1,1.740167,1.729291,1.750958,25
0,16,32,tg,1,0.371750,0.370125,0.376792,25
0,16,32,block,1,2.718542,2.641500,2.750333,25
0,16,32,ql,1,0.498916,0.493083,0.514583,25
0,16,32,cpu,1,0.142083,0.138875,0.166708,25
0,16,32,simd_vals,1,1.572000,1.554000,1.580291,25
0,16,32,tg_vals,1,0.352167,0.347834,0.355709,25
0,16,32,block_vals,1,2.697917,2.628042,2.737750,25
0,16,32,ql_vals,1,0.386792,0.380292,0.403208,25
0,16,32,cpu_vals,1,0.075709,0.071542,0.090000,25
0,4096,192,block,1,2196.510250,2186.433708,2223.330084,3
0,4096,192,cpu,1,337.278959,336.471792,339.459875,3
0,4096,192,block_vals,1,1691.342917,1689.592105,1699.893521,3
0,4096,192,cpu_vals,1,171.746833,171.251250,172.005333,5
0,256,8,simd,1,0.341958,0.329875,0.349292,25
0,256,8,tg,1,0.208209,0.202292,0.217166,25
0,256,8,ql,1,0.208333,0.202875,0.211750,25
0,256,8,ql_share,1,0.317250,0.307042,0.325416,25
0,256,8,cpu,1,0.134833,0.130542,0.138542,25
0,256,8,simd_vals,1,0.166833,0.162084,0.183084,25
0,256,8,tg_vals,1,0.167750,0.164333,0.178917,25
0,256,8,ql_vals,1,0.157000,0.153500,0.165542,25
0,256,8,ql_share_vals,1,0.243584,0.236000,0.257666,25
0,256,8,cpu_vals,1,0.114083,0.093584,0.241166,25
0,1024,24,simd,1,2.410834,2.392333,2.441792,25
0,1024,24,tg,1,2.188375,2.176041,2.211000,25
0,1024,24,ql,1,1.082625,1.059333,1.096000,25
0,1024,24,ql_share,1,1.060583,1.044041,1.077750,25
0,1024,24,cpu,1,1.536834,1.527166,1.562750,25
0,1024,24,simd_vals,1,2.077250,2.057000,2.106209,25
0,1024,24,tg_vals,1,1.880667,1.855959,1.895583,25
0,1024,24,ql_vals,1,0.746667,0.692541,0.757583,25
0,1024,24,ql_share_vals,1,0.808625,0.733375,0.828916,25
0,1024,24,cpu_vals,1,0.607791,0.591375,0.626459,25
0,8,2,simd,1,0.170625,0.154125,0.183541,25
0,8,2,tg,1,0.141917,0.138042,0.163417,25
0,8,2,ql,1,0.155458,0.147375,0.162833,25
0,8,2,cpu,1,0.010542,0.004875,0.017667,25
0,8,2,simd_vals,1,0.161667,0.148333,0.167542,25
0,8,2,tg_vals,1,0.146875,0.141458,0.161375,25
0,8,2,ql_vals,1,0.138042,0.136291,0.147708,25
0,8,2,cpu_vals,1,0.010833,0.005500,0.013000,25
0,4,256,tg,1,55.227917,55.218791,55.255334,5
0,4,256,block,1,12.804875,12.773813,12.846646,12
0,4,256,cpu,1,2.371000,2.353917,2.395875,25
0,4,256,tridiag,1,10.750000,10.695312,10.764114,14
0,4,256,tg_vals,1,53.983458,53.980708,53.987125,5
0,4,256,block_vals,1,12.068583,12.017375,12.119708,13
0,4,256,cpu_vals,1,1.142500,1.140416,1.157583,25
0,4,256,tridiag_vals,1,8.883125,8.814833,8.918459,17
0,64,96,tg,1,11.387291,11.292407,11.465844,14
0,64,96,block,1,7.645563,7.572427,7.734958,20
0,64,96,cpu,1,1.591583,1.580417,1.626916,25
0,64,96,tg_vals,1,9.261541,9.218916,9.305167,17
0,64,96,block_vals,1,7.162334,7.056500,7.247542,21
0,64,96,cpu_vals,1,0.874916,0.867958,0.897792,25
0,16,192,tg,1,29.264771,29.243802,29.280927,6
0,16,192,block,1,11.711375,11.657708,11.791667,13
0,16,192,cpu,1,1.951917,1.833958,2.341875,25
0,16,192,tridiag,1,31.585125,31.540000,31.801458,5
0,16,192,tg_vals,1,25.772500,25.759625,25.794062,6
0,16,192,block_vals,1,10.593417,10.540584,10.687271,15
0,16,192,cpu_vals,1,1.002292,0.880750,1.396833,25
0,16,192,tridiag_vals,1,25.120396,25.029948,25.229844,6
0,1,128,tg,1,7.984167,7.970938,7.995000,19
0,1,128,block,1,5.847042,5.764417,5.910917,25
0,1,128,cpu,1,0.494167,0.490750,0.496666,25
0,1,128,tridiag,1,1.564000,1.552916,1.573833,25
0,1,128,tg_vals,1,7.208583,7.191416,7.211375,21
0,1,128,block_vals,1,5.726125,5.574875,5.843250,25
0,1,128,cpu_vals,1,0.263417,0.262666,0.266167,25
0,1,128,tridiag_vals,1,1.131833,1.118458,1.143208,25
0,1,2,simd,1,0.147875,0.133750,0.158917,25
0,1,2,tg,1,0.148833,0.138583,0.165083,25
0,1,2,ql,1,0.158500,0.146917,0.170667,25
0,1,2,cpu,1,0.001250,0.001208,0.001375,25
0,1,2,simd_vals,1,0.142125,0.132791,0.163250,25
0,1,2,tg_vals,1,0.156084,0.149375,0.167792,25
0,1,2,ql_vals,1,0.151917,0.134458,0.193083,25
0,1,2,cpu_vals,1,0.001458,0.001417,0.001542,25
0,2,2048,block,1,1207.024250,1206.704917,1208.628375,3
0,2,2048,cpu,1,318.317791,311.007083,325.941353,3
0,2,2048,tridiag,1,135.345250,135.203917,135.467875,5
0,2,2048,block_vals,1,738.944541,738.501937,739.484291,3
0,2,2048,cpu_vals,1,110.510333,106.409833,110.665125,5
0,2,2048,tridiag_vals,1,76.192750,76.136791,76.357459,5
0,2,2048,band_vals,1,75.704875,75.645292,76.228500,5
0,128,8,simd,1,0.189584,0.176000,0.195584,25
0,128,8,tg,1,0.185417,0.180125,0.194250,25
0,128,8,ql,1,0.194334,0.178000,0.196500,25
0,128,8,ql_share,1,0.255625,0.248500,0.273334,25
0,128,8,cpu,1,0.122125,0.109750,0.266917,25
0,128,8,simd_vals,1,0.154708,0.151125,0.158792,25
0,128,8,tg_vals,1,0.160042,0.151125,0.169250,25
0,128,8,ql_vals,1,0.153708,0.148500,0.160500,25
0,128,8,ql_share_vals,1,0.239875,0.235833,0.245833,25
0,128,8,cpu_vals,1,0.077000,0.067292,0.100209,25
0,128,384,block,1,542.027834,541.522479,542.229854,3
0,128,384,cpu,1,52.846209,51.951833,53.741792,5
0,128,384,tridiag,1,508.879875,508.737250,509.402521,3
0,128,384,block_vals,1,382.081083,382.021083,382.142541,3
0,128,384,cpu_vals,1,25.407291,24.896969,25.520708,6
0,128,384,tridiag_vals,1,417.441333,417.310541,417.982041,3
0,64,12,simd,1,0.276916,0.274000,0.281125,25
0,64,12,tg,1,0.230042,0.224625,0.233958,25
0,64,12,ql,1,0.229250,0.224416,0.235416,25
0,64,12,ql_share,1,0.332875,0.328875,0.339333,25
0,64,12,cpu,1,0.141375,0.119167,0.250041,25
0,64,12,simd_vals,1,0.251291,0.243041,0.254708,25
0,64,12,tg_vals,1,0.193375,0.188333,0.201458,25
0,64,12,ql_vals,1,0.190500,0.182459,0.198000,25
0,64,12,ql_share_vals,1,0.265875,0.256459,0.272917,25
0,64,12,cpu_vals,1,0.129083,0.071792,0.158459,25
0,512,96,tg,1,72.782333,72.255584,73.502875,5
0,512,96,block,1,38.609250,38.582500,38.865000,5
0,512,96,cpu,1,11.646625,11.455375,11.730667,13
0,512,96,tg_vals,1,57.474417,57.415959,57.585875,5
0,512,96,block_vals,1,31.357625,30.912083,31.371667,5
0,512,96,cpu_vals,1,6.337687,6.024999,6.435542,24
0,512,24,simd,1,1.492416,1.471750,1.512292,25
0,512,24,tg,1,1.234583,1.199875,1.250792,25
0,512,24,ql,1,0.641166,0.634042,0.661792,25
0,512,24,ql_share,1,0.983125,0.970083,1.053750,25
0,512,24,cpu,1,0.842583,0.813875,0.891583,25
0,512,24,simd_vals,1,1.300292,1.284375,1.317833,25
0,512,24,tg_vals,1,1.054417,1.044208,1.069291,25
0,512,24,ql_vals,1,0.447042,0.440291,0.458875,25
0,512,24,ql_share_vals,1,0.454709,0.442167,0.466625,25
0,512,24,cpu_vals,1,0.384958,0.337416,0.570625,25
0,2,8,simd,1,0.160833,0.151208,0.192500,25
0,2,8,tg,1,0.177667,0.164166,0.186125,25
0,2,8,ql,1,0.186000,0.167083,0.248125,25
0,2,8,cpu,1,0.008541,0.008125,0.009042,25
0,2,8,simd_vals,1,0.156375,0.144334,0.172417,25
0,2,8,tg_vals,1,0.159000,0.153875,0.210583,25
0,2,8,ql_vals,1,0.161459,0.156959,0.171417,25
0,2,8,cpu_vals,1,0.006083,0.005625,0.007250,25
0,8,1024,block,1,569.073459,568.574208,569.709021,3
0,8,1024,cpu,1,82.480459,71.067750,87.440375,5
0,8,1024,tridiag,1,116.875084,116.810209,116.886166,5
0,8,1024,block_vals,1,359.313875,358.543417,359.356583,3
0,8,1024,cpu_vals,1,27.704605,27.258865,28.167125,6
0,8,1024,tridiag_vals,1,87.825583,87.477791,87.977834,5
0,8,1024,band_vals,1,100.173625,100.098458,100.283292,5
0,32,2,simd,1,0.162000,0.147625,0.169875,25
0,32,2,tg,1,0.142084,0.136250,0.155416,25
0,32,2,ql,1,0.139750,0.134083,0.152375,25
0,32,2,cpu,1,0.016333,0.015750,0.016500,25
0,32,2,simd_vals,1,0.136917,0.133417,0.141583,25
0,32,2,tg_vals,1,0.142083,0.136292,0.150666,25
0,32,2,ql_vals,1,0.138125,0.134334,0.152958,25
0,32,2,cpu_vals,1,0.010583,0.010250,0.010833,25
0,4,1536,block,1,1003.763833,1001.865292,1005.248083,3
0,4,1536,cpu,1,123.294583,121.392667,123.860334,5
0,4,1536,tridiag,1,129.313167,129.236334,129.658458,5
0,4,1536,block_vals,1,633.811500,632.552771,634.047188,3
0,4,1536,cpu_vals,1,57.403458,56.402583,57.684625,5
0,4,1536,tridiag_vals,1,86.873375,86.753209,87.009542,5
0,4,1536,band_vals,1,87.032000,86.841834,87.344459,5
0,256,64,tg,1,10.536250,10.161500,10.839437,15
0,256,64,block,1,8.092416,8.024375,8.132000,19
0,256,64,ql,1,3.915833,3.898334,3.935208,25
0,256,64,ql_share,1,3.449583,2.943458,3.943292,25
0,256,64,cpu,1,3.116375,2.663834,3.203791,25
0,256,64,tg_vals,1,8.540750,8.496135,8.618896,18
0,256,64,block_vals,1,7.460167,7.428291,7.555875,21
0,256,64,ql_vals,1,2.940250,2.923292,2.956500,25
0,256,64,ql_share_vals,1,2.295083,2.184833,2.605666,25
0,256,64,cpu_vals,1,1.671500,1.146834,1.730959,25
0,1,4096,block,1,5095.609500,5089.760542,5103.964729,3
0,1,4096,cpu,1,2495.820333,2483.948063,2524.723750,3
0,1,4096,tridiag,1,445.570792,445.310875,452.379292,3
0,1,4096,block_vals,1,3279.522292,3278.435188,3280.794083,3
0,1,4096,cpu_vals,1,466.830542,466.470417,466.877084,3
0,1,4096,tridiag_vals,1,208.882375,208.607209,208.931250,5
0,1,4096,band_vals,1,160.528167,160.141458,160.631291,5
0,8,192,tg,1,27.769479,27.750719,27.821209,6
0,8,192,block,1,10.058833,10.008084,10.177270,15
0,8,192,cpu,1,1.467833,1.455208,1.477459,25
0,8,192,tridiag,1,15.869229,15.864593,15.877312,10
0,8,192,tg_vals,1,25.727438,25.723438,25.730625,6
0,8,192,block_vals,1,9.541646,9.457948,9.598781,16
0,8,192,cpu_vals,1,0.764666,0.756792,0.770875,25
0,8,192,tridiag_vals,1,12.693124,12.685261,12.697937,12
0,128,96,tg,1,20.269063,20.102521,20.330760,8
0,128,96,block,1,11.426375,11.361104,11.544448,14
0,128,96,cpu,1,3.411166,2.969042,3.428541,25
0,128,96,tg_vals,1,16.193334,16.088187,16.319250,10
0,128,96,block_vals,1,10.461625,10.393625,10.619625,15
0,128,96,cpu_vals,1,2.069834,2.024125,2.117791,25
0,4096,16,simd,1,2.403417,2.394292,2.421042,25
0,4096,16,tg,1,2.399625,2.391333,2.409250,25
0,4096,16,ql,1,1.638541,1.635625,1.680542,25
0,4096,16,ql_share,1,1.451416,1.442791,1.462875,25
0,4096,16,cpu,1,2.578875,2.315375,2.940625,25
0,4096,16,simd_vals,1,2.023083,2.012417,2.059250,25
0,4096,16,tg_vals,1,2.012500,2.009500,2.017875,25
0,4096,16,ql_vals,1,1.106625,1.055333,1.114416,25
0,4096,16,ql_share_vals,1,0.833792,0.819375,0.851333,25
0,4096,16,cpu_vals,1,1.121625,0.957167,1.630792,25
0,8,12,simd,1,0.603709,0.524125,0.741833,25
0,8,12,tg,1,0.254333,0.213084,0.330666,25
0,8,12,ql,1,0.224917,0.221041,0.227667,25
0,8,12,cpu,1,0.033208,0.029917,0.040500,25
0,8,12,simd_vals,1,0.250375,0.242541,0.259125,25
0,8,12,tg_vals,1,0.207625,0.192084,0.211167,25
0,8,12,ql_vals,1,0.200875,0.196500,0.207250,25
0,8,12,cpu_vals,1,0.023208,0.020875,0.025041,25
0,2,64,tg,1,1.276958,1.240875,1.292334,25
0,2,64,block,1,3.224875,3.185209,3.257708,25
0,2,64,ql,1,1.357458,1.342500,1.392500,25
0,2,64,cpu,1,0.171541,0.167416,0.178750,25
0,2,64,tg_vals,1,1.158750,1.147917,1.197459,25
0,2,64,block_vals,1,3.148625,3.114042,3.219542,25
0,2,64,ql_vals,1,1.062791,1.052875,1.108291,25
0,2,64,cpu_vals,1,0.079625,0.078666,0.080625,25
0,1,96,tg,1,3.623958,3.618834,3.629250,25
0,1,96,block,1,4.992250,4.767000,5.100875,25
0,1,96,cpu,1,0.291708,0.289916,0.294458,25
0,1,96,tg_vals,1,3.304042,3.301750,3.306125,25
0,1,96,block_vals,1,4.948250,4.688375,5.036250,25
0,1,96,cpu_vals,1,0.148292,0.147500,0.148667,25
0,512,48,tg,1,7.994625,7.920479,8.049271,19
0,512,48,block,1,12.073500,12.010542,12.193916,13
0,512,48,ql,1,2.566541,2.555542,2.575459,25
0,512,48,ql_share,1,2.078541,2.056333,2.133084,25
0,512,48,cpu,1,2.949792,2.866042,3.477208,25
0,512,48,tg_vals,1,6.926083,6.873667,6.960156,22
0,512,48,block_vals,1,11.289188,11.191948,11.347750,14
0,512,48,ql_vals,1,1.855792,1.843334,1.868000,25
0,512,48,ql_share_vals,1,1.661375,1.643375,1.696584,25
0,512,48,cpu_vals,1,1.872375,1.479417,1.902750,25
0,128,192,tg,1,263.667208,262.930625,263.747000,5
0,128,192,block,1,62.785333,62.728541,62.858708,5
0,128,192,cpu,1,11.881458,11.768667,11.994542,13
0,128,192,tridiag,1,252.479583,252.453166,252.655917,5
0,128,192,tg_vals,1,147.907792,147.788708,149.692666,5
0,128,192,block_vals,1,48.150750,48.145167,48.170542,5
0,128,192,cpu_vals,1,5.845458,5.785708,6.149250,25
0,128,192,tridiag_vals,1,199.948000,199.349666,200.012625,5
0,1,32,simd,1,1.527333,1.515834,1.569333,25
0,1,32,tg,1,0.331875,0.325584,0.337541,25
0,1,32,block,1,2.849667,2.761792,2.892291,25
0,1,32,ql,1,0.538500,0.528375,0.557250,25
0,1,32,cpu,1,0.036625,0.030000,0.036834,25
0,1,32,simd_vals,1,1.400458,1.383833,1.439000,25
0,1,32,tg_vals,1,0.316000,0.309167,0.322333,25
0,1,32,block_vals,1,2.806208,2.741583,2.854542,25
0,1,32,ql_vals,1,0.452875,0.445541,0.496208,25
0,1,32,cpu_vals,1,0.011750,0.011750,0.011834,25
0,32,96,tg,1,5.534958,5.525334,5.603792,25
0,32,96,block,1,5.437333,5.304834,5.560500,25
0,32,96,cpu,1,0.845583,0.836041,0.858375,25
0,32,96,tg_vals,1,4.940541,4.936708,4.943625,25
0,32,96,block_vals,1,5.267958,5.138667,5.336334,25
0,32,96,cpu_vals,1,0.537167,0.476917,0.563917,25
0,128,512,block,1,1238.548334,1237.147896,1239.700625,3
0,128,512,cpu,1,111.293458,111.127167,111.357625,5
0,128,512,tridiag,1,692.947625,692.885833,693.250417,3
0,128,512,block_vals,1,862.497084,861.605667,862.614771,3
0,128,512,cpu_vals,1,45.584666,45.518667,45.821791,5
0,128,512,tridiag_vals,1,560.187000,559.629646,560.260063,3
0,128,512,band_vals,1,656.576459,656.026333,657.128000,3
0,2,24,simd,1,0.827667,0.778958,0.834125,25
0,2,24,tg,1,0.281792,0.273042,0.287458,25
0,2,24,ql,1,0.370500,0.360375,0.402125,25
0,2,24,cpu,1,0.031375,0.030542,0.035208,25
0,2,24,simd_vals,1,0.775250,0.718083,0.781792,25
0,2,24,tg_vals,1,0.259542,0.254792,0.266500,25
0,2,24,ql_vals,1,0.299500,0.288166,0.312625,25
0,2,24,cpu_vals,1,0.021625,0.021417,0.022042,25
0,2048,24,simd,1,3.970875,3.951333,3.991625,25
0,2048,24,tg,1,3.863750,3.859458,3.875334,25
0,2048,24,ql,1,1.779250,1.773584,1.808916,25
0,2048,24,ql_share,1,1.650500,1.574708,1.661667,25
0,2048,24,cpu,1,3.319084,3.224500,3.371375,25
0,2048,24,simd_vals,1,3.323084,3.319333,3.326833,25
0,2048,24,tg_vals,1,3.329833,3.308833,3.344666,25
0,2048,24,ql_vals,1,1.141042,1.125917,1.172000,25
0,2048,24,ql_share_vals,1,0.909167,0.899459,0.933708,25
0,2048,24,cpu_vals,1,1.583375,1.092291,1.622583,25
0,128,4,simd,1,0.241459,0.227791,0.257834,25
0,128,4,tg,1,0.242250,0.237125,0.249833,25
0,128,4,ql,1,0.231000,0.211875,0.247584,25
0,128,4,ql_share,1,0.168334,0.162125,0.275959,25
0,128,4,cpu,1,0.113209,0.080333,0.124500,25
0,128,4,simd_vals,1,0.169416,0.157042,0.179458,25
0,128,4,tg_vals,1,0.165792,0.159375,0.179667,25
0,128,4,ql_vals,1,0.151750,0.146791,0.158125,25
0,128,4,ql_share_vals,1,0.226917,0.130875,0.233458,25
0,128,4,cpu_vals,1,0.062917,0.062167,0.064541,25
0,16,48,tg,1,0.774542,0.767500,0.786166,25
0,16,48,block,1,3.233291,3.182833,3.259084,25
0,16,48,ql,1,0.943208,0.910375,0.947333,25
0,16,48,cpu,1,0.214875,0.209750,0.217333,25
0,16,48,tg_vals,1,0.709792,0.639458,0.727709,25
0,16,48,block_vals,1,3.167292,3.127125,3.205458,25
0,16,48,ql_vals,1,0.791167,0.758583,0.802667,25
0,16,48,cpu_vals,1,0.143750,0.136666,0.158750,25
0,64,256,tg,1,412.622333,412.402959,412.633000,3
0,64,256,block,1,69.232666,69.124334,69.296125,5
0,64,256,cpu,1,12.294792,12.205292,12.442583,13
0,64,256,tridiag,1,166.786166,166.634500,166.922375,5
0,64,256,tg_vals,1,243.055458,242.799167,243.106334,5
0,64,256,block_vals,1,53.895750,53.850584,53.985125,5
0,64,256,cpu_vals,1,5.472417,5.445666,5.876041,25
0,64,256,tridiag_vals,1,135.563917,135.523000,135.602584,5
0,16,8,simd,1,0.181083,0.167208,0.184125,25
0,16,8,tg,1,0.171292,0.165958,0.186666,25
0,16,8,ql,1,0.195584,0.186542,0.207000,25
0,16,8,cpu,1,0.040250,0.039459,0.044333,25
0,16,8,simd_vals,1,0.168667,0.162042,0.178416,25
0,16,8,tg_vals,1,0.167541,0.162208,0.182375,25
0,16,8,ql_vals,1,0.156333,0.152583,0.163000,25
0,16,8,cpu_vals,1,0.021959,0.021750,0.022625,25
0,8,512,tg,1,571.455250,571.288375,571.533813,3
0,8,512,block,1,63.936375,63.816208,64.129416,5
0,8,512,cpu,1,13.100604,13.014344,13.311739,12
0,8,512,tridiag,1,45.797000,45.709333,45.854583,5
0,8,512,tg_vals,1,443.005042,442.848104,443.020709,3
0,8,512,block_vals,1,52.944750,52.944625,52.967292,5
0,8,512,cpu_vals,1,5.749708,5.676875,6.164792,25
0,8,512,tridiag_vals,1,35.955000,35.855458,35.961875,5
0,8,512,band_vals,1,43.250875,43.146375,43.332208,5
0,128,256,block,1,154.882125,154.836458,155.187625,5
0,128,256,cpu,1,23.048958,22.858396,23.506812,7
0,128,256,tridiag,1,335.013791,334.937042,335.044833,3
0,128,256,block_vals,1,109.352000,109.278083,109.495625,5
0,128,256,cpu_vals,1,10.579291,10.522979,10.613312,15
0,128,256,tridiag_vals,1,272.878750,272.603834,272.911875,5
0,1024,12,simd,1,0.527500,0.522166,0.536458,25
0,1024,12,tg,1,0.511708,0.508625,0.516500,25
0,1024,12,ql,1,0.406917,0.401709,0.410000,25
0,1024,12,ql_share,1,0.482667,0.475167,0.490000,25
0,1024,12,cpu,1,0.449208,0.439000,0.470500,25
0,1024,12,simd_vals,1,0.472083,0.461750,0.485417,25
0,1024,12,tg_vals,1,0.464875,0.457667,0.506166,25
0,1024,12,ql_vals,1,0.313083,0.304916,0.317250,25
0,1024,12,ql_share_vals,1,0.341125,0.336250,0.363708,25
0,1024,12,cpu_vals,1,0.267750,0.227625,0.563333,25
0,8,256,tg,1,62.512750,62.451458,62.522583,5
0,8,256,block,1,14.846041,14.794625,14.883062,11
0,8,256,cpu,1,2.679125,2.668875,2.691542,25
0,8,256,tridiag,1,21.097521,21.062771,21.130229,8
0,8,256,tg_vals,1,60.326125,60.313875,60.376959,5
0,8,256,block_vals,1,13.418354,13.325521,13.518500,12
0,8,256,cpu_vals,1,1.335042,1.323625,1.344709,25
0,8,256,tridiag_vals,1,17.352959,17.352417,17.386334,9
0,8,8,simd,1,0.178166,0.166250,0.190000,25
0,8,8,tg,1,0.177042,0.165250,0.186625,25
0,8,8,ql,1,0.173416,0.167041,0.185333,25
0,8,8,cpu,1,0.027000,0.024375,0.028834,25
0,8,8,simd_vals,1,0.177291,0.169083,0.186875,25
0,8,8,tg_vals,1,0.161834,0.159292,0.175875,25
0,8,8,ql_vals,1,0.157000,0.154500,0.166334,25
0,8,8,cpu_vals,1,0.011917,0.011750,0.014542,25
0,2,128,tg,1,7.959167,7.948813,7.968395,19
0,2,128,block,1,5.976750,5.904583,6.044000,25
0,2,128,cpu,1,0.532542,0.529416,0.536125,25
0,2,128,tridiag,1,2.608584,2.602292,2.623292,25
0,2,128,tg_vals,1,7.200334,7.191666,7.203750,21
0,2,128,block_vals,1,5.868000,5.816000,5.963625,25
0,2,128,cpu_vals,1,0.287584,0.286500,0.289167,25
0,2,128,tridiag_vals,1,2.143792,2.137459,2.150333,25
0,256,48,tg,1,4.254666,4.243708,4.266833,25
0,256,48,block,1,7.683771,7.611135,7.744239,20
0,256,48,ql,1,1.717750,1.710166,1.724167,25
0,256,48,ql_share,1,1.111833,1.078750,1.184500,25
0,256,48,cpu,1,1.506375,1.474292,1.560459,25
0,256,48,tg_vals,1,3.743916,3.739042,3.751292,25
0,256,48,block_vals,1,7.299750,7.166666,7.369250,21
0,256,48,ql_vals,1,1.301250,1.294875,1.352541,25
0,256,48,ql_share_vals,1,0.858458,0.842583,0.938291,25
0,256,48,cpu_vals,1,0.690375,0.665583,0.714458,25
0,8,768,block,1,214.718625,214.448292,214.828375,5
0,8,768,cpu,1,27.586771,27.013948,28.770906,6
0,8,768,tridiag,1,76.385292,76.310208,76.481500,5
0,8,768,block_vals,1,148.580792,148.565875,148.672167,5
0,8,768,cpu_vals,1,13.691750,13.579292,13.740312,11
0,8,768,tridiag_vals,1,58.507375,58.471500,58.535250,5
0,8,768,band_vals,1,70.652500,70.574250,70.690750,5
0,8,48,tg,1,0.769083,0.759084,1.224625,25
0,8,48,block,1,3.181500,3.143875,3.192458,25
0,8,48,ql,1,0.911792,0.869250,0.926041,25
0,8,48,cpu,1,0.192709,0.182084,0.199750,25
0,8,48,tg_vals,1,0.723583,0.713417,0.731459,25
0,8,48,block_vals,1,3.123250,3.111584,3.136958,25
0,8,48,ql_vals,1,0.780375,0.745875,0.799375,25
0,8,48,cpu_vals,1,0.097542,0.094667,0.100416,25
0,4096,2,simd,1,0.196334,0.191000,0.201750,25
0,4096,2,tg,1,0.196792,0.192125,0.199833,25
0,4096,2,ql,1,0.196750,0.194459,0.200416,25
0,4096,2,ql_share,1,0.326875,0.322292,0.333709,25
0,4096,2,cpu,1,0.197917,0.192625,0.216959,25
0,4096,2,simd_vals,1,0.176417,0.168958,0.188334,25
0,4096,2,tg_vals,1,0.184208,0.168083,0.188042,25
0,4096,2,ql_vals,1,0.170250,0.163750,0.181625,25
0,4096,2,ql_share_vals,1,0.314375,0.303750,0.320833,25
0,4096,2,cpu_vals,1,0.131875,0.128834,0.135375,25
0,8,32,simd,1,1.737750,1.726666,1.748167,25
0,8,32,tg,1,0.367750,0.360625,0.371583,25
0,8,32,block,1,2.742459,2.711875,2.793833,25
0,8,32,ql,1,0.536458,0.526792,0.557792,25
0,8,32,cpu,1,0.093083,0.089625,0.098250,25
0,8,32,simd_vals,1,1.580833,1.572833,1.589833,25
0,8,32,tg_vals,1,0.353708,0.344834,0.359708,25
0,8,32,block_vals,1,2.755750,2.721875,2.791833,25
0,8,32,ql_vals,1,0.457375,0.431500,0.497458,25
0,8,32,cpu_vals,1,0.058417,0.057000,0.060000,25
0,4096,24,simd,1,7.560125,7.534781,7.576167,20
0,4096,24,tg,1,7.468000,7.454834,7.482250,21
0,4096,24,ql,1,3.197459,3.190083,3.205917,25
0,4096,24,ql_share,1,2.678334,2.656208,2.700542,25
0,4096,24,cpu,1,5.824875,5.768125,5.866167,25
0,4096,24,simd_vals,1,6.299062,6.290469,6.323552,24
0,4096,24,tg_vals,1,6.258188,6.246563,6.267917,24
0,4096,24,ql_vals,1,1.961333,1.950166,2.016875,25
0,4096,24,ql_share_vals,1,1.425708,1.406292,1.442417,25
0,4096,24,cpu_vals,1,2.074459,1.796708,2.344916,25
0,32,16,simd,1,0.483417,0.460500,1.112083,25
0,32,16,tg,1,0.290917,0.286667,0.297333,25
0,32,16,ql,1,0.313833,0.310042,0.321750,25
0,32,16,cpu,1,0.127333,0.097333,0.269792,25
0,32,16,simd_vals,1,0.343750,0.336250,0.356916,25
0,32,16,tg_vals,1,0.245542,0.238292,0.248750,25
0,32,16,ql_vals,1,0.231750,0.218625,0.240292,25
0,32,16,cpu_vals,1,0.086750,0.061084,0.114709,25
0,4,384,tg,1,218.059667,218.052541,218.062625,5
0,4,384,block,1,25.087583,25.023917,25.206375,6
0,4,384,cpu,1,5.170250,5.154333,5.188667,25
0,4,384,tridiag,1,16.888541,16.875833,16.928375,9
0,4,384,tg_vals,1,190.201000,190.157208,190.211792,5
0,4,384,block_vals,1,22.693541,22.622166,22.732146,7
0,4,384,cpu_vals,1,2.585417,2.575875,2.594875,25
0,4,384,tridiag_vals,1,13.857041,13.851958,13.869167,11
0,32,48,tg,1,1.040625,0.988959,1.044542,25
0,32,48,block,1,3.377666,3.343250,3.424458,25
0,32,48,ql,1,0.964083,0.912333,0.969125,25
0,32,48,cpu,1,0.306458,0.300959,0.313666,25
0,32,48,tg_vals,1,0.945459,0.894583,0.949125,25
0,32,48,block_vals,1,3.248500,3.222083,3.267583,25
0,32,48,ql_vals,1,0.805417,0.766042,0.807250,25
0,32,48,cpu_vals,1,0.172583,0.167666,0.178667,25
0,32,8,simd,1,0.300750,0.293541,0.312125,25
0,32,8,tg,1,0.171167,0.155833,0.230041,25
0,32,8,ql,1,0.188625,0.177000,0.192167,25
0,32,8,cpu,1,0.077667,0.053541,0.079083,25
0,32,8,simd_vals,1,0.167125,0.161666,0.181333,25
0,32,8,tg_vals,1,0.174583,0.166167,0.185917,25
0,32,8,ql_vals,1,0.164709,0.151542,0.180208,25
0,32,8,cpu_vals,1,0.041625,0.041042,0.043042,25
0,128,24,simd,1,0.804291,0.795208,0.816917,25
0,128,24,tg,1,0.497375,0.485708,0.510333,25
0,128,24,ql,1,0.412375,0.406625,0.514750,25
0,128,24,ql_share,1,0.503792,0.500792,0.509084,25
0,128,24,cpu,1,0.280917,0.277583,0.285667,25
0,128,24,simd_vals,1,0.787333,0.747708,0.793458,25
0,128,24,tg_vals,1,0.454625,0.452542,0.510125,25
0,128,24,ql_vals,1,0.321417,0.314125,0.323750,25
0,128,24,ql_share_vals,1,0.417375,0.413666,0.419875,25
0,128,24,cpu_vals,1,0.161416,0.156583,0.168417,25
0,128,16,simd,1,0.525625,0.512375,0.567167,25
0,128,16,tg,1,0.343292,0.281959,0.355084,25
0,128,16,ql,1,0.282500,0.275791,0.286584,25
0,128,16,ql_share,1,0.376208,0.371334,0.383500,25
0,128,16,cpu,1,0.171250,0.167541,0.180875,25
0,128,16,simd_vals,1,0.314875,0.311500,0.329584,25
0,128,16,tg_vals,1,0.254625,0.248458,0.261792,25
0,128,16,ql_vals,1,0.241583,0.237833,0.242333,25
0,128,16,ql_share_vals,1,0.333958,0.325625,0.340875,25
0,128,16,cpu_vals,1,0.133250,0.109000,0.435083,25
0,4,512,tg,1,538.502417,538.460751,538.661396,3
0,4,512,block,1,43.480542,43.372833,43.781667,5
0,4,512,cpu,1,10.918478,10.856635,10.976177,14
0,4,512,tridiag,1,24.154916,24.099417,24.223813,7
0,4,512,tg_vals,1,444.422500,444.419458,444.442208,3
0,4,512,block_vals,1,38.962666,38.625917,39.057875,5
0,4,512,cpu_vals,1,4.751042,4.724125,5.111583,25
0,4,512,tridiag_vals,1,18.510583,18.490333,18.523875,9
0,4,512,band_vals,1,22.709334,22.650917,23.094605,7
0,4,96,tg,1,3.633250,3.629375,3.640834,25
0,4,96,block,1,4.824916,4.703333,4.953500,25
0,4,96,cpu,1,0.330292,0.325750,0.332792,25
0,4,96,tg_vals,1,3.307958,3.303959,3.313084,25
0,4,96,block_vals,1,4.775709,4.579000,4.865417,25
0,4,96,cpu_vals,1,0.182833,0.179875,0.186959,25
0,512,4,simd,1,0.169916,0.160666,0.203917,25
0,512,4,tg,1,0.180709,0.174041,0.185458,25
0,512,4,ql,1,0.184458,0.180000,0.186625,25
0,512,4,ql_share,1,0.303208,0.299084,0.312209,25
0,512,4,cpu,1,0.122959,0.111625,0.198042,25
0,512,4,simd_vals,1,0.159959,0.154125,0.174292,25
0,512,4,tg_vals,1,0.160333,0.154792,0.176042,25
0,512,4,ql_vals,1,0.154875,0.148000,0.161625,25
0,512,4,ql_share_vals,1,0.291542,0.280916,0.294625,25
0,512,4,cpu_vals,1,0.080291,0.075458,0.129042,25
0,4,4,simd,1,0.162375,0.142417,0.224541,25
0,4,4,tg,1,0.165500,0.147208,0.201042,25
0,4,4,ql,1,0.180667,0.162667,0.212833,25
0,4,4,cpu,1,0.010041,0.008375,0.011417,25
0,4,4,simd_vals,1,0.168875,0.154166,0.215750,25
0,4,4,tg_vals,1,0.167792,0.154500,0.188167,25
0,4,4,ql_vals,1,0.155209,0.143750,0.199041,25
0,4,4,cpu_vals,1,0.007375,0.006625,0.010000,25
0,64,128,tg,1,27.024917,26.993229,27.038979,6
0,64,128,block,1,12.439166,12.341709,12.471667,13
0,64,128,cpu,1,2.743292,2.730708,3.228208,25
0,64,128,tridiag,1,83.360083,83.356958,83.432125,5
0,64,128,tg_vals,1,23.291750,23.281146,23.297979,7
0,64,128,block_vals,1,11.208520,11.142354,11.324198,14
0,64,128,cpu_vals,1,1.356542,1.345042,1.368709,25
0,64,128,tridiag_vals,1,64.420500,64.407625,64.436333,5
0,1,2048,block,1,555.856417,555.575625,556.093291,3
0,1,2048,cpu,1,226.751542,226.684125,227.001000,5
0,1,2048,tridiag,1,91.254625,90.995917,91.311125,5
0,1,2048,block_vals,1,408.360292,407.798479,408.491750,3
0,1,2048,cpu_vals,1,84.465375,84.401500,84.648875,5
0,1,2048,tridiag_vals,1,38.946292,38.943167,39.066958,5
0,1,2048,band_vals,1,47.381458,47.298417,47.761417,5
0,2,12,simd,1,0.716000,0.640708,0.729000,25
0,2,12,tg,1,0.209750,0.204958,0.246292,25
0,2,12,ql,1,0.254917,0.219625,0.263583,25
0,2,12,cpu,1,0.020000,0.019250,0.020292,25
0,2,12,simd_vals,1,0.239834,0.231125,0.258084,25
0,2,12,tg_vals,1,0.202625,0.193875,0.205959,25
0,2,12,ql_vals,1,0.251125,0.210333,0.267250,25
0,2,12,cpu_vals,1,0.007041,0.006792,0.007209,25
0,32,512,block,1,280.365875,280.082791,280.718708,5
0,32,512,cpu,1,30.363458,30.346667,30.597958,5
0,32,512,tridiag,1,175.022625,174.873542,175.425042,5
0,32,512,block_vals,1,182.696875,182.630042,182.788000,5
0,32,512,cpu_vals,1,13.593542,13.503313,13.891292,11
0,32,512,tridiag_vals,1,140.603791,140.494125,140.691625,5
0,32,512,band_vals,1,166.029500,165.945833,166.210333,5
0,64,192,tg,1,139.764875,139.748583,140.199042,5
0,64,192,block,1,31.137917,31.052834,31.229250,5
0,64,192,cpu,1,6.434792,6.338333,6.589646,23
0,64,192,tridiag,1,126.047416,125.921125,126.089750,5
0,64,192,tg_vals,1,82.972250,82.518875,83.173250,5
0,64,192,block_vals,1,27.389750,27.300156,27.424438,6
0,64,192,cpu_vals,1,3.493375,3.468917,3.502167,25
0,64,192,tridiag_vals,1,100.123541,100.111291,100.139291,5
0,1,1536,block,1,245.291250,245.090042,245.545708,5
0,1,1536,cpu,1,98.472833,98.005250,98.564208,5
0,1,1536,tridiag,1,51.593541,51.526125,51.675208,5
0,1,1536,block_vals,1,203.344333,203.214875,203.501875,5
0,1,1536,cpu_vals,1,42.515000,42.415167,42.622459,5
0,1,1536,tridiag_vals,1,23.141709,23.077833,23.179188,7
0,1,1536,band_vals,1,27.416520,27.320427,27.565865,6
0,512,8,simd,1,0.229250,0.221000,0.235333,25
0,512,8,tg,1,0.226958,0.213333,0.230875,25
0,512,8,ql,1,0.231167,0.228916,0.236541,25
0,512,8,ql_share,1,0.354166,0.352375,0.360791,25
0,512,8,cpu,1,0.185833,0.180000,0.203291,25
0,512,8,simd_vals,1,0.223792,0.218875,0.225917,25
0,512,8,tg_vals,1,0.214625,0.205333,0.219416,25
0,512,8,ql_vals,1,0.196250,0.188666,0.202333,25
0,512,8,ql_share_vals,1,0.322000,0.308708,0.339875,25
0,512,8,cpu_vals,1,0.135791,0.132833,0.142833,25
0,1,512,tg,1,473.565125,473.542208,473.603687,3
0,1,512,block,1,30.197750,30.104583,30.211208,5
0,1,512,cpu,1,8.885209,8.812750,9.056708,17
0,1,512,tridiag,1,8.854500,8.789708,9.026958,17
0,1,512,tg_vals,1,443.508708,443.492792,443.523604,3
0,1,512,block_vals,1,28.644896,28.490823,28.790968,6
0,1,512,cpu_vals,1,4.161625,4.108000,4.173834,25
0,1,512,tridiag_vals,1,5.420125,5.399250,5.438916,25
0,1,512,band_vals,1,7.358583,7.319000,7.397166,21
0,64,32,simd,1,1.768500,1.762542,1.773333,25
0,64,32,tg,1,0.584500,0.581208,0.592750,25
0,64,32,block,1,2.846959,2.826375,2.876000,25
0,64,32,ql,1,0.548417,0.546333,0.551708,25
0,64,32,ql_share,1,0.669250,0.664917,0.675791,25
0,64,32,cpu,1,0.249875,0.246000,0.276500,25
0,64,32,simd_vals,1,1.591667,1.586084,1.598208,25
0,64,32,tg_vals,1,0.537750,0.534083,0.540959,25
0,64,32,block_vals,1,2.783167,2.729708,2.802542,25
0,64,32,ql_vals,1,0.417166,0.402000,0.428458,25
0,64,32,ql_share_vals,1,0.516667,0.512250,0.536291,25
0,64,32,cpu_vals,1,0.149625,0.146875,0.155834,25
0,2,4,simd,1,0.245625,0.225958,0.259500,25
0,2,4,tg,1,0.218459,0.208709,0.246000,25
0,2,4,ql,1,0.235458,0.196625,0.255959,25
0,2,4,cpu,1,0.004125,0.003833,0.005125,25
0,2,4,simd_vals,1,0.175250,0.162541,0.208875,25
0,2,4,tg_vals,1,0.178041,0.154041,0.216750,25
0,2,4,ql_vals,1,0.165541,0.155125,0.195500,25
0,2,4,cpu_vals,1,0.003792,0.003208,0.005125,25
0,4,48,tg,1,0.761791,0.740667,0.767792,25
0,4,48,block,1,3.111125,3.088250,3.135750,25
0,4,48,ql,1,0.922042,0.886083,0.930042,25
0,4,48,cpu,1,0.101708,0.100417,0.104416,25
0,4,48,tg_vals,1,0.720583,0.702167,0.725500,25
0,4,48,block_vals,1,3.077500,3.044334,3.109125,25
0,4,48,ql_vals,1,0.791584,0.752000,0.804583,25
0,4,48,cpu_vals,1,0.057209,0.056791,0.057917,25
0,1,48,tg,1,0.771208,0.755125,1.473500,25
0,1,48,block,1,3.118375,3.078083,3.169417,25
0,1,48,ql,1,0.905583,0.864625,0.924750,25
0,1,48,cpu,1,0.077667,0.077542,0.077834,25
0,1,48,tg_vals,1,0.679542,0.642875,0.724750,25
0,1,48,block_vals,1,3.106083,3.056083,3.130209,25
0,1,48,ql_vals,1,0.787542,0.761667,0.794292,25
0,1,48,cpu_vals,1,0.034000,0.033833,0.034042,25
0,256,256,block,1,318.212208,317.653354,318.346542,3
0,256,256,cpu,1,44.421125,44.008333,44.514708,5
0,256,256,tridiag,1,669.101042,669.016333,669.673938,3
0,256,256,block_vals,1,251.266459,250.770750,253.901708,5
0,256,256,cpu_vals,1,21.071292,20.792583,21.212198,8
0,256,256,tridiag_vals,1,547.944625,547.513833,548.106730,3
0,2048,64,tg,1,76.884875,76.716917,76.925709,5
0,2048,64,block,1,51.286083,51.141084,51.296500,5
0,2048,64,ql,1,23.680708,23.550313,23.755772,7
0,2048,64,ql_share,1,12.379792,12.292875,12.465459,13
0,2048,64,cpu,1,20.976708,20.904291,21.028459,8
0,2048,64,tg_vals,1,65.330292,65.279000,65.739042,5
0,2048,64,block_vals,1,44.842125,44.802792,45.728125,5
0,2048,64,ql_vals,1,16.454230,16.347760,16.566156,10
0,2048,64,ql_share_vals,1,6.180438,6.123031,6.389781,24
0,2048,64,cpu_vals,1,8.241291,8.091812,8.426209,19
0,1,64,tg,1,1.234833,1.210959,1.321042,25
0,1,64,block,1,3.184250,3.127166,3.242209,25
0,1,64,ql,1,1.330708,1.307292,1.338083,25
0,1,64,cpu,1,0.147791,0.145417,0.148459,25
0,1,64,tg_vals,1,1.135500,1.120375,1.150583,25
0,1,64,block_vals,1,3.125625,3.109208,3.149125,25
0,1,64,ql_vals,1,1.028083,1.004375,1.041500,25
0,1,64,cpu_vals,1,0.062083,0.061709,0.062792,25
0,2048,128,block,1,341.340125,341.013104,341.789291,3
0,2048,128,cpu,1,76.356750,76.111041,77.634250,5
0,2048,128,block_vals,1,279.408542,279.345833,279.645417,5
0,2048,128,cpu_vals,1,39.651208,39.276334,40.754709,5
0,4,32,simd,1,1.744125,1.729958,1.760541,25
0,4,32,tg,1,0.368750,0.365833,0.374958,25
0,4,32,block,1,2.797375,2.768250,2.865708,25
0,4,32,ql,1,0.532500,0.527000,0.565959,25
0,4,32,cpu,1,0.056750,0.053708,0.060166,25
0,4,32,simd_vals,1,1.577792,1.555166,1.594250,25
0,4,32,tg_vals,1,0.354625,0.350166,0.358333,25
0,4,32,block_vals,1,2.860375,2.755042,2.992583,25
0,4,32,ql_vals,1,0.412000,0.390792,0.461791,25
0,4,32,cpu_vals,1,0.036584,0.036000,0.037667,25
0,2048,12,simd,1,0.888375,0.818209,0.916000,25
0,2048,12,tg,1,0.869083,0.843166,0.895750,25
0,2048,12,ql,1,0.630959,0.626208,0.633750,25
0,2048,12,ql_share,1,0.724250,0.710916,0.743417,25
0,2048,12,cpu,1,0.794875,0.784750,0.820375,25
0,2048,12,simd_vals,1,0.793583,0.717750,0.813125,25
0,2048,12,tg_vals,1,0.747584,0.715000,0.797584,25
0,2048,12,ql_vals,1,0.448042,0.435500,0.506917,25
0,2048,12,ql_share_vals,1,0.409625,0.397291,0.426292,25
0,2048,12,cpu_vals,1,0.412916,0.386125,0.582083,25
0,1,16,simd,1,0.543417,0.517166,0.583083,25
0,1,16,tg,1,0.228917,0.221083,0.234583,25
0,1,16,ql,1,0.256875,0.251667,0.263625,25
0,1,16,cpu,1,0.010459,0.010375,0.010833,25
0,1,16,simd_vals,1,0.307959,0.301792,0.326084,25
0,1,16,tg_vals,1,0.221875,0.212666,0.226500,25
0,1,16,ql_vals,1,0.222166,0.211917,0.242583,25
0,1,16,cpu_vals,1,0.004375,0.004375,0.004542,25
0,64,4,simd,1,0.205875,0.201541,0.248875,25
0,64,4,tg,1,0.224250,0.205459,0.231000,25
0,64,4,ql,1,0.168167,0.151833,0.171542,25
0,64,4,ql_share,1,0.141583,0.130875,0.155834,25
0,64,4,cpu,1,0.063292,0.059916,0.064125,25
0,64,4,simd_vals,1,0.144917,0.138917,0.165000,25
0,64,4,tg_vals,1,0.161542,0.149250,0.173750,25
0,64,4,ql_vals,1,0.145375,0.139792,0.166292,25
0,64,4,ql_share_vals,1,0.138375,0.128917,0.157291,25
0,64,4,cpu_vals,1,0.039084,0.038833,0.039500,25
0,512,128,tg,1,183.084500,180.551625,184.308791,5
0,512,128,block,1,87.620625,87.423084,87.846208,5
0,512,128,cpu,1,20.714271,20.409854,21.029427,8
0,512,128,tridiag,1,669.161750,668.979687,670.000229,3
0,512,128,tg_vals,1,162.574375,162.074708,162.803625,5
0,512,128,block_vals,1,70.634917,70.595792,70.713458,5
0,512,128,cpu_vals,1,10.477208,10.329334,10.583500,15
0,512,128,tridiag_vals,1,520.774084,520.394626,522.191730,3
0,128,12,simd,1,0.280000,0.275000,0.290875,25
0,128,12,tg,1,0.232333,0.227583,0.237667,25
0,128,12,ql,1,0.238167,0.232583,0.241834,25
0,128,12,ql_share,1,0.338583,0.332958,0.343542,25
0,128,12,cpu,1,0.140000,0.135833,0.143708,25
0,128,12,simd_vals,1,0.250917,0.244125,0.257291,25
0,128,12,tg_vals,1,0.203333,0.193375,0.215959,25
0,128,12,ql_vals,1,0.176958,0.165417,0.182833,25
0,128,12,ql_share_vals,1,0.269625,0.264750,0.277291,25
0,128,12,cpu_vals,1,0.119583,0.089541,0.283291,25
0,8,4,simd,1,0.160500,0.148667,0.170667,25
0,8,4,tg,1,0.150292,0.147458,0.169667,25
0,8,4,ql,1,0.146333,0.143666,0.153750,25
0,8,4,cpu,1,0.023250,0.016791,0.026834,25
0,8,4,simd_vals,1,0.151709,0.147792,0.182291,25
0,8,4,tg_vals,1,0.140875,0.134875,0.147542,25
0,8,4,ql_vals,1,0.135500,0.131250,0.141084,25
0,8,4,cpu_vals,1,0.005375,0.005333,0.006250,25
0,32,4,simd,1,0.158584,0.154125,0.175250,25
0,32,4,tg,1,0.155208,0.150542,0.162084,25
0,32,4,ql,1,0.154042,0.149167,0.158167,25
0,32,4,cpu,1,0.032333,0.030958,0.033584,25
0,32,4,simd_vals,1,0.146500,0.140000,0.149458,25
0,32,4,tg_vals,1,0.142125,0.139292,0.147375,25
0,32,4,ql_vals,1,0.140791,0.133416,0.141375,25
0,32,4,cpu_vals,1,0.018791,0.018542,0.020458,25
0,32,64,tg,1,1.842834,1.834625,1.859083,25
0,32,64,block,1,3.466250,3.404584,3.521375,25
0,32,64,ql,1,1.419375,1.385417,1.427708,25
0,32,64,cpu,1,0.467667,0.460000,0.480750,25
0,32,64,tg_vals,1,1.663416,1.647208,1.675916,25
0,32,64,block_vals,1,3.363500,3.310375,3.397500,25
0,32,64,ql_vals,1,1.132583,1.111042,1.142125,25
0,32,64,cpu_vals,1,0.251542,0.230916,0.566792,25
0,1024,96,tg,1,142.014583,141.799375,142.218208,5
0,1024,96,block,1,78.504750,78.282375,78.581541,5
0,1024,96,cpu,1,23.772208,23.703792,23.978104,7
0,1024,96,tg_vals,1,113.575125,113.497750,113.778583,5
0,1024,96,block_vals,1,66.034667,65.919125,66.341875,5
0,1024,96,cpu_vals,1,11.960875,11.850916,12.116875,13
0,2,48,tg,1,0.711459,0.676208,0.756833,25
0,2,48,block,1,3.153667,3.114583,3.220584,25
0,2,48,ql,1,0.878875,0.834667,0.899083,25
0,2,48,cpu,1,0.098958,0.098041,0.101125,25
0,2,48,tg_vals,1,0.632667,0.621625,0.664709,25
0,2,48,block_vals,1,3.102917,3.090042,3.135459,25
0,2,48,ql_vals,1,0.760834,0.717792,0.789000,25
0,2,48,cpu_vals,1,0.056208,0.055250,0.057500,25
0,4096,64,tg,1,155.081834,154.558083,155.169875,5
0,4096,64,block,1,98.715541,98.640250,98.834750,5
0,4096,64,ql,1,45.763375,45.606834,45.834583,5
0,4096,64,ql_share,1,24.387625,23.796188,25.162022,7
0,4096,64,cpu,1,39.610584,39.574875,39.899292,5
0,4096,64,tg_vals,1,130.997959,130.614833,131.407917,5
0,4096,64,block_vals,1,85.925667,85.650375,85.998458,5
0,4096,64,ql_vals,1,32.306625,32.163250,32.429958,5
0,4096,64,ql_share_vals,1,11.700709,11.620750,11.884583,13
0,4096,64,cpu_vals,1,16.452792,16.150146,16.599750,10
0,32,12,simd,1,0.775834,0.692750,0.925208,25
0,32,12,tg,1,0.226000,0.221666,0.247416,25
0,32,12,ql,1,0.234250,0.231875,0.236584,25
0,32,12,cpu,1,0.077333,0.067916,0.107834,25
0,32,12,simd_vals,1,0.249750,0.241167,0.256333,25
0,32,12,tg_vals,1,0.214959,0.203792,0.217667,25
0,32,12,ql_vals,1,0.199084,0.188625,0.205542,25
0,32,12,cpu_vals,1,0.079875,0.056542,0.080958,25
0,4,1024,block,1,260.622042,260.595584,261.648791,5
0,4,1024,cpu,1,49.645625,49.220375,49.875833,5
0,4,1024,tridiag,1,63.389250,63.270791,63.627459,5
0,4,1024,block_vals,1,173.246292,172.904291,173.261458,5
0,4,1024,cpu_vals,1,23.684167,23.324125,23.824750,7
0,4,1024,tridiag_vals,1,44.832833,44.731583,44.857708,5
0,4,1024,band_vals,1,52.299083,52.265417,52.907416,5
0,2,96,tg,1,3.642917,3.631375,3.652292,25
0,2,96,block,1,4.791833,4.695084,4.910209,25
0,2,96,cpu,1,0.310625,0.307541,0.315833,25
0,2,96,tg_vals,1,3.305375,3.283708,3.316000,25
0,2,96,block_vals,1,4.722833,4.548542,4.820542,25
0,2,96,cpu_vals,1,0.168916,0.166625,0.174500,25
0,64,64,tg,1,3.303417,3.293792,3.322084,25
0,64,64,block,1,3.956708,3.881292,4.008375,25
0,64,64,ql,1,1.468208,1.424958,1.480792,25
0,64,64,ql_share,1,1.597750,1.576000,1.663041,25
0,64,64,cpu,1,0.739375,0.727250,0.764041,25
0,64,64,tg_vals,1,2.948834,2.925500,2.984459,25
0,64,64,block_vals,1,3.746792,3.644542,3.786750,25
0,64,64,ql_vals,1,1.165958,1.155500,1.209250,25
0,64,64,ql_share_vals,1,1.282958,1.266208,1.324000,25
0,64,64,cpu_vals,1,0.340959,0.334083,0.596625,25
0,2048,8,simd,1,0.405417,0.387833,0.932459,25
0,2048,8,tg,1,0.381917,0.378792,0.386792,25
0,2048,8,ql,1,0.395625,0.389791,0.398708,25
0,2048,8,ql_share,1,0.466292,0.458250,0.477666,25
0,2048,8,cpu,1,0.448042,0.441000,0.466791,25
0,2048,8,simd_vals,1,0.329250,0.325250,0.333333,25
0,2048,8,tg_vals,1,0.336542,0.326500,0.338500,25
0,2048,8,ql_vals,1,0.304792,0.296917,0.305791,25
0,2048,8,ql_share_vals,1,0.341500,0.331667,0.359167,25
0,2048,8,cpu_vals,1,0.299125,0.254375,0.557583,25
0,256,128,tg,1,95.454250,92.357792,95.844125,5
0,256,128,block,1,42.536333,42.441958,42.587708,5
0,256,128,cpu,1,10.476916,10.367313,10.648125,15
0,256,128,tridiag,1,334.144500,333.324833,334.497167,3
0,256,128,tg_vals,1,83.487542,82.956125,84.058875,5
0,256,128,block_vals,1,33.846000,33.766750,33.984292,5
0,256,128,cpu_vals,1,5.563500,5.291667,5.622250,25
0,256,128,tridiag_vals,1,259.168875,259.024958,259.547750,5
0,256,2,simd,1,0.165958,0.149542,0.197000,25
0,256,2,tg,1,0.167584,0.162917,0.173125,25
0,256,2,ql,1,0.162292,0.151041,0.165292,25
0,256,2,ql_share,1,0.260875,0.250125,0.282500,25
0,256,2,cpu,1,0.100334,0.095500,0.101750,25
0,256,2,simd_vals,1,0.143500,0.133875,0.157084,25
0,256,2,tg_vals,1,0.144333,0.137959,0.162292,25
0,256,2,ql_vals,1,0.138500,0.134333,0.143875,25
0,256,2,ql_share_vals,1,0.219166,0.177791,0.245916,25
0,256,2,cpu_vals,1,0.047708,0.045209,0.048042,25
0,512,192,block,1,280.833958,280.746958,281.238458,5
0,512,192,cpu,1,46.258833,46.185459,46.851458,5
0,512,192,block_vals,1,220.797541,220.664792,221.032750,5
0,512,192,cpu_vals,1,23.866000,23.594417,24.019042,7
0,128,32,simd,1,1.846959,1.837875,1.892500,25
0,128,32,tg,1,0.992166,0.962542,1.015750,25
0,128,32,block,1,3.050167,3.025000,3.097041,25
0,128,32,ql,1,0.593625,0.585833,0.597834,25
0,128,32,ql_share,1,0.691958,0.687708,0.702458,25
0,128,32,cpu,1,0.410417,0.407125,0.436292,25
0,128,32,simd_vals,1,1.628000,1.615500,1.634750,25
0,128,32,tg_vals,1,0.908084,0.887625,0.945375,25
0,128,32,block_vals,1,2.955417,2.923708,3.039583,25
0,128,32,ql_vals,1,0.434792,0.426959,0.457000,25
0,128,32,ql_share_vals,1,0.543542,0.523834,0.559417,25
0,128,32,cpu_vals,1,0.211625,0.194875,0.222750,25
0,1024,32,simd,1,5.165541,5.131666,5.265417,25
0,1024,32,tg,1,4.655000,4.636334,4.684291,25
0,1024,32,block,1,6.494000,6.380937,6.543198,24
0,1024,32,ql,1,1.714375,1.688042,1.745583,25
0,1024,32,ql_share,1,1.582375,1.544917,1.620250,25
0,1024,32,cpu,1,3.937000,3.002792,4.561458,25
0,1024,32,simd_vals,1,4.513834,4.499458,4.551250,25
0,1024,32,tg_vals,1,3.989959,3.966708,4.048667,25
0,1024,32,block_vals,1,6.072458,6.011250,6.111458,25
0,1024,32,ql_vals,1,1.069292,1.025625,1.081167,25
0,1024,32,ql_share_vals,1,1.040458,1.032166,1.076500,25
0,1024,32,cpu_vals,1,1.497792,1.004083,1.544500,25
1,4,2,simd,1,0.161958,0.152083,0.197458,25
1,4,2,tg,1,0.161500,0.153959,0.190333,25
1,4,2,ql,1,0.158375,0.148375,0.166666,25
1,4,2,cpu,1,0.005958,0.005375,0.008250,25
1,4,2,simd_vals,1,0.156792,0.141542,0.220417,25
1,4,2,tg_vals,1,0.158042,0.144042,0.170041,25
1,4,2,ql_vals,1,0.151167,0.140416,0.157292,25
1,4,2,cpu_vals,1,0.005000,0.004375,0.006292,25
1,1024,8,simd,1,0.289250,0.283667,0.302083,25
1,1024,8,tg,1,0.276625,0.271625,0.286916,25
1,1024,8,ql,1,0.286667,0.284042,0.291792,25
1,1024,8,ql_share,1,0.368125,0.364333,0.373542,25
1,1024,8,cpu,1,0.283500,0.277875,0.288125,25
1,1024,8,simd_vals,1,0.270459,0.267792,0.275417,25
1,1024,8,tg_vals,1,0.254625,0.250583,0.261083,25
1,1024,8,ql_vals,1,0.234875,0.231334,0.239875,25
1,1024,8,ql_share_vals,1,0.342541,0.335041,0.358916,25
1,1024,8,cpu_vals,1,0.201667,0.173625,0.262625,25
1,4096,12,simd,1,1.465834,1.440334,1.784333,25
1,4096,12,tg,1,1.448083,1.434209,1.456459,25
1,4096,12,ql,1,1.128750,1.093875,1.143500,25
1,4096,12,ql_share,1,0.983291,0.972459,1.022458,25
1,4096,12,cpu,1,1.518541,1.514875,1.530083,25
1,4096,12,simd_vals,1,1.234416,1.227084,1.250875,25
1,4096,12,tg_vals,1,1.231333,1.206291,1.239709,25
1,4096,12,ql_vals,1,0.780542,0.738708,0.790417,25
1,4096,12,ql_share_vals,1,0.679542,0.668167,0.694875,25
1,4096,12,cpu_vals,1,0.737334,0.717000,0.767875,25
1,2,512,tg,1,482.003666,481.980145,482.278292,3
1,2,512,block,1,36.186083,36.010458,36.255084,5
1,2,512,cpu,1,9.082084,9.006833,9.180042,17
1,2,512,tridiag,1,13.309646,13.068511,13.520083,12
1,2,512,tg_vals,1,444.452875,444.396625,444.462813,3
1,2,512,block_vals,1,33.026958,33.025958,33.095250,5
1,2,512,cpu_vals,1,4.414000,4.382459,4.439000,25
1,2,512,tridiag_vals,1,9.808521,9.784844,9.833333,16
1,2,512,band_vals,1,12.530708,12.497531,12.646489,12
1,1024,192,block,1,554.134541,553.797104,554.197104,3
1,1024,192,cpu,1,86.871167,86.493750,87.509375,5
1,1024,192,block_vals,1,434.448958,434.099208,434.637604,3
1,1024,192,cpu_vals,1,45.571792,45.296292,46.059792,5
1,2048,192,block,1,1104.017666,1103.259229,1111.375770,3
1,2048,192,cpu,1,168.305667,168.030625,168.987083,5
1,2048,192,block_vals,1,856.161833,855.834604,856.177000,3
1,2048,192,cpu_vals,1,88.886000,86.966917,90.210792,5
1,2,16,simd,1,0.721583,0.667709,1.114417,25
1,2,16,tg,1,0.234666,0.231500,0.237375,25
1,2,16,ql,1,0.259666,0.253458,0.264833,25
1,2,16,cpu,1,0.020458,0.019584,0.021208,25
1,2,16,simd_vals,1,0.325792,0.313958,0.329792,25
1,2,16,tg_vals,1,0.225167,0.212625,0.231709,25
1,2,16,ql_vals,1,0.219584,0.210167,0.228125,25
1,2,16,cpu_vals,1,0.010125,0.009791,0.010292,25
1,4096,128,block,1,681.002208,680.700374,681.262208,3
1,4096,128,cpu,1,147.628125,146.548000,147.750750,5
1,4096,128,block_vals,1,551.242291,551.022541,551.977979,3
1,4096,128,cpu_vals,1,78.371708,77.605084,81.420583,5
1,32,32,simd,1,1.770125,1.751125,1.839583,25
1,32,32,tg,1,0.430250,0.422667,0.440125,25
1,32,32,block,1,2.778708,2.729125,2.792958,25
1,32,32,ql,1,0.534667,0.518375,0.544000,25
1,32,32,cpu,1,0.179834,0.169709,0.186625,25
1,32,32,simd_vals,1,1.580125,1.557125,1.590000,25
1,32,32,tg_vals,1,0.398916,0.390667,0.406458,25
1,32,32,block_vals,1,2.741958,2.680250,2.763500,25
1,32,32,ql_vals,1,0.386208,0.381584,0.408167,25
1,32,32,cpu_vals,1,0.127167,0.113042,0.215416,25
1,16,12,simd,1,0.257334,0.242916,0.264750,25
1,16,12,tg,1,0.199959,0.191916,0.209458,25
1,16,12,ql,1,0.208125,0.202250,0.219916,25
1,16,12,cpu,1,0.053583,0.042375,0.083542,25
1,16,12,simd_vals,1,0.248125,0.232916,0.253083,25
1,16,12,tg_vals,1,0.188500,0.183625,0.205625,25
1,16,12,ql_vals,1,0.181167,0.175833,0.196125,25
1,16,12,cpu_vals,1,0.039375,0.039250,0.040125,25
1,1,192,tg,1,24.592750,24.591479,24.710563,7
1,1,192,block,1,8.785313,8.733073,8.935312,18
1,1,192,cpu,1,1.181958,1.165333,1.211250,25
1,1,192,tridiag,1,2.548042,2.528875,2.577750,25
1,1,192,tg_vals,1,23.157625,23.149104,23.164917,7
1,1,192,block_vals,1,8.563250,8.498615,8.714250,18
1,1,192,cpu_vals,1,0.588292,0.585000,0.592583,25
1,1,192,tridiag_vals,1,1.833916,1.821416,1.846292,25
1,2,96,tg,1,3.641541,3.630417,3.648541,25
1,2,96,block,1,4.783500,4.690375,4.924167,25
1,2,96,cpu,1,0.309667,0.308291,0.312750,25
1,2,96,tg_vals,1,3.304708,3.285000,3.322666,25
1,2,96,block_vals,1,4.608125,4.516833,4.678541,25
1,2,96,cpu_vals,1,0.162792,0.162167,0.165042,25
1,2048,24,simd,1,4.050917,4.019542,4.114833,25
1,2048,24,tg,1,4.025417,3.965542,4.060083,25
1,2048,24,ql,1,1.796750,1.775958,1.818917,25
1,2048,24,ql_share,1,1.680417,1.662084,1.704125,25
1,2048,24,cpu,1,3.394166,2.982208,3.468959,25
1,2048,24,simd_vals,1,3.371375,3.353042,3.447708,25
1,2048,24,tg_vals,1,3.358500,3.327292,3.388875,25
1,2048,24,ql_vals,1,1.120209,1.093458,1.144167,25
1,2048,24,ql_share_vals,1,0.961834,0.939125,0.990459,25
1,2048,24,cpu_vals,1,1.606917,1.527125,1.633291,25
1,128,12,simd,1,0.286709,0.278125,0.310458,25
1,128,12,tg,1,0.235416,0.229000,0.240875,25
1,128,12,ql,1,0.232792,0.229083,0.236959,25
1,128,12,ql_share,1,0.338833,0.332208,0.346250,25
1,128,12,cpu,1,0.138709,0.135084,0.144291,25
1,128,12,simd_vals,1,0.252291,0.245792,0.260166,25
1,128,12,tg_vals,1,0.199167,0.190458,0.212417,25
1,128,12,ql_vals,1,0.184625,0.178000,0.205584,25
1,128,12,ql_share_vals,1,0.261792,0.251083,0.268084,25
1,128,12,cpu_vals,1,0.125458,0.095666,0.280542,25
1,1,2048,block,1,601.533500,601.316750,601.702500,3
1,1,2048,cpu,1,234.094958,233.250416,234.173000,5
1,1,2048,tridiag,1,91.782375,91.228583,91.891167,5
1,1,2048,block_vals,1,421.187167,421.042792,421.728625,3
1,1,2048,cpu_vals,1,82.441334,82.404625,82.475792,5
1,1,2048,tridiag_vals,1,39.775750,39.728584,39.786875,5
1,1,2048,band_vals,1,47.781916,47.487709,48.470625,5
1,1,1024,block,1,102.649083,102.413541,103.129167,5
1,1,1024,cpu,1,40.118250,40.044875,40.151333,5
1,1,1024,tridiag,1,24.901625,24.813646,25.082104,7
1,1,1024,block_vals,1,91.202792,91.091083,91.213375,5
1,1,1024,cpu_vals,1,18.315459,18.271458,18.340333,9
1,1,1024,tridiag_vals,1,12.498729,12.480166,12.527365,12
1,1,1024,band_vals,1,16.541770,16.442042,16.594906,10
1,32,24,simd,1,0.806125,0.762708,0.841750,25
1,32,24,tg,1,0.298917,0.295500,0.305542,25
1,32,24,ql,1,0.393917,0.389833,0.401458,25
1,32,24,cpu,1,0.144250,0.136292,0.148500,25
1,32,24,simd_vals,1,0.754167,0.716042,0.776584,25
1,32,24,tg_vals,1,0.289166,0.285459,0.292167,25
1,32,24,ql_vals,1,0.317916,0.313792,0.322041,25
1,32,24,cpu_vals,1,0.104875,0.082916,0.233667,25
1,4096,8,simd,1,0.571584,0.559167,0.687291,25
1,4096,8,tg,1,0.569000,0.561542,0.577375,25
1,4096,8,ql,1,0.594583,0.588000,0.617750,25
1,4096,8,ql_share,1,0.666875,0.643083,0.690291,25
1,4096,8,cpu,1,0.796583,0.754792,0.834166,25
1,4096,8,simd_vals,1,0.488708,0.480250,0.527167,25
1,4096,8,tg_vals,1,0.483333,0.477375,0.487541,25
1,4096,8,ql_vals,1,0.425625,0.419042,0.464959,25
1,4096,8,ql_share_vals,1,0.485375,0.429750,0.554792,25
1,4096,8,cpu_vals,1,0.421875,0.416000,0.579250,25
1,256,192,tg,1,548.135625,547.893833,548.791104,3
1,256,192,block,1,141.666625,141.368125,142.157250,5
1,256,192,cpu,1,23.218583,23.160208,23.712104,7
1,256,192,tridiag,1,508.889167,508.129417,509.083167,3
1,256,192,tg_vals,1,268.005125,266.038500,280.803125,5
1,256,192,block_vals,1,107.557959,107.533208,107.649916,5
1,256,192,cpu_vals,1,11.704208,11.616042,11.816000,13
1,256,192,tridiag_vals,1,402.904875,402.818041,403.737125,3
1,256,8,simd,1,0.200292,0.197125,0.208334,25
1,256,8,tg,1,0.203875,0.197166,0.207042,25
1,256,8,ql,1,0.201542,0.198708,0.204291,25
1,256,8,ql_share,1,0.316917,0.309000,0.356042,25
1,256,8,cpu,1,0.133875,0.132458,0.136875,25
1,256,8,simd_vals,1,0.185583,0.165167,0.193916,25
1,256,8,tg_vals,1,0.183875,0.165208,0.189458,25
1,256,8,ql_vals,1,0.155291,0.149125,0.159375,25
1,256,8,ql_share_vals,1,0.258583,0.239750,0.276583,25
1,256,8,cpu_vals,1,0.100833,0.094667,0.254708,25
1,1024,24,simd,1,2.402416,2.391792,2.431625,25
1,1024,24,tg,1,2.206708,2.185292,2.242209,25
1,1024,24,ql,1,1.092500,1.049125,1.108000,25
1,1024,24,ql_share,1,1.077834,1.057750,1.100083,25
1,1024,24,cpu,1,1.541792,1.522125,1.603833,25
1,1024,24,simd_vals,1,2.089583,2.072708,2.114833,25
1,1024,24,tg_vals,1,1.883459,1.855000,1.900292,25
1,1024,24,ql_vals,1,0.746792,0.680875,0.769500,25
1,1024,24,ql_share_vals,1,0.817750,0.687125,0.830416,25
1,1024,24,cpu_vals,1,0.613125,0.594292,0.633834,25
1,16,256,tg,1,84.999417,84.798500,85.186459,5
1,16,256,block,1,20.658396,20.631511,20.700573,8
1,16,256,cpu,1,3.823750,3.545834,3.858125,25
1,16,256,tridiag,1,42.129417,42.080750,42.130584,5
1,16,256,tg_vals,1,61.313250,61.289417,61.335333,5
1,16,256,block_vals,1,18.144500,18.129708,18.420041,9
1,16,256,cpu_vals,1,1.603250,1.543000,2.105708,25
1,16,256,tridiag_vals,1,34.649625,34.632167,34.720167,5
1,2,384,tg,1,203.433666,203.431291,203.484042,5
1,2,384,block,1,21.938667,21.807958,21.970146,7
1,2,384,cpu,1,4.397917,4.368209,4.427750,25
1,2,384,tridiag,1,9.111458,9.101125,9.159542,17
1,2,384,tg_vals,1,190.536166,190.478500,190.552792,5
1,2,384,block_vals,1,20.469521,20.334281,20.633177,8
1,2,384,cpu_vals,1,2.446917,2.433458,2.452792,25
1,2,384,tridiag_vals,1,7.472958,7.443177,7.582125,20
1,2,32,simd,1,1.730833,1.709541,1.745542,25
1,2,32,tg,1,0.356083,0.340500,0.360667,25
1,2,32,block,1,2.862125,2.755458,2.935666,25
1,2,32,ql,1,0.526375,0.512125,0.537917,25
1,2,32,cpu,1,0.044792,0.044250,0.049958,25
1,2,32,simd_vals,1,1.576458,1.552791,1.594708,25
1,2,32,tg_vals,1,0.332834,0.325292,0.346709,25
1,2,32,block_vals,1,2.975833,2.802791,3.106375,25
1,2,32,ql_vals,1,0.415709,0.382084,0.467167,25
1,2,32,cpu_vals,1,0.025750,0.025167,0.028666,25
1,1024,16,simd,1,0.875167,0.840000,0.893584,25
1,1024,16,tg,1,0.858416,0.808542,0.881042,25
1,1024,16,ql,1,0.579291,0.575958,0.600083,25
1,1024,16,ql_share,1,0.776833,0.741250,0.837667,25
1,1024,16,cpu,1,0.731375,0.704208,0.774584,25
1,1024,16,simd_vals,1,0.803958,0.749583,0.824291,25
1,1024,16,tg_vals,1,0.749166,0.714333,0.784958,25
1,1024,16,ql_vals,1,0.415708,0.408083,0.440959,25
1,1024,16,ql_share_vals,1,0.373125,0.366458,0.388500,25
1,1024,16,cpu_vals,1,0.358167,0.326875,0.576375,25
1,256,48,tg,1,4.312666,4.279500,4.417750,25
1,256,48,block,1,7.633271,7.543844,7.732261,20
1,256,48,ql,1,1.719750,1.700167,1.732583,25
1,256,48,ql_share,1,1.112250,1.092584,1.212458,25
1,256,48,cpu,1,1.557458,1.508833,1.587666,25
1,256,48,tg_vals,1,3.755375,3.729125,3.784583,25
1,256,48,block_vals,1,7.179041,7.120333,7.239541,21
1,256,48,ql_vals,1,1.303750,1.261209,1.309208,25
1,256,48,ql_share_vals,1,0.870167,0.860875,0.887791,25
1,256,48,cpu_vals,1,0.724291,0.695042,0.742584,25
1,512,4,simd,1,0.190916,0.186167,0.205459,25
1,512,4,tg,1,0.195500,0.189083,0.197875,25
1,512,4,ql,1,0.180500,0.173958,0.185583,25
1,512,4,ql_share,1,0.298292,0.289500,0.315375,25
1,512,4,cpu,1,0.131167,0.116792,0.174083,25
1,512,4,simd_vals,1,0.169917,0.154042,0.173708,25
1,512,4,tg_vals,1,0.170041,0.156667,0.177375,25
1,512,4,ql_vals,1,0.156291,0.149625,0.162167,25
1,512,4,ql_share_vals,1,0.291875,0.275042,0.304500,25
1,512,4,cpu_vals,1,0.086000,0.079875,0.236875,25
1,8,96,tg,1,3.664708,3.638708,3.677250,25
1,8,96,block,1,4.903834,4.730916,5.002041,25
1,8,96,cpu,1,0.444292,0.399000,0.457791,25
1,8,96,tg_vals,1,3.318083,3.296792,3.328833,25
1,8,96,block_vals,1,4.720166,4.585750,4.880208,25
1,8,96,cpu_vals,1,0.281791,0.275709,0.288791,25
1,128,16,simd,1,0.367042,0.358083,0.374250,25
1,128,16,tg,1,0.277917,0.273041,0.285958,25
1,128,16,ql,1,0.283583,0.276792,0.289292,25
1,128,16,ql_share,1,0.376208,0.372791,0.391416,25
1,128,16,cpu,1,0.181209,0.171625,0.192209,25
1,128,16,simd_vals,1,0.327958,0.315625,0.334791,25
1,128,16,tg_vals,1,0.255208,0.243125,0.262417,25
1,128,16,ql_vals,1,0.228208,0.213416,0.233875,25
1,128,16,ql_share_vals,1,0.338083,0.334958,0.341250,25
1,128,16,cpu_vals,1,0.144250,0.130542,0.456959,25
1,8,192,tg,1,27.869124,27.850052,27.897448,6
1,8,192,block,1,9.892250,9.873073,9.963125,16
1,8,192,cpu,1,1.486375,1.475709,1.527708,25
1,8,192,tridiag,1,16.069709,15.975573,16.093927,10
1,8,192,tg_vals,1,25.822875,25.818542,25.836334,6
1,8,192,block_vals,1,9.435937,9.371302,9.557854,16
1,8,192,cpu_vals,1,0.802250,0.779375,0.855750,25
1,8,192,tridiag_vals,1,12.824751,12.770792,12.888302,12
1,32,2,simd,1,0.162458,0.154625,0.167209,25
1,32,2,tg,1,0.157083,0.142667,0.175333,25
1,32,2,ql,1,0.158333,0.146459,0.170834,25
1,32,2,cpu,1,0.017334,0.017042,0.018334,25
1,32,2,simd_vals,1,0.139750,0.134333,0.148917,25
1,32,2,tg_vals,1,0.142583,0.133209,0.152625,25
1,32,2,ql_vals,1,0.140625,0.133500,0.150833,25
1,32,2,cpu_vals,1,0.009708,0.009542,0.010042,25
1,16,2,simd,1,0.143916,0.135625,0.152958,25
1,16,2,tg,1,0.141875,0.135042,0.161458,25
1,16,2,ql,1,0.142375,0.135209,0.156667,25
1,16,2,cpu,1,0.008583,0.008459,0.008916,25
1,16,2,simd_vals,1,0.150125,0.143541,0.159125,25
1,16,2,tg_vals,1,0.139125,0.134125,0.148042,25
1,16,2,ql_vals,1,0.137791,0.132875,0.142875,25
1,16,2,cpu_vals,1,0.005291,0.005208,0.005458,25
1,4,1536,block,1,1008.326000,1008.192980,1008.995187,3
1,4,1536,cpu,1,122.839958,121.656500,125.390834,5
1,4,1536,tridiag,1,130.079208,129.821375,130.933125,5
1,4,1536,block_vals,1,645.889833,645.876354,645.898354,3
1,4,1536,cpu_vals,1,56.708417,56.692250,57.322291,5
1,4,1536,tridiag_vals,1,86.917584,86.727500,87.156083,5
1,4,1536,band_vals,1,87.335583,87.125667,87.338458,5
1,4,1024,block,1,263.190875,262.965625,263.446875,5
1,4,1024,cpu,1,49.596166,49.489625,49.764459,5
1,4,1024,tridiag,1,63.634666,63.632458,63.979667,5
1,4,1024,block_vals,1,173.629583,173.590916,173.640000,5
1,4,1024,cpu_vals,1,23.411875,23.370979,23.656292,7
1,4,1024,tridiag_vals,1,44.941958,44.939292,45.033084,5
1,4,1024,band_vals,1,52.519834,52.475125,52.772417,5
1,16,24,simd,1,0.819917,0.794375,0.835041,25
1,16,24,tg,1,0.294666,0.290375,0.298000,25
1,16,24,ql,1,0.396917,0.387666,0.410125,25
1,16,24,cpu,1,0.103625,0.098917,0.133584,25
1,16,24,simd_vals,1,0.751584,0.715208,0.774667,25
1,16,24,tg_vals,1,0.284833,0.279834,0.290833,25
1,16,24,ql_vals,1,0.323209,0.316584,0.327500,25
1,16,24,cpu_vals,1,0.117583,0.059042,0.121458,25
1,1,768,block,1,61.435500,61.289208,61.436334,5
1,1,768,cpu,1,18.342583,18.170000,18.694625,9
1,1,768,tridiag,1,16.025042,15.656906,16.097427,10
1,1,768,block_vals,1,56.227792,56.212750,56.350166,5
1,1,768,cpu_vals,1,9.827375,9.804323,9.851250,16
1,1,768,tridiag_vals,1,8.569626,8.549042,8.598187,18
1,1,768,band_vals,1,12.087917,11.970500,12.116584,13
1,2048,48,tg,1,30.615000,30.321834,30.638583,5
1,2048,48,block,1,45.111333,44.982083,45.120917,5
1,2048,48,ql,1,8.955209,8.926709,9.021083,17
1,2048,48,ql_share,1,6.339125,6.163709,6.488729,23
1,2048,48,cpu,1,11.807000,11.676708,12.146459,13
1,2048,48,tg_vals,1,26.002750,25.990104,26.061302,6
1,2048,48,block_vals,1,40.096125,39.985166,40.157708,5
1,2048,48,ql_vals,1,6.274833,6.243625,6.315625,24
1,2048,48,ql_share_vals,1,3.555791,3.519875,3.602125,25
1,2048,48,cpu_vals,1,5.368708,5.209292,5.472792,25
1,16,768,block,1,501.339250,500.850834,502.407042,3
1,16,768,cpu,1,40.270625,40.146916,40.551042,5
1,16,768,tridiag,1,149.376417,149.178042,149.499417,5
1,16,768,block_vals,1,329.561875,329.480979,330.830917,3
1,16,768,cpu_vals,1,18.248625,18.169500,18.421458,9
1,16,768,tridiag_vals,1,117.414792,117.200583,117.634125,5
1,16,768,band_vals,1,138.408250,137.955792,139.044416,5
1,2,1024,block,1,138.058583,138.024208,138.093125,5
1,2,1024,cpu,1,46.978959,46.908791,46.996500,5
1,2,1024,tridiag,1,36.670625,36.341125,36.736125,5
1,2,1024,block_vals,1,113.846833,113.721916,113.853084,5
1,2,1024,cpu_vals,1,19.106625,19.066334,19.166021,8
1,2,1024,tridiag_vals,1,23.424167,23.325271,23.670875,7
1,2,1024,band_vals,1,29.390062,29.273885,29.486833,6
1,32,4,simd,1,0.157667,0.146500,0.167792,25
1,32,4,tg,1,0.148709,0.146792,0.163791,25
1,32,4,ql,1,0.169416,0.150375,0.175375,25
1,32,4,cpu,1,0.032917,0.032209,0.033958,25
1,32,4,simd_vals,1,0.169625,0.165459,0.173250,25
1,32,4,tg_vals,1,0.158209,0.145916,0.163959,25
1,32,4,ql_vals,1,0.145542,0.141209,0.156417,25
1,32,4,cpu_vals,1,0.019666,0.019416,0.019917,25
1,1,4096,block,1,5059.805292,5058.789750,5061.337125,3
1,1,4096,cpu,1,2460.296791,2455.875146,2460.610229,3
1,1,4096,tridiag,1,437.547208,437.397104,438.050916,3
1,1,4096,block_vals,1,3449.127500,3448.309729,3450.257395,3
1,1,4096,cpu_vals,1,482.830500,481.162229,482.910708,3
1,1,4096,tridiag_vals,1,219.715417,219.533916,219.852416,5
1,1,4096,band_vals,1,166.366666,166.073250,166.389917,5
1,512,32,simd,1,2.841625,2.812375,2.866958,25
1,512,32,tg,1,2.531541,2.515458,2.550250,25
1,512,32,block,1,4.536291,4.433166,4.613083,25
1,512,32,ql,1,1.143667,1.133292,1.157666,25
1,512,32,ql_share,1,1.381375,1.358042,1.443958,25
1,512,32,cpu,1,1.266208,1.243792,1.300625,25
1,512,32,simd_vals,1,2.739000,2.730333,2.808000,25
1,512,32,tg_vals,1,2.197125,2.175541,2.229209,25
1,512,32,block_vals,1,4.226458,4.167208,4.258458,25
1,512,32,ql_vals,1,0.794834,0.764000,0.818083,25
1,512,32,ql_share_vals,1,0.543292,0.535500,0.593875,25
1,512,32,cpu_vals,1,0.586417,0.529167,0.616458,25
1,4,768,block,1,107.423375,107.224166,107.543833,5
1,4,768,cpu,1,22.318583,22.185459,23.325021,7
1,4,768,tridiag,1,41.560833,41.529625,41.575666,5
1,4,768,block_vals,1,85.536625,85.485209,85.796334,5
1,4,768,cpu_vals,1,11.624417,11.291833,12.645000,13
1,4,768,tridiag_vals,1,30.596000,30.591375,30.681542,5
1,4,768,band_vals,1,37.318583,37.023709,37.661708,5
1,2048,64,tg,1,77.399875,77.077083,77.790208,5
1,2048,64,block,1,51.065000,50.837875,51.085292,5
1,2048,64,ql,1,23.580875,23.418188,23.681959,7
1,2048,64,ql_share,1,12.420083,12.340667,12.485667,13
1,2048,64,cpu,1,20.362896,19.755750,20.687865,8
1,2048,64,tg_vals,1,65.248208,65.070750,65.486833,5
1,2048,64,block_vals,1,44.747375,44.664291,44.777250,5
1,2048,64,ql_vals,1,16.342354,16.307062,16.375542,10
1,2048,64,ql_share_vals,1,6.375979,6.117573,6.446302,24
1,2048,64,cpu_vals,1,8.293083,8.152333,8.418146,18
1,512,128,tg,1,179.850375,179.473083,185.483500,5
1,512,128,block,1,87.670667,87.369583,87.678584,5
1,512,128,cpu,1,20.481084,20.375667,20.794958,8
1,512,128,tridiag,1,668.181542,667.870396,676.842771,3
1,512,128,tg_vals,1,161.903417,161.085541,162.996500,5
1,512,128,block_vals,1,70.544709,70.296709,70.571666,5
1,512,128,cpu_vals,1,10.305125,10.147437,10.472188,15
1,512,128,tridiag_vals,1,519.919041,519.843271,520.503208,3
1,4,96,tg,1,3.647334,3.608917,3.663333,25
1,4,96,block,1,4.790042,4.720875,4.915417,25
1,4,96,cpu,1,0.333250,0.329667,0.337625,25
1,4,96,tg_vals,1,3.309291,3.299917,3.313167,25
1,4,96,block_vals,1,4.797292,4.656250,4.885000,25
1,4,96,cpu_vals,1,0.180792,0.178208,0.188125,25
1,1024,256,block,1,1291.844083,1291.631291,1293.480583,3
1,1024,256,cpu,1,169.278459,167.607500,169.391458,5
1,1024,256,block_vals,1,962.020458,961.892812,962.149208,3
1,1024,256,cpu_vals,1,79.298000,78.196958,80.290583,5
1,256,2,simd,1,0.190125,0.168208,0.214125,25
1,256,2,tg,1,0.196542,0.184500,0.203542,25
1,256,2,ql,1,0.172167,0.144458,0.199416,25
1,256,2,ql_share,1,0.257875,0.248583,0.262458,25
1,256,2,cpu,1,0.098250,0.096083,0.100125,25
1,256,2,simd_vals,1,0.141458,0.134500,0.148834,25
1,256,2,tg_vals,1,0.147750,0.138417,0.160875,25
1,256,2,ql_vals,1,0.132708,0.123291,0.150916,25
1,256,2,ql_share_vals,1,0.220458,0.215833,0.245833,25
1,256,2,cpu_vals,1,0.048292,0.048083,0.049042,25
1,16,384,tg,1,356.065667,355.928355,356.096355,3
1,16,384,block,1,55.739542,55.656583,55.754000,5
1,16,384,cpu,1,8.189833,7.787062,8.245480,19
1,16,384,tridiag,1,64.764292,64.760125,64.827291,5
1,16,384,tg_vals,1,224.520625,224.476458,224.705500,5
1,16,384,block_vals,1,46.177958,46.147584,46.228000,5
1,16,384,cpu_vals,1,4.242416,3.783542,4.322500,25
1,16,384,tridiag_vals,1,53.291875,53.259709,53.308667,5
1,8,32,simd,1,1.735334,1.702333,1.746416,25
1,8,32,tg,1,0.365375,0.360958,0.370458,25
1,8,32,block,1,2.741250,2.705750,2.823875,25
1,8,32,ql,1,0.509709,0.503916,0.531708,25
1,8,32,cpu,1,0.086750,0.085208,0.090333,25
1,8,32,simd_vals,1,1.575792,1.551833,1.584125,25
1,8,32,tg_vals,1,0.346792,0.332584,0.351042,25
1,8,32,block_vals,1,2.660500,2.597833,2.687208,25
1,8,32,ql_vals,1,0.390250,0.382084,0.412125,25
1,8,32,cpu_vals,1,0.046750,0.045625,0.064416,25
1,2,8,simd,1,0.173084,0.160167,0.180458,25
1,2,8,tg,1,0.162041,0.154917,0.219667,25
1,2,8,ql,1,0.190500,0.180083,0.232708,25
1,2,8,cpu,1,0.008375,0.008333,0.008542,25
1,2,8,simd_vals,1,0.160917,0.154584,0.205834,25
1,2,8,tg_vals,1,0.160625,0.155000,0.175583,25
1,2,8,ql_vals,1,0.158875,0.152417,0.170416,25
1,2,8,cpu_vals,1,0.005334,0.005083,0.007458,25
1,512,384,block,1,2164.767709,2164.206251,2165.094084,3
1,512,384,cpu,1,205.455125,203.123250,206.926500,5
1,512,384,block_vals,1,1540.177250,1539.854458,1543.113292,3
1,512,384,cpu_vals,1,99.991084,96.782041,102.884875,5
1,128,256,block,1,161.951916,161.717208,161.996875,5
1,128,256,cpu,1,22.704000,22.657583,23.040917,7
1,128,256,tridiag,1,335.151375,334.914688,335.397458,3
1,128,256,block_vals,1,115.709584,115.582042,115.930375,5
1,128,256,cpu_vals,1,11.008146,10.772344,11.121490,14
1,128,256,tridiag_vals,1,274.786833,274.329541,275.011042,5
1,16,512,block,1,133.027334,133.005500,133.134292,5
1,16,512,cpu,1,16.110917,15.956927,16.219927,10
1,16,512,tridiag,1,89.854959,89.712333,89.985167,5
1,16,512,block_vals,1,93.681167,93.631167,93.763667,5
1,16,512,cpu_vals,1,7.335250,7.175750,7.659708,21
1,16,512,tridiag_vals,1,71.575375,71.555333,71.674708,5
1,16,512,band_vals,1,85.358083,85.335834,85.427625,5
1,1024,96,tg,1,142.457833,141.998958,142.478708,5
1,1024,96,block,1,78.390250,78.376041,78.959667,5
1,1024,96,cpu,1,22.680250,22.523270,22.910875,7
1,1024,96,tg_vals,1,114.569583,114.120292,114.571709,5
1,1024,96,block_vals,1,66.043041,65.989875,66.075708,5
1,1024,96,cpu_vals,1,11.867209,11.814875,11.927375,13
1,4096,96,block,1,302.144500,301.812041,302.286896,3
1,4096,96,cpu,1,86.469875,85.323167,86.572792,5
1,4096,96,block_vals,1,253.317583,252.681375,253.494917,5
1,4096,96,cpu_vals,1,45.211083,44.205208,45.502209,5
1,32,192,tg,1,63.790000,63.787959,63.898292,5
1,32,192,block,1,18.502500,18.437416,18.656500,9
1,32,192,cpu,1,3.468792,3.403791,3.951875,25
1,32,192,tridiag,1,63.791792,63.676333,63.818083,5
1,32,192,tg_vals,1,42.801000,42.750625,42.824542,5
1,32,192,block_vals,1,16.388708,16.328520,16.511593,10
1,32,192,cpu_vals,1,2.236416,2.173125,2.275458,25
1,32,192,tridiag_vals,1,50.773708,50.736750,50.778250,5
1,32,128,tg,1,14.092542,14.072771,14.125854,11
1,32,128,block,1,7.992375,7.928854,8.059938,19
1,32,128,cpu,1,1.476750,1.438416,1.497917,25
1,32,128,tridiag,1,41.918042,41.869334,41.933917,5
1,32,128,tg_vals,1,12.131375,12.117625,12.143542,13
1,32,128,block_vals,1,7.272167,7.240541,7.349542,21
1,32,128,cpu_vals,1,0.752708,0.745084,0.775458,25
1,32,128,tridiag_vals,1,32.311250,32.295042,32.340917,5
1,2048,8,simd,1,0.367833,0.364375,0.384167,25
1,2048,8,tg,1,0.380125,0.376292,0.386750,25
1,2048,8,ql,1,0.395083,0.392875,0.404833,25
1,2048,8,ql_share,1,0.482083,0.477084,0.495167,25
1,2048,8,cpu,1,0.462042,0.425666,0.494125,25
1,2048,8,simd_vals,1,0.326459,0.322166,0.333291,25
1,2048,8,tg_vals,1,0.333709,0.329875,0.337459,25
1,2048,8,ql_vals,1,0.298667,0.291708,0.304084,25
1,2048,8,ql_share_vals,1,0.321750,0.316750,0.338167,25
1,2048,8,cpu_vals,1,0.259542,0.251000,0.628333,25
1,64,768,block,1,2207.373125,2192.048146,2241.330313,3
1,64,768,cpu,1,151.474625,150.965584,152.210125,5
1,64,768,tridiag,1,580.885750,580.776958,581.104542,3
1,64,768,block_vals,1,1405.345083,1404.984166,1406.805354,3
1,64,768,cpu_vals,1,57.640792,57.481750,58.122958,5
1,64,768,tridiag_vals,1,461.519709,461.455021,461.932042,3
1,64,768,band_vals,1,539.126833,538.780083,539.591709,3
1,1024,128,block,1,171.553167,171.381084,171.941584,5
1,1024,128,cpu,1,38.724250,37.984542,38.993917,5
1,1024,128,block_vals,1,141.114041,141.003708,141.304250,5
1,1024,128,cpu_vals,1,19.599646,19.518906,19.668146,8
1,512,8,simd,1,0.393292,0.349959,0.820250,25
1,512,8,tg,1,0.330583,0.324667,0.338958,25
1,512,8,ql,1,0.236667,0.233583,0.270167,25
1,512,8,ql_share,1,0.354167,0.346458,0.364750,25
1,512,8,cpu,1,0.184959,0.181917,0.196125,25
1,512,8,simd_vals,1,0.224709,0.223000,0.228500,25
1,512,8,tg_vals,1,0.216042,0.206834,0.218042,25
1,512,8,ql_vals,1,0.202083,0.189750,0.205834,25
1,512,8,ql_share_vals,1,0.335750,0.327250,0.354500,25
1,512,8,cpu_vals,1,0.135625,0.132375,0.139208,25
1,1,256,tg,1,54.999417,54.984334,55.022500,5
1,1,256,block,1,11.768458,11.701875,11.795708,13
1,1,256,cpu,1,2.242500,2.215208,2.273292,25
1,1,256,tridiag,1,3.468208,3.453750,3.484458,25
1,1,256,tg_vals,1,53.954875,53.923542,53.968125,5
1,1,256,block_vals,1,11.397792,11.330323,11.464490,14
1,1,256,cpu_vals,1,1.048709,1.047125,1.058375,25
1,1,256,tridiag_vals,1,2.533625,2.525291,2.541542,25
1,16,64,tg,1,1.271375,1.228250,1.330166,25
1,16,64,block,1,3.281750,3.238750,3.337125,25
1,16,64,ql,1,1.394708,1.349709,1.400125,25
1,16,64,cpu,1,0.297125,0.286375,0.317500,25
1,16,64,tg_vals,1,1.160291,1.131250,1.197334,25
1,16,64,block_vals,1,3.228791,3.204000,3.285125,25
1,16,64,ql_vals,1,1.136000,1.094583,1.180750,25
1,16,64,cpu_vals,1,0.176292,0.175292,0.182042,25
1,16,96,tg,1,3.693083,3.653875,3.703708,25
1,16,96,block,1,5.069292,4.933917,5.183084,25
1,16,96,cpu,1,0.517875,0.506125,0.535375,25
1,16,96,tg_vals,1,3.308083,3.282541,3.325583,25
1,16,96,block_vals,1,4.848834,4.790250,5.001125,25
1,16,96,cpu_vals,1,0.315125,0.277917,0.367583,25
1,512,256,block,1,636.262750,636.130146,636.271813,3
1,512,256,cpu,1,87.332500,86.884792,87.581375,5
1,512,256,block_vals,1,485.165875,485.018896,485.318375,3
1,512,256,cpu_vals,1,42.047375,41.305041,42.369458,5
1,4096,4,simd,1,0.807416,0.720167,1.147125,25
1,4096,4,tg,1,0.303542,0.298792,0.309292,25
1,4096,4,ql,1,0.294333,0.291875,0.296500,25
1,4096,4,ql_share,1,0.389667,0.376250,0.391875,25
1,4096,4,cpu,1,0.351208,0.346791,0.357666,25
1,4096,4,simd_vals,1,0.289167,0.285709,0.291083,25
1,4096,4,tg_vals,1,0.295667,0.288583,0.300541,25
1,4096,4,ql_vals,1,0.248416,0.246083,0.250167,25
1,4096,4,ql_share_vals,1,0.316208,0.306208,0.351916,25
1,4096,4,cpu_vals,1,0.216500,0.196250,0.250459,25
1,512,192,block,1,276.978292,276.900167,277.133292,5
1,512,192,cpu,1,44.952916,44.692042,46.148750,5
1,512,192,block_vals,1,217.658000,217.631334,217.726625,5
1,512,192,cpu_vals,1,23.001166,22.681875,23.197209,7
1,256,384,block,1,1059.347083,1059.090125,1059.889625,3
1,256,384,cpu,1,102.813209,102.614916,102.940542,5
1,256,384,block_vals,1,769.636416,769.609812,770.387770,3
1,256,384,cpu_vals,1,47.980667,47.530250,48.359125,5
1,2048,12,simd,1,0.906250,0.813792,0.922792,25
1,2048,12,tg,1,0.877625,0.817958,0.912833,25
1,2048,12,ql,1,0.622000,0.617250,0.627000,25
1,2048,12,ql_share,1,0.708000,0.691333,0.721416,25
1,2048,12,cpu,1,0.789792,0.735416,0.803042,25
1,2048,12,simd_vals,1,0.787417,0.744709,1.474084,25
1,2048,12,tg_vals,1,0.746416,0.706125,0.792125,25
1,2048,12,ql_vals,1,0.444917,0.439875,0.478375,25
1,2048,12,ql_share_vals,1,0.399750,0.389583,0.424625,25
1,2048,12,cpu_vals,1,0.400167,0.382334,0.629167,25
1,64,16,simd,1,0.486917,0.471625,0.941584,25
1,64,16,tg,1,0.251166,0.248750,0.254250,25
1,64,16,ql,1,0.278375,0.275625,0.283333,25
1,64,16,ql_share,1,0.381125,0.372208,0.385458,25
1,64,16,cpu,1,0.133667,0.129916,0.142917,25
1,64,16,simd_vals,1,0.324916,0.311459,0.332833,25
1,64,16,tg_vals,1,0.216750,0.212917,0.232125,25
1,64,16,ql_vals,1,0.233917,0.214709,0.241583,25
1,64,16,ql_share_vals,1,0.338500,0.334375,0.344917,25
1,64,16,cpu_vals,1,0.091292,0.081167,0.238458,25
1,16,8,simd,1,0.210083,0.196834,0.216000,25
1,16,8,tg,1,0.219875,0.199875,0.244750,25
1,16,8,ql,1,0.234125,0.223375,0.240584,25
1,16,8,cpu,1,0.042500,0.042167,0.042708,25
1,16,8,simd_vals,1,0.178791,0.168625,0.189667,25
1,16,8,tg_vals,1,0.180083,0.166583,0.184542,25
1,16,8,ql_vals,1,0.160167,0.156458,0.175625,25
1,16,8,cpu_vals,1,0.023542,0.023125,0.025458,25
1,2,12,simd,1,0.539458,0.450875,0.687500,25
1,2,12,tg,1,0.205291,0.198500,0.246375,25
1,2,12,ql,1,0.222291,0.208667,0.253750,25
1,2,12,cpu,1,0.016375,0.015292,0.020292,25
1,2,12,simd_vals,1,0.233042,0.221541,0.241000,25
1,2,12,tg_vals,1,0.202875,0.190417,0.206125,25
1,2,12,ql_vals,1,0.250541,0.191208,0.267125,25
1,2,12,cpu_vals,1,0.007875,0.007792,0.008042,25
1,1,384,tg,1,202.517958,202.516042,202.607834,5
1,1,384,block,1,20.220354,20.167583,20.297949,8
1,1,384,cpu,1,4.497750,4.292500,4.614250,25
1,1,384,tridiag,1,6.290167,6.141979,6.394750,24
1,1,384,tg_vals,1,190.496416,190.471375,190.500625,5
1,1,384,block_vals,1,19.668166,19.555188,19.721011,8
1,1,384,cpu_vals,1,2.375000,2.366792,2.400125,25
1,1,384,tridiag_vals,1,4.150458,4.124291,4.169042,25
1,8,12,simd,1,0.264250,0.257875,0.307292,25
1,8,12,tg,1,0.214500,0.195750,0.220459,25
1,8,12,ql,1,0.225541,0.218750,0.242834,25
1,8,12,cpu,1,0.032125,0.030875,0.037292,25
1,8,12,simd_vals,1,0.252959,0.242333,0.258458,25
1,8,12,tg_vals,1,0.209791,0.193500,0.213709,25
1,8,12,ql_vals,1,0.193583,0.182667,0.203833,25
1,8,12,cpu_vals,1,0.024459,0.020458,0.030000,25
1,128,24,simd,1,0.844500,0.782042,0.888167,25
1,128,24,tg,1,0.492708,0.488166,0.501792,25
1,128,24,ql,1,0.417250,0.413875,0.443375,25
1,128,24,ql_share,1,0.516584,0.506959,0.520458,25
1,128,24,cpu,1,0.288625,0.280875,0.318958,25
1,128,24,simd_vals,1,0.707875,0.698584,0.784000,25
1,128,24,tg_vals,1,0.447792,0.440708,0.469708,25
1,128,24,ql_vals,1,0.319541,0.310292,0.325208,25
1,128,24,ql_share_vals,1,0.422250,0.416208,0.427708,25
1,128,24,cpu_vals,1,0.165708,0.161084,0.180208,25
1,1024,32,simd,1,5.151542,5.136083,5.184875,25
1,1024,32,tg,1,4.604583,4.569958,4.634917,25
1,1024,32,block,1,6.487541,6.475375,6.566875,23
1,1024,32,ql,1,1.694958,1.624709,1.719958,25
1,1024,32,ql_share,1,1.534041,1.514458,1.561125,25
1,1024,32,cpu,1,2.639958,2.426500,3.048458,25
1,1024,32,simd_vals,1,4.583125,4.556833,4.617083,25
1,1024,32,tg_vals,1,3.943250,3.915542,3.958083,25
1,1024,32,block_vals,1,6.170917,6.113083,6.246667,25
1,1024,32,ql_vals,1,1.067375,1.055833,1.103791,25
1,1024,32,ql_share_vals,1,1.054000,1.001292,1.095583,25
1,1024,32,cpu_vals,1,1.030000,0.991000,1.519833,25
1,128,48,tg,1,2.584958,2.558791,2.601208,25
1,128,48,block,1,5.337125,5.214084,5.431166,25
1,128,48,ql,1,0.985584,0.946083,1.039042,25
1,128,48,ql_share,1,1.102375,1.055917,1.148084,25
1,128,48,cpu,1,0.821667,0.811000,0.855750,25
1,128,48,tg_vals,1,2.273417,2.244709,2.286625,25
1,128,48,block_vals,1,5.057459,4.966250,5.153375,25
1,128,48,ql_vals,1,0.775917,0.733375,0.821667,25
1,128,48,ql_share_vals,1,0.942542,0.898250,0.958875,25
1,128,48,cpu_vals,1,0.404417,0.387042,0.655208,25
1,2,24,simd,1,0.802041,0.750583,0.830000,25
1,2,24,tg,1,0.280708,0.277000,0.284833,25
1,2,24,ql,1,0.363333,0.351083,0.368750,25
1,2,24,cpu,1,0.034583,0.033292,0.035750,25
1,2,24,simd_vals,1,0.696834,0.678375,0.760416,25
1,2,24,tg_vals,1,0.258458,0.251208,0.266042,25
1,2,24,ql_vals,1,0.293833,0.283334,0.303250,25
1,2,24,cpu_vals,1,0.017542,0.017250,0.019334,25
1,2,4,simd,1,0.178041,0.149500,0.233250,25
1,2,4,tg,1,0.180875,0.157125,0.218542,25
1,2,4,ql,1,0.163291,0.150625,0.187625,25
1,2,4,cpu,1,0.004208,0.003625,0.005292,25
1,2,4,simd_vals,1,0.159042,0.154250,0.170666,25
1,2,4,tg_vals,1,0.164584,0.156709,0.208625,25
1,2,4,ql_vals,1,0.149167,0.142875,0.164209,25
1,2,4,cpu_vals,1,0.003708,0.002750,0.004000,25
1,8,1024,block,1,563.608042,563.552500,563.611854,3
1,8,1024,cpu,1,66.940625,66.160083,67.304125,5
1,8,1024,tridiag,1,118.462083,117.913250,119.175542,5
1,8,1024,block_vals,1,353.689291,353.482167,358.101687,3
1,8,1024,cpu_vals,1,26.807105,26.736740,26.961188,6
1,8,1024,tridiag_vals,1,89.140000,88.776625,89.152000,5
1,8,1024,band_vals,1,99.385666,99.155042,99.806250,5
1,64,128,tg,1,27.018625,27.013240,27.027604,6
1,64,128,block,1,12.384750,12.311875,12.421792,13
1,64,128,cpu,1,2.756125,2.741583,3.295792,25
1,64,128,tridiag,1,101.809375,87.214208,118.336292,5
1,64,128,tg_vals,1,25.082813,24.637646,25.191260,6
1,64,128,block_vals,1,11.446354,11.348261,11.580520,14
1,64,128,cpu_vals,1,1.506917,1.386667,1.951542,25
1,64,128,tridiag_vals,1,65.769000,65.527417,65.869333,5
1,128,2,simd,1,0.141875,0.136667,0.153708,25
1,128,2,tg,1,0.139291,0.134542,0.143916,25
1,128,2,ql,1,0.164583,0.157167,0.172792,25
1,128,2,ql_share,1,0.149125,0.128167,0.168125,25
1,128,2,cpu,1,0.052458,0.050375,0.052917,25
1,128,2,simd_vals,1,0.143250,0.137500,0.157000,25
1,128,2,tg_vals,1,0.138333,0.134500,0.151167,25
1,128,2,ql_vals,1,0.138667,0.132667,0.158459,25
1,128,2,ql_share_vals,1,0.127584,0.118583,0.147208,25
1,128,2,cpu_vals,1,0.028166,0.027709,0.029042,25
1,64,512,block,1,645.912583,645.317875,648.331187,3
1,64,512,cpu,1,57.890000,57.111000,58.357375,5
1,64,512,tridiag,1,351.308584,351.047250,352.320771,3
1,64,512,block_vals,1,433.854667,433.782625,436.862333,3
1,64,512,cpu_vals,1,23.978125,23.640771,24.204771,7
1,64,512,tridiag_vals,1,283.082750,283.058125,283.185958,5
1,64,512,band_vals,1,333.185292,332.711729,333.407229,3
1,1,48,tg,1,0.662416,0.644417,0.696834,25
1,1,48,block,1,3.129834,3.102250,3.170667,25
1,1,48,ql,1,0.824708,0.809750,0.867583,25
1,1,48,cpu,1,0.078375,0.076917,0.083041,25
1,1,48,tg_vals,1,0.631416,0.620333,0.654708,25
1,1,48,block_vals,1,3.102167,3.049917,3.132250,25
1,1,48,ql_vals,1,0.702458,0.688667,0.731167,25
1,1,48,cpu_vals,1,0.032250,0.032125,0.032708,25
1,16,32,simd,1,1.727334,1.713084,1.735625,25
1,16,32,tg,1,0.374083,0.369125,0.379333,25
1,16,32,block,1,2.752875,2.714708,2.840416,25
1,16,32,ql,1,0.539500,0.532583,0.556084,25
1,16,32,cpu,1,0.144125,0.141541,0.149833,25
1,16,32,simd_vals,1,1.554625,1.544083,1.599083,25
1,16,32,tg_vals,1,0.355042,0.348458,0.359959,25
1,16,32,block_vals,1,2.689084,2.625583,2.736417,25
1,16,32,ql_vals,1,0.389083,0.378166,0.432375,25
1,16,32,cpu_vals,1,0.090500,0.070875,0.190666,25
1,256,12,simd,1,0.293542,0.284917,0.298541,25
1,256,12,tg,1,0.281208,0.264000,0.290208,25
1,256,12,ql,1,0.236125,0.227417,0.240334,25
1,256,12,ql_share,1,0.378792,0.308833,0.405625,25
1,256,12,cpu,1,0.195834,0.187333,0.215000,25
1,256,12,simd_vals,1,0.248125,0.241666,0.258459,25
1,256,12,tg_vals,1,0.236041,0.227542,0.258875,25
1,256,12,ql_vals,1,0.178584,0.174625,0.187834,25
1,256,12,ql_share_vals,1,0.303542,0.265917,0.311750,25
1,256,12,cpu_vals,1,0.132875,0.128042,0.136709,25
1,128,64,tg,1,5.413083,5.391709,5.443125,25
1,128,64,block,1,5.467916,5.349125,5.536583,25
1,128,64,ql,1,2.621250,2.603625,2.638042,25
1,128,64,ql_share,1,2.793167,2.759333,2.850750,25
1,128,64,cpu,1,1.390500,1.364459,1.434875,25
1,128,64,tg_vals,1,4.765292,4.746334,4.784917,25
1,128,64,block_vals,1,5.223334,5.124750,5.288459,25
1,128,64,ql_vals,1,2.026625,2.001000,2.047500,25
1,128,64,ql_share_vals,1,2.130167,1.469958,2.163375,25
1,128,64,cpu_vals,1,0.630667,0.618208,0.644334,25
1,1,64,tg,1,1.207208,1.203375,1.222709,25
1,1,64,block,1,3.239500,3.181666,3.250834,25
1,1,64,ql,1,1.315125,1.304750,1.338834,25
1,1,64,cpu,1,0.141792,0.136209,0.143708,25
1,1,64,tg_vals,1,1.125750,1.117916,1.142250,25
1,1,64,block_vals,1,3.144208,3.125459,3.185666,25
1,1,64,ql_vals,1,1.028250,1.008959,1.044333,25
1,1,64,cpu_vals,1,0.057459,0.057208,0.058375,25
1,128,8,simd,1,0.205625,0.187542,0.260250,25
1,128,8,tg,1,0.192917,0.186917,0.202167,25
1,128,8,ql,1,0.203459,0.192709,0.247666,25
1,128,8,ql_share,1,0.337333,0.306500,0.385709,25
1,128,8,cpu,1,0.138667,0.127666,0.264125,25
1,128,8,simd_vals,1,0.182041,0.171708,0.196292,25
1,128,8,tg_vals,1,0.184959,0.174333,0.192083,25
1,128,8,ql_vals,1,0.163166,0.157084,0.178833,25
1,128,8,ql_share_vals,1,0.279042,0.268708,0.290958,25
1,128,8,cpu_vals,1,0.088167,0.077000,0.173417,25
1,4,512,tg,1,542.429417,542.363917,543.689146,3
1,4,512,block,1,44.162458,44.044375,44.380875,5
1,4,512,cpu,1,10.684458,10.279917,10.893500,14
1,4,512,tridiag,1,24.586584,24.575979,24.653062,7
1,4,512,tg_vals,1,448.452292,447.486417,448.900083,3
1,4,512,block_vals,1,39.265125,38.498667,39.648666,5
1,4,512,cpu_vals,1,5.482709,5.154750,5.807500,25
1,4,512,tridiag_vals,1,19.392063,18.953427,19.514583,8
1,4,512,band_vals,1,24.089833,23.844770,24.665063,7
1,1,96,tg,1,3.657291,3.630291,3.673000,25
1,1,96,block,1,4.793333,4.681500,4.907834,25
1,1,96,cpu,1,0.291250,0.288708,0.295000,25
1,1,96,tg_vals,1,3.305584,3.295250,3.333291,25
1,1,96,block_vals,1,4.547042,4.458291,4.699208,25
1,1,96,cpu_vals,1,0.150416,0.149666,0.151584,25
1,128,4,simd,1,0.203917,0.198750,0.221500,25
1,128,4,tg,1,0.216334,0.205083,0.242792,25
1,128,4,ql,1,0.160458,0.150458,0.175375,25
1,128,4,ql_share,1,0.259959,0.177917,0.268875,25
1,128,4,cpu,1,0.114958,0.075959,0.117708,25
1,128,4,simd_vals,1,0.151208,0.144375,0.168208,25
1,128,4,tg_vals,1,0.146875,0.143458,0.158500,25
1,128,4,ql_vals,1,0.132167,0.127666,0.145875,25
1,128,4,ql_share_vals,1,0.244583,0.218666,0.298666,25
1,128,4,cpu_vals,1,0.070334,0.068958,0.077500,25
1,2048,4,simd,1,0.444916,0.432166,0.459667,25
1,2048,4,tg,1,0.245541,0.229416,0.463083,25
1,2048,4,ql,1,0.222042,0.218250,0.235250,25
1,2048,4,ql_share,1,0.333541,0.321667,0.362333,25
1,2048,4,cpu,1,0.239666,0.233250,0.261041,25
1,2048,4,simd_vals,1,0.216125,0.206875,0.217917,25
1,2048,4,tg_vals,1,0.221875,0.211084,0.228708,25
1,2048,4,ql_vals,1,0.203125,0.184792,0.210042,25
1,2048,4,ql_share_vals,1,0.329208,0.312208,0.350541,25
1,2048,4,cpu_vals,1,0.175292,0.169625,0.178917,25
1,64,96,tg,1,11.634167,11.513667,11.871917,13
1,64,96,block,1,7.927416,7.834500,8.039500,19
1,64,96,cpu,1,1.608125,1.572000,1.630292,25
1,64,96,tg_vals,1,9.489458,9.390136,9.656135,16
1,64,96,block_vals,1,7.343375,7.298667,7.475333,21
1,64,96,cpu_vals,1,0.885959,0.874333,0.906375,25
1,1,8,simd,1,0.753792,0.197625,0.845417,25
1,1,8,tg,1,0.181375,0.177792,0.186000,25
1,1,8,ql,1,0.217250,0.185417,0.249000,25
1,1,8,cpu,1,0.006125,0.005125,0.009541,25
1,1,8,simd_vals,1,0.201709,0.177750,0.224250,25
1,1,8,tg_vals,1,0.195916,0.171458,0.230333,25
1,1,8,ql_vals,1,0.170167,0.165416,0.224542,25
1,1,8,cpu_vals,1,0.003208,0.003042,0.003833,25
1,32,96,tg,1,5.790875,5.777125,5.813875,25
1,32,96,block,1,5.218875,5.161084,5.407084,25
1,32,96,cpu,1,0.900834,0.870833,0.945334,25
1,32,96,tg_vals,1,5.211958,5.018750,5.269250,25
1,32,96,block_vals,1,5.252208,5.132375,5.384000,25
1,32,96,cpu_vals,1,0.563000,0.477042,0.608542,25
1,512,16,simd,1,0.593833,0.582250,0.738875,25
1,512,16,tg,1,0.507166,0.503041,0.525333,25
1,512,16,ql,1,0.393875,0.389709,0.399083,25
1,512,16,ql_share,1,0.521416,0.497166,0.557834,25
1,512,16,cpu,1,0.428167,0.420042,0.438958,25
1,512,16,simd_vals,1,0.521583,0.511708,0.533208,25
1,512,16,tg_vals,1,0.450000,0.441458,0.466292,25
1,512,16,ql_vals,1,0.307000,0.299292,0.310542,25
1,512,16,ql_share_vals,1,0.390417,0.370417,0.408375,25
1,512,16,cpu_vals,1,0.232875,0.215000,0.575583,25
1,256,4,simd,1,0.203458,0.164708,0.684792,25
1,256,4,tg,1,0.174166,0.167417,0.182375,25
1,256,4,ql,1,0.169250,0.158250,0.174834,25
1,256,4,ql_share,1,0.273958,0.266833,0.285458,25
1,256,4,cpu,1,0.110833,0.081958,0.222667,25
1,256,4,simd_vals,1,0.150917,0.144416,0.168833,25
1,256,4,tg_vals,1,0.166000,0.154084,0.169375,25
1,256,4,ql_vals,1,0.157667,0.146625,0.166625,25
1,256,4,ql_share_vals,1,0.273292,0.268417,0.341625,25
1,256,4,cpu_vals,1,0.131458,0.100291,0.141334,25
1,128,32,simd,1,1.847459,1.816666,1.921500,25
1,128,32,tg,1,0.992208,0.952709,1.038292,25
1,128,32,block,1,3.065250,3.030750,3.127416,25
1,128,32,ql,1,0.580666,0.574667,0.587042,25
1,128,32,ql_share,1,0.685250,0.672125,0.703000,25
1,128,32,cpu,1,0.446333,0.432875,0.471583,25
1,128,32,simd_vals,1,1.620084,1.604500,1.665708,25
1,128,32,tg_vals,1,0.892208,0.860875,0.937750,25
1,128,32,block_vals,1,2.944125,2.918916,3.041833,25
1,128,32,ql_vals,1,0.430250,0.422625,0.438583,25
1,128,32,ql_share_vals,1,0.541041,0.520792,0.564250,25
1,128,32,cpu_vals,1,0.235083,0.219709,0.278833,25
1,4,48,tg,1,0.698583,0.676125,0.753709,25
1,4,48,block,1,3.150833,3.116292,3.297791,25
1,4,48,ql,1,0.826416,0.819625,0.840000,25
1,4,48,cpu,1,0.103083,0.101542,0.108583,25
1,4,48,tg_vals,1,0.661833,0.639250,0.717958,25
1,4,48,block_vals,1,3.138792,3.100959,3.258500,25
1,4,48,ql_vals,1,0.731541,0.702791,0.782958,25
1,4,48,cpu_vals,1,0.056875,0.055125,0.066042,25
1,4,32,simd,1,1.723916,1.694666,1.756291,25
1,4,32,tg,1,0.361750,0.356875,0.366125,25
1,4,32,block,1,2.841042,2.680042,3.076416,25
1,4,32,ql,1,0.503292,0.500291,0.510083,25
1,4,32,cpu,1,0.050208,0.049791,0.054458,25
1,4,32,simd_vals,1,1.537875,1.525416,1.554666,25
1,4,32,tg_vals,1,0.343459,0.333917,0.347625,25
1,4,32,block_vals,1,3.234833,3.103583,3.391250,25
1,4,32,ql_vals,1,0.422083,0.410083,0.445000,25
1,4,32,cpu_vals,1,0.036708,0.035583,0.037583,25
1,1024,4,simd,1,0.204958,0.199833,0.210541,25
1,1024,4,tg,1,0.202292,0.194958,0.212000,25
1,1024,4,ql,1,0.197000,0.188458,0.206375,25
1,1024,4,ql_share,1,0.321083,0.313500,0.330041,25
1,1024,4,cpu,1,0.185250,0.169209,0.199125,25
1,1024,4,simd_vals,1,0.210917,0.194792,0.247834,25
1,1024,4,tg_vals,1,0.188791,0.165125,0.198000,25
1,1024,4,ql_vals,1,0.165375,0.156334,0.180875,25
1,1024,4,ql_share_vals,1,0.299583,0.282416,0.318042,25
1,1024,4,cpu_vals,1,0.134459,0.124334,0.191292,25
1,4,64,tg,1,1.243667,1.215666,1.300500,25
1,4,64,block,1,3.208333,3.186041,3.311125,25
1,4,64,ql,1,1.328291,1.318792,1.375500,25
1,4,64,cpu,1,0.166584,0.163875,0.174833,25
1,4,64,tg_vals,1,1.134667,1.124541,1.159875,25
1,4,64,block_vals,1,3.151542,3.109416,3.213792,25
1,4,64,ql_vals,1,1.041167,1.018334,1.060625,25
1,4,64,cpu_vals,1,0.079833,0.078834,0.080417,25
1,64,48,tg,1,1.644458,1.596375,1.704625,25
1,64,48,block,1,3.876500,3.764000,4.007500,25
1,64,48,ql,1,0.915792,0.891375,0.944250,25
1,64,48,ql_share,1,1.063917,1.024000,1.103084,25
1,64,48,cpu,1,0.479375,0.464792,0.505125,25
1,64,48,tg_vals,1,1.428667,1.408292,1.440042,25
1,64,48,block_vals,1,3.656375,3.605000,3.783709,25
1,64,48,ql_vals,1,0.740875,0.729833,0.777875,25
1,64,48,ql_share_vals,1,0.874292,0.849875,0.911916,25
1,64,48,cpu_vals,1,0.287625,0.247959,0.591000,25
1,1,24,simd,1,0.812542,0.780042,0.847125,25
1,1,24,tg,1,0.283625,0.262625,0.288084,25
1,1,24,ql,1,0.376750,0.362000,0.400833,25
1,1,24,cpu,1,0.022125,0.022042,0.022416,25
1,1,24,simd_vals,1,0.706083,0.697833,0.723584,25
1,1,24,tg_vals,1,0.254166,0.250458,0.263583,25
1,1,24,ql_vals,1,0.288708,0.284625,0.297250,25
1,1,24,cpu_vals,1,0.008666,0.008625,0.008709,25
1,4,16,simd,1,0.356291,0.343417,0.431167,25
1,4,16,tg,1,0.263125,0.231125,0.287583,25
1,4,16,ql,1,0.251666,0.236833,0.269750,25
1,4,16,cpu,1,0.023833,0.023292,0.025833,25
1,4,16,simd_vals,1,0.313667,0.302167,0.328708,25
1,4,16,tg_vals,1,0.228041,0.212625,0.230458,25
1,4,16,ql_vals,1,0.221833,0.208916,0.228792,25
1,4,16,cpu_vals,1,0.018958,0.016750,0.019458,25
1,1,16,simd,1,0.384334,0.369666,0.396750,25
1,1,16,tg,1,0.236042,0.228125,0.246458,25
1,1,16,ql,1,0.259625,0.251000,0.265750,25
1,1,16,cpu,1,0.010875,0.010709,0.011084,25
1,1,16,simd_vals,1,0.310333,0.305625,0.327709,25
1,1,16,tg_vals,1,0.227375,0.211458,0.232458,25
1,1,16,ql_vals,1,0.229042,0.211917,0.263708,25
1,1,16,cpu_vals,1,0.004792,0.004750,0.004958,25
1,4096,2,simd,1,0.211792,0.206459,0.319167,25
1,4096,2,tg,1,0.228166,0.222167,0.231625,25
1,4096,2,ql,1,0.220792,0.216584,0.225916,25
1,4096,2,ql_share,1,0.328708,0.317500,0.341625,25
1,4096,2,cpu,1,0.197625,0.192459,0.203708,25
1,4096,2,simd_vals,1,0.190375,0.186875,0.198083,25
1,4096,2,tg_vals,1,0.183708,0.166666,0.194875,25
1,4096,2,ql_vals,1,0.185375,0.176500,0.188292,25
1,4096,2,ql_share_vals,1,0.313583,0.304292,0.326917,25
1,4096,2,cpu_vals,1,0.136334,0.134583,0.148583,25
1,64,384,block,1,267.567167,266.371750,267.790917,5
1,64,384,cpu,1,29.590979,28.831083,30.289219,6
1,64,384,tridiag,1,267.942917,266.102709,268.479250,5
1,64,384,block_vals,1,183.748709,183.049250,183.908250,5
1,64,384,cpu_vals,1,13.607667,13.475594,13.744344,12
1,64,384,tridiag_vals,1,220.683667,219.063375,220.710958,5
1,8,4,simd,1,0.154125,0.150583,0.163958,25
1,8,4,tg,1,0.161500,0.156958,0.168417,25
1,8,4,ql,1,0.148792,0.146083,0.171125,25
1,8,4,cpu,1,0.018125,0.012083,0.020667,25
1,8,4,simd_vals,1,0.149958,0.143458,0.178125,25
1,8,4,tg_vals,1,0.149959,0.143958,0.184291,25
1,8,4,ql_vals,1,0.143667,0.140167,0.149500,25
1,8,4,cpu_vals,1,0.006292,0.005708,0.012583,25
1,16,48,tg,1,0.744791,0.694291,0.816917,25
1,16,48,block,1,3.302500,3.249458,3.398875,25
1,16,48,ql,1,0.853917,0.844375,0.862375,25
1,16,48,cpu,1,0.217083,0.214208,0.243542,25
1,16,48,tg_vals,1,0.625792,0.616584,0.639125,25
1,16,48,block_vals,1,3.227083,3.172041,3.308583,25
1,16,48,ql_vals,1,0.700917,0.687000,0.705084,25
1,16,48,cpu_vals,1,0.149208,0.145625,0.160375,25
1,256,32,simd,1,1.971417,1.923917,2.011375,25
1,256,32,tg,1,1.614500,1.591833,1.641083,25
1,256,32,block,1,3.502166,3.456833,3.543500,25
1,256,32,ql,1,0.644125,0.635084,0.656542,25
1,256,32,ql_share,1,0.789292,0.747958,0.841917,25
1,256,32,cpu,1,0.699292,0.675542,0.718791,25
1,256,32,simd_vals,1,1.707250,1.685084,1.730792,25
1,256,32,tg_vals,1,1.413167,1.396917,1.428250,25
1,256,32,block_vals,1,3.369292,3.311959,3.421542,25
1,256,32,ql_vals,1,0.441584,0.436250,0.444875,25
1,256,32,ql_share_vals,1,0.562000,0.550000,0.638750,25
1,256,32,cpu_vals,1,0.334875,0.300459,0.579334,25
1,1,12,simd,1,0.248334,0.236833,0.265542,25
1,1,12,tg,1,0.198333,0.187208,0.208625,25
1,1,12,ql,1,0.252542,0.218709,0.288875,25
1,1,12,cpu,1,0.006208,0.006125,0.006458,25
1,1,12,simd_vals,1,0.239084,0.229959,0.250458,25
1,1,12,tg_vals,1,0.200125,0.188375,0.207042,25
1,1,12,ql_vals,1,0.189625,0.180042,0.200416,25
1,1,12,cpu_vals,1,0.003167,0.003125,0.003375,25
1,2,64,tg,1,1.268542,1.237834,1.298417,25
1,2,64,block,1,3.214167,3.178167,3.306625,25
1,2,64,ql,1,1.338375,1.322083,1.358458,25
1,2,64,cpu,1,0.161833,0.160667,0.165042,25
1,2,64,tg_vals,1,1.143500,1.130250,1.160708,25
1,2,64,block_vals,1,3.142750,3.110458,3.167375,25
1,2,64,ql_vals,1,1.036666,1.024000,1.051667,25
1,2,64,cpu_vals,1,0.077167,0.075875,0.082958,25
1,128,384,block,1,543.023000,540.815458,545.885396,3
1,128,384,cpu,1,53.550250,53.207666,53.550792,5
1,128,384,tridiag,1,510.609750,507.778604,520.444771,3
1,128,384,block_vals,1,389.107375,388.903166,390.738083,3
1,128,384,cpu_vals,1,26.122042,25.935208,26.852593,6
1,128,384,tridiag_vals,1,428.539291,427.025187,431.275833,3
1,1024,64,tg,1,39.471959,39.136959,39.672208,5
1,1024,64,block,1,26.148375,25.817636,26.469302,6
1,1024,64,ql,1,12.171584,12.014750,12.433208,13
1,1024,64,ql_share,1,6.899916,6.827209,7.177448,22
1,1024,64,cpu,1,10.210500,10.133938,10.297353,15
1,1024,64,tg_vals,1,32.944917,32.802208,33.088542,5
1,1024,64,block_vals,1,22.015875,21.685333,22.740729,7
1,1024,64,ql_vals,1,8.509541,8.478906,8.556552,18
1,1024,64,ql_share_vals,1,3.394166,3.289125,4.236042,25
1,1024,64,cpu_vals,1,4.487500,4.265542,4.632708,25
1,4,256,tg,1,55.711833,55.689125,55.735959,5
1,4,256,block,1,13.153104,13.033729,13.267927,12
1,4,256,cpu,1,2.385167,2.340042,2.452125,25
1,4,256,tridiag,1,11.297250,11.097385,11.418531,14
1,4,256,tg_vals,1,54.239875,54.136458,54.250708,5
1,4,256,block_vals,1,12.306417,12.212542,12.350584,13
1,4,256,cpu_vals,1,1.141833,1.136084,1.147458,25
1,4,256,tridiag_vals,1,9.337500,9.269459,9.364958,17
1,512,12,simd,1,0.395750,0.388333,0.413708,25
1,512,12,tg,1,0.371833,0.366208,0.382916,25
1,512,12,ql,1,0.306583,0.297958,0.312875,25
1,512,12,ql_share,1,0.426833,0.421041,0.440750,25
1,512,12,cpu,1,0.288792,0.285708,0.295292,25
1,512,12,simd_vals,1,0.350917,0.344458,0.354417,25
1,512,12,tg_vals,1,0.335375,0.325708,0.338792,25
1,512,12,ql_vals,1,0.255000,0.251125,0.258209,25
1,512,12,ql_share_vals,1,0.360666,0.355125,0.385125,25
1,512,12,cpu_vals,1,0.180917,0.176417,0.191833,25
1,8,384,tg,1,238.193125,237.050542,238.319166,5
1,8,384,block,1,33.276208,33.274417,33.337667,5
1,8,384,cpu,1,6.324000,6.214751,6.564750,24
1,8,384,tridiag,1,34.280291,34.041042,34.624333,5
1,8,384,tg_vals,1,189.428167,189.422333,190.567542,5
1,8,384,block_vals,1,28.513834,28.335552,28.607396,6
1,8,384,cpu_vals,1,3.184000,3.113834,3.573625,25
1,8,384,tridiag_vals,1,28.148146,28.069531,28.409480,6
1,64,12,simd,1,0.279833,0.278209,0.296583,25
1,64,12,tg,1,0.229333,0.225917,0.231792,25
1,64,12,ql,1,0.236541,0.233792,0.240084,25
1,64,12,ql_share,1,0.328959,0.320875,0.336625,25
1,64,12,cpu,1,0.246709,0.127917,0.319375,25
1,64,12,simd_vals,1,0.244458,0.237958,0.256875,25
1,64,12,tg_vals,1,0.197500,0.192334,0.212000,25
1,64,12,ql_vals,1,0.178791,0.174833,0.190542,25
1,64,12,ql_share_vals,1,0.270000,0.262000,0.274042,25
1,64,12,cpu_vals,1,0.108250,0.083584,0.159042,25
1,4096,48,tg,1,63.771042,62.182708,64.411208,5
1,4096,48,block,1,88.368291,88.180584,89.209375,5
1,4096,48,ql,1,17.302041,17.036666,17.463083,9
1,4096,48,ql_share,1,11.994167,11.932459,12.093625,13
1,4096,48,cpu,1,23.154416,22.570605,23.627375,7
1,4096,48,tg_vals,1,51.385958,51.269083,51.513084,5
1,4096,48,block_vals,1,78.416167,76.584208,79.190500,5
1,4096,48,ql_vals,1,11.803208,11.773625,11.831208,13
1,4096,48,ql_share_vals,1,6.460187,6.430229,6.710677,22
1,4096,48,cpu_vals,1,10.335125,9.647375,10.757812,15
1,64,32,simd,1,1.764375,1.754208,1.818916,25
1,64,32,tg,1,0.603959,0.596125,0.618417,25
1,64,32,block,1,2.864625,2.824875,2.908500,25
1,64,32,ql,1,0.550500,0.547958,0.555042,25
1,64,32,ql_share,1,0.662666,0.658042,0.675625,25
1,64,32,cpu,1,0.249417,0.244166,0.291416,25
1,64,32,simd_vals,1,1.575834,1.567834,1.594791,25
1,64,32,tg_vals,1,0.541750,0.536125,0.544167,25
1,64,32,block_vals,1,2.752042,2.725750,2.789875,25
1,64,32,ql_vals,1,0.430542,0.418458,0.485209,25
1,64,32,ql_share_vals,1,0.521084,0.517416,0.529625,25
1,64,32,cpu_vals,1,0.149583,0.145750,0.152917,25
1,2,2048,block,1,1219.170166,1210.635479,1227.611000,3
1,2,2048,cpu,1,322.759167,318.884187,336.831167,3
1,2,2048,tridiag,1,137.785541,136.058542,139.904042,5
1,2,2048,block_vals,1,760.698583,757.422395,769.094396,3
1,2,2048,cpu_vals,1,106.919500,105.061667,108.611083,5
1,2,2048,tridiag_vals,1,75.202208,75.097167,75.272750,5
1,2,2048,band_vals,1,77.383083,76.230416,77.745583,5
1,1024,2,simd,1,0.195959,0.177458,0.892500,25
1,1024,2,tg,1,0.181167,0.177375,0.186042,25
1,1024,2,ql,1,0.167708,0.158000,0.172459,25
1,1024,2,ql_share,1,0.290792,0.274667,0.310833,25
1,1024,2,cpu,1,0.214625,0.114291,0.356583,25
1,1024,2,simd_vals,1,0.163000,0.150291,0.171542,25
1,1024,2,tg_vals,1,0.170000,0.160958,0.174792,25
1,1024,2,ql_vals,1,0.160542,0.151666,0.169208,25
1,1024,2,ql_share_vals,1,0.271042,0.265541,0.279084,25
1,1024,2,cpu_vals,1,0.097750,0.067750,0.154959,25
1,4,24,simd,1,0.812834,0.762542,0.839500,25
1,4,24,tg,1,0.289458,0.285416,0.292459,25
1,4,24,ql,1,0.391667,0.383583,0.426458,25
1,4,24,cpu,1,0.037083,0.036667,0.043167,25
1,4,24,simd_vals,1,0.724125,0.698541,0.764584,25
1,4,24,tg_vals,1,0.262750,0.253708,0.267083,25
1,4,24,ql_vals,1,0.303417,0.288875,0.307209,25
1,4,24,cpu_vals,1,0.022500,0.021584,0.024666,25
1,8,256,tg,1,62.757625,62.715833,63.142584,5
1,8,256,block,1,14.775291,14.727583,14.933916,11
1,8,256,cpu,1,2.678375,2.670334,2.696833,25
1,8,256,tridiag,1,21.088188,21.070114,21.212427,8
1,8,256,tg_vals,1,60.414083,60.346666,60.437542,5
1,8,256,block_vals,1,13.878791,13.655187,13.916396,11
1,8,256,cpu_vals,1,1.345542,1.328250,1.357375,25
1,8,256,tridiag_vals,1,17.340708,17.334458,17.350667,9
1,64,2,simd,1,0.164625,0.152083,0.172625,25
1,64,2,tg,1,0.163333,0.149667,0.169541,25
1,64,2,ql,1,0.162875,0.156042,0.164333,25
1,64,2,ql_share,1,0.147375,0.142000,0.152125,25
1,64,2,cpu,1,0.030833,0.030084,0.031709,25
1,64,2,simd_vals,1,0.143459,0.138083,0.160042,25
1,64,2,tg_vals,1,0.147209,0.140458,0.159042,25
1,64,2,ql_vals,1,0.139375,0.135333,0.146250,25
1,64,2,ql_share_vals,1,0.134917,0.132041,0.139959,25
1,64,2,cpu_vals,1,0.017584,0.017375,0.018458,25
1,4,8,simd,1,0.288958,0.282542,0.312500,25
1,4,8,tg,1,0.320750,0.306083,0.330125,25
1,4,8,ql,1,0.227833,0.190625,0.257083,25
1,4,8,cpu,1,0.019750,0.019291,0.020834,25
1,4,8,simd_vals,1,0.166459,0.161792,0.177250,25
1,4,8,tg_vals,1,0.165916,0.161916,0.179292,25
1,4,8,ql_vals,1,0.189666,0.159541,0.225458,25
1,4,8,cpu_vals,1,0.013458,0.009416,0.014750,25
1,32,768,block,1,990.281833,990.242437,990.501354,3
1,32,768,cpu,1,76.036500,74.828666,76.133875,5
1,32,768,tridiag,1,291.547000,289.984250,302.252187,3
1,32,768,block_vals,1,670.685041,670.656333,670.860353,3
1,32,768,cpu_vals,1,31.989125,31.987875,33.147208,5
1,32,768,tridiag_vals,1,229.859458,229.848542,229.896750,5
1,32,768,band_vals,1,269.992750,269.956375,270.078584,5
1,1024,12,simd,1,0.541792,0.532041,1.540750,25
1,1024,12,tg,1,0.516334,0.514459,0.519542,25
1,1024,12,ql,1,0.412583,0.410708,0.414917,25
1,1024,12,ql_share,1,0.481917,0.473917,0.490000,25
1,1024,12,cpu,1,0.455916,0.451542,0.480167,25
1,1024,12,simd_vals,1,0.461542,0.460667,0.465125,25
1,1024,12,tg_vals,1,0.461083,0.457083,0.546334,25
1,1024,12,ql_vals,1,0.318916,0.312416,0.322958,25
1,1024,12,ql_share_vals,1,0.345917,0.342500,0.384542,25
1,1024,12,cpu_vals,1,0.240459,0.223875,0.559709,25
1,16,192,tg,1,29.101104,29.079344,29.124458,6
1,16,192,block,1,11.741542,11.695542,11.822084,13
1,16,192,cpu,1,1.844041,1.819125,1.935750,25
1,16,192,tridiag,1,31.248292,31.188292,31.377917,5
1,16,192,tg_vals,1,25.734854,25.724531,25.736396,6
1,16,192,block_vals,1,10.568834,10.533354,10.711458,15
1,16,192,cpu_vals,1,1.263917,0.875666,1.461917,25
1,16,192,tridiag_vals,1,25.188333,25.183636,25.190875,6
1,256,64,tg,1,10.086584,10.007229,10.229354,15
1,256,64,block,1,8.121250,8.037188,8.197208,19
1,256,64,ql,1,3.911416,3.907458,3.922959,25
1,256,64,ql_share,1,2.886333,2.851042,3.996084,25
1,256,64,cpu,1,2.580875,2.486583,2.658333,25
1,256,64,tg_vals,1,8.516875,8.471156,8.568490,18
1,256,64,block_vals,1,7.603584,7.533740,7.661573,20
1,256,64,ql_vals,1,2.930750,2.925125,2.932709,25
1,256,64,ql_share_vals,1,2.173709,2.160250,2.251750,25
1,256,64,cpu_vals,1,1.608917,1.078208,1.690667,25
1,8,64,tg,1,1.252250,1.237042,1.284125,25
1,8,64,block,1,3.219375,3.193333,3.242750,25
1,8,64,ql,1,1.382208,1.366750,1.398375,25
1,8,64,cpu,1,0.264833,0.247333,0.272458,25
1,8,64,tg_vals,1,1.160292,1.147042,1.198000,25
1,8,64,block_vals,1,3.130459,3.119167,3.167667,25
1,8,64,ql_vals,1,1.081041,1.064167,1.109166,25
1,8,64,cpu_vals,1,0.143041,0.139167,0.158917,25
1,32,384,tg,1,780.179958,777.806854,801.235604,3
1,32,384,block,1,117.557209,117.206417,119.228500,5
1,32,384,cpu,1,14.751000,14.692021,14.881458,11
1,32,384,tridiag,1,126.922875,126.832417,126.962500,5
1,32,384,tg_vals,1,485.243875,485.024395,485.686854,3
1,32,384,block_vals,1,81.091208,80.855959,81.192834,5
1,32,384,cpu_vals,1,7.304750,6.962584,7.410584,21
1,32,384,tridiag_vals,1,104.275042,104.241750,104.293542,5
1,4,4,simd,1,0.171750,0.168042,0.213583,25
1,4,4,tg,1,0.169416,0.161250,0.195458,25
1,4,4,ql,1,0.171416,0.156625,0.220708,25
1,4,4,cpu,1,0.008833,0.008375,0.010292,25
1,4,4,simd_vals,1,0.166541,0.147584,0.211625,25
1,4,4,tg_vals,1,0.191083,0.158209,0.214167,25
1,4,4,ql_vals,1,0.159000,0.144750,0.230750,25
1,4,4,cpu_vals,1,0.006958,0.006000,0.007917,25
1,64,64,tg,1,3.281792,3.275958,3.293250,25
1,64,64,block,1,3.900750,3.824792,3.941917,25
1,64,64,ql,1,1.438958,1.416375,1.477250,25
1,64,64,ql_share,1,1.611000,1.589459,1.645083,25
1,64,64,cpu,1,0.748334,0.722875,0.767917,25
1,64,64,tg_vals,1,2.946500,2.910333,2.989417,25
1,64,64,block_vals,1,3.759042,3.646542,3.885708,25
1,64,64,ql_vals,1,1.152209,1.125333,1.158959,25
1,64,64,ql_share_vals,1,1.284416,1.258625,1.303167,25
1,64,64,cpu_vals,1,0.365042,0.334833,0.599125,25
1,64,192,tg,1,140.046041,139.816209,140.141500,5
1,64,192,block,1,31.178583,31.090208,31.263291,5
1,64,192,cpu,1,6.410833,6.269687,6.633895,24
1,64,192,tridiag,1,126.235750,126.000000,126.381583,5
1,64,192,tg_vals,1,83.728208,83.190750,85.255791,5
1,64,192,block_vals,1,27.454000,27.318271,27.566542,6
1,64,192,cpu_vals,1,3.490375,3.461958,3.511209,25
1,64,192,tridiag_vals,1,100.056083,99.973667,100.298875,5
1,1,128,tg,1,8.003417,7.997771,8.028104,19
1,1,128,block,1,5.939375,5.851500,6.007334,25
1,1,128,cpu,1,0.496292,0.490333,0.503459,25
1,1,128,tridiag,1,1.581584,1.568792,1.616208,25
1,1,128,tg_vals,1,7.249416,7.230875,7.272291,21
1,1,128,block_vals,1,5.627709,5.539334,5.799500,25
1,1,128,cpu_vals,1,0.265167,0.261625,0.266000,25
1,1,128,tridiag_vals,1,1.138208,1.131417,1.171167,25
1,8,2,simd,1,0.158208,0.144584,0.188625,25
1,8,2,tg,1,0.160792,0.148250,0.186916,25
1,8,2,ql,1,0.156125,0.145250,0.172333,25
1,8,2,cpu,1,0.004667,0.004500,0.004875,25
1,8,2,simd_vals,1,0.163834,0.153000,0.169625,25
1,8,2,tg_vals,1,0.146000,0.139291,0.162417,25
1,8,2,ql_vals,1,0.146166,0.137209,0.154500,25
1,8,2,cpu_vals,1,0.003583,0.003250,0.004000,25
1,8,48,tg,1,0.736417,0.681708,1.302250,25
1,8,48,block,1,3.205750,3.144292,3.289125,25
1,8,48,ql,1,0.916375,0.860833,0.925833,25
1,8,48,cpu,1,0.186375,0.181125,0.188333,25
1,8,48,tg_vals,1,0.685250,0.658292,0.720041,25
1,8,48,block_vals,1,3.132917,3.094250,3.186084,25
1,8,48,ql_vals,1,0.720334,0.705500,0.757458,25
1,8,48,cpu_vals,1,0.099708,0.093625,0.108166,25
1,2,768,block,1,74.044875,73.630958,74.095209,5
1,2,768,cpu,1,20.683479,20.655083,20.930000,8
1,2,768,tridiag,1,23.311583,23.219708,23.404958,7
1,2,768,block_vals,1,64.928792,64.918667,64.954208,5
1,2,768,cpu_vals,1,10.222917,10.113042,10.309000,15
1,2,768,tridiag_vals,1,15.570521,15.555240,15.604604,10
1,2,768,band_vals,1,20.206333,20.158291,20.258802,8
1,256,24,simd,1,0.944334,0.901459,0.955417,25
1,256,24,tg,1,0.851458,0.802042,0.857000,25
1,256,24,ql,1,0.450167,0.448084,0.454875,25
1,256,24,ql_share,1,0.587542,0.578042,0.665458,25
1,256,24,cpu,1,0.476291,0.466916,0.486084,25
1,256,24,simd_vals,1,0.801500,0.764042,0.829000,25
1,256,24,tg_vals,1,0.716584,0.678709,0.766666,25
1,256,24,ql_vals,1,0.336958,0.333417,0.339750,25
1,256,24,ql_share_vals,1,0.492375,0.480250,0.519417,25
1,256,24,cpu_vals,1,0.237833,0.226958,0.283458,25
1,4,128,tg,1,8.015833,7.994084,8.027729,19
1,4,128,block,1,6.033000,5.908584,6.140834,25
1,4,128,cpu,1,0.577084,0.572208,0.585000,25
1,4,128,tridiag,1,5.182417,5.162042,5.200667,25
1,4,128,tg_vals,1,7.190292,7.173875,7.197875,21
1,4,128,block_vals,1,5.911000,5.843750,5.978250,25
1,4,128,cpu_vals,1,0.297459,0.295958,0.301875,25
1,4,128,tridiag_vals,1,4.115791,4.097083,4.138084,25
1,2,48,tg,1,0.746667,0.704584,0.756792,25
1,2,48,block,1,3.295584,3.200125,3.365375,25
1,2,48,ql,1,0.924792,0.882083,0.932292,25
1,2,48,cpu,1,0.102042,0.099334,0.105958,25
1,2,48,tg_vals,1,0.720250,0.685041,0.724875,25
1,2,48,block_vals,1,3.102500,3.055875,3.125458,25
1,2,48,ql_vals,1,0.800916,0.753334,0.802791,25
1,2,48,cpu_vals,1,0.054708,0.054083,0.055417,25
1,256,16,simd,1,0.388416,0.383708,0.394041,25
1,256,16,tg,1,0.374167,0.365041,0.376917,25
1,256,16,ql,1,0.307333,0.301292,0.309958,25
1,256,16,ql_share,1,0.455583,0.449834,0.464667,25
1,256,16,cpu,1,0.254417,0.249792,0.268459,25
1,256,16,simd_vals,1,0.350041,0.343667,0.354375,25
1,256,16,tg_vals,1,0.326375,0.316458,0.330500,25
1,256,16,ql_vals,1,0.250042,0.242958,0.253666,25
1,256,16,ql_share_vals,1,0.382584,0.372959,0.399084,25
1,256,16,cpu_vals,1,0.161625,0.157541,0.163791,25
1,2,1536,block,1,468.402833,467.667250,468.614187,3
1,2,1536,cpu,1,113.666542,113.089542,114.065833,5
1,2,1536,tridiag,1,78.105792,77.702542,78.137625,5
1,2,1536,block_vals,1,300.597833,300.319313,300.776145,3
1,2,1536,cpu_vals,1,55.976042,55.367083,56.116959,5
1,2,1536,tridiag_vals,1,48.469875,48.079542,48.729500,5
1,2,1536,band_vals,1,51.321125,51.085875,51.717125,5
1,8,8,simd,1,0.174542,0.167417,0.193458,25
1,8,8,tg,1,0.185166,0.174166,0.189750,25
1,8,8,ql,1,0.181459,0.172041,0.188041,25
1,8,8,cpu,1,0.023667,0.022334,0.026250,25
1,8,8,simd_vals,1,0.183500,0.165875,0.189083,25
1,8,8,tg_vals,1,0.183417,0.164250,0.188042,25
1,8,8,ql_vals,1,0.171958,0.158167,0.177875,25
1,8,8,cpu_vals,1,0.013417,0.013250,0.013875,25
1,2048,32,simd,1,11.373833,11.237042,11.405011,14
1,2048,32,tg,1,8.878125,8.847791,8.982750,17
1,2048,32,block,1,10.318458,10.144520,10.601667,15
1,2048,32,ql,1,3.003084,2.945333,3.076084,25
1,2048,32,ql_share,1,2.717208,2.688708,2.768334,25
1,2048,32,cpu,1,5.022833,4.757625,5.111250,25
1,2048,32,simd_vals,1,7.778520,7.752083,7.813218,20
1,2048,32,tg_vals,1,7.323917,7.302166,7.352209,21
1,2048,32,block_vals,1,9.291375,9.146791,9.365792,17
1,2048,32,ql_vals,1,1.773333,1.760000,1.796042,25
1,2048,32,ql_share_vals,1,1.386958,1.356917,1.400208,25
1,2048,32,cpu_vals,1,2.076417,1.756500,2.094584,25
1,2048,128,block,1,333.929875,333.825667,334.011791,3
1,2048,128,cpu,1,77.555166,76.158084,79.875083,5
1,2048,128,block_vals,1,292.596791,275.406375,293.786459,5
1,2048,128,cpu_vals,1,39.310000,38.027625,39.912209,5
1,32,64,tg,1,1.848750,1.835083,1.866833,25
1,32,64,block,1,3.582208,3.472125,3.735583,25
1,32,64,ql,1,1.413666,1.392292,1.452792,25
1,32,64,cpu,1,0.467209,0.459166,0.477916,25
1,32,64,tg_vals,1,1.661167,1.640167,1.715958,25
1,32,64,block_vals,1,3.401417,3.351625,3.587250,25
1,32,64,ql_vals,1,1.116042,1.104875,1.148917,25
1,32,64,cpu_vals,1,0.221834,0.212417,0.267084,25
1,2048,2,simd,1,0.233708,0.204625,0.731625,25
1,2048,2,tg,1,0.191000,0.181875,0.194125,25
1,2048,2,ql,1,0.182541,0.177834,0.190084,25
1,2048,2,ql_share,1,0.315250,0.311208,0.324583,25
1,2048,2,cpu,1,0.147583,0.144042,0.163208,25
1,2048,2,simd_vals,1,0.175750,0.161459,0.178500,25
1,2048,2,tg_vals,1,0.176625,0.168250,0.180541,25
1,2048,2,ql_vals,1,0.165583,0.159000,0.177375,25
1,2048,2,ql_share_vals,1,0.297500,0.281917,0.319958,25
1,2048,2,cpu_vals,1,0.157333,0.107667,0.278084,25
1,256,256,block,1,322.774208,322.633458,322.776208,3
1,256,256,cpu,1,44.958375,44.154917,45.481584,5
1,256,256,tridiag,1,665.158917,664.532688,684.674250,3
1,256,256,block_vals,1,239.592958,239.263167,239.660625,5
1,256,256,cpu_vals,1,20.430062,20.402625,20.535469,8
1,256,256,tridiag_vals,1,547.759041,544.805062,549.191083,3
1,2048,96,tg,1,295.915834,294.334333,296.359625,5
1,2048,96,block,1,150.196833,150.166167,150.275542,5
1,2048,96,cpu,1,41.935625,41.574083,42.755625,5
1,2048,96,tg_vals,1,230.402875,229.874791,230.665208,5
1,2048,96,block_vals,1,126.660875,126.087334,126.724834,5
1,2048,96,cpu_vals,1,22.242958,22.001791,22.358583,7
1,128,96,tg,1,20.332000,20.218209,20.354584,8
1,128,96,block,1,11.514562,11.442469,11.552521,14
1,128,96,cpu,1,3.420667,2.965666,3.446208,25
1,128,96,tg_vals,1,16.045834,15.955490,16.234875,10
1,128,96,block_vals,1,10.499708,10.384979,10.531001,15
1,128,96,cpu_vals,1,2.081459,1.610583,2.114292,25
1,2,2,simd,1,0.201708,0.188167,0.216209,25
1,2,2,tg,1,0.200375,0.191000,0.211917,25
1,2,2,ql,1,0.176833,0.171291,0.194166,25
1,2,2,cpu,1,0.003209,0.002167,0.004375,25
1,2,2,simd_vals,1,0.161000,0.146667,0.191417,25
1,2,2,tg_vals,1,0.158916,0.146875,0.196250,25
1,2,2,ql_vals,1,0.146250,0.143625,0.186083,25
1,2,2,cpu_vals,1,0.002375,0.001833,0.003417,25
1,8,16,simd,1,1.092000,0.366458,1.165000,25
1,8,16,tg,1,0.232792,0.221750,0.235708,25
1,8,16,ql,1,0.266333,0.261500,0.275750,25
1,8,16,cpu,1,0.038541,0.036291,0.043084,25
1,8,16,simd_vals,1,0.312166,0.306166,0.328542,25
1,8,16,tg_vals,1,0.228417,0.218167,0.232791,25
1,8,16,ql_vals,1,0.228167,0.209208,0.234459,25
1,8,16,cpu_vals,1,0.029125,0.026666,0.030250,25
1,1,2,simd,1,0.164375,0.156708,0.208625,25
1,1,2,tg,1,0.187083,0.180459,0.204709,25
1,1,2,ql,1,0.176792,0.172167,0.184458,25
1,1,2,cpu,1,0.001292,0.001250,0.001458,25
1,1,2,simd_vals,1,0.166500,0.155833,0.196458,25
1,1,2,tg_vals,1,0.156292,0.154083,0.167500,25
1,1,2,ql_vals,1,0.151875,0.148000,0.166542,25
1,1,2,cpu_vals,1,0.001417,0.001417,0.001667,25
1,128,512,block,1,1238.782375,1238.697875,1239.184646,3
1,128,512,cpu,1,111.786917,111.554583,112.454584,5
1,128,512,tridiag,1,697.512416,696.715770,699.354104,3
1,128,512,block_vals,1,870.670666,868.135750,872.467020,3
1,128,512,cpu_vals,1,45.816417,45.474625,45.979792,5
1,128,512,tridiag_vals,1,559.654875,559.563917,559.741708,3
1,128,512,band_vals,1,663.389417,661.197938,668.431042,3
1,1024,48,tg,1,16.072000,15.394646,16.414053,10
1,1024,48,block,1,23.903000,23.161458,24.055563,7
1,1024,48,ql,1,4.857375,4.816250,4.915834,25
1,1024,48,ql_share,1,4.014333,3.720708,4.171750,25
1,1024,48,cpu,1,6.106541,5.724917,6.216167,25
1,1024,48,tg_vals,1,13.511437,13.314458,13.660271,12
1,1024,48,block_vals,1,19.893166,19.872636,19.928667,8
1,1024,48,ql_vals,1,3.445042,3.424375,3.456084,25
1,1024,48,ql_share_vals,1,2.191500,2.178083,2.209875,25
1,1024,48,cpu_vals,1,2.493291,2.421000,2.960584,25
1,32,8,simd,1,0.354209,0.345833,0.356000,25
1,32,8,tg,1,0.355542,0.345041,0.360750,25
1,32,8,ql,1,0.243500,0.240333,0.260833,25
1,32,8,cpu,1,0.081959,0.061750,0.083500,25
1,32,8,simd_vals,1,0.227209,0.212916,0.233084,25
1,32,8,tg_vals,1,0.201708,0.196250,0.214875,25
1,32,8,ql_vals,1,0.204250,0.186834,0.207459,25
1,32,8,cpu_vals,1,0.042083,0.040917,0.043167,25
1,512,96,tg,1,74.257791,73.958500,74.271834,5
1,512,96,block,1,37.757084,37.689500,37.763708,5
1,512,96,cpu,1,11.251145,11.187468,11.308948,14
1,512,96,tg_vals,1,58.132334,57.824208,58.135708,5
1,512,96,block_vals,1,31.899292,31.065208,32.257625,5
1,512,96,cpu_vals,1,5.941833,5.881541,6.064917,25
1,1,3072,block,1,2106.344666,2104.901312,2114.020729,3
1,1,3072,cpu,1,682.098875,681.250604,684.119146,3
1,1,3072,tridiag,1,217.623041,217.539208,218.575916,5
1,1,3072,block_vals,1,1324.903042,1324.348625,1325.613021,3
1,1,3072,cpu_vals,1,206.876500,206.838667,207.169709,5
1,1,3072,tridiag_vals,1,96.201959,96.135833,96.204583,5
1,1,3072,band_vals,1,89.906500,89.306958,90.126459,5
1,32,12,simd,1,0.315625,0.297375,0.726708,25
1,32,12,tg,1,0.234500,0.229417,0.242125,25
1,32,12,ql,1,0.238542,0.235542,0.248375,25
1,32,12,cpu,1,0.084667,0.074542,0.167666,25
1,32,12,simd_vals,1,0.249250,0.241709,0.257791,25
1,32,12,tg_vals,1,0.213417,0.204000,0.215209,25
1,32,12,ql_vals,1,0.189667,0.183333,0.205750,25
1,32,12,cpu_vals,1,0.076291,0.058250,0.078917,25
1,64,24,simd,1,0.847542,0.814167,1.279000,25
1,64,24,tg,1,0.371250,0.366250,0.373042,25
1,64,24,ql,1,0.398667,0.395334,0.403250,25
1,64,24,ql_share,1,0.493000,0.488417,0.498166,25
1,64,24,cpu,1,0.194959,0.188750,0.199667,25
1,64,24,simd_vals,1,0.773250,0.730875,0.777875,25
1,64,24,tg_vals,1,0.349000,0.344834,0.350750,25
1,64,24,ql_vals,1,0.327500,0.322334,0.335709,25
1,64,24,ql_share_vals,1,0.417292,0.415208,0.420625,25
1,64,24,cpu_vals,1,0.127500,0.120125,0.131792,25
1,8,128,tg,1,8.005625,7.998333,8.011000,19
1,8,128,block,1,6.275208,6.218052,6.336854,24
1,8,128,cpu,1,0.647125,0.642917,0.653917,25
1,8,128,tridiag,1,10.369667,10.350437,10.409500,15
1,8,128,tg_vals,1,7.195666,7.188375,7.199458,21
1,8,128,block_vals,1,6.083125,6.004292,6.140125,25
1,8,128,cpu_vals,1,0.367833,0.366083,0.371500,25
1,8,128,tridiag_vals,1,8.167792,8.154875,8.177625,19
1,16,128,tg,1,8.034042,8.031187,8.050646,19
1,16,128,block,1,6.659708,6.604979,6.726562,23
1,16,128,cpu,1,0.776334,0.769542,0.833291,25
1,16,128,tridiag,1,20.687500,20.676229,20.700021,8
1,16,128,tg_vals,1,7.204542,7.198833,7.205792,21
1,16,128,block_vals,1,6.345980,6.249302,6.408989,24
1,16,128,cpu_vals,1,0.417667,0.411708,0.439709,25
1,16,128,tridiag_vals,1,16.202250,16.185062,16.215802,10
1,32,48,tg,1,1.035917,0.993459,1.050709,25
1,32,48,block,1,3.370000,3.325667,3.392750,25
1,32,48,ql,1,0.918542,0.906375,0.970667,25
1,32,48,cpu,1,0.309333,0.304500,0.311917,25
1,32,48,tg_vals,1,0.901625,0.885375,0.944417,25
1,32,48,block_vals,1,3.244042,3.199292,3.295917,25
1,32,48,ql_vals,1,0.796375,0.752916,0.805291,25
1,32,48,cpu_vals,1,0.173708,0.170417,0.189167,25
1,8,768,block,1,239.013416,234.613709,241.364917,5
1,8,768,cpu,1,28.093750,27.722708,28.512448,6
1,8,768,tridiag,1,77.487708,77.175333,77.827875,5
1,8,768,block_vals,1,160.264083,159.961667,160.694041,5
1,8,768,cpu_vals,1,14.089584,13.967958,14.366771,11
1,8,768,tridiag_vals,1,59.340375,59.314833,59.563792,5
1,8,768,band_vals,1,70.802208,70.750709,70.866959,5
1,1,512,tg,1,473.693333,473.664625,473.715167,3
1,1,512,block,1,30.091417,29.996875,30.267750,5
1,1,512,cpu,1,9.091834,8.979417,9.180834,17
1,1,512,tridiag,1,8.877833,8.824375,9.077334,17
1,1,512,tg_vals,1,443.548333,443.472479,443.563979,3
1,1,512,block_vals,1,28.421791,28.278302,28.705750,6
1,1,512,cpu_vals,1,4.193458,4.164000,4.206250,25
1,1,512,tridiag_vals,1,5.391125,5.357000,5.436000,25
1,1,512,band_vals,1,7.326084,7.295042,7.372291,21
1,4,12,simd,1,0.248459,0.242458,0.262250,25
1,4,12,tg,1,0.194667,0.190083,0.205834,25
1,4,12,ql,1,0.222541,0.212250,0.265541,25
1,4,12,cpu,1,0.020041,0.019208,0.020417,25
1,4,12,simd_vals,1,0.251541,0.240750,0.258250,25
1,4,12,tg_vals,1,0.207333,0.196500,0.213334,25
1,4,12,ql_vals,1,0.197458,0.183125,0.254458,25
1,4,12,cpu_vals,1,0.016083,0.015125,0.018375,25
1,8,512,tg,1,566.927708,566.905604,566.936979,3
1,8,512,block,1,63.986208,63.801667,64.028292,5
1,8,512,cpu,1,13.090938,13.014646,13.265916,12
1,8,512,tridiag,1,46.061334,46.027416,46.090583,5
1,8,512,tg_vals,1,445.563500,445.412833,446.014895,3
1,8,512,block_vals,1,53.556166,53.396375,53.804791,5
1,8,512,cpu_vals,1,5.957459,5.771791,6.236750,25
1,8,512,tridiag_vals,1,37.890333,37.607250,38.171250,5
1,8,512,band_vals,1,44.814958,44.582833,44.979042,5
1,1,32,simd,1,1.516583,1.497084,1.528084,25
1,1,32,tg,1,0.330917,0.322875,0.337042,25
1,1,32,block,1,2.847000,2.734541,2.878416,25
1,1,32,ql,1,0.537292,0.511750,0.549667,25
1,1,32,cpu,1,0.036625,0.030042,0.036958,25
1,1,32,simd_vals,1,1.369583,1.357958,1.400125,25
1,1,32,tg_vals,1,0.323250,0.312834,0.326000,25
1,1,32,block_vals,1,2.624833,2.475250,2.784792,25
1,1,32,ql_vals,1,0.416250,0.399708,0.434209,25
1,1,32,cpu_vals,1,0.012791,0.012708,0.013166,25
1,64,8,simd,1,0.189916,0.179375,0.198000,25
1,64,8,tg,1,0.199042,0.192625,0.206167,25
1,64,8,ql,1,0.201000,0.195083,0.209791,25
1,64,8,ql_share,1,0.156833,0.139375,0.164500,25
1,64,8,cpu,1,0.080750,0.078416,0.166000,25
1,64,8,simd_vals,1,0.185125,0.162792,0.193833,25
1,64,8,tg_vals,1,0.178417,0.165959,0.189042,25
1,64,8,ql_vals,1,0.165292,0.154875,0.181875,25
1,64,8,ql_share_vals,1,0.125291,0.107708,0.139958,25
1,64,8,cpu_vals,1,0.086083,0.064667,0.090417,25
1,256,96,tg,1,37.331917,36.925708,37.493542,5
1,256,96,block,1,19.361146,19.057865,19.956802,8
1,256,96,cpu,1,5.997042,5.793000,6.371166,25
1,256,96,tg_vals,1,30.802334,30.362708,31.184833,5
1,256,96,block_vals,1,17.406167,17.282958,17.742917,9
1,256,96,cpu_vals,1,3.526708,3.197958,3.595833,25
1,2048,16,simd,1,1.387125,1.357875,1.482584,25
1,2048,16,tg,1,1.389125,1.374166,1.404959,25
1,2048,16,ql,1,0.976250,0.944583,1.013625,25
1,2048,16,ql_share,1,0.927292,0.911625,1.073625,25
1,2048,16,cpu,1,1.477041,1.416959,1.500084,25
1,2048,16,simd_vals,1,1.137625,1.127125,1.153500,25
1,2048,16,tg_vals,1,1.174458,1.141167,1.198542,25
1,2048,16,ql_vals,1,0.618625,0.612709,0.634167,25
1,2048,16,ql_share_vals,1,0.714916,0.679500,0.729917,25
1,2048,16,cpu_vals,1,0.605875,0.584958,0.636834,25
1,32,16,simd,1,0.410667,0.363125,0.994583,25
1,32,16,tg,1,0.246750,0.239625,0.255334,25
1,32,16,ql,1,0.270041,0.262584,0.276833,25
1,32,16,cpu,1,0.111958,0.092291,0.245625,25
1,32,16,simd_vals,1,0.326334,0.320000,0.333042,25
1,32,16,tg_vals,1,0.231750,0.219458,0.238083,25
1,32,16,ql_vals,1,0.219458,0.211667,0.232334,25
1,32,16,cpu_vals,1,0.120917,0.069459,0.123000,25
1,512,48,tg,1,8.123958,8.014563,8.409917,19
1,512,48,block,1,12.414833,12.311417,12.540291,13
1,512,48,ql,1,2.611666,2.579416,2.659333,25
1,512,48,ql_share,1,2.179875,2.145542,2.221042,25
1,512,48,cpu,1,3.535208,3.355708,3.602042,25
1,512,48,tg_vals,1,7.151459,7.008916,7.436333,21
1,512,48,block_vals,1,11.702125,11.330417,11.760666,13
1,512,48,ql_vals,1,1.842125,1.823042,1.935333,25
1,512,48,ql_share_vals,1,1.611583,1.092083,1.652958,25
1,512,48,cpu_vals,1,1.868667,1.448500,1.944166,25
1,4096,64,tg,1,155.620292,155.140041,157.161042,5
1,4096,64,block,1,99.296750,99.106750,100.338250,5
1,4096,64,ql,1,46.389208,46.362417,46.572375,5
1,4096,64,ql_share,1,23.530125,23.463646,23.559854,7
1,4096,64,cpu,1,39.933375,39.309167,41.083334,5
1,4096,64,tg_vals,1,132.025167,130.421583,132.301541,5
1,4096,64,block_vals,1,85.012959,84.703458,85.277792,5
1,4096,64,ql_vals,1,31.767625,31.736583,31.919250,5
1,4096,64,ql_share_vals,1,11.685000,11.318792,11.739458,13
1,4096,64,cpu_vals,1,16.902834,16.727542,17.289209,9
1,1,1536,block,1,252.955792,252.245875,253.553125,5
1,1,1536,cpu,1,100.754750,100.167417,100.909708,5
1,1,1536,tridiag,1,52.870625,52.512667,53.512792,5
1,1,1536,block_vals,1,209.124166,208.978875,209.153750,5
1,1,1536,cpu_vals,1,43.648250,43.254666,43.763250,5
1,1,1536,tridiag_vals,1,24.786416,24.660312,24.862250,7
1,1,1536,band_vals,1,30.233875,30.224208,30.621084,5
1,16,16,simd,1,0.369083,0.353750,1.038250,25
1,16,16,tg,1,0.243541,0.241209,0.246917,25
1,16,16,ql,1,0.271917,0.267042,0.275625,25
1,16,16,cpu,1,0.069750,0.061500,0.084417,25
1,16,16,simd_vals,1,0.310084,0.301000,0.321250,25
1,16,16,tg_vals,1,0.232291,0.217833,0.236750,25
1,16,16,ql_vals,1,0.230125,0.219250,0.237792,25
1,16,16,cpu_vals,1,0.060250,0.047750,0.062667,25
1,512,64,tg,1,19.823563,19.790281,19.916614,8
1,512,64,block,1,14.025334,13.936396,14.211604,11
1,512,64,ql,1,6.531917,6.501625,6.619354,23
1,512,64,ql_share,1,4.432042,4.394375,4.522000,25
1,512,64,cpu,1,5.549750,5.300500,5.742458,25
1,512,64,tg_vals,1,17.254667,17.054667,17.511667,9
1,512,64,block_vals,1,12.533062,12.459062,12.785239,12
1,512,64,ql_vals,1,4.808917,4.782834,4.838500,25
1,512,64,ql_share_vals,1,2.253959,2.204833,2.298625,25
1,512,64,cpu_vals,1,2.492000,2.037500,2.611083,25
1,256,128,tg,1,91.920459,88.394584,93.941875,5
1,256,128,block,1,43.415791,42.881708,43.428209,5
1,256,128,cpu,1,10.116167,10.027480,10.393355,15
1,256,128,tridiag,1,337.564000,334.603292,339.510771,3
1,256,128,tg_vals,1,76.287917,75.604792,76.299333,5
1,256,128,block_vals,1,34.557416,33.189916,34.743667,5
1,256,128,cpu_vals,1,5.399834,5.271375,5.616333,25
1,256,128,tridiag_vals,1,257.206208,256.860917,257.533541,5
1,64,4,simd,1,0.206459,0.194375,0.211500,25
1,64,4,tg,1,0.235708,0.217584,0.250500,25
1,64,4,ql,1,0.217000,0.147125,0.249833,25
1,64,4,ql_share,1,0.141875,0.136584,0.148625,25
1,64,4,cpu,1,0.062458,0.059417,0.063625,25
1,64,4,simd_vals,1,0.149250,0.144041,0.163500,25
1,64,4,tg_vals,1,0.148083,0.145500,0.164125,25
1,64,4,ql_vals,1,0.143625,0.140125,0.158667,25
1,64,4,ql_share_vals,1,0.121667,0.103125,0.140500,25
1,64,4,cpu_vals,1,0.035250,0.034875,0.037125,25
1,16,1024,block,1,1138.601041,1136.970833,1151.821958,3
1,16,1024,cpu,1,121.513375,120.022917,122.307208,5
1,16,1024,tridiag,1,219.631750,219.488500,219.696875,5
1,16,1024,block_vals,1,758.627916,758.259458,759.040125,3
1,16,1024,cpu_vals,1,34.824125,34.788209,35.133625,5
1,16,1024,tridiag_vals,1,171.200333,170.947375,171.236958,5
1,16,1024,band_vals,1,190.934833,190.855083,191.305041,5
1,128,192,tg,1,262.476083,262.292167,262.783000,5
1,128,192,block,1,63.818458,63.712625,63.837625,5
1,128,192,cpu,1,11.898250,11.748125,11.954750,13
1,128,192,tridiag,1,254.131958,253.706125,254.173584,5
1,128,192,tg_vals,1,151.023000,150.588875,151.427000,5
1,128,192,block_vals,1,48.261250,48.092042,48.272292,5
1,128,192,cpu_vals,1,6.057583,5.768708,6.087917,25
1,128,192,tridiag_vals,1,200.312500,199.926375,200.510083,5
1,512,24,simd,1,1.498500,1.489541,1.509792,25
1,512,24,tg,1,1.240834,1.230333,1.250041,25
1,512,24,ql,1,0.640250,0.636875,0.642084,25
1,512,24,ql_share,1,0.988666,0.956209,1.005083,25
1,512,24,cpu,1,0.804334,0.800750,0.810333,25
1,512,24,simd_vals,1,1.319167,1.306334,1.330875,25
1,512,24,tg_vals,1,1.105667,1.069333,1.113375,25
1,512,24,ql_vals,1,0.453792,0.448917,0.523959,25
1,512,24,ql_share_vals,1,0.455334,0.442667,0.472916,25
1,512,24,cpu_vals,1,0.353542,0.327291,0.560666,25
1,4096,32,simd,1,23.555250,23.485458,23.617625,7
1,4096,32,tg,1,16.440791,16.431823,16.452677,10
1,4096,32,block,1,17.565500,17.546042,17.636417,9
1,4096,32,ql,1,5.390708,5.381084,5.396000,25
1,4096,32,ql_share,1,4.531666,4.498625,4.554167,25
1,4096,32,cpu,1,9.352500,9.304958,9.477208,17
1,4096,32,simd_vals,1,14.318125,14.307188,14.346792,11
1,4096,32,tg_vals,1,14.161250,14.137291,14.217230,11
1,4096,32,block_vals,1,15.305042,15.244427,15.355521,10
1,4096,32,ql_vals,1,3.181458,3.174458,3.200750,25
1,4096,32,ql_share_vals,1,2.860583,2.767500,3.068208,25
1,4096,32,cpu_vals,1,3.456084,3.434917,3.499625,25
1,64,256,tg,1,412.638458,412.607124,413.187792,3
1,64,256,block,1,68.258542,68.213709,68.270208,5
1,64,256,cpu,1,12.424541,12.346375,12.500167,13
1,64,256,tridiag,1,169.363208,166.879792,171.058500,5
1,64,256,tg_vals,1,253.857083,252.463750,255.136417,5
1,64,256,block_vals,1,55.224208,54.513958,55.265208,5
1,64,256,cpu_vals,1,5.465000,5.441792,5.487833,25
1,64,256,tridiag_vals,1,135.348334,135.324917,135.398208,5
1,128,128,tg,1,46.429042,46.380333,46.484000,5
1,128,128,block,1,20.749229,20.722844,20.838166,8
1,128,128,cpu,1,5.583667,5.180625,5.652417,25
1,128,128,tridiag,1,165.858417,165.856833,165.917416,5
1,128,128,tg_vals,1,40.305917,40.302750,40.452375,5
1,128,128,block_vals,1,18.674833,18.626750,18.678667,9
1,128,128,cpu_vals,1,2.633834,2.581792,3.041500,25
1,128,128,tridiag_vals,1,129.050375,128.785000,129.121125,5
1,32,256,tg,1,192.688250,192.386500,193.048000,5
1,32,256,block,1,35.203958,35.106291,35.258083,5
1,32,256,cpu,1,6.654041,6.445480,6.903521,23
1,32,256,tridiag,1,83.383292,83.284084,83.405958,5
1,32,256,tg_vals,1,121.707542,121.508375,121.963208,5
1,32,256,block_vals,1,30.037417,29.963917,30.065250,5
1,32,256,cpu_vals,1,3.398291,2.913250,3.492417,25
1,32,256,tridiag_vals,1,68.046292,67.712875,68.109709,5
1,2,256,tg,1,54.978083,54.970292,54.979333,5
1,2,256,block,1,12.039708,11.960708,12.089958,13
1,2,256,cpu,1,2.099375,2.087584,2.114625,25
1,2,256,tridiag,1,5.554625,5.543542,5.574417,25
1,2,256,tg_vals,1,53.892000,53.876875,53.896792,5
1,2,256,block_vals,1,11.595209,11.532167,11.639917,13
1,2,256,cpu_vals,1,1.076834,1.074042,1.084834,25
1,2,256,tridiag_vals,1,4.619250,4.613417,4.626209,25
1,8,24,simd,1,0.825542,0.780958,0.834625,25
1,8,24,tg,1,0.293417,0.289875,0.297250,25
1,8,24,ql,1,0.390875,0.384917,0.401625,25
1,8,24,cpu,1,0.074292,0.070084,0.081042,25
1,8,24,simd_vals,1,0.779041,0.754458,0.783916,25
1,8,24,tg_vals,1,0.280042,0.277583,0.282125,25
1,8,24,ql_vals,1,0.317167,0.311375,0.331084,25
1,8,24,cpu_vals,1,0.040916,0.039459,0.042209,25
1,4,384,tg,1,218.160166,218.131041,218.219417,5
1,4,384,block,1,25.097979,24.991989,25.125312,6
1,4,384,cpu,1,5.171375,5.147125,5.190250,25
1,4,384,tridiag,1,16.910542,16.861417,16.911000,9
1,4,384,tg_vals,1,190.215500,190.205667,190.229291,5
1,4,384,block_vals,1,22.762334,22.670271,22.802750,7
1,4,384,cpu_vals,1,2.582708,2.576292,2.594541,25
1,4,384,tridiag_vals,1,13.823875,13.808500,13.829729,11
1,32,512,block,1,282.717792,282.397166,282.868000,5
1,32,512,cpu,1,30.446583,30.030917,30.593292,5
1,32,512,tridiag,1,174.676708,174.225833,174.907083,5
1,32,512,block_vals,1,182.416042,182.320292,182.540875,5
1,32,512,cpu_vals,1,13.548709,13.440208,13.804823,12
1,32,512,tridiag_vals,1,140.305167,140.284000,141.271042,5
1,32,512,band_vals,1,166.227375,166.070917,166.344083,5
1,1,4,simd,1,0.240125,0.219208,0.258375,25
1,1,4,tg,1,0.221000,0.187792,0.250583,25
1,1,4,ql,1,0.175792,0.169083,0.179791,25
1,1,4,cpu,1,0.001792,0.001667,0.001834,25
1,1,4,simd_vals,1,0.179542,0.173709,0.219292,25
1,1,4,tg_vals,1,0.176250,0.162458,0.216709,25
1,1,4,ql_vals,1,0.156583,0.151625,0.171042,25
1,1,4,cpu_vals,1,0.001750,0.001625,0.001792,25
1,2,128,tg,1,7.954750,7.950812,7.963188,19
1,2,128,block,1,5.974125,5.917291,6.059208,25
1,2,128,cpu,1,0.534292,0.532834,0.536292,25
1,2,128,tridiag,1,2.591667,2.578292,2.604625,25
1,2,128,tg_vals,1,7.194959,7.191709,7.196959,21
1,2,128,block_vals,1,5.862167,5.777250,5.927417,25
1,2,128,cpu_vals,1,0.288750,0.284917,0.291167,25
1,2,128,tridiag_vals,1,2.147166,2.144625,2.150417,25
1,4096,192,block,1,2118.055584,2116.220709,2119.621584,3
1,4096,192,cpu,1,323.664542,323.627146,334.906417,3
1,4096,192,block_vals,1,1663.687416,1662.320770,1664.889437,3
1,4096,192,cpu_vals,1,164.541708,163.583375,167.394292,5
1,4,192,tg,1,27.690584,27.686760,27.710750,6
1,4,192,block,1,9.367625,9.245375,9.406625,17
1,4,192,cpu,1,1.239209,1.231458,1.244667,25
1,4,192,tridiag,1,8.012916,7.995833,8.033854,19
1,4,192,tg_vals,1,25.722000,25.711021,25.726542,6
1,4,192,block_vals,1,9.044917,8.929209,9.094792,17
1,4,192,cpu_vals,1,0.625083,0.623500,0.628500,25
1,4,192,tridiag_vals,1,6.490604,6.487646,6.511510,24
1,4,2048,block,1,2309.693375,2309.648916,2310.226792,3
1,4,2048,cpu,1,376.800250,375.777896,387.819583,3
1,4,2048,tridiag,1,226.454584,225.829084,227.068792,5
1,4,2048,block_vals,1,1525.070750,1523.969250,1525.393334,3
1,4,2048,cpu_vals,1,111.773208,110.160292,112.154583,5
1,4,2048,tridiag_vals,1,147.343458,147.308375,147.411709,5
1,4,2048,band_vals,1,133.579375,133.337709,133.993333,5
1,2,192,tg,1,27.649062,27.620823,27.670302,6
1,2,192,block,1,9.022208,8.994791,9.089917,17
1,2,192,cpu,1,1.142708,1.133000,1.152584,25
1,2,192,tridiag,1,4.104583,4.092792,4.140083,25
1,2,192,tg_vals,1,25.714542,25.709427,25.718501,6
1,2,192,block_vals,1,8.799520,8.634906,8.837177,18
1,2,192,cpu_vals,1,0.611292,0.607417,0.615208,25
1,2,192,tridiag_vals,1,3.396209,3.355791,3.413709,25
1,16,4,simd,1,0.170291,0.166042,0.178000,25
1,16,4,tg,1,0.169250,0.156000,0.172875,25
1,16,4,ql,1,0.167541,0.152667,0.169875,25
1,16,4,cpu,1,0.018084,0.017916,0.018416,25
1,16,4,simd_vals,1,0.146625,0.144542,0.159875,25
1,16,4,tg_vals,1,0.150125,0.145917,0.167625,25
1,16,4,ql_vals,1,0.144750,0.141375,0.152250,25
1,16,4,cpu_vals,1,0.011000,0.010916,0.011125,25
1,4096,16,simd,1,2.411750,2.395208,2.426459,25
1,4096,16,tg,1,2.397625,2.385459,2.414042,25
1,4096,16,ql,1,1.647000,1.640209,1.669250,25
1,4096,16,ql_share,1,1.449167,1.441791,1.454750,25
1,4096,16,cpu,1,2.569958,2.334750,2.862042,25
1,4096,16,simd_vals,1,2.013125,2.005875,2.018541,25
1,4096,16,tg_vals,1,2.009208,2.003542,2.015209,25
1,4096,16,ql_vals,1,1.098000,1.054750,1.106125,25
1,4096,16,ql_share_vals,1,0.843167,0.827708,0.854792,25
1,4096,16,cpu_vals,1,1.095875,1.084250,1.622667,25
1,4096,24,simd,1,7.546354,7.526135,7.569959,20
1,4096,24,tg,1,7.499208,7.478708,7.503458,21
1,4096,24,ql,1,3.219583,3.214334,3.230875,25
1,4096,24,ql_share,1,2.664917,2.653250,2.688125,25
1,4096,24,cpu,1,5.851333,5.813041,5.917667,25
1,4096,24,simd_vals,1,6.297708,6.282646,6.340635,24
1,4096,24,tg_vals,1,6.252021,6.245688,6.266156,24
1,4096,24,ql_vals,1,2.006291,1.957459,2.013417,25
1,4096,24,ql_share_vals,1,1.413375,1.384208,1.435625,25
1,4096,24,cpu_vals,1,2.347458,2.094708,2.403250,25
1,512,2,simd,1,0.227083,0.209625,0.237750,25
1,512,2,tg,1,0.215875,0.197083,0.227917,25
1,512,2,ql,1,0.172500,0.146833,0.213125,25
1,512,2,ql_share,1,0.284042,0.276625,0.292125,25
1,512,2,cpu,1,0.110625,0.063167,0.177667,25
1,512,2,simd_vals,1,0.144792,0.141125,0.159416,25
1,512,2,tg_vals,1,0.143709,0.138292,0.152583,25
1,512,2,ql_vals,1,0.140917,0.138042,0.158917,25
1,512,2,ql_share_vals,1,0.226083,0.219750,0.235750,25
1,512,2,cpu_vals,1,0.078417,0.077500,0.081250,25
