pass,batch,N,backend,ok,ms,p25,p75,reps
0,4096,48,tg,1,61.706959,60.846708,62.294667,5
0,4096,48,block,1,87.198250,86.763791,87.608292,5
0,4096,48,ql,1,17.574084,17.495375,17.703291,9
0,4096,48,ql_share,1,12.864959,12.411812,13.286031,12
0,4096,48,cpu,1,25.123438,25.020480,25.871928,6
0,4096,48,tg_vals,1,52.462625,52.157292,53.272625,5
0,4096,48,block_vals,1,77.630917,77.399833,77.635000,5
0,4096,48,ql_vals,1,11.997875,11.890125,12.331625,13
0,4096,48,ql_share_vals,1,6.557624,6.447125,6.813365,22
0,4096,48,cpu_vals,1,10.058667,9.982979,10.379209,15
0,2048,32,simd,1,11.791625,11.539792,12.247417,13
0,2048,32,tg,1,8.909000,8.849750,8.973833,17
0,2048,32,block,1,10.269458,10.131812,10.364187,15
0,2048,32,ql,1,2.942292,2.914333,3.001500,25
0,2048,32,ql_share,1,2.722208,2.675208,2.799084,25
0,2048,32,cpu,1,5.269750,4.953792,5.338958,25
0,2048,32,simd_vals,1,7.765146,7.704031,7.802468,20
0,2048,32,tg_vals,1,7.489084,7.417084,7.516750,21
0,2048,32,block_vals,1,9.363042,9.132375,9.374083,17
0,2048,32,ql_vals,1,1.777500,1.772375,1.793459,25
0,2048,32,ql_share_vals,1,1.397709,1.376458,1.461584,25
0,2048,32,cpu_vals,1,2.087542,1.786291,2.132333,25
0,8,384,tg,1,238.964208,238.927208,238.983000,5
0,8,384,block,1,32.513125,32.480167,32.530542,5
0,8,384,cpu,1,6.413583,6.263323,6.601312,24
0,8,384,tridiag,1,34.021417,33.937583,34.098167,5
0,8,384,tg_vals,1,189.968042,189.929917,189.968416,5
0,8,384,block_vals,1,27.901875,27.769802,28.025354,6
0,8,384,cpu_vals,1,3.507167,3.263750,3.641834,25
0,8,384,tridiag_vals,1,27.352333,27.331063,27.397698,6
0,4096,8,simd,1,0.567625,0.552542,0.586666,25
0,4096,8,tg,1,0.572625,0.558333,0.627250,25
0,4096,8,ql,1,0.584041,0.576083,0.593375,25
0,4096,8,ql_share,1,0.650084,0.631750,0.699167,25
0,4096,8,cpu,1,0.770125,0.758666,0.809917,25
0,4096,8,simd_vals,1,0.483709,0.479583,0.497750,25
0,4096,8,tg_vals,1,0.485625,0.478125,0.502333,25
0,4096,8,ql_vals,1,0.427500,0.421917,0.435042,25
0,4096,8,ql_share_vals,1,0.548250,0.457958,0.557750,25
0,4096,8,cpu_vals,1,0.436083,0.415792,0.581834,25
0,4096,4,simd,1,0.292083,0.285500,0.306375,25
0,4096,4,tg,1,0.292458,0.288375,0.298834,25
0,4096,4,ql,1,0.282958,0.279750,0.286875,25
0,4096,4,ql_share,1,0.386750,0.380667,0.407250,25
0,4096,4,cpu,1,0.354958,0.346500,0.363667,25
0,4096,4,simd_vals,1,0.263334,0.261000,0.265917,25
0,4096,4,tg_vals,1,0.265959,0.259333,0.270542,25
0,4096,4,ql_vals,1,0.252125,0.247542,0.255000,25
0,4096,4,ql_share_vals,1,0.311417,0.302791,0.329375,25
0,4096,4,cpu_vals,1,0.200084,0.193750,0.567958,25
0,2,768,block,1,74.837833,74.703833,75.086708,5
0,2,768,cpu,1,21.253021,21.044740,21.614979,8
0,2,768,tridiag,1,23.550416,23.145604,23.576271,7
0,2,768,block_vals,1,65.427959,65.377167,65.531500,5
0,2,768,cpu_vals,1,10.323417,10.246896,10.407730,15
0,2,768,tridiag_vals,1,18.220583,17.791000,18.363417,9
0,4,2,simd,1,0.169417,0.159500,0.229291,25
0,4,2,tg,1,0.153208,0.143750,0.164250,25
0,4,2,ql,1,0.161750,0.157833,0.191958,25
0,4,2,cpu,1,0.007791,0.005667,0.009167,25
0,4,2,simd_vals,1,0.163166,0.143833,0.190375,25
0,4,2,tg_vals,1,0.153541,0.142833,0.166500,25
0,4,2,ql_vals,1,0.151959,0.142542,0.170375,25
0,4,2,cpu_vals,1,0.005417,0.004792,0.007375,25
0,2,16,simd,1,0.336208,0.326500,0.347459,25
0,2,16,tg,1,0.232500,0.224250,0.238209,25
0,2,16,ql,1,0.257334,0.249708,0.263750,25
0,2,16,cpu,1,0.024625,0.022250,0.027208,25
0,2,16,simd_vals,1,0.324334,0.312417,0.329750,25
0,2,16,tg_vals,1,0.229209,0.222667,0.236750,25
0,2,16,ql_vals,1,0.228042,0.208167,0.247417,25
0,2,16,cpu_vals,1,0.012375,0.011667,0.013000,25
0,1,8,simd,1,0.170750,0.162500,0.185583,25
0,1,8,tg,1,0.198542,0.178666,0.228959,25
0,1,8,ql,1,0.191708,0.182250,0.231084,25
0,1,8,cpu,1,0.004291,0.004167,0.004584,25
0,1,8,simd_vals,1,0.172791,0.158500,0.184625,25
0,1,8,tg_vals,1,0.174709,0.158750,0.194167,25
0,1,8,ql_vals,1,0.160459,0.151292,0.172375,25
0,1,8,cpu_vals,1,0.002541,0.002375,0.002584,25
0,64,8,simd,1,0.192000,0.184792,0.210500,25
0,64,8,tg,1,0.185542,0.167875,0.199875,25
0,64,8,ql,1,0.191209,0.178542,0.196667,25
0,64,8,ql_share,1,0.150500,0.139125,0.160417,25
0,64,8,cpu,1,0.162208,0.092292,0.172000,25
0,64,8,simd_vals,1,0.181208,0.173041,0.189666,25
0,64,8,tg_vals,1,0.180083,0.172417,0.193250,25
0,64,8,ql_vals,1,0.165417,0.159708,0.185375,25
0,64,8,ql_share_vals,1,0.128500,0.110375,0.137291,25
0,64,8,cpu_vals,1,0.085209,0.056916,0.089334,25
0,128,128,tg,1,48.740042,48.627000,48.976708,5
0,128,128,block,1,21.072105,21.039542,21.186687,8
0,128,128,cpu,1,5.379334,5.324292,5.413584,25
0,128,128,tridiag,1,168.117833,168.079791,168.141875,5
0,128,128,tg_vals,1,43.472084,43.241750,43.641750,5
0,128,128,block_vals,1,18.855458,18.771302,18.887292,8
0,128,128,cpu_vals,1,3.122333,2.685833,3.175000,25
0,128,128,tridiag_vals,1,130.577833,130.416750,130.648625,5
0,4,128,tg,1,8.011875,7.977270,8.043312,19
0,4,128,block,1,5.957417,5.862250,6.027750,25
0,4,128,cpu,1,0.584041,0.576166,0.589917,25
0,4,128,tridiag,1,5.240625,5.221292,5.306208,25
0,4,128,tg_vals,1,7.213333,7.193791,7.223542,21
0,4,128,block_vals,1,5.835417,5.769917,5.912292,25
0,4,128,cpu_vals,1,0.299291,0.296875,0.302958,25
0,4,128,tridiag_vals,1,4.150708,4.124375,4.204250,25
0,2,1024,block,1,138.105667,137.777292,138.180292,5
0,2,1024,cpu,1,45.186125,45.061417,46.588333,5
0,2,1024,tridiag,1,36.432000,36.353375,36.460916,5
0,2,1024,block_vals,1,113.551917,113.535625,113.579042,5
0,2,1024,cpu_vals,1,19.419229,19.249657,20.246687,8
0,2,1024,tridiag_vals,1,26.969625,26.890937,27.166906,6
0,256,192,tg,1,549.009166,547.391249,551.319833,3
0,256,192,block,1,139.662667,139.576292,139.782375,5
0,256,192,cpu,1,23.315542,23.282916,23.679916,7
0,256,192,tridiag,1,508.990833,508.668375,509.726688,3
0,256,192,tg_vals,1,282.543916,281.376250,286.000875,5
0,256,192,block_vals,1,107.606208,107.526917,108.039125,5
0,256,192,cpu_vals,1,11.837791,11.747125,11.945500,13
0,256,192,tridiag_vals,1,403.433583,403.305854,404.012167,3
0,1,12,simd,1,0.240042,0.221167,0.250291,25
0,1,12,tg,1,0.185667,0.179750,0.201709,25
0,1,12,ql,1,0.214667,0.205166,0.256167,25
0,1,12,cpu,1,0.006209,0.006208,0.006375,25
0,1,12,simd_vals,1,0.228083,0.217792,0.246291,25
0,1,12,tg_vals,1,0.182791,0.179416,0.197584,25
0,1,12,ql_vals,1,0.200875,0.180583,0.228042,25
0,1,12,cpu_vals,1,0.003167,0.003166,0.003291,25
0,512,384,block,1,2133.880875,2131.289813,2138.041250,3
0,512,384,cpu,1,204.376375,202.106459,207.110042,5
0,512,384,block_vals,1,1539.945250,1539.068250,1544.013291,3
0,512,384,cpu_vals,1,96.084958,95.880333,97.451125,5
0,64,48,tg,1,1.622208,1.596625,1.633375,25
0,64,48,block,1,3.920208,3.776875,4.303166,25
0,64,48,ql,1,0.933208,0.889208,0.947542,25
0,64,48,ql_share,1,1.052000,1.035833,1.087459,25
0,64,48,cpu,1,0.466583,0.460250,0.500417,25
0,64,48,tg_vals,1,1.438667,1.425375,1.451292,25
0,64,48,block_vals,1,3.617916,3.534291,3.640833,25
0,64,48,ql_vals,1,0.758625,0.724042,0.797917,25
0,64,48,ql_share_vals,1,0.904584,0.881000,0.924792,25
0,64,48,cpu_vals,1,0.269833,0.241250,0.594416,25
0,2048,16,simd,1,1.410417,1.373541,1.458917,25
0,2048,16,tg,1,1.385500,1.362416,1.413167,25
0,2048,16,ql,1,1.009125,0.980083,1.035250,25
0,2048,16,ql_share,1,0.895750,0.882625,0.924209,25
0,2048,16,cpu,1,1.342208,1.330250,1.352334,25
0,2048,16,simd_vals,1,1.257250,1.207209,1.464875,25
0,2048,16,tg_vals,1,1.165667,1.133084,1.178750,25
0,2048,16,ql_vals,1,0.612625,0.607041,0.623875,25
0,2048,16,ql_share_vals,1,0.697375,0.683542,0.710416,25
0,2048,16,cpu_vals,1,0.603125,0.578125,0.633750,25
0,4,12,simd,1,0.327084,0.318250,0.333583,25
0,4,12,tg,1,0.244166,0.241208,0.248458,25
0,4,12,ql,1,0.254125,0.248500,0.265792,25
0,4,12,cpu,1,0.022000,0.020834,0.022958,25
0,4,12,simd_vals,1,0.236958,0.229000,0.251333,25
0,4,12,tg_vals,1,0.208333,0.191542,0.215250,25
0,4,12,ql_vals,1,0.179875,0.176792,0.194583,25
0,4,12,cpu_vals,1,0.015250,0.014625,0.016167,25
0,1,768,block,1,61.324291,61.285375,61.523000,5
0,1,768,cpu,1,18.770792,18.638458,18.900542,9
0,1,768,tridiag,1,16.054854,15.786583,16.111282,10
0,1,768,block_vals,1,56.174833,56.066250,56.201167,5
0,1,768,cpu_vals,1,9.800208,9.772823,9.836676,16
0,1,768,tridiag_vals,1,10.996396,10.894146,11.013990,14
0,2,384,tg,1,203.196834,203.186333,203.230833,5
0,2,384,block,1,21.890583,21.721021,21.962896,7
0,2,384,cpu,1,4.994625,4.665959,5.055250,25
0,2,384,tridiag,1,9.256792,9.229708,9.295250,17
0,2,384,tg_vals,1,190.600917,190.546167,190.654292,5
0,2,384,block_vals,1,20.334250,20.274156,20.737760,8
0,2,384,cpu_vals,1,2.461375,2.446250,2.485250,25
0,2,384,tridiag_vals,1,7.549729,7.514937,7.588875,20
0,128,2,simd,1,0.171042,0.165542,0.187542,25
0,128,2,tg,1,0.162959,0.150667,0.170209,25
0,128,2,ql,1,0.163084,0.154250,0.167375,25
0,128,2,ql_share,1,0.142917,0.127000,0.160333,25
0,128,2,cpu,1,0.053583,0.052958,0.054041,25
0,128,2,simd_vals,1,0.140791,0.137959,0.152750,25
0,128,2,tg_vals,1,0.176292,0.158083,0.223500,25
0,128,2,ql_vals,1,0.140583,0.135375,0.154875,25
0,128,2,ql_share_vals,1,0.135917,0.129166,0.146042,25
0,128,2,cpu_vals,1,0.030250,0.030083,0.030375,25
0,8,128,tg,1,8.025541,7.988313,8.039354,19
0,8,128,block,1,6.212416,6.116500,6.251625,25
0,8,128,cpu,1,0.666500,0.654000,0.687958,25
0,8,128,tridiag,1,10.482250,10.378104,10.500125,15
0,8,128,tg_vals,1,7.230750,7.220209,7.238959,21
0,8,128,block_vals,1,5.909125,5.872958,6.005959,25
0,8,128,cpu_vals,1,0.370084,0.365667,0.385208,25
0,8,128,tridiag_vals,1,8.264084,8.240063,8.270396,19
0,4,16,simd,1,0.345417,0.338542,0.361250,25
0,4,16,tg,1,0.229667,0.218208,0.234750,25
0,4,16,ql,1,0.253959,0.240125,0.263584,25
0,4,16,cpu,1,0.028417,0.026209,0.034625,25
0,4,16,simd_vals,1,0.315708,0.307208,0.327500,25
0,4,16,tg_vals,1,0.228750,0.211250,0.239667,25
0,4,16,ql_vals,1,0.224750,0.211667,0.247291,25
0,4,16,cpu_vals,1,0.019500,0.018708,0.021542,25
0,512,2,simd,1,0.141542,0.136542,0.156666,25
0,512,2,tg,1,0.150042,0.141458,0.162583,25
0,512,2,ql,1,0.150666,0.138875,0.166375,25
0,512,2,ql_share,1,0.281375,0.261833,0.297792,25
0,512,2,cpu,1,0.178458,0.064500,0.183333,25
0,512,2,simd_vals,1,0.142416,0.137667,0.153750,25
0,512,2,tg_vals,1,0.139334,0.136875,0.152875,25
0,512,2,ql_vals,1,0.140500,0.136125,0.150375,25
0,512,2,ql_share_vals,1,0.271333,0.259417,0.294666,25
0,512,2,cpu_vals,1,0.078542,0.077875,0.083625,25
0,32,128,tg,1,14.122084,14.103229,14.159334,11
0,32,128,block,1,8.070834,7.978813,8.166438,19
0,32,128,cpu,1,1.461084,1.442791,1.485875,25
0,32,128,tridiag,1,41.684459,41.639416,41.735375,5
0,32,128,tg_vals,1,12.137167,12.124959,12.191833,13
0,32,128,block_vals,1,7.446334,7.368584,7.469708,21
0,32,128,cpu_vals,1,0.737875,0.726583,0.750917,25
0,32,128,tridiag_vals,1,32.690958,32.650792,32.697417,5
0,32,192,tg,1,63.804000,63.686875,64.037959,5
0,32,192,block,1,18.508083,18.460042,18.553375,9
0,32,192,cpu,1,3.491708,3.422208,3.988000,25
0,32,192,tridiag,1,63.604916,63.582375,63.740917,5
0,32,192,tg_vals,1,42.795458,42.777125,42.850417,5
0,32,192,block_vals,1,16.404687,16.390292,16.459875,10
0,32,192,cpu_vals,1,1.620834,1.601875,2.128708,25
0,32,192,tridiag_vals,1,50.771875,50.740500,50.813583,5
0,512,12,simd,1,0.392666,0.389000,0.400250,25
0,512,12,tg,1,0.370666,0.367416,0.375708,25
0,512,12,ql,1,0.311500,0.305792,0.314500,25
0,512,12,ql_share,1,0.410542,0.405083,0.428208,25
0,512,12,cpu,1,0.292125,0.288125,0.295791,25
0,512,12,simd_vals,1,0.341083,0.337042,0.349042,25
0,512,12,tg_vals,1,0.324667,0.315125,0.330167,25
0,512,12,ql_vals,1,0.247458,0.243000,0.249750,25
0,512,12,ql_share_vals,1,0.350375,0.340916,0.370750,25
0,512,12,cpu_vals,1,0.174875,0.159375,0.182250,25
0,256,96,tg,1,37.740375,37.278541,38.389417,5
0,256,96,block,1,19.276916,19.131885,19.349469,8
0,256,96,cpu,1,5.963291,5.827167,6.242084,25
0,256,96,tg_vals,1,30.408500,30.375958,30.606417,5
0,256,96,block_vals,1,17.456125,17.427667,17.555333,9
0,256,96,cpu_vals,1,3.461375,3.120959,3.522042,25
0,1,192,tg,1,24.641625,24.622396,24.661812,7
0,1,192,block,1,8.862667,8.734166,8.912792,17
0,1,192,cpu,1,1.192167,1.178167,1.203958,25
0,1,192,tridiag,1,2.532917,2.519583,2.572334,25
0,1,192,tg_vals,1,23.115584,23.111770,23.120209,7
0,1,192,block_vals,1,8.582208,8.558719,8.663667,18
0,1,192,cpu_vals,1,0.587458,0.579875,0.595334,25
0,1,192,tridiag_vals,1,1.824750,1.817042,1.834458,25
0,128,64,tg,1,5.374959,5.344625,5.401333,25
0,128,64,block,1,5.583917,5.542167,5.669041,25
0,128,64,ql,1,2.634834,2.619708,2.651833,25
0,128,64,ql_share,1,2.768750,2.720250,2.858542,25
0,128,64,cpu,1,1.360416,1.346625,1.382709,25
0,128,64,tg_vals,1,4.763834,4.744708,4.795583,25
0,128,64,block_vals,1,5.250916,5.194959,5.328583,25
0,128,64,ql_vals,1,2.027542,2.022625,2.032042,25
0,128,64,ql_share_vals,1,1.351209,1.312666,1.417542,25
0,128,64,cpu_vals,1,0.604833,0.589125,0.625000,25
0,4,8,simd,1,0.189292,0.180791,0.221958,25
0,4,8,tg,1,0.191041,0.187208,0.201750,25
0,4,8,ql,1,0.187667,0.175458,0.192583,25
0,4,8,cpu,1,0.020625,0.018750,0.022166,25
0,4,8,simd_vals,1,0.182375,0.160458,0.210792,25
0,4,8,tg_vals,1,0.186458,0.179209,0.192500,25
0,4,8,ql_vals,1,0.174792,0.165042,0.217334,25
0,4,8,cpu_vals,1,0.013125,0.010041,0.014166,25
0,2,2,simd,1,0.145708,0.137375,0.159791,25
0,2,2,tg,1,0.165084,0.159167,0.168000,25
0,2,2,ql,1,0.163708,0.151709,0.214500,25
0,2,2,cpu,1,0.002959,0.002250,0.004792,25
0,2,2,simd_vals,1,0.159250,0.146875,0.185916,25
0,2,2,tg_vals,1,0.145541,0.138125,0.157417,25
0,2,2,ql_vals,1,0.140417,0.135417,0.156000,25
0,2,2,cpu_vals,1,0.002625,0.001959,0.003833,25
0,1,3072,block,1,2234.856125,2217.607730,2242.885750,3
0,1,3072,cpu,1,734.639584,734.294313,737.875458,3
0,1,3072,tridiag,1,219.781958,216.837375,220.624875,5
0,1,3072,block_vals,1,1402.281708,1401.945687,1405.652687,3
0,1,3072,cpu_vals,1,209.435292,209.137209,209.483625,5
0,1,3072,tridiag_vals,1,140.619125,140.493875,140.695625,5
0,16,256,tg,1,84.469459,84.465708,84.500208,5
0,16,256,block,1,20.419021,20.305750,20.513844,8
0,16,256,cpu,1,3.881709,3.551209,3.934375,25
0,16,256,tridiag,1,41.889500,41.717042,41.902416,5
0,16,256,tg_vals,1,61.226167,61.194000,61.271708,5
0,16,256,block_vals,1,18.023042,17.972792,18.169084,9
0,16,256,cpu_vals,1,1.960750,1.540250,2.139459,25
0,16,256,tridiag_vals,1,34.228041,34.226041,34.259250,5
0,2,512,tg,1,479.263291,478.921958,479.445687,3
0,2,512,block,1,35.724375,35.569542,35.823709,5
0,2,512,cpu,1,9.008250,8.946958,9.076708,17
0,2,512,tridiag,1,13.103813,12.858135,13.277292,12
0,2,512,tg_vals,1,443.121625,443.036708,443.151354,3
0,2,512,block_vals,1,32.938625,32.670833,32.968959,5
0,2,512,cpu_vals,1,4.367292,4.356000,4.384209,25
0,2,512,tridiag_vals,1,10.607792,10.334605,10.746479,15
0,2,256,tg,1,55.023875,54.983875,55.054500,5
0,2,256,block,1,11.886500,11.845667,11.927500,13
0,2,256,cpu,1,2.125750,2.118292,2.142083,25
0,2,256,tridiag,1,5.586500,5.566833,5.605917,25
0,2,256,tg_vals,1,53.922000,53.910166,53.961209,5
0,2,256,block_vals,1,11.440646,11.370573,11.611500,14
0,2,256,cpu_vals,1,1.081625,1.074459,1.087875,25
0,2,256,tridiag_vals,1,4.653291,4.645792,4.663042,25
0,2048,2,simd,1,0.182958,0.180042,0.189125,25
0,2048,2,tg,1,0.184834,0.182541,0.191041,25
0,2048,2,ql,1,0.183542,0.180333,0.190666,25
0,2048,2,ql_share,1,0.301417,0.288541,0.315833,25
0,2048,2,cpu,1,0.147959,0.142875,0.154791,25
0,2048,2,simd_vals,1,0.181250,0.175167,0.183792,25
0,2048,2,tg_vals,1,0.165667,0.159042,0.174375,25
0,2048,2,ql_vals,1,0.174916,0.168083,0.181208,25
0,2048,2,ql_share_vals,1,0.304709,0.292958,0.315500,25
0,2048,2,cpu_vals,1,0.259125,0.121041,0.285750,25
0,4096,32,simd,1,23.869709,23.632771,23.908083,7
0,4096,32,tg,1,16.613563,16.582406,16.635750,10
0,4096,32,block,1,17.825084,17.768916,17.843708,9
0,4096,32,ql,1,5.475500,5.458375,5.501500,25
0,4096,32,ql_share,1,4.582709,4.530167,4.769666,25
0,4096,32,cpu,1,9.548730,8.981791,9.662292,16
0,4096,32,simd_vals,1,14.808083,14.522083,14.966396,11
0,4096,32,tg_vals,1,14.256541,14.197271,14.283666,11
0,4096,32,block_vals,1,15.319583,15.270708,15.380760,10
0,4096,32,ql_vals,1,3.194667,3.186250,3.220750,25
0,4096,32,ql_share_vals,1,2.085208,2.063333,2.144833,25
0,4096,32,cpu_vals,1,3.522334,3.436667,3.571417,25
0,512,64,tg,1,19.603958,19.454480,19.710427,8
0,512,64,block,1,13.410854,13.325584,13.480896,12
0,512,64,ql,1,6.478979,6.448854,6.524729,24
0,512,64,ql_share,1,4.396083,4.336541,4.492958,25
0,512,64,cpu,1,5.271917,5.135917,5.598500,25
0,512,64,tg_vals,1,16.821250,16.770542,16.916583,9
0,512,64,block_vals,1,12.155459,12.125959,12.322542,13
0,512,64,ql_vals,1,4.772250,4.731750,4.795834,25
0,512,64,ql_share_vals,1,2.218792,2.152416,2.264584,25
0,512,64,cpu_vals,1,2.600542,2.239416,2.663166,25
0,8,24,simd,1,0.818500,0.749625,1.332625,25
0,8,24,tg,1,0.289833,0.285250,0.295583,25
0,8,24,ql,1,0.389166,0.382875,0.394667,25
0,8,24,cpu,1,0.083208,0.073708,0.096333,25
0,8,24,simd_vals,1,0.704625,0.680000,0.739500,25
0,8,24,tg_vals,1,0.280250,0.266000,0.282833,25
0,8,24,ql_vals,1,0.312584,0.303208,0.318375,25
0,8,24,cpu_vals,1,0.041916,0.038708,0.063000,25
0,16,1024,block,1,1156.422708,1154.690833,1157.846979,3
0,16,1024,cpu,1,128.395625,126.087125,129.020208,5
0,16,1024,tridiag,1,220.099625,220.092000,220.194584,5
0,16,1024,block_vals,1,775.508000,772.529854,775.747813,3
0,16,1024,cpu_vals,1,36.039416,33.849209,36.986959,5
0,16,1024,tridiag_vals,1,175.053500,174.813750,175.089583,5
0,16,12,simd,1,0.264500,0.251958,0.274667,25
0,16,12,tg,1,0.219250,0.212500,0.220917,25
0,16,12,ql,1,0.221416,0.210250,0.226083,25
0,16,12,cpu,1,0.069500,0.047958,0.085375,25
0,16,12,simd_vals,1,0.252625,0.236542,0.263541,25
0,16,12,tg_vals,1,0.203708,0.191333,0.209750,25
0,16,12,ql_vals,1,0.191083,0.181041,0.197625,25
0,16,12,cpu_vals,1,0.039375,0.039125,0.040209,25
0,16,768,block,1,498.112958,497.777145,498.280625,3
0,16,768,cpu,1,41.353167,40.528709,41.542875,5
0,16,768,tridiag,1,146.940958,146.819667,146.964083,5
0,16,768,block_vals,1,321.734750,321.543104,321.835146,3
0,16,768,cpu_vals,1,19.278605,19.098458,19.496448,8
0,16,768,tridiag_vals,1,118.470708,118.136917,119.038125,5
0,4,64,tg,1,1.244833,1.222208,1.253875,25
0,4,64,block,1,3.175083,3.154125,3.217625,25
0,4,64,ql,1,1.341250,1.335875,1.357208,25
0,4,64,cpu,1,0.164584,0.161500,0.166584,25
0,4,64,tg_vals,1,1.134458,1.112625,1.149875,25
0,4,64,block_vals,1,3.112833,3.082166,3.137667,25
0,4,64,ql_vals,1,1.034708,1.026667,1.053542,25
0,4,64,cpu_vals,1,0.076791,0.075917,0.077625,25
0,16,128,tg,1,8.040625,8.032833,8.046730,19
0,16,128,block,1,6.474541,6.388083,6.551198,24
0,16,128,cpu,1,0.786167,0.773208,0.809375,25
0,16,128,tridiag,1,20.614292,20.574073,20.650011,8
0,16,128,tg_vals,1,7.210500,7.199667,7.222083,21
0,16,128,block_vals,1,6.207416,6.116333,6.238583,25
0,16,128,cpu_vals,1,0.437875,0.411875,0.588167,25
0,16,128,tridiag_vals,1,16.241167,16.228208,16.258636,10
0,16,4,simd,1,0.159000,0.149375,0.179000,25
0,16,4,tg,1,0.176250,0.167291,0.180250,25
0,16,4,ql,1,0.169208,0.158167,0.172750,25
0,16,4,cpu,1,0.017792,0.017666,0.018084,25
0,16,4,simd_vals,1,0.166417,0.155042,0.171541,25
0,16,4,tg_vals,1,0.148500,0.143833,0.153625,25
0,16,4,ql_vals,1,0.154500,0.145375,0.165292,25
0,16,4,cpu_vals,1,0.011208,0.011000,0.011791,25
0,64,16,simd,1,0.349417,0.346333,0.360625,25
0,64,16,tg,1,0.248458,0.245209,0.251625,25
0,64,16,ql,1,0.274250,0.270250,0.279834,25
0,64,16,ql_share,1,0.379042,0.373583,0.381083,25
0,64,16,cpu,1,0.134916,0.127333,0.140291,25
0,64,16,simd_vals,1,0.327333,0.311334,0.331917,25
0,64,16,tg_vals,1,0.230333,0.217875,0.235250,25
0,64,16,ql_vals,1,0.219625,0.215167,0.231791,25
0,64,16,ql_share_vals,1,0.325000,0.319125,0.331292,25
0,64,16,cpu_vals,1,0.082125,0.079500,0.086459,25
0,4,192,tg,1,27.660625,27.617282,27.686344,6
0,4,192,block,1,9.304333,9.230584,9.354833,17
0,4,192,cpu,1,1.246541,1.240333,1.256584,25
0,4,192,tridiag,1,7.989792,7.948230,8.023458,19
0,4,192,tg_vals,1,25.738646,25.726052,25.793802,6
0,4,192,block_vals,1,8.865208,8.777791,8.964916,17
0,4,192,cpu_vals,1,0.624333,0.622458,0.630333,25
0,4,192,tridiag_vals,1,6.482833,6.465427,6.488125,24
0,8,96,tg,1,3.660708,3.651334,3.667583,25
0,8,96,block,1,4.803416,4.737750,4.910459,25
0,8,96,cpu,1,0.413625,0.397042,0.445042,25
0,8,96,tg_vals,1,3.305333,3.299625,3.308042,25
0,8,96,block_vals,1,4.784917,4.646750,4.845708,25
0,8,96,cpu_vals,1,0.232667,0.223958,0.270334,25
0,1,24,simd,1,0.796208,0.775042,0.830625,25
0,1,24,tg,1,0.274250,0.261875,0.280333,25
0,1,24,ql,1,0.371959,0.361041,0.378708,25
0,1,24,cpu,1,0.023542,0.023500,0.023750,25
0,1,24,simd_vals,1,0.761541,0.721292,0.768750,25
0,1,24,tg_vals,1,0.265542,0.254584,0.271667,25
0,1,24,ql_vals,1,0.291708,0.280708,0.306250,25
0,1,24,cpu_vals,1,0.008458,0.008417,0.008542,25
0,16,16,simd,1,0.336958,0.326625,0.353834,25
0,16,16,tg,1,0.240084,0.237375,0.244292,25
0,16,16,ql,1,0.268666,0.264292,0.272250,25
0,16,16,cpu,1,0.116416,0.071500,0.150583,25
0,16,16,simd_vals,1,0.319000,0.303500,0.326208,25
0,16,16,tg_vals,1,0.230125,0.217917,0.233250,25
0,16,16,ql_vals,1,0.218333,0.209292,0.226458,25
0,16,16,cpu_vals,1,0.063791,0.063041,0.064875,25
0,4096,128,block,1,660.969417,660.070750,661.164708,3
0,4096,128,cpu,1,143.151000,142.280000,143.633750,5
0,4096,128,block_vals,1,544.441208,544.377166,544.688791,3
0,4096,128,cpu_vals,1,75.883708,75.498459,76.990709,5
0,16,512,block,1,131.738792,131.584750,131.799417,5
0,16,512,cpu,1,16.525521,16.420240,16.636948,10
0,16,512,tridiag,1,90.453500,90.152917,90.480833,5
0,16,512,block_vals,1,92.527666,92.462666,92.799625,5
0,16,512,cpu_vals,1,7.738584,7.448438,8.906042,19
0,16,512,tridiag_vals,1,72.196041,71.955042,72.266583,5
0,256,16,simd,1,0.391792,0.379084,0.401791,25
0,256,16,tg,1,0.372375,0.367667,0.374875,25
0,256,16,ql,1,0.305791,0.303709,0.308791,25
0,256,16,ql_share,1,0.434375,0.416959,0.440125,25
0,256,16,cpu,1,0.261500,0.255500,0.277875,25
0,256,16,simd_vals,1,0.352583,0.348625,0.356208,25
0,256,16,tg_vals,1,0.338500,0.331833,0.343666,25
0,256,16,ql_vals,1,0.250792,0.247209,0.254917,25
0,256,16,ql_share_vals,1,0.387666,0.381375,0.398708,25
0,256,16,cpu_vals,1,0.161458,0.158375,0.167416,25
0,1024,128,block,1,171.705833,171.509792,171.942000,5
0,1024,128,cpu,1,38.366375,38.149125,38.739417,5
0,1024,128,block_vals,1,141.475458,141.173584,141.502125,5
0,1024,128,cpu_vals,1,19.855354,19.743427,20.128990,8
0,128,48,tg,1,2.579083,2.554250,2.596250,25
0,128,48,block,1,5.344000,5.303584,5.434334,25
0,128,48,ql,1,1.002417,0.984041,1.031083,25
0,128,48,ql_share,1,1.144000,1.068292,1.152125,25
0,128,48,cpu,1,0.810583,0.802708,0.821917,25
0,128,48,tg_vals,1,2.271666,2.258084,2.278000,25
0,128,48,block_vals,1,5.096333,4.973583,5.201167,25
0,128,48,ql_vals,1,0.770584,0.730584,0.820875,25
0,128,48,ql_share_vals,1,0.914416,0.889125,0.943250,25
0,128,48,cpu_vals,1,0.398041,0.382750,0.614625,25
0,16,384,tg,1,351.968334,351.937230,351.982646,3
0,16,384,block,1,54.855000,54.784166,54.867750,5
0,16,384,cpu,1,7.872250,7.864521,7.909584,19
0,16,384,tridiag,1,64.115542,64.098000,64.135125,5
0,16,384,tg_vals,1,223.868667,223.849167,224.001875,5
0,16,384,block_vals,1,45.584542,45.580500,45.755833,5
0,16,384,cpu_vals,1,4.150292,3.916834,4.205125,25
0,16,384,tridiag_vals,1,52.729792,52.711375,52.813750,5
0,512,32,simd,1,2.852291,2.832417,2.868000,25
0,512,32,tg,1,2.514500,2.477459,2.519958,25
0,512,32,block,1,4.402209,4.326625,4.444834,25
0,512,32,ql,1,1.132334,1.126875,1.141958,25
0,512,32,ql_share,1,1.355750,1.323334,1.423709,25
0,512,32,cpu,1,1.258042,1.237041,1.276500,25
0,512,32,simd_vals,1,2.691167,2.678083,2.701167,25
0,512,32,tg_vals,1,2.189000,2.169542,2.202125,25
0,512,32,block_vals,1,4.170500,4.100625,4.262125,25
0,512,32,ql_vals,1,0.771041,0.729292,0.804000,25
0,512,32,ql_share_vals,1,0.548208,0.540750,0.570083,25
0,512,32,cpu_vals,1,0.535334,0.514292,0.607167,25
0,2048,192,block,1,1071.554958,1071.413812,1071.937875,3
0,2048,192,cpu,1,172.178709,170.595292,173.926333,5
0,2048,192,block_vals,1,842.211084,841.392355,842.444876,3
0,2048,192,cpu_vals,1,88.861542,87.150334,89.577375,5
0,1024,256,block,1,1268.481584,1266.846896,1274.904438,3
0,1024,256,cpu,1,170.603708,169.743250,175.614458,5
0,1024,256,block_vals,1,995.050541,991.241208,1000.821104,3
0,1024,256,cpu_vals,1,89.363583,88.204042,93.217333,5
0,16,2,simd,1,0.186958,0.170583,0.209584,25
0,16,2,tg,1,0.179625,0.159167,0.212500,25
0,16,2,ql,1,0.160916,0.145334,0.170209,25
0,16,2,cpu,1,0.009667,0.009375,0.010042,25
0,16,2,simd_vals,1,0.163834,0.148000,0.171041,25
0,16,2,tg_vals,1,0.145209,0.137709,0.152500,25
0,16,2,ql_vals,1,0.148250,0.135041,0.158875,25
0,16,2,cpu_vals,1,0.005167,0.005125,0.005291,25
0,16,64,tg,1,1.290000,1.279125,1.318250,25
0,16,64,block,1,3.355375,3.263291,3.386792,25
0,16,64,ql,1,1.403708,1.395500,1.412833,25
0,16,64,cpu,1,0.289833,0.280875,0.300167,25
0,16,64,tg_vals,1,1.152000,1.146625,1.169625,25
0,16,64,block_vals,1,3.215083,3.182125,3.287000,25
0,16,64,ql_vals,1,1.110375,1.098958,1.130791,25
0,16,64,cpu_vals,1,0.179459,0.177125,0.183791,25
0,4096,96,block,1,303.351666,303.002103,303.407021,3
0,4096,96,cpu,1,85.737375,85.455167,88.021917,5
0,4096,96,block_vals,1,252.140750,248.880459,253.694416,5
0,4096,96,cpu_vals,1,44.321667,44.257875,44.694125,5
0,1024,2,simd,1,0.227375,0.203375,0.253375,25
0,1024,2,tg,1,0.220792,0.183292,0.245458,25
0,1024,2,ql,1,0.174917,0.169625,0.176875,25
0,1024,2,ql_share,1,0.294125,0.281333,0.298542,25
0,1024,2,cpu,1,0.215667,0.114042,0.346042,25
0,1024,2,simd_vals,1,0.167250,0.163833,0.169875,25
0,1024,2,tg_vals,1,0.155916,0.146542,0.168250,25
0,1024,2,ql_vals,1,0.160084,0.146834,0.162709,25
0,1024,2,ql_share_vals,1,0.276666,0.264750,0.290333,25
0,1024,2,cpu_vals,1,0.131167,0.068667,0.152083,25
0,256,24,simd,1,0.947542,0.923125,1.220375,25
0,256,24,tg,1,0.831416,0.798625,0.855250,25
0,256,24,ql,1,0.446458,0.443375,0.453750,25
0,256,24,ql_share,1,0.572292,0.562458,0.583875,25
0,256,24,cpu,1,0.495750,0.478125,0.552125,25
0,256,24,simd_vals,1,0.772334,0.742833,0.825708,25
0,256,24,tg_vals,1,0.740709,0.698125,0.761292,25
0,256,24,ql_vals,1,0.329375,0.327417,0.335125,25
0,256,24,ql_share_vals,1,0.459708,0.448958,0.488709,25
0,256,24,cpu_vals,1,0.225292,0.211458,0.257250,25
0,2,32,simd,1,1.745833,1.732000,1.871917,25
0,2,32,tg,1,0.354959,0.348083,0.357959,25
0,2,32,block,1,2.957959,2.762750,3.150542,25
0,2,32,ql,1,0.504416,0.493500,0.534000,25
0,2,32,cpu,1,0.049417,0.044750,0.051292,25
0,2,32,simd_vals,1,1.573666,1.569375,1.582625,25
0,2,32,tg_vals,1,0.343750,0.329667,0.347625,25
0,2,32,block_vals,1,3.074917,2.836250,3.273667,25
0,2,32,ql_vals,1,0.417542,0.382417,0.456042,25
0,2,32,cpu_vals,1,0.023292,0.022917,0.024042,25
0,256,12,simd,1,0.295083,0.289250,0.299584,25
0,256,12,tg,1,0.285750,0.282625,0.292709,25
0,256,12,ql,1,0.243416,0.240875,0.246125,25
0,256,12,ql_share,1,0.381000,0.377416,0.392750,25
0,256,12,cpu,1,0.188250,0.180834,0.213541,25
0,256,12,simd_vals,1,0.258208,0.251000,0.261584,25
0,256,12,tg_vals,1,0.247666,0.241458,0.256500,25
0,256,12,ql_vals,1,0.192125,0.186166,0.205250,25
0,256,12,ql_share_vals,1,0.326208,0.319959,0.328041,25
0,256,12,cpu_vals,1,0.129333,0.126917,0.134875,25
0,64,24,simd,1,0.843917,0.829583,0.925333,25
0,64,24,tg,1,0.367375,0.364459,0.372208,25
0,64,24,ql,1,0.396875,0.393667,0.399583,25
0,64,24,ql_share,1,0.503750,0.496750,0.515667,25
0,64,24,cpu,1,0.195167,0.189916,0.202000,25
0,64,24,simd_vals,1,0.757292,0.732250,0.770917,25
0,64,24,tg_vals,1,0.339709,0.337250,0.346334,25
0,64,24,ql_vals,1,0.324708,0.316125,0.328458,25
0,64,24,ql_share_vals,1,0.427916,0.414042,0.430833,25
0,64,24,cpu_vals,1,0.144417,0.121000,0.193750,25
0,256,32,simd,1,1.982083,1.950375,2.067625,25
0,256,32,tg,1,1.607208,1.595667,1.630459,25
0,256,32,block,1,3.451041,3.393000,3.505750,25
0,256,32,ql,1,0.630417,0.623834,0.638250,25
0,256,32,ql_share,1,0.759625,0.744834,0.803958,25
0,256,32,cpu,1,0.681084,0.654583,0.707500,25
0,256,32,simd_vals,1,1.705417,1.688750,1.732458,25
0,256,32,tg_vals,1,1.411250,1.382625,1.431792,25
0,256,32,block_vals,1,3.288166,3.262167,3.358667,25
0,256,32,ql_vals,1,0.449875,0.444375,0.469542,25
0,256,32,ql_share_vals,1,0.545792,0.539375,0.556416,25
0,256,32,cpu_vals,1,0.359166,0.295584,0.573042,25
0,1,384,tg,1,203.619417,203.553709,203.621750,5
0,1,384,block,1,20.377313,20.327750,20.514823,8
0,1,384,cpu,1,4.626542,4.489625,4.721667,25
0,1,384,tridiag,1,6.252833,6.007219,6.419802,24
0,1,384,tg_vals,1,190.425334,190.298959,190.464542,5
0,1,384,block_vals,1,19.697042,19.402927,19.827937,8
0,1,384,cpu_vals,1,2.382666,2.371916,2.387208,25
0,1,384,tridiag_vals,1,4.189708,4.164167,4.356834,25
0,2048,4,simd,1,0.236583,0.230000,0.242750,25
0,2048,4,tg,1,0.239416,0.236666,0.244167,25
0,2048,4,ql,1,0.233875,0.228917,0.235666,25
0,2048,4,ql_share,1,0.332334,0.329250,0.343958,25
0,2048,4,cpu,1,0.227416,0.217708,0.241834,25
0,2048,4,simd_vals,1,0.215916,0.213708,0.221042,25
0,2048,4,tg_vals,1,0.219041,0.205333,0.221375,25
0,2048,4,ql_vals,1,0.196792,0.184208,0.203625,25
0,2048,4,ql_share_vals,1,0.311042,0.302750,0.318250,25
0,2048,4,cpu_vals,1,0.163917,0.160167,0.207709,25
0,1,4,simd,1,0.148834,0.143916,0.167458,25
0,1,4,tg,1,0.174666,0.167584,0.181750,25
0,1,4,ql,1,0.167750,0.161667,0.169292,25
0,1,4,cpu,1,0.001792,0.001792,0.001958,25
0,1,4,simd_vals,1,0.164500,0.153958,0.170042,25
0,1,4,tg_vals,1,0.163708,0.148792,0.211917,25
0,1,4,ql_vals,1,0.144625,0.140250,0.179917,25
0,1,4,cpu_vals,1,0.001750,0.001709,0.001792,25
0,16,24,simd,1,0.807500,0.776334,0.853458,25
0,16,24,tg,1,0.290958,0.286041,0.293417,25
0,16,24,ql,1,0.399709,0.386709,0.429291,25
0,16,24,cpu,1,0.103542,0.096042,0.109583,25
0,16,24,simd_vals,1,0.743916,0.702458,0.767625,25
0,16,24,tg_vals,1,0.278375,0.274958,0.281792,25
0,16,24,ql_vals,1,0.319750,0.312000,0.323458,25
0,16,24,cpu_vals,1,0.077459,0.055250,0.119625,25
0,4,2048,block,1,2345.570125,2336.661480,2366.187792,3
0,4,2048,cpu,1,437.326291,429.151354,441.048187,3
0,4,2048,tridiag,1,226.406416,226.182584,226.551042,5
0,4,2048,block_vals,1,1584.403250,1581.211791,1585.350917,3
0,4,2048,cpu_vals,1,115.638792,114.712167,116.012792,5
0,4,2048,tridiag_vals,1,167.520208,167.214708,167.593875,5
0,1024,16,simd,1,0.935209,0.892625,0.963875,25
0,1024,16,tg,1,0.857666,0.852708,0.874417,25
0,1024,16,ql,1,0.580208,0.573542,0.587375,25
0,1024,16,ql_share,1,0.720459,0.715541,0.743375,25
0,1024,16,cpu,1,0.697125,0.668833,0.706834,25
0,1024,16,simd_vals,1,0.797625,0.767375,0.819833,25
0,1024,16,tg_vals,1,0.743916,0.711083,0.783000,25
0,1024,16,ql_vals,1,0.411125,0.408625,0.416250,25
0,1024,16,ql_share_vals,1,0.375750,0.369000,0.384291,25
0,1024,16,cpu_vals,1,0.339209,0.324750,0.567292,25
0,1024,192,block,1,556.040333,554.673375,556.467458,3
0,1024,192,cpu,1,87.123458,86.958750,87.874833,5
0,1024,192,block_vals,1,425.224042,424.997042,426.423875,3
0,1024,192,cpu_vals,1,43.800708,43.504375,44.538916,5
0,2048,48,tg,1,29.740730,29.733823,29.779730,6
0,2048,48,block,1,44.057667,43.987625,44.175125,5
0,2048,48,ql,1,8.852292,8.842750,8.863917,17
0,2048,48,ql_share,1,6.014917,5.985792,6.079375,25
0,2048,48,cpu,1,11.328042,11.227208,11.475937,14
0,2048,48,tg_vals,1,25.539541,25.497125,25.580677,6
0,2048,48,block_vals,1,39.223417,39.097083,39.365459,5
0,2048,48,ql_vals,1,6.224875,6.199833,6.250834,25
0,2048,48,ql_share_vals,1,3.474708,3.453000,3.498208,25
0,2048,48,cpu_vals,1,5.009625,4.912708,5.176708,25
0,4096,12,simd,1,1.881750,1.852625,2.011000,25
0,4096,12,tg,1,1.442709,1.438375,1.489958,25
0,4096,12,ql,1,1.097042,1.084834,1.123416,25
0,4096,12,ql_share,1,0.961458,0.954708,0.969750,25
0,4096,12,cpu,1,1.519333,1.504250,1.526833,25
0,4096,12,simd_vals,1,1.229500,1.225625,1.233750,25
0,4096,12,tg_vals,1,1.229875,1.221250,1.233250,25
0,4096,12,ql_vals,1,0.780333,0.731042,0.786583,25
0,4096,12,ql_share_vals,1,0.638875,0.631083,0.652375,25
0,4096,12,cpu_vals,1,0.745542,0.722584,0.751208,25
0,64,2,simd,1,0.239708,0.226875,0.256125,25
0,64,2,tg,1,0.231458,0.225000,0.244042,25
0,64,2,ql,1,0.222042,0.206167,0.227875,25
0,64,2,ql_share,1,0.150583,0.143334,0.152375,25
0,64,2,cpu,1,0.031375,0.031250,0.031917,25
0,64,2,simd_vals,1,0.161667,0.145917,0.168292,25
0,64,2,tg_vals,1,0.164584,0.160875,0.167458,25
0,64,2,ql_vals,1,0.148333,0.140875,0.164083,25
0,64,2,ql_share_vals,1,0.139167,0.137208,0.143166,25
0,64,2,cpu_vals,1,0.019958,0.019833,0.020167,25
0,32,24,simd,1,0.990000,0.821500,1.045042,25
0,32,24,tg,1,0.299375,0.295833,0.303791,25
0,32,24,ql,1,0.393083,0.380375,0.402041,25
0,32,24,cpu,1,0.139500,0.132875,0.174292,25
0,32,24,simd_vals,1,0.771959,0.740666,0.774958,25
0,32,24,tg_vals,1,0.286916,0.284500,0.292167,25
0,32,24,ql_vals,1,0.314625,0.305792,0.324000,25
0,32,24,cpu_vals,1,0.109209,0.093458,0.230792,25
0,64,512,block,1,608.003291,607.798249,608.551853,3
0,64,512,cpu,1,57.623791,57.006375,57.806000,5
0,64,512,tridiag,1,348.193250,348.178354,348.398979,3
0,64,512,block_vals,1,419.133542,419.051896,419.149041,3
0,64,512,cpu_vals,1,23.973417,23.638937,24.760625,7
0,64,512,tridiag_vals,1,283.058208,282.573000,283.304541,5
0,1024,8,simd,1,0.518000,0.437042,0.685958,25
0,1024,8,tg,1,0.424334,0.285375,0.435958,25
0,1024,8,ql,1,0.283916,0.279750,0.289000,25
0,1024,8,ql_share,1,0.365750,0.361959,0.371958,25
0,1024,8,cpu,1,0.281125,0.276417,0.283458,25
0,1024,8,simd_vals,1,0.252042,0.250041,0.256042,25
0,1024,8,tg_vals,1,0.255666,0.250042,0.260542,25
0,1024,8,ql_vals,1,0.236583,0.235500,0.238458,25
0,1024,8,ql_share_vals,1,0.328750,0.322333,0.331333,25
0,1024,8,cpu_vals,1,0.184833,0.177833,0.201292,25
0,64,768,block,1,2072.924125,2072.171333,2073.277000,3
0,64,768,cpu,1,147.615167,145.870250,149.529916,5
0,64,768,tridiag,1,570.322458,569.925187,570.331062,3
0,64,768,block_vals,1,1381.690125,1380.946917,1382.173791,3
0,64,768,cpu_vals,1,57.098000,56.445875,59.613375,5
0,64,768,tridiag_vals,1,461.010709,460.896897,461.118980,3
0,64,384,block,1,252.792375,252.446292,253.300042,5
0,64,384,cpu,1,27.263084,27.205365,27.431927,6
0,64,384,tridiag,1,254.058250,253.930041,254.069000,5
0,64,384,block_vals,1,171.456541,171.434250,171.573250,5
0,64,384,cpu_vals,1,13.060833,12.926198,13.103937,12
0,64,384,tridiag_vals,1,208.583916,208.482416,208.683958,5
0,32,384,tg,1,764.869041,762.994500,765.568896,3
0,32,384,block,1,113.981375,113.913125,114.050250,5
0,32,384,cpu,1,14.817208,14.572229,15.095854,11
0,32,384,tridiag,1,127.193125,127.179459,127.235667,5
0,32,384,tg_vals,1,485.506375,485.207250,485.511875,3
0,32,384,block_vals,1,80.900750,80.871667,80.922000,5
0,32,384,cpu_vals,1,7.624709,7.235458,7.655958,21
0,32,384,tridiag_vals,1,104.477833,104.446250,104.483791,5
0,1024,48,tg,1,15.208042,15.135354,15.275812,10
0,1024,48,block,1,22.654875,22.625895,22.754125,7
0,1024,48,ql,1,4.824666,4.821083,4.855833,25
0,1024,48,ql_share,1,4.025083,3.925625,4.041792,25
0,1024,48,cpu,1,5.665292,5.625958,5.793083,25
0,1024,48,tg_vals,1,13.111708,13.085927,13.136489,12
0,1024,48,block_vals,1,19.754500,19.735834,19.778562,8
0,1024,48,ql_vals,1,3.442375,3.436208,3.447125,25
0,1024,48,ql_share_vals,1,2.171375,2.163792,2.206958,25
0,1024,48,cpu_vals,1,2.468791,2.407125,2.958334,25
0,1024,4,simd,1,0.369375,0.357791,0.385542,25
0,1024,4,tg,1,0.352167,0.243167,0.374625,25
0,1024,4,ql,1,0.237917,0.236458,0.239916,25
0,1024,4,ql_share,1,0.328958,0.319416,0.339500,25
0,1024,4,cpu,1,0.153291,0.151042,0.155791,25
0,1024,4,simd_vals,1,0.203500,0.188750,0.206458,25
0,1024,4,tg_vals,1,0.208041,0.198167,0.212500,25
0,1024,4,ql_vals,1,0.201959,0.197458,0.206875,25
0,1024,4,ql_share_vals,1,0.312542,0.304084,0.320792,25
0,1024,4,cpu_vals,1,0.124834,0.123750,0.142583,25
0,1,1024,block,1,101.176959,101.170875,101.255500,5
0,1,1024,cpu,1,40.350000,40.307167,40.585125,5
0,1,1024,tridiag,1,25.055750,25.015760,25.089520,6
0,1,1024,block_vals,1,90.466875,90.372208,90.472250,5
0,1,1024,cpu_vals,1,18.037958,18.002917,18.090583,9
0,1,1024,tridiag_vals,1,16.546104,16.521271,16.711458,10
0,256,4,simd,1,0.247625,0.237750,0.256167,25
0,256,4,tg,1,0.257291,0.243667,0.272583,25
0,256,4,ql,1,0.256792,0.237750,0.268083,25
0,256,4,ql_share,1,0.267333,0.261667,0.274458,25
0,256,4,cpu,1,0.096375,0.080125,0.222375,25
0,256,4,simd_vals,1,0.161750,0.148375,0.168292,25
0,256,4,tg_vals,1,0.160417,0.152250,0.171500,25
0,256,4,ql_vals,1,0.156042,0.147375,0.167833,25
0,256,4,ql_share_vals,1,0.262917,0.259917,0.271042,25
0,256,4,cpu_vals,1,0.124125,0.069584,0.127709,25
0,8,16,simd,1,0.557250,0.529584,1.101333,25
0,8,16,tg,1,0.233292,0.223292,0.236458,25
0,8,16,ql,1,0.263209,0.257291,0.275958,25
0,8,16,cpu,1,0.039542,0.034958,0.041917,25
0,8,16,simd_vals,1,0.315833,0.306583,0.325417,25
0,8,16,tg_vals,1,0.228000,0.217083,0.235542,25
0,8,16,ql_vals,1,0.223042,0.215250,0.231875,25
0,8,16,cpu_vals,1,0.030666,0.028792,0.033333,25
0,8,64,tg,1,1.264292,1.248959,1.520500,25
0,8,64,block,1,3.197375,3.171334,3.233292,25
0,8,64,ql,1,1.380958,1.374791,1.386666,25
0,8,64,cpu,1,0.266833,0.262042,0.279750,25
0,8,64,tg_vals,1,1.188334,1.155333,1.199459,25
0,8,64,block_vals,1,3.125292,3.071833,3.155708,25
0,8,64,ql_vals,1,1.086583,1.076042,1.120250,25
0,8,64,cpu_vals,1,0.146708,0.141625,0.158625,25
0,2048,96,tg,1,295.946208,295.920083,296.436333,5
0,2048,96,block,1,150.302209,149.875667,150.961292,5
0,2048,96,cpu,1,42.688917,41.622500,43.305333,5
0,2048,96,tg_vals,1,231.321208,230.601750,231.368208,5
0,2048,96,block_vals,1,126.108375,126.075750,126.150125,5
0,2048,96,cpu_vals,1,22.138541,22.000375,22.183417,7
0,16,96,tg,1,3.692875,3.688292,3.697375,25
0,16,96,block,1,5.078375,4.830709,5.153625,25
0,16,96,cpu,1,0.506667,0.501666,0.513375,25
0,16,96,tg_vals,1,3.309958,3.305958,3.314166,25
0,16,96,block_vals,1,4.934084,4.850167,4.974333,25
0,16,96,cpu_vals,1,0.303125,0.272625,0.326250,25
0,2,1536,block,1,431.061958,430.988541,431.828437,3
0,2,1536,cpu,1,112.527666,109.918917,112.751375,5
0,2,1536,tridiag,1,76.873792,76.869500,77.196042,5
0,2,1536,block_vals,1,290.170083,290.079583,290.313291,5
0,2,1536,cpu_vals,1,54.661875,53.638375,54.775208,5
0,2,1536,tridiag_vals,1,54.158458,54.057208,54.454458,5
0,4,768,block,1,104.776750,104.592833,104.833959,5
0,4,768,cpu,1,21.420500,21.398625,22.294833,7
0,4,768,tridiag,1,41.040125,40.820416,41.164417,5
0,4,768,block_vals,1,84.156667,84.093541,84.231000,5
0,4,768,cpu_vals,1,11.151000,11.092916,11.215302,14
0,4,768,tridiag_vals,1,32.391792,32.318750,32.394042,5
0,2,192,tg,1,27.634333,27.621958,27.654958,6
0,2,192,block,1,8.981875,8.954083,9.061542,17
0,2,192,cpu,1,1.148584,1.145292,1.161916,25
0,2,192,tridiag,1,4.099833,4.079542,4.135333,25
0,2,192,tg_vals,1,25.714771,25.712281,25.715041,6
0,2,192,block_vals,1,8.678791,8.637104,8.740146,18
0,2,192,cpu_vals,1,0.613958,0.611000,0.620833,25
0,2,192,tridiag_vals,1,3.375167,3.372792,3.381375,25
0,32,32,simd,1,1.745458,1.739625,1.759458,25
0,32,32,tg,1,0.438666,0.430791,0.523375,25
0,32,32,block,1,2.788666,2.745833,2.807042,25
0,32,32,ql,1,0.540292,0.533500,0.544709,25
0,32,32,cpu,1,0.168500,0.162625,0.173000,25
0,32,32,simd_vals,1,1.581667,1.571667,1.608500,25
0,32,32,tg_vals,1,0.415125,0.408459,0.489167,25
0,32,32,block_vals,1,2.727334,2.699542,2.766917,25
0,32,32,ql_vals,1,0.424667,0.399875,0.436334,25
0,32,32,cpu_vals,1,0.235917,0.124959,0.367958,25
0,512,256,block,1,633.438667,632.488875,633.715312,3
0,512,256,cpu,1,88.001250,87.732375,88.640208,5
0,512,256,block_vals,1,481.675666,481.593999,482.033875,3
0,512,256,cpu_vals,1,40.748042,40.530292,40.907625,5
0,1,256,tg,1,54.967250,54.946667,54.979458,5
0,1,256,block,1,11.753375,11.716375,11.821584,13
0,1,256,cpu,1,2.237083,2.195083,2.276625,25
0,1,256,tridiag,1,3.437791,3.424833,3.464625,25
0,1,256,tg_vals,1,53.942083,53.936292,53.946375,5
0,1,256,block_vals,1,11.414959,11.312958,11.495437,14
0,1,256,cpu_vals,1,1.046500,1.043667,1.047875,25
0,1,256,tridiag_vals,1,2.529083,2.522958,2.538875,25
0,32,768,block,1,997.569833,996.935583,997.765375,3
0,32,768,cpu,1,76.740041,76.580625,77.080459,5
0,32,768,tridiag,1,288.436125,287.951709,288.582541,5
0,32,768,block_vals,1,671.676958,671.665750,672.009937,3
0,32,768,cpu_vals,1,32.774750,32.757625,33.489042,5
0,32,768,tridiag_vals,1,232.396667,232.338416,232.531875,5
0,512,16,simd,1,0.994167,0.582250,1.083750,25
0,512,16,tg,1,0.505375,0.502083,0.509000,25
0,512,16,ql,1,0.399416,0.395375,0.401458,25
0,512,16,ql_share,1,0.471708,0.467125,0.486542,25
0,512,16,cpu,1,0.414500,0.410875,0.421000,25
0,512,16,simd_vals,1,0.504458,0.497333,0.508875,25
0,512,16,tg_vals,1,0.450916,0.445625,0.465084,25
0,512,16,ql_vals,1,0.302667,0.294666,0.306083,25
0,512,16,ql_share_vals,1,0.385125,0.382500,0.397375,25
0,512,16,cpu_vals,1,0.217292,0.201625,0.574291,25
0,32,256,tg,1,193.818625,193.377333,194.081333,5
0,32,256,block,1,34.943292,34.845417,35.003375,5
0,32,256,cpu,1,6.629917,6.429375,7.000021,23
0,32,256,tridiag,1,83.290292,83.276541,83.312958,5
0,32,256,tg_vals,1,122.354541,121.938250,122.692792,5
0,32,256,block_vals,1,30.045792,30.003208,30.085750,5
0,32,256,cpu_vals,1,2.946417,2.873208,3.508458,25
0,32,256,tridiag_vals,1,68.092500,68.079375,68.097458,5
0,4,24,simd,1,0.830458,0.792709,0.837125,25
0,4,24,tg,1,0.279958,0.274875,0.282833,25
0,4,24,ql,1,0.377334,0.367083,0.404250,25
0,4,24,cpu,1,0.036708,0.036291,0.042459,25
0,4,24,simd_vals,1,0.772041,0.725000,0.777625,25
0,4,24,tg_vals,1,0.266625,0.258000,0.275750,25
0,4,24,ql_vals,1,0.305083,0.293833,0.309208,25
0,4,24,cpu_vals,1,0.021834,0.021333,0.024875,25
0,256,384,block,1,1054.079791,1053.426812,1054.435645,3
0,256,384,cpu,1,102.533333,101.264583,102.673083,5
0,256,384,block_vals,1,761.609166,761.580166,762.294479,3
0,256,384,cpu_vals,1,48.642625,48.326375,48.776834,5
0,1024,64,tg,1,38.133958,38.012792,38.137500,5
0,1024,64,block,1,24.888834,24.822916,24.927312,7
0,1024,64,ql,1,11.656292,11.635542,11.705042,13
0,1024,64,ql_share,1,6.843208,6.772083,7.120698,22
0,1024,64,cpu,1,10.018208,9.757458,10.143875,15
0,1024,64,tg_vals,1,32.859750,32.753291,32.910083,5
0,1024,64,block_vals,1,21.219812,21.185063,21.282907,8
0,1024,64,ql_vals,1,8.499541,8.472656,8.518885,18
0,1024,64,ql_share_vals,1,3.130583,3.114833,3.196667,25
0,1024,64,cpu_vals,1,4.411542,4.027291,4.469208,25
0,16,32,simd,1,1.743250,1.737542,1.753459,25
0,16,32,tg,1,0.375042,0.370167,0.378042,25
0,16,32,block,1,2.789083,2.744917,2.818500,25
0,16,32,ql,1,0.528541,0.522500,0.534083,25
0,16,32,cpu,1,0.148000,0.138583,0.542708,25
0,16,32,simd_vals,1,1.590792,1.577083,1.621333,25
0,16,32,tg_vals,1,0.358041,0.348958,0.364083,25
0,16,32,block_vals,1,2.714291,2.681292,2.748708,25
0,16,32,ql_vals,1,0.413083,0.382458,0.473000,25
0,16,32,cpu_vals,1,0.079834,0.068083,0.179375,25
0,4096,192,block,1,2117.864167,2117.032271,2118.022063,3
0,4096,192,cpu,1,322.353250,321.389333,322.938333,3
0,4096,192,block_vals,1,1661.985625,1661.562416,1663.583355,3
0,4096,192,cpu_vals,1,164.571333,163.622250,164.610500,5
0,256,8,simd,1,0.368333,0.360666,0.373417,25
0,256,8,tg,1,0.364250,0.328458,0.376750,25
0,256,8,ql,1,0.205667,0.201417,0.207791,25
0,256,8,ql_share,1,0.319708,0.317584,0.325250,25
0,256,8,cpu,1,0.130000,0.128250,0.135500,25
0,256,8,simd_vals,1,0.187167,0.178625,0.190500,25
0,256,8,tg_vals,1,0.176333,0.168625,0.187125,25
0,256,8,ql_vals,1,0.174958,0.162708,0.183500,25
0,256,8,ql_share_vals,1,0.282792,0.276250,0.287791,25
0,256,8,cpu_vals,1,0.100125,0.086500,0.123000,25
0,1024,24,simd,1,2.400375,2.391042,2.409375,25
0,1024,24,tg,1,2.175334,2.169833,2.183750,25
0,1024,24,ql,1,1.108625,1.074542,1.116458,25
0,1024,24,ql_share,1,1.024542,1.015084,1.041291,25
0,1024,24,cpu,1,1.528333,1.523417,1.541917,25
0,1024,24,simd_vals,1,2.092041,2.070125,2.123041,25
0,1024,24,tg_vals,1,1.879625,1.861666,1.887375,25
0,1024,24,ql_vals,1,0.756209,0.720833,0.763375,25
0,1024,24,ql_share_vals,1,0.798750,0.782292,0.815208,25
0,1024,24,cpu_vals,1,0.593750,0.568542,0.625667,25
0,8,2,simd,1,0.183125,0.169833,0.194417,25
0,8,2,tg,1,0.209875,0.183916,0.220333,25
0,8,2,ql,1,0.179042,0.172834,0.201875,25
0,8,2,cpu,1,0.011125,0.005834,0.014542,25
0,8,2,simd_vals,1,0.217375,0.202583,0.223917,25
0,8,2,tg_vals,1,0.147042,0.141959,0.176458,25
0,8,2,ql_vals,1,0.141833,0.138042,0.155084,25
0,8,2,cpu_vals,1,0.007834,0.005292,0.011250,25
0,4,256,tg,1,55.106292,55.070209,55.107542,5
0,4,256,block,1,12.840063,12.747094,12.973375,12
0,4,256,cpu,1,2.370834,2.357250,2.384708,25
0,4,256,tridiag,1,10.713979,10.705375,10.728041,14
0,4,256,tg_vals,1,53.958042,53.892417,53.958417,5
0,4,256,block_vals,1,12.152125,12.089625,12.242917,13
0,4,256,cpu_vals,1,1.132834,1.131083,1.139375,25
0,4,256,tridiag_vals,1,8.880167,8.870125,8.891209,17
0,64,96,tg,1,11.478750,11.393542,11.652666,13
0,64,96,block,1,7.651000,7.602521,7.740364,20
0,64,96,cpu,1,1.565125,1.555667,1.583167,25
0,64,96,tg_vals,1,9.195500,9.181334,9.212000,17
0,64,96,block_vals,1,7.230916,7.158958,7.334292,21
0,64,96,cpu_vals,1,0.870917,0.860375,0.894916,25
0,16,192,tg,1,29.129624,29.121666,29.136490,6
0,16,192,block,1,11.717917,11.480209,11.813041,13
0,16,192,cpu,1,1.853666,1.828416,2.315791,25
0,16,192,tridiag,1,31.348208,31.242542,31.555875,5
0,16,192,tg_vals,1,25.756312,25.727937,25.791344,6
0,16,192,block_vals,1,10.666583,10.573375,10.701812,15
0,16,192,cpu_vals,1,1.283500,0.881459,1.477250,25
0,16,192,tridiag_vals,1,25.175375,25.146646,25.184260,6
0,1,128,tg,1,7.949000,7.932062,7.963750,19
0,1,128,block,1,5.927083,5.841375,5.968958,25
0,1,128,cpu,1,0.496875,0.495042,0.499292,25
0,1,128,tridiag,1,1.568958,1.558666,1.595542,25
0,1,128,tg_vals,1,7.197834,7.191667,7.201208,21
0,1,128,block_vals,1,5.746000,5.640333,5.875708,25
0,1,128,cpu_vals,1,0.262291,0.261500,0.264042,25
0,1,128,tridiag_vals,1,1.124584,1.122792,1.126583,25
0,1,2,simd,1,0.168667,0.153042,0.219084,25
0,1,2,tg,1,0.167167,0.160416,0.173208,25
0,1,2,ql,1,0.161291,0.151416,0.173667,25
0,1,2,cpu,1,0.001291,0.001209,0.001459,25
0,1,2,simd_vals,1,0.151667,0.147958,0.161417,25
0,1,2,tg_vals,1,0.150209,0.148208,0.164667,25
0,1,2,ql_vals,1,0.143417,0.136542,0.159000,25
0,1,2,cpu_vals,1,0.001583,0.001500,0.001709,25
0,2,2048,block,1,1158.339417,1158.017291,1158.455980,3
0,2,2048,cpu,1,314.236000,314.151542,365.544542,3
0,2,2048,tridiag,1,135.297750,135.172584,135.558167,5
0,2,2048,block_vals,1,705.479209,701.804250,707.939750,3
0,2,2048,cpu_vals,1,107.332125,106.738542,108.123958,5
0,2,2048,tridiag_vals,1,93.914250,93.771625,94.108083,5
0,128,8,simd,1,0.350917,0.341958,0.355917,25
0,128,8,tg,1,0.361875,0.355542,0.367875,25
0,128,8,ql,1,0.218000,0.209916,0.250083,25
0,128,8,ql_share,1,0.299250,0.291750,0.311833,25
0,128,8,cpu,1,0.120000,0.104125,0.255958,25
0,128,8,simd_vals,1,0.190791,0.183125,0.192583,25
0,128,8,tg_vals,1,0.169667,0.163834,0.186041,25
0,128,8,ql_vals,1,0.190125,0.179125,0.191709,25
0,128,8,ql_share_vals,1,0.271291,0.242750,0.279625,25
0,128,8,cpu_vals,1,0.164875,0.072916,0.167959,25
0,128,384,block,1,529.174667,528.958459,529.458083,3
0,128,384,cpu,1,51.586541,51.481667,52.232917,5
0,128,384,tridiag,1,505.491375,505.307041,505.729292,3
0,128,384,block_vals,1,372.120583,372.007229,372.307521,3
0,128,384,cpu_vals,1,24.344417,24.268813,24.498313,7
0,128,384,tridiag_vals,1,415.884875,415.433000,416.107604,3
0,64,12,simd,1,0.301375,0.282834,0.802958,25
0,64,12,tg,1,0.232417,0.228250,0.234542,25
0,64,12,ql,1,0.240958,0.235500,0.245375,25
0,64,12,ql_share,1,0.329500,0.322458,0.334541,25
0,64,12,cpu,1,0.231000,0.115834,0.325584,25
0,64,12,simd_vals,1,0.241834,0.236458,0.255458,25
0,64,12,tg_vals,1,0.196875,0.191584,0.207334,25
0,64,12,ql_vals,1,0.189208,0.182791,0.199917,25
0,64,12,ql_share_vals,1,0.131583,0.126708,0.163250,25
0,64,12,cpu_vals,1,0.149041,0.080208,0.155166,25
0,512,96,tg,1,73.860208,73.824000,74.454584,5
0,512,96,block,1,37.591792,37.560875,37.619208,5
0,512,96,cpu,1,11.254125,11.206250,11.299250,14
0,512,96,tg_vals,1,58.008791,57.958333,58.041708,5
0,512,96,block_vals,1,30.543167,30.487208,30.636250,5
0,512,96,cpu_vals,1,5.960166,5.937875,6.045541,25
0,512,24,simd,1,1.520542,1.500750,1.548125,25
0,512,24,tg,1,1.248459,1.234583,1.290417,25
0,512,24,ql,1,0.639250,0.634208,0.646417,25
0,512,24,ql_share,1,0.961833,0.932500,0.986500,25
0,512,24,cpu,1,0.813042,0.794542,0.822500,25
0,512,24,simd_vals,1,1.308209,1.302292,1.318042,25
0,512,24,tg_vals,1,1.065291,1.054709,1.111125,25
0,512,24,ql_vals,1,0.447208,0.442250,0.453708,25
0,512,24,ql_share_vals,1,0.448208,0.444750,0.479875,25
0,512,24,cpu_vals,1,0.342917,0.325042,0.573458,25
0,2,8,simd,1,0.181459,0.167958,0.222917,25
0,2,8,tg,1,0.186750,0.179834,0.215458,25
0,2,8,ql,1,0.251250,0.233666,0.256625,25
0,2,8,cpu,1,0.007792,0.007709,0.007916,25
0,2,8,simd_vals,1,0.180333,0.167750,0.211459,25
0,2,8,tg_vals,1,0.212291,0.167125,0.249792,25
0,2,8,ql_vals,1,0.181583,0.166291,0.234916,25
0,2,8,cpu_vals,1,0.005583,0.005042,0.008166,25
0,8,1024,block,1,549.604583,549.383625,550.020958,3
0,8,1024,cpu,1,66.117750,65.151250,69.598709,5
0,8,1024,tridiag,1,116.308334,116.087209,116.460250,5
0,8,1024,block_vals,1,332.919500,332.535771,333.204292,3
0,8,1024,cpu_vals,1,27.713271,26.594906,28.026698,6
0,8,1024,tridiag_vals,1,90.677792,90.588000,91.061667,5
0,32,2,simd,1,0.185917,0.174833,0.213709,25
0,32,2,tg,1,0.172334,0.168417,0.176125,25
0,32,2,ql,1,0.156625,0.140417,0.162583,25
0,32,2,cpu,1,0.016958,0.016250,0.017292,25
0,32,2,simd_vals,1,0.146291,0.140375,0.155375,25
0,32,2,tg_vals,1,0.154083,0.141542,0.158708,25
0,32,2,ql_vals,1,0.143709,0.139208,0.154625,25
0,32,2,cpu_vals,1,0.009500,0.009333,0.009958,25
0,4,1536,block,1,970.039667,968.879896,970.195291,3
0,4,1536,cpu,1,120.244667,118.285125,121.250916,5
0,4,1536,tridiag,1,128.933500,128.866792,128.981083,5
0,4,1536,block_vals,1,601.742583,601.292021,605.336875,3
0,4,1536,cpu_vals,1,55.858000,55.662417,55.974209,5
0,4,1536,tridiag_vals,1,94.988541,94.885583,95.029584,5
0,256,64,tg,1,10.187750,10.107208,10.216667,15
0,256,64,block,1,8.155708,8.070729,8.230334,19
0,256,64,ql,1,3.906959,3.899000,3.921541,25
0,256,64,ql_share,1,2.915625,2.862875,3.911084,25
0,256,64,cpu,1,2.622583,2.596833,3.159916,25
0,256,64,tg_vals,1,8.526354,8.491375,8.568157,18
0,256,64,block_vals,1,7.654751,7.599864,7.700895,20
0,256,64,ql_vals,1,2.933292,2.925416,2.943875,25
0,256,64,ql_share_vals,1,2.233167,2.195667,2.474250,25
0,256,64,cpu_vals,1,1.084083,1.061708,1.688209,25
0,1,4096,block,1,4948.808625,4947.116396,4948.868916,3
0,1,4096,cpu,1,2328.671417,2328.546000,2329.667271,3
0,1,4096,tridiag,1,428.407125,428.262458,428.857687,3
0,1,4096,block_vals,1,3303.536250,3301.056271,3303.599604,3
0,1,4096,cpu_vals,1,465.502458,465.415042,467.400000,3
0,1,4096,tridiag_vals,1,295.118834,294.609459,295.506666,5
0,8,192,tg,1,27.819291,27.794156,27.834990,6
0,8,192,block,1,10.037125,9.941584,10.099626,15
0,8,192,cpu,1,1.476292,1.470875,1.493708,25
0,8,192,tridiag,1,15.862958,15.842594,15.877385,10
0,8,192,tg_vals,1,25.724375,25.717104,25.741802,6
0,8,192,block_vals,1,9.551250,9.372667,9.581531,16
0,8,192,cpu_vals,1,0.765209,0.753709,0.768792,25
0,8,192,tridiag_vals,1,12.701750,12.687740,12.722469,12
0,128,96,tg,1,20.471355,20.306511,20.710469,8
0,128,96,block,1,11.449209,11.368656,11.588021,14
0,128,96,cpu,1,2.928916,2.900958,3.012292,25
0,128,96,tg_vals,1,16.120292,15.945177,16.277813,10
0,128,96,block_vals,1,10.442833,10.412854,10.556396,15
0,128,96,cpu_vals,1,2.158917,1.619167,2.220708,25
0,4096,16,simd,1,2.410167,2.397958,2.417875,25
0,4096,16,tg,1,2.388500,2.379458,2.395792,25
0,4096,16,ql,1,1.630542,1.572291,1.669875,25
0,4096,16,ql_share,1,1.446375,1.442125,1.456500,25
0,4096,16,cpu,1,2.576667,2.553750,2.982791,25
0,4096,16,simd_vals,1,2.027541,2.010958,2.257125,25
0,4096,16,tg_vals,1,2.012167,2.005500,2.013291,25
0,4096,16,ql_vals,1,1.063666,1.053875,1.113000,25
0,4096,16,ql_share_vals,1,0.827500,0.817375,0.841000,25
0,4096,16,cpu_vals,1,1.093750,0.950416,1.671417,25
0,8,12,simd,1,0.790042,0.741375,0.813958,25
0,8,12,tg,1,0.254750,0.214416,0.464750,25
0,8,12,ql,1,0.224875,0.222125,0.230542,25
0,8,12,cpu,1,0.032834,0.031208,0.042709,25
0,8,12,simd_vals,1,0.249458,0.242917,0.255459,25
0,8,12,tg_vals,1,0.207959,0.193250,0.212542,25
0,8,12,ql_vals,1,0.199166,0.185875,0.201667,25
0,8,12,cpu_vals,1,0.021917,0.020000,0.026042,25
0,2,64,tg,1,1.241666,1.221959,1.462959,25
0,2,64,block,1,3.243417,3.161125,3.411458,25
0,2,64,ql,1,1.325708,1.316292,1.382458,25
0,2,64,cpu,1,0.160250,0.158417,0.164958,25
0,2,64,tg_vals,1,1.103875,1.100209,1.153750,25
0,2,64,block_vals,1,3.284834,3.197916,3.373209,25
0,2,64,ql_vals,1,1.059042,1.053625,1.066334,25
0,2,64,cpu_vals,1,0.074958,0.074375,0.075959,25
0,1,96,tg,1,3.622625,3.620666,3.625375,25
0,1,96,block,1,4.858375,4.736750,5.005000,25
0,1,96,cpu,1,0.287209,0.285667,0.292334,25
0,1,96,tg_vals,1,3.296500,3.288750,3.300208,25
0,1,96,block_vals,1,4.737042,4.672958,4.804375,25
0,1,96,cpu_vals,1,0.147917,0.147500,0.148875,25
0,512,48,tg,1,7.997042,7.957583,8.067854,19
0,512,48,block,1,12.084042,11.990958,12.137625,13
0,512,48,ql,1,2.566667,2.529417,2.581167,25
0,512,48,ql_share,1,2.022167,2.014000,2.035042,25
0,512,48,cpu,1,2.999250,2.919375,3.520458,25
0,512,48,tg_vals,1,6.967062,6.875614,7.010740,22
0,512,48,block_vals,1,11.236562,11.196125,11.313624,14
0,512,48,ql_vals,1,1.849958,1.840709,1.872667,25
0,512,48,ql_share_vals,1,1.678500,1.593250,1.697500,25
0,512,48,cpu_vals,1,1.424583,1.330041,1.955375,25
0,128,192,tg,1,262.965708,262.420708,263.651667,5
0,128,192,block,1,62.877167,62.851917,62.905833,5
0,128,192,cpu,1,11.942375,11.837084,12.004041,13
0,128,192,tridiag,1,251.902792,251.705959,251.974083,5
0,128,192,tg_vals,1,150.958833,148.137833,152.527791,5
0,128,192,block_vals,1,48.145125,48.077792,48.167708,5
0,128,192,cpu_vals,1,6.066166,5.646625,6.107167,25
0,128,192,tridiag_vals,1,199.868375,199.824875,199.881917,5
0,1,32,simd,1,1.529000,1.485958,1.720666,25
0,1,32,tg,1,0.330208,0.320167,0.338083,25
0,1,32,block,1,3.155542,3.089708,3.307667,25
0,1,32,ql,1,0.530125,0.521583,0.540708,25
0,1,32,cpu,1,0.036666,0.029959,0.036833,25
0,1,32,simd_vals,1,1.396042,1.386750,1.437333,25
0,1,32,tg_vals,1,0.321083,0.313041,0.325542,25
0,1,32,block_vals,1,2.848791,2.727375,2.988042,25
0,1,32,ql_vals,1,0.429083,0.416417,0.450083,25
0,1,32,cpu_vals,1,0.011875,0.011792,0.011958,25
0,32,96,tg,1,5.821709,5.816500,5.830000,25
0,32,96,block,1,5.385542,5.214917,5.562583,25
0,32,96,cpu,1,0.838583,0.830375,0.845167,25
0,32,96,tg_vals,1,4.947791,4.932625,5.193375,25
0,32,96,block_vals,1,5.126958,5.056292,5.171625,25
0,32,96,cpu_vals,1,0.500250,0.474041,0.597667,25
0,128,512,block,1,1237.737000,1237.144813,1238.296500,3
0,128,512,cpu,1,112.225208,110.825208,112.284083,5
0,128,512,tridiag,1,692.088667,692.020417,692.553708,3
0,128,512,block_vals,1,864.601625,864.352354,864.978416,3
0,128,512,cpu_vals,1,45.582959,45.545083,45.743583,5
0,128,512,tridiag_vals,1,563.324042,562.954626,563.633104,3
0,2,24,simd,1,0.842166,0.794917,1.372584,25
0,2,24,tg,1,0.271542,0.257667,0.280500,25
0,2,24,ql,1,0.376792,0.364042,0.397666,25
0,2,24,cpu,1,0.032709,0.032208,0.034333,25
0,2,24,simd_vals,1,0.728833,0.707292,0.772292,25
0,2,24,tg_vals,1,0.257083,0.251500,0.270709,25
0,2,24,ql_vals,1,0.298125,0.284208,0.314167,25
0,2,24,cpu_vals,1,0.017292,0.017084,0.017417,25
0,2048,24,simd,1,3.975083,3.960625,3.984375,25
0,2048,24,tg,1,3.867750,3.857000,3.872833,25
0,2048,24,ql,1,1.778458,1.770292,1.801292,25
0,2048,24,ql_share,1,1.610417,1.563417,1.866167,25
0,2048,24,cpu,1,3.357000,2.958750,3.419000,25
0,2048,24,simd_vals,1,3.322209,3.318792,3.330708,25
0,2048,24,tg_vals,1,3.307541,3.299958,3.315791,25
0,2048,24,ql_vals,1,1.074667,1.068875,1.122417,25
0,2048,24,ql_share_vals,1,0.908833,0.893584,0.924875,25
0,2048,24,cpu_vals,1,1.628375,1.128375,1.716167,25
0,128,4,simd,1,0.242542,0.229791,0.246375,25
0,128,4,tg,1,0.256667,0.253000,0.264750,25
0,128,4,ql,1,0.252917,0.247416,0.259291,25
0,128,4,ql_share,1,0.158292,0.144791,0.178458,25
0,128,4,cpu,1,0.112459,0.099041,0.116209,25
0,128,4,simd_vals,1,0.150667,0.142833,0.164042,25
0,128,4,tg_vals,1,0.153584,0.149375,0.171250,25
0,128,4,ql_vals,1,0.149542,0.145750,0.162125,25
0,128,4,ql_share_vals,1,0.145084,0.137958,0.148833,25
0,128,4,cpu_vals,1,0.065417,0.062667,0.066333,25
0,16,48,tg,1,0.765959,0.691209,0.774958,25
0,16,48,block,1,3.247958,3.231042,3.282084,25
0,16,48,ql,1,0.891417,0.882458,0.931292,25
0,16,48,cpu,1,0.213875,0.207416,0.226416,25
0,16,48,tg_vals,1,0.702375,0.653708,0.724542,25
0,16,48,block_vals,1,3.146125,3.126459,3.183833,25
0,16,48,ql_vals,1,0.716458,0.705458,0.751125,25
0,16,48,cpu_vals,1,0.147458,0.133833,0.154125,25
0,64,256,tg,1,409.679000,408.283437,412.752271,3
0,64,256,block,1,69.344625,69.162541,69.426125,5
0,64,256,cpu,1,12.368500,12.319250,12.441542,13
0,64,256,tridiag,1,165.762583,165.743250,165.952958,5
0,64,256,tg_vals,1,243.322542,242.882834,243.681083,5
0,64,256,block_vals,1,53.943542,53.887416,54.095083,5
0,64,256,cpu_vals,1,5.491041,5.460750,5.534333,25
0,64,256,tridiag_vals,1,135.392583,135.382708,135.406458,5
0,16,8,simd,1,0.188417,0.178458,0.211083,25
0,16,8,tg,1,0.184042,0.168458,0.191166,25
0,16,8,ql,1,0.185042,0.171875,0.189375,25
0,16,8,cpu,1,0.039750,0.039583,0.041083,25
0,16,8,simd_vals,1,0.180042,0.169167,0.184125,25
0,16,8,tg_vals,1,0.172041,0.164375,0.179083,25
0,16,8,ql_vals,1,0.161333,0.154042,0.169083,25
0,16,8,cpu_vals,1,0.021875,0.021667,0.022042,25
0,8,512,tg,1,575.069917,574.901438,575.144937,3
0,8,512,block,1,63.917959,63.568750,63.948250,5
0,8,512,cpu,1,12.168792,12.023875,12.913208,13
0,8,512,tridiag,1,46.409584,46.347959,46.484125,5
0,8,512,tg_vals,1,442.718917,442.661375,442.722896,3
0,8,512,block_vals,1,52.349750,52.318459,52.600292,5
0,8,512,cpu_vals,1,5.695084,5.669959,5.725792,25
0,8,512,tridiag_vals,1,36.964584,36.959291,37.047583,5
0,128,256,block,1,155.367708,155.336542,155.489416,5
0,128,256,cpu,1,23.046834,22.892937,23.288708,7
0,128,256,tridiag,1,334.049709,333.907354,334.364751,3
0,128,256,block_vals,1,109.209000,109.057291,109.219542,5
0,128,256,cpu_vals,1,10.512667,10.235459,10.714042,15
0,128,256,tridiag_vals,1,271.993292,271.820875,272.478167,5
0,1024,12,simd,1,0.550833,0.532875,1.322125,25
0,1024,12,tg,1,0.518042,0.517292,0.520959,25
0,1024,12,ql,1,0.414500,0.411750,0.416541,25
0,1024,12,ql_share,1,0.647709,0.500250,0.660958,25
0,1024,12,cpu,1,0.454500,0.446959,0.459250,25
0,1024,12,simd_vals,1,0.468125,0.465875,0.473125,25
0,1024,12,tg_vals,1,0.459083,0.453500,0.463916,25
0,1024,12,ql_vals,1,0.314125,0.311625,0.322208,25
0,1024,12,ql_share_vals,1,0.346125,0.342583,0.364500,25
0,1024,12,cpu_vals,1,0.280625,0.238625,0.637375,25
0,8,256,tg,1,62.507959,62.492708,62.511833,5
0,8,256,block,1,14.825375,14.796417,14.921125,11
0,8,256,cpu,1,2.725709,2.694584,2.763125,25
0,8,256,tridiag,1,21.030501,21.008021,21.077646,8
0,8,256,tg_vals,1,60.288625,60.287625,60.312417,5
0,8,256,block_vals,1,13.534229,13.487396,13.572166,12
0,8,256,cpu_vals,1,1.323625,1.321708,1.354625,25
0,8,256,tridiag_vals,1,17.284250,17.273667,17.319667,9
0,8,8,simd,1,0.187125,0.181000,0.198792,25
0,8,8,tg,1,0.184791,0.170584,0.190875,25
0,8,8,ql,1,0.187917,0.178208,0.191958,25
0,8,8,cpu,1,0.027750,0.026583,0.030042,25
0,8,8,simd_vals,1,0.188125,0.178375,0.191542,25
0,8,8,tg_vals,1,0.177167,0.167333,0.187667,25
0,8,8,ql_vals,1,0.167875,0.158250,0.181500,25
0,8,8,cpu_vals,1,0.012000,0.011750,0.015333,25
0,2,128,tg,1,7.964917,7.955542,7.982792,19
0,2,128,block,1,5.841500,5.804667,6.026750,25
0,2,128,cpu,1,0.537208,0.534041,0.539250,25
0,2,128,tridiag,1,2.596458,2.588208,2.604042,25
0,2,128,tg_vals,1,7.197417,7.194917,7.206958,21
0,2,128,block_vals,1,5.802834,5.728125,5.917833,25
0,2,128,cpu_vals,1,0.287333,0.285833,0.287875,25
0,2,128,tridiag_vals,1,2.146667,2.138792,2.147583,25
0,256,48,tg,1,4.252417,4.244916,4.266000,25
0,256,48,block,1,7.632896,7.554709,7.713104,20
0,256,48,ql,1,1.715166,1.712667,1.721584,25
0,256,48,ql_share,1,1.092417,1.081417,1.136584,25
0,256,48,cpu,1,1.495583,1.480625,1.520292,25
0,256,48,tg_vals,1,3.742083,3.734125,3.748916,25
0,256,48,block_vals,1,7.188875,7.170417,7.317625,21
0,256,48,ql_vals,1,1.301750,1.257791,1.334375,25
0,256,48,ql_share_vals,1,0.875792,0.849125,0.954958,25
0,256,48,cpu_vals,1,0.694667,0.665500,0.723500,25
0,8,768,block,1,216.383916,216.172750,216.843625,5
0,8,768,cpu,1,28.045105,27.280281,28.881428,6
0,8,768,tridiag,1,76.908750,76.838084,76.952041,5
0,8,768,block_vals,1,147.821708,147.791583,147.994000,5
0,8,768,cpu_vals,1,12.936062,12.615531,13.622813,12
0,8,768,tridiag_vals,1,60.992417,60.911542,61.002625,5
0,8,48,tg,1,0.730333,0.676041,0.766709,25
0,8,48,block,1,3.236250,3.181750,3.275791,25
0,8,48,ql,1,0.876291,0.844834,0.923458,25
0,8,48,cpu,1,0.197250,0.192917,0.202250,25
0,8,48,tg_vals,1,0.720000,0.677125,0.727416,25
0,8,48,block_vals,1,3.135708,3.111333,3.191292,25
0,8,48,ql_vals,1,0.725083,0.712500,0.792667,25
0,8,48,cpu_vals,1,0.102292,0.093084,0.119542,25
0,4096,2,simd,1,0.227625,0.218917,0.228583,25
0,4096,2,tg,1,0.220125,0.210292,0.226167,25
0,4096,2,ql,1,0.212500,0.208292,0.216875,25
0,4096,2,ql_share,1,0.326208,0.317166,0.334750,25
0,4096,2,cpu,1,0.198792,0.192875,0.215750,25
0,4096,2,simd_vals,1,0.189625,0.170750,0.193792,25
0,4096,2,tg_vals,1,0.193500,0.180209,0.195958,25
0,4096,2,ql_vals,1,0.183917,0.169708,0.187958,25
0,4096,2,ql_share_vals,1,0.299208,0.291667,0.305959,25
0,4096,2,cpu_vals,1,0.137792,0.134000,0.141209,25
0,8,32,simd,1,1.730833,1.720917,1.741375,25
0,8,32,tg,1,0.372041,0.367166,0.378250,25
0,8,32,block,1,2.745250,2.725584,2.859917,25
0,8,32,ql,1,0.529542,0.511375,0.544625,25
0,8,32,cpu,1,0.089458,0.086959,0.099250,25
0,8,32,simd_vals,1,1.580916,1.570833,1.617250,25
0,8,32,tg_vals,1,0.364167,0.357375,0.371708,25
0,8,32,block_vals,1,2.988583,2.953041,3.106541,25
0,8,32,ql_vals,1,0.442500,0.429750,0.473792,25
0,8,32,cpu_vals,1,0.051333,0.046708,0.052708,25
0,4096,24,simd,1,7.525021,7.514468,7.563375,20
0,4096,24,tg,1,7.484458,7.453500,7.506541,21
0,4096,24,ql,1,3.206792,3.194333,3.221792,25
0,4096,24,ql_share,1,2.615208,2.608375,2.630875,25
0,4096,24,cpu,1,5.836333,5.788875,5.921709,25
0,4096,24,simd_vals,1,6.287500,6.276375,6.293396,24
0,4096,24,tg_vals,1,6.245000,6.236708,6.249916,25
0,4096,24,ql_vals,1,1.958083,1.953500,1.962375,25
0,4096,24,ql_share_vals,1,1.390708,1.382709,1.400500,25
0,4096,24,cpu_vals,1,2.467833,2.067917,2.541875,25
0,32,16,simd,1,0.571041,0.540875,1.087709,25
0,32,16,tg,1,0.311208,0.308375,0.322000,25
0,32,16,ql,1,0.349375,0.331583,0.366958,25
0,32,16,cpu,1,0.104250,0.094875,0.133208,25
0,32,16,simd_vals,1,0.372750,0.364250,0.394500,25
0,32,16,tg_vals,1,0.251167,0.246625,0.257208,25
0,32,16,ql_vals,1,0.254125,0.249625,0.256291,25
0,32,16,cpu_vals,1,0.114333,0.083292,0.118584,25
0,4,384,tg,1,218.065292,218.035042,218.081167,5
0,4,384,block,1,25.012667,24.910469,25.108709,6
0,4,384,cpu,1,5.208291,5.176916,5.243458,25
0,4,384,tridiag,1,17.256875,17.251083,17.277959,9
0,4,384,tg_vals,1,190.127417,190.105667,190.196666,5
0,4,384,block_vals,1,22.635875,22.564750,22.713750,7
0,4,384,cpu_vals,1,2.570500,2.559541,2.580416,25
0,4,384,tridiag_vals,1,13.816042,13.763771,13.844834,11
0,32,48,tg,1,0.998083,0.987541,1.046208,25
0,32,48,block,1,3.355792,3.334667,3.384042,25
0,32,48,ql,1,0.910459,0.857750,0.965916,25
0,32,48,cpu,1,0.310792,0.307042,0.318000,25
0,32,48,tg_vals,1,0.895042,0.863708,0.937333,25
0,32,48,block_vals,1,3.253250,3.213125,3.284584,25
0,32,48,ql_vals,1,0.725041,0.720541,0.793791,25
0,32,48,cpu_vals,1,0.173208,0.170459,0.178125,25
0,32,8,simd,1,0.308667,0.295000,0.317875,25
0,32,8,tg,1,0.323875,0.310917,0.342292,25
0,32,8,ql,1,0.188875,0.178542,0.192500,25
0,32,8,cpu,1,0.077125,0.072125,0.079750,25
0,32,8,simd_vals,1,0.167958,0.161417,0.175834,25
0,32,8,tg_vals,1,0.167542,0.164584,0.184041,25
0,32,8,ql_vals,1,0.170875,0.161000,0.179333,25
0,32,8,cpu_vals,1,0.040875,0.040750,0.041917,25
0,128,24,simd,1,0.831500,0.778417,0.885584,25
0,128,24,tg,1,0.484250,0.481792,0.496209,25
0,128,24,ql,1,0.409417,0.406666,0.414166,25
0,128,24,ql_share,1,0.506291,0.498541,0.525500,25
0,128,24,cpu,1,0.281584,0.275708,0.287042,25
0,128,24,simd_vals,1,0.741542,0.702292,0.787333,25
0,128,24,tg_vals,1,0.452500,0.442833,0.462166,25
0,128,24,ql_vals,1,0.329583,0.325750,0.331000,25
0,128,24,ql_share_vals,1,0.419542,0.415167,0.424333,25
0,128,24,cpu_vals,1,0.163334,0.157542,0.166459,25
0,128,16,simd,1,0.492833,0.476416,0.547584,25
0,128,16,tg,1,0.282125,0.277750,0.329834,25
0,128,16,ql,1,0.287667,0.282833,0.294208,25
0,128,16,ql_share,1,0.386791,0.381875,0.396375,25
0,128,16,cpu,1,0.172416,0.165375,0.183125,25
0,128,16,simd_vals,1,0.318833,0.308917,0.330042,25
0,128,16,tg_vals,1,0.254875,0.251709,0.255708,25
0,128,16,ql_vals,1,0.244583,0.232875,0.245958,25
0,128,16,ql_share_vals,1,0.332792,0.330708,0.336916,25
0,128,16,cpu_vals,1,0.121792,0.112625,0.241292,25
0,4,512,tg,1,538.528375,538.523958,538.624771,3
0,4,512,block,1,43.671542,43.564875,43.710125,5
0,4,512,cpu,1,10.919292,10.875303,10.993333,14
0,4,512,tridiag,1,24.143584,24.108167,24.172355,7
0,4,512,tg_vals,1,444.379292,444.370834,444.395354,3
0,4,512,block_vals,1,38.493542,38.461208,38.638750,5
0,4,512,cpu_vals,1,4.740583,4.713291,4.778125,25
0,4,512,tridiag_vals,1,19.398688,19.362813,19.421833,8
0,4,96,tg,1,3.634750,3.630083,3.640875,25
0,4,96,block,1,4.820042,4.724042,4.925417,25
0,4,96,cpu,1,0.330167,0.326542,0.332916,25
0,4,96,tg_vals,1,3.301209,3.289209,3.310416,25
0,4,96,block_vals,1,4.661375,4.605208,4.756917,25
0,4,96,cpu_vals,1,0.182167,0.178750,0.186083,25
0,512,4,simd,1,0.180750,0.170250,0.206875,25
0,512,4,tg,1,0.180208,0.175875,0.182666,25
0,512,4,ql,1,0.183375,0.180667,0.185208,25
0,512,4,ql_share,1,0.297458,0.294000,0.309292,25
0,512,4,cpu,1,0.124667,0.118334,0.250417,25
0,512,4,simd_vals,1,0.161167,0.155375,0.176959,25
0,512,4,tg_vals,1,0.156250,0.153166,0.172792,25
0,512,4,ql_vals,1,0.152625,0.149708,0.169459,25
0,512,4,ql_share_vals,1,0.290208,0.283208,0.300333,25
0,512,4,cpu_vals,1,0.080250,0.076750,0.182375,25
0,4,4,simd,1,0.226584,0.214833,0.246833,25
0,4,4,tg,1,0.247250,0.226375,0.263583,25
0,4,4,ql,1,0.228625,0.208875,0.239084,25
0,4,4,cpu,1,0.008667,0.008125,0.010334,25
0,4,4,simd_vals,1,0.167375,0.159833,0.210833,25
0,4,4,tg_vals,1,0.170709,0.151708,0.197333,25
0,4,4,ql_vals,1,0.208417,0.154625,0.227750,25
0,4,4,cpu_vals,1,0.006292,0.005416,0.009750,25
0,64,128,tg,1,26.988729,26.975907,27.017678,6
0,64,128,block,1,12.441500,12.285916,12.512167,13
0,64,128,cpu,1,2.760084,2.733833,3.298959,25
0,64,128,tridiag,1,83.298500,83.258708,83.431209,5
0,64,128,tg_vals,1,23.289917,23.281500,23.305604,7
0,64,128,block_vals,1,11.245458,11.158948,11.288542,14
0,64,128,cpu_vals,1,1.631625,1.378667,2.043167,25
0,64,128,tridiag_vals,1,64.545833,64.457583,64.573041,5
0,1,2048,block,1,561.368542,560.170480,561.373417,3
0,1,2048,cpu,1,227.830625,227.802584,227.962791,5
0,1,2048,tridiag,1,91.516834,91.463833,91.657416,5
0,1,2048,block_vals,1,406.808083,406.720188,406.872875,3
0,1,2048,cpu_vals,1,80.880000,80.860125,81.052542,5
0,1,2048,tridiag_vals,1,57.744041,57.542250,58.629125,5
0,2,12,simd,1,0.669708,0.580833,0.725250,25
0,2,12,tg,1,0.190334,0.182458,0.205333,25
0,2,12,ql,1,0.242625,0.221833,0.252666,25
0,2,12,cpu,1,0.014875,0.014667,0.015541,25
0,2,12,simd_vals,1,0.244417,0.237916,0.250334,25
0,2,12,tg_vals,1,0.197750,0.187875,0.205500,25
0,2,12,ql_vals,1,0.236958,0.189500,0.260625,25
0,2,12,cpu_vals,1,0.008792,0.008625,0.009042,25
0,32,512,block,1,280.515208,280.138167,280.721292,5
0,32,512,cpu,1,30.411750,29.944334,30.718167,5
0,32,512,tridiag,1,174.882709,174.591250,175.041292,5
0,32,512,block_vals,1,183.319500,183.186125,183.389417,5
0,32,512,cpu_vals,1,13.718667,13.453062,13.931792,11
0,32,512,tridiag_vals,1,141.931083,141.928166,142.047084,5
0,64,192,tg,1,140.317709,139.980666,140.446459,5
0,64,192,block,1,31.173375,31.112875,31.208125,5
0,64,192,cpu,1,6.443333,6.344854,6.557448,24
0,64,192,tridiag,1,125.793625,125.696541,125.801084,5
0,64,192,tg_vals,1,82.949625,82.927167,82.956500,5
0,64,192,block_vals,1,27.361917,27.308980,27.471948,6
0,64,192,cpu_vals,1,3.518834,3.494417,3.560667,25
0,64,192,tridiag_vals,1,99.918416,99.856750,99.977708,5
0,1,1536,block,1,244.784250,244.574042,245.299458,5
0,1,1536,cpu,1,98.542459,98.526125,98.580625,5
0,1,1536,tridiag,1,51.392417,51.356542,51.476708,5
0,1,1536,block_vals,1,202.960541,202.782209,202.967333,5
0,1,1536,cpu_vals,1,42.443541,42.421333,42.455166,5
0,1,1536,tridiag_vals,1,33.047584,33.016208,33.074209,5
0,512,8,simd,1,0.235209,0.231625,0.241792,25
0,512,8,tg,1,0.231750,0.227333,0.240250,25
0,512,8,ql,1,0.235125,0.229000,0.236459,25
0,512,8,ql_share,1,0.350917,0.340792,0.358958,25
0,512,8,cpu,1,0.182625,0.179959,0.184709,25
0,512,8,simd_vals,1,0.219583,0.209917,0.222041,25
0,512,8,tg_vals,1,0.215125,0.204667,0.219333,25
0,512,8,ql_vals,1,0.192250,0.185041,0.205500,25
0,512,8,ql_share_vals,1,0.327416,0.320833,0.333083,25
0,512,8,cpu_vals,1,0.132583,0.123833,0.138375,25
0,1,512,tg,1,473.587083,473.543063,473.618999,3
0,1,512,block,1,29.878000,29.706074,29.966771,6
0,1,512,cpu,1,8.817042,8.720417,9.246417,17
0,1,512,tridiag,1,8.825542,8.779000,8.875292,17
0,1,512,tg_vals,1,443.555042,443.470958,443.584542,3
0,1,512,block_vals,1,28.389125,28.327104,28.430709,6
0,1,512,cpu_vals,1,4.131750,4.120000,4.155875,25
0,1,512,tridiag_vals,1,6.324084,6.306219,6.430031,24
0,64,32,simd,1,1.768291,1.761292,1.771416,25
0,64,32,tg,1,0.587916,0.584208,0.593083,25
0,64,32,block,1,2.847833,2.783291,2.878833,25
0,64,32,ql,1,0.551375,0.545417,0.554667,25
0,64,32,ql_share,1,0.661750,0.656667,0.668125,25
0,64,32,cpu,1,0.248417,0.244417,0.252958,25
0,64,32,simd_vals,1,1.592834,1.557417,1.621916,25
0,64,32,tg_vals,1,0.540125,0.532709,0.555542,25
0,64,32,block_vals,1,2.738000,2.721791,2.774042,25
0,64,32,ql_vals,1,0.418209,0.393708,0.428042,25
0,64,32,ql_share_vals,1,0.519625,0.515917,0.525958,25
0,64,32,cpu_vals,1,0.150417,0.144959,0.156000,25
0,2,4,simd,1,0.227667,0.214375,0.239250,25
0,2,4,tg,1,0.241667,0.226625,0.254125,25
0,2,4,ql,1,0.188292,0.154542,0.215000,25
0,2,4,cpu,1,0.005042,0.004125,0.005750,25
0,2,4,simd_vals,1,0.162041,0.155625,0.221500,25
0,2,4,tg_vals,1,0.172709,0.160750,0.217667,25
0,2,4,ql_vals,1,0.157000,0.147666,0.202917,25
0,2,4,cpu_vals,1,0.004208,0.003375,0.005542,25
0,4,48,tg,1,0.767750,0.736416,1.230625,25
0,4,48,block,1,3.127959,3.094459,3.149541,25
0,4,48,ql,1,0.906667,0.867750,0.930292,25
0,4,48,cpu,1,0.101583,0.100625,0.104042,25
0,4,48,tg_vals,1,0.705208,0.644416,0.723041,25
0,4,48,block_vals,1,3.072834,3.041167,3.116417,25
0,4,48,ql_vals,1,0.736125,0.714375,0.788917,25
0,4,48,cpu_vals,1,0.056292,0.055750,0.057167,25
0,1,48,tg,1,0.716625,0.677875,0.755458,25
0,1,48,block,1,3.152500,3.113250,3.174708,25
0,1,48,ql,1,0.881292,0.863375,0.914708,25
0,1,48,cpu,1,0.077583,0.077417,0.078167,25
0,1,48,tg_vals,1,0.716750,0.673834,0.725000,25
0,1,48,block_vals,1,3.114125,3.072625,3.124791,25
0,1,48,ql_vals,1,0.711458,0.689750,0.752625,25
0,1,48,cpu_vals,1,0.034125,0.033958,0.034583,25
0,256,256,block,1,317.653208,317.300292,317.714687,3
0,256,256,cpu,1,44.582167,44.536375,44.613750,5
0,256,256,tridiag,1,666.747209,666.596105,667.321667,3
0,256,256,block_vals,1,239.675709,239.373458,239.742500,5
0,256,256,cpu_vals,1,20.537688,20.335792,20.723729,8
0,256,256,tridiag_vals,1,543.612500,543.551708,543.731479,3
0,2048,64,tg,1,75.013209,74.779292,75.014166,5
0,2048,64,block,1,50.060250,50.005500,50.064166,5
0,2048,64,ql,1,22.931084,22.904396,22.955958,7
0,2048,64,ql_share,1,12.294625,12.201709,12.395666,13
0,2048,64,cpu,1,19.121688,18.976135,19.269104,8
0,2048,64,tg_vals,1,64.698917,64.682500,64.767625,5
0,2048,64,block_vals,1,43.737625,43.722416,43.744875,5
0,2048,64,ql_vals,1,16.722042,16.697791,16.811083,9
0,2048,64,ql_share_vals,1,6.059500,6.029333,6.078667,25
0,2048,64,cpu_vals,1,7.988667,7.918479,8.208375,19
0,1,64,tg,1,1.227833,1.194709,1.276125,25
0,1,64,block,1,3.380791,3.338250,3.500333,25
0,1,64,ql,1,1.354875,1.334375,1.392625,25
0,1,64,cpu,1,0.147875,0.147125,0.149500,25
0,1,64,tg_vals,1,1.099625,1.095625,1.105750,25
0,1,64,block_vals,1,3.272125,3.199209,3.346125,25
0,1,64,ql_vals,1,1.083958,1.039625,1.110375,25
0,1,64,cpu_vals,1,0.061250,0.060959,0.061500,25
0,2048,128,block,1,334.173542,334.036563,334.292583,3
0,2048,128,cpu,1,74.921625,73.528042,75.549250,5
0,2048,128,block_vals,1,274.692667,274.510083,274.801125,5
0,2048,128,cpu_vals,1,37.635875,36.546166,37.772916,5
0,4,32,simd,1,1.732375,1.722542,1.740792,25
0,4,32,tg,1,0.374084,0.368167,0.376792,25
0,4,32,block,1,3.222958,2.993167,3.302875,25
0,4,32,ql,1,0.552500,0.547417,0.562208,25
0,4,32,cpu,1,0.053292,0.053083,0.054583,25
0,4,32,simd_vals,1,1.578250,1.556916,1.586584,25
0,4,32,tg_vals,1,0.352334,0.344042,0.358875,25
0,4,32,block_vals,1,3.494500,3.421083,3.638291,25
0,4,32,ql_vals,1,0.449166,0.437292,0.471791,25
0,4,32,cpu_vals,1,0.035834,0.035583,0.036750,25
0,2048,12,simd,1,0.879209,0.844500,0.911250,25
0,2048,12,tg,1,0.894000,0.863292,0.914000,25
0,2048,12,ql,1,0.620667,0.618875,0.625000,25
0,2048,12,ql_share,1,0.671250,0.650875,0.689375,25
0,2048,12,cpu,1,0.792042,0.744667,0.850125,25
0,2048,12,simd_vals,1,0.691208,0.688208,0.786458,25
0,2048,12,tg_vals,1,0.779583,0.694875,0.793209,25
0,2048,12,ql_vals,1,0.442958,0.436000,0.516208,25
0,2048,12,ql_share_vals,1,0.407166,0.400292,0.412667,25
0,2048,12,cpu_vals,1,0.405458,0.384041,0.626250,25
0,1,16,simd,1,0.992167,0.343166,1.091958,25
0,1,16,tg,1,0.234166,0.218584,0.236917,25
0,1,16,ql,1,0.264542,0.256333,0.272000,25
0,1,16,cpu,1,0.009791,0.009666,0.010042,25
0,1,16,simd_vals,1,0.314791,0.305125,0.327917,25
0,1,16,tg_vals,1,0.232459,0.219583,0.237291,25
0,1,16,ql_vals,1,0.226792,0.216083,0.258250,25
0,1,16,cpu_vals,1,0.004667,0.004666,0.004750,25
0,64,4,simd,1,0.239500,0.227875,0.250042,25
0,64,4,tg,1,0.256959,0.247375,0.259625,25
0,64,4,ql,1,0.172750,0.154125,0.188958,25
0,64,4,ql_share,1,0.148333,0.144625,0.153292,25
0,64,4,cpu,1,0.061625,0.059209,0.062416,25
0,64,4,simd_vals,1,0.149750,0.145959,0.163333,25
0,64,4,tg_vals,1,0.149542,0.145041,0.155458,25
0,64,4,ql_vals,1,0.147667,0.142625,0.152000,25
0,64,4,ql_share_vals,1,0.135166,0.130750,0.145666,25
0,64,4,cpu_vals,1,0.037417,0.036125,0.037625,25
0,512,128,tg,1,170.917500,170.693041,171.871542,5
0,512,128,block,1,85.330333,85.224500,85.344500,5
0,512,128,cpu,1,20.283834,19.839053,20.691375,8
0,512,128,tridiag,1,663.598125,663.447459,663.634959,3
0,512,128,tg_vals,1,151.270334,150.680292,151.477875,5
0,512,128,block_vals,1,67.510459,67.509167,67.515083,5
0,512,128,cpu_vals,1,10.022750,9.850604,10.048438,16
0,512,128,tridiag_vals,1,517.426291,517.298853,517.474437,3
0,128,12,simd,1,0.381334,0.376042,0.387792,25
0,128,12,tg,1,0.365542,0.342000,0.382125,25
0,128,12,ql,1,0.242375,0.240667,0.245000,25
0,128,12,ql_share,1,0.335042,0.331125,0.346750,25
0,128,12,cpu,1,0.136083,0.134333,0.141625,25
0,128,12,simd_vals,1,0.243708,0.237333,0.254292,25
0,128,12,tg_vals,1,0.203833,0.197459,0.216291,25
0,128,12,ql_vals,1,0.190333,0.185167,0.201292,25
0,128,12,ql_share_vals,1,0.306458,0.302458,0.310416,25
0,128,12,cpu_vals,1,0.122500,0.100417,0.289084,25
0,8,4,simd,1,0.243417,0.232291,0.271583,25
0,8,4,tg,1,0.235708,0.203917,0.244625,25
0,8,4,ql,1,0.153167,0.146333,0.182583,25
0,8,4,cpu,1,0.008875,0.008750,0.009083,25
0,8,4,simd_vals,1,0.151833,0.147375,0.177834,25
0,8,4,tg_vals,1,0.160875,0.153292,0.172167,25
0,8,4,ql_vals,1,0.146375,0.140833,0.160583,25
0,8,4,cpu_vals,1,0.012542,0.006417,0.016041,25
0,32,4,simd,1,0.179791,0.176084,0.204167,25
0,32,4,tg,1,0.235333,0.222958,0.249375,25
0,32,4,ql,1,0.248750,0.240166,0.254834,25
0,32,4,cpu,1,0.030583,0.030375,0.032000,25
0,32,4,simd_vals,1,0.164417,0.145167,0.189958,25
0,32,4,tg_vals,1,0.163166,0.153833,0.168042,25
0,32,4,ql_vals,1,0.148125,0.142834,0.151625,25
0,32,4,cpu_vals,1,0.018750,0.018500,0.019792,25
0,32,64,tg,1,1.841625,1.797125,1.863458,25
0,32,64,block,1,3.492833,3.400500,3.519417,25
0,32,64,ql,1,1.418084,1.413542,1.429625,25
0,32,64,cpu,1,0.461292,0.453500,0.470792,25
0,32,64,tg_vals,1,1.652209,1.647333,1.657000,25
0,32,64,block_vals,1,3.309334,3.267917,3.364500,25
0,32,64,ql_vals,1,1.145666,1.119791,1.178959,25
0,32,64,cpu_vals,1,0.228292,0.218042,0.261875,25
0,1024,96,tg,1,147.560542,147.484334,147.981125,5
0,1024,96,block,1,76.633333,76.587750,76.682000,5
0,1024,96,cpu,1,22.052292,21.566209,22.111062,7
0,1024,96,tg_vals,1,115.616000,115.453625,115.838542,5
0,1024,96,block_vals,1,64.179083,64.150750,64.431708,5
0,1024,96,cpu_vals,1,11.445625,11.253166,11.569844,14
0,2,48,tg,1,0.951125,0.926000,1.002916,25
0,2,48,block,1,3.390209,3.316709,3.534750,25
0,2,48,ql,1,0.883000,0.844375,0.917084,25
0,2,48,cpu,1,0.101625,0.098750,0.104333,25
0,2,48,tg_vals,1,0.694000,0.642625,0.718125,25
0,2,48,block_vals,1,3.250958,3.119542,3.279750,25
0,2,48,ql_vals,1,0.714542,0.705125,0.780791,25
0,2,48,cpu_vals,1,0.054833,0.054250,0.055375,25
0,4096,64,tg,1,150.506042,149.810334,150.825958,5
0,4096,64,block,1,96.768083,96.348000,96.808417,5
0,4096,64,ql,1,44.485875,44.436666,44.548083,5
0,4096,64,ql_share,1,23.506959,23.451667,23.518646,7
0,4096,64,cpu,1,37.816875,37.204667,39.070583,5
0,4096,64,tg_vals,1,129.458583,129.407791,129.535708,5
0,4096,64,block_vals,1,84.122250,84.060334,84.243792,5
0,4096,64,ql_vals,1,32.485041,32.304333,32.554209,5
0,4096,64,ql_share_vals,1,11.299083,11.233167,12.009375,13
0,4096,64,cpu_vals,1,15.761312,15.659094,15.822532,10
0,32,12,simd,1,0.756875,0.732083,0.824875,25
0,32,12,tg,1,0.317125,0.307125,0.322500,25
0,32,12,ql,1,0.308375,0.291375,0.335750,25
0,32,12,cpu,1,0.076375,0.071458,0.115292,25
0,32,12,simd_vals,1,0.339791,0.330292,0.346459,25
0,32,12,tg_vals,1,0.248792,0.240875,0.252584,25
0,32,12,ql_vals,1,0.233500,0.226333,0.239083,25
0,32,12,cpu_vals,1,0.083958,0.083333,0.085000,25
0,4,1024,block,1,242.464333,242.435958,242.753500,5
0,4,1024,cpu,1,48.295209,48.184750,50.404542,5
0,4,1024,tridiag,1,62.943042,62.923208,63.056042,5
0,4,1024,block_vals,1,168.919667,168.900916,168.965541,5
0,4,1024,cpu_vals,1,22.560792,22.027708,22.779355,7
0,4,1024,tridiag_vals,1,48.362667,48.346958,48.399541,5
0,2,96,tg,1,3.633000,3.630208,3.634875,25
0,2,96,block,1,4.790125,4.689834,4.856708,25
0,2,96,cpu,1,0.306250,0.305042,0.311125,25
0,2,96,tg_vals,1,3.305334,3.301708,3.310000,25
0,2,96,block_vals,1,4.652083,4.553958,4.755667,25
0,2,96,cpu_vals,1,0.162292,0.161333,0.164500,25
0,64,64,tg,1,3.278667,3.275833,3.289792,25
0,64,64,block,1,3.902000,3.875500,4.010375,25
0,64,64,ql,1,1.464167,1.421458,1.472834,25
0,64,64,ql_share,1,1.622792,1.599042,1.644791,25
0,64,64,cpu,1,0.715625,0.706375,0.722833,25
0,64,64,tg_vals,1,2.924875,2.920917,2.931959,25
0,64,64,block_vals,1,3.652083,3.641542,3.737958,25
0,64,64,ql_vals,1,1.179125,1.157333,1.206416,25
0,64,64,ql_share_vals,1,1.289584,1.248250,1.317833,25
0,64,64,cpu_vals,1,0.346458,0.334500,0.418292,25
0,2048,8,simd,1,0.422584,0.374625,1.049959,25
0,2048,8,tg,1,0.381208,0.378166,0.385459,25
0,2048,8,ql,1,0.389458,0.386375,0.393958,25
0,2048,8,ql_share,1,0.544000,0.459833,0.594333,25
0,2048,8,cpu,1,0.451333,0.440833,0.574916,25
0,2048,8,simd_vals,1,0.425333,0.412833,0.449750,25
0,2048,8,tg_vals,1,0.337583,0.330459,0.345417,25
0,2048,8,ql_vals,1,0.302084,0.298291,0.306584,25
0,2048,8,ql_share_vals,1,0.335750,0.323875,0.346833,25
0,2048,8,cpu_vals,1,0.260542,0.245584,0.638167,25
0,256,128,tg,1,85.606500,85.601791,85.703459,5
0,256,128,block,1,40.334500,40.331334,40.371375,5
0,256,128,cpu,1,10.145042,10.096229,10.362792,15
0,256,128,tridiag,1,331.201542,331.192875,332.062396,3
0,256,128,tg_vals,1,75.880667,75.657875,76.470792,5
0,256,128,block_vals,1,32.939875,32.848875,33.010000,5
0,256,128,cpu_vals,1,5.062500,4.996334,5.372500,25
0,256,128,tridiag_vals,1,256.992333,256.964583,257.029167,5
0,256,2,simd,1,0.159208,0.148500,0.169000,25
0,256,2,tg,1,0.168542,0.162709,0.173583,25
0,256,2,ql,1,0.162792,0.147959,0.169792,25
0,256,2,ql_share,1,0.268417,0.257500,0.274459,25
0,256,2,cpu,1,0.095584,0.088208,0.097375,25
0,256,2,simd_vals,1,0.137750,0.134000,0.144041,25
0,256,2,tg_vals,1,0.143542,0.137416,0.156875,25
0,256,2,ql_vals,1,0.139250,0.136208,0.155083,25
0,256,2,ql_share_vals,1,0.256209,0.160917,0.260791,25
0,256,2,cpu_vals,1,0.045916,0.045708,0.046667,25
0,512,192,block,1,274.353250,274.325292,274.657000,5
0,512,192,cpu,1,46.373583,45.149959,46.392917,5
0,512,192,block_vals,1,216.166083,216.085334,216.178291,5
0,512,192,cpu_vals,1,23.158416,22.461687,23.351000,7
0,128,32,simd,1,1.823792,1.813750,1.835917,25
0,128,32,tg,1,1.002542,0.990834,1.045708,25
0,128,32,block,1,3.104500,3.051458,3.158583,25
0,128,32,ql,1,0.584792,0.579792,0.587333,25
0,128,32,ql_share,1,0.682542,0.679792,0.689250,25
0,128,32,cpu,1,0.405125,0.401291,0.411458,25
0,128,32,simd_vals,1,1.626500,1.602583,1.632166,25
0,128,32,tg_vals,1,0.886667,0.855459,0.940875,25
0,128,32,block_vals,1,2.982917,2.920208,3.026375,25
0,128,32,ql_vals,1,0.445208,0.437750,0.515041,25
0,128,32,ql_share_vals,1,0.532500,0.528375,0.543042,25
0,128,32,cpu_vals,1,0.216750,0.190708,0.636083,25
0,1024,32,simd,1,7.010021,6.941948,7.041573,22
0,1024,32,tg,1,4.498667,4.489875,4.512042,25
0,1024,32,block,1,6.472458,6.381792,6.509563,24
0,1024,32,ql,1,1.671291,1.606875,1.682084,25
0,1024,32,ql_share,1,1.488250,1.477208,1.497375,25
0,1024,32,cpu,1,2.463250,2.378667,2.989750,25
0,1024,32,simd_vals,1,4.582834,4.540167,4.595417,25
0,1024,32,tg_vals,1,3.922000,3.899917,3.961541,25
0,1024,32,block_vals,1,6.093875,6.030459,6.185833,25
0,1024,32,ql_vals,1,1.060667,1.046459,1.104750,25
0,1024,32,ql_share_vals,1,0.995042,0.979834,1.020709,25
0,1024,32,cpu_vals,1,1.493875,0.935042,1.553542,25
1,4,2,simd,1,0.190958,0.176417,0.207666,25
1,4,2,tg,1,0.214333,0.207333,0.220500,25
1,4,2,ql,1,0.200500,0.191417,0.203208,25
1,4,2,cpu,1,0.006334,0.004625,0.007709,25
1,4,2,simd_vals,1,0.192583,0.175500,0.196875,25
1,4,2,tg_vals,1,0.160792,0.148084,0.213917,25
1,4,2,ql_vals,1,0.152458,0.142000,0.171209,25
1,4,2,cpu_vals,1,0.004500,0.003583,0.006875,25
1,1024,8,simd,1,0.296625,0.289209,0.729166,25
1,1024,8,tg,1,0.289709,0.287167,0.293625,25
1,1024,8,ql,1,0.288416,0.286458,0.292000,25
1,1024,8,ql_share,1,0.364625,0.358416,0.370542,25
1,1024,8,cpu,1,0.279709,0.276958,0.284459,25
1,1024,8,simd_vals,1,0.255084,0.252875,0.258083,25
1,1024,8,tg_vals,1,0.252875,0.248708,0.255875,25
1,1024,8,ql_vals,1,0.236875,0.223958,0.241209,25
1,1024,8,ql_share_vals,1,0.320500,0.316041,0.326875,25
1,1024,8,cpu_vals,1,0.183250,0.181250,0.193084,25
1,4096,12,simd,1,1.470167,1.437250,1.496708,25
1,4096,12,tg,1,1.437458,1.386292,1.466917,25
1,4096,12,ql,1,1.094792,1.081542,1.128042,25
1,4096,12,ql_share,1,0.955959,0.951750,0.962291,25
1,4096,12,cpu,1,1.494250,1.404709,1.505042,25
1,4096,12,simd_vals,1,1.229375,1.178542,1.276250,25
1,4096,12,tg_vals,1,1.276750,1.245125,1.337833,25
1,4096,12,ql_vals,1,0.714416,0.683625,0.789833,25
1,4096,12,ql_share_vals,1,0.631792,0.618625,0.642959,25
1,4096,12,cpu_vals,1,0.750667,0.715583,0.757875,25
1,2,512,tg,1,478.745000,478.521187,478.791145,3
1,2,512,block,1,35.871542,35.808084,35.896541,5
1,2,512,cpu,1,9.137958,9.108666,9.190375,17
1,2,512,tridiag,1,13.193147,13.163854,13.253844,12
1,2,512,tg_vals,1,443.075250,442.800291,443.111771,3
1,2,512,block_vals,1,32.814125,32.772792,32.929083,5
1,2,512,cpu_vals,1,4.360250,4.347750,4.388834,25
1,2,512,tridiag_vals,1,10.630958,10.520520,10.650250,15
1,1024,192,block,1,541.234458,541.197167,541.259375,3
1,1024,192,cpu,1,84.962084,84.543667,85.189958,5
1,1024,192,block_vals,1,423.315708,423.200270,423.345521,3
1,1024,192,cpu_vals,1,43.409042,43.354708,45.382750,5
1,2048,192,block,1,1067.569458,1067.342813,1069.354562,3
1,2048,192,cpu,1,168.538166,168.275958,168.548708,5
1,2048,192,block_vals,1,838.988584,838.850646,839.168667,3
1,2048,192,cpu_vals,1,84.343167,83.792500,85.228708,5
1,2,16,simd,1,0.845083,0.802834,0.884292,25
1,2,16,tg,1,0.233583,0.229000,0.238333,25
1,2,16,ql,1,0.259625,0.254750,0.269625,25
1,2,16,cpu,1,0.020792,0.020666,0.021292,25
1,2,16,simd_vals,1,0.328000,0.323500,0.337917,25
1,2,16,tg_vals,1,0.230834,0.214417,0.235459,25
1,2,16,ql_vals,1,0.229833,0.219000,0.248250,25
1,2,16,cpu_vals,1,0.009166,0.009000,0.009458,25
1,4096,128,block,1,661.856042,661.538437,662.652541,3
1,4096,128,cpu,1,140.970084,139.191959,142.051583,5
1,4096,128,block_vals,1,541.260042,541.196105,542.449250,3
1,4096,128,cpu_vals,1,73.003792,72.510792,73.114333,5
1,32,32,simd,1,1.757083,1.745167,1.793750,25
1,32,32,tg,1,0.430000,0.427750,0.515333,25
1,32,32,block,1,2.780042,2.719291,2.809542,25
1,32,32,ql,1,0.535042,0.518625,0.538375,25
1,32,32,cpu,1,0.169791,0.164375,0.182584,25
1,32,32,simd_vals,1,1.579083,1.568917,1.589542,25
1,32,32,tg_vals,1,0.413959,0.400417,0.467750,25
1,32,32,block_vals,1,2.734833,2.717917,2.763625,25
1,32,32,ql_vals,1,0.408500,0.398417,0.426584,25
1,32,32,cpu_vals,1,0.124375,0.100708,0.257875,25
1,16,12,simd,1,0.303458,0.245000,0.718083,25
1,16,12,tg,1,0.217291,0.215083,0.220791,25
1,16,12,ql,1,0.224708,0.207959,0.228833,25
1,16,12,cpu,1,0.084000,0.048041,0.085000,25
1,16,12,simd_vals,1,0.254750,0.241417,0.261250,25
1,16,12,tg_vals,1,0.203333,0.191583,0.208250,25
1,16,12,ql_vals,1,0.190667,0.185084,0.201750,25
1,16,12,cpu_vals,1,0.038959,0.034375,0.039292,25
1,1,192,tg,1,24.598958,24.589229,24.605063,7
1,1,192,block,1,8.784333,8.597625,8.887386,18
1,1,192,cpu,1,1.181500,1.161125,1.195750,25
1,1,192,tridiag,1,2.522000,2.505875,2.564875,25
1,1,192,tg_vals,1,23.117250,23.071958,23.121291,7
1,1,192,block_vals,1,8.716521,8.601542,8.738594,18
1,1,192,cpu_vals,1,0.587167,0.585042,0.589375,25
1,1,192,tridiag_vals,1,1.812625,1.811625,1.815125,25
1,2,96,tg,1,3.626875,3.619375,3.635958,25
1,2,96,block,1,4.680625,4.654709,4.930042,25
1,2,96,cpu,1,0.318917,0.312417,0.322416,25
1,2,96,tg_vals,1,3.300000,3.285250,3.306083,25
1,2,96,block_vals,1,4.724083,4.606791,4.833417,25
1,2,96,cpu_vals,1,0.169167,0.167375,0.171584,25
1,2048,24,simd,1,3.977083,3.957875,3.993667,25
1,2048,24,tg,1,3.882125,3.872500,3.893792,25
1,2048,24,ql,1,1.792708,1.781375,1.819417,25
1,2048,24,ql_share,1,1.657125,1.613083,1.848292,25
1,2048,24,cpu,1,3.474125,3.310125,3.549500,25
1,2048,24,simd_vals,1,3.320208,3.316917,3.325792,25
1,2048,24,tg_vals,1,3.305208,3.299959,3.314250,25
1,2048,24,ql_vals,1,1.118791,1.092833,1.137708,25
1,2048,24,ql_share_vals,1,0.902625,0.893708,0.919000,25
1,2048,24,cpu_vals,1,1.673416,1.094166,1.689958,25
1,128,12,simd,1,0.746416,0.726042,0.819750,25
1,128,12,tg,1,0.232500,0.227958,0.235375,25
1,128,12,ql,1,0.237792,0.235708,0.240250,25
1,128,12,ql_share,1,0.338542,0.332708,0.342583,25
1,128,12,cpu,1,0.136959,0.135000,0.141875,25
1,128,12,simd_vals,1,0.255334,0.243625,0.259542,25
1,128,12,tg_vals,1,0.213334,0.202750,0.217959,25
1,128,12,ql_vals,1,0.192833,0.184417,0.200625,25
1,128,12,ql_share_vals,1,0.271958,0.265292,0.286625,25
1,128,12,cpu_vals,1,0.093291,0.089250,0.113958,25
1,1,2048,block,1,559.061709,558.390854,559.805229,3
1,1,2048,cpu,1,229.647833,229.312958,229.872375,5
1,1,2048,tridiag,1,92.188125,92.077250,92.240625,5
1,1,2048,block_vals,1,407.454500,406.987416,407.586021,3
1,1,2048,cpu_vals,1,81.371625,81.359916,81.406417,5
1,1,2048,tridiag_vals,1,58.147291,58.058375,58.168500,5
1,1,1024,block,1,101.013167,100.932167,101.120917,5
1,1,1024,cpu,1,40.363083,40.251708,40.498416,5
1,1,1024,tridiag,1,25.272438,25.146750,25.806656,6
1,1,1024,block_vals,1,90.442667,90.306708,90.468083,5
1,1,1024,cpu_vals,1,18.025500,18.019750,18.032875,9
1,1,1024,tridiag_vals,1,16.548187,16.540364,16.567291,10
1,32,24,simd,1,0.834875,0.784417,0.857541,25
1,32,24,tg,1,0.305750,0.301667,0.308291,25
1,32,24,ql,1,0.395709,0.390542,0.480625,25
1,32,24,cpu,1,0.144833,0.137750,0.157875,25
1,32,24,simd_vals,1,0.764500,0.696333,0.775334,25
1,32,24,tg_vals,1,0.288000,0.278166,0.292041,25
1,32,24,ql_vals,1,0.321000,0.311750,0.323084,25
1,32,24,cpu_vals,1,0.191250,0.122084,0.230708,25
1,4096,8,simd,1,0.572209,0.558458,1.730709,25
1,4096,8,tg,1,0.566750,0.561250,0.569208,25
1,4096,8,ql,1,0.588125,0.586042,0.592208,25
1,4096,8,ql_share,1,0.625333,0.616167,0.640083,25
1,4096,8,cpu,1,0.763917,0.720542,0.828583,25
1,4096,8,simd_vals,1,0.725208,0.708208,0.764875,25
1,4096,8,tg_vals,1,0.482334,0.478791,0.487458,25
1,4096,8,ql_vals,1,0.426792,0.422667,0.431459,25
1,4096,8,ql_share_vals,1,0.500500,0.441792,0.545459,25
1,4096,8,cpu_vals,1,0.415084,0.389458,0.628583,25
1,256,192,tg,1,513.532416,513.025979,513.682812,3
1,256,192,block,1,136.947959,136.911375,137.358500,5
1,256,192,cpu,1,23.217083,23.090479,23.403270,7
1,256,192,tridiag,1,503.528500,503.336125,503.535875,3
1,256,192,tg_vals,1,280.454250,279.823959,280.459375,5
1,256,192,block_vals,1,102.671875,102.627625,102.759875,5
1,256,192,cpu_vals,1,11.296229,11.076521,11.489228,14
1,256,192,tridiag_vals,1,399.032500,398.932125,399.362521,3
1,256,8,simd,1,0.217459,0.209917,0.327333,25
1,256,8,tg,1,0.362917,0.355583,0.376459,25
1,256,8,ql,1,0.212292,0.209625,0.218125,25
1,256,8,ql_share,1,0.320750,0.315541,0.323042,25
1,256,8,cpu,1,0.130167,0.127958,0.132625,25
1,256,8,simd_vals,1,0.173083,0.166833,0.188125,25
1,256,8,tg_vals,1,0.190458,0.177750,0.192834,25
1,256,8,ql_vals,1,0.171583,0.165666,0.183792,25
1,256,8,ql_share_vals,1,0.281000,0.278041,0.282167,25
1,256,8,cpu_vals,1,0.124792,0.096667,0.306666,25
1,1024,24,simd,1,2.397167,2.392083,2.430709,25
1,1024,24,tg,1,2.182166,2.175416,2.193875,25
1,1024,24,ql,1,1.114333,1.029417,1.121500,25
1,1024,24,ql_share,1,1.012041,1.004333,1.022500,25
1,1024,24,cpu,1,1.519250,1.448833,1.529792,25
1,1024,24,simd_vals,1,2.061625,2.054375,2.073416,25
1,1024,24,tg_vals,1,1.875125,1.865833,1.885375,25
1,1024,24,ql_vals,1,0.752125,0.668542,0.766958,25
1,1024,24,ql_share_vals,1,0.790167,0.769000,0.813167,25
1,1024,24,cpu_vals,1,0.656166,0.600208,0.684125,25
1,16,256,tg,1,84.274500,84.261291,84.351250,5
1,16,256,block,1,20.293605,20.290563,20.383011,8
1,16,256,cpu,1,3.510084,3.425625,3.923375,25
1,16,256,tridiag,1,41.707084,41.691125,41.760125,5
1,16,256,tg_vals,1,61.196167,61.189584,61.196709,5
1,16,256,block_vals,1,18.466208,18.112541,19.329708,9
1,16,256,cpu_vals,1,1.549792,1.527708,1.939333,25
1,16,256,tridiag_vals,1,34.009791,34.001416,34.023708,5
1,2,384,tg,1,202.393833,202.389375,202.445500,5
1,2,384,block,1,21.518583,21.506979,21.551271,7
1,2,384,cpu,1,4.458041,4.441667,4.476083,25
1,2,384,tridiag,1,9.018375,9.007875,9.034208,17
1,2,384,tg_vals,1,190.001333,189.985583,190.041208,5
1,2,384,block_vals,1,20.266374,20.260229,20.400354,8
1,2,384,cpu_vals,1,2.432083,2.427416,2.441833,25
1,2,384,tridiag_vals,1,7.371583,7.357208,7.377458,21
1,2,32,simd,1,1.730667,1.706708,1.735375,25
1,2,32,tg,1,0.354750,0.348875,0.363500,25
1,2,32,block,1,3.654916,3.559125,3.671542,25
1,2,32,ql,1,0.536584,0.519375,0.541625,25
1,2,32,cpu,1,0.044416,0.043917,0.049917,25
1,2,32,simd_vals,1,1.577667,1.550917,1.585417,25
1,2,32,tg_vals,1,0.347583,0.342750,0.351333,25
1,2,32,block_vals,1,3.267750,3.208500,3.484417,25
1,2,32,ql_vals,1,0.445125,0.418750,0.480417,25
1,2,32,cpu_vals,1,0.022875,0.022500,0.023542,25
1,1024,16,simd,1,0.883792,0.829209,0.936000,25
1,1024,16,tg,1,0.895416,0.857000,0.901125,25
1,1024,16,ql,1,0.572542,0.571041,0.576417,25
1,1024,16,ql_share,1,0.720250,0.708209,0.789459,25
1,1024,16,cpu,1,0.668667,0.657458,0.701500,25
1,1024,16,simd_vals,1,0.805417,0.730417,0.818584,25
1,1024,16,tg_vals,1,0.694875,0.689167,0.782000,25
1,1024,16,ql_vals,1,0.409667,0.404958,0.442000,25
1,1024,16,ql_share_vals,1,0.368042,0.361958,0.380583,25
1,1024,16,cpu_vals,1,0.412833,0.339333,0.624500,25
1,256,48,tg,1,4.259959,4.248959,4.264208,25
1,256,48,block,1,7.532792,7.506438,7.622011,20
1,256,48,ql,1,1.715625,1.710750,1.718458,25
1,256,48,ql_share,1,1.079875,1.072167,1.098042,25
1,256,48,cpu,1,1.493333,1.477667,1.548875,25
1,256,48,tg_vals,1,3.740208,3.735959,3.746042,25
1,256,48,block_vals,1,7.196500,7.109166,7.279209,21
1,256,48,ql_vals,1,1.298791,1.258375,1.332375,25
1,256,48,ql_share_vals,1,0.844625,0.839333,0.865667,25
1,256,48,cpu_vals,1,0.697458,0.686167,0.729709,25
1,512,4,simd,1,0.298833,0.287708,0.302625,25
1,512,4,tg,1,0.301000,0.291125,0.305833,25
1,512,4,ql,1,0.189125,0.184375,0.233541,25
1,512,4,ql_share,1,0.295709,0.288292,0.315083,25
1,512,4,cpu,1,0.216083,0.115333,0.433125,25
1,512,4,simd_vals,1,0.163417,0.157708,0.172583,25
1,512,4,tg_vals,1,0.166167,0.157542,0.175666,25
1,512,4,ql_vals,1,0.157542,0.150667,0.168750,25
1,512,4,ql_share_vals,1,0.289959,0.278000,0.298084,25
1,512,4,cpu_vals,1,0.092084,0.078542,0.227792,25
1,8,96,tg,1,3.660167,3.653000,3.663583,25
1,8,96,block,1,4.842125,4.755166,4.915417,25
1,8,96,cpu,1,0.416166,0.398042,0.454167,25
1,8,96,tg_vals,1,3.303750,3.300458,3.311000,25
1,8,96,block_vals,1,4.743875,4.678125,4.853875,25
1,8,96,cpu_vals,1,0.228708,0.221458,0.275708,25
1,128,16,simd,1,0.354875,0.351667,0.359833,25
1,128,16,tg,1,0.276375,0.272542,0.278917,25
1,128,16,ql,1,0.286500,0.282667,0.291375,25
1,128,16,ql_share,1,0.382792,0.377500,0.387458,25
1,128,16,cpu,1,0.176000,0.169250,0.182708,25
1,128,16,simd_vals,1,0.318542,0.310875,0.326666,25
1,128,16,tg_vals,1,0.264500,0.261250,0.266750,25
1,128,16,ql_vals,1,0.246333,0.242500,0.256000,25
1,128,16,ql_share_vals,1,0.339208,0.332167,0.344875,25
1,128,16,cpu_vals,1,0.155084,0.121666,0.239709,25
1,8,192,tg,1,27.727062,27.714646,27.743916,6
1,8,192,block,1,10.034312,9.966959,10.062167,16
1,8,192,cpu,1,1.475792,1.464375,1.488958,25
1,8,192,tridiag,1,15.854520,15.808312,15.866187,10
1,8,192,tg_vals,1,25.720520,25.719521,25.722770,6
1,8,192,block_vals,1,9.518270,9.428729,9.570063,16
1,8,192,cpu_vals,1,0.760250,0.753333,0.763333,25
1,8,192,tridiag_vals,1,12.691938,12.687468,12.701813,12
1,32,2,simd,1,0.158167,0.145250,0.178375,25
1,32,2,tg,1,0.164625,0.154875,0.166291,25
1,32,2,ql,1,0.162209,0.155209,0.164000,25
1,32,2,cpu,1,0.015583,0.015459,0.016166,25
1,32,2,simd_vals,1,0.139166,0.136542,0.156083,25
1,32,2,tg_vals,1,0.144083,0.141708,0.158291,25
1,32,2,ql_vals,1,0.139333,0.134959,0.145834,25
1,32,2,cpu_vals,1,0.010417,0.010375,0.010500,25
1,16,2,simd,1,0.141125,0.136209,0.157667,25
1,16,2,tg,1,0.140584,0.136917,0.154750,25
1,16,2,ql,1,0.159125,0.146084,0.167625,25
1,16,2,cpu,1,0.009000,0.008833,0.009667,25
1,16,2,simd_vals,1,0.155250,0.147542,0.165208,25
1,16,2,tg_vals,1,0.153083,0.144291,0.165125,25
1,16,2,ql_vals,1,0.142333,0.139708,0.148166,25
1,16,2,cpu_vals,1,0.004958,0.004917,0.005334,25
1,4,1536,block,1,1010.197250,1009.659083,1042.094250,3
1,4,1536,cpu,1,122.614917,120.996500,126.060958,5
1,4,1536,tridiag,1,131.560416,131.218209,131.760584,5
1,4,1536,block_vals,1,609.764458,605.730021,612.489916,3
1,4,1536,cpu_vals,1,55.796375,55.588875,56.246708,5
1,4,1536,tridiag_vals,1,95.092375,94.906917,95.110500,5
1,4,1024,block,1,240.244917,239.993792,241.347375,5
1,4,1024,cpu,1,48.451542,48.194792,50.673625,5
1,4,1024,tridiag,1,62.937667,62.928958,63.047000,5
1,4,1024,block_vals,1,169.002625,168.766292,169.021250,5
1,4,1024,cpu_vals,1,21.952125,21.451479,22.392083,7
1,4,1024,tridiag_vals,1,48.340666,48.293041,48.687416,5
1,16,24,simd,1,0.859959,0.796916,1.394625,25
1,16,24,tg,1,0.301750,0.297709,0.305333,25
1,16,24,ql,1,0.400666,0.395708,0.402417,25
1,16,24,cpu,1,0.099417,0.096042,0.114750,25
1,16,24,simd_vals,1,0.777250,0.756041,0.779334,25
1,16,24,tg_vals,1,0.287916,0.282250,0.292042,25
1,16,24,ql_vals,1,0.330917,0.326750,0.336959,25
1,16,24,cpu_vals,1,0.112834,0.073792,0.117833,25
1,1,768,block,1,60.991500,60.794416,61.004333,5
1,1,768,cpu,1,18.538209,18.512625,18.613541,9
1,1,768,tridiag,1,15.865438,15.794250,15.987906,10
1,1,768,block_vals,1,55.959750,55.954458,56.017875,5
1,1,768,cpu_vals,1,9.732500,9.694354,9.769105,16
1,1,768,tridiag_vals,1,10.808833,10.762562,10.887083,14
1,2048,48,tg,1,29.659479,29.630396,29.668125,6
1,2048,48,block,1,43.904167,43.904042,43.905541,5
1,2048,48,ql,1,8.788083,8.781656,8.820208,18
1,2048,48,ql_share,1,6.062626,6.032750,6.120021,24
1,2048,48,cpu,1,11.479771,11.087459,11.612916,14
1,2048,48,tg_vals,1,25.535334,25.519948,25.677188,6
1,2048,48,block_vals,1,39.043375,39.032042,39.124250,5
1,2048,48,ql_vals,1,6.210125,6.192583,6.234458,25
1,2048,48,ql_share_vals,1,3.552666,3.468417,3.849750,25
1,2048,48,cpu_vals,1,4.925333,4.855750,5.171916,25
1,16,768,block,1,481.015625,480.759666,481.195646,3
1,16,768,cpu,1,39.594042,39.223375,39.675625,5
1,16,768,tridiag,1,146.972958,146.877875,147.234917,5
1,16,768,block_vals,1,303.908208,303.712375,304.069000,3
1,16,768,cpu_vals,1,18.949542,18.803323,19.080208,8
1,16,768,tridiag_vals,1,117.994125,117.983792,118.054750,5
1,2,1024,block,1,135.294959,135.197958,135.307667,5
1,2,1024,cpu,1,46.610625,46.525666,46.646875,5
1,2,1024,tridiag,1,36.744042,36.696917,36.945708,5
1,2,1024,block_vals,1,111.849958,111.848500,111.860375,5
1,2,1024,cpu_vals,1,19.346063,19.087437,19.447063,8
1,2,1024,tridiag_vals,1,27.137208,27.110021,27.203739,6
1,32,4,simd,1,0.157791,0.149250,0.189500,25
1,32,4,tg,1,0.151417,0.143625,0.184958,25
1,32,4,ql,1,0.151000,0.147875,0.157875,25
1,32,4,cpu,1,0.031875,0.031167,0.032041,25
1,32,4,simd_vals,1,0.152375,0.147209,0.160958,25
1,32,4,tg_vals,1,0.155000,0.150166,0.161417,25
1,32,4,ql_vals,1,0.144792,0.140833,0.153833,25
1,32,4,cpu_vals,1,0.019208,0.018333,0.019333,25
1,1,4096,block,1,4924.407167,4924.340271,4929.187396,3
1,1,4096,cpu,1,2341.593917,2336.618750,2346.595041,3
1,1,4096,tridiag,1,429.500834,428.464250,429.867230,3
1,1,4096,block_vals,1,3309.062583,3308.843063,3309.878521,3
1,1,4096,cpu_vals,1,466.514792,466.284146,466.528583,3
1,1,4096,tridiag_vals,1,295.589500,295.202042,295.591583,5
1,512,32,simd,1,2.820250,2.814292,2.846042,25
1,512,32,tg,1,2.501583,2.498959,2.517083,25
1,512,32,block,1,4.453000,4.407666,4.563250,25
1,512,32,ql,1,1.142458,1.128083,1.176000,25
1,512,32,ql_share,1,1.311458,1.292625,1.335125,25
1,512,32,cpu,1,1.243208,1.236125,1.249458,25
1,512,32,simd_vals,1,2.727541,2.721833,2.737500,25
1,512,32,tg_vals,1,2.188667,2.172292,2.191333,25
1,512,32,block_vals,1,4.268208,4.168792,4.316958,25
1,512,32,ql_vals,1,0.799750,0.759333,0.814666,25
1,512,32,ql_share_vals,1,0.551875,0.542709,0.566916,25
1,512,32,cpu_vals,1,0.526291,0.487084,0.577000,25
1,4,768,block,1,104.377000,104.309000,104.420916,5
1,4,768,cpu,1,22.058000,22.018125,22.776583,7
1,4,768,tridiag,1,41.454584,41.398625,41.572417,5
1,4,768,block_vals,1,84.323958,84.267459,84.376334,5
1,4,768,cpu_vals,1,11.192270,11.151302,11.237656,14
1,4,768,tridiag_vals,1,32.385583,32.353958,32.420084,5
1,2048,64,tg,1,74.929417,74.727792,75.027750,5
1,2048,64,block,1,49.914292,49.816542,49.939708,5
1,2048,64,ql,1,23.032958,23.001292,23.068271,7
1,2048,64,ql_share,1,12.326583,12.128792,12.357209,13
1,2048,64,cpu,1,19.166146,19.077093,19.208500,8
1,2048,64,tg_vals,1,64.778042,64.750042,64.884250,5
1,2048,64,block_vals,1,43.683166,43.679125,43.684834,5
1,2048,64,ql_vals,1,16.782666,16.704500,16.816000,9
1,2048,64,ql_share_vals,1,6.030625,6.017417,6.049291,25
1,2048,64,cpu_vals,1,8.014875,7.924167,8.192833,19
1,512,128,tg,1,170.768167,170.336500,170.954500,5
1,512,128,block,1,84.765625,84.734083,84.833042,5
1,512,128,cpu,1,20.458146,19.988990,20.501959,8
1,512,128,tridiag,1,662.836042,662.492146,662.836542,3
1,512,128,tg_vals,1,150.747083,150.334333,151.198000,5
1,512,128,block_vals,1,67.873500,67.834584,67.920666,5
1,512,128,cpu_vals,1,9.848917,9.802760,9.995771,16
1,512,128,tridiag_vals,1,515.275041,515.099666,515.516729,3
1,4,96,tg,1,3.638000,3.632958,3.651875,25
1,4,96,block,1,4.890625,4.652417,4.972417,25
1,4,96,cpu,1,0.331500,0.325542,0.333375,25
1,4,96,tg_vals,1,3.306542,3.304333,3.312541,25
1,4,96,block_vals,1,4.865583,4.769083,4.956291,25
1,4,96,cpu_vals,1,0.182292,0.179625,0.186750,25
1,1024,256,block,1,1255.739166,1255.418500,1256.492541,3
1,1024,256,cpu,1,166.850542,166.503291,166.898291,5
1,1024,256,block_vals,1,943.398667,943.258417,945.020230,3
1,1024,256,cpu_vals,1,77.727375,77.613500,80.530541,5
1,256,2,simd,1,0.198917,0.191917,0.207458,25
1,256,2,tg,1,0.217917,0.208625,0.223708,25
1,256,2,ql,1,0.199041,0.182250,0.211791,25
1,256,2,ql_share,1,0.307708,0.297500,0.320083,25
1,256,2,cpu,1,0.098792,0.095959,0.101125,25
1,256,2,simd_vals,1,0.144375,0.140208,0.153542,25
1,256,2,tg_vals,1,0.140208,0.136916,0.143542,25
1,256,2,ql_vals,1,0.136500,0.134709,0.141292,25
1,256,2,ql_share_vals,1,0.246625,0.171875,0.256458,25
1,256,2,cpu_vals,1,0.045833,0.045500,0.047500,25
1,16,384,tg,1,351.817959,351.686792,351.956667,3
1,16,384,block,1,54.667333,54.591250,54.731834,5
1,16,384,cpu,1,7.869292,7.822167,7.925937,19
1,16,384,tridiag,1,64.316042,64.223125,64.349333,5
1,16,384,tg_vals,1,223.610542,223.492917,223.622417,5
1,16,384,block_vals,1,45.791250,45.713875,45.792458,5
1,16,384,cpu_vals,1,4.146709,3.794292,4.162166,25
1,16,384,tridiag_vals,1,52.565542,52.546917,52.600958,5
1,8,32,simd,1,1.737959,1.728500,1.745167,25
1,8,32,tg,1,0.380459,0.370458,0.387167,25
1,8,32,block,1,2.739500,2.708625,2.809792,25
1,8,32,ql,1,0.536583,0.517833,0.557792,25
1,8,32,cpu,1,0.092292,0.086375,0.100209,25
1,8,32,simd_vals,1,1.577583,1.568500,1.584542,25
1,8,32,tg_vals,1,0.354459,0.345416,0.358542,25
1,8,32,block_vals,1,2.817125,2.722209,3.020167,25
1,8,32,ql_vals,1,0.440708,0.413875,0.479458,25
1,8,32,cpu_vals,1,0.051375,0.049292,0.061167,25
1,2,8,simd,1,0.192417,0.170042,0.248209,25
1,2,8,tg,1,0.213833,0.163416,0.236417,25
1,2,8,ql,1,0.222125,0.181000,0.247917,25
1,2,8,cpu,1,0.007834,0.007750,0.008125,25
1,2,8,simd_vals,1,0.188250,0.163875,0.220042,25
1,2,8,tg_vals,1,0.163666,0.158791,0.177375,25
1,2,8,ql_vals,1,0.210958,0.168166,0.242958,25
1,2,8,cpu_vals,1,0.005583,0.005083,0.008041,25
1,512,384,block,1,2096.383333,2095.812125,2100.022354,3
1,512,384,cpu,1,205.076458,203.429500,206.222333,5
1,512,384,block_vals,1,1503.955750,1503.903959,1504.002416,3
1,512,384,cpu_vals,1,94.398459,94.037250,95.195167,5
1,128,256,block,1,157.082125,157.081333,158.169250,5
1,128,256,cpu,1,22.984792,22.886688,23.610563,7
1,128,256,tridiag,1,333.984167,333.796562,334.171354,3
1,128,256,block_vals,1,111.163084,111.032167,111.201583,5
1,128,256,cpu_vals,1,10.340209,10.292105,10.599146,15
1,128,256,tridiag_vals,1,272.267333,272.214250,272.902000,5
1,16,512,block,1,125.059917,124.895209,125.067458,5
1,16,512,cpu,1,16.679458,16.455750,19.041416,9
1,16,512,tridiag,1,89.086459,88.918000,89.185542,5
1,16,512,block_vals,1,92.114791,92.044125,92.163041,5
1,16,512,cpu_vals,1,9.274687,7.436072,9.621844,18
1,16,512,tridiag_vals,1,72.217375,72.195708,72.273792,5
1,1024,96,tg,1,148.043250,147.973750,148.236000,5
1,1024,96,block,1,77.003583,76.914750,77.066417,5
1,1024,96,cpu,1,21.901833,21.715646,22.027250,7
1,1024,96,tg_vals,1,115.257000,115.224375,115.597791,5
1,1024,96,block_vals,1,64.234667,64.153125,64.258791,5
1,1024,96,cpu_vals,1,11.458521,11.177031,11.570417,14
1,4096,96,block,1,295.508125,295.387041,295.848250,5
1,4096,96,cpu,1,83.417958,83.343500,83.646625,5
1,4096,96,block_vals,1,247.692625,247.642250,247.832750,5
1,4096,96,cpu_vals,1,43.834959,43.575333,43.951833,5
1,32,192,tg,1,61.602959,61.585875,61.813375,5
1,32,192,block,1,18.288875,18.262875,18.420416,9
1,32,192,cpu,1,3.390709,3.331542,3.979000,25
1,32,192,tridiag,1,62.973875,62.953334,62.985375,5
1,32,192,tg_vals,1,42.689458,42.625000,42.694917,5
1,32,192,block_vals,1,16.368980,16.337698,16.431792,10
1,32,192,cpu_vals,1,2.125417,2.105500,2.164125,25
1,32,192,tridiag_vals,1,50.113208,50.110583,50.116042,5
1,32,128,tg,1,14.061458,14.040646,14.084958,11
1,32,128,block,1,8.044667,7.987958,8.116291,19
1,32,128,cpu,1,1.447042,1.430833,1.458875,25
1,32,128,tridiag,1,41.349208,41.345209,41.375291,5
1,32,128,tg_vals,1,12.088041,12.076542,12.091375,13
1,32,128,block_vals,1,7.445917,7.385583,7.503750,21
1,32,128,cpu_vals,1,0.732708,0.725125,0.765958,25
1,32,128,tridiag_vals,1,32.215750,32.207958,32.220167,5
1,2048,8,simd,1,0.378792,0.374625,0.385250,25
1,2048,8,tg,1,0.379833,0.376458,0.382375,25
1,2048,8,ql,1,0.391792,0.386708,0.396000,25
1,2048,8,ql_share,1,0.554625,0.474125,0.590666,25
1,2048,8,cpu,1,0.439833,0.431000,0.443791,25
1,2048,8,simd_vals,1,0.324333,0.315250,0.328084,25
1,2048,8,tg_vals,1,0.324459,0.312833,0.328542,25
1,2048,8,ql_vals,1,0.295375,0.292958,0.302083,25
1,2048,8,ql_share_vals,1,0.329375,0.319541,0.345125,25
1,2048,8,cpu_vals,1,0.311625,0.253916,0.582125,25
1,64,768,block,1,2077.278792,2076.465625,2077.669480,3
1,64,768,cpu,1,145.323500,144.558709,149.068792,5
1,64,768,tridiag,1,569.921542,569.790250,569.927605,3
1,64,768,block_vals,1,1379.824625,1379.731812,1380.229959,3
1,64,768,cpu_vals,1,56.877958,56.841583,57.041792,5
1,64,768,tridiag_vals,1,461.486042,461.334646,462.114292,3
1,1024,128,block,1,171.079291,170.929542,171.134250,5
1,1024,128,cpu,1,38.651500,37.789083,38.691708,5
1,1024,128,block_vals,1,140.429833,140.273084,140.465916,5
1,1024,128,cpu_vals,1,19.684146,19.460843,19.750896,8
1,512,8,simd,1,0.507625,0.496875,0.525000,25
1,512,8,tg,1,0.330917,0.291458,0.486625,25
1,512,8,ql,1,0.292375,0.289084,0.297417,25
1,512,8,ql_share,1,0.371375,0.360083,0.377750,25
1,512,8,cpu,1,0.179959,0.176375,0.184625,25
1,512,8,simd_vals,1,0.225333,0.218917,0.233041,25
1,512,8,tg_vals,1,0.225625,0.215458,0.233375,25
1,512,8,ql_vals,1,0.215000,0.207958,0.220708,25
1,512,8,ql_share_vals,1,0.320083,0.312791,0.328792,25
1,512,8,cpu_vals,1,0.131416,0.127792,0.136750,25
1,1,256,tg,1,54.968791,54.940000,54.980791,5
1,1,256,block,1,11.691875,11.643083,11.810125,13
1,1,256,cpu,1,2.248041,2.223083,2.291000,25
1,1,256,tridiag,1,3.428833,3.420125,3.440750,25
1,1,256,tg_vals,1,53.949041,53.932416,53.974375,5
1,1,256,block_vals,1,11.402813,11.319865,11.539688,14
1,1,256,cpu_vals,1,1.045583,1.043417,1.048208,25
1,1,256,tridiag_vals,1,2.525917,2.522875,2.528375,25
1,16,64,tg,1,1.268208,1.256083,1.315459,25
1,16,64,block,1,3.254500,3.229666,3.318709,25
1,16,64,ql,1,1.394625,1.389417,1.409833,25
1,16,64,cpu,1,0.287416,0.282958,0.296333,25
1,16,64,tg_vals,1,1.157708,1.149250,1.201500,25
1,16,64,block_vals,1,3.185750,3.147292,3.215167,25
1,16,64,ql_vals,1,1.135042,1.124375,1.167666,25
1,16,64,cpu_vals,1,0.183833,0.178667,0.190167,25
1,16,96,tg,1,3.684500,3.679292,3.694333,25
1,16,96,block,1,4.946750,4.813792,5.208667,25
1,16,96,cpu,1,0.508208,0.504541,0.517375,25
1,16,96,tg_vals,1,3.310375,3.307541,3.318750,25
1,16,96,block_vals,1,4.889125,4.735875,5.004708,25
1,16,96,cpu_vals,1,0.315042,0.279833,0.392917,25
1,512,256,block,1,633.354625,632.552459,633.366438,3
1,512,256,cpu,1,88.316625,87.714917,88.801791,5
1,512,256,block_vals,1,483.494083,482.406812,485.110292,3
1,512,256,cpu_vals,1,41.887042,41.260250,42.143958,5
1,4096,4,simd,1,0.830333,0.770166,0.839834,25
1,4096,4,tg,1,0.297042,0.293042,0.299125,25
1,4096,4,ql,1,0.290291,0.289750,0.293500,25
1,4096,4,ql_share,1,0.378917,0.371500,0.385375,25
1,4096,4,cpu,1,0.344167,0.325292,0.354125,25
1,4096,4,simd_vals,1,0.272417,0.265209,0.284208,25
1,4096,4,tg_vals,1,0.290958,0.287375,0.296833,25
1,4096,4,ql_vals,1,0.245917,0.243917,0.248334,25
1,4096,4,ql_share_vals,1,0.314250,0.302583,0.323667,25
1,4096,4,cpu_vals,1,0.203458,0.196834,0.579083,25
1,512,192,block,1,275.689250,275.401208,275.790916,5
1,512,192,cpu,1,45.449334,44.675041,46.141250,5
1,512,192,block_vals,1,216.965166,216.677750,216.997500,5
1,512,192,cpu_vals,1,23.107250,23.054896,23.258584,7
1,256,384,block,1,1075.938208,1069.844687,1085.844437,3
1,256,384,cpu,1,103.134417,101.423334,103.925083,5
1,256,384,block_vals,1,756.281166,756.122354,756.440250,3
1,256,384,cpu_vals,1,47.933125,47.733166,48.175250,5
1,2048,12,simd,1,0.911708,0.880291,1.691500,25
1,2048,12,tg,1,0.908084,0.865125,0.919042,25
1,2048,12,ql,1,0.621709,0.617500,0.627292,25
1,2048,12,ql_share,1,0.665334,0.655500,0.673083,25
1,2048,12,cpu,1,0.750750,0.735666,0.791583,25
1,2048,12,simd_vals,1,0.782750,0.757625,0.794084,25
1,2048,12,tg_vals,1,0.787750,0.743750,0.793833,25
1,2048,12,ql_vals,1,0.446000,0.440541,0.449000,25
1,2048,12,ql_share_vals,1,0.391625,0.387958,0.405834,25
1,2048,12,cpu_vals,1,0.398042,0.356125,0.572209,25
1,64,16,simd,1,0.364916,0.360750,1.116500,25
1,64,16,tg,1,0.247667,0.244917,0.251500,25
1,64,16,ql,1,0.271708,0.267875,0.276167,25
1,64,16,ql_share,1,0.374833,0.370375,0.388500,25
1,64,16,cpu,1,0.134042,0.125667,0.137209,25
1,64,16,simd_vals,1,0.315917,0.308917,0.327375,25
1,64,16,tg_vals,1,0.236292,0.216667,0.240584,25
1,64,16,ql_vals,1,0.220875,0.216083,0.235833,25
1,64,16,ql_share_vals,1,0.329542,0.324541,0.332791,25
1,64,16,cpu_vals,1,0.108167,0.086417,0.235417,25
1,16,8,simd,1,0.320417,0.300875,0.369833,25
1,16,8,tg,1,0.281541,0.192333,0.345042,25
1,16,8,ql,1,0.191917,0.190083,0.195042,25
1,16,8,cpu,1,0.043292,0.039083,0.044750,25
1,16,8,simd_vals,1,0.171208,0.161916,0.184625,25
1,16,8,tg_vals,1,0.186708,0.174750,0.189750,25
1,16,8,ql_vals,1,0.170083,0.160834,0.177375,25
1,16,8,cpu_vals,1,0.022875,0.022750,0.023167,25
1,2,12,simd,1,0.380708,0.296959,0.693292,25
1,2,12,tg,1,0.241084,0.233542,0.252542,25
1,2,12,ql,1,0.256500,0.252750,0.266208,25
1,2,12,cpu,1,0.015542,0.015250,0.016708,25
1,2,12,simd_vals,1,0.254042,0.238208,0.258875,25
1,2,12,tg_vals,1,0.190208,0.186583,0.202292,25
1,2,12,ql_vals,1,0.204125,0.190209,0.253041,25
1,2,12,cpu_vals,1,0.007167,0.007000,0.008708,25
1,1,384,tg,1,202.229625,202.192958,202.251625,5
1,1,384,block,1,20.050812,19.950427,20.156875,8
1,1,384,cpu,1,4.550333,4.450167,4.661917,25
1,1,384,tridiag,1,6.244563,6.227500,6.283072,24
1,1,384,tg_vals,1,190.194750,190.169834,190.231291,5
1,1,384,block_vals,1,19.399188,19.382251,19.499146,8
1,1,384,cpu_vals,1,2.364333,2.355667,2.370875,25
1,1,384,tridiag_vals,1,4.108667,4.096208,4.122958,25
1,8,12,simd,1,0.258167,0.249167,0.262792,25
1,8,12,tg,1,0.209709,0.201042,0.216417,25
1,8,12,ql,1,0.219916,0.205916,0.224500,25
1,8,12,cpu,1,0.032958,0.031209,0.036917,25
1,8,12,simd_vals,1,0.253959,0.247625,0.257750,25
1,8,12,tg_vals,1,0.194791,0.190209,0.200834,25
1,8,12,ql_vals,1,0.184292,0.181083,0.195875,25
1,8,12,cpu_vals,1,0.026542,0.023209,0.028291,25
1,128,24,simd,1,0.874250,0.830458,0.884666,25
1,128,24,tg,1,0.487875,0.484792,0.575167,25
1,128,24,ql,1,0.419208,0.412958,0.524291,25
1,128,24,ql_share,1,0.509083,0.504542,0.519875,25
1,128,24,cpu,1,0.276250,0.274209,0.285167,25
1,128,24,simd_vals,1,0.791625,0.743041,0.795750,25
1,128,24,tg_vals,1,0.447709,0.443375,0.454458,25
1,128,24,ql_vals,1,0.324458,0.311875,0.326917,25
1,128,24,ql_share_vals,1,0.426125,0.421917,0.428458,25
1,128,24,cpu_vals,1,0.162583,0.158125,0.168292,25
1,1024,32,simd,1,6.978542,6.802167,7.011916,23
1,1024,32,tg,1,4.511667,4.490333,4.533792,25
1,1024,32,block,1,6.503166,6.477125,6.594958,23
1,1024,32,ql,1,1.675708,1.669250,1.707375,25
1,1024,32,ql_share,1,1.499542,1.484958,1.509750,25
1,1024,32,cpu,1,2.436750,2.393333,2.912000,25
1,1024,32,simd_vals,1,4.482500,4.471708,4.539333,25
1,1024,32,tg_vals,1,3.936250,3.913417,3.963083,25
1,1024,32,block_vals,1,6.165000,6.077958,6.216000,25
1,1024,32,ql_vals,1,1.063625,1.055208,1.106875,25
1,1024,32,ql_share_vals,1,0.988000,0.960791,1.005167,25
1,1024,32,cpu_vals,1,0.988417,0.853084,1.459667,25
1,128,48,tg,1,2.580375,2.576041,2.587750,25
1,128,48,block,1,5.403292,5.284292,5.454500,25
1,128,48,ql,1,1.015500,0.981875,1.031000,25
1,128,48,ql_share,1,1.110334,1.086708,1.142083,25
1,128,48,cpu,1,0.825667,0.816791,0.831542,25
1,128,48,tg_vals,1,2.270500,2.265458,2.279083,25
1,128,48,block_vals,1,5.182125,5.101458,5.281583,25
1,128,48,ql_vals,1,0.816917,0.761667,0.822291,25
1,128,48,ql_share_vals,1,0.958708,0.930875,0.977833,25
1,128,48,cpu_vals,1,0.397750,0.391166,0.608125,25
1,2,24,simd,1,0.834291,0.821917,0.867791,25
1,2,24,tg,1,0.281250,0.264416,0.285333,25
1,2,24,ql,1,0.382459,0.367000,0.458667,25
1,2,24,cpu,1,0.032375,0.031917,0.035333,25
1,2,24,simd_vals,1,0.777292,0.774209,0.779417,25
1,2,24,tg_vals,1,0.258916,0.253000,0.272667,25
1,2,24,ql_vals,1,0.298167,0.293000,0.309000,25
1,2,24,cpu_vals,1,0.021042,0.020167,0.022500,25
1,2,4,simd,1,0.220208,0.175833,0.731625,25
1,2,4,tg,1,0.184834,0.161292,0.243709,25
1,2,4,ql,1,0.172250,0.155417,0.220167,25
1,2,4,cpu,1,0.004334,0.003500,0.005417,25
1,2,4,simd_vals,1,0.171958,0.158916,0.209375,25
1,2,4,tg_vals,1,0.176709,0.157833,0.224000,25
1,2,4,ql_vals,1,0.164792,0.154625,0.201917,25
1,2,4,cpu_vals,1,0.003584,0.002625,0.004084,25
1,8,1024,block,1,546.910500,546.650520,546.919666,3
1,8,1024,cpu,1,67.481167,66.051750,68.809084,5
1,8,1024,tridiag,1,116.232542,116.031709,116.281167,5
1,8,1024,block_vals,1,331.676333,331.659666,333.829167,3
1,8,1024,cpu_vals,1,26.157521,26.080427,26.683646,6
1,8,1024,tridiag_vals,1,90.821792,90.724500,91.008625,5
1,64,128,tg,1,27.011396,27.002354,27.021437,6
1,64,128,block,1,12.418167,12.373459,12.530916,13
1,64,128,cpu,1,2.747583,2.724666,3.248333,25
1,64,128,tridiag,1,82.668125,82.447500,82.742959,5
1,64,128,tg_vals,1,23.307166,23.298000,23.335333,7
1,64,128,block_vals,1,11.324959,11.241854,11.365177,14
1,64,128,cpu_vals,1,1.375458,1.359417,1.951000,25
1,64,128,tridiag_vals,1,64.289792,64.215292,64.463750,5
1,128,2,simd,1,0.165625,0.162583,0.169209,25
1,128,2,tg,1,0.162750,0.144375,0.168833,25
1,128,2,ql,1,0.148542,0.143875,0.159375,25
1,128,2,ql_share,1,0.144209,0.135667,0.152917,25
1,128,2,cpu,1,0.052833,0.051167,0.053584,25
1,128,2,simd_vals,1,0.156541,0.139167,0.164375,25
1,128,2,tg_vals,1,0.140333,0.138250,0.147416,25
1,128,2,ql_vals,1,0.141958,0.138041,0.152500,25
1,128,2,ql_share_vals,1,0.138916,0.125292,0.142208,25
1,128,2,cpu_vals,1,0.027750,0.026917,0.028583,25
1,64,512,block,1,607.130417,606.938417,607.637021,3
1,64,512,cpu,1,58.662125,57.558625,58.751958,5
1,64,512,tridiag,1,347.926708,347.855896,347.951562,3
1,64,512,block_vals,1,416.775041,416.604145,416.923375,3
1,64,512,cpu_vals,1,23.755083,23.528104,24.001416,7
1,64,512,tridiag_vals,1,282.707792,282.700292,282.744583,5
1,1,48,tg,1,0.765375,0.712208,0.772833,25
1,1,48,block,1,3.126125,3.111916,3.173208,25
1,1,48,ql,1,0.870417,0.860875,0.913167,25
1,1,48,cpu,1,0.077917,0.077667,0.079125,25
1,1,48,tg_vals,1,0.702333,0.642500,0.721000,25
1,1,48,block_vals,1,3.217709,3.129000,3.298625,25
1,1,48,ql_vals,1,0.740625,0.704375,0.788375,25
1,1,48,cpu_vals,1,0.034083,0.033875,0.034333,25
1,16,32,simd,1,1.736708,1.732792,1.788041,25
1,16,32,tg,1,0.369500,0.366667,0.373625,25
1,16,32,block,1,2.736291,2.716208,2.775625,25
1,16,32,ql,1,0.527792,0.508167,0.534416,25
1,16,32,cpu,1,0.142625,0.137666,0.174959,25
1,16,32,simd_vals,1,1.578250,1.566084,1.589959,25
1,16,32,tg_vals,1,0.360333,0.352666,0.367292,25
1,16,32,block_vals,1,2.710875,2.693917,2.724833,25
1,16,32,ql_vals,1,0.425125,0.398959,0.475167,25
1,16,32,cpu_vals,1,0.074791,0.063042,0.118291,25
1,256,12,simd,1,0.307791,0.299708,0.862167,25
1,256,12,tg,1,0.288041,0.280834,0.289292,25
1,256,12,ql,1,0.246584,0.241416,0.251083,25
1,256,12,ql_share,1,0.387417,0.384625,0.394708,25
1,256,12,cpu,1,0.182083,0.176542,0.190959,25
1,256,12,simd_vals,1,0.252625,0.250333,0.259709,25
1,256,12,tg_vals,1,0.251667,0.245084,0.261875,25
1,256,12,ql_vals,1,0.213125,0.201625,0.217667,25
1,256,12,ql_share_vals,1,0.324125,0.318542,0.330000,25
1,256,12,cpu_vals,1,0.132417,0.127958,0.139416,25
1,128,64,tg,1,5.329042,5.323583,5.335750,25
1,128,64,block,1,5.596292,5.572708,5.696167,25
1,128,64,ql,1,2.626416,2.623708,2.628791,25
1,128,64,ql_share,1,2.789375,2.759833,2.832583,25
1,128,64,cpu,1,1.343667,1.330750,1.352041,25
1,128,64,tg_vals,1,4.713708,4.708625,4.727541,25
1,128,64,block_vals,1,5.364541,5.328542,5.460750,25
1,128,64,ql_vals,1,2.020792,2.013208,2.025917,25
1,128,64,ql_share_vals,1,1.318083,1.303000,1.357792,25
1,128,64,cpu_vals,1,0.611792,0.585125,0.626250,25
1,1,64,tg,1,1.275333,1.234750,1.488792,25
1,1,64,block,1,3.330209,3.287208,3.421709,25
1,1,64,ql,1,1.344792,1.333625,1.354792,25
1,1,64,cpu,1,0.146167,0.143916,0.147375,25
1,1,64,tg_vals,1,1.158500,1.148375,1.197500,25
1,1,64,block_vals,1,3.232125,3.197083,3.346500,25
1,1,64,ql_vals,1,1.067125,1.052916,1.108084,25
1,1,64,cpu_vals,1,0.061084,0.060834,0.062166,25
1,128,8,simd,1,0.192958,0.190375,0.195917,25
1,128,8,tg,1,0.193542,0.190458,0.200084,25
1,128,8,ql,1,0.206000,0.200125,0.209542,25
1,128,8,ql_share,1,0.308042,0.305333,0.314125,25
1,128,8,cpu,1,0.112208,0.105167,0.254042,25
1,128,8,simd_vals,1,0.166541,0.163542,0.184917,25
1,128,8,tg_vals,1,0.170125,0.164625,0.183875,25
1,128,8,ql_vals,1,0.159917,0.154209,0.168750,25
1,128,8,ql_share_vals,1,0.243084,0.240000,0.247667,25
1,128,8,cpu_vals,1,0.097542,0.071958,0.158542,25
1,4,512,tg,1,538.414333,538.393542,538.419791,3
1,4,512,block,1,43.540167,43.526792,43.559083,5
1,4,512,cpu,1,10.861542,10.816083,10.946187,14
1,4,512,tridiag,1,24.234083,24.126959,24.273501,7
1,4,512,tg_vals,1,444.426375,444.389208,444.513146,3
1,4,512,block_vals,1,38.899417,38.629833,38.968791,5
1,4,512,cpu_vals,1,4.756917,4.735667,4.887333,25
1,4,512,tridiag_vals,1,19.404333,19.366969,19.437291,8
1,1,96,tg,1,3.626041,3.624208,3.633667,25
1,1,96,block,1,4.851375,4.700459,4.977667,25
1,1,96,cpu,1,0.291792,0.289250,0.293042,25
1,1,96,tg_vals,1,3.303334,3.300875,3.309459,25
1,1,96,block_vals,1,4.900208,4.797083,5.006667,25
1,1,96,cpu_vals,1,0.148292,0.147875,0.149000,25
1,128,4,simd,1,0.156750,0.150042,0.194791,25
1,128,4,tg,1,0.149458,0.147250,0.156959,25
1,128,4,ql,1,0.152083,0.147000,0.166959,25
1,128,4,ql_share,1,0.256334,0.141459,0.267083,25
1,128,4,cpu,1,0.109000,0.108458,0.112084,25
1,128,4,simd_vals,1,0.164167,0.152209,0.167500,25
1,128,4,tg_vals,1,0.152375,0.146333,0.155834,25
1,128,4,ql_vals,1,0.143166,0.141125,0.149125,25
1,128,4,ql_share_vals,1,0.123875,0.114250,0.133666,25
1,128,4,cpu_vals,1,0.063542,0.061625,0.068583,25
1,2048,4,simd,1,0.233334,0.226916,0.255917,25
1,2048,4,tg,1,0.232541,0.229333,0.236292,25
1,2048,4,ql,1,0.222417,0.214000,0.225167,25
1,2048,4,ql_share,1,0.330084,0.323792,0.335583,25
1,2048,4,cpu,1,0.212875,0.210083,0.217291,25
1,2048,4,simd_vals,1,0.222292,0.219583,0.224625,25
1,2048,4,tg_vals,1,0.222042,0.214875,0.223667,25
1,2048,4,ql_vals,1,0.190250,0.183333,0.202500,25
1,2048,4,ql_share_vals,1,0.311792,0.306292,0.318417,25
1,2048,4,cpu_vals,1,0.162417,0.150333,0.229959,25
1,64,96,tg,1,11.565625,11.406708,11.659500,13
1,64,96,block,1,7.746208,7.559886,7.811406,20
1,64,96,cpu,1,1.569208,1.551375,1.595083,25
1,64,96,tg_vals,1,9.200875,9.187625,9.374792,17
1,64,96,block_vals,1,7.248750,7.168041,7.343750,21
1,64,96,cpu_vals,1,0.865083,0.853584,0.908208,25
1,1,8,simd,1,0.309417,0.301084,0.328209,25
1,1,8,tg,1,0.335375,0.323417,0.343708,25
1,1,8,ql,1,0.205459,0.200125,0.237500,25
1,1,8,cpu,1,0.003875,0.003792,0.004250,25
1,1,8,simd_vals,1,0.179000,0.171708,0.222583,25
1,1,8,tg_vals,1,0.186708,0.175417,0.251042,25
1,1,8,ql_vals,1,0.174375,0.170333,0.200000,25
1,1,8,cpu_vals,1,0.002250,0.002250,0.002458,25
1,32,96,tg,1,5.823125,5.810542,5.831000,25
1,32,96,block,1,5.480666,5.167000,5.608625,25
1,32,96,cpu,1,0.837000,0.825458,0.856333,25
1,32,96,tg_vals,1,4.948625,4.939000,5.195750,25
1,32,96,block_vals,1,5.213167,5.112167,5.288833,25
1,32,96,cpu_vals,1,0.532375,0.473791,0.600041,25
1,512,16,simd,1,0.580334,0.575292,0.709708,25
1,512,16,tg,1,0.502875,0.498958,0.504708,25
1,512,16,ql,1,0.393750,0.391833,0.395750,25
1,512,16,ql_share,1,0.472333,0.468166,0.480833,25
1,512,16,cpu,1,0.419000,0.411750,0.426459,25
1,512,16,simd_vals,1,0.511292,0.506333,0.514750,25
1,512,16,tg_vals,1,0.445750,0.436708,0.455042,25
1,512,16,ql_vals,1,0.304500,0.295834,0.306958,25
1,512,16,ql_share_vals,1,0.387875,0.380583,0.399167,25
1,512,16,cpu_vals,1,0.219458,0.209959,0.581834,25
1,256,4,simd,1,0.235708,0.229459,0.239459,25
1,256,4,tg,1,0.236792,0.222625,0.241417,25
1,256,4,ql,1,0.250292,0.235958,0.253042,25
1,256,4,ql_share,1,0.277333,0.270125,0.370042,25
1,256,4,cpu,1,0.145208,0.082583,0.212667,25
1,256,4,simd_vals,1,0.157875,0.145875,0.166917,25
1,256,4,tg_vals,1,0.151250,0.147666,0.172208,25
1,256,4,ql_vals,1,0.143209,0.139625,0.163791,25
1,256,4,ql_share_vals,1,0.232125,0.227375,0.235417,25
1,256,4,cpu_vals,1,0.116959,0.080750,0.122500,25
1,128,32,simd,1,1.825125,1.822125,1.835667,25
1,128,32,tg,1,1.038333,0.987625,1.052041,25
1,128,32,block,1,3.058125,3.023042,3.119334,25
1,128,32,ql,1,0.579583,0.576750,0.583250,25
1,128,32,ql_share,1,0.692292,0.690292,0.698584,25
1,128,32,cpu,1,0.404042,0.399792,0.413708,25
1,128,32,simd_vals,1,1.626375,1.608917,1.639417,25
1,128,32,tg_vals,1,0.942458,0.897875,0.949542,25
1,128,32,block_vals,1,2.993000,2.933542,3.039125,25
1,128,32,ql_vals,1,0.436416,0.427042,0.448125,25
1,128,32,ql_share_vals,1,0.537000,0.534042,0.546416,25
1,128,32,cpu_vals,1,0.209333,0.207750,0.224000,25
1,4,48,tg,1,0.917500,0.768125,1.062208,25
1,4,48,block,1,3.132250,3.116792,3.207334,25
1,4,48,ql,1,0.920709,0.891000,0.933125,25
1,4,48,cpu,1,0.101875,0.100292,0.103834,25
1,4,48,tg_vals,1,0.720125,0.677667,0.728333,25
1,4,48,block_vals,1,3.117292,3.068709,3.141417,25
1,4,48,ql_vals,1,0.792375,0.752375,0.799833,25
1,4,48,cpu_vals,1,0.055792,0.055417,0.057125,25
1,4,32,simd,1,1.738917,1.729458,1.782666,25
1,4,32,tg,1,0.372584,0.363166,0.377125,25
1,4,32,block,1,3.239916,3.114000,3.371667,25
1,4,32,ql,1,0.551750,0.541209,0.557208,25
1,4,32,cpu,1,0.054375,0.053583,0.056375,25
1,4,32,simd_vals,1,1.580541,1.574917,1.591417,25
1,4,32,tg_vals,1,0.354000,0.349292,0.362583,25
1,4,32,block_vals,1,3.365666,3.264584,3.483500,25
1,4,32,ql_vals,1,0.449542,0.434542,0.476000,25
1,4,32,cpu_vals,1,0.035625,0.035167,0.036500,25
1,1024,4,simd,1,0.195250,0.181083,0.204125,25
1,1024,4,tg,1,0.193792,0.183416,0.197958,25
1,1024,4,ql,1,0.200208,0.194709,0.202208,25
1,1024,4,ql_share,1,0.322166,0.316833,0.338292,25
1,1024,4,cpu,1,0.154083,0.148833,0.156708,25
1,1024,4,simd_vals,1,0.188500,0.176208,0.193584,25
1,1024,4,tg_vals,1,0.177708,0.169584,0.190958,25
1,1024,4,ql_vals,1,0.166416,0.161958,0.183708,25
1,1024,4,ql_share_vals,1,0.307708,0.301584,0.314625,25
1,1024,4,cpu_vals,1,0.126875,0.123959,0.179625,25
1,4,64,tg,1,1.247750,1.235333,1.260125,25
1,4,64,block,1,3.203500,3.147750,3.243750,25
1,4,64,ql,1,1.351459,1.346375,1.367166,25
1,4,64,cpu,1,0.164125,0.161459,0.168791,25
1,4,64,tg_vals,1,1.153791,1.140375,1.188958,25
1,4,64,block_vals,1,3.152250,3.119667,3.256750,25
1,4,64,ql_vals,1,1.058625,1.021333,1.105875,25
1,4,64,cpu_vals,1,0.080000,0.078958,0.080667,25
1,64,48,tg,1,1.620834,1.608584,1.670875,25
1,64,48,block,1,3.802209,3.756750,3.888375,25
1,64,48,ql,1,0.985916,0.933208,0.987958,25
1,64,48,ql_share,1,1.098041,1.049833,1.110333,25
1,64,48,cpu,1,0.448584,0.443625,0.455833,25
1,64,48,tg_vals,1,1.445584,1.440958,1.458750,25
1,64,48,block_vals,1,3.603667,3.542500,3.677583,25
1,64,48,ql_vals,1,0.799916,0.752416,0.811208,25
1,64,48,ql_share_vals,1,0.931041,0.881291,0.938875,25
1,64,48,cpu_vals,1,0.246916,0.235667,0.566000,25
1,1,24,simd,1,0.827375,0.782500,0.836250,25
1,1,24,tg,1,0.275708,0.262000,0.281167,25
1,1,24,ql,1,0.372959,0.361542,0.383709,25
1,1,24,cpu,1,0.022167,0.022125,0.022416,25
1,1,24,simd_vals,1,0.766167,0.724167,0.779083,25
1,1,24,tg_vals,1,0.261000,0.255000,0.262834,25
1,1,24,ql_vals,1,0.291292,0.286666,0.306833,25
1,1,24,cpu_vals,1,0.007958,0.007917,0.008000,25
1,4,16,simd,1,0.508375,0.475167,0.519333,25
1,4,16,tg,1,0.280334,0.235041,0.300166,25
1,4,16,ql,1,0.257333,0.252125,0.263875,25
1,4,16,cpu,1,0.026208,0.025334,0.027208,25
1,4,16,simd_vals,1,0.324083,0.303708,0.335916,25
1,4,16,tg_vals,1,0.215334,0.209958,0.228708,25
1,4,16,ql_vals,1,0.234500,0.228916,0.259042,25
1,4,16,cpu_vals,1,0.019166,0.018375,0.021875,25
1,1,16,simd,1,0.515000,0.394833,0.545875,25
1,1,16,tg,1,0.227708,0.216333,0.235166,25
1,1,16,ql,1,0.256791,0.244083,0.262708,25
1,1,16,cpu,1,0.009625,0.009583,0.009750,25
1,1,16,simd_vals,1,0.324750,0.310834,0.329625,25
1,1,16,tg_vals,1,0.218167,0.213042,0.232708,25
1,1,16,ql_vals,1,0.242833,0.216916,0.255833,25
1,1,16,cpu_vals,1,0.004375,0.004375,0.004458,25
1,4096,2,simd,1,0.218584,0.206417,0.235292,25
1,4096,2,tg,1,0.198834,0.193709,0.214625,25
1,4096,2,ql,1,0.191792,0.185542,0.194250,25
1,4096,2,ql_share,1,0.315500,0.308750,0.330083,25
1,4096,2,cpu,1,0.196042,0.192459,0.199542,25
1,4096,2,simd_vals,1,0.190708,0.178417,0.194000,25
1,4096,2,tg_vals,1,0.177834,0.172584,0.188375,25
1,4096,2,ql_vals,1,0.174458,0.162500,0.179541,25
1,4096,2,ql_share_vals,1,0.307166,0.301083,0.315125,25
1,4096,2,cpu_vals,1,0.140292,0.137250,0.170917,25
1,64,384,block,1,250.003917,249.824209,250.719250,5
1,64,384,cpu,1,26.998104,26.429302,27.339531,6
1,64,384,tridiag,1,253.943875,253.695000,254.131792,5
1,64,384,block_vals,1,170.385083,170.195209,170.407542,5
1,64,384,cpu_vals,1,13.093646,12.977833,13.145573,12
1,64,384,tridiag_vals,1,208.893250,208.876833,208.960500,5
1,8,4,simd,1,0.177292,0.168209,0.207291,25
1,8,4,tg,1,0.260084,0.246083,0.272250,25
1,8,4,ql,1,0.246333,0.231917,0.251875,25
1,8,4,cpu,1,0.022625,0.018416,0.026625,25
1,8,4,simd_vals,1,0.150208,0.146417,0.174459,25
1,8,4,tg_vals,1,0.163500,0.153250,0.170750,25
1,8,4,ql_vals,1,0.153417,0.145625,0.163625,25
1,8,4,cpu_vals,1,0.011375,0.005709,0.018750,25
1,16,48,tg,1,0.765459,0.722375,0.782666,25
1,16,48,block,1,3.205708,3.190917,3.249250,25
1,16,48,ql,1,0.921333,0.895625,0.943500,25
1,16,48,cpu,1,0.211125,0.207584,0.217208,25
1,16,48,tg_vals,1,0.724583,0.707625,0.729625,25
1,16,48,block_vals,1,3.133625,3.120875,3.200250,25
1,16,48,ql_vals,1,0.791000,0.750917,0.804583,25
1,16,48,cpu_vals,1,0.137458,0.128208,0.153542,25
1,256,32,simd,1,1.939417,1.933250,1.975417,25
1,256,32,tg,1,1.573042,1.554958,1.606208,25
1,256,32,block,1,3.466708,3.417542,3.513167,25
1,256,32,ql,1,0.637916,0.630916,0.690167,25
1,256,32,ql_share,1,0.750750,0.737333,0.791875,25
1,256,32,cpu,1,0.669167,0.640708,0.688167,25
1,256,32,simd_vals,1,1.703000,1.693833,1.709292,25
1,256,32,tg_vals,1,1.408458,1.399208,1.430625,25
1,256,32,block_vals,1,3.289042,3.258917,3.341791,25
1,256,32,ql_vals,1,0.464166,0.454291,0.531459,25
1,256,32,ql_share_vals,1,0.538208,0.533875,0.546375,25
1,256,32,cpu_vals,1,0.358125,0.297792,0.567875,25
1,1,12,simd,1,0.728250,0.708333,0.739208,25
1,1,12,tg,1,0.212833,0.200959,0.245584,25
1,1,12,ql,1,0.250250,0.231541,0.269167,25
1,1,12,cpu,1,0.006250,0.006208,0.006250,25
1,1,12,simd_vals,1,0.238250,0.226750,0.247667,25
1,1,12,tg_vals,1,0.234958,0.216333,0.266792,25
1,1,12,ql_vals,1,0.204042,0.194416,0.221417,25
1,1,12,cpu_vals,1,0.003167,0.003166,0.003292,25
1,2,64,tg,1,1.248083,1.238333,1.279375,25
1,2,64,block,1,3.239333,3.196458,3.375208,25
1,2,64,ql,1,1.360417,1.345541,1.395542,25
1,2,64,cpu,1,0.160333,0.158250,0.167125,25
1,2,64,tg_vals,1,1.150042,1.141250,1.191875,25
1,2,64,block_vals,1,3.148375,3.126834,3.215958,25
1,2,64,ql_vals,1,1.063125,1.057625,1.106916,25
1,2,64,cpu_vals,1,0.078333,0.077833,0.079375,25
1,128,384,block,1,525.131375,524.589105,525.284354,3
1,128,384,cpu,1,51.976333,51.947084,52.267667,5
1,128,384,tridiag,1,506.128000,505.810208,506.149396,3
1,128,384,block_vals,1,370.644000,370.502292,370.989688,3
1,128,384,cpu_vals,1,24.234000,24.153167,24.334500,7
1,128,384,tridiag_vals,1,416.769250,416.193105,416.852771,3
1,1024,64,tg,1,38.094084,37.945666,38.168584,5
1,1024,64,block,1,24.756958,24.728437,24.797500,7
1,1024,64,ql,1,11.614875,11.591750,11.629583,13
1,1024,64,ql_share,1,6.827521,6.801239,7.104583,22
1,1024,64,cpu,1,10.044625,9.618886,10.148729,16
1,1024,64,tg_vals,1,32.735833,32.725625,32.804750,5
1,1024,64,block_vals,1,21.250458,21.160448,21.263490,8
1,1024,64,ql_vals,1,8.494729,8.481229,8.514062,18
1,1024,64,ql_share_vals,1,3.124417,3.115958,3.200167,25
1,1024,64,cpu_vals,1,4.428750,4.024750,4.467542,25
1,4,256,tg,1,55.128500,55.110250,55.130167,5
1,4,256,block,1,12.840500,12.802646,12.868323,12
1,4,256,cpu,1,2.357458,2.347250,2.378917,25
1,4,256,tridiag,1,10.737395,10.694823,10.761636,14
1,4,256,tg_vals,1,53.947500,53.925375,53.963000,5
1,4,256,block_vals,1,12.219791,12.152208,12.272333,13
1,4,256,cpu_vals,1,1.136333,1.130625,1.140208,25
1,4,256,tridiag_vals,1,8.876958,8.873125,8.878000,17
1,512,12,simd,1,0.387500,0.384833,0.402583,25
1,512,12,tg,1,0.366792,0.365250,0.371042,25
1,512,12,ql,1,0.308875,0.307042,0.309875,25
1,512,12,ql_share,1,0.411625,0.403208,0.422667,25
1,512,12,cpu,1,0.285875,0.282917,0.289500,25
1,512,12,simd_vals,1,0.352375,0.348125,0.354125,25
1,512,12,tg_vals,1,0.338542,0.335625,0.340417,25
1,512,12,ql_vals,1,0.256208,0.250417,0.258042,25
1,512,12,ql_share_vals,1,0.362500,0.357250,0.368334,25
1,512,12,cpu_vals,1,0.172042,0.166791,0.176666,25
1,8,384,tg,1,236.245875,235.425666,236.856583,5
1,8,384,block,1,31.967500,31.883584,31.972292,5
1,8,384,cpu,1,6.358875,6.086385,6.408625,24
1,8,384,tridiag,1,32.510542,32.380333,32.570833,5
1,8,384,tg_vals,1,189.426125,189.415666,189.482750,5
1,8,384,block_vals,1,27.683229,27.605313,27.791020,6
1,8,384,cpu_vals,1,3.552042,3.054125,3.580167,25
1,8,384,tridiag_vals,1,26.796854,26.769604,26.823479,6
1,64,12,simd,1,0.275791,0.270458,0.281958,25
1,64,12,tg,1,0.221041,0.216167,0.226042,25
1,64,12,ql,1,0.232167,0.230750,0.234584,25
1,64,12,ql_share,1,0.334459,0.331375,0.337416,25
1,64,12,cpu,1,0.236959,0.110542,0.268875,25
1,64,12,simd_vals,1,0.253083,0.248958,0.259583,25
1,64,12,tg_vals,1,0.195500,0.190125,0.207291,25
1,64,12,ql_vals,1,0.187833,0.182917,0.195792,25
1,64,12,ql_share_vals,1,0.140375,0.135875,0.142875,25
1,64,12,cpu_vals,1,0.144041,0.112958,0.147833,25
1,4096,48,tg,1,59.447667,59.430166,59.517875,5
1,4096,48,block,1,85.616250,85.580416,85.982875,5
1,4096,48,ql,1,16.990084,16.967584,17.106209,9
1,4096,48,ql_share,1,11.800542,11.599573,13.002469,12
1,4096,48,cpu,1,22.453250,22.183354,22.651333,7
1,4096,48,tg_vals,1,51.215875,51.160458,51.282750,5
1,4096,48,block_vals,1,75.908250,75.776708,75.934208,5
1,4096,48,ql_vals,1,11.787333,11.749250,11.805625,13
1,4096,48,ql_share_vals,1,6.328625,6.313792,6.360010,24
1,4096,48,cpu_vals,1,9.563271,9.518250,9.659469,16
1,64,32,simd,1,1.774916,1.770542,1.784625,25
1,64,32,tg,1,0.595000,0.591083,0.598166,25
1,64,32,block,1,2.876042,2.853584,2.916459,25
1,64,32,ql,1,0.556125,0.551917,0.572666,25
1,64,32,ql_share,1,0.665667,0.661542,0.674458,25
1,64,32,cpu,1,0.252833,0.245250,0.293000,25
1,64,32,simd_vals,1,1.587125,1.580125,1.596375,25
1,64,32,tg_vals,1,0.542083,0.535750,0.549792,25
1,64,32,block_vals,1,2.756875,2.722917,2.807167,25
1,64,32,ql_vals,1,0.428833,0.416916,0.494458,25
1,64,32,ql_share_vals,1,0.519542,0.514083,0.569417,25
1,64,32,cpu_vals,1,0.148583,0.145875,0.184250,25
1,2,2048,block,1,1152.916791,1151.217708,1154.129479,3
1,2,2048,cpu,1,315.588333,312.469771,315.904021,3
1,2,2048,tridiag,1,134.661792,134.660959,135.042417,5
1,2,2048,block_vals,1,694.716750,694.628250,695.252042,3
1,2,2048,cpu_vals,1,107.456292,106.494958,107.474625,5
1,2,2048,tridiag_vals,1,93.574709,93.466750,93.726208,5
1,1024,2,simd,1,0.237250,0.226375,0.240542,25
1,1024,2,tg,1,0.232208,0.227250,0.240583,25
1,1024,2,ql,1,0.184791,0.171167,0.191542,25
1,1024,2,ql_share,1,0.309375,0.300833,0.319333,25
1,1024,2,cpu,1,0.132416,0.107375,0.255459,25
1,1024,2,simd_vals,1,0.155625,0.146625,0.163958,25
1,1024,2,tg_vals,1,0.148459,0.143125,0.167042,25
1,1024,2,ql_vals,1,0.156125,0.147625,0.164042,25
1,1024,2,ql_share_vals,1,0.258791,0.233167,0.271292,25
1,1024,2,cpu_vals,1,0.152583,0.081916,0.159333,25
1,4,24,simd,1,0.826417,0.785375,0.836166,25
1,4,24,tg,1,0.281292,0.278958,0.284333,25
1,4,24,ql,1,0.394583,0.377042,0.419458,25
1,4,24,cpu,1,0.043000,0.036583,0.043875,25
1,4,24,simd_vals,1,0.762417,0.722667,0.778875,25
1,4,24,tg_vals,1,0.271459,0.256542,0.274083,25
1,4,24,ql_vals,1,0.313250,0.307458,0.328333,25
1,4,24,cpu_vals,1,0.020959,0.020667,0.021458,25
1,8,256,tg,1,62.517541,62.495958,62.523000,5
1,8,256,block,1,14.776667,14.745188,14.838292,11
1,8,256,cpu,1,2.695959,2.683000,2.707625,25
1,8,256,tridiag,1,20.948187,20.891948,21.079052,8
1,8,256,tg_vals,1,60.294917,60.283125,60.311833,5
1,8,256,block_vals,1,13.505395,13.472979,13.540218,12
1,8,256,cpu_vals,1,1.330833,1.321917,1.338708,25
1,8,256,tridiag_vals,1,17.237125,17.197459,17.260500,9
1,64,2,simd,1,0.155834,0.145084,0.167250,25
1,64,2,tg,1,0.165625,0.164334,0.169083,25
1,64,2,ql,1,0.163083,0.156916,0.168166,25
1,64,2,ql_share,1,0.149375,0.140500,0.152291,25
1,64,2,cpu,1,0.030334,0.030167,0.032042,25
1,64,2,simd_vals,1,0.145333,0.139375,0.157333,25
1,64,2,tg_vals,1,0.142792,0.139625,0.157209,25
1,64,2,ql_vals,1,0.140459,0.136334,0.147750,25
1,64,2,ql_share_vals,1,0.134209,0.128750,0.138375,25
1,64,2,cpu_vals,1,0.018708,0.018583,0.018834,25
1,4,8,simd,1,0.173000,0.162459,0.188625,25
1,4,8,tg,1,0.167583,0.163125,0.182625,25
1,4,8,ql,1,0.215541,0.175917,0.253417,25
1,4,8,cpu,1,0.019292,0.018500,0.019792,25
1,4,8,simd_vals,1,0.187000,0.164459,0.239292,25
1,4,8,tg_vals,1,0.177166,0.163500,0.183833,25
1,4,8,ql_vals,1,0.174209,0.156959,0.220792,25
1,4,8,cpu_vals,1,0.013250,0.009375,0.014000,25
1,32,768,block,1,987.681583,986.298375,988.003396,3
1,32,768,cpu,1,76.675167,76.218208,76.725208,5
1,32,768,tridiag,1,288.108708,287.825792,288.676250,5
1,32,768,block_vals,1,669.221250,669.186625,669.721208,3
1,32,768,cpu_vals,1,32.648208,32.602625,32.708833,5
1,32,768,tridiag_vals,1,232.287417,232.263167,232.370167,5
1,1024,12,simd,1,0.636208,0.528167,1.819542,25
1,1024,12,tg,1,0.515458,0.512375,0.518250,25
1,1024,12,ql,1,0.413167,0.411667,0.414333,25
1,1024,12,ql_share,1,0.619500,0.491375,0.655000,25
1,1024,12,cpu,1,0.478292,0.434084,0.555583,25
1,1024,12,simd_vals,1,0.550541,0.546875,0.561958,25
1,1024,12,tg_vals,1,0.458750,0.452333,0.485833,25
1,1024,12,ql_vals,1,0.316166,0.310333,0.318542,25
1,1024,12,ql_share_vals,1,0.341375,0.336834,0.363166,25
1,1024,12,cpu_vals,1,0.241833,0.226833,0.577125,25
1,16,192,tg,1,29.120500,29.097709,29.127167,6
1,16,192,block,1,11.859375,11.659375,11.874208,13
1,16,192,cpu,1,1.908125,1.821167,2.368958,25
1,16,192,tridiag,1,31.483750,31.477458,31.495000,5
1,16,192,tg_vals,1,25.726208,25.722521,25.730615,6
1,16,192,block_vals,1,10.668542,10.593291,10.764562,15
1,16,192,cpu_vals,1,1.246542,0.862625,1.422750,25
1,16,192,tridiag_vals,1,25.124896,25.112698,25.149188,6
1,256,64,tg,1,10.236167,10.052896,10.285687,15
1,256,64,block,1,8.228084,8.093000,8.274750,19
1,256,64,ql,1,3.907042,3.902000,3.912417,25
1,256,64,ql_share,1,2.877375,2.863208,2.910917,25
1,256,64,cpu,1,2.623625,2.577125,3.151042,25
1,256,64,tg_vals,1,8.548792,8.524021,8.575063,18
1,256,64,block_vals,1,7.581771,7.542438,7.714833,20
1,256,64,ql_vals,1,2.931625,2.922292,2.934625,25
1,256,64,ql_share_vals,1,2.201292,2.187291,2.610833,25
1,256,64,cpu_vals,1,1.081625,1.038458,1.626458,25
1,8,64,tg,1,1.262583,1.253291,1.308083,25
1,8,64,block,1,3.195416,3.157375,3.244709,25
1,8,64,ql,1,1.385042,1.372833,1.398875,25
1,8,64,cpu,1,0.272709,0.264666,0.300084,25
1,8,64,tg_vals,1,1.157000,1.144292,1.195709,25
1,8,64,block_vals,1,3.112583,3.104708,3.165291,25
1,8,64,ql_vals,1,1.069041,1.052833,1.086417,25
1,8,64,cpu_vals,1,0.146375,0.141292,0.149792,25
1,32,384,tg,1,766.247833,766.142438,766.754354,3
1,32,384,block,1,113.298625,113.292458,113.412583,5
1,32,384,cpu,1,14.969084,14.805395,15.089333,11
1,32,384,tridiag,1,127.198083,127.082000,127.245875,5
1,32,384,tg_vals,1,484.833292,484.561687,484.967292,3
1,32,384,block_vals,1,81.243625,81.059500,81.247792,5
1,32,384,cpu_vals,1,7.024125,6.898459,7.289000,21
1,32,384,tridiag_vals,1,104.394833,104.383417,104.438292,5
1,4,4,simd,1,0.170833,0.156166,0.204292,25
1,4,4,tg,1,0.170333,0.152542,0.191834,25
1,4,4,ql,1,0.176625,0.155875,0.210959,25
1,4,4,cpu,1,0.008542,0.008375,0.010417,25
1,4,4,simd_vals,1,0.159917,0.151125,0.223167,25
1,4,4,tg_vals,1,0.162333,0.150459,0.215625,25
1,4,4,ql_vals,1,0.159667,0.148875,0.200750,25
1,4,4,cpu_vals,1,0.006542,0.005541,0.008083,25
1,64,64,tg,1,3.279958,3.275625,3.284375,25
1,64,64,block,1,3.899083,3.846000,3.978209,25
1,64,64,ql,1,1.465208,1.461625,1.511042,25
1,64,64,ql_share,1,1.630042,1.588667,1.650917,25
1,64,64,cpu,1,0.721542,0.714417,0.734667,25
1,64,64,tg_vals,1,2.926250,2.921750,2.936583,25
1,64,64,block_vals,1,3.660084,3.643959,3.734625,25
1,64,64,ql_vals,1,1.159458,1.152208,1.192500,25
1,64,64,ql_share_vals,1,1.285917,1.257208,1.326458,25
1,64,64,cpu_vals,1,0.342500,0.334792,0.596542,25
1,64,192,tg,1,139.920542,139.707666,140.084625,5
1,64,192,block,1,31.204958,31.085792,31.232750,5
1,64,192,cpu,1,6.438479,6.339333,6.603208,24
1,64,192,tridiag,1,125.833041,125.604375,125.857167,5
1,64,192,tg_vals,1,82.973500,82.957541,83.007125,5
1,64,192,block_vals,1,27.336125,27.325312,27.346281,6
1,64,192,cpu_vals,1,3.449959,3.433917,3.476667,25
1,64,192,tridiag_vals,1,100.134250,99.968250,100.203416,5
1,1,128,tg,1,7.950500,7.946063,7.957605,19
1,1,128,block,1,5.941708,5.865583,6.023375,25
1,1,128,cpu,1,0.497042,0.494875,0.498583,25
1,1,128,tridiag,1,1.580750,1.555209,1.584959,25
1,1,128,tg_vals,1,7.195375,7.191917,7.205625,21
1,1,128,block_vals,1,5.844375,5.725209,5.873458,25
1,1,128,cpu_vals,1,0.262875,0.262208,0.263250,25
1,1,128,tridiag_vals,1,1.129375,1.127292,1.130958,25
1,8,2,simd,1,0.157708,0.142417,0.205875,25
1,8,2,tg,1,0.158375,0.146334,0.164125,25
1,8,2,ql,1,0.143125,0.139875,0.150541,25
1,8,2,cpu,1,0.004917,0.004334,0.010959,25
1,8,2,simd_vals,1,0.154417,0.143667,0.161708,25
1,8,2,tg_vals,1,0.147459,0.139667,0.160666,25
1,8,2,ql_vals,1,0.150500,0.138458,0.175167,25
1,8,2,cpu_vals,1,0.003208,0.003083,0.003375,25
1,8,48,tg,1,0.756583,0.750167,0.766625,25
1,8,48,block,1,3.222666,3.185250,3.238875,25
1,8,48,ql,1,0.885375,0.875291,0.928750,25
1,8,48,cpu,1,0.201208,0.192000,0.206084,25
1,8,48,tg_vals,1,0.725583,0.710667,0.733334,25
1,8,48,block_vals,1,3.143541,3.117166,3.175875,25
1,8,48,ql_vals,1,0.786291,0.770916,0.794791,25
1,8,48,cpu_vals,1,0.097708,0.092208,0.105084,25
1,2,768,block,1,73.766167,73.761250,73.769417,5
1,2,768,cpu,1,21.063834,20.725948,21.406781,8
1,2,768,tridiag,1,23.223416,23.134375,23.244542,7
1,2,768,block_vals,1,64.804958,64.756125,64.841167,5
1,2,768,cpu_vals,1,10.078208,10.060792,10.208979,15
1,2,768,tridiag_vals,1,18.034583,18.006417,18.147958,9
1,256,24,simd,1,0.944709,0.895792,0.950083,25
1,256,24,tg,1,0.855292,0.799708,0.859125,25
1,256,24,ql,1,0.446791,0.444542,0.527959,25
1,256,24,ql_share,1,0.564666,0.558167,0.572000,25
1,256,24,cpu,1,0.464542,0.459708,0.472208,25
1,256,24,simd_vals,1,0.829958,0.785250,0.833459,25
1,256,24,tg_vals,1,0.760166,0.727750,0.765542,25
1,256,24,ql_vals,1,0.335959,0.328625,0.338250,25
1,256,24,ql_share_vals,1,0.467125,0.451250,0.479458,25
1,256,24,cpu_vals,1,0.221500,0.207833,0.589375,25
1,4,128,tg,1,7.979125,7.973229,7.993000,19
1,4,128,block,1,6.085833,5.989542,6.134166,25
1,4,128,cpu,1,0.578833,0.574375,0.581625,25
1,4,128,tridiag,1,5.184750,5.175583,5.199791,25
1,4,128,tg_vals,1,7.196584,7.193667,7.204042,21
1,4,128,block_vals,1,5.944833,5.851083,5.996125,25
1,4,128,cpu_vals,1,0.295167,0.293333,0.297584,25
1,4,128,tridiag_vals,1,4.146166,4.141292,4.150916,25
1,2,48,tg,1,0.759416,0.752958,0.763292,25
1,2,48,block,1,3.324625,3.222583,3.397125,25
1,2,48,ql,1,0.926333,0.880417,0.937167,25
1,2,48,cpu,1,0.100208,0.098291,0.103250,25
1,2,48,tg_vals,1,0.715292,0.670458,0.726583,25
1,2,48,block_vals,1,3.130042,3.074458,3.259208,25
1,2,48,ql_vals,1,0.800125,0.752583,0.807000,25
1,2,48,cpu_vals,1,0.055666,0.054666,0.057500,25
1,256,16,simd,1,0.385541,0.380875,0.389375,25
1,256,16,tg,1,0.377209,0.374458,0.381417,25
1,256,16,ql,1,0.307500,0.305542,0.309875,25
1,256,16,ql_share,1,0.441375,0.440250,0.445541,25
1,256,16,cpu,1,0.254625,0.247250,0.262417,25
1,256,16,simd_vals,1,0.351125,0.342625,0.352708,25
1,256,16,tg_vals,1,0.344500,0.338958,0.347250,25
1,256,16,ql_vals,1,0.254875,0.252291,0.256250,25
1,256,16,ql_share_vals,1,0.385959,0.375209,0.395583,25
1,256,16,cpu_vals,1,0.160042,0.157791,0.164542,25
1,2,1536,block,1,430.760167,429.210480,432.899375,3
1,2,1536,cpu,1,112.418958,112.220833,112.420042,5
1,2,1536,tridiag,1,77.257958,77.227750,77.471709,5
1,2,1536,block_vals,1,290.590375,290.451292,290.749000,5
1,2,1536,cpu_vals,1,53.452625,53.358166,54.097542,5
1,2,1536,tridiag_vals,1,53.925750,53.900042,53.963291,5
1,8,8,simd,1,0.302541,0.290750,0.315541,25
1,8,8,tg,1,0.212500,0.198667,0.220750,25
1,8,8,ql,1,0.225375,0.207917,0.231541,25
1,8,8,cpu,1,0.021208,0.020959,0.022917,25
1,8,8,simd_vals,1,0.195500,0.176667,0.215333,25
1,8,8,tg_vals,1,0.185625,0.168584,0.188125,25
1,8,8,ql_vals,1,0.168250,0.159958,0.182667,25
1,8,8,cpu_vals,1,0.012667,0.011917,0.021334,25
1,2048,32,simd,1,11.197166,11.147000,11.234542,14
1,2048,32,tg,1,8.550604,8.531198,8.573427,18
1,2048,32,block,1,10.085791,9.972146,10.154584,15
1,2048,32,ql,1,2.897541,2.873042,2.909084,25
1,2048,32,ql_share,1,2.664459,2.643167,2.682833,25
1,2048,32,cpu,1,4.819750,4.724375,5.087417,25
1,2048,32,simd_vals,1,7.742520,7.723500,7.774615,20
1,2048,32,tg_vals,1,7.334000,7.292500,7.348208,21
1,2048,32,block_vals,1,9.256625,9.128167,9.350000,17
1,2048,32,ql_vals,1,1.780583,1.756916,1.789125,25
1,2048,32,ql_share_vals,1,1.350709,1.343375,1.367958,25
1,2048,32,cpu_vals,1,2.086209,1.780291,2.104375,25
1,2048,128,block,1,334.311958,334.243354,335.254354,3
1,2048,128,cpu,1,74.385875,73.758958,76.243333,5
1,2048,128,block_vals,1,275.118000,275.044708,275.282875,5
1,2048,128,cpu_vals,1,37.439125,37.417875,37.707334,5
1,32,64,tg,1,1.841167,1.836834,1.857959,25
1,32,64,block,1,3.488458,3.443083,3.511375,25
1,32,64,ql,1,1.419541,1.411959,1.465417,25
1,32,64,cpu,1,0.455750,0.452042,0.461833,25
1,32,64,tg_vals,1,1.651292,1.625000,1.658667,25
1,32,64,block_vals,1,3.354250,3.301042,3.387000,25
1,32,64,ql_vals,1,1.148875,1.135875,1.179041,25
1,32,64,cpu_vals,1,0.231667,0.206958,0.579916,25
1,2048,2,simd,1,0.252417,0.247000,0.258208,25
1,2048,2,tg,1,0.196833,0.193834,0.270875,25
1,2048,2,ql,1,0.187875,0.185459,0.190792,25
1,2048,2,ql_share,1,0.316542,0.310958,0.324875,25
1,2048,2,cpu,1,0.141625,0.138959,0.144208,25
1,2048,2,simd_vals,1,0.173958,0.160458,0.178750,25
1,2048,2,tg_vals,1,0.173208,0.164041,0.178125,25
1,2048,2,ql_vals,1,0.163250,0.153000,0.170250,25
1,2048,2,ql_share_vals,1,0.300291,0.290959,0.304625,25
1,2048,2,cpu_vals,1,0.115375,0.097250,0.276209,25
1,256,256,block,1,318.447250,318.365521,318.625729,3
1,256,256,cpu,1,44.647584,44.318375,45.439750,5
1,256,256,tridiag,1,664.249541,663.899958,664.837479,3
1,256,256,block_vals,1,239.838750,239.673833,239.841791,5
1,256,256,cpu_vals,1,20.780604,20.645448,21.271292,8
1,256,256,tridiag_vals,1,542.383125,542.269146,542.412187,3
1,2048,96,tg,1,295.557167,295.399458,295.668709,5
1,2048,96,block,1,149.762500,149.402167,149.995208,5
1,2048,96,cpu,1,42.777084,42.691417,44.432916,5
1,2048,96,tg_vals,1,231.441625,231.057667,231.490792,5
1,2048,96,block_vals,1,125.977000,125.940500,126.020209,5
1,2048,96,cpu_vals,1,21.876458,21.715854,22.276021,7
1,128,96,tg,1,20.326375,20.132010,20.573375,8
1,128,96,block,1,11.377437,11.258219,11.482417,14
1,128,96,cpu,1,3.416042,3.012084,3.435708,25
1,128,96,tg_vals,1,16.041979,15.873271,16.303896,10
1,128,96,block_vals,1,10.449708,10.409959,10.521479,15
1,128,96,cpu_vals,1,1.998917,1.582833,2.096291,25
1,2,2,simd,1,0.187583,0.181417,0.196709,25
1,2,2,tg,1,0.199500,0.183250,0.209958,25
1,2,2,ql,1,0.193792,0.167291,0.200666,25
1,2,2,cpu,1,0.003125,0.002375,0.003584,25
1,2,2,simd_vals,1,0.160291,0.151083,0.205291,25
1,2,2,tg_vals,1,0.165916,0.148458,0.207750,25
1,2,2,ql_vals,1,0.157083,0.143708,0.212125,25
1,2,2,cpu_vals,1,0.002500,0.001958,0.003291,25
1,8,16,simd,1,0.353959,0.340333,1.090375,25
1,8,16,tg,1,0.235125,0.230666,0.238250,25
1,8,16,ql,1,0.258000,0.246209,0.261250,25
1,8,16,cpu,1,0.039833,0.034833,0.044333,25
1,8,16,simd_vals,1,0.321625,0.313334,0.326416,25
1,8,16,tg_vals,1,0.226583,0.212750,0.239084,25
1,8,16,ql_vals,1,0.217083,0.211125,0.242208,25
1,8,16,cpu_vals,1,0.029250,0.028958,0.031583,25
1,1,2,simd,1,0.171083,0.159417,0.211125,25
1,1,2,tg,1,0.197541,0.178750,0.237125,25
1,1,2,ql,1,0.167791,0.161667,0.183417,25
1,1,2,cpu,1,0.001250,0.001250,0.001459,25
1,1,2,simd_vals,1,0.155334,0.148750,0.168792,25
1,1,2,tg_vals,1,0.160167,0.153375,0.177375,25
1,1,2,ql_vals,1,0.150709,0.146833,0.155125,25
1,1,2,cpu_vals,1,0.001459,0.001417,0.001542,25
1,128,512,block,1,1240.110042,1239.587125,1241.396500,3
1,128,512,cpu,1,112.590625,112.287083,113.794958,5
1,128,512,tridiag,1,692.866625,692.859187,693.381938,3
1,128,512,block_vals,1,864.864958,864.619895,865.348250,3
1,128,512,cpu_vals,1,45.387666,44.915375,45.623084,5
1,128,512,tridiag_vals,1,563.358375,563.188646,563.413104,3
1,1024,48,tg,1,15.206604,15.141479,15.352146,10
1,1024,48,block,1,22.819250,22.726959,23.045395,7
1,1024,48,ql,1,4.839416,4.814334,4.857000,25
1,1024,48,ql_share,1,3.958667,3.666625,4.029958,25
1,1024,48,cpu,1,5.731708,5.660542,6.157583,25
1,1024,48,tg_vals,1,13.143396,13.074834,13.188636,12
1,1024,48,block_vals,1,19.748770,19.729209,19.778354,8
1,1024,48,ql_vals,1,3.438083,3.431250,3.441375,25
1,1024,48,ql_share_vals,1,2.172333,2.165417,2.194500,25
1,1024,48,cpu_vals,1,2.949417,2.468208,2.992542,25
1,32,8,simd,1,0.366208,0.346417,0.719875,25
1,32,8,tg,1,0.335500,0.311625,0.341833,25
1,32,8,ql,1,0.212542,0.207417,0.223958,25
1,32,8,cpu,1,0.080292,0.043875,0.081792,25
1,32,8,simd_vals,1,0.198375,0.194208,0.207917,25
1,32,8,tg_vals,1,0.183833,0.181875,0.189875,25
1,32,8,ql_vals,1,0.175083,0.170458,0.179416,25
1,32,8,cpu_vals,1,0.042792,0.041375,0.043917,25
1,512,96,tg,1,74.023625,73.853167,74.178167,5
1,512,96,block,1,37.522542,37.501417,37.685042,5
1,512,96,cpu,1,11.220125,11.163125,11.445312,14
1,512,96,tg_vals,1,58.164334,57.964000,58.343334,5
1,512,96,block_vals,1,30.469459,30.458167,30.542833,5
1,512,96,cpu_vals,1,5.903333,5.888333,5.927583,25
1,1,3072,block,1,2107.069625,2106.363417,2107.409646,3
1,1,3072,cpu,1,682.573791,682.172125,684.228396,3
1,1,3072,tridiag,1,217.710292,217.626792,217.784666,5
1,1,3072,block_vals,1,1323.552375,1323.007916,1323.861791,3
1,1,3072,cpu_vals,1,207.134291,206.862583,208.407125,5
1,1,3072,tridiag_vals,1,144.621750,144.560500,145.140125,5
1,32,12,simd,1,0.751542,0.280292,0.812333,25
1,32,12,tg,1,0.230417,0.228459,0.232542,25
1,32,12,ql,1,0.236166,0.234167,0.241000,25
1,32,12,cpu,1,0.075958,0.069375,0.137875,25
1,32,12,simd_vals,1,0.246375,0.236666,0.256167,25
1,32,12,tg_vals,1,0.221417,0.219291,0.223917,25
1,32,12,ql_vals,1,0.194125,0.185875,0.207292,25
1,32,12,cpu_vals,1,0.074375,0.073833,0.076708,25
1,64,24,simd,1,0.843834,0.798375,0.856291,25
1,64,24,tg,1,0.368875,0.365167,0.371333,25
1,64,24,ql,1,0.401292,0.398000,0.405709,25
1,64,24,ql_share,1,0.500500,0.496084,0.507375,25
1,64,24,cpu,1,0.196750,0.190875,0.206708,25
1,64,24,simd_vals,1,0.766917,0.726375,0.777958,25
1,64,24,tg_vals,1,0.349459,0.345833,0.352500,25
1,64,24,ql_vals,1,0.325208,0.320083,0.326958,25
1,64,24,ql_share_vals,1,0.421000,0.418000,0.423583,25
1,64,24,cpu_vals,1,0.138083,0.122000,0.195750,25
1,8,128,tg,1,8.005416,7.999458,8.011833,19
1,8,128,block,1,6.240250,6.170583,6.318666,25
1,8,128,cpu,1,0.652791,0.648333,0.660917,25
1,8,128,tridiag,1,10.353959,10.340396,10.373396,15
1,8,128,tg_vals,1,7.197417,7.193417,7.203084,21
1,8,128,block_vals,1,6.036875,5.936167,6.123792,25
1,8,128,cpu_vals,1,0.369583,0.363167,0.377292,25
1,8,128,tridiag_vals,1,8.162375,8.144334,8.173125,19
1,16,128,tg,1,8.034250,8.029646,8.042562,19
1,16,128,block,1,6.658750,6.541166,6.713709,23
1,16,128,cpu,1,0.773458,0.766625,0.805833,25
1,16,128,tridiag,1,20.665625,20.636625,20.686447,8
1,16,128,tg_vals,1,7.203208,7.202333,7.209000,21
1,16,128,block_vals,1,6.390792,6.334969,6.455750,24
1,16,128,cpu_vals,1,0.416166,0.400416,0.431166,25
1,16,128,tridiag_vals,1,16.256021,16.251875,16.263020,10
1,32,48,tg,1,1.012666,0.989500,1.047833,25
1,32,48,block,1,3.356209,3.328708,3.398542,25
1,32,48,ql,1,0.963042,0.911209,0.966959,25
1,32,48,cpu,1,0.313833,0.304250,0.320667,25
1,32,48,tg_vals,1,0.941000,0.931458,0.950458,25
1,32,48,block_vals,1,3.258834,3.227500,3.299083,25
1,32,48,ql_vals,1,0.803458,0.751000,0.808875,25
1,32,48,cpu_vals,1,0.170666,0.161292,0.183583,25
1,8,768,block,1,215.630208,215.621166,215.735542,5
1,8,768,cpu,1,28.022374,27.200239,28.780979,6
1,8,768,tridiag,1,76.162875,76.105958,76.194167,5
1,8,768,block_vals,1,147.803625,147.787083,147.872542,5
1,8,768,cpu_vals,1,13.515875,13.278749,13.949969,12
1,8,768,tridiag_vals,1,61.052333,60.589458,61.080583,5
1,1,512,tg,1,473.629792,473.575146,473.696292,3
1,1,512,block,1,30.141333,30.140083,30.234208,5
1,1,512,cpu,1,9.041500,8.784958,9.185000,17
1,1,512,tridiag,1,8.904041,8.858709,8.951917,17
1,1,512,tg_vals,1,443.411000,443.388480,443.503480,3
1,1,512,block_vals,1,28.710895,28.697594,28.756760,6
1,1,512,cpu_vals,1,4.176834,4.152125,4.189042,25
1,1,512,tridiag_vals,1,6.301625,6.216917,6.361083,25
1,4,12,simd,1,0.256584,0.248833,0.266833,25
1,4,12,tg,1,0.213791,0.208750,0.216125,25
1,4,12,ql,1,0.249458,0.219375,0.260791,25
1,4,12,cpu,1,0.022333,0.021542,0.023875,25
1,4,12,simd_vals,1,0.254500,0.250250,0.261791,25
1,4,12,tg_vals,1,0.198042,0.195250,0.213958,25
1,4,12,ql_vals,1,0.209209,0.185584,0.250708,25
1,4,12,cpu_vals,1,0.015917,0.014917,0.018666,25
1,8,512,tg,1,569.856916,569.782833,569.874521,3
1,8,512,block,1,64.090625,63.934792,64.127750,5
1,8,512,cpu,1,13.190375,13.147292,13.274959,12
1,8,512,tridiag,1,45.736042,45.565791,45.853417,5
1,8,512,tg_vals,1,442.762041,442.728749,442.807729,3
1,8,512,block_vals,1,52.792792,52.676625,52.815542,5
1,8,512,cpu_vals,1,5.718958,5.663541,6.132250,25
1,8,512,tridiag_vals,1,36.848875,36.842833,37.015042,5
1,1,32,simd,1,1.518000,1.506458,1.537584,25
1,1,32,tg,1,0.328417,0.316792,0.332250,25
1,1,32,block,1,2.872958,2.851792,2.941750,25
1,1,32,ql,1,0.536417,0.517458,0.547333,25
1,1,32,cpu,1,0.036625,0.029750,0.036708,25
1,1,32,simd_vals,1,1.393084,1.388084,1.441250,25
1,1,32,tg_vals,1,0.320875,0.307042,0.326583,25
1,1,32,block_vals,1,2.850583,2.745334,2.879333,25
1,1,32,ql_vals,1,0.451417,0.442916,0.500458,25
1,1,32,cpu_vals,1,0.011750,0.011750,0.011833,25
1,64,8,simd,1,0.189583,0.184333,0.193750,25
1,64,8,tg,1,0.178792,0.174000,0.193208,25
1,64,8,ql,1,0.191542,0.180667,0.193625,25
1,64,8,ql_share,1,0.147625,0.140166,0.152125,25
1,64,8,cpu,1,0.157542,0.096334,0.160292,25
1,64,8,simd_vals,1,0.168125,0.161375,0.180917,25
1,64,8,tg_vals,1,0.168750,0.163417,0.177875,25
1,64,8,ql_vals,1,0.151750,0.149583,0.163125,25
1,64,8,ql_share_vals,1,0.120292,0.113084,0.131416,25
1,64,8,cpu_vals,1,0.087084,0.084833,0.090875,25
1,256,96,tg,1,37.280125,37.226458,37.316750,5
1,256,96,block,1,18.910333,18.888083,18.983511,8
1,256,96,cpu,1,5.754542,5.653042,6.126333,25
1,256,96,tg_vals,1,29.079541,28.932520,29.362563,6
1,256,96,block_vals,1,17.245000,17.231375,17.386125,9
1,256,96,cpu_vals,1,3.383875,2.971500,3.491417,25
1,2048,16,simd,1,1.388084,1.367416,1.418000,25
1,2048,16,tg,1,1.373291,1.367000,1.390750,25
1,2048,16,ql,1,0.986458,0.970416,1.018750,25
1,2048,16,ql_share,1,0.896416,0.882500,0.905500,25
1,2048,16,cpu,1,1.289542,1.200334,1.330667,25
1,2048,16,simd_vals,1,1.180500,1.168709,1.213416,25
1,2048,16,tg_vals,1,1.176250,1.162833,1.211583,25
1,2048,16,ql_vals,1,0.609709,0.604209,0.615291,25
1,2048,16,ql_share_vals,1,0.650375,0.617541,0.687250,25
1,2048,16,cpu_vals,1,0.557500,0.521000,0.582417,25
1,32,16,simd,1,0.483333,0.458208,1.099375,25
1,32,16,tg,1,0.289167,0.284750,0.293750,25
1,32,16,ql,1,0.275709,0.273750,0.277167,25
1,32,16,cpu,1,0.113083,0.086834,0.274708,25
1,32,16,simd_vals,1,0.323834,0.314875,0.329042,25
1,32,16,tg_vals,1,0.236583,0.233292,0.238333,25
1,32,16,ql_vals,1,0.233292,0.220834,0.240125,25
1,32,16,cpu_vals,1,0.100166,0.061917,0.115291,25
1,512,48,tg,1,8.074709,8.031125,8.099166,19
1,512,48,block,1,12.134000,12.075208,12.200666,13
1,512,48,ql,1,2.561417,2.559291,2.564000,25
1,512,48,ql_share,1,2.038459,2.024041,2.063834,25
1,512,48,cpu,1,3.449625,2.891333,3.477625,25
1,512,48,tg_vals,1,6.966042,6.884281,7.013801,22
1,512,48,block_vals,1,11.321459,11.262083,11.343604,14
1,512,48,ql_vals,1,1.849750,1.846125,1.854542,25
1,512,48,ql_share_vals,1,1.688834,1.631417,1.707625,25
1,512,48,cpu_vals,1,1.834458,1.503834,1.907083,25
1,4096,64,tg,1,150.432916,150.009000,150.589375,5
1,4096,64,block,1,96.771541,96.626041,96.825542,5
1,4096,64,ql,1,44.615625,44.612291,44.770291,5
1,4096,64,ql_share,1,23.546208,23.446896,23.589250,7
1,4096,64,cpu,1,36.607958,36.529042,37.044125,5
1,4096,64,tg_vals,1,129.920250,129.382833,130.009666,5
1,4096,64,block_vals,1,84.323875,84.228208,84.420625,5
1,4096,64,ql_vals,1,32.444875,32.422042,32.475500,5
1,4096,64,ql_share_vals,1,11.248521,11.212000,11.692563,14
1,4096,64,cpu_vals,1,15.657291,15.563458,15.822833,10
1,1,1536,block,1,245.606000,245.525834,245.699959,5
1,1,1536,cpu,1,99.024292,98.908250,99.194458,5
1,1,1536,tridiag,1,51.436167,51.290333,51.644000,5
1,1,1536,block_vals,1,202.902542,202.877583,202.911000,5
1,1,1536,cpu_vals,1,42.549333,42.522875,42.562875,5
1,1,1536,tridiag_vals,1,33.109750,33.075042,33.149208,5
1,16,16,simd,1,0.374458,0.358666,1.119083,25
1,16,16,tg,1,0.245292,0.243292,0.250250,25
1,16,16,ql,1,0.272792,0.260958,0.276167,25
1,16,16,cpu,1,0.103958,0.071042,0.139750,25
1,16,16,simd_vals,1,0.312791,0.306750,0.321083,25
1,16,16,tg_vals,1,0.233667,0.230041,0.236500,25
1,16,16,ql_vals,1,0.221708,0.210792,0.233000,25
1,16,16,cpu_vals,1,0.059500,0.050917,0.061583,25
1,512,64,tg,1,19.683500,19.533177,19.813896,8
1,512,64,block,1,13.305021,13.276427,13.361896,12
1,512,64,ql,1,6.456313,6.443593,6.471344,24
1,512,64,ql_share,1,4.350542,4.323625,4.405750,25
1,512,64,cpu,1,5.347959,5.129625,5.419792,25
1,512,64,tg_vals,1,16.627271,16.513396,16.693375,10
1,512,64,block_vals,1,12.242917,12.204125,12.271250,13
1,512,64,ql_vals,1,4.770042,4.767416,4.782166,25
1,512,64,ql_share_vals,1,2.222708,2.171875,2.271958,25
1,512,64,cpu_vals,1,2.139125,2.037166,2.595916,25
1,256,128,tg,1,85.576959,85.561500,85.602333,5
1,256,128,block,1,40.326375,40.203333,40.341792,5
1,256,128,cpu,1,10.186896,10.092562,10.378792,14
1,256,128,tridiag,1,331.145584,331.097375,331.173146,3
1,256,128,tg_vals,1,76.166709,75.755666,76.424541,5
1,256,128,block_vals,1,33.009000,32.934750,33.029000,5
1,256,128,cpu_vals,1,5.254375,4.980667,5.370250,25
1,256,128,tridiag_vals,1,256.852250,256.668750,256.928042,5
1,64,4,simd,1,0.191042,0.164542,0.212125,25
1,64,4,tg,1,0.255250,0.246667,0.260166,25
1,64,4,ql,1,0.245459,0.231416,0.253208,25
1,64,4,ql_share,1,0.149542,0.145500,0.157084,25
1,64,4,cpu,1,0.058791,0.058333,0.060875,25
1,64,4,simd_vals,1,0.150334,0.143125,0.161458,25
1,64,4,tg_vals,1,0.150833,0.146875,0.155209,25
1,64,4,ql_vals,1,0.148041,0.142834,0.155208,25
1,64,4,ql_share_vals,1,0.140667,0.136125,0.151750,25
1,64,4,cpu_vals,1,0.035917,0.035750,0.036292,25
1,16,1024,block,1,1132.107083,1131.882354,1132.316021,3
1,16,1024,cpu,1,120.582083,118.679708,121.571375,5
1,16,1024,tridiag,1,219.665875,219.554208,219.696584,5
1,16,1024,block_vals,1,757.167125,757.140854,758.046375,3
1,16,1024,cpu_vals,1,33.080000,32.190000,33.186083,5
1,16,1024,tridiag_vals,1,175.075459,175.043709,175.102250,5
1,128,192,tg,1,262.271875,261.659209,262.580584,5
1,128,192,block,1,63.026584,62.902083,63.034833,5
1,128,192,cpu,1,12.034667,11.948416,12.378375,13
1,128,192,tridiag,1,251.992500,251.982625,252.102250,5
1,128,192,tg_vals,1,150.732583,149.109250,150.751833,5
1,128,192,block_vals,1,48.201750,48.199916,48.206709,5
1,128,192,cpu_vals,1,5.773875,5.668000,6.107125,25
1,128,192,tridiag_vals,1,199.855917,199.768917,199.891500,5
1,512,24,simd,1,1.508667,1.495583,1.553083,25
1,512,24,tg,1,1.237666,1.183708,1.286042,25
1,512,24,ql,1,0.635375,0.631209,0.641250,25
1,512,24,ql_share,1,0.965750,0.936375,0.993125,25
1,512,24,cpu,1,0.803083,0.793000,0.806917,25
1,512,24,simd_vals,1,1.312750,1.278417,1.323791,25
1,512,24,tg_vals,1,1.072833,1.064417,1.111291,25
1,512,24,ql_vals,1,0.453333,0.443458,0.480083,25
1,512,24,ql_share_vals,1,0.440125,0.438625,0.455167,25
1,512,24,cpu_vals,1,0.356625,0.322125,0.622291,25
1,4096,32,simd,1,23.553083,23.508354,23.576625,7
1,4096,32,tg,1,16.441250,16.423281,16.477313,10
1,4096,32,block,1,17.568708,17.544750,17.667291,9
1,4096,32,ql,1,5.396542,5.364250,5.410417,25
1,4096,32,ql_share,1,4.453333,4.423209,4.491417,25
1,4096,32,cpu,1,9.410667,9.344416,9.476542,17
1,4096,32,simd_vals,1,14.308917,14.290333,14.324041,11
1,4096,32,tg_vals,1,14.149042,14.138792,14.161459,11
1,4096,32,block_vals,1,15.261625,15.173625,15.287500,10
1,4096,32,ql_vals,1,3.165916,3.160750,3.182625,25
1,4096,32,ql_share_vals,1,2.094125,2.073125,2.132209,25
1,4096,32,cpu_vals,1,3.566250,3.434125,3.665667,25
1,64,256,tg,1,417.500709,417.387708,418.316480,3
1,64,256,block,1,68.690041,68.617916,68.798750,5
1,64,256,cpu,1,12.466833,12.318042,12.548625,13
1,64,256,tridiag,1,166.494333,166.492875,166.658375,5
1,64,256,tg_vals,1,242.925334,242.666458,243.582667,5
1,64,256,block_vals,1,53.968000,53.928375,54.003084,5
1,64,256,cpu_vals,1,5.469750,5.445708,5.513792,25
1,64,256,tridiag_vals,1,135.488292,135.444333,135.493542,5
1,128,128,tg,1,46.361000,46.356542,46.400292,5
1,128,128,block,1,20.780896,20.686031,20.802312,8
1,128,128,cpu,1,5.327875,5.226708,5.691500,25
1,128,128,tridiag,1,167.371917,167.126250,167.803542,5
1,128,128,tg_vals,1,40.706042,40.309083,40.881458,5
1,128,128,block_vals,1,18.698958,18.639625,18.761750,9
1,128,128,cpu_vals,1,3.120417,2.589667,3.184333,25
1,128,128,tridiag_vals,1,129.083875,129.071250,129.105875,5
1,32,256,tg,1,192.978750,192.613625,193.866500,5
1,32,256,block,1,35.027708,34.903875,35.106667,5
1,32,256,cpu,1,6.542875,6.419771,7.106209,23
1,32,256,tridiag,1,83.405958,83.055041,83.464917,5
1,32,256,tg_vals,1,121.325167,121.172000,122.256750,5
1,32,256,block_vals,1,29.962770,29.889958,30.056396,6
1,32,256,cpu_vals,1,3.514083,3.447917,3.571209,25
1,32,256,tridiag_vals,1,68.061791,68.027917,68.122209,5
1,2,256,tg,1,54.974125,54.963125,54.976584,5
1,2,256,block,1,11.932417,11.893583,12.064209,13
1,2,256,cpu,1,2.126042,2.116417,2.147250,25
1,2,256,tridiag,1,5.554416,5.541208,5.569375,25
1,2,256,tg_vals,1,53.898292,53.864083,53.911583,5
1,2,256,block_vals,1,11.447354,11.438105,11.552031,14
1,2,256,cpu_vals,1,1.069500,1.068833,1.075167,25
1,2,256,tridiag_vals,1,4.624792,4.619875,4.632792,25
1,8,24,simd,1,0.782209,0.746458,0.829166,25
1,8,24,tg,1,0.292542,0.288500,0.296750,25
1,8,24,ql,1,0.390167,0.386584,0.401958,25
1,8,24,cpu,1,0.072250,0.069666,0.081166,25
1,8,24,simd_vals,1,0.728125,0.683500,0.772084,25
1,8,24,tg_vals,1,0.280416,0.273125,0.282708,25
1,8,24,ql_vals,1,0.315375,0.297125,0.324500,25
1,8,24,cpu_vals,1,0.039958,0.038542,0.042125,25
1,4,384,tg,1,218.188792,218.138208,218.230625,5
1,4,384,block,1,25.049458,24.937480,25.186687,6
1,4,384,cpu,1,5.228750,5.207208,5.246708,25
1,4,384,tridiag,1,16.865833,16.836083,16.876125,9
1,4,384,tg_vals,1,190.085125,190.047792,190.199791,5
1,4,384,block_vals,1,22.658750,22.575938,22.721771,7
1,4,384,cpu_vals,1,2.660250,2.589917,2.772458,25
1,4,384,tridiag_vals,1,13.832875,13.812646,13.846958,11
1,32,512,block,1,281.295583,280.732667,281.435417,5
1,32,512,cpu,1,30.667208,30.508375,31.362500,5
1,32,512,tridiag,1,175.128125,174.999458,175.140875,5
1,32,512,block_vals,1,182.271042,182.268417,182.313959,5
1,32,512,cpu_vals,1,13.880875,13.632459,14.039313,11
1,32,512,tridiag_vals,1,141.888291,141.755084,142.070417,5
1,1,4,simd,1,0.213500,0.179375,0.258792,25
1,1,4,tg,1,0.197625,0.189666,0.236458,25
1,1,4,ql,1,0.178250,0.175250,0.196375,25
1,1,4,cpu,1,0.001791,0.001667,0.001875,25
1,1,4,simd_vals,1,0.180625,0.170833,0.213583,25
1,1,4,tg_vals,1,0.167750,0.156709,0.193041,25
1,1,4,ql_vals,1,0.158208,0.151541,0.166083,25
1,1,4,cpu_vals,1,0.001750,0.001750,0.001875,25
1,2,128,tg,1,7.963041,7.954771,7.966854,19
1,2,128,block,1,5.890583,5.783459,5.916458,25
1,2,128,cpu,1,0.535625,0.531125,0.541375,25
1,2,128,tridiag,1,2.599666,2.591958,2.603958,25
1,2,128,tg_vals,1,7.198583,7.192750,7.201666,21
1,2,128,block_vals,1,5.776125,5.730958,5.860959,25
1,2,128,cpu_vals,1,0.284875,0.282458,0.287584,25
1,2,128,tridiag_vals,1,2.146709,2.143250,2.150208,25
1,4096,192,block,1,2117.283458,2116.371500,2117.412500,3
1,4096,192,cpu,1,325.107292,324.179833,325.753687,3
1,4096,192,block_vals,1,1662.586292,1662.304896,1665.029917,3
1,4096,192,cpu_vals,1,170.630250,162.437042,171.503875,5
1,4,192,tg,1,27.685042,27.672115,27.696531,6
1,4,192,block,1,9.310000,9.241708,9.373458,17
1,4,192,cpu,1,1.259958,1.248291,1.265958,25
1,4,192,tridiag,1,7.993417,7.982833,8.005562,19
1,4,192,tg_vals,1,25.712333,25.709864,25.715803,6
1,4,192,block_vals,1,8.968541,8.861000,9.043666,17
1,4,192,cpu_vals,1,0.626041,0.624708,0.629584,25
1,4,192,tridiag_vals,1,6.473501,6.465761,6.482041,24
1,4,2048,block,1,2309.233042,2307.946625,2310.666833,3
1,4,2048,cpu,1,433.314709,406.338542,434.965917,3
1,4,2048,tridiag,1,226.374167,226.356958,226.507167,5
1,4,2048,block_vals,1,1532.707542,1532.297750,1532.831417,3
1,4,2048,cpu_vals,1,111.471750,108.977375,113.384875,5
1,4,2048,tridiag_vals,1,165.431334,165.017875,165.481708,5
1,2,192,tg,1,27.655521,27.623812,27.673511,6
1,2,192,block,1,9.016209,8.965709,9.067000,17
1,2,192,cpu,1,1.145292,1.129708,1.163375,25
1,2,192,tridiag,1,4.100292,4.087584,4.107791,25
1,2,192,tg_vals,1,25.708042,25.706354,25.709198,6
1,2,192,block_vals,1,8.759438,8.710833,8.842438,18
1,2,192,cpu_vals,1,0.617791,0.609416,0.629958,25
1,2,192,tridiag_vals,1,3.380458,3.375542,3.391875,25
1,16,4,simd,1,0.158708,0.149417,0.187834,25
1,16,4,tg,1,0.157167,0.146417,0.167334,25
1,16,4,ql,1,0.170125,0.155958,0.180083,25
1,16,4,cpu,1,0.018000,0.017917,0.018209,25
1,16,4,simd_vals,1,0.147542,0.143791,0.156333,25
1,16,4,tg_vals,1,0.149125,0.145333,0.161500,25
1,16,4,ql_vals,1,0.142000,0.138917,0.150708,25
1,16,4,cpu_vals,1,0.010958,0.010792,0.011042,25
1,4096,16,simd,1,2.395209,2.379583,2.408416,25
1,4096,16,tg,1,2.388791,2.384291,2.398042,25
1,4096,16,ql,1,1.630959,1.570250,1.644542,25
1,4096,16,ql_share,1,1.439375,1.433125,1.452833,25
1,4096,16,cpu,1,2.565875,2.360042,2.983333,25
1,4096,16,simd_vals,1,2.026666,2.006375,2.089917,25
1,4096,16,tg_vals,1,2.004375,1.993459,2.008916,25
1,4096,16,ql_vals,1,1.073417,1.056125,1.111875,25
1,4096,16,ql_share_vals,1,0.843958,0.827000,0.862166,25
1,4096,16,cpu_vals,1,1.125584,1.083500,1.673916,25
1,4096,24,simd,1,7.546896,7.523531,7.561823,20
1,4096,24,tg,1,7.476625,7.467417,7.480125,21
1,4096,24,ql,1,3.216875,3.211459,3.228958,25
1,4096,24,ql_share,1,2.634083,2.624209,2.678334,25
1,4096,24,cpu,1,5.827125,5.785916,5.879417,25
1,4096,24,simd_vals,1,6.285271,6.276344,6.308438,24
1,4096,24,tg_vals,1,6.244666,6.238438,6.256052,24
1,4096,24,ql_vals,1,1.951291,1.945750,1.955833,25
1,4096,24,ql_share_vals,1,1.393333,1.376375,1.408459,25
1,4096,24,cpu_vals,1,2.088250,1.851708,2.505750,25
1,512,2,simd,1,0.211875,0.198375,0.222459,25
1,512,2,tg,1,0.209916,0.197792,0.218958,25
1,512,2,ql,1,0.199791,0.189791,0.217542,25
1,512,2,ql_share,1,0.309417,0.301000,0.316458,25
1,512,2,cpu,1,0.178083,0.101084,0.186250,25
1,512,2,simd_vals,1,0.148084,0.145166,0.159458,25
1,512,2,tg_vals,1,0.150500,0.145459,0.160042,25
1,512,2,ql_vals,1,0.144542,0.141584,0.155250,25
1,512,2,ql_share_vals,1,0.264750,0.235458,0.275459,25
1,512,2,cpu_vals,1,0.079333,0.052750,0.081500,25
