pass,batch,N,backend,ok,ms,p25,p75,reps
0,4096,48,tg,1,59.780333,59.757292,60.033084,5
0,4096,48,block,1,85.596667,85.449708,85.705333,5
0,4096,48,ql,1,17.173708,17.148125,17.220959,9
0,4096,48,ql_share,1,11.664791,11.621125,11.717125,13
0,4096,48,cpu,1,22.226542,22.168312,22.543208,7
0,4096,48,tg_vals,1,51.414375,51.342458,51.564167,5
0,4096,48,block_vals,1,76.426500,75.938042,76.439583,5
0,4096,48,ql_vals,1,12.046875,11.990250,12.174583,13
0,4096,48,ql_share_vals,1,8.160397,7.296261,8.546843,20
0,4096,48,cpu_vals,1,10.400625,10.279646,10.563875,15
0,2048,32,simd,1,11.335292,11.278271,11.448146,14
0,2048,32,tg,1,8.687917,8.652500,8.721583,18
0,2048,32,block,1,9.781083,9.734208,9.834563,16
0,2048,32,ql,1,2.866959,2.853792,2.875625,25
0,2048,32,ql_share,1,3.044458,2.719917,3.894291,25
0,2048,32,cpu,1,5.425417,5.342333,5.666750,25
0,2048,32,simd_vals,1,7.778917,7.680270,7.806000,20
0,2048,32,tg_vals,1,7.431042,7.370167,7.470875,21
0,2048,32,block_vals,1,9.112458,9.081584,9.275458,17
0,2048,32,ql_vals,1,1.839333,1.800792,1.871417,25
0,2048,32,ql_share_vals,1,2.016667,1.650833,2.860375,25
0,2048,32,cpu_vals,1,2.477750,2.379125,2.664125,25
0,8,384,tg,1,235.442250,235.318250,235.452708,5
0,8,384,block,1,31.899292,31.752417,32.007208,5
0,8,384,cpu,1,6.384958,6.272480,6.505990,24
0,8,384,tridiag,1,57.684333,57.638625,57.758917,5
0,8,384,tg_vals,1,189.410125,189.393208,189.469917,5
0,8,384,block_vals,1,27.599125,27.572323,27.680364,6
0,8,384,cpu_vals,1,3.623250,3.096583,3.839208,25
0,8,384,tridiag_vals,1,51.015917,51.003750,51.051000,5
0,4096,8,simd,1,0.557667,0.546958,0.581167,25
0,4096,8,tg,1,0.560542,0.555250,0.564416,25
0,4096,8,ql,1,0.584375,0.579417,0.593750,25
0,4096,8,ql_share,1,0.632875,0.621958,0.647625,25
0,4096,8,cpu,1,0.759334,0.708167,0.794583,25
0,4096,8,simd_vals,1,0.489708,0.486208,0.491458,25
0,4096,8,tg_vals,1,0.495333,0.489708,0.567875,25
0,4096,8,ql_vals,1,0.434708,0.429833,0.524042,25
0,4096,8,ql_share_vals,1,0.429250,0.418083,0.521167,25
0,4096,8,cpu_vals,1,0.422958,0.394083,0.638334,25
0,4096,4,simd,1,0.301375,0.294625,0.308584,25
0,4096,4,tg,1,0.300292,0.297875,0.303417,25
0,4096,4,ql,1,0.292083,0.287291,0.294834,25
0,4096,4,ql_share,1,0.399625,0.386875,0.445833,25
0,4096,4,cpu,1,0.349625,0.346209,0.353416,25
0,4096,4,simd_vals,1,0.267250,0.261542,0.273042,25
0,4096,4,tg_vals,1,0.269375,0.255667,0.275833,25
0,4096,4,ql_vals,1,0.244291,0.242500,0.249333,25
0,4096,4,ql_share_vals,1,0.322500,0.296291,0.336542,25
0,4096,4,cpu_vals,1,0.200250,0.194250,0.642000,25
0,2,768,block,1,73.829833,73.811667,73.832375,5
0,2,768,cpu,1,21.226896,20.793656,21.358104,8
0,2,768,tridiag,1,36.853875,36.800125,36.893625,5
0,2,768,block_vals,1,65.013291,64.743791,65.042208,5
0,2,768,cpu_vals,1,10.227875,10.143833,10.290292,15
0,2,768,tridiag_vals,1,32.018833,31.833833,32.067375,5
0,4,2,simd,1,0.169083,0.150500,0.205000,25
0,4,2,tg,1,0.219542,0.207083,0.231209,25
0,4,2,ql,1,0.177375,0.163916,0.190791,25
0,4,2,cpu,1,0.007208,0.005292,0.010959,25
0,4,2,simd_vals,1,0.199375,0.171917,0.216500,25
0,4,2,tg_vals,1,0.170500,0.165875,0.182584,25
0,4,2,ql_vals,1,0.162666,0.148667,0.201292,25
0,4,2,cpu_vals,1,0.004750,0.003500,0.006417,25
0,2,16,simd,1,0.418416,0.395042,0.491125,25
0,2,16,tg,1,0.254500,0.244125,0.260541,25
0,2,16,ql,1,0.258750,0.255458,0.261500,25
0,2,16,cpu,1,0.022292,0.018584,0.023458,25
0,2,16,simd_vals,1,0.321625,0.307792,0.338083,25
0,2,16,tg_vals,1,0.218083,0.215250,0.234375,25
0,2,16,ql_vals,1,0.230083,0.215125,0.262791,25
0,2,16,cpu_vals,1,0.011209,0.011000,0.011458,25
0,1,8,simd,1,0.233500,0.211708,0.261625,25
0,1,8,tg,1,0.223292,0.202666,0.252375,25
0,1,8,ql,1,0.199584,0.181959,0.236000,25
0,1,8,cpu,1,0.003917,0.003875,0.004000,25
0,1,8,simd_vals,1,0.191834,0.178458,0.225792,25
0,1,8,tg_vals,1,0.181084,0.171000,0.192416,25
0,1,8,ql_vals,1,0.170167,0.166250,0.184500,25
0,1,8,cpu_vals,1,0.002916,0.002292,0.003083,25
0,64,8,simd,1,0.325125,0.312709,0.349875,25
0,64,8,tg,1,0.204250,0.195291,0.306333,25
0,64,8,ql,1,0.199458,0.196958,0.202583,25
0,64,8,ql_share,1,0.158167,0.150458,0.173417,25
0,64,8,cpu,1,0.157625,0.079625,0.160250,25
0,64,8,simd_vals,1,0.188583,0.184583,0.191458,25
0,64,8,tg_vals,1,0.165500,0.162417,0.183333,25
0,64,8,ql_vals,1,0.162125,0.158750,0.181958,25
0,64,8,ql_share_vals,1,0.124708,0.119958,0.137750,25
0,64,8,cpu_vals,1,0.085500,0.084584,0.086375,25
0,128,128,tg,1,47.920959,46.806750,48.208417,5
0,128,128,block,1,20.735667,20.627760,20.830105,8
0,128,128,cpu,1,5.261292,5.184542,5.611875,25
0,128,128,tridiag,1,272.478708,272.164750,272.764334,5
0,128,128,tg_vals,1,45.307292,44.336000,45.766042,5
0,128,128,block_vals,1,18.647709,18.620458,18.671291,9
0,128,128,cpu_vals,1,3.121917,2.599208,3.160000,25
0,128,128,tridiag_vals,1,231.328458,230.875292,231.787209,5
0,4,128,tg,1,7.977250,7.970376,7.996125,19
0,4,128,block,1,5.828458,5.788125,5.976875,25
0,4,128,cpu,1,0.578833,0.570083,0.585250,25
0,4,128,tridiag,1,8.491312,8.411875,8.601573,18
0,4,128,tg_vals,1,7.198208,7.193583,7.218167,21
0,4,128,block_vals,1,5.823125,5.767709,5.912291,25
0,4,128,cpu_vals,1,0.299125,0.297667,0.301667,25
0,4,128,tridiag_vals,1,7.320875,7.278375,7.373750,21
0,2,1024,block,1,135.238791,135.199208,135.300333,5
0,2,1024,cpu,1,46.373583,46.141667,46.544875,5
0,2,1024,tridiag,1,56.090666,55.947375,56.103500,5
0,2,1024,block_vals,1,112.124875,111.979458,112.161042,5
0,2,1024,cpu_vals,1,19.237604,19.098437,19.483438,8
0,2,1024,tridiag_vals,1,46.784792,46.591042,47.029500,5
0,256,192,tg,1,532.582334,532.208584,533.153437,3
0,256,192,block,1,136.478208,136.119083,136.801208,5
0,256,192,cpu,1,22.906209,22.649458,23.397479,7
0,256,192,tridiag,1,845.635250,845.417917,845.661354,3
0,256,192,tg_vals,1,270.415541,269.497459,272.579792,5
0,256,192,block_vals,1,102.188042,102.186166,102.314083,5
0,256,192,cpu_vals,1,11.188312,11.151750,11.465813,14
0,256,192,tridiag_vals,1,738.486917,738.474354,738.633042,3
0,1,12,simd,1,0.250125,0.243333,0.273208,25
0,1,12,tg,1,0.206750,0.202125,0.211084,25
0,1,12,ql,1,0.216292,0.200959,0.220542,25
0,1,12,cpu,1,0.006125,0.006125,0.006625,25
0,1,12,simd_vals,1,0.243500,0.232458,0.261500,25
0,1,12,tg_vals,1,0.248000,0.220209,0.273833,25
0,1,12,ql_vals,1,0.235000,0.197166,0.260041,25
0,1,12,cpu_vals,1,0.003167,0.003125,0.003250,25
0,512,384,block,1,2081.283667,2081.026104,2084.474500,3
0,512,384,cpu,1,202.118375,199.860791,204.500375,5
0,512,384,block_vals,1,1498.983959,1498.763750,1500.036771,3
0,512,384,cpu_vals,1,95.259500,94.775750,98.404500,5
0,64,48,tg,1,1.618250,1.610042,1.685250,25
0,64,48,block,1,3.835958,3.725417,3.901542,25
0,64,48,ql,1,0.901416,0.885667,0.946125,25
0,64,48,ql_share,1,1.069541,1.047625,1.099083,25
0,64,48,cpu,1,0.470459,0.455959,0.645833,25
0,64,48,tg_vals,1,1.437709,1.396584,1.474125,25
0,64,48,block_vals,1,3.631292,3.578833,3.647917,25
0,64,48,ql_vals,1,0.732542,0.713458,0.787000,25
0,64,48,ql_share_vals,1,0.903209,0.873917,0.923417,25
0,64,48,cpu_vals,1,0.275458,0.242792,0.619584,25
0,2048,16,simd,1,1.386375,1.349583,1.848250,25
0,2048,16,tg,1,1.353125,1.328625,1.388208,25
0,2048,16,ql,1,0.993250,0.944417,1.020250,25
0,2048,16,ql_share,1,0.884458,0.877459,0.892167,25
0,2048,16,cpu,1,1.328667,1.259000,1.336750,25
0,2048,16,simd_vals,1,1.178791,1.129125,1.471791,25
0,2048,16,tg_vals,1,1.124083,1.119708,1.211750,25
0,2048,16,ql_vals,1,0.606958,0.602292,0.612416,25
0,2048,16,ql_share_vals,1,0.667542,0.641542,0.701417,25
0,2048,16,cpu_vals,1,0.608917,0.585500,0.644334,25
0,4,12,simd,1,0.707250,0.663292,0.739334,25
0,4,12,tg,1,0.218333,0.214667,0.221125,25
0,4,12,ql,1,0.220250,0.216458,0.251458,25
0,4,12,cpu,1,0.020417,0.019334,0.023041,25
0,4,12,simd_vals,1,0.249875,0.241167,0.257000,25
0,4,12,tg_vals,1,0.205917,0.196875,0.211583,25
0,4,12,ql_vals,1,0.227000,0.195459,0.263916,25
0,4,12,cpu_vals,1,0.015833,0.014833,0.016333,25
0,1,768,block,1,60.665542,60.650041,60.728750,5
0,1,768,cpu,1,18.421750,18.321125,18.486292,9
0,1,768,tridiag,1,22.932542,22.591105,22.961521,7
0,1,768,block_vals,1,55.638125,55.555459,55.722792,5
0,1,768,cpu_vals,1,9.782042,9.770010,9.799365,16
0,1,768,tridiag_vals,1,17.684834,17.471958,17.768292,9
0,2,384,tg,1,202.399625,202.362375,202.411209,5
0,2,384,block,1,21.534625,21.497771,21.675375,7
0,2,384,cpu,1,4.497833,4.476333,4.538500,25
0,2,384,tridiag,1,15.049292,15.019208,15.120625,10
0,2,384,tg_vals,1,190.042500,190.018791,190.100208,5
0,2,384,block_vals,1,20.408417,20.277698,20.555729,8
0,2,384,cpu_vals,1,2.435250,2.429834,2.440875,25
0,2,384,tridiag_vals,1,13.433333,13.427834,13.464802,12
0,128,2,simd,1,0.145375,0.139917,0.166458,25
0,128,2,tg,1,0.145166,0.139583,0.160208,25
0,128,2,ql,1,0.147709,0.139667,0.169042,25
0,128,2,ql_share,1,0.133417,0.124333,0.141917,25
0,128,2,cpu,1,0.053292,0.052666,0.054250,25
0,128,2,simd_vals,1,0.141667,0.138500,0.165041,25
0,128,2,tg_vals,1,0.162125,0.146708,0.166208,25
0,128,2,ql_vals,1,0.140959,0.139250,0.156000,25
0,128,2,ql_share_vals,1,0.138875,0.134125,0.142917,25
0,128,2,cpu_vals,1,0.029250,0.028875,0.029750,25
0,8,128,tg,1,8.001042,7.996125,8.015292,19
0,8,128,block,1,6.143417,6.077500,6.241709,25
0,8,128,cpu,1,0.655333,0.652375,0.660916,25
0,8,128,tridiag,1,16.836542,16.780041,16.999208,9
0,8,128,tg_vals,1,7.198083,7.193584,7.211125,21
0,8,128,block_vals,1,5.968750,5.838292,6.042875,25
0,8,128,cpu_vals,1,0.369125,0.363667,0.373084,25
0,8,128,tridiag_vals,1,14.512458,14.473771,14.549709,11
0,4,16,simd,1,0.344917,0.340584,0.349416,25
0,4,16,tg,1,0.234041,0.221000,0.236625,25
0,4,16,ql,1,0.251291,0.242167,0.261500,25
0,4,16,cpu,1,0.023416,0.022750,0.024750,25
0,4,16,simd_vals,1,0.312250,0.304209,0.323041,25
0,4,16,tg_vals,1,0.227416,0.212041,0.232584,25
0,4,16,ql_vals,1,0.231250,0.220792,0.244417,25
0,4,16,cpu_vals,1,0.021750,0.018583,0.022500,25
0,512,2,simd,1,0.159125,0.143459,0.174125,25
0,512,2,tg,1,0.148333,0.141458,0.159833,25
0,512,2,ql,1,0.144250,0.138209,0.155458,25
0,512,2,ql_share,1,0.290917,0.284792,0.299333,25
0,512,2,cpu,1,0.177458,0.093500,0.190125,25
0,512,2,simd_vals,1,0.154959,0.141917,0.160792,25
0,512,2,tg_vals,1,0.142542,0.139333,0.158667,25
0,512,2,ql_vals,1,0.142250,0.138958,0.157959,25
0,512,2,ql_share_vals,1,0.269125,0.256916,0.286125,25
0,512,2,cpu_vals,1,0.079917,0.078583,0.084083,25
0,32,128,tg,1,14.032500,14.029354,14.051772,11
0,32,128,block,1,8.039125,7.999375,8.127021,19
0,32,128,cpu,1,1.465083,1.438625,1.482375,25
0,32,128,tridiag,1,67.879833,67.879542,68.001333,5
0,32,128,tg_vals,1,12.093042,12.087459,12.107166,13
0,32,128,block_vals,1,7.467750,7.372042,7.521250,21
0,32,128,cpu_vals,1,0.745625,0.729625,0.773584,25
0,32,128,tridiag_vals,1,58.034084,57.786583,58.090875,5
0,32,192,tg,1,62.671792,61.702125,62.815625,5
0,32,192,block,1,18.298125,18.253959,18.378125,9
0,32,192,cpu,1,3.442125,3.348417,4.071667,25
0,32,192,tridiag,1,105.616791,105.511833,105.634042,5
0,32,192,tg_vals,1,42.667042,42.631583,42.674000,5
0,32,192,block_vals,1,16.395730,16.368834,16.486292,10
0,32,192,cpu_vals,1,2.184208,1.623708,2.234958,25
0,32,192,tridiag_vals,1,92.353750,92.184000,92.368750,5
0,512,12,simd,1,0.387666,0.383000,0.405292,25
0,512,12,tg,1,0.371375,0.365042,0.376750,25
0,512,12,ql,1,0.306500,0.302834,0.310709,25
0,512,12,ql_share,1,0.423083,0.410458,0.430292,25
0,512,12,cpu,1,0.290750,0.285750,0.293209,25
0,512,12,simd_vals,1,0.346459,0.344459,0.348958,25
0,512,12,tg_vals,1,0.330084,0.325167,0.334375,25
0,512,12,ql_vals,1,0.253167,0.243833,0.256583,25
0,512,12,ql_share_vals,1,0.356792,0.351084,0.360583,25
0,512,12,cpu_vals,1,0.179333,0.176209,0.192833,25
0,256,96,tg,1,37.118083,37.093583,37.740125,5
0,256,96,block,1,18.968188,18.925885,18.994520,8
0,256,96,cpu,1,5.823916,5.728042,6.272750,25
0,256,96,tg_vals,1,29.914209,29.700615,30.027740,6
0,256,96,block_vals,1,17.181250,17.142417,17.278625,9
0,256,96,cpu_vals,1,3.418000,2.968875,3.580666,25
0,1,192,tg,1,24.537500,24.519584,24.573125,7
0,1,192,block,1,8.904833,8.855542,8.978750,17
0,1,192,cpu,1,1.179917,1.165792,1.192541,25
0,1,192,tridiag,1,3.828958,3.806584,3.856042,25
0,1,192,tg_vals,1,23.112250,23.100542,23.118250,7
0,1,192,block_vals,1,8.667041,8.580749,8.743135,18
0,1,192,cpu_vals,1,0.585583,0.584083,0.588334,25
0,1,192,tridiag_vals,1,3.097916,3.089166,3.165916,25
0,128,64,tg,1,5.329167,5.317875,5.350500,25
0,128,64,block,1,5.539583,5.494875,5.670417,25
0,128,64,ql,1,2.632084,2.624042,2.636584,25
0,128,64,ql_share,1,2.799583,2.768125,2.910542,25
0,128,64,cpu,1,1.351583,1.343250,1.366625,25
0,128,64,tg_vals,1,4.724041,4.709458,4.732167,25
0,128,64,block_vals,1,5.272833,5.208375,5.338834,25
0,128,64,ql_vals,1,2.023500,2.011375,2.035083,25
0,128,64,ql_share_vals,1,1.320041,1.284875,1.369542,25
0,128,64,cpu_vals,1,0.614875,0.588416,0.655666,25
0,4,8,simd,1,0.191667,0.177084,0.224125,25
0,4,8,tg,1,0.190250,0.187250,0.195208,25
0,4,8,ql,1,0.187750,0.171875,0.195750,25
0,4,8,cpu,1,0.019583,0.018083,0.020917,25
0,4,8,simd_vals,1,0.182791,0.165834,0.192333,25
0,4,8,tg_vals,1,0.171666,0.166500,0.187042,25
0,4,8,ql_vals,1,0.165375,0.159250,0.180666,25
0,4,8,cpu_vals,1,0.013959,0.010667,0.014291,25
0,2,2,simd,1,0.149708,0.139666,0.161375,25
0,2,2,tg,1,0.155959,0.140959,0.210833,25
0,2,2,ql,1,0.161417,0.141666,0.176542,25
0,2,2,cpu,1,0.003375,0.002791,0.003583,25
0,2,2,simd_vals,1,0.158333,0.148417,0.192250,25
0,2,2,tg_vals,1,0.171500,0.153875,0.189917,25
0,2,2,ql_vals,1,0.162459,0.146666,0.223625,25
0,2,2,cpu_vals,1,0.002458,0.001875,0.002958,25
0,1,3072,block,1,2107.637459,2107.632626,2108.725479,3
0,1,3072,cpu,1,692.637750,688.403604,693.405542,3
0,1,3072,tridiag,1,259.754375,259.496333,259.916667,5
0,1,3072,block_vals,1,1324.540000,1323.501104,1325.665209,3
0,1,3072,cpu_vals,1,208.263458,208.077875,209.127458,5
0,1,3072,tridiag_vals,1,183.376583,183.235083,183.481542,5
0,16,256,tg,1,84.318083,84.241083,84.376125,5
0,16,256,block,1,20.405083,20.366750,20.493698,8
0,16,256,cpu,1,3.441208,3.418584,3.896375,25
0,16,256,tridiag,1,71.892542,71.763500,71.992416,5
0,16,256,tg_vals,1,61.158917,61.157000,61.168125,5
0,16,256,block_vals,1,18.066750,18.006666,18.219000,9
0,16,256,cpu_vals,1,1.897667,1.540375,2.120792,25
0,16,256,tridiag_vals,1,64.400667,64.323792,64.402958,5
0,2,512,tg,1,478.902667,478.730292,478.962833,3
0,2,512,block,1,35.797500,35.734250,35.878833,5
0,2,512,cpu,1,9.125291,9.092250,9.168917,17
0,2,512,tridiag,1,22.002250,21.946063,22.101479,7
0,2,512,tg_vals,1,443.730958,443.729708,443.822417,3
0,2,512,block_vals,1,32.830208,32.702625,32.951833,5
0,2,512,cpu_vals,1,4.379250,4.369166,4.394542,25
0,2,512,tridiag_vals,1,19.341167,19.253385,19.379990,8
0,2,256,tg,1,55.014417,54.993250,55.033000,5
0,2,256,block,1,11.966084,11.900875,12.000875,13
0,2,256,cpu,1,2.132666,2.122250,2.148000,25
0,2,256,tridiag,1,9.350291,9.308833,9.364209,17
0,2,256,tg_vals,1,53.883125,53.879917,53.890166,5
0,2,256,block_vals,1,11.465480,11.438521,11.544792,14
0,2,256,cpu_vals,1,1.078625,1.073708,1.087458,25
0,2,256,tridiag_vals,1,8.367792,8.362958,8.415844,18
0,2048,2,simd,1,0.185916,0.182708,0.197958,25
0,2048,2,tg,1,0.192084,0.185083,0.199542,25
0,2048,2,ql,1,0.187250,0.185833,0.192459,25
0,2048,2,ql_share,1,0.309875,0.305708,0.317459,25
0,2048,2,cpu,1,0.146833,0.143625,0.150958,25
0,2048,2,simd_vals,1,0.176042,0.160167,0.178291,25
0,2048,2,tg_vals,1,0.174625,0.168792,0.177917,25
0,2048,2,ql_vals,1,0.167542,0.158291,0.176000,25
0,2048,2,ql_share_vals,1,0.296709,0.289292,0.306750,25
0,2048,2,cpu_vals,1,0.103917,0.095167,0.130084,25
0,4096,32,simd,1,23.561208,23.493896,23.622084,7
0,4096,32,tg,1,16.471500,16.463406,16.483303,10
0,4096,32,block,1,17.659167,17.605500,17.731959,9
0,4096,32,ql,1,5.383542,5.357708,5.397083,25
0,4096,32,ql_share,1,4.512000,4.461791,4.555125,25
0,4096,32,cpu,1,9.338792,9.070042,9.557000,17
0,4096,32,simd_vals,1,14.509625,14.441688,14.563437,11
0,4096,32,tg_vals,1,14.174375,14.147458,14.201500,11
0,4096,32,block_vals,1,15.349625,15.230635,15.403125,10
0,4096,32,ql_vals,1,3.196041,3.178584,3.247250,25
0,4096,32,ql_share_vals,1,2.092959,2.068750,2.133083,25
0,4096,32,cpu_vals,1,3.516250,3.449708,3.642875,25
0,512,64,tg,1,19.782438,19.725020,19.923625,8
0,512,64,block,1,13.288521,13.215989,13.368729,12
0,512,64,ql,1,6.458229,6.400500,6.469542,24
0,512,64,ql_share,1,4.342958,4.310917,4.371833,25
0,512,64,cpu,1,5.243167,5.169292,5.444000,25
0,512,64,tg_vals,1,16.654333,16.489490,16.701583,10
0,512,64,block_vals,1,12.197833,12.140167,12.235209,13
0,512,64,ql_vals,1,4.776167,4.729208,4.804000,25
0,512,64,ql_share_vals,1,2.281292,2.178750,2.701083,25
0,512,64,cpu_vals,1,2.227042,2.133959,2.675042,25
0,8,24,simd,1,0.822750,0.759417,1.324584,25
0,8,24,tg,1,0.292416,0.288250,0.297375,25
0,8,24,ql,1,0.388000,0.378375,0.396458,25
0,8,24,cpu,1,0.080875,0.075083,0.089541,25
0,8,24,simd_vals,1,0.741375,0.692042,0.763250,25
0,8,24,tg_vals,1,0.272625,0.261583,0.280417,25
0,8,24,ql_vals,1,0.314291,0.302542,0.316959,25
0,8,24,cpu_vals,1,0.038250,0.036875,0.040000,25
0,16,1024,block,1,1135.136709,1135.062396,1135.374105,3
0,16,1024,cpu,1,118.099583,117.141625,119.493958,5
0,16,1024,tridiag,1,387.651875,387.630688,388.545709,3
0,16,1024,block_vals,1,751.335209,750.999188,751.610125,3
0,16,1024,cpu_vals,1,35.225667,34.719416,35.850875,5
0,16,1024,tridiag_vals,1,337.089417,336.920500,337.550396,3
0,16,12,simd,1,0.266584,0.250959,0.273959,25
0,16,12,tg,1,0.218208,0.213000,0.220333,25
0,16,12,ql,1,0.228375,0.211042,0.229917,25
0,16,12,cpu,1,0.084042,0.052042,0.085000,25
0,16,12,simd_vals,1,0.249708,0.237792,0.260750,25
0,16,12,tg_vals,1,0.209458,0.197708,0.215708,25
0,16,12,ql_vals,1,0.200834,0.184208,0.206166,25
0,16,12,cpu_vals,1,0.039333,0.039083,0.040334,25
0,16,768,block,1,479.961167,479.762438,480.125521,3
0,16,768,cpu,1,39.716458,39.344875,39.953750,5
0,16,768,tridiag,1,257.495750,257.418250,257.890250,5
0,16,768,block_vals,1,303.796375,303.686854,304.141104,3
0,16,768,cpu_vals,1,19.471833,19.193448,19.498021,8
0,16,768,tridiag_vals,1,230.269458,229.822375,230.420083,5
0,4,64,tg,1,1.246541,1.195916,1.836292,25
0,4,64,block,1,3.241750,3.171916,3.255500,25
0,4,64,ql,1,1.344875,1.312833,1.359083,25
0,4,64,cpu,1,0.164000,0.161750,0.165833,25
0,4,64,tg_vals,1,1.146250,1.112500,1.155000,25
0,4,64,block_vals,1,3.145708,3.127209,3.202125,25
0,4,64,ql_vals,1,1.045750,1.029209,1.068083,25
0,4,64,cpu_vals,1,0.077083,0.076625,0.077959,25
0,16,128,tg,1,8.033333,8.005083,8.038438,19
0,16,128,block,1,6.548375,6.517251,6.585230,23
0,16,128,cpu,1,0.784125,0.774834,1.120375,25
0,16,128,tridiag,1,33.786125,33.700875,33.790000,5
0,16,128,tg_vals,1,7.203292,7.190292,7.207666,21
0,16,128,block_vals,1,6.237500,6.084541,6.383125,25
0,16,128,cpu_vals,1,0.414458,0.408125,0.422208,25
0,16,128,tridiag_vals,1,29.220521,29.132156,29.309354,6
0,16,4,simd,1,0.166750,0.153625,0.171500,25
0,16,4,tg,1,0.165958,0.159083,0.171875,25
0,16,4,ql,1,0.171125,0.155459,0.172917,25
0,16,4,cpu,1,0.017792,0.017625,0.017959,25
0,16,4,simd_vals,1,0.162667,0.145750,0.173209,25
0,16,4,tg_vals,1,0.161833,0.150333,0.169458,25
0,16,4,ql_vals,1,0.155000,0.143583,0.162542,25
0,16,4,cpu_vals,1,0.011584,0.011458,0.012792,25
0,64,16,simd,1,0.355375,0.338875,0.364209,25
0,64,16,tg,1,0.246875,0.243125,0.250209,25
0,64,16,ql,1,0.278167,0.275042,0.282000,25
0,64,16,ql_share,1,0.372958,0.369625,0.380208,25
0,64,16,cpu,1,0.129917,0.125375,0.134416,25
0,64,16,simd_vals,1,0.323667,0.308500,0.326959,25
0,64,16,tg_vals,1,0.242750,0.241417,0.245666,25
0,64,16,ql_vals,1,0.242166,0.240459,0.243709,25
0,64,16,ql_share_vals,1,0.324917,0.321833,0.328209,25
0,64,16,cpu_vals,1,0.101167,0.081292,0.167333,25
0,4,192,tg,1,27.672688,27.655583,27.688948,6
0,4,192,block,1,9.249375,9.198375,9.358334,17
0,4,192,cpu,1,1.254459,1.243667,1.267667,25
0,4,192,tridiag,1,13.328834,13.277782,13.363636,12
0,4,192,tg_vals,1,25.707521,25.682406,25.732073,6
0,4,192,block_vals,1,8.894208,8.843166,9.002625,17
0,4,192,cpu_vals,1,0.632542,0.626458,0.636625,25
0,4,192,tridiag_vals,1,11.795125,11.744292,11.839417,13
0,8,96,tg,1,3.657375,3.619000,3.679375,25
0,8,96,block,1,4.834208,4.744625,4.956541,25
0,8,96,cpu,1,0.397542,0.390542,0.443958,25
0,8,96,tg_vals,1,3.305084,3.294833,3.313417,25
0,8,96,block_vals,1,4.655541,4.573834,4.791666,25
0,8,96,cpu_vals,1,0.275209,0.230834,0.292667,25
0,1,24,simd,1,0.757625,0.744083,0.825625,25
0,1,24,tg,1,0.282208,0.278333,0.285875,25
0,1,24,ql,1,0.365416,0.359125,0.375500,25
0,1,24,cpu,1,0.023458,0.023375,0.023500,25
0,1,24,simd_vals,1,0.735791,0.720708,0.770875,25
0,1,24,tg_vals,1,0.271708,0.261417,0.275166,25
0,1,24,ql_vals,1,0.303417,0.298333,0.315209,25
0,1,24,cpu_vals,1,0.008459,0.008417,0.008500,25
0,16,16,simd,1,0.326750,0.321917,0.340625,25
0,16,16,tg,1,0.241667,0.240000,0.245333,25
0,16,16,ql,1,0.272125,0.269750,0.274583,25
0,16,16,cpu,1,0.063958,0.055333,0.099625,25
0,16,16,simd_vals,1,0.315792,0.305375,0.320958,25
0,16,16,tg_vals,1,0.234958,0.228667,0.237125,25
0,16,16,ql_vals,1,0.231167,0.219625,0.235000,25
0,16,16,cpu_vals,1,0.063083,0.053666,0.065875,25
0,4096,128,block,1,656.018917,654.945105,656.819625,3
0,4096,128,cpu,1,146.682125,145.250958,147.708500,5
0,4096,128,block_vals,1,541.408042,541.228605,541.689813,3
0,4096,128,cpu_vals,1,74.948875,74.154458,76.711417,5
0,16,512,block,1,124.399750,124.070000,124.425084,5
0,16,512,cpu,1,16.362354,16.300479,16.483011,10
0,16,512,tridiag,1,159.511458,158.529541,162.098000,5
0,16,512,block_vals,1,91.676667,91.657250,91.825709,5
0,16,512,cpu_vals,1,8.177333,7.413386,9.071001,18
0,16,512,tridiag_vals,1,142.359750,142.338959,142.386083,5
0,256,16,simd,1,0.395167,0.387417,1.061833,25
0,256,16,tg,1,0.373917,0.370333,0.378958,25
0,256,16,ql,1,0.305125,0.303125,0.308375,25
0,256,16,ql_share,1,0.436916,0.429916,0.441792,25
0,256,16,cpu,1,0.257041,0.254292,0.295291,25
0,256,16,simd_vals,1,0.350667,0.342417,0.352042,25
0,256,16,tg_vals,1,0.342709,0.338625,0.346958,25
0,256,16,ql_vals,1,0.248334,0.244375,0.252834,25
0,256,16,ql_share_vals,1,0.384792,0.380792,0.406125,25
0,256,16,cpu_vals,1,0.168667,0.164959,0.179584,25
0,1024,128,block,1,170.927750,170.838916,171.607875,5
0,1024,128,cpu,1,38.182583,37.804625,38.636375,5
0,1024,128,block_vals,1,140.412667,140.398750,140.421291,5
0,1024,128,cpu_vals,1,20.041750,19.913333,20.277541,8
0,128,48,tg,1,2.583917,2.575416,2.588959,25
0,128,48,block,1,5.309500,5.246750,5.404708,25
0,128,48,ql,1,0.982792,0.924625,1.027792,25
0,128,48,ql_share,1,1.132417,1.046417,1.143916,25
0,128,48,cpu,1,0.810708,0.770917,0.828333,25
0,128,48,tg_vals,1,2.269625,2.243625,2.273333,25
0,128,48,block_vals,1,5.092125,5.009417,5.155792,25
0,128,48,ql_vals,1,0.756625,0.729250,0.809250,25
0,128,48,ql_share_vals,1,0.904792,0.862959,0.950750,25
0,128,48,cpu_vals,1,0.426416,0.387666,0.629375,25
0,16,384,tg,1,353.037708,353.005354,353.113812,3
0,16,384,block,1,54.535208,54.420458,54.601292,5
0,16,384,cpu,1,7.857666,7.841729,7.995729,19
0,16,384,tridiag,1,112.825125,112.818375,112.851417,5
0,16,384,tg_vals,1,223.898000,223.826000,223.950042,5
0,16,384,block_vals,1,45.667583,45.450000,45.695208,5
0,16,384,cpu_vals,1,4.248625,3.888459,4.279334,25
0,16,384,tridiag_vals,1,101.786167,101.525208,101.815583,5
0,512,32,simd,1,2.829750,2.819500,2.854417,25
0,512,32,tg,1,2.515458,2.495458,2.525084,25
0,512,32,block,1,4.515375,4.452583,4.662792,25
0,512,32,ql,1,1.082750,1.068125,1.173000,25
0,512,32,ql_share,1,1.315417,1.300875,1.351917,25
0,512,32,cpu,1,1.243792,1.230958,1.287917,25
0,512,32,simd_vals,1,2.737333,2.720792,2.799584,25
0,512,32,tg_vals,1,2.173250,2.139125,2.185542,25
0,512,32,block_vals,1,4.268083,4.166375,4.340875,25
0,512,32,ql_vals,1,0.767125,0.712167,0.805792,25
0,512,32,ql_share_vals,1,0.545708,0.543375,0.565125,25
0,512,32,cpu_vals,1,0.536500,0.524833,0.636583,25
0,2048,192,block,1,1062.481959,1062.117688,1063.944812,3
0,2048,192,cpu,1,167.760375,167.550250,168.703000,5
0,2048,192,block_vals,1,834.309167,834.211417,835.561521,3
0,2048,192,cpu_vals,1,88.362958,87.469083,88.609791,5
0,1024,256,block,1,1242.763792,1242.120146,1244.325938,3
0,1024,256,cpu,1,170.689208,170.341084,171.879250,5
0,1024,256,block_vals,1,942.583000,942.558771,943.471229,3
0,1024,256,cpu_vals,1,83.000667,82.072792,83.086584,5
0,16,2,simd,1,0.195709,0.183084,0.200792,25
0,16,2,tg,1,0.207708,0.199042,0.225750,25
0,16,2,ql,1,0.197750,0.176000,0.209042,25
0,16,2,cpu,1,0.008833,0.008750,0.009167,25
0,16,2,simd_vals,1,0.158750,0.148541,0.166708,25
0,16,2,tg_vals,1,0.150292,0.142084,0.165166,25
0,16,2,ql_vals,1,0.140208,0.134667,0.145667,25
0,16,2,cpu_vals,1,0.005417,0.005250,0.006041,25
0,16,64,tg,1,1.417375,1.262292,1.535041,25
0,16,64,block,1,3.326417,3.244750,3.366250,25
0,16,64,ql,1,1.396333,1.381667,1.440375,25
0,16,64,cpu,1,0.289333,0.284708,0.299000,25
0,16,64,tg_vals,1,1.152917,1.120417,1.174792,25
0,16,64,block_vals,1,3.221375,3.195084,3.268458,25
0,16,64,ql_vals,1,1.105667,1.087209,1.133583,25
0,16,64,cpu_vals,1,0.179084,0.176125,0.183333,25
0,4096,96,block,1,297.436958,295.327000,298.188625,5
0,4096,96,cpu,1,85.120625,84.917333,85.226250,5
0,4096,96,block_vals,1,248.425458,248.126375,248.435417,5
0,4096,96,cpu_vals,1,41.986416,41.884375,42.256875,5
0,1024,2,simd,1,0.206459,0.197459,0.238000,25
0,1024,2,tg,1,0.204084,0.194125,0.239375,25
0,1024,2,ql,1,0.167667,0.164542,0.176625,25
0,1024,2,ql_share,1,0.287000,0.276875,0.330750,25
0,1024,2,cpu,1,0.261542,0.111625,0.364042,25
0,1024,2,simd_vals,1,0.146500,0.141250,0.155000,25
0,1024,2,tg_vals,1,0.152208,0.143292,0.158625,25
0,1024,2,ql_vals,1,0.148917,0.143791,0.156916,25
0,1024,2,ql_share_vals,1,0.283375,0.272625,0.308500,25
0,1024,2,cpu_vals,1,0.153833,0.075375,0.156708,25
0,256,24,simd,1,0.894625,0.839875,0.921417,25
0,256,24,tg,1,0.802208,0.754583,0.854583,25
0,256,24,ql,1,0.453500,0.451459,0.458000,25
0,256,24,ql_share,1,0.592042,0.571292,0.651083,25
0,256,24,cpu,1,0.492459,0.483750,0.502792,25
0,256,24,simd_vals,1,0.762791,0.735416,0.803250,25
0,256,24,tg_vals,1,0.684583,0.670083,0.703375,25
0,256,24,ql_vals,1,0.317791,0.312250,0.324917,25
0,256,24,ql_share_vals,1,0.431500,0.421084,0.462917,25
0,256,24,cpu_vals,1,0.250667,0.220542,0.641542,25
0,2,32,simd,1,1.744000,1.735583,1.751291,25
0,2,32,tg,1,0.361958,0.354125,0.367125,25
0,2,32,block,1,3.157084,2.982042,3.283333,25
0,2,32,ql,1,0.531583,0.524125,0.542292,25
0,2,32,cpu,1,0.044459,0.043959,0.049791,25
0,2,32,simd_vals,1,1.575167,1.563500,1.587292,25
0,2,32,tg_vals,1,0.341792,0.326667,0.349666,25
0,2,32,block_vals,1,3.107042,3.028250,3.257875,25
0,2,32,ql_vals,1,0.417083,0.408750,0.428375,25
0,2,32,cpu_vals,1,0.023916,0.023333,0.026083,25
0,256,12,simd,1,0.287083,0.282000,0.291709,25
0,256,12,tg,1,0.275458,0.270166,0.282125,25
0,256,12,ql,1,0.239375,0.234750,0.245833,25
0,256,12,ql_share,1,0.374542,0.363584,0.386417,25
0,256,12,cpu,1,0.182791,0.179042,0.186291,25
0,256,12,simd_vals,1,0.258459,0.250791,0.268041,25
0,256,12,tg_vals,1,0.253000,0.248959,0.261417,25
0,256,12,ql_vals,1,0.208166,0.203000,0.211708,25
0,256,12,ql_share_vals,1,0.325209,0.316459,0.333125,25
0,256,12,cpu_vals,1,0.128416,0.123417,0.134667,25
0,64,24,simd,1,0.847250,0.805125,0.876250,25
0,64,24,tg,1,0.367084,0.365333,0.373833,25
0,64,24,ql,1,0.399709,0.396417,0.402833,25
0,64,24,ql_share,1,0.498208,0.490917,0.523166,25
0,64,24,cpu,1,0.194750,0.190000,0.204959,25
0,64,24,simd_vals,1,0.752958,0.698000,0.767792,25
0,64,24,tg_vals,1,0.344333,0.338708,0.347750,25
0,64,24,ql_vals,1,0.324375,0.320792,0.327458,25
0,64,24,ql_share_vals,1,0.422542,0.418042,0.431166,25
0,64,24,cpu_vals,1,0.125375,0.117292,0.213417,25
0,256,32,simd,1,1.978875,1.949292,2.109792,25
0,256,32,tg,1,1.608333,1.567500,1.616208,25
0,256,32,block,1,3.449334,3.384458,3.475458,25
0,256,32,ql,1,0.633541,0.632083,0.638917,25
0,256,32,ql_share,1,0.773250,0.750459,0.835250,25
0,256,32,cpu,1,0.685167,0.676208,0.713916,25
0,256,32,simd_vals,1,1.697042,1.672000,1.706250,25
0,256,32,tg_vals,1,1.414542,1.399458,1.420625,25
0,256,32,block_vals,1,3.264834,3.245416,3.323708,25
0,256,32,ql_vals,1,0.450541,0.438292,0.455917,25
0,256,32,ql_share_vals,1,0.554084,0.542250,0.620666,25
0,256,32,cpu_vals,1,0.324667,0.306875,0.342042,25
0,1,384,tg,1,202.275584,202.246042,202.277625,5
0,1,384,block,1,20.122000,20.066698,20.180271,8
0,1,384,cpu,1,4.564292,4.503833,4.637000,25
0,1,384,tridiag,1,9.164500,9.113333,9.272708,17
0,1,384,tg_vals,1,190.175833,190.121792,190.213666,5
0,1,384,block_vals,1,19.201042,19.084292,19.276896,8
0,1,384,cpu_vals,1,2.383875,2.372917,2.392333,25
0,1,384,tridiag_vals,1,7.128854,7.119666,7.139604,22
0,2048,4,simd,1,0.224875,0.218875,0.235958,25
0,2048,4,tg,1,0.231458,0.228334,0.235833,25
0,2048,4,ql,1,0.224208,0.220750,0.229875,25
0,2048,4,ql_share,1,0.330583,0.321584,0.342834,25
0,2048,4,cpu,1,0.229083,0.220083,0.235833,25
0,2048,4,simd_vals,1,0.209333,0.205750,0.215125,25
0,2048,4,tg_vals,1,0.211083,0.205458,0.217500,25
0,2048,4,ql_vals,1,0.198834,0.194000,0.203375,25
0,2048,4,ql_share_vals,1,0.314125,0.282166,0.333458,25
0,2048,4,cpu_vals,1,0.161208,0.158834,0.166208,25
0,1,4,simd,1,0.156000,0.145541,0.232375,25
0,1,4,tg,1,0.161583,0.149958,0.221417,25
0,1,4,ql,1,0.154583,0.149791,0.200375,25
0,1,4,cpu,1,0.001792,0.001750,0.001917,25
0,1,4,simd_vals,1,0.181000,0.173958,0.204291,25
0,1,4,tg_vals,1,0.170708,0.165167,0.177000,25
0,1,4,ql_vals,1,0.168083,0.164791,0.179750,25
0,1,4,cpu_vals,1,0.001792,0.001750,0.001917,25
0,16,24,simd,1,0.774334,0.742458,0.799875,25
0,16,24,tg,1,0.282875,0.280000,0.287750,25
0,16,24,ql,1,0.397375,0.392500,0.406291,25
0,16,24,cpu,1,0.108542,0.099042,0.122750,25
0,16,24,simd_vals,1,0.712459,0.676917,0.730917,25
0,16,24,tg_vals,1,0.279917,0.273000,0.283084,25
0,16,24,ql_vals,1,0.317959,0.315125,0.320625,25
0,16,24,cpu_vals,1,0.118042,0.056792,0.119708,25
0,4,2048,block,1,2326.601542,2324.339334,2328.828271,3
0,4,2048,cpu,1,439.423833,418.366291,451.592708,3
0,4,2048,tridiag,1,334.834125,334.245041,335.600604,3
0,4,2048,block_vals,1,1528.826250,1528.228687,1529.833875,3
0,4,2048,cpu_vals,1,112.198292,111.956083,114.817792,5
0,4,2048,tridiag_vals,1,280.223209,280.120042,280.238000,5
0,1024,16,simd,1,0.930416,0.875958,1.302000,25
0,1024,16,tg,1,0.892709,0.801167,0.899542,25
0,1024,16,ql,1,0.574417,0.571375,0.578833,25
0,1024,16,ql_share,1,0.725208,0.704417,0.741333,25
0,1024,16,cpu,1,0.703166,0.699375,0.710834,25
0,1024,16,simd_vals,1,0.723792,0.717792,0.811041,25
0,1024,16,tg_vals,1,0.695208,0.688458,0.771000,25
0,1024,16,ql_vals,1,0.407041,0.400708,0.420500,25
0,1024,16,ql_share_vals,1,0.366875,0.362250,0.374708,25
0,1024,16,cpu_vals,1,0.339625,0.310125,0.626333,25
0,1024,192,block,1,535.242000,535.083417,535.917292,3
0,1024,192,cpu,1,86.417125,86.199166,86.973000,5
0,1024,192,block_vals,1,422.695041,422.684375,423.071750,3
0,1024,192,cpu_vals,1,45.050334,44.802459,45.144917,5
0,2048,48,tg,1,29.735042,29.696594,29.795240,6
0,2048,48,block,1,44.176417,44.166834,44.209750,5
0,2048,48,ql,1,8.875250,8.845083,8.901000,17
0,2048,48,ql_share,1,6.177458,6.067792,6.265209,25
0,2048,48,cpu,1,11.904542,11.731209,12.071583,13
0,2048,48,tg_vals,1,25.719875,25.684687,25.806594,6
0,2048,48,block_vals,1,39.222000,39.191417,39.255875,5
0,2048,48,ql_vals,1,6.201417,6.176417,6.217417,25
0,2048,48,ql_share_vals,1,3.718042,3.522167,3.909250,25
0,2048,48,cpu_vals,1,4.782583,4.631167,5.215125,25
0,4096,12,simd,1,1.464208,1.457000,1.476375,25
0,4096,12,tg,1,1.444958,1.398042,1.449459,25
0,4096,12,ql,1,1.096250,1.053416,1.133708,25
0,4096,12,ql_share,1,0.971167,0.960667,0.988375,25
0,4096,12,cpu,1,1.582125,1.513625,1.745791,25
0,4096,12,simd_vals,1,1.400333,1.234750,1.481708,25
0,4096,12,tg_vals,1,1.227916,1.218083,1.233875,25
0,4096,12,ql_vals,1,0.733750,0.681167,0.779250,25
0,4096,12,ql_share_vals,1,0.652292,0.646125,0.663959,25
0,4096,12,cpu_vals,1,0.743542,0.714083,0.756542,25
0,64,2,simd,1,0.168291,0.151125,0.180750,25
0,64,2,tg,1,0.175208,0.162708,0.189750,25
0,64,2,ql,1,0.165333,0.152750,0.172250,25
0,64,2,ql_share,1,0.143750,0.135209,0.156083,25
0,64,2,cpu,1,0.032292,0.031917,0.033209,25
0,64,2,simd_vals,1,0.145292,0.133042,0.160708,25
0,64,2,tg_vals,1,0.154541,0.142959,0.164542,25
0,64,2,ql_vals,1,0.145083,0.137958,0.157292,25
0,64,2,ql_share_vals,1,0.139583,0.135500,0.148459,25
0,64,2,cpu_vals,1,0.018625,0.018458,0.018875,25
0,32,24,simd,1,0.826208,0.782500,1.670541,25
0,32,24,tg,1,0.293042,0.287292,0.298417,25
0,32,24,ql,1,0.384709,0.380916,0.391750,25
0,32,24,cpu,1,0.142084,0.138542,0.149834,25
0,32,24,simd_vals,1,0.716333,0.683500,0.761542,25
0,32,24,tg_vals,1,0.287667,0.282208,0.293500,25
0,32,24,ql_vals,1,0.318791,0.309584,0.322584,25
0,32,24,cpu_vals,1,0.165000,0.101250,0.230917,25
0,64,512,block,1,610.743458,610.387979,613.870604,3
0,64,512,cpu,1,58.274125,58.258875,58.447083,5
0,64,512,tridiag,1,623.360917,623.137396,624.256792,3
0,64,512,block_vals,1,419.464416,418.921250,419.707625,3
0,64,512,cpu_vals,1,24.562042,24.431666,24.733500,7
0,64,512,tridiag_vals,1,560.705917,560.522375,560.905479,3
0,1024,8,simd,1,0.295209,0.282334,0.836166,25
0,1024,8,tg,1,0.280542,0.268208,0.284250,25
0,1024,8,ql,1,0.284625,0.277583,0.287917,25
0,1024,8,ql_share,1,0.368958,0.361375,0.377500,25
0,1024,8,cpu,1,0.282042,0.278667,0.283708,25
0,1024,8,simd_vals,1,0.250375,0.243416,0.254750,25
0,1024,8,tg_vals,1,0.239333,0.235209,0.246292,25
0,1024,8,ql_vals,1,0.224583,0.220833,0.230458,25
0,1024,8,ql_share_vals,1,0.345667,0.322000,0.362375,25
0,1024,8,cpu_vals,1,0.183000,0.165959,0.200209,25
0,64,768,block,1,2085.770209,2084.015105,2090.156292,3
0,64,768,cpu,1,154.490333,153.709459,163.930917,5
0,64,768,tridiag,1,1010.189333,1009.788083,1012.655188,3
0,64,768,block_vals,1,1383.857458,1383.414270,1384.084313,3
0,64,768,cpu_vals,1,58.253500,58.060458,59.012125,5
0,64,768,tridiag_vals,1,911.159459,910.137896,912.137521,3
0,64,384,block,1,253.286958,252.819042,253.891958,5
0,64,384,cpu,1,27.264958,27.014187,27.401854,6
0,64,384,tridiag,1,447.400250,447.278083,447.403729,3
0,64,384,block_vals,1,170.068250,170.037834,170.179334,5
0,64,384,cpu_vals,1,13.029312,12.888583,13.176177,12
0,64,384,tridiag_vals,1,402.022709,401.500688,402.437938,3
0,32,384,tg,1,748.941458,748.022917,750.912604,3
0,32,384,block,1,112.752125,112.658084,113.265417,5
0,32,384,cpu,1,14.850292,14.694771,15.030687,11
0,32,384,tridiag,1,223.808916,223.731916,227.957000,5
0,32,384,tg_vals,1,484.179084,484.130688,485.270792,3
0,32,384,block_vals,1,81.297916,81.213709,81.345250,5
0,32,384,cpu_vals,1,7.082000,6.918583,7.216958,21
0,32,384,tridiag_vals,1,202.016958,201.236208,202.412459,5
0,1024,48,tg,1,15.283333,15.249323,15.317573,10
0,1024,48,block,1,22.648834,22.623959,22.718979,7
0,1024,48,ql,1,4.838875,4.820041,4.860292,25
0,1024,48,ql_share,1,3.931083,3.637666,4.016125,25
0,1024,48,cpu,1,5.800458,5.706042,6.255084,25
0,1024,48,tg_vals,1,13.177021,13.124969,13.251281,12
0,1024,48,block_vals,1,19.780604,19.769260,19.840646,8
0,1024,48,ql_vals,1,3.439459,3.397292,3.477375,25
0,1024,48,ql_share_vals,1,2.196667,2.173417,2.221041,25
0,1024,48,cpu_vals,1,3.048334,2.456458,3.122333,25
0,1024,4,simd,1,0.224500,0.213875,0.797125,25
0,1024,4,tg,1,0.217583,0.210875,0.228459,25
0,1024,4,ql,1,0.208542,0.205125,0.212209,25
0,1024,4,ql_share,1,0.321875,0.316417,0.329000,25
0,1024,4,cpu,1,0.153333,0.149833,0.158459,25
0,1024,4,simd_vals,1,0.197917,0.185250,0.203417,25
0,1024,4,tg_vals,1,0.195583,0.181292,0.200166,25
0,1024,4,ql_vals,1,0.183791,0.173000,0.191250,25
0,1024,4,ql_share_vals,1,0.304709,0.284333,0.319125,25
0,1024,4,cpu_vals,1,0.152916,0.128875,0.237584,25
0,1,1024,block,1,101.045500,101.009417,101.047416,5
0,1,1024,cpu,1,40.187625,40.144666,40.296750,5
0,1,1024,tridiag,1,34.927125,34.709542,35.247500,5
0,1,1024,block_vals,1,90.375042,90.334292,90.440791,5
0,1,1024,cpu_vals,1,18.089541,18.074750,18.099916,9
0,1,1024,tridiag_vals,1,26.675792,26.285219,26.693490,6
0,256,4,simd,1,0.185750,0.180709,0.208375,25
0,256,4,tg,1,0.185750,0.183458,0.194042,25
0,256,4,ql,1,0.183042,0.180333,0.185750,25
0,256,4,ql_share,1,0.280334,0.274292,0.285833,25
0,256,4,cpu,1,0.173667,0.102584,0.226917,25
0,256,4,simd_vals,1,0.151916,0.143334,0.162333,25
0,256,4,tg_vals,1,0.147291,0.144500,0.154541,25
0,256,4,ql_vals,1,0.153584,0.142583,0.170334,25
0,256,4,ql_share_vals,1,0.254833,0.251916,0.260375,25
0,256,4,cpu_vals,1,0.125917,0.080166,0.127458,25
0,8,16,simd,1,0.336583,0.323458,0.342250,25
0,8,16,tg,1,0.232416,0.213875,0.247792,25
0,8,16,ql,1,0.258958,0.252666,0.260750,25
0,8,16,cpu,1,0.037625,0.034375,0.041667,25
0,8,16,simd_vals,1,0.302875,0.297875,0.319417,25
0,8,16,tg_vals,1,0.215834,0.210250,0.238084,25
0,8,16,ql_vals,1,0.223750,0.209417,0.235625,25
0,8,16,cpu_vals,1,0.030084,0.028833,0.030708,25
0,8,64,tg,1,1.236791,1.203041,1.270042,25
0,8,64,block,1,3.231292,3.197625,3.258042,25
0,8,64,ql,1,1.372625,1.350333,1.385375,25
0,8,64,cpu,1,0.266000,0.261209,0.276875,25
0,8,64,tg_vals,1,1.151125,1.131333,1.164250,25
0,8,64,block_vals,1,3.148750,3.125292,3.187500,25
0,8,64,ql_vals,1,1.072583,1.059167,1.101750,25
0,8,64,cpu_vals,1,0.150458,0.141333,0.163167,25
0,2048,96,tg,1,291.491416,291.168500,292.156916,5
0,2048,96,block,1,148.247250,148.190500,148.347458,5
0,2048,96,cpu,1,42.951042,41.650708,43.332583,5
0,2048,96,tg_vals,1,228.721750,228.593959,229.192667,5
0,2048,96,block_vals,1,125.534541,125.401584,125.963042,5
0,2048,96,cpu_vals,1,22.168541,21.643583,23.202208,7
0,16,96,tg,1,3.688000,3.680500,3.694667,25
0,16,96,block,1,5.073917,4.999584,5.120666,25
0,16,96,cpu,1,0.511250,0.504750,0.524333,25
0,16,96,tg_vals,1,3.295208,3.280333,3.313917,25
0,16,96,block_vals,1,4.810959,4.714458,4.888958,25
0,16,96,cpu_vals,1,0.302000,0.282958,0.377709,25
0,2,1536,block,1,434.180417,433.649271,434.244729,3
0,2,1536,cpu,1,112.108333,111.615000,112.126916,5
0,2,1536,tridiag,1,106.530042,106.224333,106.574542,5
0,2,1536,block_vals,1,286.110584,286.013042,286.346250,5
0,2,1536,cpu_vals,1,54.172292,46.125042,54.560292,5
0,2,1536,tridiag_vals,1,87.971041,87.932875,88.245875,5
0,4,768,block,1,104.409833,104.364167,104.505334,5
0,4,768,cpu,1,21.939292,21.873895,22.394729,7
0,4,768,tridiag,1,68.655334,68.591333,68.669250,5
0,4,768,block_vals,1,84.054417,83.922416,84.117375,5
0,4,768,cpu_vals,1,12.228541,11.447709,12.502833,13
0,4,768,tridiag_vals,1,60.240542,60.010834,60.287500,5
0,2,192,tg,1,27.657500,27.624697,27.665833,6
0,2,192,block,1,8.960208,8.870042,9.043625,17
0,2,192,cpu,1,1.148167,1.133959,1.153083,25
0,2,192,tridiag,1,6.705500,6.686854,6.740042,23
0,2,192,tg_vals,1,25.704104,25.698375,25.709270,6
0,2,192,block_vals,1,8.705333,8.640417,8.734646,18
0,2,192,cpu_vals,1,0.610834,0.610125,0.611792,25
0,2,192,tridiag_vals,1,6.014250,5.974250,6.046750,25
0,32,32,simd,1,1.757167,1.743833,1.767792,25
0,32,32,tg,1,0.430250,0.422917,0.473417,25
0,32,32,block,1,2.811667,2.768417,2.857208,25
0,32,32,ql,1,0.541083,0.536875,0.544084,25
0,32,32,cpu,1,0.181750,0.174291,0.189875,25
0,32,32,simd_vals,1,1.571750,1.544750,1.591917,25
0,32,32,tg_vals,1,0.415208,0.406416,0.475625,25
0,32,32,block_vals,1,2.762375,2.746125,2.804958,25
0,32,32,ql_vals,1,0.422917,0.393541,0.459042,25
0,32,32,cpu_vals,1,0.241708,0.135417,0.372875,25
0,512,256,block,1,619.898959,619.777625,620.195187,3
0,512,256,cpu,1,87.325875,86.920583,87.574458,5
0,512,256,block_vals,1,478.125542,478.094313,478.312979,3
0,512,256,cpu_vals,1,40.198083,40.151792,40.467167,5
0,1,256,tg,1,54.952917,54.930791,54.954916,5
0,1,256,block,1,11.671750,11.624792,11.727708,13
0,1,256,cpu,1,2.271125,2.221500,2.303625,25
0,1,256,tridiag,1,5.334583,5.307334,5.366333,25
0,1,256,tg_vals,1,53.961625,53.927042,53.962000,5
0,1,256,block_vals,1,11.403437,11.365605,11.454062,14
0,1,256,cpu_vals,1,1.042875,1.041583,1.045916,25
0,1,256,tridiag_vals,1,4.380125,4.377750,4.393625,25
0,32,768,block,1,984.650917,984.297625,985.517209,3
0,32,768,cpu,1,77.051959,76.838333,77.200208,5
0,32,768,tridiag,1,507.999083,507.849312,509.223625,3
0,32,768,block_vals,1,668.816166,668.738167,669.521083,3
0,32,768,cpu_vals,1,32.501875,32.021208,32.756167,5
0,32,768,tridiag_vals,1,456.565917,456.248854,457.138854,3
0,512,16,simd,1,0.579000,0.575000,1.189875,25
0,512,16,tg,1,0.503833,0.500333,0.512709,25
0,512,16,ql,1,0.395542,0.392125,0.398625,25
0,512,16,ql_share,1,0.492291,0.483209,0.493625,25
0,512,16,cpu,1,0.417292,0.412166,0.419250,25
0,512,16,simd_vals,1,0.505833,0.493167,0.509875,25
0,512,16,tg_vals,1,0.450500,0.445875,0.460542,25
0,512,16,ql_vals,1,0.304167,0.298584,0.306333,25
0,512,16,ql_share_vals,1,0.373291,0.362709,0.382708,25
0,512,16,cpu_vals,1,0.233083,0.211500,0.656167,25
0,32,256,tg,1,193.691041,193.546000,194.443417,5
0,32,256,block,1,34.981416,34.964959,35.169583,5
0,32,256,cpu,1,6.703875,6.462874,7.122916,23
0,32,256,tridiag,1,142.561042,142.550958,142.730500,5
0,32,256,tg_vals,1,122.625417,122.616791,122.639709,5
0,32,256,block_vals,1,29.864916,29.841760,29.924073,6
0,32,256,cpu_vals,1,3.515958,2.934125,3.569792,25
0,32,256,tridiag_vals,1,128.141916,128.062208,128.296333,5
0,4,24,simd,1,0.810834,0.749416,0.836583,25
0,4,24,tg,1,0.283292,0.267708,0.286292,25
0,4,24,ql,1,0.383291,0.369000,0.400416,25
0,4,24,cpu,1,0.037000,0.036417,0.043458,25
0,4,24,simd_vals,1,0.710125,0.675791,0.768750,25
0,4,24,tg_vals,1,0.260125,0.255375,0.268334,25
0,4,24,ql_vals,1,0.306333,0.294250,0.308916,25
0,4,24,cpu_vals,1,0.021292,0.020834,0.022625,25
0,256,384,block,1,1039.090750,1038.547459,1039.153666,3
0,256,384,cpu,1,101.724333,101.433833,102.132583,5
0,256,384,block_vals,1,755.464167,755.400437,755.698126,3
0,256,384,cpu_vals,1,48.389791,48.217958,49.078750,5
0,1024,64,tg,1,38.358709,38.102541,38.892291,5
0,1024,64,block,1,24.915958,24.898916,25.021605,7
0,1024,64,ql,1,11.785541,11.717625,11.950250,13
0,1024,64,ql_share,1,6.814646,6.787458,7.143396,22
0,1024,64,cpu,1,10.134000,9.905083,10.358605,15
0,1024,64,tg_vals,1,33.190667,33.139334,33.251167,5
0,1024,64,block_vals,1,21.306083,21.275302,21.362896,8
0,1024,64,ql_vals,1,8.505854,8.463073,8.529312,18
0,1024,64,ql_share_vals,1,3.280125,3.167125,4.213583,25
0,1024,64,cpu_vals,1,4.496375,4.118250,4.579458,25
0,16,32,simd,1,1.787458,1.743917,2.016708,25
0,16,32,tg,1,0.368042,0.365583,0.371625,25
0,16,32,block,1,2.779375,2.744458,2.788959,25
0,16,32,ql,1,0.531834,0.519000,0.538000,25
0,16,32,cpu,1,0.146416,0.129541,0.167917,25
0,16,32,simd_vals,1,1.576042,1.542458,1.588583,25
0,16,32,tg_vals,1,0.355000,0.342917,0.361834,25
0,16,32,block_vals,1,2.721875,2.696083,2.736833,25
0,16,32,ql_vals,1,0.422125,0.399667,0.467833,25
0,16,32,cpu_vals,1,0.109042,0.068375,0.194625,25
0,4096,192,block,1,2108.624792,2107.813271,2109.354250,3
0,4096,192,cpu,1,327.459625,323.950583,329.103187,3
0,4096,192,block_vals,1,1658.301125,1657.258562,1659.132396,3
0,4096,192,cpu_vals,1,169.447541,168.432375,169.505417,5
0,256,8,simd,1,0.382917,0.339250,0.905083,25
0,256,8,tg,1,0.214958,0.213166,0.219208,25
0,256,8,ql,1,0.208333,0.203083,0.213000,25
0,256,8,ql_share,1,0.325708,0.319125,0.331208,25
0,256,8,cpu,1,0.130625,0.128834,0.136958,25
0,256,8,simd_vals,1,0.176042,0.170083,0.189334,25
0,256,8,tg_vals,1,0.186916,0.174833,0.189875,25
0,256,8,ql_vals,1,0.165541,0.161333,0.180750,25
0,256,8,ql_share_vals,1,0.271333,0.268583,0.274625,25
0,256,8,cpu_vals,1,0.091417,0.086750,0.273667,25
0,1024,24,simd,1,2.388500,2.358084,2.413458,25
0,1024,24,tg,1,2.186167,2.133084,2.199875,25
0,1024,24,ql,1,1.097625,1.028042,1.116708,25
0,1024,24,ql_share,1,1.034958,1.018583,1.053500,25
0,1024,24,cpu,1,1.504916,1.449125,1.545834,25
0,1024,24,simd_vals,1,2.114541,2.071625,2.125084,25
0,1024,24,tg_vals,1,1.864375,1.838208,1.881416,25
0,1024,24,ql_vals,1,0.712500,0.667250,0.760208,25
0,1024,24,ql_share_vals,1,0.805792,0.792750,0.812459,25
0,1024,24,cpu_vals,1,0.663875,0.608625,0.683875,25
0,8,2,simd,1,0.161292,0.154708,0.185209,25
0,8,2,tg,1,0.165666,0.154500,0.177083,25
0,8,2,ql,1,0.156000,0.147083,0.167667,25
0,8,2,cpu,1,0.009291,0.005292,0.013792,25
0,8,2,simd_vals,1,0.164125,0.157000,0.179042,25
0,8,2,tg_vals,1,0.161417,0.147625,0.166250,25
0,8,2,ql_vals,1,0.170541,0.142042,0.194875,25
0,8,2,cpu_vals,1,0.005583,0.003750,0.010458,25
0,4,256,tg,1,55.115334,55.107459,55.118250,5
0,4,256,block,1,12.755021,12.745344,12.805698,12
0,4,256,cpu,1,2.360875,2.347458,2.384667,25
0,4,256,tridiag,1,18.183583,18.139708,18.241042,9
0,4,256,tg_vals,1,53.934167,53.891958,53.956417,5
0,4,256,block_vals,1,12.218375,12.122834,12.263917,13
0,4,256,cpu_vals,1,1.137500,1.134250,1.144084,25
0,4,256,tridiag_vals,1,16.429833,16.418166,16.488250,9
0,64,96,tg,1,11.432479,11.302083,11.686052,14
0,64,96,block,1,7.730354,7.606291,7.791688,20
0,64,96,cpu,1,1.580875,1.568583,1.610583,25
0,64,96,tg_vals,1,9.209125,9.176458,9.271916,17
0,64,96,block_vals,1,7.180958,7.085916,7.215166,21
0,64,96,cpu_vals,1,0.877417,0.856875,0.898083,25
0,16,192,tg,1,29.108791,29.097927,29.111906,6
0,16,192,block,1,11.620959,11.526792,11.689250,13
0,16,192,cpu,1,1.932625,1.839250,2.376833,25
0,16,192,tridiag,1,52.687334,52.656417,52.875917,5
0,16,192,tg_vals,1,25.708230,25.700896,25.727562,6
0,16,192,block_vals,1,10.660208,10.569854,10.729396,15
0,16,192,cpu_vals,1,1.260417,0.861875,1.458208,25
0,16,192,tridiag_vals,1,46.262666,46.232417,46.360750,5
0,1,128,tg,1,7.949708,7.922854,7.963624,19
0,1,128,block,1,5.792333,5.717583,5.908583,25
0,1,128,cpu,1,0.496083,0.494292,0.501167,25
0,1,128,tridiag,1,2.355333,2.348666,2.451417,25
0,1,128,tg_vals,1,7.188250,7.157208,7.193959,21
0,1,128,block_vals,1,5.632625,5.551125,5.741709,25
0,1,128,cpu_vals,1,0.262208,0.261584,0.264000,25
0,1,128,tridiag_vals,1,1.918875,1.914667,1.965833,25
0,1,2,simd,1,0.202958,0.153791,0.239250,25
0,1,2,tg,1,0.172417,0.164208,0.204500,25
0,1,2,ql,1,0.164041,0.158125,0.183959,25
0,1,2,cpu,1,0.001458,0.001292,0.001542,25
0,1,2,simd_vals,1,0.166041,0.156167,0.172500,25
0,1,2,tg_vals,1,0.176541,0.172459,0.184000,25
0,1,2,ql_vals,1,0.155333,0.150583,0.172583,25
0,1,2,cpu_vals,1,0.001458,0.001416,0.001666,25
0,2,2048,block,1,1157.632417,1157.189271,1157.909542,3
0,2,2048,cpu,1,318.187209,311.942750,321.504625,3
0,2,2048,tridiag,1,184.982125,184.676208,185.295333,5
0,2,2048,block_vals,1,683.378667,683.198771,683.663854,3
0,2,2048,cpu_vals,1,107.414583,107.269083,107.680417,5
0,2,2048,tridiag_vals,1,152.278583,151.615875,152.629333,5
0,128,8,simd,1,0.191250,0.188625,0.199375,25
0,128,8,tg,1,0.197500,0.193667,0.203625,25
0,128,8,ql,1,0.201875,0.199292,0.204167,25
0,128,8,ql_share,1,0.298959,0.293625,0.305750,25
0,128,8,cpu,1,0.287000,0.107375,0.321708,25
0,128,8,simd_vals,1,0.171292,0.165542,0.181792,25
0,128,8,tg_vals,1,0.171000,0.167917,0.187334,25
0,128,8,ql_vals,1,0.167333,0.161417,0.180000,25
0,128,8,ql_share_vals,1,0.267750,0.237875,0.270625,25
0,128,8,cpu_vals,1,0.136459,0.071375,0.170542,25
0,128,384,block,1,528.210250,528.191083,528.547292,3
0,128,384,cpu,1,52.040000,51.997625,52.069542,5
0,128,384,tridiag,1,894.440375,894.076334,894.509375,3
0,128,384,block_vals,1,371.901417,371.830146,371.944875,3
0,128,384,cpu_vals,1,24.242542,24.131417,24.333313,7
0,128,384,tridiag_vals,1,804.338042,804.074458,804.526208,3
0,64,12,simd,1,0.273041,0.267625,0.281625,25
0,64,12,tg,1,0.231833,0.228875,0.236042,25
0,64,12,ql,1,0.237000,0.235417,0.238667,25
0,64,12,ql_share,1,0.338834,0.335583,0.344667,25
0,64,12,cpu,1,0.146833,0.122167,0.305416,25
0,64,12,simd_vals,1,0.250750,0.246250,0.255667,25
0,64,12,tg_vals,1,0.201250,0.193459,0.211875,25
0,64,12,ql_vals,1,0.190084,0.182875,0.201291,25
0,64,12,ql_share_vals,1,0.140625,0.128834,0.151334,25
0,64,12,cpu_vals,1,0.154333,0.092083,0.157250,25
0,512,96,tg,1,73.487125,73.394917,73.639458,5
0,512,96,block,1,37.443417,37.374208,37.487042,5
0,512,96,cpu,1,11.368146,11.296062,11.391063,14
0,512,96,tg_vals,1,57.932833,57.506208,58.083167,5
0,512,96,block_vals,1,30.374083,30.342333,30.465625,5
0,512,96,cpu_vals,1,5.983000,5.916708,6.353583,25
0,512,24,simd,1,1.495250,1.442834,1.515291,25
0,512,24,tg,1,1.234417,1.184625,1.287250,25
0,512,24,ql,1,0.634416,0.632542,0.637958,25
0,512,24,ql_share,1,0.992875,0.965375,1.046833,25
0,512,24,cpu,1,0.795417,0.793209,0.809959,25
0,512,24,simd_vals,1,1.308083,1.271583,1.329958,25
0,512,24,tg_vals,1,1.073792,1.058208,1.099458,25
0,512,24,ql_vals,1,0.452792,0.446792,0.455458,25
0,512,24,ql_share_vals,1,0.443792,0.439125,0.494792,25
0,512,24,cpu_vals,1,0.409833,0.329209,0.639041,25
0,2,8,simd,1,0.181083,0.165583,0.196459,25
0,2,8,tg,1,0.185667,0.180542,0.227500,25
0,2,8,ql,1,0.191083,0.173000,0.229542,25
0,2,8,cpu,1,0.007958,0.007750,0.008334,25
0,2,8,simd_vals,1,0.181333,0.170458,0.212292,25
0,2,8,tg_vals,1,0.178875,0.165541,0.196416,25
0,2,8,ql_vals,1,0.172667,0.161208,0.206542,25
0,2,8,cpu_vals,1,0.005083,0.004916,0.006084,25
0,8,1024,block,1,545.695542,545.648584,546.772334,3
0,8,1024,cpu,1,66.327500,65.340042,70.299542,5
0,8,1024,tridiag,1,198.502125,197.993541,198.596000,5
0,8,1024,block_vals,1,331.230292,331.040230,331.285813,3
0,8,1024,cpu_vals,1,27.965542,27.920281,28.046271,6
0,8,1024,tridiag_vals,1,171.567833,171.468333,171.577625,5
0,32,2,simd,1,0.164708,0.157208,0.196334,25
0,32,2,tg,1,0.165833,0.160583,0.178041,25
0,32,2,ql,1,0.166417,0.164750,0.169750,25
0,32,2,cpu,1,0.015667,0.015334,0.016250,25
0,32,2,simd_vals,1,0.165833,0.163209,0.170875,25
0,32,2,tg_vals,1,0.166500,0.154541,0.169833,25
0,32,2,ql_vals,1,0.153542,0.145208,0.162666,25
0,32,2,cpu_vals,1,0.009709,0.009625,0.009833,25
0,4,1536,block,1,965.656250,965.460542,965.943292,3
0,4,1536,cpu,1,123.476709,119.069750,125.353208,5
0,4,1536,tridiag,1,193.928167,193.780625,194.361375,5
0,4,1536,block_vals,1,597.815292,597.745229,598.036563,3
0,4,1536,cpu_vals,1,55.612083,55.593666,55.900167,5
0,4,1536,tridiag_vals,1,163.886083,163.287458,164.248875,5
0,256,64,tg,1,10.344084,10.256958,10.477375,15
0,256,64,block,1,8.135416,8.091145,8.198542,19
0,256,64,ql,1,3.913625,3.877667,3.924084,25
0,256,64,ql_share,1,2.901083,2.828333,2.923667,25
0,256,64,cpu,1,3.132041,2.656000,3.225583,25
0,256,64,tg_vals,1,8.384583,8.362708,8.402718,18
0,256,64,block_vals,1,7.510062,7.458000,7.620323,20
0,256,64,ql_vals,1,2.921917,2.895125,2.929875,25
0,256,64,ql_share_vals,1,2.227208,2.184583,2.591417,25
0,256,64,cpu_vals,1,1.483000,1.146750,1.772125,25
0,1,4096,block,1,4921.611542,4920.691542,4925.072167,3
0,1,4096,cpu,1,2337.697041,2337.080437,2341.644250,3
0,1,4096,tridiag,1,521.764041,520.654583,524.390916,3
0,1,4096,block_vals,1,3289.489584,3289.108417,3291.154000,3
0,1,4096,cpu_vals,1,465.719208,465.387625,468.215937,3
0,1,4096,tridiag_vals,1,388.526959,384.841584,388.811104,3
0,8,192,tg,1,27.731563,27.708583,27.757042,6
0,8,192,block,1,10.012854,9.835802,10.049468,16
0,8,192,cpu,1,1.479667,1.466000,1.497000,25
0,8,192,tridiag,1,26.507625,26.465667,26.560145,6
0,8,192,tg_vals,1,25.718688,25.710823,25.726271,6
0,8,192,block_vals,1,9.494938,9.366115,9.549709,16
0,8,192,cpu_vals,1,0.764125,0.755583,0.769750,25
0,8,192,tridiag_vals,1,23.246667,23.214292,23.292875,7
0,128,96,tg,1,20.320062,20.225917,20.378865,8
0,128,96,block,1,11.300750,11.238822,11.532761,14
0,128,96,cpu,1,3.503458,3.063834,3.527292,25
0,128,96,tg_vals,1,16.382250,16.112615,16.598219,10
0,128,96,block_vals,1,10.529375,10.404166,10.637438,15
0,128,96,cpu_vals,1,1.614000,1.586000,2.174459,25
0,4096,16,simd,1,2.431209,2.386709,2.505125,25
0,4096,16,tg,1,2.397208,2.352042,2.407750,25
0,4096,16,ql,1,1.644583,1.630125,1.671334,25
0,4096,16,ql_share,1,1.452583,1.440375,1.457250,25
0,4096,16,cpu,1,2.609500,2.362292,2.980209,25
0,4096,16,simd_vals,1,2.017500,2.006041,2.032583,25
0,4096,16,tg_vals,1,2.019208,1.972791,2.025125,25
0,4096,16,ql_vals,1,1.065292,1.056208,1.117542,25
0,4096,16,ql_share_vals,1,0.823583,0.818959,0.837875,25
0,4096,16,cpu_vals,1,1.584500,1.097584,1.684416,25
0,8,12,simd,1,0.277292,0.267958,0.996083,25
0,8,12,tg,1,0.218917,0.207625,0.221417,25
0,8,12,ql,1,0.231167,0.225709,0.250416,25
0,8,12,cpu,1,0.042208,0.039375,0.043042,25
0,8,12,simd_vals,1,0.245875,0.238833,0.258416,25
0,8,12,tg_vals,1,0.205750,0.195875,0.213167,25
0,8,12,ql_vals,1,0.189250,0.184792,0.203958,25
0,8,12,cpu_vals,1,0.024875,0.022625,0.029792,25
0,2,64,tg,1,1.301833,1.244875,1.529792,25
0,2,64,block,1,3.205042,3.158792,3.260083,25
0,2,64,ql,1,1.332041,1.300292,1.345042,25
0,2,64,cpu,1,0.164958,0.161458,0.167292,25
0,2,64,tg_vals,1,1.106791,1.102333,1.129750,25
0,2,64,block_vals,1,3.142542,3.120000,3.174833,25
0,2,64,ql_vals,1,1.040416,1.013125,1.079375,25
0,2,64,cpu_vals,1,0.077458,0.075583,0.081625,25
0,1,96,tg,1,3.626125,3.617375,3.629541,25
0,1,96,block,1,4.749666,4.669875,4.837834,25
0,1,96,cpu,1,0.286875,0.286542,0.288208,25
0,1,96,tg_vals,1,3.290250,3.274625,3.299917,25
0,1,96,block_vals,1,4.662792,4.603125,4.765041,25
0,1,96,cpu_vals,1,0.147959,0.146875,0.149042,25
0,512,48,tg,1,7.987834,7.972563,8.107063,19
0,512,48,block,1,12.027958,11.985500,12.111500,13
0,512,48,ql,1,2.559542,2.543750,2.583541,25
0,512,48,ql_share,1,2.027208,2.010916,2.051416,25
0,512,48,cpu,1,2.928667,2.885791,3.493916,25
0,512,48,tg_vals,1,6.979937,6.886469,7.045396,22
0,512,48,block_vals,1,11.259542,11.190906,11.462906,14
0,512,48,ql_vals,1,1.847458,1.812125,1.852000,25
0,512,48,ql_share_vals,1,1.629583,1.589375,1.680750,25
0,512,48,cpu_vals,1,1.938167,1.487625,1.979917,25
0,128,192,tg,1,269.950041,268.472750,270.508125,5
0,128,192,block,1,62.817125,62.755125,62.961042,5
0,128,192,cpu,1,11.774584,11.647916,11.924833,13
0,128,192,tridiag,1,422.396000,421.610166,422.514229,3
0,128,192,tg_vals,1,146.191667,145.834875,148.062750,5
0,128,192,block_vals,1,48.366875,48.173625,48.373042,5
0,128,192,cpu_vals,1,5.811916,5.792000,6.244500,25
0,128,192,tridiag_vals,1,367.976458,367.736854,368.211729,3
0,1,32,simd,1,1.517333,1.490250,1.533250,25
0,1,32,tg,1,0.328458,0.315000,0.329958,25
0,1,32,block,1,2.841208,2.723250,2.883625,25
0,1,32,ql,1,0.542083,0.522542,0.545208,25
0,1,32,cpu,1,0.036500,0.029791,0.036750,25
0,1,32,simd_vals,1,1.381375,1.352750,1.393084,25
0,1,32,tg_vals,1,0.317583,0.302458,0.320916,25
0,1,32,block_vals,1,2.841792,2.758417,2.876000,25
0,1,32,ql_vals,1,0.434042,0.409792,0.465458,25
0,1,32,cpu_vals,1,0.011833,0.011791,0.011875,25
0,32,96,tg,1,5.823833,5.776208,5.836208,25
0,32,96,block,1,5.414917,5.299750,5.535583,25
0,32,96,cpu,1,0.842708,0.836208,0.850833,25
0,32,96,tg_vals,1,5.196542,5.163042,5.204709,25
0,32,96,block_vals,1,5.114042,5.002167,5.197375,25
0,32,96,cpu_vals,1,0.542000,0.475875,0.653208,25
0,128,512,block,1,1217.507125,1217.221438,1217.577730,3
0,128,512,cpu,1,113.672208,112.696042,113.807375,5
0,128,512,tridiag,1,1252.807333,1251.544896,1252.876042,3
0,128,512,block_vals,1,863.480917,862.650584,863.822437,3
0,128,512,cpu_vals,1,45.546750,45.077125,45.735958,5
0,128,512,tridiag_vals,1,1124.324958,1124.265812,1124.450562,3
0,2,24,simd,1,0.768375,0.746416,0.807584,25
0,2,24,tg,1,0.278125,0.261167,0.280750,25
0,2,24,ql,1,0.374917,0.359125,0.400791,25
0,2,24,cpu,1,0.034000,0.033791,0.035083,25
0,2,24,simd_vals,1,0.738959,0.700584,0.776417,25
0,2,24,tg_vals,1,0.258333,0.253375,0.268542,25
0,2,24,ql_vals,1,0.288000,0.282166,0.300916,25
0,2,24,cpu_vals,1,0.018292,0.018084,0.018750,25
0,2048,24,simd,1,3.971500,3.956084,3.990667,25
0,2048,24,tg,1,3.858375,3.831583,3.880292,25
0,2048,24,ql,1,1.788917,1.719583,1.815291,25
0,2048,24,ql_share,1,1.629625,1.558333,1.850791,25
0,2048,24,cpu,1,3.288834,2.944208,3.394500,25
0,2048,24,simd_vals,1,3.327250,3.319500,3.378542,25
0,2048,24,tg_vals,1,3.305959,3.302250,3.313209,25
0,2048,24,ql_vals,1,1.123750,1.086042,1.172250,25
0,2048,24,ql_share_vals,1,0.908666,0.897625,0.926417,25
0,2048,24,cpu_vals,1,1.588667,0.999875,1.694292,25
0,128,4,simd,1,0.170375,0.155667,0.206417,25
0,128,4,tg,1,0.172959,0.162500,0.181667,25
0,128,4,ql,1,0.173208,0.158584,0.177417,25
0,128,4,ql_share,1,0.136708,0.134958,0.169334,25
0,128,4,cpu,1,0.116542,0.111667,0.120916,25
0,128,4,simd_vals,1,0.168292,0.165583,0.174292,25
0,128,4,tg_vals,1,0.153083,0.145542,0.165583,25
0,128,4,ql_vals,1,0.147584,0.143125,0.161250,25
0,128,4,ql_share_vals,1,0.140166,0.126542,0.157959,25
0,128,4,cpu_vals,1,0.066208,0.064709,0.066666,25
0,16,48,tg,1,0.687458,0.675834,0.774792,25
0,16,48,block,1,3.268958,3.220834,3.329250,25
0,16,48,ql,1,0.896417,0.849208,0.943541,25
0,16,48,cpu,1,0.212375,0.206667,0.217667,25
0,16,48,tg_vals,1,0.714292,0.667833,0.729875,25
0,16,48,block_vals,1,3.168709,3.150458,3.207583,25
0,16,48,ql_vals,1,0.763209,0.724875,0.806583,25
0,16,48,cpu_vals,1,0.169667,0.151291,0.543292,25
0,64,256,tg,1,416.099083,414.328916,417.192458,3
0,64,256,block,1,68.759250,68.579125,68.768292,5
0,64,256,cpu,1,12.148083,12.137667,12.330750,13
0,64,256,tridiag,1,285.491250,285.284708,285.649875,5
0,64,256,tg_vals,1,251.109375,251.014542,251.510750,5
0,64,256,block_vals,1,54.162042,54.096666,54.199125,5
0,64,256,cpu_vals,1,5.467250,5.442084,5.503833,25
0,64,256,tridiag_vals,1,255.980333,255.923250,256.008417,5
0,16,8,simd,1,0.187750,0.169625,0.198833,25
0,16,8,tg,1,0.190167,0.173459,0.192792,25
0,16,8,ql,1,0.193417,0.183334,0.197917,25
0,16,8,cpu,1,0.040542,0.040208,0.042750,25
0,16,8,simd_vals,1,0.174667,0.163041,0.178541,25
0,16,8,tg_vals,1,0.169250,0.165958,0.183750,25
0,16,8,ql_vals,1,0.163583,0.157750,0.180167,25
0,16,8,cpu_vals,1,0.021917,0.021792,0.022417,25
0,8,512,tg,1,571.871084,571.770584,571.905813,3
0,8,512,block,1,64.036292,63.536666,64.067416,5
0,8,512,cpu,1,12.296250,12.022416,12.597208,13
0,8,512,tridiag,1,81.070541,80.591875,81.204416,5
0,8,512,tg_vals,1,442.872542,442.858896,443.012563,3
0,8,512,block_vals,1,52.345958,52.321750,52.425041,5
0,8,512,cpu_vals,1,5.750042,5.679500,6.231291,25
0,8,512,tridiag_vals,1,71.898167,71.814167,71.909125,5
0,128,256,block,1,155.223667,154.961917,155.611833,5
0,128,256,cpu,1,22.755458,22.573000,22.804187,7
0,128,256,tridiag,1,572.063292,571.905750,572.463479,3
0,128,256,block_vals,1,109.496666,109.372500,109.616083,5
0,128,256,cpu_vals,1,10.417833,10.210667,10.695021,15
0,128,256,tridiag_vals,1,511.702875,511.480375,511.877480,3
0,1024,12,simd,1,0.534000,0.528959,0.551709,25
0,1024,12,tg,1,0.519250,0.516042,0.525167,25
0,1024,12,ql,1,0.413667,0.411958,0.415875,25
0,1024,12,ql_share,1,0.636959,0.584458,0.685875,25
0,1024,12,cpu,1,0.451292,0.448500,0.456917,25
0,1024,12,simd_vals,1,0.461917,0.457083,0.470250,25
0,1024,12,tg_vals,1,0.457333,0.454625,0.465209,25
0,1024,12,ql_vals,1,0.317458,0.308666,0.319958,25
0,1024,12,ql_share_vals,1,0.327375,0.323500,0.336291,25
0,1024,12,cpu_vals,1,0.263875,0.227458,0.622292,25
0,8,256,tg,1,62.531500,62.518542,62.537625,5
0,8,256,block,1,14.841875,14.790750,14.847292,11
0,8,256,cpu,1,2.709750,2.687417,2.755250,25
0,8,256,tridiag,1,35.953625,35.857417,35.969958,5
0,8,256,tg_vals,1,60.276208,60.272166,60.286792,5
0,8,256,block_vals,1,13.348771,13.303104,13.426823,12
0,8,256,cpu_vals,1,1.347958,1.340250,1.356042,25
0,8,256,tridiag_vals,1,31.993959,31.988042,32.091791,5
0,8,8,simd,1,0.163875,0.155875,0.184334,25
0,8,8,tg,1,0.157416,0.151875,0.167583,25
0,8,8,ql,1,0.167500,0.166125,0.183959,25
0,8,8,cpu,1,0.026292,0.024667,0.032542,25
0,8,8,simd_vals,1,0.160416,0.155958,0.172083,25
0,8,8,tg_vals,1,0.162917,0.154667,0.172375,25
0,8,8,ql_vals,1,0.157459,0.150166,0.168083,25
0,8,8,cpu_vals,1,0.024583,0.022209,0.025084,25
0,2,128,tg,1,7.970375,7.953708,7.981459,19
0,2,128,block,1,5.764500,5.720041,5.841708,25
0,2,128,cpu,1,0.538875,0.536000,0.542334,25
0,2,128,tridiag,1,4.155875,4.144458,4.181416,25
0,2,128,tg_vals,1,7.204375,7.195708,7.217458,21
0,2,128,block_vals,1,5.770291,5.721292,5.872500,25
0,2,128,cpu_vals,1,0.288333,0.285625,0.291625,25
0,2,128,tridiag_vals,1,3.691209,3.685584,3.697583,25
0,256,48,tg,1,4.249209,4.216334,4.297500,25
0,256,48,block,1,7.582854,7.462552,7.625438,20
0,256,48,ql,1,1.732292,1.721375,1.740334,25
0,256,48,ql_share,1,1.076584,1.070084,1.093459,25
0,256,48,cpu,1,1.560083,1.512334,1.588584,25
0,256,48,tg_vals,1,3.745875,3.736833,3.761833,25
0,256,48,block_vals,1,7.218041,7.137000,7.272083,21
0,256,48,ql_vals,1,1.278375,1.254500,1.309167,25
0,256,48,ql_share_vals,1,0.842208,0.837792,0.880791,25
0,256,48,cpu_vals,1,0.692667,0.671583,0.721167,25
0,8,768,block,1,215.313250,215.251208,215.481958,5
0,8,768,cpu,1,27.530771,27.158520,28.515615,6
0,8,768,tridiag,1,131.724417,131.600834,131.880250,5
0,8,768,block_vals,1,147.477458,147.407500,147.524167,5
0,8,768,cpu_vals,1,13.746250,13.465146,14.029479,11
0,8,768,tridiag_vals,1,116.547875,116.450250,116.571375,5
0,8,48,tg,1,0.759041,0.680667,0.782500,25
0,8,48,block,1,3.120500,3.102500,3.152541,25
0,8,48,ql,1,0.874084,0.838708,0.911958,25
0,8,48,cpu,1,0.201709,0.188250,0.203500,25
0,8,48,tg_vals,1,0.696083,0.644208,0.717125,25
0,8,48,block_vals,1,3.073334,3.037834,3.117500,25
0,8,48,ql_vals,1,0.692500,0.681042,0.703667,25
0,8,48,cpu_vals,1,0.092375,0.089583,0.100500,25
0,4096,2,simd,1,0.199875,0.195708,0.202041,25
0,4096,2,tg,1,0.196666,0.190209,0.200291,25
0,4096,2,ql,1,0.194750,0.188208,0.210542,25
0,4096,2,ql_share,1,0.314625,0.308208,0.328166,25
0,4096,2,cpu,1,0.194041,0.188875,0.215250,25
0,4096,2,simd_vals,1,0.183708,0.169583,0.186500,25
0,4096,2,tg_vals,1,0.187167,0.178000,0.192042,25
0,4096,2,ql_vals,1,0.178833,0.166917,0.184167,25
0,4096,2,ql_share_vals,1,0.271167,0.249292,0.295250,25
0,4096,2,cpu_vals,1,0.134791,0.129166,0.148250,25
0,8,32,simd,1,1.737709,1.711084,1.743292,25
0,8,32,tg,1,0.372000,0.369583,0.374875,25
0,8,32,block,1,2.784292,2.738125,2.798209,25
0,8,32,ql,1,0.516666,0.508250,0.529666,25
0,8,32,cpu,1,0.088792,0.086750,0.094291,25
0,8,32,simd_vals,1,1.573500,1.554375,1.593291,25
0,8,32,tg_vals,1,0.356417,0.354833,0.359625,25
0,8,32,block_vals,1,2.782917,2.717458,2.814584,25
0,8,32,ql_vals,1,0.386292,0.381583,0.392333,25
0,8,32,cpu_vals,1,0.054833,0.048875,0.061125,25
0,4096,24,simd,1,7.610771,7.586740,7.669458,20
0,4096,24,tg,1,7.499376,7.458032,7.535156,20
0,4096,24,ql,1,3.208417,3.182458,3.237666,25
0,4096,24,ql_share,1,2.650959,2.636875,2.691541,25
0,4096,24,cpu,1,5.780333,5.673917,5.893208,25
0,4096,24,simd_vals,1,6.309417,6.288771,6.331927,24
0,4096,24,tg_vals,1,6.240500,6.220375,6.252416,25
0,4096,24,ql_vals,1,1.957167,1.912500,1.960791,25
0,4096,24,ql_share_vals,1,1.414584,1.393917,1.427791,25
0,4096,24,cpu_vals,1,2.113750,2.078041,2.512334,25
0,32,16,simd,1,0.863333,0.827625,1.057583,25
0,32,16,tg,1,0.313625,0.310041,0.322667,25
0,32,16,ql,1,0.367792,0.336042,0.373542,25
0,32,16,cpu,1,0.123584,0.098458,0.302292,25
0,32,16,simd_vals,1,0.391084,0.369167,0.413625,25
0,32,16,tg_vals,1,0.257042,0.254625,0.259666,25
0,32,16,ql_vals,1,0.249583,0.242916,0.256209,25
0,32,16,cpu_vals,1,0.114500,0.066583,0.119958,25
0,4,384,tg,1,218.199875,218.159292,218.209875,5
0,4,384,block,1,25.050188,24.953667,25.113896,6
0,4,384,cpu,1,5.032833,4.984792,5.192959,25
0,4,384,tridiag,1,29.257000,29.124938,29.288407,6
0,4,384,tg_vals,1,190.187125,190.187000,190.237916,5
0,4,384,block_vals,1,22.790167,22.778500,22.803833,7
0,4,384,cpu_vals,1,2.584250,2.574083,2.602834,25
0,4,384,tridiag_vals,1,25.990501,25.957573,26.008146,6
0,32,48,tg,1,1.017500,0.948375,1.051167,25
0,32,48,block,1,3.381417,3.343041,3.405333,25
0,32,48,ql,1,0.914459,0.856459,0.961791,25
0,32,48,cpu,1,0.308625,0.305667,0.315708,25
0,32,48,tg_vals,1,0.889834,0.855125,0.930708,25
0,32,48,block_vals,1,3.262250,3.236083,3.307708,25
0,32,48,ql_vals,1,0.752250,0.718584,0.794708,25
0,32,48,cpu_vals,1,0.168333,0.161458,0.177500,25
0,32,8,simd,1,0.190042,0.166208,0.209625,25
0,32,8,tg,1,0.190750,0.182250,0.196208,25
0,32,8,ql,1,0.193208,0.173833,0.197833,25
0,32,8,cpu,1,0.078250,0.076625,0.081166,25
0,32,8,simd_vals,1,0.173084,0.164417,0.184958,25
0,32,8,tg_vals,1,0.169125,0.166041,0.186333,25
0,32,8,ql_vals,1,0.170125,0.158750,0.177917,25
0,32,8,cpu_vals,1,0.041292,0.040833,0.042959,25
0,128,24,simd,1,0.880125,0.824458,0.899209,25
0,128,24,tg,1,0.494917,0.486625,0.514666,25
0,128,24,ql,1,0.417792,0.411708,0.512209,25
0,128,24,ql_share,1,0.512083,0.507417,0.526333,25
0,128,24,cpu,1,0.278709,0.274875,0.293500,25
0,128,24,simd_vals,1,0.713625,0.702167,0.785333,25
0,128,24,tg_vals,1,0.449875,0.441916,0.455042,25
0,128,24,ql_vals,1,0.326958,0.325334,0.330084,25
0,128,24,ql_share_vals,1,0.427709,0.419917,0.434000,25
0,128,24,cpu_vals,1,0.161792,0.153583,0.167583,25
0,128,16,simd,1,0.397042,0.391666,0.414625,25
0,128,16,tg,1,0.277500,0.274416,0.279709,25
0,128,16,ql,1,0.284625,0.282167,0.288250,25
0,128,16,ql_share,1,0.388667,0.382792,0.393084,25
0,128,16,cpu,1,0.171958,0.166209,0.176791,25
0,128,16,simd_vals,1,0.335167,0.319458,0.339416,25
0,128,16,tg_vals,1,0.244917,0.239542,0.258666,25
0,128,16,ql_vals,1,0.243000,0.241250,0.244834,25
0,128,16,ql_share_vals,1,0.350125,0.344584,0.353875,25
0,128,16,cpu_vals,1,0.141333,0.119375,0.227375,25
0,4,512,tg,1,538.572542,538.538521,538.595188,3
0,4,512,block,1,43.296959,42.997792,43.738791,5
0,4,512,cpu,1,10.036459,10.016812,10.316541,15
0,4,512,tridiag,1,41.474500,41.464750,41.583083,5
0,4,512,tg_vals,1,442.815000,442.744895,442.840417,3
0,4,512,block_vals,1,38.592375,38.456916,38.816666,5
0,4,512,cpu_vals,1,4.775000,4.751208,4.793917,25
0,4,512,tridiag_vals,1,36.666084,36.634500,36.784083,5
0,4,96,tg,1,3.638166,3.630375,3.650708,25
0,4,96,block,1,4.767875,4.672542,4.851708,25
0,4,96,cpu,1,0.328250,0.326291,0.334833,25
0,4,96,tg_vals,1,3.304625,3.288334,3.312125,25
0,4,96,block_vals,1,4.681167,4.583125,4.797583,25
0,4,96,cpu_vals,1,0.182000,0.179458,0.183500,25
0,512,4,simd,1,0.182459,0.180000,0.211291,25
0,512,4,tg,1,0.192458,0.188459,0.195875,25
0,512,4,ql,1,0.180792,0.175000,0.185375,25
0,512,4,ql_share,1,0.307917,0.303292,0.316334,25
0,512,4,cpu,1,0.247375,0.139583,0.420042,25
0,512,4,simd_vals,1,0.157583,0.154333,0.174417,25
0,512,4,tg_vals,1,0.163417,0.154709,0.172166,25
0,512,4,ql_vals,1,0.157459,0.147208,0.169958,25
0,512,4,ql_share_vals,1,0.301333,0.290208,0.314000,25
0,512,4,cpu_vals,1,0.181125,0.103125,0.226416,25
0,4,4,simd,1,0.168208,0.148292,0.256375,25
0,4,4,tg,1,0.149291,0.146542,0.172500,25
0,4,4,ql,1,0.150667,0.145875,0.164750,25
0,4,4,cpu,1,0.009875,0.008083,0.012667,25
0,4,4,simd_vals,1,0.169875,0.162041,0.206166,25
0,4,4,tg_vals,1,0.160000,0.151791,0.187708,25
0,4,4,ql_vals,1,0.149333,0.145250,0.194250,25
0,4,4,cpu_vals,1,0.006708,0.005417,0.008292,25
0,64,128,tg,1,27.119979,26.995250,28.322021,6
0,64,128,block,1,12.343792,12.263083,12.453667,13
0,64,128,cpu,1,3.445667,2.870125,3.561458,25
0,64,128,tridiag,1,135.575917,135.363916,135.805875,5
0,64,128,tg_vals,1,25.208437,25.127396,26.426636,6
0,64,128,block_vals,1,11.320355,11.215605,11.388990,14
0,64,128,cpu_vals,1,1.368667,1.356667,1.377250,25
0,64,128,tridiag_vals,1,116.111000,115.916959,116.218542,5
0,1,2048,block,1,553.478458,553.428604,553.609146,3
0,1,2048,cpu,1,230.696667,230.660250,231.025834,5
0,1,2048,tridiag,1,120.292542,120.021750,120.918959,5
0,1,2048,block_vals,1,403.553167,403.529105,403.623312,3
0,1,2048,cpu_vals,1,81.349875,81.196250,81.675542,5
0,1,2048,tridiag_vals,1,85.968042,85.612625,86.444625,5
0,2,12,simd,1,0.254208,0.243667,0.264667,25
0,2,12,tg,1,0.212667,0.203125,0.219250,25
0,2,12,ql,1,0.250292,0.223500,0.263875,25
0,2,12,cpu,1,0.018417,0.014958,0.020792,25
0,2,12,simd_vals,1,0.239667,0.226708,0.244959,25
0,2,12,tg_vals,1,0.208459,0.197750,0.212333,25
0,2,12,ql_vals,1,0.220625,0.193458,0.250625,25
0,2,12,cpu_vals,1,0.007084,0.007000,0.007292,25
0,32,512,block,1,277.058125,276.393542,277.542375,5
0,32,512,cpu,1,30.753625,30.627084,30.772042,5
0,32,512,tridiag,1,312.982542,312.876750,313.388396,3
0,32,512,block_vals,1,181.719291,181.627667,182.270625,5
0,32,512,cpu_vals,1,13.830000,13.707125,14.037750,11
0,32,512,tridiag_vals,1,281.540083,280.877750,281.609667,5
0,64,192,tg,1,142.551750,141.836125,142.571209,5
0,64,192,block,1,31.121542,30.973333,31.404125,5
0,64,192,cpu,1,6.474166,6.284334,6.973521,23
0,64,192,tridiag,1,210.506916,210.338917,210.543334,5
0,64,192,tg_vals,1,83.457333,83.059208,83.475917,5
0,64,192,block_vals,1,27.342166,27.298687,27.364114,6
0,64,192,cpu_vals,1,3.537834,3.052583,3.595750,25
0,64,192,tridiag_vals,1,184.004166,183.973583,184.005291,5
0,1,1536,block,1,244.680500,244.646791,244.865125,5
0,1,1536,cpu,1,98.069917,97.996875,98.188083,5
0,1,1536,tridiag,1,67.383208,67.353834,67.882208,5
0,1,1536,block_vals,1,202.938000,202.569083,202.998000,5
0,1,1536,cpu_vals,1,42.676916,42.626958,42.685250,5
0,1,1536,tridiag_vals,1,49.542167,49.536875,49.758416,5
0,512,8,simd,1,0.238834,0.233250,0.256125,25
0,512,8,tg,1,0.240583,0.238125,0.242875,25
0,512,8,ql,1,0.240208,0.237792,0.244541,25
0,512,8,ql_share,1,0.361083,0.354792,0.369916,25
0,512,8,cpu,1,0.180750,0.178292,0.185292,25
0,512,8,simd_vals,1,0.218458,0.205583,0.224667,25
0,512,8,tg_vals,1,0.217375,0.210833,0.219292,25
0,512,8,ql_vals,1,0.201500,0.189667,0.207000,25
0,512,8,ql_share_vals,1,0.324625,0.315375,0.331708,25
0,512,8,cpu_vals,1,0.140417,0.134542,0.141792,25
0,1,512,tg,1,473.804416,473.682646,473.830999,3
0,1,512,block,1,29.981604,29.961563,30.023271,6
0,1,512,cpu,1,8.983792,8.770625,9.071250,17
0,1,512,tridiag,1,13.086834,13.021469,13.105750,12
0,1,512,tg_vals,1,443.647625,443.637916,443.665855,3
0,1,512,block_vals,1,28.222084,27.921136,28.311375,6
0,1,512,cpu_vals,1,4.433375,4.404834,4.451250,25
0,1,512,tridiag_vals,1,10.487000,10.425479,10.522500,15
0,64,32,simd,1,1.761875,1.721000,1.774500,25
0,64,32,tg,1,0.590833,0.588083,0.596458,25
0,64,32,block,1,2.720333,2.684291,2.745334,25
0,64,32,ql,1,0.543292,0.528666,0.551417,25
0,64,32,ql_share,1,0.665500,0.656916,0.696000,25
0,64,32,cpu,1,0.249959,0.243459,0.253583,25
0,64,32,simd_vals,1,1.581041,1.559875,1.587583,25
0,64,32,tg_vals,1,0.540708,0.536250,0.546833,25
0,64,32,block_vals,1,2.786666,2.733000,2.837959,25
0,64,32,ql_vals,1,0.388834,0.386000,0.398458,25
0,64,32,ql_share_vals,1,0.515583,0.507916,0.562958,25
0,64,32,cpu_vals,1,0.153791,0.148500,0.158208,25
0,2,4,simd,1,0.155416,0.149833,0.228583,25
0,2,4,tg,1,0.175000,0.153042,0.215208,25
0,2,4,ql,1,0.171708,0.158875,0.217250,25
0,2,4,cpu,1,0.004709,0.003833,0.005666,25
0,2,4,simd_vals,1,0.173541,0.150334,0.229542,25
0,2,4,tg_vals,1,0.163334,0.146625,0.212500,25
0,2,4,ql_vals,1,0.158083,0.147667,0.228833,25
0,2,4,cpu_vals,1,0.004209,0.003167,0.007167,25
0,4,48,tg,1,0.748625,0.717250,0.769625,25
0,4,48,block,1,3.154209,3.110084,3.232875,25
0,4,48,ql,1,0.859125,0.833125,0.870334,25
0,4,48,cpu,1,0.101709,0.100708,0.104375,25
0,4,48,tg_vals,1,0.676708,0.642041,0.720542,25
0,4,48,block_vals,1,3.099375,3.059750,3.128167,25
0,4,48,ql_vals,1,0.712833,0.702458,0.786542,25
0,4,48,cpu_vals,1,0.056250,0.055791,0.056791,25
0,1,48,tg,1,0.727000,0.700792,0.770667,25
0,1,48,block,1,3.124584,3.109583,3.157958,25
0,1,48,ql,1,0.855250,0.824541,0.871583,25
0,1,48,cpu,1,0.078083,0.077791,0.078458,25
0,1,48,tg_vals,1,0.701375,0.642958,0.724042,25
0,1,48,block_vals,1,3.094250,3.049584,3.133709,25
0,1,48,ql_vals,1,0.758250,0.712250,0.792125,25
0,1,48,cpu_vals,1,0.034083,0.033958,0.034417,25
0,256,256,block,1,313.504041,313.209271,313.581333,3
0,256,256,cpu,1,44.331750,44.230833,44.435166,5
0,256,256,tridiag,1,1137.673167,1136.799750,1137.786938,3
0,256,256,block_vals,1,239.122542,239.024875,239.419667,5
0,256,256,cpu_vals,1,20.759521,20.494531,21.110333,8
0,256,256,tridiag_vals,1,1020.756166,1020.231395,1020.760583,3
0,2048,64,tg,1,76.875125,74.847000,76.992375,5
0,2048,64,block,1,49.624708,49.614625,49.677083,5
0,2048,64,ql,1,23.018166,22.968333,23.085875,7
0,2048,64,ql_share,1,12.523333,12.238094,12.660343,12
0,2048,64,cpu,1,19.210833,19.066666,19.425573,8
0,2048,64,tg_vals,1,65.075459,65.023667,65.150708,5
0,2048,64,block_vals,1,43.595125,43.522709,43.611875,5
0,2048,64,ql_vals,1,16.691375,16.628291,16.705459,9
0,2048,64,ql_share_vals,1,6.091500,6.054833,6.116500,25
0,2048,64,cpu_vals,1,8.069708,7.925042,8.165416,19
0,1,64,tg,1,1.254708,1.212875,1.286375,25
0,1,64,block,1,3.225334,3.171291,3.253125,25
0,1,64,ql,1,1.334709,1.319333,1.351625,25
0,1,64,cpu,1,0.144208,0.142000,0.148333,25
0,1,64,tg_vals,1,1.117916,1.106709,1.156125,25
0,1,64,block_vals,1,3.132834,3.110792,3.152167,25
0,1,64,ql_vals,1,1.054041,1.028500,1.063958,25
0,1,64,cpu_vals,1,0.061334,0.061167,0.061625,25
0,2048,128,block,1,329.434875,329.031062,329.444083,3
0,2048,128,cpu,1,74.067125,73.322542,75.970209,5
0,2048,128,block_vals,1,273.549750,273.198875,273.627625,5
0,2048,128,cpu_vals,1,38.185458,38.073667,38.461333,5
0,4,32,simd,1,1.731083,1.713375,1.786417,25
0,4,32,tg,1,0.364875,0.361792,0.366708,25
0,4,32,block,1,3.063875,2.975209,3.237916,25
0,4,32,ql,1,0.544250,0.536833,0.551416,25
0,4,32,cpu,1,0.054875,0.053708,0.056292,25
0,4,32,simd_vals,1,1.576666,1.562625,1.587542,25
0,4,32,tg_vals,1,0.353875,0.339334,0.356042,25
0,4,32,block_vals,1,3.226084,3.116584,3.361708,25
0,4,32,ql_vals,1,0.432208,0.423792,0.495375,25
0,4,32,cpu_vals,1,0.035250,0.034667,0.036500,25
0,2048,12,simd,1,0.877917,0.809458,0.933000,25
0,2048,12,tg,1,0.868334,0.818708,0.916458,25
0,2048,12,ql,1,0.630167,0.622042,0.634709,25
0,2048,12,ql_share,1,0.693917,0.674625,0.717708,25
0,2048,12,cpu,1,0.791791,0.736833,0.848458,25
0,2048,12,simd_vals,1,0.718250,0.705375,0.797959,25
0,2048,12,tg_vals,1,0.702875,0.695250,0.769375,25
0,2048,12,ql_vals,1,0.444125,0.439958,0.450625,25
0,2048,12,ql_share_vals,1,0.395417,0.390042,0.414917,25
0,2048,12,cpu_vals,1,0.396458,0.386667,0.642834,25
0,1,16,simd,1,0.499958,0.467083,0.525041,25
0,1,16,tg,1,0.239250,0.227083,0.247542,25
0,1,16,ql,1,0.259542,0.254750,0.266000,25
0,1,16,cpu,1,0.010333,0.010250,0.010541,25
0,1,16,simd_vals,1,0.327334,0.310542,0.330792,25
0,1,16,tg_vals,1,0.217250,0.211459,0.233875,25
0,1,16,ql_vals,1,0.234792,0.218542,0.263625,25
0,1,16,cpu_vals,1,0.004625,0.004458,0.004875,25
0,64,4,simd,1,0.171000,0.156417,0.184250,25
0,64,4,tg,1,0.171875,0.157209,0.188750,25
0,64,4,ql,1,0.179708,0.169375,0.195833,25
0,64,4,ql_share,1,0.137125,0.126208,0.147333,25
0,64,4,cpu,1,0.065250,0.064500,0.066000,25
0,64,4,simd_vals,1,0.149334,0.143958,0.163292,25
0,64,4,tg_vals,1,0.147958,0.144833,0.155667,25
0,64,4,ql_vals,1,0.146959,0.141333,0.162375,25
0,64,4,ql_share_vals,1,0.140875,0.133875,0.145750,25
0,64,4,cpu_vals,1,0.038834,0.038458,0.040916,25
0,512,128,tg,1,173.616250,170.882583,175.869875,5
0,512,128,block,1,84.851916,84.835792,84.971542,5
0,512,128,cpu,1,20.092645,19.967677,20.343083,8
0,512,128,tridiag,1,1079.987000,1078.777605,1080.332271,3
0,512,128,tg_vals,1,152.713917,151.522541,155.686292,5
0,512,128,block_vals,1,67.451417,67.350917,67.500000,5
0,512,128,cpu_vals,1,10.030167,9.952209,10.170458,15
0,512,128,tridiag_vals,1,919.709083,919.648666,919.710063,3
0,128,12,simd,1,0.284708,0.277333,0.294958,25
0,128,12,tg,1,0.237084,0.232584,0.239625,25
0,128,12,ql,1,0.240875,0.235125,0.242458,25
0,128,12,ql_share,1,0.341500,0.336250,0.346083,25
0,128,12,cpu,1,0.142167,0.138125,0.144917,25
0,128,12,simd_vals,1,0.250625,0.243375,0.260750,25
0,128,12,tg_vals,1,0.198583,0.192792,0.216458,25
0,128,12,ql_vals,1,0.184458,0.181625,0.191625,25
0,128,12,ql_share_vals,1,0.268458,0.265000,0.275750,25
0,128,12,cpu_vals,1,0.094875,0.087708,0.111458,25
0,8,4,simd,1,0.151000,0.145958,0.164916,25
0,8,4,tg,1,0.149167,0.142208,0.154792,25
0,8,4,ql,1,0.154708,0.147375,0.167958,25
0,8,4,cpu,1,0.020583,0.018666,0.023875,25
0,8,4,simd_vals,1,0.155875,0.145750,0.188208,25
0,8,4,tg_vals,1,0.149875,0.146208,0.152500,25
0,8,4,ql_vals,1,0.144291,0.142292,0.154209,25
0,8,4,cpu_vals,1,0.005708,0.005333,0.005833,25
0,32,4,simd,1,0.146209,0.144666,0.164458,25
0,32,4,tg,1,0.147500,0.145417,0.151167,25
0,32,4,ql,1,0.150875,0.146166,0.166041,25
0,32,4,cpu,1,0.031333,0.030500,0.032708,25
0,32,4,simd_vals,1,0.145792,0.142291,0.150458,25
0,32,4,tg_vals,1,0.148834,0.140500,0.155459,25
0,32,4,ql_vals,1,0.144584,0.137417,0.149167,25
0,32,4,cpu_vals,1,0.019000,0.018875,0.019333,25
0,32,64,tg,1,1.851125,1.839500,1.948708,25
0,32,64,block,1,3.481500,3.447208,3.532292,25
0,32,64,ql,1,1.418375,1.410166,1.423458,25
0,32,64,cpu,1,0.463750,0.452542,0.491708,25
0,32,64,tg_vals,1,1.647000,1.619500,1.660250,25
0,32,64,block_vals,1,3.328542,3.292458,3.385542,25
0,32,64,ql_vals,1,1.127500,1.105083,1.147250,25
0,32,64,cpu_vals,1,0.235000,0.210375,0.270083,25
0,1024,96,tg,1,147.944292,147.904792,148.207167,5
0,1024,96,block,1,76.468042,76.341542,76.687542,5
0,1024,96,cpu,1,22.239959,21.717709,22.531792,7
0,1024,96,tg_vals,1,113.982959,113.960875,113.991542,5
0,1024,96,block_vals,1,64.301125,64.259500,64.501917,5
0,1024,96,cpu_vals,1,11.393459,11.328031,11.469083,14
0,2,48,tg,1,0.807292,0.731333,1.191708,25
0,2,48,block,1,3.331209,3.241792,3.410875,25
0,2,48,ql,1,0.887833,0.852292,0.929792,25
0,2,48,cpu,1,0.099292,0.097750,0.102000,25
0,2,48,tg_vals,1,0.668000,0.638666,0.714916,25
0,2,48,block_vals,1,3.113458,3.068750,3.136292,25
0,2,48,ql_vals,1,0.733292,0.702459,0.780917,25
0,2,48,cpu_vals,1,0.055583,0.054541,0.056250,25
0,4096,64,tg,1,153.844334,153.826375,154.886500,5
0,4096,64,block,1,96.216417,96.187916,96.224500,5
0,4096,64,ql,1,44.666542,44.646792,44.679625,5
0,4096,64,ql_share,1,23.538875,23.525458,23.799167,7
0,4096,64,cpu,1,37.305708,37.094375,38.141542,5
0,4096,64,tg_vals,1,130.633833,130.390667,130.878916,5
0,4096,64,block_vals,1,84.616292,84.609291,84.722542,5
0,4096,64,ql_vals,1,32.461750,32.450334,32.502458,5
0,4096,64,ql_share_vals,1,11.577437,11.408563,11.643218,14
0,4096,64,cpu_vals,1,16.726500,16.208833,17.285000,9
0,32,12,simd,1,0.684167,0.443667,0.971042,25
0,32,12,tg,1,0.311542,0.291875,0.321958,25
0,32,12,ql,1,0.228833,0.223666,0.234500,25
0,32,12,cpu,1,0.072542,0.068250,0.118541,25
0,32,12,simd_vals,1,0.251625,0.245583,0.257292,25
0,32,12,tg_vals,1,0.212291,0.202209,0.218584,25
0,32,12,ql_vals,1,0.187750,0.184000,0.202209,25
0,32,12,cpu_vals,1,0.079417,0.053833,0.080875,25
0,4,1024,block,1,236.451292,236.400458,236.758458,5
0,4,1024,cpu,1,48.284625,48.031459,48.454208,5
0,4,1024,tridiag,1,103.121125,102.903667,103.346792,5
0,4,1024,block_vals,1,168.951916,168.656084,168.999084,5
0,4,1024,cpu_vals,1,22.888292,22.695521,23.494480,7
0,4,1024,tridiag_vals,1,88.503042,88.119208,88.533458,5
0,2,96,tg,1,3.632750,3.615875,3.637750,25
0,2,96,block,1,4.726083,4.670583,4.805042,25
0,2,96,cpu,1,0.309750,0.304000,0.314458,25
0,2,96,tg_vals,1,3.303041,3.280334,3.308541,25
0,2,96,block_vals,1,4.676041,4.552625,4.787750,25
0,2,96,cpu_vals,1,0.167500,0.166667,0.169125,25
0,64,64,tg,1,3.288334,3.279666,3.297167,25
0,64,64,block,1,3.897125,3.854334,3.938625,25
0,64,64,ql,1,1.461625,1.432333,1.473750,25
0,64,64,ql_share,1,1.585375,1.548917,1.625709,25
0,64,64,cpu,1,0.723541,0.713750,0.743833,25
0,64,64,tg_vals,1,2.924834,2.900250,2.934208,25
0,64,64,block_vals,1,3.664709,3.636042,3.769917,25
0,64,64,ql_vals,1,1.152125,1.130125,1.180125,25
0,64,64,ql_share_vals,1,1.265875,1.233792,1.299458,25
0,64,64,cpu_vals,1,0.385917,0.343667,0.607250,25
0,2048,8,simd,1,0.383959,0.371417,0.410917,25
0,2048,8,tg,1,0.383625,0.376542,0.391541,25
0,2048,8,ql,1,0.389500,0.383667,0.394833,25
0,2048,8,ql_share,1,0.497625,0.490167,0.520250,25
0,2048,8,cpu,1,0.479875,0.431833,0.550583,25
0,2048,8,simd_vals,1,0.328375,0.325000,0.335625,25
0,2048,8,tg_vals,1,0.331708,0.329292,0.335958,25
0,2048,8,ql_vals,1,0.300000,0.297708,0.306584,25
0,2048,8,ql_share_vals,1,0.326708,0.315375,0.368459,25
0,2048,8,cpu_vals,1,0.265625,0.248250,0.620917,25
0,256,128,tg,1,85.820041,85.790625,86.348041,5
0,256,128,block,1,40.536667,40.518375,40.539708,5
0,256,128,cpu,1,10.119416,10.061708,10.487438,15
0,256,128,tridiag,1,541.195500,540.802104,541.311729,3
0,256,128,tg_vals,1,86.250500,83.362333,86.276166,5
0,256,128,block_vals,1,32.962875,32.904792,33.013125,5
0,256,128,cpu_vals,1,5.429625,5.087250,5.598292,25
0,256,128,tridiag_vals,1,460.313750,460.301500,461.175979,3
0,256,2,simd,1,0.162250,0.151666,0.169666,25
0,256,2,tg,1,0.141667,0.136666,0.158042,25
0,256,2,ql,1,0.140000,0.136708,0.150875,25
0,256,2,ql_share,1,0.275959,0.257917,0.292042,25
0,256,2,cpu,1,0.099750,0.096875,0.102917,25
0,256,2,simd_vals,1,0.143208,0.137667,0.161625,25
0,256,2,tg_vals,1,0.142917,0.137917,0.152917,25
0,256,2,ql_vals,1,0.145125,0.139166,0.154750,25
0,256,2,ql_share_vals,1,0.258375,0.248542,0.272250,25
0,256,2,cpu_vals,1,0.050041,0.049584,0.051084,25
0,512,192,block,1,274.537709,274.509917,274.778875,5
0,512,192,cpu,1,44.710625,44.048875,45.191416,5
0,512,192,block_vals,1,214.164792,214.053500,214.245875,5
0,512,192,cpu_vals,1,23.065500,22.917979,23.631395,7
0,128,32,simd,1,1.831334,1.780167,1.874333,25
0,128,32,tg,1,0.996042,0.942125,1.028666,25
0,128,32,block,1,3.131500,3.084042,3.172083,25
0,128,32,ql,1,0.584709,0.578000,0.586959,25
0,128,32,ql_share,1,0.681958,0.678875,0.691333,25
0,128,32,cpu,1,0.409625,0.405375,0.416792,25
0,128,32,simd_vals,1,1.628542,1.578334,1.639250,25
0,128,32,tg_vals,1,0.886000,0.850292,0.918125,25
0,128,32,block_vals,1,2.998125,2.976166,3.042625,25
0,128,32,ql_vals,1,0.442166,0.431959,0.498541,25
0,128,32,ql_share_vals,1,0.535458,0.524459,0.547542,25
0,128,32,cpu_vals,1,0.209125,0.189500,0.216917,25
0,1024,32,simd,1,7.016250,6.981958,7.079688,22
0,1024,32,tg,1,4.536708,4.509417,4.574958,25
0,1024,32,block,1,6.476230,6.434625,6.491562,24
0,1024,32,ql,1,1.682208,1.672042,1.702792,25
0,1024,32,ql_share,1,1.500709,1.485166,1.509750,25
0,1024,32,cpu,1,2.416833,2.378833,2.443000,25
0,1024,32,simd_vals,1,4.472041,4.421959,4.487667,25
0,1024,32,tg_vals,1,3.934625,3.900583,3.960125,25
0,1024,32,block_vals,1,6.126750,6.044250,6.221708,25
0,1024,32,ql_vals,1,1.050875,1.010917,1.097625,25
0,1024,32,ql_share_vals,1,0.994958,0.969125,1.013834,25
0,1024,32,cpu_vals,1,0.984500,0.941208,1.545417,25
1,4,2,simd,1,0.201167,0.185209,0.215000,25
1,4,2,tg,1,0.210166,0.194375,0.215541,25
1,4,2,ql,1,0.210583,0.199208,0.212334,25
1,4,2,cpu,1,0.005791,0.004916,0.007875,25
1,4,2,simd_vals,1,0.163916,0.151416,0.167167,25
1,4,2,tg_vals,1,0.161375,0.151250,0.165334,25
1,4,2,ql_vals,1,0.161375,0.150584,0.186042,25
1,4,2,cpu_vals,1,0.005583,0.004250,0.008542,25
1,1024,8,simd,1,0.733667,0.642208,0.791792,25
1,1024,8,tg,1,0.283500,0.278875,0.285458,25
1,1024,8,ql,1,0.287791,0.285834,0.290125,25
1,1024,8,ql_share,1,0.381292,0.374625,0.385916,25
1,1024,8,cpu,1,0.281542,0.280250,0.285042,25
1,1024,8,simd_vals,1,0.255833,0.252375,0.258500,25
1,1024,8,tg_vals,1,0.254333,0.250500,0.255709,25
1,1024,8,ql_vals,1,0.234791,0.220208,0.237084,25
1,1024,8,ql_share_vals,1,0.328500,0.323042,0.339250,25
1,1024,8,cpu_vals,1,0.184291,0.174208,0.194875,25
1,4096,12,simd,1,1.456625,1.441625,1.501458,25
1,4096,12,tg,1,1.443584,1.395334,1.486583,25
1,4096,12,ql,1,1.103292,1.081834,1.128083,25
1,4096,12,ql_share,1,0.959000,0.953750,0.974708,25
1,4096,12,cpu,1,1.468041,1.371459,1.503167,25
1,4096,12,simd_vals,1,1.278625,1.201834,1.334125,25
1,4096,12,tg_vals,1,1.215458,1.176166,1.245042,25
1,4096,12,ql_vals,1,0.693875,0.684750,0.789291,25
1,4096,12,ql_share_vals,1,0.641708,0.633333,0.672500,25
1,4096,12,cpu_vals,1,0.716083,0.702209,0.734584,25
1,2,512,tg,1,479.099833,478.736854,479.119687,3
1,2,512,block,1,35.881625,35.771584,35.899375,5
1,2,512,cpu,1,9.308063,9.274219,9.372104,16
1,2,512,tridiag,1,21.872625,21.642437,21.950666,7
1,2,512,tg_vals,1,443.651917,443.567334,443.692730,3
1,2,512,block_vals,1,32.844750,32.667834,32.876208,5
1,2,512,cpu_vals,1,4.398416,4.373291,4.406750,25
1,2,512,tridiag_vals,1,19.286313,19.267646,19.337854,8
1,1024,192,block,1,535.181000,534.468771,535.728834,3
1,1024,192,cpu,1,85.905500,84.240875,86.523917,5
1,1024,192,block_vals,1,422.787292,422.760354,422.801813,3
1,1024,192,cpu_vals,1,43.809416,42.859417,44.070209,5
1,2048,192,block,1,1059.403542,1059.146917,1061.634459,3
1,2048,192,cpu,1,162.131708,161.437042,164.655417,5
1,2048,192,block_vals,1,835.249417,834.653229,835.432666,3
1,2048,192,cpu_vals,1,87.148584,85.574834,87.328584,5
1,2,16,simd,1,1.076958,0.607666,1.240750,25
1,2,16,tg,1,0.236958,0.227500,0.242583,25
1,2,16,ql,1,0.261708,0.251958,0.267459,25
1,2,16,cpu,1,0.020875,0.020667,0.021458,25
1,2,16,simd_vals,1,0.308291,0.300583,0.318083,25
1,2,16,tg_vals,1,0.226250,0.213125,0.232333,25
1,2,16,ql_vals,1,0.240042,0.231250,0.261541,25
1,2,16,cpu_vals,1,0.010208,0.009708,0.011125,25
1,4096,128,block,1,654.333625,654.328188,654.559896,3
1,4096,128,cpu,1,143.498500,141.527125,145.288334,5
1,4096,128,block_vals,1,540.382833,539.773104,540.730792,3
1,4096,128,cpu_vals,1,77.382084,76.599875,77.626583,5
1,32,32,simd,1,1.755375,1.710000,1.768709,25
1,32,32,tg,1,0.436166,0.433250,0.439125,25
1,32,32,block,1,2.822709,2.782084,2.854667,25
1,32,32,ql,1,0.538000,0.522166,0.543584,25
1,32,32,cpu,1,0.167750,0.162334,0.183583,25
1,32,32,simd_vals,1,1.571916,1.542792,1.582708,25
1,32,32,tg_vals,1,0.411875,0.402584,0.418250,25
1,32,32,block_vals,1,2.734250,2.711875,2.799709,25
1,32,32,ql_vals,1,0.417959,0.400875,0.421458,25
1,32,32,cpu_vals,1,0.234709,0.122708,0.381917,25
1,16,12,simd,1,0.275167,0.266792,0.308584,25
1,16,12,tg,1,0.216792,0.197292,0.218708,25
1,16,12,ql,1,0.224833,0.211291,0.226667,25
1,16,12,cpu,1,0.084209,0.054417,0.086500,25
1,16,12,simd_vals,1,0.256166,0.251042,0.266375,25
1,16,12,tg_vals,1,0.214291,0.198583,0.216083,25
1,16,12,ql_vals,1,0.203041,0.184583,0.208250,25
1,16,12,cpu_vals,1,0.039416,0.039291,0.039916,25
1,1,192,tg,1,24.581542,24.562105,24.611937,7
1,1,192,block,1,8.769521,8.715906,8.839417,18
1,1,192,cpu,1,1.171042,1.165667,1.181875,25
1,1,192,tridiag,1,3.851917,3.829208,3.890375,25
1,1,192,tg_vals,1,23.105417,23.082812,23.140645,7
1,1,192,block_vals,1,8.715521,8.643177,8.814437,18
1,1,192,cpu_vals,1,0.588084,0.585541,0.590042,25
1,1,192,tridiag_vals,1,3.120083,3.115041,3.123875,25
1,2,96,tg,1,3.631917,3.614250,3.640125,25
1,2,96,block,1,4.702833,4.664125,4.781958,25
1,2,96,cpu,1,0.308666,0.305750,0.314708,25
1,2,96,tg_vals,1,3.303375,3.297959,3.310084,25
1,2,96,block_vals,1,4.689291,4.585000,4.775459,25
1,2,96,cpu_vals,1,0.167750,0.165792,0.169417,25
1,2048,24,simd,1,3.997667,3.957125,4.045417,25
1,2048,24,tg,1,3.891625,3.882458,3.905334,25
1,2048,24,ql,1,1.792417,1.745750,1.800500,25
1,2048,24,ql_share,1,1.597292,1.555834,1.662625,25
1,2048,24,cpu,1,3.305000,3.000000,3.452750,25
1,2048,24,simd_vals,1,3.329500,3.321250,3.359167,25
1,2048,24,tg_vals,1,3.317833,3.271208,3.324334,25
1,2048,24,ql_vals,1,1.080709,1.075500,1.130041,25
1,2048,24,ql_share_vals,1,0.904458,0.897583,0.924583,25
1,2048,24,cpu_vals,1,1.669958,1.099500,1.689917,25
1,128,12,simd,1,0.295708,0.279417,1.022333,25
1,128,12,tg,1,0.232792,0.230958,0.238834,25
1,128,12,ql,1,0.238083,0.233291,0.243791,25
1,128,12,ql_share,1,0.334000,0.328958,0.340208,25
1,128,12,cpu,1,0.136541,0.133541,0.141125,25
1,128,12,simd_vals,1,0.241542,0.234792,0.257292,25
1,128,12,tg_vals,1,0.216084,0.204042,0.220792,25
1,128,12,ql_vals,1,0.193208,0.185583,0.200541,25
1,128,12,ql_share_vals,1,0.289292,0.262542,0.295083,25
1,128,12,cpu_vals,1,0.093250,0.087000,0.292750,25
1,1,2048,block,1,561.238125,561.084583,561.372396,3
1,1,2048,cpu,1,232.781625,232.472000,233.481958,5
1,1,2048,tridiag,1,120.624584,120.293542,121.053125,5
1,1,2048,block_vals,1,407.392542,407.248104,407.778230,3
1,1,2048,cpu_vals,1,81.695625,81.599833,81.845625,5
1,1,2048,tridiag_vals,1,86.606334,86.436959,86.895625,5
1,1,1024,block,1,100.942292,100.895167,101.066625,5
1,1,1024,cpu,1,40.406500,40.362375,40.492083,5
1,1,1024,tridiag,1,35.234333,34.872208,35.266791,5
1,1,1024,block_vals,1,90.179084,90.130875,90.316042,5
1,1,1024,cpu_vals,1,18.125209,18.090959,18.137167,9
1,1,1024,tridiag_vals,1,26.816416,26.809666,26.906417,6
1,32,24,simd,1,0.777000,0.743625,0.828292,25
1,32,24,tg,1,0.302541,0.299292,0.304791,25
1,32,24,ql,1,0.395417,0.389917,0.401375,25
1,32,24,cpu,1,0.141667,0.137041,0.150292,25
1,32,24,simd_vals,1,0.716125,0.680750,0.764250,25
1,32,24,tg_vals,1,0.291083,0.288500,0.293958,25
1,32,24,ql_vals,1,0.319833,0.316042,0.322416,25
1,32,24,cpu_vals,1,0.106916,0.098000,0.229833,25
1,4096,8,simd,1,0.555042,0.545709,0.566458,25
1,4096,8,tg,1,0.563541,0.560417,0.568833,25
1,4096,8,ql,1,0.587000,0.582416,0.591458,25
1,4096,8,ql_share,1,0.628000,0.612583,0.657000,25
1,4096,8,cpu,1,0.756125,0.740958,0.776250,25
1,4096,8,simd_vals,1,0.480625,0.474917,0.486917,25
1,4096,8,tg_vals,1,0.483458,0.477417,0.536375,25
1,4096,8,ql_vals,1,0.426041,0.422041,0.428875,25
1,4096,8,ql_share_vals,1,0.518083,0.437750,0.554500,25
1,4096,8,cpu_vals,1,0.487792,0.415625,0.624416,25
1,256,192,tg,1,516.569667,514.131938,533.216375,3
1,256,192,block,1,136.983083,136.972250,137.202334,5
1,256,192,cpu,1,22.718167,22.679979,23.143813,7
1,256,192,tridiag,1,842.919250,842.890417,843.128896,3
1,256,192,tg_vals,1,282.498667,281.398250,286.808208,5
1,256,192,block_vals,1,102.197500,102.169333,102.212500,5
1,256,192,cpu_vals,1,11.377125,11.274032,11.553844,14
1,256,192,tridiag_vals,1,737.523000,736.943708,737.911562,3
1,256,8,simd,1,0.206625,0.201417,0.229625,25
1,256,8,tg,1,0.204459,0.200000,0.207416,25
1,256,8,ql,1,0.207750,0.206208,0.211667,25
1,256,8,ql_share,1,0.323458,0.320333,0.325166,25
1,256,8,cpu,1,0.130375,0.125667,0.136542,25
1,256,8,simd_vals,1,0.181792,0.174333,0.189000,25
1,256,8,tg_vals,1,0.175958,0.169375,0.190333,25
1,256,8,ql_vals,1,0.169166,0.165334,0.174416,25
1,256,8,ql_share_vals,1,0.275625,0.273584,0.283083,25
1,256,8,cpu_vals,1,0.101708,0.092958,0.310291,25
1,1024,24,simd,1,2.406917,2.347125,2.413959,25
1,1024,24,tg,1,2.183833,2.174959,2.191750,25
1,1024,24,ql,1,1.112542,1.023083,1.117834,25
1,1024,24,ql_share,1,1.030791,1.021750,1.041875,25
1,1024,24,cpu,1,1.531375,1.519375,1.540417,25
1,1024,24,simd_vals,1,2.071958,2.062416,2.117292,25
1,1024,24,tg_vals,1,1.882916,1.873125,1.888416,25
1,1024,24,ql_vals,1,0.718083,0.666792,0.758041,25
1,1024,24,ql_share_vals,1,0.791625,0.586292,0.808709,25
1,1024,24,cpu_vals,1,0.660875,0.588667,0.704708,25
1,16,256,tg,1,84.321125,84.219792,84.321583,5
1,16,256,block,1,20.405771,20.272760,20.460198,8
1,16,256,cpu,1,3.602666,3.409542,3.944916,25
1,16,256,tridiag,1,71.757709,71.712875,71.909666,5
1,16,256,tg_vals,1,61.133917,61.116833,61.177667,5
1,16,256,block_vals,1,18.046375,17.989333,18.098459,9
1,16,256,cpu_vals,1,1.926416,1.552625,2.115792,25
1,16,256,tridiag_vals,1,64.305708,64.203667,64.339458,5
1,2,384,tg,1,202.384708,202.373208,202.394167,5
1,2,384,block,1,21.607333,21.414479,21.687583,7
1,2,384,cpu,1,4.486250,4.468708,4.518958,25
1,2,384,tridiag,1,15.008437,14.966230,15.069583,10
1,2,384,tg_vals,1,190.103625,190.074208,190.139375,5
1,2,384,block_vals,1,20.419896,20.362604,20.502292,8
1,2,384,cpu_vals,1,2.436250,2.429333,2.444250,25
1,2,384,tridiag_vals,1,13.424625,13.415052,13.432177,12
1,2,32,simd,1,1.732625,1.714625,1.742834,25
1,2,32,tg,1,0.361916,0.355167,0.365541,25
1,2,32,block,1,3.260416,3.159292,3.368958,25
1,2,32,ql,1,0.527250,0.516333,0.540041,25
1,2,32,cpu,1,0.044291,0.043875,0.046000,25
1,2,32,simd_vals,1,1.558292,1.545208,1.583917,25
1,2,32,tg_vals,1,0.345958,0.342959,0.349250,25
1,2,32,block_vals,1,3.253250,3.240791,3.377417,25
1,2,32,ql_vals,1,0.443291,0.419625,0.480458,25
1,2,32,cpu_vals,1,0.025417,0.023667,0.027167,25
1,1024,16,simd,1,0.909167,0.843916,0.938375,25
1,1024,16,tg,1,0.901125,0.837375,0.907167,25
1,1024,16,ql,1,0.574584,0.572709,0.575833,25
1,1024,16,ql_share,1,0.741208,0.719833,0.778458,25
1,1024,16,cpu,1,0.704125,0.697292,0.750833,25
1,1024,16,simd_vals,1,0.763792,0.726083,0.809292,25
1,1024,16,tg_vals,1,0.736458,0.694708,0.785584,25
1,1024,16,ql_vals,1,0.414167,0.407875,0.418000,25
1,1024,16,ql_share_vals,1,0.364458,0.360125,0.371000,25
1,1024,16,cpu_vals,1,0.345916,0.329250,0.636625,25
1,256,48,tg,1,4.258833,4.239917,4.276584,25
1,256,48,block,1,7.624312,7.495302,7.700208,20
1,256,48,ql,1,1.722041,1.675250,1.754500,25
1,256,48,ql_share,1,1.090875,1.083084,1.116583,25
1,256,48,cpu,1,1.526417,1.467333,1.594084,25
1,256,48,tg_vals,1,3.743375,3.736375,3.759292,25
1,256,48,block_vals,1,7.137500,7.071541,7.229625,21
1,256,48,ql_vals,1,1.301958,1.258917,1.315167,25
1,256,48,ql_share_vals,1,0.850208,0.843792,0.876416,25
1,256,48,cpu_vals,1,0.693334,0.677292,0.707000,25
1,512,4,simd,1,0.201166,0.189917,0.891708,25
1,512,4,tg,1,0.192667,0.189334,0.197167,25
1,512,4,ql,1,0.186000,0.184375,0.190291,25
1,512,4,ql_share,1,0.306334,0.302041,0.319333,25
1,512,4,cpu,1,0.122292,0.118292,0.218208,25
1,512,4,simd_vals,1,0.165667,0.154208,0.179875,25
1,512,4,tg_vals,1,0.162584,0.155166,0.169000,25
1,512,4,ql_vals,1,0.164750,0.152834,0.171334,25
1,512,4,ql_share_vals,1,0.288584,0.279167,0.296209,25
1,512,4,cpu_vals,1,0.086417,0.075958,0.234333,25
1,8,96,tg,1,3.658084,3.611417,3.671333,25
1,8,96,block,1,4.935167,4.772584,5.022458,25
1,8,96,cpu,1,0.396000,0.389292,0.449625,25
1,8,96,tg_vals,1,3.307958,3.300041,3.313125,25
1,8,96,block_vals,1,4.717167,4.655250,4.836917,25
1,8,96,cpu_vals,1,0.229542,0.220250,0.290250,25
1,128,16,simd,1,0.363500,0.361000,0.366208,25
1,128,16,tg,1,0.281000,0.277750,0.286000,25
1,128,16,ql,1,0.286250,0.283667,0.292375,25
1,128,16,ql_share,1,0.384541,0.377666,0.397750,25
1,128,16,cpu,1,0.174208,0.165833,0.186500,25
1,128,16,simd_vals,1,0.322709,0.314208,0.328833,25
1,128,16,tg_vals,1,0.262834,0.259708,0.266333,25
1,128,16,ql_vals,1,0.244917,0.242959,0.247375,25
1,128,16,ql_share_vals,1,0.342166,0.337083,0.345917,25
1,128,16,cpu_vals,1,0.148000,0.123916,0.238666,25
1,8,192,tg,1,27.736916,27.726521,27.772563,6
1,8,192,block,1,9.919208,9.871428,10.027822,16
1,8,192,cpu,1,1.478000,1.458917,1.491291,25
1,8,192,tridiag,1,26.389813,26.329010,26.493990,6
1,8,192,tg_vals,1,25.703583,25.690750,25.714510,6
1,8,192,block_vals,1,9.426500,9.342636,9.519969,16
1,8,192,cpu_vals,1,0.762875,0.755875,0.778875,25
1,8,192,tridiag_vals,1,23.333792,23.177499,23.400625,7
1,32,2,simd,1,0.165500,0.158209,0.185125,25
1,32,2,tg,1,0.162292,0.149625,0.167875,25
1,32,2,ql,1,0.163792,0.155083,0.165792,25
1,32,2,cpu,1,0.016583,0.016250,0.016750,25
1,32,2,simd_vals,1,0.161083,0.154375,0.165125,25
1,32,2,tg_vals,1,0.151750,0.145500,0.163834,25
1,32,2,ql_vals,1,0.140875,0.137750,0.155209,25
1,32,2,cpu_vals,1,0.009334,0.009209,0.009584,25
1,16,2,simd,1,0.144458,0.139125,0.155541,25
1,16,2,tg,1,0.138625,0.135625,0.156708,25
1,16,2,ql,1,0.159375,0.146459,0.163375,25
1,16,2,cpu,1,0.008917,0.008542,0.009291,25
1,16,2,simd_vals,1,0.144625,0.139333,0.156166,25
1,16,2,tg_vals,1,0.153042,0.139084,0.159083,25
1,16,2,ql_vals,1,0.153917,0.145334,0.160584,25
1,16,2,cpu_vals,1,0.005292,0.004834,0.005500,25
1,4,1536,block,1,965.433875,965.289854,966.402605,3
1,4,1536,cpu,1,118.792125,118.121083,122.182500,5
1,4,1536,tridiag,1,194.529375,194.440958,194.861959,5
1,4,1536,block_vals,1,584.691458,584.590458,585.370166,3
1,4,1536,cpu_vals,1,55.431125,55.338958,55.445041,5
1,4,1536,tridiag_vals,1,162.685250,162.588458,163.137250,5
1,4,1024,block,1,237.120750,237.025792,237.344125,5
1,4,1024,cpu,1,49.844042,48.125667,50.217958,5
1,4,1024,tridiag,1,103.535041,103.147500,103.842708,5
1,4,1024,block_vals,1,168.183125,168.160042,168.365084,5
1,4,1024,cpu_vals,1,23.185875,22.182125,23.460521,7
1,4,1024,tridiag_vals,1,89.471208,89.191166,89.506000,5
1,16,24,simd,1,0.788250,0.746750,0.833250,25
1,16,24,tg,1,0.295750,0.292959,0.307750,25
1,16,24,ql,1,0.401375,0.396875,0.473500,25
1,16,24,cpu,1,0.115750,0.108458,0.262000,25
1,16,24,simd_vals,1,0.727083,0.687959,0.767625,25
1,16,24,tg_vals,1,0.287084,0.283791,0.289292,25
1,16,24,ql_vals,1,0.329125,0.324667,0.338417,25
1,16,24,cpu_vals,1,0.117833,0.066083,0.120083,25
1,1,768,block,1,60.869458,60.853750,60.891125,5
1,1,768,cpu,1,18.694166,18.560083,18.889250,9
1,1,768,tridiag,1,22.761167,22.687854,22.917521,7
1,1,768,block_vals,1,55.684250,55.669250,55.815417,5
1,1,768,cpu_vals,1,9.779208,9.753198,9.818333,16
1,1,768,tridiag_vals,1,17.865750,17.441584,18.076167,9
1,2048,48,tg,1,29.840563,29.743605,29.904021,6
1,2048,48,block,1,43.995000,43.975584,44.044791,5
1,2048,48,ql,1,8.840292,8.811792,8.855875,17
1,2048,48,ql_share,1,6.043958,5.995084,6.084667,25
1,2048,48,cpu,1,11.032730,10.951323,11.467999,14
1,2048,48,tg_vals,1,25.565313,25.549469,25.787687,6
1,2048,48,block_vals,1,39.152416,39.148542,39.196917,5
1,2048,48,ql_vals,1,6.210750,6.195583,6.227666,25
1,2048,48,ql_share_vals,1,3.463834,3.431250,3.498084,25
1,2048,48,cpu_vals,1,5.204708,4.936542,5.301500,25
1,16,768,block,1,477.408000,477.401521,477.472708,3
1,16,768,cpu,1,40.095291,39.645333,40.620542,5
1,16,768,tridiag,1,257.656750,257.158750,258.369417,5
1,16,768,block_vals,1,302.961750,302.938833,303.269688,3
1,16,768,cpu_vals,1,18.977354,18.780802,19.057792,8
1,16,768,tridiag_vals,1,229.701708,229.497875,229.776250,5
1,2,1024,block,1,135.270791,135.185916,135.294250,5
1,2,1024,cpu,1,46.841500,46.608500,46.884875,5
1,2,1024,tridiag,1,55.709042,55.221041,56.070292,5
1,2,1024,block_vals,1,111.623083,111.602333,111.789042,5
1,2,1024,cpu_vals,1,19.003896,18.941792,19.312948,8
1,2,1024,tridiag_vals,1,47.564667,47.317166,47.589000,5
1,32,4,simd,1,0.184875,0.178416,0.217583,25
1,32,4,tg,1,0.203875,0.188375,0.253542,25
1,32,4,ql,1,0.177583,0.164542,0.180791,25
1,32,4,cpu,1,0.033042,0.032833,0.034250,25
1,32,4,simd_vals,1,0.175000,0.155708,0.178292,25
1,32,4,tg_vals,1,0.173458,0.158917,0.178542,25
1,32,4,ql_vals,1,0.165750,0.153542,0.168459,25
1,32,4,cpu_vals,1,0.019708,0.019583,0.020333,25
1,1,4096,block,1,4923.082666,4922.513500,4925.179541,3
1,1,4096,cpu,1,2346.536042,2341.187271,2346.982479,3
1,1,4096,tridiag,1,520.197333,518.950187,520.567583,3
1,1,4096,block_vals,1,3291.583500,3291.479729,3292.695875,3
1,1,4096,cpu_vals,1,468.187917,467.715979,468.243625,3
1,1,4096,tridiag_vals,1,381.993666,381.984812,382.060728,3
1,512,32,simd,1,2.845208,2.825917,2.872917,25
1,512,32,tg,1,2.513250,2.477375,2.527667,25
1,512,32,block,1,4.501625,4.414750,4.547333,25
1,512,32,ql,1,1.130459,1.068791,1.175750,25
1,512,32,ql_share,1,1.308083,1.290208,1.318875,25
1,512,32,cpu,1,1.247833,1.238458,1.264584,25
1,512,32,simd_vals,1,2.722167,2.717125,2.730875,25
1,512,32,tg_vals,1,2.171708,2.159250,2.181958,25
1,512,32,block_vals,1,4.200375,4.153750,4.271500,25
1,512,32,ql_vals,1,0.724583,0.716250,0.809334,25
1,512,32,ql_share_vals,1,0.542834,0.539167,0.560042,25
1,512,32,cpu_vals,1,0.525959,0.497875,0.624166,25
1,4,768,block,1,104.316750,104.312125,104.662166,5
1,4,768,cpu,1,21.853166,21.397208,21.955166,7
1,4,768,tridiag,1,68.540542,68.134834,68.628625,5
1,4,768,block_vals,1,84.252209,83.964125,84.486292,5
1,4,768,cpu_vals,1,11.276021,11.185312,11.636864,14
1,4,768,tridiag_vals,1,60.670042,60.586291,60.693875,5
1,2048,64,tg,1,77.345208,77.066959,77.883042,5
1,2048,64,block,1,49.987417,49.897916,50.102792,5
1,2048,64,ql,1,23.139958,23.027459,23.250062,7
1,2048,64,ql_share,1,12.364167,12.251667,12.465083,13
1,2048,64,cpu,1,19.312729,19.022750,19.994771,8
1,2048,64,tg_vals,1,65.243708,64.837916,65.572666,5
1,2048,64,block_vals,1,43.768125,43.733250,43.796875,5
1,2048,64,ql_vals,1,16.629021,16.487448,16.763948,10
1,2048,64,ql_share_vals,1,6.080042,6.057333,6.178417,25
1,2048,64,cpu_vals,1,8.004542,7.945521,8.141292,19
1,512,128,tg,1,174.409708,174.067500,175.748292,5
1,512,128,block,1,85.270542,85.051084,85.286041,5
1,512,128,cpu,1,20.448708,19.806489,20.615251,8
1,512,128,tridiag,1,1084.095292,1083.237562,1084.183542,3
1,512,128,tg_vals,1,164.458917,162.837584,166.970666,5
1,512,128,block_vals,1,67.080584,66.991167,67.282250,5
1,512,128,cpu_vals,1,9.966166,9.936417,10.015511,16
1,512,128,tridiag_vals,1,925.221834,925.156375,926.055313,3
1,4,96,tg,1,3.645791,3.632500,3.656208,25
1,4,96,block,1,4.704625,4.684834,4.815834,25
1,4,96,cpu,1,0.331458,0.325292,0.334125,25
1,4,96,tg_vals,1,3.307542,3.302959,3.316625,25
1,4,96,block_vals,1,4.689792,4.565041,4.778083,25
1,4,96,cpu_vals,1,0.182875,0.180208,0.184916,25
1,1024,256,block,1,1239.639542,1239.306354,1239.751959,3
1,1024,256,cpu,1,165.283708,163.534541,166.927583,5
1,1024,256,block_vals,1,941.395208,941.275979,941.557583,3
1,1024,256,cpu_vals,1,76.903125,76.786375,77.131958,5
1,256,2,simd,1,0.203584,0.191083,0.219583,25
1,256,2,tg,1,0.216625,0.197500,0.223166,25
1,256,2,ql,1,0.198584,0.155667,0.215875,25
1,256,2,ql_share,1,0.262083,0.257459,0.271750,25
1,256,2,cpu,1,0.102375,0.100792,0.105875,25
1,256,2,simd_vals,1,0.146500,0.136375,0.162375,25
1,256,2,tg_vals,1,0.142542,0.139417,0.151500,25
1,256,2,ql_vals,1,0.141209,0.137417,0.147416,25
1,256,2,ql_share_vals,1,0.221458,0.215625,0.240333,25
1,256,2,cpu_vals,1,0.047250,0.046917,0.047459,25
1,16,384,tg,1,352.293083,352.242625,352.300021,3
1,16,384,block,1,54.466458,54.440958,54.582708,5
1,16,384,cpu,1,8.253208,7.915375,8.573688,19
1,16,384,tridiag,1,112.665167,112.557291,112.721500,5
1,16,384,tg_vals,1,223.494834,223.480000,223.548208,5
1,16,384,block_vals,1,45.615208,45.612167,45.658500,5
1,16,384,cpu_vals,1,4.246208,3.829042,5.041375,25
1,16,384,tridiag_vals,1,101.459792,101.366958,101.497583,5
1,8,32,simd,1,1.738292,1.704084,1.758833,25
1,8,32,tg,1,0.370459,0.365958,0.373208,25
1,8,32,block,1,2.759084,2.705250,2.792667,25
1,8,32,ql,1,0.528167,0.515541,0.541750,25
1,8,32,cpu,1,0.092167,0.089167,0.097333,25
1,8,32,simd_vals,1,1.584584,1.570917,1.603417,25
1,8,32,tg_vals,1,0.353292,0.346375,0.357292,25
1,8,32,block_vals,1,2.726083,2.688958,2.755875,25
1,8,32,ql_vals,1,0.392209,0.376834,0.410292,25
1,8,32,cpu_vals,1,0.052541,0.047625,0.057208,25
1,2,8,simd,1,0.182500,0.165167,0.202291,25
1,2,8,tg,1,0.208792,0.181041,0.222208,25
1,2,8,ql,1,0.195000,0.188834,0.249083,25
1,2,8,cpu,1,0.008708,0.008417,0.008959,25
1,2,8,simd_vals,1,0.180625,0.160833,0.221458,25
1,2,8,tg_vals,1,0.193500,0.167375,0.242500,25
1,2,8,ql_vals,1,0.180625,0.168083,0.226500,25
1,2,8,cpu_vals,1,0.005417,0.004916,0.006000,25
1,512,384,block,1,2082.964833,2082.091708,2088.379146,3
1,512,384,cpu,1,201.812000,200.573875,205.362708,5
1,512,384,block_vals,1,1501.795750,1501.482479,1502.427708,3
1,512,384,cpu_vals,1,96.463083,96.319500,97.922084,5
1,128,256,block,1,156.287834,155.407958,157.019666,5
1,128,256,cpu,1,22.603167,22.542063,22.865437,7
1,128,256,tridiag,1,571.444500,571.070771,571.549916,3
1,128,256,block_vals,1,109.804833,109.351875,109.813459,5
1,128,256,cpu_vals,1,10.869854,10.643135,11.072729,14
1,128,256,tridiag_vals,1,511.865291,511.762833,512.122729,3
1,16,512,block,1,124.386083,124.152792,124.558542,5
1,16,512,cpu,1,16.729666,16.640541,16.785583,9
1,16,512,tridiag,1,158.115666,158.089333,158.320583,5
1,16,512,block_vals,1,92.186542,92.148000,92.302917,5
1,16,512,cpu_vals,1,7.687501,7.313969,7.760604,20
1,16,512,tridiag_vals,1,142.288625,142.179084,142.291125,5
1,1024,96,tg,1,145.933291,145.760333,146.488625,5
1,1024,96,block,1,76.682875,76.682791,76.724375,5
1,1024,96,cpu,1,21.988958,21.616583,22.029875,7
1,1024,96,tg_vals,1,114.008208,113.870625,114.834500,5
1,1024,96,block_vals,1,64.420459,64.375500,64.525375,5
1,1024,96,cpu_vals,1,11.519000,11.435542,11.760625,13
1,4096,96,block,1,294.248042,293.947709,294.357083,5
1,4096,96,cpu,1,81.568125,81.068292,82.614167,5
1,4096,96,block_vals,1,247.069916,246.936166,247.198417,5
1,4096,96,cpu_vals,1,42.887042,42.700542,43.213000,5
1,32,192,tg,1,62.667667,61.730625,62.747917,5
1,32,192,block,1,18.348459,18.305250,18.373542,9
1,32,192,cpu,1,3.435375,3.391500,4.058750,25
1,32,192,tridiag,1,105.333250,105.276083,105.606375,5
1,32,192,tg_vals,1,42.648584,42.646875,42.684542,5
1,32,192,block_vals,1,16.330688,16.260562,16.375990,10
1,32,192,cpu_vals,1,2.182625,1.603500,2.257916,25
1,32,192,tridiag_vals,1,92.216458,92.168292,92.448500,5
1,32,128,tg,1,14.046459,14.034333,14.083062,11
1,32,128,block,1,8.106417,7.976042,8.180354,19
1,32,128,cpu,1,1.449125,1.433417,1.467458,25
1,32,128,tridiag,1,67.865000,67.787791,68.027792,5
1,32,128,tg_vals,1,12.092125,12.075750,12.099291,13
1,32,128,block_vals,1,7.475458,7.365458,7.550417,21
1,32,128,cpu_vals,1,0.733083,0.726625,0.747042,25
1,32,128,tridiag_vals,1,57.662291,57.591417,57.735000,5
1,2048,8,simd,1,0.382084,0.377000,0.392416,25
1,2048,8,tg,1,0.380500,0.378417,0.383542,25
1,2048,8,ql,1,0.393250,0.391000,0.397708,25
1,2048,8,ql_share,1,0.582333,0.535625,0.611958,25
1,2048,8,cpu,1,0.441750,0.439416,0.444583,25
1,2048,8,simd_vals,1,0.328042,0.324292,0.338792,25
1,2048,8,tg_vals,1,0.336666,0.334417,0.338708,25
1,2048,8,ql_vals,1,0.302458,0.299541,0.308458,25
1,2048,8,ql_share_vals,1,0.314166,0.308875,0.324292,25
1,2048,8,cpu_vals,1,0.262583,0.249291,0.642166,25
1,64,768,block,1,2058.554916,2057.780666,2058.818646,3
1,64,768,cpu,1,149.934083,149.832875,150.130500,5
1,64,768,tridiag,1,1010.493917,1009.807437,1012.607542,3
1,64,768,block_vals,1,1375.046375,1374.560375,1375.911750,3
1,64,768,cpu_vals,1,58.246833,57.977667,58.375292,5
1,64,768,tridiag_vals,1,907.094000,907.085667,909.622313,3
1,1024,128,block,1,170.762333,170.484167,171.164375,5
1,1024,128,cpu,1,39.121000,37.361166,39.221292,5
1,1024,128,block_vals,1,140.172750,140.076250,140.286417,5
1,1024,128,cpu_vals,1,19.612750,19.402021,19.718729,8
1,512,8,simd,1,0.497667,0.488917,0.520334,25
1,512,8,tg,1,0.263208,0.259667,0.266083,25
1,512,8,ql,1,0.257834,0.252916,0.264959,25
1,512,8,ql_share,1,0.362166,0.353875,0.368417,25
1,512,8,cpu,1,0.180792,0.178583,0.182167,25
1,512,8,simd_vals,1,0.219958,0.216250,0.222708,25
1,512,8,tg_vals,1,0.219083,0.204459,0.222959,25
1,512,8,ql_vals,1,0.211667,0.208584,0.217375,25
1,512,8,ql_share_vals,1,0.321917,0.316750,0.328792,25
1,512,8,cpu_vals,1,0.134708,0.128792,0.164417,25
1,1,256,tg,1,54.964417,54.945291,54.997000,5
1,1,256,block,1,11.616792,11.574792,11.785250,13
1,1,256,cpu,1,2.278959,2.262250,2.340209,25
1,1,256,tridiag,1,5.307834,5.294250,5.390417,25
1,1,256,tg_vals,1,53.966292,53.946041,53.986208,5
1,1,256,block_vals,1,11.446146,11.376656,11.533312,14
1,1,256,cpu_vals,1,1.046542,1.044250,1.050041,25
1,1,256,tridiag_vals,1,4.380792,4.370542,4.390167,25
1,16,64,tg,1,1.272750,1.224458,1.320625,25
1,16,64,block,1,3.272166,3.252542,3.318083,25
1,16,64,ql,1,1.401084,1.352417,1.403208,25
1,16,64,cpu,1,0.283125,0.281125,0.289666,25
1,16,64,tg_vals,1,1.118084,1.113333,1.154417,25
1,16,64,block_vals,1,3.174833,3.151000,3.220916,25
1,16,64,ql_vals,1,1.140875,1.108625,1.181875,25
1,16,64,cpu_vals,1,0.177125,0.174625,0.182375,25
1,16,96,tg,1,3.682541,3.634292,3.689583,25
1,16,96,block,1,5.064250,5.014000,5.141375,25
1,16,96,cpu,1,0.504958,0.503208,0.513666,25
1,16,96,tg_vals,1,3.307625,3.295958,3.311584,25
1,16,96,block_vals,1,4.947000,4.847584,5.027375,25
1,16,96,cpu_vals,1,0.303334,0.276250,0.378042,25
1,512,256,block,1,626.793583,626.747208,627.400813,3
1,512,256,cpu,1,88.675167,87.403959,90.013875,5
1,512,256,block_vals,1,476.612125,476.458333,477.561916,3
1,512,256,cpu_vals,1,41.124666,40.684500,41.356375,5
1,4096,4,simd,1,0.714666,0.684083,0.813791,25
1,4096,4,tg,1,0.298291,0.295291,0.303333,25
1,4096,4,ql,1,0.293833,0.291917,0.297750,25
1,4096,4,ql_share,1,0.393833,0.380083,0.400583,25
1,4096,4,cpu,1,0.347917,0.344708,0.352125,25
1,4096,4,simd_vals,1,0.274500,0.262833,0.295750,25
1,4096,4,tg_vals,1,0.305875,0.295000,0.312417,25
1,4096,4,ql_vals,1,0.245666,0.241666,0.249458,25
1,4096,4,ql_share_vals,1,0.307875,0.297083,0.330833,25
1,4096,4,cpu_vals,1,0.214834,0.197208,0.283292,25
1,512,192,block,1,275.121000,274.847042,275.145292,5
1,512,192,cpu,1,45.160875,44.124459,45.844583,5
1,512,192,block_vals,1,216.090542,215.958875,216.183458,5
1,512,192,cpu_vals,1,22.971792,22.839478,23.303208,7
1,256,384,block,1,1045.677458,1045.609395,1045.861812,3
1,256,384,cpu,1,101.211041,100.783250,101.498083,5
1,256,384,block_vals,1,753.538208,753.454750,753.730187,3
1,256,384,cpu_vals,1,48.973792,48.504208,49.186042,5
1,2048,12,simd,1,0.810750,0.786042,0.928541,25
1,2048,12,tg,1,0.870666,0.814916,0.918458,25
1,2048,12,ql,1,0.623375,0.621042,0.632208,25
1,2048,12,ql_share,1,0.697500,0.672292,0.734333,25
1,2048,12,cpu,1,0.836375,0.785500,0.852125,25
1,2048,12,simd_vals,1,1.164959,0.973417,1.253750,25
1,2048,12,tg_vals,1,0.706458,0.698084,0.787833,25
1,2048,12,ql_vals,1,0.437750,0.433791,0.451708,25
1,2048,12,ql_share_vals,1,0.387125,0.382833,0.396625,25
1,2048,12,cpu_vals,1,0.397500,0.381167,0.625083,25
1,64,16,simd,1,0.445458,0.431750,0.517792,25
1,64,16,tg,1,0.286042,0.269542,0.292125,25
1,64,16,ql,1,0.282083,0.277500,0.289708,25
1,64,16,ql_share,1,0.372958,0.367709,0.379625,25
1,64,16,cpu,1,0.133458,0.130000,0.138000,25
1,64,16,simd_vals,1,0.321625,0.311500,0.327250,25
1,64,16,tg_vals,1,0.236708,0.224541,0.240166,25
1,64,16,ql_vals,1,0.235375,0.220083,0.244041,25
1,64,16,ql_share_vals,1,0.334708,0.332500,0.337209,25
1,64,16,cpu_vals,1,0.081042,0.079416,0.091875,25
1,16,8,simd,1,0.185625,0.176250,0.198541,25
1,16,8,tg,1,0.192042,0.181458,0.201542,25
1,16,8,ql,1,0.205417,0.189250,0.208958,25
1,16,8,cpu,1,0.043083,0.036417,0.044375,25
1,16,8,simd_vals,1,0.173708,0.163083,0.183750,25
1,16,8,tg_vals,1,0.172291,0.167000,0.182708,25
1,16,8,ql_vals,1,0.176083,0.163833,0.179125,25
1,16,8,cpu_vals,1,0.023084,0.022916,0.023250,25
1,2,12,simd,1,0.279833,0.275917,0.289875,25
1,2,12,tg,1,0.225916,0.214334,0.234417,25
1,2,12,ql,1,0.262333,0.258958,0.277292,25
1,2,12,cpu,1,0.015666,0.015333,0.016875,25
1,2,12,simd_vals,1,0.277625,0.245375,0.295625,25
1,2,12,tg_vals,1,0.191625,0.184458,0.204292,25
1,2,12,ql_vals,1,0.201083,0.186875,0.235667,25
1,2,12,cpu_vals,1,0.007125,0.007083,0.007291,25
1,1,384,tg,1,202.199292,202.190625,202.280875,5
1,1,384,block,1,20.090958,20.038667,20.229854,8
1,1,384,cpu,1,4.556750,4.469459,4.704875,25
1,1,384,tridiag,1,9.260834,9.155666,9.382417,17
1,1,384,tg_vals,1,190.294667,190.284333,190.336500,5
1,1,384,block_vals,1,19.472291,19.289437,19.509094,8
1,1,384,cpu_vals,1,2.378041,2.360750,2.384625,25
1,1,384,tridiag_vals,1,7.150875,7.135542,7.171791,21
1,8,12,simd,1,0.256666,0.247917,0.282417,25
1,8,12,tg,1,0.215583,0.205583,0.228542,25
1,8,12,ql,1,0.225500,0.217792,0.227916,25
1,8,12,cpu,1,0.034375,0.031292,0.037250,25
1,8,12,simd_vals,1,0.250875,0.243084,0.254708,25
1,8,12,tg_vals,1,0.195000,0.190167,0.209917,25
1,8,12,ql_vals,1,0.188958,0.182125,0.200000,25
1,8,12,cpu_vals,1,0.026750,0.024709,0.030833,25
1,128,24,simd,1,0.832042,0.778750,0.887042,25
1,128,24,tg,1,0.487084,0.486292,0.491083,25
1,128,24,ql,1,0.412583,0.410625,0.518417,25
1,128,24,ql_share,1,0.509000,0.502708,0.523208,25
1,128,24,cpu,1,0.277542,0.272667,0.282667,25
1,128,24,simd_vals,1,0.715334,0.699875,0.787292,25
1,128,24,tg_vals,1,0.449666,0.443250,0.458083,25
1,128,24,ql_vals,1,0.327834,0.324583,0.333125,25
1,128,24,ql_share_vals,1,0.427542,0.421750,0.437166,25
1,128,24,cpu_vals,1,0.162083,0.158292,0.169333,25
1,1024,32,simd,1,6.960854,6.893605,7.009458,22
1,1024,32,tg,1,4.506125,4.485958,4.529000,25
1,1024,32,block,1,6.466667,6.375000,6.518365,24
1,1024,32,ql,1,1.672375,1.602333,1.709084,25
1,1024,32,ql_share,1,1.509417,1.499167,1.523709,25
1,1024,32,cpu,1,2.462167,2.384958,2.981875,25
1,1024,32,simd_vals,1,4.547375,4.533792,4.577125,25
1,1024,32,tg_vals,1,3.923541,3.902084,3.965041,25
1,1024,32,block_vals,1,6.087541,5.985542,6.156208,25
1,1024,32,ql_vals,1,1.059500,1.023667,1.104792,25
1,1024,32,ql_share_vals,1,1.009666,0.968334,1.038292,25
1,1024,32,cpu_vals,1,0.969416,0.885916,1.542209,25
1,128,48,tg,1,2.576458,2.526000,2.592667,25
1,128,48,block,1,5.316291,5.220583,5.341291,25
1,128,48,ql,1,0.988208,0.931667,1.040042,25
1,128,48,ql_share,1,1.105500,1.043500,1.145791,25
1,128,48,cpu,1,0.818292,0.797083,0.836667,25
1,128,48,tg_vals,1,2.268166,2.254958,2.276917,25
1,128,48,block_vals,1,5.093417,5.034125,5.181208,25
1,128,48,ql_vals,1,0.801750,0.733000,0.822334,25
1,128,48,ql_share_vals,1,0.913333,0.853791,0.955542,25
1,128,48,cpu_vals,1,0.498375,0.393875,0.666583,25
1,2,24,simd,1,0.828875,0.777583,1.349917,25
1,2,24,tg,1,0.279583,0.271375,0.281833,25
1,2,24,ql,1,0.377000,0.363875,0.400416,25
1,2,24,cpu,1,0.032625,0.032125,0.033500,25
1,2,24,simd_vals,1,0.727417,0.720542,0.778833,25
1,2,24,tg_vals,1,0.270667,0.260708,0.273916,25
1,2,24,ql_vals,1,0.300417,0.292208,0.305541,25
1,2,24,cpu_vals,1,0.017291,0.017125,0.017375,25
1,2,4,simd,1,0.158125,0.148084,0.204417,25
1,2,4,tg,1,0.159416,0.152000,0.209625,25
1,2,4,ql,1,0.180750,0.159208,0.218666,25
1,2,4,cpu,1,0.004167,0.003250,0.005375,25
1,2,4,simd_vals,1,0.167917,0.154916,0.214917,25
1,2,4,tg_vals,1,0.154250,0.149625,0.163375,25
1,2,4,ql_vals,1,0.159459,0.149125,0.224542,25
1,2,4,cpu_vals,1,0.004250,0.003292,0.005916,25
1,8,1024,block,1,545.508000,545.235792,545.899895,3
1,8,1024,cpu,1,68.549792,66.852667,70.096750,5
1,8,1024,tridiag,1,199.594917,198.265083,199.680291,5
1,8,1024,block_vals,1,330.587250,330.573125,331.846688,3
1,8,1024,cpu_vals,1,26.439917,26.348938,27.431021,6
1,8,1024,tridiag_vals,1,171.338459,171.024250,172.440083,5
1,64,128,tg,1,27.057333,26.994302,27.089645,6
1,64,128,block,1,12.408833,12.314209,12.478417,13
1,64,128,cpu,1,2.763500,2.749875,3.283917,25
1,64,128,tridiag,1,135.346083,135.285333,135.857959,5
1,64,128,tg_vals,1,25.430312,24.074803,25.722135,6
1,64,128,block_vals,1,11.210604,11.198188,11.347532,14
1,64,128,cpu_vals,1,1.928375,1.370791,2.003000,25
1,64,128,tridiag_vals,1,115.947416,115.921209,116.009958,5
1,128,2,simd,1,0.163083,0.146250,0.172833,25
1,128,2,tg,1,0.165833,0.149667,0.170125,25
1,128,2,ql,1,0.150375,0.143291,0.162000,25
1,128,2,ql_share,1,0.144959,0.139959,0.154083,25
1,128,2,cpu,1,0.052792,0.049333,0.056458,25
1,128,2,simd_vals,1,0.149083,0.137208,0.159209,25
1,128,2,tg_vals,1,0.146792,0.142083,0.159958,25
1,128,2,ql_vals,1,0.134459,0.131375,0.140917,25
1,128,2,ql_share_vals,1,0.111125,0.105167,0.133625,25
1,128,2,cpu_vals,1,0.028041,0.026917,0.028417,25
1,64,512,block,1,606.395125,606.093437,606.703459,3
1,64,512,cpu,1,57.567958,56.756666,57.976375,5
1,64,512,tridiag,1,625.801291,625.663374,626.540271,3
1,64,512,block_vals,1,416.468333,416.410458,417.047083,3
1,64,512,cpu_vals,1,23.680250,23.511375,23.740917,7
1,64,512,tridiag_vals,1,563.208209,563.003980,563.333584,3
1,1,48,tg,1,0.719459,0.675750,0.764667,25
1,1,48,block,1,3.288667,3.238375,3.343500,25
1,1,48,ql,1,0.853833,0.830542,0.886959,25
1,1,48,cpu,1,0.078167,0.077709,0.079250,25
1,1,48,tg_vals,1,0.683083,0.638500,0.722958,25
1,1,48,block_vals,1,3.110250,3.042458,3.157583,25
1,1,48,ql_vals,1,0.717416,0.705375,0.779208,25
1,1,48,cpu_vals,1,0.034250,0.034167,0.034334,25
1,16,32,simd,1,1.737750,1.702125,1.750916,25
1,16,32,tg,1,0.372000,0.369083,0.375291,25
1,16,32,block,1,2.798209,2.748333,2.844291,25
1,16,32,ql,1,0.534791,0.531541,0.537792,25
1,16,32,cpu,1,0.144167,0.139375,0.173625,25
1,16,32,simd_vals,1,1.580416,1.547125,1.587458,25
1,16,32,tg_vals,1,0.354583,0.352917,0.357500,25
1,16,32,block_vals,1,2.771541,2.731000,2.792875,25
1,16,32,ql_vals,1,0.397333,0.390375,0.423375,25
1,16,32,cpu_vals,1,0.084083,0.076625,0.117000,25
1,256,12,simd,1,0.289875,0.283583,0.294542,25
1,256,12,tg,1,0.288917,0.283584,0.296583,25
1,256,12,ql,1,0.247333,0.245791,0.253791,25
1,256,12,ql_share,1,0.380042,0.370542,0.393458,25
1,256,12,cpu,1,0.187959,0.181375,0.202625,25
1,256,12,simd_vals,1,0.252959,0.242375,0.265916,25
1,256,12,tg_vals,1,0.245209,0.240750,0.260458,25
1,256,12,ql_vals,1,0.191042,0.183875,0.209125,25
1,256,12,ql_share_vals,1,0.330583,0.327250,0.338625,25
1,256,12,cpu_vals,1,0.131041,0.125417,0.143083,25
1,128,64,tg,1,5.334791,5.302083,5.348042,25
1,128,64,block,1,5.495875,5.452250,5.603375,25
1,128,64,ql,1,2.630958,2.575916,2.635375,25
1,128,64,ql_share,1,2.760166,2.719125,2.810584,25
1,128,64,cpu,1,1.359041,1.346667,1.370875,25
1,128,64,tg_vals,1,4.725542,4.716917,4.742541,25
1,128,64,block_vals,1,5.302000,5.164375,5.397667,25
1,128,64,ql_vals,1,2.028917,1.996292,2.048375,25
1,128,64,ql_share_vals,1,1.329333,1.294875,1.359208,25
1,128,64,cpu_vals,1,0.600000,0.580875,0.668166,25
1,1,64,tg,1,1.253459,1.232458,1.297458,25
1,1,64,block,1,3.215250,3.197666,3.269792,25
1,1,64,ql,1,1.350125,1.319208,1.358875,25
1,1,64,cpu,1,0.146042,0.142333,0.147500,25
1,1,64,tg_vals,1,1.107708,1.102708,1.153000,25
1,1,64,block_vals,1,3.144708,3.121541,3.193084,25
1,1,64,ql_vals,1,1.058625,1.041375,1.087916,25
1,1,64,cpu_vals,1,0.061375,0.060708,0.061625,25
1,128,8,simd,1,0.192708,0.188042,0.199250,25
1,128,8,tg,1,0.194541,0.185333,0.196041,25
1,128,8,ql,1,0.198542,0.194834,0.200125,25
1,128,8,ql_share,1,0.305250,0.300583,0.311041,25
1,128,8,cpu,1,0.116458,0.104500,0.304291,25
1,128,8,simd_vals,1,0.177375,0.163916,0.188208,25
1,128,8,tg_vals,1,0.161708,0.158375,0.189084,25
1,128,8,ql_vals,1,0.158459,0.154166,0.166709,25
1,128,8,ql_share_vals,1,0.241083,0.237416,0.245875,25
1,128,8,cpu_vals,1,0.086875,0.076334,0.163750,25
1,4,512,tg,1,538.937917,538.894458,538.942896,3
1,4,512,block,1,43.688041,43.679750,43.699125,5
1,4,512,cpu,1,10.399791,10.024083,10.771187,15
1,4,512,tridiag,1,41.302709,41.289292,41.319917,5
1,4,512,tg_vals,1,444.975125,444.960458,445.109541,3
1,4,512,block_vals,1,38.617959,38.541041,38.642500,5
1,4,512,cpu_vals,1,4.769958,4.741250,4.796209,25
1,4,512,tridiag_vals,1,36.662000,36.550459,36.741250,5
1,1,96,tg,1,3.632375,3.623791,3.640917,25
1,1,96,block,1,4.796875,4.696500,4.851500,25
1,1,96,cpu,1,0.291375,0.288959,0.293875,25
1,1,96,tg_vals,1,3.303917,3.288375,3.311125,25
1,1,96,block_vals,1,4.679458,4.616792,4.708375,25
1,1,96,cpu_vals,1,0.145042,0.144708,0.147416,25
1,128,4,simd,1,0.159167,0.147292,0.167917,25
1,128,4,tg,1,0.150875,0.148458,0.153458,25
1,128,4,ql,1,0.149459,0.145750,0.159917,25
1,128,4,ql_share,1,0.168333,0.130333,0.189584,25
1,128,4,cpu,1,0.110250,0.108000,0.114625,25
1,128,4,simd_vals,1,0.148041,0.144416,0.155458,25
1,128,4,tg_vals,1,0.149417,0.145083,0.152708,25
1,128,4,ql_vals,1,0.147959,0.145458,0.162959,25
1,128,4,ql_share_vals,1,0.150583,0.131834,0.158417,25
1,128,4,cpu_vals,1,0.063334,0.061375,0.070250,25
1,2048,4,simd,1,0.229375,0.223416,0.232500,25
1,2048,4,tg,1,0.233041,0.231167,0.237875,25
1,2048,4,ql,1,0.227792,0.226625,0.229875,25
1,2048,4,ql_share,1,0.333000,0.327750,0.338708,25
1,2048,4,cpu,1,0.217958,0.209875,0.226917,25
1,2048,4,simd_vals,1,0.224417,0.218875,0.229875,25
1,2048,4,tg_vals,1,0.220208,0.218000,0.221916,25
1,2048,4,ql_vals,1,0.203125,0.191000,0.206458,25
1,2048,4,ql_share_vals,1,0.326042,0.318083,0.330167,25
1,2048,4,cpu_vals,1,0.159375,0.156625,0.167875,25
1,64,96,tg,1,11.503167,11.345708,11.767541,13
1,64,96,block,1,7.650500,7.612751,7.749219,20
1,64,96,cpu,1,1.571875,1.560791,1.599083,25
1,64,96,tg_vals,1,9.238667,9.216125,9.309125,17
1,64,96,block_vals,1,7.193791,7.082917,7.295416,21
1,64,96,cpu_vals,1,0.864875,0.858125,0.880709,25
1,1,8,simd,1,0.328000,0.313375,0.338333,25
1,1,8,tg,1,0.315500,0.224833,0.346625,25
1,1,8,ql,1,0.197584,0.187917,0.203583,25
1,1,8,cpu,1,0.003917,0.003834,0.004167,25
1,1,8,simd_vals,1,0.220250,0.170417,0.231000,25
1,1,8,tg_vals,1,0.202041,0.176083,0.238083,25
1,1,8,ql_vals,1,0.184375,0.171334,0.189084,25
1,1,8,cpu_vals,1,0.002416,0.002250,0.002542,25
1,32,96,tg,1,5.825125,5.806416,5.837583,25
1,32,96,block,1,5.377417,5.266459,5.523875,25
1,32,96,cpu,1,0.830417,0.824875,0.843208,25
1,32,96,tg_vals,1,5.188125,5.170542,5.195791,25
1,32,96,block_vals,1,5.126792,5.061625,5.195625,25
1,32,96,cpu_vals,1,0.545833,0.480458,0.635208,25
1,512,16,simd,1,0.580958,0.574083,0.590291,25
1,512,16,tg,1,0.510667,0.505334,0.515167,25
1,512,16,ql,1,0.398166,0.397166,0.401958,25
1,512,16,ql_share,1,0.496792,0.491250,0.515084,25
1,512,16,cpu,1,0.420542,0.413666,0.429375,25
1,512,16,simd_vals,1,0.514875,0.511500,0.517125,25
1,512,16,tg_vals,1,0.453708,0.450000,0.457875,25
1,512,16,ql_vals,1,0.304625,0.301208,0.312416,25
1,512,16,ql_share_vals,1,0.380667,0.375292,0.390500,25
1,512,16,cpu_vals,1,0.220417,0.215584,0.241375,25
1,256,4,simd,1,0.172542,0.163792,0.176417,25
1,256,4,tg,1,0.172250,0.161916,0.174375,25
1,256,4,ql,1,0.177291,0.172625,0.180000,25
1,256,4,ql_share,1,0.279416,0.269750,0.281583,25
1,256,4,cpu,1,0.113750,0.082334,0.215917,25
1,256,4,simd_vals,1,0.156000,0.149334,0.171833,25
1,256,4,tg_vals,1,0.149000,0.147125,0.167084,25
1,256,4,ql_vals,1,0.142708,0.139208,0.146958,25
1,256,4,ql_share_vals,1,0.231041,0.227667,0.238292,25
1,256,4,cpu_vals,1,0.118708,0.098500,0.124875,25
1,128,32,simd,1,1.822792,1.773583,1.834083,25
1,128,32,tg,1,0.998208,0.947750,1.052208,25
1,128,32,block,1,3.130625,3.069333,3.161791,25
1,128,32,ql,1,0.585667,0.581666,0.589125,25
1,128,32,ql_share,1,0.694875,0.692125,0.705958,25
1,128,32,cpu,1,0.428750,0.396000,0.646334,25
1,128,32,simd_vals,1,1.624791,1.589500,1.632042,25
1,128,32,tg_vals,1,0.908292,0.860916,0.947541,25
1,128,32,block_vals,1,2.993375,2.940917,3.049500,25
1,128,32,ql_vals,1,0.442625,0.436625,0.525667,25
1,128,32,ql_share_vals,1,0.541500,0.535542,0.561000,25
1,128,32,cpu_vals,1,0.222542,0.199125,0.650583,25
1,4,48,tg,1,0.750583,0.673916,0.771625,25
1,4,48,block,1,3.193125,3.160166,3.221667,25
1,4,48,ql,1,0.868125,0.836208,0.921375,25
1,4,48,cpu,1,0.100792,0.100167,0.102250,25
1,4,48,tg_vals,1,0.693833,0.635792,0.720291,25
1,4,48,block_vals,1,3.116041,3.076792,3.154959,25
1,4,48,ql_vals,1,0.703000,0.692333,0.750791,25
1,4,48,cpu_vals,1,0.056792,0.056166,0.057459,25
1,4,32,simd,1,1.731541,1.710958,1.748375,25
1,4,32,tg,1,0.367417,0.363917,0.371042,25
1,4,32,block,1,3.024208,2.823750,3.176458,25
1,4,32,ql,1,0.544666,0.541000,0.549833,25
1,4,32,cpu,1,0.059375,0.057292,0.061667,25
1,4,32,simd_vals,1,1.578375,1.556208,1.595667,25
1,4,32,tg_vals,1,0.354541,0.347875,0.357375,25
1,4,32,block_vals,1,3.237542,3.128750,3.289750,25
1,4,32,ql_vals,1,0.434875,0.425458,0.457834,25
1,4,32,cpu_vals,1,0.036041,0.035666,0.038417,25
1,1024,4,simd,1,0.201791,0.199708,0.206250,25
1,1024,4,tg,1,0.199709,0.196917,0.202375,25
1,1024,4,ql,1,0.198667,0.196917,0.199458,25
1,1024,4,ql_share,1,0.321625,0.314375,0.327458,25
1,1024,4,cpu,1,0.152084,0.149792,0.155459,25
1,1024,4,simd_vals,1,0.199750,0.196500,0.202334,25
1,1024,4,tg_vals,1,0.192708,0.184625,0.198834,25
1,1024,4,ql_vals,1,0.180334,0.170875,0.184916,25
1,1024,4,ql_share_vals,1,0.309459,0.302084,0.318084,25
1,1024,4,cpu_vals,1,0.131500,0.122250,0.236167,25
1,4,64,tg,1,1.244292,1.207583,1.287000,25
1,4,64,block,1,3.211667,3.182417,3.232584,25
1,4,64,ql,1,1.336167,1.309458,1.374209,25
1,4,64,cpu,1,0.165500,0.164833,0.170125,25
1,4,64,tg_vals,1,1.120000,1.109625,1.163417,25
1,4,64,block_vals,1,3.138208,3.127541,3.168541,25
1,4,64,ql_vals,1,1.052625,1.030291,1.083709,25
1,4,64,cpu_vals,1,0.079083,0.078000,0.080291,25
1,64,48,tg,1,1.614625,1.558375,1.624916,25
1,64,48,block,1,3.809833,3.758083,3.887250,25
1,64,48,ql,1,0.940375,0.883875,0.987750,25
1,64,48,ql_share,1,1.089667,0.998250,1.108542,25
1,64,48,cpu,1,0.462333,0.452958,0.646291,25
1,64,48,tg_vals,1,1.433792,1.413666,1.443542,25
1,64,48,block_vals,1,3.580000,3.516583,3.638042,25
1,64,48,ql_vals,1,0.721959,0.712209,0.780833,25
1,64,48,ql_share_vals,1,0.900792,0.835000,0.934083,25
1,64,48,cpu_vals,1,0.249709,0.243334,0.267334,25
1,1,24,simd,1,0.786792,0.753875,0.814083,25
1,1,24,tg,1,0.279417,0.264209,0.281791,25
1,1,24,ql,1,0.380625,0.364625,0.404541,25
1,1,24,cpu,1,0.022083,0.022042,0.022125,25
1,1,24,simd_vals,1,0.697458,0.682167,0.759458,25
1,1,24,tg_vals,1,0.257125,0.251750,0.268084,25
1,1,24,ql_vals,1,0.297333,0.285584,0.305125,25
1,1,24,cpu_vals,1,0.008084,0.008000,0.008709,25
1,4,16,simd,1,0.337542,0.316333,0.354417,25
1,4,16,tg,1,0.215250,0.209958,0.230125,25
1,4,16,ql,1,0.259125,0.246125,0.264083,25
1,4,16,cpu,1,0.023833,0.022209,0.025708,25
1,4,16,simd_vals,1,0.320333,0.311375,0.327958,25
1,4,16,tg_vals,1,0.228584,0.215542,0.236958,25
1,4,16,ql_vals,1,0.230875,0.213875,0.235542,25
1,4,16,cpu_vals,1,0.020959,0.019625,0.021708,25
1,1,16,simd,1,0.336500,0.325083,0.339667,25
1,1,16,tg,1,0.226792,0.217417,0.234458,25
1,1,16,ql,1,0.259458,0.254375,0.269834,25
1,1,16,cpu,1,0.009792,0.009708,0.011042,25
1,1,16,simd_vals,1,0.322291,0.308250,0.328750,25
1,1,16,tg_vals,1,0.229292,0.212000,0.233583,25
1,1,16,ql_vals,1,0.243375,0.231208,0.264625,25
1,1,16,cpu_vals,1,0.004334,0.004333,0.004416,25
1,4096,2,simd,1,0.191500,0.175417,0.199875,25
1,4096,2,tg,1,0.190125,0.174000,0.196167,25
1,4096,2,ql,1,0.192167,0.180875,0.197375,25
1,4096,2,ql_share,1,0.313791,0.309708,0.319792,25
1,4096,2,cpu,1,0.200500,0.196458,0.210333,25
1,4096,2,simd_vals,1,0.194500,0.191041,0.197500,25
1,4096,2,tg_vals,1,0.189875,0.174041,0.191625,25
1,4096,2,ql_vals,1,0.185917,0.183709,0.188042,25
1,4096,2,ql_share_vals,1,0.303625,0.299542,0.313792,25
1,4096,2,cpu_vals,1,0.143084,0.138875,0.145958,25
1,64,384,block,1,249.055000,249.045916,249.081375,5
1,64,384,cpu,1,26.807479,26.588531,26.936146,6
1,64,384,tridiag,1,447.539041,447.116333,447.630228,3
1,64,384,block_vals,1,170.822667,170.768167,170.984333,5
1,64,384,cpu_vals,1,13.180625,12.961249,13.363333,12
1,64,384,tridiag_vals,1,402.616917,402.541375,402.622625,3
1,8,4,simd,1,0.156792,0.148500,0.174709,25
1,8,4,tg,1,0.166292,0.153584,0.173042,25
1,8,4,ql,1,0.168417,0.159084,0.185166,25
1,8,4,cpu,1,0.021084,0.015125,0.023958,25
1,8,4,simd_vals,1,0.167417,0.152084,0.184750,25
1,8,4,tg_vals,1,0.154334,0.147541,0.170708,25
1,8,4,ql_vals,1,0.149125,0.143042,0.185208,25
1,8,4,cpu_vals,1,0.006417,0.005458,0.016917,25
1,16,48,tg,1,0.723792,0.669667,0.763125,25
1,16,48,block,1,3.235333,3.189042,3.268583,25
1,16,48,ql,1,0.907292,0.898417,0.947333,25
1,16,48,cpu,1,0.209500,0.205334,0.218208,25
1,16,48,tg_vals,1,0.711000,0.645750,0.726542,25
1,16,48,block_vals,1,3.189000,3.127875,3.210667,25
1,16,48,ql_vals,1,0.723209,0.708542,0.793833,25
1,16,48,cpu_vals,1,0.149750,0.144250,0.546250,25
1,256,32,simd,1,1.937875,1.907542,1.989708,25
1,256,32,tg,1,1.609500,1.596667,1.657042,25
1,256,32,block,1,3.469958,3.444708,3.517125,25
1,256,32,ql,1,0.636917,0.632084,0.650375,25
1,256,32,ql_share,1,0.779417,0.745541,0.949375,25
1,256,32,cpu,1,0.690541,0.678084,0.746084,25
1,256,32,simd_vals,1,1.702625,1.670834,1.722083,25
1,256,32,tg_vals,1,1.427875,1.379292,1.452875,25
1,256,32,block_vals,1,3.336917,3.294750,3.385500,25
1,256,32,ql_vals,1,0.453750,0.450291,0.462042,25
1,256,32,ql_share_vals,1,0.546792,0.540041,0.613916,25
1,256,32,cpu_vals,1,0.359375,0.289541,0.604584,25
1,1,12,simd,1,0.240583,0.228875,0.250083,25
1,1,12,tg,1,0.206208,0.185709,0.248500,25
1,1,12,ql,1,0.250042,0.218125,0.260000,25
1,1,12,cpu,1,0.006167,0.006125,0.006250,25
1,1,12,simd_vals,1,0.258959,0.230125,0.265542,25
1,1,12,tg_vals,1,0.204541,0.189833,0.227542,25
1,1,12,ql_vals,1,0.211333,0.197250,0.247209,25
1,1,12,cpu_vals,1,0.003375,0.003333,0.003500,25
1,2,64,tg,1,1.244875,1.204792,1.299375,25
1,2,64,block,1,3.213125,3.171541,3.245250,25
1,2,64,ql,1,1.350250,1.315833,1.361625,25
1,2,64,cpu,1,0.169292,0.164167,0.173417,25
1,2,64,tg_vals,1,1.141291,1.104667,1.168625,25
1,2,64,block_vals,1,3.135833,3.117583,3.167709,25
1,2,64,ql_vals,1,1.046459,1.015125,1.067167,25
1,2,64,cpu_vals,1,0.080209,0.079125,0.081916,25
1,128,384,block,1,524.975292,524.859542,525.657000,3
1,128,384,cpu,1,52.510083,52.229375,52.756458,5
1,128,384,tridiag,1,894.984334,894.412271,895.166063,3
1,128,384,block_vals,1,369.096750,369.063250,369.165291,3
1,128,384,cpu_vals,1,24.023625,23.936646,24.222521,7
1,128,384,tridiag_vals,1,804.049250,803.046667,804.355021,3
1,1024,64,tg,1,39.119125,39.024666,39.491958,5
1,1024,64,block,1,24.957375,24.919270,25.062417,7
1,1024,64,ql,1,11.607125,11.584583,11.662750,13
1,1024,64,ql_share,1,6.807958,6.778739,6.866875,22
1,1024,64,cpu,1,10.106980,9.954271,10.163646,16
1,1024,64,tg_vals,1,32.775291,32.758125,32.835708,5
1,1024,64,block_vals,1,21.261542,21.173188,21.338833,8
1,1024,64,ql_vals,1,8.491458,8.453146,8.509896,18
1,1024,64,ql_share_vals,1,3.141208,3.123584,4.117792,25
1,1024,64,cpu_vals,1,4.534417,4.126417,4.617000,25
1,4,256,tg,1,55.100792,55.064542,55.108916,5
1,4,256,block,1,12.786479,12.718594,12.894396,12
1,4,256,cpu,1,2.367083,2.350667,2.387792,25
1,4,256,tridiag,1,18.208917,18.169833,18.229875,9
1,4,256,tg_vals,1,53.869292,53.864916,53.889750,5
1,4,256,block_vals,1,12.190708,12.147541,12.281875,13
1,4,256,cpu_vals,1,1.137625,1.132542,1.140458,25
1,4,256,tridiag_vals,1,16.359499,16.326500,16.431521,10
1,512,12,simd,1,0.384375,0.378125,0.390709,25
1,512,12,tg,1,0.364042,0.361792,0.367959,25
1,512,12,ql,1,0.304291,0.299833,0.307334,25
1,512,12,ql_share,1,0.425958,0.416042,0.435042,25
1,512,12,cpu,1,0.284708,0.282500,0.290458,25
1,512,12,simd_vals,1,0.349667,0.342209,0.354208,25
1,512,12,tg_vals,1,0.331416,0.326709,0.334792,25
1,512,12,ql_vals,1,0.247041,0.240208,0.249750,25
1,512,12,ql_share_vals,1,0.348542,0.346583,0.358166,25
1,512,12,cpu_vals,1,0.186209,0.177417,0.199500,25
1,8,384,tg,1,235.379791,235.283792,235.397416,5
1,8,384,block,1,31.951083,31.875084,31.992750,5
1,8,384,cpu,1,6.348375,6.243646,6.511522,24
1,8,384,tridiag,1,57.535667,57.534791,57.604541,5
1,8,384,tg_vals,1,189.516167,189.481459,189.563417,5
1,8,384,block_vals,1,27.746187,27.702000,27.801781,6
1,8,384,cpu_vals,1,3.624250,3.106541,3.817792,25
1,8,384,tridiag_vals,1,50.985125,50.975083,51.074542,5
1,64,12,simd,1,0.270625,0.265625,0.278250,25
1,64,12,tg,1,0.229708,0.226125,0.234667,25
1,64,12,ql,1,0.232625,0.228583,0.238125,25
1,64,12,ql_share,1,0.343000,0.333708,0.350041,25
1,64,12,cpu,1,0.236959,0.124625,0.297291,25
1,64,12,simd_vals,1,0.256125,0.246583,0.262333,25
1,64,12,tg_vals,1,0.202958,0.192834,0.212625,25
1,64,12,ql_vals,1,0.180500,0.177167,0.200833,25
1,64,12,ql_share_vals,1,0.265667,0.261583,0.268583,25
1,64,12,cpu_vals,1,0.107334,0.072708,0.150458,25
1,4096,48,tg,1,59.512500,59.498250,59.565459,5
1,4096,48,block,1,85.428625,85.377042,85.563625,5
1,4096,48,ql,1,17.064500,16.981084,17.132958,9
1,4096,48,ql_share,1,11.563875,11.372083,11.988541,13
1,4096,48,cpu,1,22.646959,22.354271,22.879396,7
1,4096,48,tg_vals,1,51.528250,51.460250,51.611750,5
1,4096,48,block_vals,1,75.677667,75.633000,75.746250,5
1,4096,48,ql_vals,1,11.768000,11.738500,11.810125,13
1,4096,48,ql_share_vals,1,6.369250,6.286417,6.401938,24
1,4096,48,cpu_vals,1,9.667313,9.542969,9.761750,16
1,64,32,simd,1,1.784292,1.764833,1.791542,25
1,64,32,tg,1,0.589875,0.587166,0.594750,25
1,64,32,block,1,2.857667,2.845584,2.927042,25
1,64,32,ql,1,0.553708,0.550333,0.558500,25
1,64,32,ql_share,1,0.670667,0.665958,0.676375,25
1,64,32,cpu,1,0.246875,0.243625,0.271833,25
1,64,32,simd_vals,1,1.592958,1.557792,1.606709,25
1,64,32,tg_vals,1,0.541125,0.528959,0.546166,25
1,64,32,block_vals,1,2.785958,2.763958,2.826292,25
1,64,32,ql_vals,1,0.419875,0.408625,0.435542,25
1,64,32,ql_share_vals,1,0.522083,0.518375,0.529459,25
1,64,32,cpu_vals,1,0.147250,0.143750,0.157500,25
1,2,2048,block,1,1152.644500,1152.352916,1153.535917,3
1,2,2048,cpu,1,316.179917,309.540813,319.263729,3
1,2,2048,tridiag,1,185.808792,185.491083,186.310792,5
1,2,2048,block_vals,1,687.536125,687.394500,687.799916,3
1,2,2048,cpu_vals,1,107.363375,107.192125,107.567667,5
1,2,2048,tridiag_vals,1,151.622083,151.310083,151.746666,5
1,1024,2,simd,1,0.179916,0.172375,0.849250,25
1,1024,2,tg,1,0.183625,0.181417,0.195542,25
1,1024,2,ql,1,0.176125,0.172333,0.177667,25
1,1024,2,ql_share,1,0.296042,0.286250,0.305042,25
1,1024,2,cpu,1,0.121375,0.107292,0.294333,25
1,1024,2,simd_vals,1,0.151792,0.146125,0.163542,25
1,1024,2,tg_vals,1,0.163167,0.147625,0.167833,25
1,1024,2,ql_vals,1,0.156250,0.145083,0.165959,25
1,1024,2,ql_share_vals,1,0.283042,0.267000,0.292250,25
1,1024,2,cpu_vals,1,0.150959,0.080208,0.159292,25
1,4,24,simd,1,0.749292,0.727958,0.796542,25
1,4,24,tg,1,0.283833,0.272666,0.287625,25
1,4,24,ql,1,0.396916,0.382292,0.461583,25
1,4,24,cpu,1,0.037000,0.036500,0.043375,25
1,4,24,simd_vals,1,0.742500,0.694959,0.773500,25
1,4,24,tg_vals,1,0.272208,0.267208,0.275375,25
1,4,24,ql_vals,1,0.309833,0.303041,0.314166,25
1,4,24,cpu_vals,1,0.021292,0.020916,0.021791,25
1,8,256,tg,1,62.547167,62.527041,62.564250,5
1,8,256,block,1,14.760541,14.708187,14.818563,11
1,8,256,cpu,1,2.717875,2.698500,2.762542,25
1,8,256,tridiag,1,36.046250,36.036375,36.065083,5
1,8,256,tg_vals,1,60.304541,60.300416,60.308708,5
1,8,256,block_vals,1,13.496458,13.398406,13.547573,12
1,8,256,cpu_vals,1,1.330958,1.327334,1.336000,25
1,8,256,tridiag_vals,1,32.362500,32.286417,32.416459,5
1,64,2,simd,1,0.160708,0.155708,0.165834,25
1,64,2,tg,1,0.164667,0.157791,0.168041,25
1,64,2,ql,1,0.152042,0.142750,0.160000,25
1,64,2,ql_share,1,0.149042,0.143333,0.156250,25
1,64,2,cpu,1,0.030834,0.029834,0.031833,25
1,64,2,simd_vals,1,0.150584,0.141959,0.159292,25
1,64,2,tg_vals,1,0.147750,0.142041,0.161125,25
1,64,2,ql_vals,1,0.137750,0.135166,0.147750,25
1,64,2,ql_share_vals,1,0.136959,0.129167,0.146750,25
1,64,2,cpu_vals,1,0.018000,0.017833,0.018750,25
1,4,8,simd,1,0.294459,0.251834,0.322375,25
1,4,8,tg,1,0.221542,0.199917,0.249167,25
1,4,8,ql,1,0.222125,0.215333,0.227666,25
1,4,8,cpu,1,0.019792,0.019334,0.020458,25
1,4,8,simd_vals,1,0.214666,0.208125,0.230958,25
1,4,8,tg_vals,1,0.187334,0.174625,0.190834,25
1,4,8,ql_vals,1,0.179542,0.168541,0.202000,25
1,4,8,cpu_vals,1,0.012792,0.009166,0.014125,25
1,32,768,block,1,989.729709,989.402188,989.807875,3
1,32,768,cpu,1,77.799458,76.560208,77.815250,5
1,32,768,tridiag,1,510.266500,510.041167,512.454833,3
1,32,768,block_vals,1,672.082333,671.480646,672.195958,3
1,32,768,cpu_vals,1,31.926542,31.890292,32.131166,5
1,32,768,tridiag_vals,1,456.231209,455.800417,457.521604,3
1,1024,12,simd,1,0.526334,0.517916,0.537208,25
1,1024,12,tg,1,0.518000,0.513125,0.529583,25
1,1024,12,ql,1,0.410167,0.408375,0.415375,25
1,1024,12,ql_share,1,0.630000,0.548500,0.652250,25
1,1024,12,cpu,1,0.452291,0.445958,0.457875,25
1,1024,12,simd_vals,1,0.461000,0.455959,0.469250,25
1,1024,12,tg_vals,1,0.460625,0.453042,0.529542,25
1,1024,12,ql_vals,1,0.318666,0.313500,0.321000,25
1,1024,12,ql_share_vals,1,0.330375,0.324916,0.346875,25
1,1024,12,cpu_vals,1,0.245833,0.224375,0.617916,25
1,16,192,tg,1,29.087750,29.071802,29.112948,6
1,16,192,block,1,11.713083,11.594167,11.780750,13
1,16,192,cpu,1,1.969834,1.858958,2.433042,25
1,16,192,tridiag,1,52.979000,52.952417,53.061792,5
1,16,192,tg_vals,1,25.744396,25.721531,25.760854,6
1,16,192,block_vals,1,10.675709,10.452083,10.755605,15
1,16,192,cpu_vals,1,0.931917,0.861084,1.311375,25
1,16,192,tridiag_vals,1,46.203958,46.196125,46.329750,5
1,256,64,tg,1,10.420000,10.278833,10.622625,15
1,256,64,block,1,8.112959,8.016250,8.261854,19
1,256,64,ql,1,3.907542,3.902667,3.912750,25
1,256,64,ql_share,1,2.898708,2.873125,3.005959,25
1,256,64,cpu,1,2.602334,2.523833,2.643000,25
1,256,64,tg_vals,1,8.535355,8.496573,8.574103,18
1,256,64,block_vals,1,7.519709,7.429937,7.610458,20
1,256,64,ql_vals,1,2.927833,2.912542,2.934583,25
1,256,64,ql_share_vals,1,2.193250,2.168416,2.572959,25
1,256,64,cpu_vals,1,1.115167,1.071542,1.314125,25
1,8,64,tg,1,1.260791,1.220250,1.818041,25
1,8,64,block,1,3.232333,3.191875,3.274666,25
1,8,64,ql,1,1.389458,1.384166,1.394291,25
1,8,64,cpu,1,0.266750,0.257583,0.291750,25
1,8,64,tg_vals,1,1.144958,1.112250,1.149083,25
1,8,64,block_vals,1,3.182875,3.157083,3.214000,25
1,8,64,ql_vals,1,1.065625,1.045250,1.074541,25
1,8,64,cpu_vals,1,0.134208,0.130167,0.139959,25
1,32,384,tg,1,763.906667,763.598604,765.955688,3
1,32,384,block,1,113.245875,113.215458,113.473750,5
1,32,384,cpu,1,14.739917,14.717980,15.122249,11
1,32,384,tridiag,1,223.881834,223.822958,224.060250,5
1,32,384,tg_vals,1,485.739917,485.681625,486.022187,3
1,32,384,block_vals,1,81.557833,81.531000,81.744750,5
1,32,384,cpu_vals,1,7.419917,7.055209,7.659625,21
1,32,384,tridiag_vals,1,201.502500,201.338334,201.656000,5
1,4,4,simd,1,0.162333,0.149667,0.185042,25
1,4,4,tg,1,0.153625,0.149250,0.171958,25
1,4,4,ql,1,0.164875,0.155250,0.181750,25
1,4,4,cpu,1,0.008500,0.008125,0.010000,25
1,4,4,simd_vals,1,0.167084,0.153375,0.217375,25
1,4,4,tg_vals,1,0.169666,0.154875,0.227291,25
1,4,4,ql_vals,1,0.158708,0.145417,0.225500,25
1,4,4,cpu_vals,1,0.007667,0.006542,0.010584,25
1,64,64,tg,1,3.293958,3.285625,3.304500,25
1,64,64,block,1,3.900000,3.823583,4.014959,25
1,64,64,ql,1,1.460167,1.406417,1.511833,25
1,64,64,ql_share,1,1.618291,1.587958,1.684000,25
1,64,64,cpu,1,0.715083,0.708042,0.722667,25
1,64,64,tg_vals,1,2.917917,2.903584,2.926125,25
1,64,64,block_vals,1,3.654750,3.639333,3.750125,25
1,64,64,ql_vals,1,1.148291,1.114375,1.161750,25
1,64,64,ql_share_vals,1,1.286667,1.242083,1.324416,25
1,64,64,cpu_vals,1,0.391833,0.336959,0.628875,25
1,64,192,tg,1,141.757750,140.815875,141.776209,5
1,64,192,block,1,31.180041,31.179791,31.269833,5
1,64,192,cpu,1,6.479666,6.336479,6.683104,23
1,64,192,tridiag,1,210.992291,210.943791,211.274667,5
1,64,192,tg_vals,1,82.512500,82.036750,82.893000,5
1,64,192,block_vals,1,27.285459,27.272281,27.353636,6
1,64,192,cpu_vals,1,3.079500,3.021458,3.591625,25
1,64,192,tridiag_vals,1,184.599333,184.555125,184.790083,5
1,1,128,tg,1,7.952333,7.940833,7.956208,19
1,1,128,block,1,5.858208,5.590083,5.920292,25
1,1,128,cpu,1,0.496709,0.494209,0.498833,25
1,1,128,tridiag,1,2.354834,2.346917,2.370208,25
1,1,128,tg_vals,1,7.187333,7.175542,7.201083,21
1,1,128,block_vals,1,5.630625,5.555834,5.778209,25
1,1,128,cpu_vals,1,0.262750,0.262625,0.263667,25
1,1,128,tridiag_vals,1,1.906750,1.902209,1.914958,25
1,8,2,simd,1,0.158917,0.146625,0.215833,25
1,8,2,tg,1,0.145083,0.141125,0.164500,25
1,8,2,ql,1,0.158166,0.140708,0.175625,25
1,8,2,cpu,1,0.005709,0.004875,0.013125,25
1,8,2,simd_vals,1,0.164042,0.149875,0.210583,25
1,8,2,tg_vals,1,0.165708,0.150917,0.194375,25
1,8,2,ql_vals,1,0.148500,0.135958,0.167333,25
1,8,2,cpu_vals,1,0.011083,0.005125,0.013083,25
1,8,48,tg,1,0.723875,0.680292,0.756917,25
1,8,48,block,1,3.239334,3.186250,3.282708,25
1,8,48,ql,1,0.878625,0.833541,0.930125,25
1,8,48,cpu,1,0.197708,0.189958,0.202125,25
1,8,48,tg_vals,1,0.661125,0.632208,0.719542,25
1,8,48,block_vals,1,3.141541,3.120167,3.166417,25
1,8,48,ql_vals,1,0.708834,0.697708,0.764709,25
1,8,48,cpu_vals,1,0.094333,0.091084,0.114958,25
1,2,768,block,1,73.700917,73.614042,73.799583,5
1,2,768,cpu,1,20.691167,20.659792,20.898135,8
1,2,768,tridiag,1,36.884959,36.821292,37.053084,5
1,2,768,block_vals,1,64.929250,64.818833,64.971500,5
1,2,768,cpu_vals,1,10.160917,10.117104,10.314813,15
1,2,768,tridiag_vals,1,32.201709,32.143000,32.218167,5
1,256,24,simd,1,0.954167,0.894875,1.520958,25
1,256,24,tg,1,0.811500,0.754583,0.860042,25
1,256,24,ql,1,0.450166,0.446916,0.452958,25
1,256,24,ql_share,1,0.572792,0.566834,0.577542,25
1,256,24,cpu,1,0.473833,0.468000,0.479250,25
1,256,24,simd_vals,1,0.773458,0.744625,0.829959,25
1,256,24,tg_vals,1,0.759542,0.671750,0.766375,25
1,256,24,ql_vals,1,0.335583,0.330000,0.339958,25
1,256,24,ql_share_vals,1,0.451625,0.444625,0.477500,25
1,256,24,cpu_vals,1,0.235916,0.214958,0.641791,25
1,4,128,tg,1,7.983000,7.972021,7.987958,19
1,4,128,block,1,5.922750,5.869334,6.068625,25
1,4,128,cpu,1,0.578667,0.570542,0.581000,25
1,4,128,tridiag,1,8.515667,8.416313,8.559417,18
1,4,128,tg_vals,1,7.199000,7.179875,7.204875,21
1,4,128,block_vals,1,5.801625,5.749208,5.912000,25
1,4,128,cpu_vals,1,0.296583,0.295334,0.299000,25
1,4,128,tridiag_vals,1,7.401334,7.313667,7.437375,21
1,2,48,tg,1,0.676209,0.669667,0.757000,25
1,2,48,block,1,3.150167,3.092750,3.177167,25
1,2,48,ql,1,0.865042,0.833042,0.918042,25
1,2,48,cpu,1,0.100625,0.098417,0.102458,25
1,2,48,tg_vals,1,0.676333,0.646750,0.717750,25
1,2,48,block_vals,1,3.122292,3.105125,3.126750,25
1,2,48,ql_vals,1,0.752542,0.718166,0.782209,25
1,2,48,cpu_vals,1,0.056042,0.054750,0.057083,25
1,256,16,simd,1,0.388458,0.384875,0.391333,25
1,256,16,tg,1,0.375208,0.372375,0.377500,25
1,256,16,ql,1,0.308333,0.305250,0.311000,25
1,256,16,ql_share,1,0.451792,0.442375,0.465625,25
1,256,16,cpu,1,0.262541,0.255459,0.300541,25
1,256,16,simd_vals,1,0.353375,0.349167,0.355709,25
1,256,16,tg_vals,1,0.332625,0.319250,0.338041,25
1,256,16,ql_vals,1,0.250042,0.247250,0.252292,25
1,256,16,ql_share_vals,1,0.390292,0.382625,0.396709,25
1,256,16,cpu_vals,1,0.165542,0.158500,0.177375,25
1,2,1536,block,1,430.845416,430.742083,431.033813,3
1,2,1536,cpu,1,112.929958,112.480500,113.310750,5
1,2,1536,tridiag,1,106.999333,106.904917,107.100042,5
1,2,1536,block_vals,1,288.637750,288.602917,288.666416,5
1,2,1536,cpu_vals,1,54.757250,54.268625,54.760916,5
1,2,1536,tridiag_vals,1,88.036083,87.703250,88.070292,5
1,8,8,simd,1,0.190417,0.184791,0.194292,25
1,8,8,tg,1,0.194458,0.182459,0.201125,25
1,8,8,ql,1,0.195208,0.188583,0.205916,25
1,8,8,cpu,1,0.023708,0.021417,0.026042,25
1,8,8,simd_vals,1,0.184000,0.174584,0.188959,25
1,8,8,tg_vals,1,0.178458,0.174167,0.187583,25
1,8,8,ql_vals,1,0.168333,0.161375,0.180208,25
1,8,8,cpu_vals,1,0.012958,0.012458,0.021167,25
1,2048,32,simd,1,11.250625,11.220490,11.303625,14
1,2048,32,tg,1,8.578583,8.564073,8.617521,18
1,2048,32,block,1,10.098250,10.049895,10.142688,15
1,2048,32,ql,1,2.892042,2.862583,2.931417,25
1,2048,32,ql_share,1,2.667416,2.618375,2.697417,25
1,2048,32,cpu,1,5.094125,4.812083,5.206375,25
1,2048,32,simd_vals,1,7.737500,7.724500,7.763635,20
1,2048,32,tg_vals,1,7.297083,7.271458,7.325750,21
1,2048,32,block_vals,1,9.121833,9.105375,9.237292,17
1,2048,32,ql_vals,1,1.767042,1.729459,1.800708,25
1,2048,32,ql_share_vals,1,1.342750,1.329500,1.356833,25
1,2048,32,cpu_vals,1,1.824792,1.766250,2.172708,25
1,2048,128,block,1,330.020916,329.707646,330.172521,3
1,2048,128,cpu,1,73.979208,73.342500,74.682833,5
1,2048,128,block_vals,1,273.621416,273.592125,273.916000,5
1,2048,128,cpu_vals,1,37.846542,37.715458,38.056125,5
1,32,64,tg,1,1.842916,1.806542,1.893917,25
1,32,64,block,1,3.495375,3.451500,3.510417,25
1,32,64,ql,1,1.404209,1.361333,1.420542,25
1,32,64,cpu,1,0.460583,0.453875,0.471292,25
1,32,64,tg_vals,1,1.649500,1.623291,1.666666,25
1,32,64,block_vals,1,3.384458,3.329917,3.437375,25
1,32,64,ql_vals,1,1.136542,1.124417,1.174792,25
1,32,64,cpu_vals,1,0.251583,0.211084,0.631792,25
1,2048,2,simd,1,0.184959,0.180917,0.190625,25
1,2048,2,tg,1,0.184792,0.174250,0.188417,25
1,2048,2,ql,1,0.179916,0.172833,0.186125,25
1,2048,2,ql_share,1,0.311416,0.299666,0.316375,25
1,2048,2,cpu,1,0.146084,0.142083,0.152250,25
1,2048,2,simd_vals,1,0.167666,0.156625,0.174208,25
1,2048,2,tg_vals,1,0.176583,0.161417,0.180625,25
1,2048,2,ql_vals,1,0.172125,0.159250,0.175708,25
1,2048,2,ql_share_vals,1,0.289792,0.277041,0.297458,25
1,2048,2,cpu_vals,1,0.103542,0.098625,0.285209,25
1,256,256,block,1,318.964958,318.816250,319.105375,3
1,256,256,cpu,1,43.651834,43.476417,44.439333,5
1,256,256,tridiag,1,1140.837916,1140.035063,1140.870812,3
1,256,256,block_vals,1,239.837583,239.707833,239.883333,5
1,256,256,cpu_vals,1,20.680937,20.571906,20.809760,8
1,256,256,tridiag_vals,1,1022.923666,1022.870312,1023.406812,3
1,2048,96,tg,1,296.209416,292.029167,296.345458,5
1,2048,96,block,1,147.856625,147.760459,148.338250,5
1,2048,96,cpu,1,42.997625,41.544833,44.429333,5
1,2048,96,tg_vals,1,229.126625,228.661125,230.323584,5
1,2048,96,block_vals,1,125.357209,125.322459,125.422750,5
1,2048,96,cpu_vals,1,21.942417,21.836271,22.038813,7
1,128,96,tg,1,20.019895,19.872011,20.177729,8
1,128,96,block,1,11.402916,11.324813,11.462771,14
1,128,96,cpu,1,3.042709,2.984417,3.524791,25
1,128,96,tg_vals,1,15.855208,15.787937,16.016323,10
1,128,96,block_vals,1,10.464958,10.389354,10.523542,15
1,128,96,cpu_vals,1,2.097875,1.578750,2.173417,25
1,2,2,simd,1,0.192750,0.170375,0.271125,25
1,2,2,tg,1,0.180625,0.163375,0.234417,25
1,2,2,ql,1,0.166833,0.149875,0.174208,25
1,2,2,cpu,1,0.002625,0.001834,0.003083,25
1,2,2,simd_vals,1,0.164208,0.146375,0.194334,25
1,2,2,tg_vals,1,0.158541,0.146291,0.177125,25
1,2,2,ql_vals,1,0.148917,0.139667,0.167584,25
1,2,2,cpu_vals,1,0.003000,0.002208,0.003417,25
1,8,16,simd,1,0.326125,0.318792,0.341750,25
1,8,16,tg,1,0.226083,0.210666,0.228542,25
1,8,16,ql,1,0.258791,0.246041,0.263542,25
1,8,16,cpu,1,0.041208,0.038416,0.050250,25
1,8,16,simd_vals,1,0.305250,0.301958,0.322125,25
1,8,16,tg_vals,1,0.228416,0.214041,0.231000,25
1,8,16,ql_vals,1,0.226583,0.221416,0.232792,25
1,8,16,cpu_vals,1,0.031292,0.029625,0.034625,25
1,1,2,simd,1,0.181208,0.145541,0.230083,25
1,1,2,tg,1,0.144750,0.138833,0.175833,25
1,1,2,ql,1,0.156041,0.149000,0.176250,25
1,1,2,cpu,1,0.001250,0.001208,0.001458,25
1,1,2,simd_vals,1,0.151334,0.146792,0.162166,25
1,1,2,tg_vals,1,0.148459,0.138958,0.214417,25
1,1,2,ql_vals,1,0.157625,0.140959,0.177084,25
1,1,2,cpu_vals,1,0.001458,0.001416,0.001583,25
1,128,512,block,1,1221.148250,1220.807479,1222.132938,3
1,128,512,cpu,1,110.312250,109.695500,110.375167,5
1,128,512,tridiag,1,1250.058291,1248.846729,1251.419249,3
1,128,512,block_vals,1,863.651500,863.523187,863.862625,3
1,128,512,cpu_vals,1,45.511208,45.217667,45.724125,5
1,128,512,tridiag_vals,1,1123.316875,1122.807708,1123.807313,3
1,1024,48,tg,1,15.218229,15.176385,15.314438,10
1,1024,48,block,1,22.754541,22.691959,22.779479,7
1,1024,48,ql,1,4.839792,4.796959,4.865709,25
1,1024,48,ql_share,1,3.999458,3.937916,4.041291,25
1,1024,48,cpu,1,5.786750,5.642333,6.240250,25
1,1024,48,tg_vals,1,13.073104,13.028708,13.142979,12
1,1024,48,block_vals,1,19.724334,19.658500,19.798271,8
1,1024,48,ql_vals,1,3.440500,3.428583,3.455875,25
1,1024,48,ql_share_vals,1,2.162417,2.148000,2.200875,25
1,1024,48,cpu_vals,1,2.998042,2.509833,3.092792,25
1,32,8,simd,1,0.193833,0.174500,0.803500,25
1,32,8,tg,1,0.193500,0.188666,0.203083,25
1,32,8,ql,1,0.192958,0.179667,0.195708,25
1,32,8,cpu,1,0.082542,0.082166,0.082959,25
1,32,8,simd_vals,1,0.173959,0.160958,0.182541,25
1,32,8,tg_vals,1,0.185208,0.168875,0.189083,25
1,32,8,ql_vals,1,0.167375,0.161584,0.186208,25
1,32,8,cpu_vals,1,0.043416,0.043125,0.043750,25
1,512,96,tg,1,73.914542,72.570916,74.141542,5
1,512,96,block,1,37.532792,37.497000,37.868542,5
1,512,96,cpu,1,11.324417,11.225812,11.435833,14
1,512,96,tg_vals,1,57.959292,57.641125,57.963625,5
1,512,96,block_vals,1,30.553125,30.500041,30.578917,5
1,512,96,cpu_vals,1,5.886416,5.837041,5.942208,25
1,1,3072,block,1,2101.844917,2101.819313,2102.626688,3
1,1,3072,cpu,1,701.286958,699.698292,702.574375,3
1,1,3072,tridiag,1,259.276666,258.145791,259.593167,5
1,1,3072,block_vals,1,1326.246709,1325.879479,1327.939063,3
1,1,3072,cpu_vals,1,208.071125,207.437875,208.123542,5
1,1,3072,tridiag_vals,1,183.664375,183.536167,183.798292,5
1,32,12,simd,1,0.275542,0.266792,0.988709,25
1,32,12,tg,1,0.233791,0.232167,0.241083,25
1,32,12,ql,1,0.241958,0.237750,0.243916,25
1,32,12,cpu,1,0.094791,0.074791,0.129208,25
1,32,12,simd_vals,1,0.260417,0.243167,0.262083,25
1,32,12,tg_vals,1,0.226917,0.225292,0.229583,25
1,32,12,ql_vals,1,0.213625,0.209666,0.218375,25
1,32,12,cpu_vals,1,0.076167,0.049375,0.080375,25
1,64,24,simd,1,0.789708,0.753084,0.846666,25
1,64,24,tg,1,0.376917,0.372625,0.379416,25
1,64,24,ql,1,0.406959,0.402042,0.409166,25
1,64,24,ql_share,1,0.504208,0.498125,0.517917,25
1,64,24,cpu,1,0.191541,0.187583,0.194542,25
1,64,24,simd_vals,1,0.701250,0.685958,0.768084,25
1,64,24,tg_vals,1,0.353208,0.344416,0.354541,25
1,64,24,ql_vals,1,0.327916,0.325417,0.330000,25
1,64,24,ql_share_vals,1,0.424667,0.422541,0.427500,25
1,64,24,cpu_vals,1,0.160250,0.123958,0.237375,25
1,8,128,tg,1,8.006125,7.999875,8.020167,19
1,8,128,block,1,6.144958,6.079041,6.247916,25
1,8,128,cpu,1,0.660834,0.653625,0.663250,25
1,8,128,tridiag,1,16.861625,16.802542,16.959166,9
1,8,128,tg_vals,1,7.197292,7.189667,7.208916,21
1,8,128,block_vals,1,5.862250,5.746167,5.961542,25
1,8,128,cpu_vals,1,0.373708,0.368750,0.382083,25
1,8,128,tridiag_vals,1,14.560562,14.484427,14.668010,10
1,16,128,tg,1,8.039041,8.033937,8.046062,19
1,16,128,block,1,6.543000,6.483854,6.616563,23
1,16,128,cpu,1,0.781084,0.766875,0.798209,25
1,16,128,tridiag,1,33.813541,33.786333,33.997459,5
1,16,128,tg_vals,1,7.201708,7.174417,7.209958,21
1,16,128,block_vals,1,6.156208,6.075959,6.340625,25
1,16,128,cpu_vals,1,0.408792,0.403209,0.579833,25
1,16,128,tridiag_vals,1,29.105688,28.975125,29.114969,6
1,32,48,tg,1,0.993792,0.958459,1.048042,25
1,32,48,block,1,3.395500,3.379875,3.450792,25
1,32,48,ql,1,0.916625,0.859125,0.969792,25
1,32,48,cpu,1,0.311334,0.307583,0.318750,25
1,32,48,tg_vals,1,0.863459,0.853750,0.932833,25
1,32,48,block_vals,1,3.273709,3.226916,3.367208,25
1,32,48,ql_vals,1,0.715917,0.702708,0.743042,25
1,32,48,cpu_vals,1,0.176250,0.169416,0.178167,25
1,8,768,block,1,214.988708,214.870417,214.996958,5
1,8,768,cpu,1,28.255813,27.586583,28.935666,6
1,8,768,tridiag,1,131.501333,131.412709,131.712625,5
1,8,768,block_vals,1,148.065459,148.057625,148.110583,5
1,8,768,cpu_vals,1,13.801855,13.574510,13.961541,12
1,8,768,tridiag_vals,1,116.693000,116.437958,116.763417,5
1,1,512,tg,1,473.561583,473.489041,473.627833,3
1,1,512,block,1,29.894687,29.702855,30.014270,6
1,1,512,cpu,1,9.007000,8.847167,9.136125,17
1,1,512,tridiag,1,13.168354,13.066708,13.219438,12
1,1,512,tg_vals,1,443.772166,443.749041,443.805646,3
1,1,512,block_vals,1,28.310520,28.202583,28.383364,6
1,1,512,cpu_vals,1,4.234417,4.210167,4.243833,25
1,1,512,tridiag_vals,1,10.500667,10.465500,10.554751,15
1,4,12,simd,1,0.677542,0.543625,0.766833,25
1,4,12,tg,1,0.215542,0.211959,0.249917,25
1,4,12,ql,1,0.224792,0.207083,0.259042,25
1,4,12,cpu,1,0.020333,0.018417,0.020792,25
1,4,12,simd_vals,1,0.253500,0.241125,0.258833,25
1,4,12,tg_vals,1,0.201125,0.196500,0.209250,25
1,4,12,ql_vals,1,0.192125,0.180666,0.256083,25
1,4,12,cpu_vals,1,0.014416,0.011125,0.014708,25
1,8,512,tg,1,570.834500,570.685625,571.094854,3
1,8,512,block,1,63.548167,63.352209,63.909541,5
1,8,512,cpu,1,12.585417,12.342020,12.944968,12
1,8,512,tridiag,1,80.941167,80.718417,81.166000,5
1,8,512,tg_vals,1,445.235125,445.183250,445.306604,3
1,8,512,block_vals,1,52.360875,52.309583,52.473042,5
1,8,512,cpu_vals,1,5.718209,5.673875,6.220500,25
1,8,512,tridiag_vals,1,71.812084,71.744917,71.828625,5
1,1,32,simd,1,1.512958,1.487000,1.542500,25
1,1,32,tg,1,0.329666,0.316375,0.332333,25
1,1,32,block,1,2.969917,2.860916,2.985417,25
1,1,32,ql,1,0.536583,0.521583,0.559541,25
1,1,32,cpu,1,0.036500,0.029834,0.036791,25
1,1,32,simd_vals,1,1.370084,1.357875,1.391708,25
1,1,32,tg_vals,1,0.313542,0.304041,0.320500,25
1,1,32,block_vals,1,3.012250,2.955375,3.202500,25
1,1,32,ql_vals,1,0.451208,0.446167,0.496208,25
1,1,32,cpu_vals,1,0.011875,0.011834,0.011959,25
1,64,8,simd,1,0.190417,0.183625,0.193542,25
1,64,8,tg,1,0.189958,0.186500,0.193792,25
1,64,8,ql,1,0.185625,0.179583,0.194500,25
1,64,8,ql_share,1,0.155208,0.143750,0.162542,25
1,64,8,cpu,1,0.159500,0.101625,0.165917,25
1,64,8,simd_vals,1,0.183708,0.169583,0.191125,25
1,64,8,tg_vals,1,0.156542,0.154375,0.164042,25
1,64,8,ql_vals,1,0.155292,0.152250,0.170917,25
1,64,8,ql_share_vals,1,0.115333,0.109250,0.136834,25
1,64,8,cpu_vals,1,0.089084,0.084750,0.090541,25
1,256,96,tg,1,37.446666,37.295875,37.469250,5
1,256,96,block,1,19.022125,18.916063,19.045531,8
1,256,96,cpu,1,5.704542,5.650917,6.200166,25
1,256,96,tg_vals,1,29.543334,29.324385,29.670219,6
1,256,96,block_vals,1,17.245083,17.238750,17.251875,9
1,256,96,cpu_vals,1,3.186375,2.989875,3.599709,25
1,2048,16,simd,1,1.438583,1.345416,1.860500,25
1,2048,16,tg,1,1.372792,1.326709,1.404167,25
1,2048,16,ql,1,0.980708,0.922417,1.021917,25
1,2048,16,ql_share,1,0.886709,0.878459,0.895334,25
1,2048,16,cpu,1,1.323416,1.318042,1.331958,25
1,2048,16,simd_vals,1,1.174667,1.127792,1.220000,25
1,2048,16,tg_vals,1,1.165500,1.124334,1.179875,25
1,2048,16,ql_vals,1,0.614625,0.607458,0.617958,25
1,2048,16,ql_share_vals,1,0.657125,0.634416,0.695458,25
1,2048,16,cpu_vals,1,0.607250,0.593625,0.647292,25
1,32,16,simd,1,0.468292,0.449167,0.569417,25
1,32,16,tg,1,0.247875,0.244667,0.249750,25
1,32,16,ql,1,0.274291,0.270292,0.277458,25
1,32,16,cpu,1,0.093250,0.085458,0.108834,25
1,32,16,simd_vals,1,0.319125,0.306416,0.330792,25
1,32,16,tg_vals,1,0.234958,0.221750,0.238542,25
1,32,16,ql_vals,1,0.227209,0.217834,0.238209,25
1,32,16,cpu_vals,1,0.118083,0.059167,0.124959,25
1,512,48,tg,1,8.049584,8.020979,8.115938,19
1,512,48,block,1,12.178458,12.041375,12.260958,13
1,512,48,ql,1,2.561291,2.526333,2.578583,25
1,512,48,ql_share,1,2.043875,2.031917,2.066083,25
1,512,48,cpu,1,2.960417,2.884833,3.503125,25
1,512,48,tg_vals,1,6.947271,6.859614,7.015573,22
1,512,48,block_vals,1,11.246000,11.123323,11.329469,14
1,512,48,ql_vals,1,1.852625,1.811833,1.861833,25
1,512,48,ql_share_vals,1,1.667500,1.639375,1.703917,25
1,512,48,cpu_vals,1,1.921083,1.474666,1.967750,25
1,4096,64,tg,1,154.658250,154.301125,154.701250,5
1,4096,64,block,1,95.834917,95.812250,96.269291,5
1,4096,64,ql,1,44.664500,44.622709,44.672250,5
1,4096,64,ql_share,1,23.394041,23.317250,23.494937,7
1,4096,64,cpu,1,36.988208,36.859375,38.766667,5
1,4096,64,tg_vals,1,130.598666,130.303125,130.621333,5
1,4096,64,block_vals,1,84.112083,83.914792,84.118583,5
1,4096,64,ql_vals,1,32.512667,32.340041,32.556583,5
1,4096,64,ql_share_vals,1,11.317500,11.269011,11.587490,14
1,4096,64,cpu_vals,1,15.697979,15.571667,15.869312,10
1,1,1536,block,1,244.664667,244.638583,244.672792,5
1,1,1536,cpu,1,99.168625,98.980000,99.170959,5
1,1,1536,tridiag,1,67.938042,67.798167,68.492333,5
1,1,1536,block_vals,1,202.576833,202.417958,202.808458,5
1,1,1536,cpu_vals,1,42.594834,42.592917,42.636250,5
1,1,1536,tridiag_vals,1,49.791000,49.719375,49.804000,5
1,16,16,simd,1,0.354542,0.345000,0.361458,25
1,16,16,tg,1,0.245500,0.244292,0.246959,25
1,16,16,ql,1,0.274083,0.267417,0.275250,25
1,16,16,cpu,1,0.119709,0.063333,0.146708,25
1,16,16,simd_vals,1,0.326875,0.314166,0.332042,25
1,16,16,tg_vals,1,0.234083,0.220375,0.238375,25
1,16,16,ql_vals,1,0.224833,0.213958,0.233833,25
1,16,16,cpu_vals,1,0.060667,0.048000,0.063167,25
1,512,64,tg,1,19.981000,19.873728,20.197219,8
1,512,64,block,1,13.300770,13.273990,13.369917,12
1,512,64,ql,1,6.456105,6.408021,6.496740,24
1,512,64,ql_share,1,4.335125,4.284375,4.397459,25
1,512,64,cpu,1,5.353916,5.233041,5.447917,25
1,512,64,tg_vals,1,16.777709,16.745208,16.868333,9
1,512,64,block_vals,1,12.202000,12.169292,12.249042,13
1,512,64,ql_vals,1,4.777167,4.724000,4.790542,25
1,512,64,ql_share_vals,1,2.235084,2.175416,2.262833,25
1,512,64,cpu_vals,1,2.672208,2.170416,2.708042,25
1,256,128,tg,1,85.876416,85.730166,85.893125,5
1,256,128,block,1,40.427042,40.387334,40.438500,5
1,256,128,cpu,1,10.181542,10.092396,10.323897,15
1,256,128,tridiag,1,542.841334,542.213417,544.494625,3
1,256,128,tg_vals,1,86.567750,84.539667,86.965125,5
1,256,128,block_vals,1,33.041500,32.822166,33.053834,5
1,256,128,cpu_vals,1,5.090958,5.046583,5.501500,25
1,256,128,tridiag_vals,1,464.004333,463.981229,464.368416,3
1,64,4,simd,1,0.157958,0.147875,0.182208,25
1,64,4,tg,1,0.151875,0.148791,0.166583,25
1,64,4,ql,1,0.164417,0.161083,0.171708,25
1,64,4,ql_share,1,0.143625,0.138583,0.145875,25
1,64,4,cpu,1,0.064000,0.060417,0.066291,25
1,64,4,simd_vals,1,0.145459,0.137292,0.153500,25
1,64,4,tg_vals,1,0.152250,0.146333,0.162000,25
1,64,4,ql_vals,1,0.143375,0.140167,0.148750,25
1,64,4,ql_share_vals,1,0.132083,0.126167,0.137500,25
1,64,4,cpu_vals,1,0.035583,0.034959,0.035792,25
1,16,1024,block,1,1126.028459,1125.684209,1126.502667,3
1,16,1024,cpu,1,119.396000,118.854833,119.525250,5
1,16,1024,tridiag,1,388.631250,388.117355,389.937542,3
1,16,1024,block_vals,1,755.466500,755.104771,756.663417,3
1,16,1024,cpu_vals,1,34.583167,34.425542,35.813792,5
1,16,1024,tridiag_vals,1,335.176792,334.847313,335.970709,3
1,128,192,tg,1,270.410417,270.229667,270.523125,5
1,128,192,block,1,63.620125,63.248667,63.773459,5
1,128,192,cpu,1,11.907583,11.772292,12.086209,13
1,128,192,tridiag,1,422.088750,422.073291,422.207625,3
1,128,192,tg_vals,1,151.473291,149.913959,152.911458,5
1,128,192,block_vals,1,48.313167,48.273042,48.349250,5
1,128,192,cpu_vals,1,5.887083,5.828458,6.179625,25
1,128,192,tridiag_vals,1,368.629416,368.447646,369.051750,3
1,512,24,simd,1,1.496916,1.449875,1.509125,25
1,512,24,tg,1,1.233208,1.187708,1.291750,25
1,512,24,ql,1,0.638208,0.636000,0.641750,25
1,512,24,ql_share,1,0.972708,0.942875,1.000875,25
1,512,24,cpu,1,0.810666,0.799291,0.822125,25
1,512,24,simd_vals,1,1.310708,1.269667,1.320916,25
1,512,24,tg_vals,1,1.073291,1.051625,1.102458,25
1,512,24,ql_vals,1,0.452792,0.447083,0.479833,25
1,512,24,ql_share_vals,1,0.442458,0.434917,0.473292,25
1,512,24,cpu_vals,1,0.329833,0.311541,0.409958,25
1,4096,32,simd,1,23.537417,23.468521,23.663812,7
1,4096,32,tg,1,16.564896,16.546823,16.620292,10
1,4096,32,block,1,17.654250,17.628667,17.761875,9
1,4096,32,ql,1,5.381792,5.367375,5.429000,25
1,4096,32,ql_share,1,4.530209,4.474334,4.550291,25
1,4096,32,cpu,1,9.396020,9.275927,9.628698,16
1,4096,32,simd_vals,1,14.437542,14.352958,14.502250,11
1,4096,32,tg_vals,1,14.172625,14.128979,14.249042,11
1,4096,32,block_vals,1,15.236000,15.157344,15.377333,10
1,4096,32,ql_vals,1,3.171792,3.165250,3.209375,25
1,4096,32,ql_share_vals,1,2.075584,2.063542,2.112917,25
1,4096,32,cpu_vals,1,3.445500,3.429625,3.545333,25
1,64,256,tg,1,417.610000,416.528395,417.897500,3
1,64,256,block,1,69.242500,69.200083,69.434709,5
1,64,256,cpu,1,12.283000,12.169833,12.426625,13
1,64,256,tridiag,1,285.410666,285.331500,285.573209,5
1,64,256,tg_vals,1,247.816000,247.783208,251.225625,5
1,64,256,block_vals,1,54.062584,54.008125,54.072542,5
1,64,256,cpu_vals,1,5.535209,5.502958,5.719458,25
1,64,256,tridiag_vals,1,255.801250,255.696875,255.888708,5
1,128,128,tg,1,47.287250,47.222500,47.720042,5
1,128,128,block,1,20.776416,20.744156,20.872343,8
1,128,128,cpu,1,5.280917,5.225542,5.669209,25
1,128,128,tridiag,1,271.580208,271.521083,271.964833,5
1,128,128,tg_vals,1,45.247917,44.780250,45.356625,5
1,128,128,block_vals,1,18.578292,18.549917,18.662833,9
1,128,128,cpu_vals,1,3.118917,2.626041,3.171292,25
1,128,128,tridiag_vals,1,231.460417,231.303167,231.531375,5
1,32,256,tg,1,194.698667,193.413542,195.018833,5
1,32,256,block,1,34.953333,34.862000,35.055500,5
1,32,256,cpu,1,6.876250,6.457854,7.107625,23
1,32,256,tridiag,1,143.024208,142.907041,143.040125,5
1,32,256,tg_vals,1,122.311875,122.271916,122.441292,5
1,32,256,block_vals,1,29.834145,29.804427,29.860802,6
1,32,256,cpu_vals,1,3.541042,2.954500,3.576334,25
1,32,256,tridiag_vals,1,128.093958,128.077042,128.306958,5
1,2,256,tg,1,55.002208,54.996125,55.003958,5
1,2,256,block,1,11.904000,11.799958,11.950916,13
1,2,256,cpu,1,2.128750,2.114792,2.140583,25
1,2,256,tridiag,1,9.286875,9.257792,9.317709,17
1,2,256,tg_vals,1,53.885500,53.847875,53.911083,5
1,2,256,block_vals,1,11.511416,11.437886,11.613771,14
1,2,256,cpu_vals,1,1.079167,1.074708,1.091292,25
1,2,256,tridiag_vals,1,8.335875,8.332594,8.341792,18
1,8,24,simd,1,0.789708,0.748541,0.836292,25
1,8,24,tg,1,0.291541,0.288875,0.295500,25
1,8,24,ql,1,0.386666,0.379917,0.389334,25
1,8,24,cpu,1,0.078250,0.072834,0.085375,25
1,8,24,simd_vals,1,0.736542,0.694000,0.770542,25
1,8,24,tg_vals,1,0.278334,0.263375,0.283083,25
1,8,24,ql_vals,1,0.315750,0.312750,0.319750,25
1,8,24,cpu_vals,1,0.041125,0.039042,0.043875,25
1,4,384,tg,1,218.187209,218.170625,218.236541,5
1,4,384,block,1,25.078438,24.945980,25.186458,6
1,4,384,cpu,1,5.036916,5.014500,5.125292,25
1,4,384,tridiag,1,28.976084,28.914198,29.032407,6
1,4,384,tg_vals,1,190.227041,190.169291,190.249500,5
1,4,384,block_vals,1,22.859833,22.771042,22.877229,7
1,4,384,cpu_vals,1,2.583458,2.575083,2.604458,25
1,4,384,tridiag_vals,1,26.021063,25.974166,26.054959,6
1,32,512,block,1,281.112417,280.564542,281.618292,5
1,32,512,cpu,1,30.175041,29.793167,30.309958,5
1,32,512,tridiag,1,315.661500,314.527521,315.669041,3
1,32,512,block_vals,1,181.653917,181.551084,181.690208,5
1,32,512,cpu_vals,1,13.953459,13.476354,14.075708,11
1,32,512,tridiag_vals,1,282.549750,282.528625,282.650667,5
1,1,4,simd,1,0.165250,0.146958,0.217500,25
1,1,4,tg,1,0.168375,0.154375,0.187292,25
1,1,4,ql,1,0.167041,0.157458,0.199667,25
1,1,4,cpu,1,0.001750,0.001667,0.001833,25
1,1,4,simd_vals,1,0.171292,0.156000,0.199625,25
1,1,4,tg_vals,1,0.162667,0.154958,0.186875,25
1,1,4,ql_vals,1,0.171250,0.154417,0.194083,25
1,1,4,cpu_vals,1,0.001750,0.001708,0.001917,25
1,2,128,tg,1,7.973417,7.964250,7.994521,19
1,2,128,block,1,5.954209,5.809042,6.016875,25
1,2,128,cpu,1,0.536541,0.532667,0.541708,25
1,2,128,tridiag,1,4.223334,4.201041,4.262250,25
1,2,128,tg_vals,1,7.186875,7.162583,7.198750,21
1,2,128,block_vals,1,5.793958,5.699042,5.856458,25
1,2,128,cpu_vals,1,0.286750,0.283750,0.290833,25
1,2,128,tridiag_vals,1,3.718292,3.709333,3.767709,25
1,4096,192,block,1,2111.544625,2109.916125,2113.101979,3
1,4096,192,cpu,1,326.416417,323.999001,330.732167,3
1,4096,192,block_vals,1,1658.039083,1657.573146,1658.059104,3
1,4096,192,cpu_vals,1,166.944125,166.685417,168.212583,5
1,4,192,tg,1,27.664521,27.662073,27.673500,6
1,4,192,block,1,9.259459,9.134250,9.343875,17
1,4,192,cpu,1,1.261958,1.255792,1.276625,25
1,4,192,tridiag,1,13.319209,13.276917,13.392270,12
1,4,192,tg_vals,1,25.696229,25.680239,25.711062,6
1,4,192,block_vals,1,8.848458,8.776625,8.969625,17
1,4,192,cpu_vals,1,0.632250,0.628125,0.635209,25
1,4,192,tridiag_vals,1,11.723875,11.691208,11.783833,13
1,4,2048,block,1,2306.465208,2306.152354,2306.929895,3
1,4,2048,cpu,1,447.594458,423.055166,456.077937,3
1,4,2048,tridiag,1,334.636375,334.225875,335.274437,3
1,4,2048,block_vals,1,1508.443042,1508.328396,1511.663021,3
1,4,2048,cpu_vals,1,110.280208,110.076125,111.220833,5
1,4,2048,tridiag_vals,1,282.132208,281.768125,282.374750,5
1,2,192,tg,1,27.638292,27.595656,27.670146,6
1,2,192,block,1,8.847000,8.774250,8.888959,17
1,2,192,cpu,1,1.150750,1.143542,1.158792,25
1,2,192,tridiag,1,6.749375,6.710125,6.809499,23
1,2,192,tg_vals,1,25.716041,25.708688,25.732083,6
1,2,192,block_vals,1,8.690646,8.633656,8.780532,18
1,2,192,cpu_vals,1,0.609792,0.608958,0.615667,25
1,2,192,tridiag_vals,1,6.001375,5.996166,6.018458,25
1,16,4,simd,1,0.164583,0.149667,0.182208,25
1,16,4,tg,1,0.164791,0.150875,0.174083,25
1,16,4,ql,1,0.171375,0.165208,0.173167,25
1,16,4,cpu,1,0.018334,0.018250,0.022959,25
1,16,4,simd_vals,1,0.148166,0.145791,0.163459,25
1,16,4,tg_vals,1,0.162292,0.151167,0.169708,25
1,16,4,ql_vals,1,0.146292,0.143667,0.162750,25
1,16,4,cpu_vals,1,0.011167,0.011083,0.011333,25
1,4096,16,simd,1,2.404334,2.397208,2.419333,25
1,4096,16,tg,1,2.392042,2.373958,2.407042,25
1,4096,16,ql,1,1.670208,1.639917,1.685833,25
1,4096,16,ql_share,1,1.444750,1.435250,1.458500,25
1,4096,16,cpu,1,2.601333,2.579417,3.000750,25
1,4096,16,simd_vals,1,2.012875,1.984833,2.030250,25
1,4096,16,tg_vals,1,2.012250,1.975833,2.022125,25
1,4096,16,ql_vals,1,1.062042,1.056375,1.109667,25
1,4096,16,ql_share_vals,1,0.824042,0.816917,0.839417,25
1,4096,16,cpu_vals,1,1.094917,0.952334,1.582875,25
1,4096,24,simd,1,7.643583,7.575093,7.668958,20
1,4096,24,tg,1,7.525458,7.500323,7.561646,20
1,4096,24,ql,1,3.247750,3.219375,3.259084,25
1,4096,24,ql_share,1,2.685583,2.655708,2.732750,25
1,4096,24,cpu,1,5.956125,5.820500,6.047333,25
1,4096,24,simd_vals,1,6.298667,6.278104,6.345053,24
1,4096,24,tg_vals,1,6.253355,6.220313,6.285948,24
1,4096,24,ql_vals,1,1.961500,1.959875,1.971000,25
1,4096,24,ql_share_vals,1,1.392125,1.382083,1.409375,25
1,4096,24,cpu_vals,1,2.089500,1.830000,2.455083,25
1,512,2,simd,1,0.174375,0.166125,0.184541,25
1,512,2,tg,1,0.174666,0.167083,0.180666,25
1,512,2,ql,1,0.163542,0.145625,0.169208,25
1,512,2,ql_share,1,0.287125,0.276000,0.291833,25
1,512,2,cpu,1,0.117167,0.071583,0.185292,25
1,512,2,simd_vals,1,0.159375,0.145166,0.164875,25
1,512,2,tg_vals,1,0.143000,0.138834,0.147333,25
1,512,2,ql_vals,1,0.140041,0.137250,0.147084,25
1,512,2,ql_share_vals,1,0.272375,0.265000,0.285959,25
1,512,2,cpu_vals,1,0.080375,0.078708,0.083791,25
