pass,batch,M,N,backend,ok,ms,p25,p75,reps
0,256,96,96,jacobi,1,48.604250,48.408667,48.737042,5
0,256,96,96,block,1,23.164625,23.038000,23.691709,7
0,256,96,96,cpu,1,11.222583,11.109115,11.338531,14
0,1,1024,1024,jacobi,1,2846.816583,2845.465145,2847.307250,3
0,1,1024,1024,block,1,116.598834,116.474167,116.708875,5
0,1,1024,1024,cpu,1,78.935666,78.464792,79.114917,5
0,1,1024,1024,bidiag,1,76.254250,76.014041,76.490750,5
0,1,1024,1024,cpu_vals,1,35.907542,35.828375,35.934542,5
0,1,1024,1024,bidiag_vals,1,48.005125,47.999334,48.099416,5
0,4,1024,1024,jacobi,1,4254.595333,4253.530437,4259.355854,3
0,4,1024,1024,block,1,302.489959,302.430272,303.022251,3
0,4,1024,1024,cpu,1,94.399042,94.368333,94.779917,5
0,4,1024,1024,bidiag,1,307.444708,307.294542,308.201521,3
0,4,1024,1024,cpu_vals,1,42.263958,40.902125,42.470167,5
0,4,1024,1024,bidiag_vals,1,192.255625,192.240000,192.443833,5
0,256,64,32,jacobi,1,2.467209,2.444584,2.499917,25
0,256,64,32,block,1,3.006625,2.980792,3.052333,25
0,256,64,32,qr,1,2.892333,2.852666,2.929708,25
0,256,64,32,qrblock,1,3.534125,3.512542,3.564708,25
0,256,64,32,gk,1,1.637958,1.624667,1.648417,25
0,256,64,32,cpu,1,1.515209,1.470041,1.553458,25
0,1024,56,56,jacobi,1,28.718646,28.294218,29.292761,6
0,1024,56,56,block,1,29.140125,29.109303,29.195573,6
0,1024,56,56,gk,1,12.224667,12.097625,12.592416,13
0,1024,56,56,cpu,1,11.076166,10.949948,11.201375,14
0,4096,1024,32,jacobi,1,567.507625,566.790896,568.386438,3
0,4096,1024,32,block,1,161.382875,160.564667,162.592083,5
0,4096,1024,32,qr,1,144.746500,142.807416,147.675000,5
0,4096,1024,32,qrblock,1,148.121958,147.720625,149.908375,5
0,4096,1024,32,gk,1,135.974958,134.681958,138.483541,5
0,4096,1024,32,cpu,1,86.841709,86.525250,87.519542,5
0,16,1024,256,jacobi,1,179.969375,179.735917,180.181875,5
0,16,1024,256,block,1,38.629459,38.513792,38.645292,5
0,16,1024,256,qr,1,66.488583,66.299166,66.572208,5
0,16,1024,256,qrblock,1,28.090833,27.928333,28.248708,6
0,16,1024,256,cpu,1,12.237750,12.163625,12.686916,13
0,16,1024,256,bidiag,1,213.477833,213.245333,213.558625,5
0,16,1024,256,cpu_vals,1,6.103562,6.014448,6.375542,24
0,16,1024,256,bidiag_vals,1,177.830916,177.749208,178.038333,5
0,64,64,8,jacobi,1,0.220584,0.217333,0.226000,25
0,64,64,8,qr,1,0.509917,0.482250,0.534583,25
0,64,64,8,gk,1,0.253542,0.250708,0.257292,25
0,64,64,8,cpu,1,0.164459,0.158500,0.217500,25
0,16,768,768,jacobi,1,3841.845000,3841.769292,3848.049291,3
0,16,768,768,block,1,534.657333,534.102771,534.984375,3
0,16,768,768,cpu,1,85.018958,83.440042,85.084084,5
0,16,768,768,bidiag,1,714.094958,713.344020,714.838458,3
0,16,768,768,cpu_vals,1,52.348666,51.648166,52.808542,5
0,16,768,768,bidiag_vals,1,513.902709,512.923876,516.007771,3
0,4,512,16,jacobi,1,0.361792,0.358792,0.365250,25
0,4,512,16,qr,1,0.520750,0.511958,0.529208,25
0,4,512,16,gk,1,0.631584,0.624708,0.641583,25
0,4,512,16,cpu,1,0.107875,0.106750,0.110167,25
0,256,256,256,jacobi,1,1145.739459,1144.223042,1147.739687,3
0,256,256,256,block,1,351.029500,350.541917,351.642042,3
0,256,256,256,cpu,1,80.392417,80.184916,80.737416,5
0,1024,48,48,jacobi,1,21.546208,21.386875,22.481854,7
0,1024,48,48,block,1,26.436563,26.202541,26.739083,6
0,1024,48,48,gk,1,7.533396,7.463521,7.573625,20
0,1024,48,48,cpu,1,10.120917,9.819084,10.506104,15
0,256,1024,128,jacobi,1,725.867792,724.906479,727.039542,3
0,256,1024,128,block,1,136.679458,136.509125,137.089166,5
0,256,1024,128,qr,1,158.772708,157.533459,159.000542,5
0,256,1024,128,qrblock,1,94.925917,94.304833,95.442000,5
0,256,1024,128,cpu,1,64.624416,64.247209,64.978500,5
0,256,1024,128,bidiag,1,1416.809459,1415.114750,1416.837354,3
0,256,1024,128,cpu_vals,1,29.212666,29.143885,29.324604,6
0,256,1024,128,bidiag_vals,1,1192.621916,1189.440021,1195.758291,3
0,64,128,64,jacobi,1,3.538166,3.513000,3.556500,25
0,64,128,64,block,1,3.894792,3.873541,3.964709,25
0,64,128,64,qr,1,4.221208,4.112125,4.340375,25
0,64,128,64,qrblock,1,4.681459,4.557375,4.785666,25
0,64,128,64,gk,1,3.370042,3.273125,3.525041,25
0,64,128,64,cpu,1,1.627458,1.608042,1.665375,25
0,4,16,8,jacobi,1,0.212292,0.201625,0.221250,25
0,4,16,8,qr,1,0.427625,0.412459,0.444917,25
0,4,16,8,gk,1,0.237042,0.233000,0.242083,25
0,4,16,8,cpu,1,0.024292,0.023750,0.028000,25
0,1,128,8,jacobi,1,0.351750,0.330041,0.379333,25
0,1,128,8,qr,1,0.427500,0.385667,0.534250,25
0,1,128,8,gk,1,0.247500,0.240000,0.253792,25
0,1,128,8,cpu,1,0.014458,0.013750,0.014750,25
0,64,192,192,jacobi,1,111.217834,110.335125,111.250625,5
0,64,192,192,block,1,38.177709,37.911083,38.328750,5
0,64,192,192,cpu,1,10.490500,10.320000,10.597771,15
0,64,192,192,bidiag,1,456.078166,455.260187,458.114187,3
0,64,192,192,cpu_vals,1,5.211834,5.078583,5.562500,25
0,64,192,192,bidiag_vals,1,370.472083,369.524584,371.639917,3
0,16,256,32,jacobi,1,0.517083,0.507292,0.540417,25
0,16,256,32,block,1,2.333916,2.308250,2.356417,25
0,16,256,32,qr,1,0.801875,0.790709,0.824417,25
0,16,256,32,qrblock,1,2.247833,2.212417,2.268459,25
0,16,256,32,gk,1,1.279416,1.265541,1.320375,25
0,16,256,32,cpu,1,0.334875,0.324250,0.359500,25
0,256,256,16,jacobi,1,1.311583,1.283666,1.348125,25
0,256,256,16,qr,1,1.735708,1.667334,2.263041,25
0,256,256,16,gk,1,1.557750,1.521709,1.588041,25
0,256,256,16,cpu,1,1.005208,0.929292,1.553583,25
0,1,256,256,jacobi,1,34.050708,34.049334,34.098583,5
0,1,256,256,block,1,13.036062,12.899417,13.077698,12
0,1,256,256,cpu,1,4.017000,3.868792,4.098000,25
0,1,256,256,bidiag,1,10.413375,10.185334,10.615958,15
0,1,256,256,cpu_vals,1,1.768417,1.757625,1.784750,25
0,1,256,256,bidiag_vals,1,8.323875,8.282687,8.340333,19
0,256,64,8,jacobi,1,0.328167,0.321250,0.366000,25
0,256,64,8,qr,1,0.703625,0.680875,0.720667,25
0,256,64,8,gk,1,0.297292,0.292667,0.303209,25
0,256,64,8,cpu,1,0.311917,0.299625,0.348250,25
0,4096,1024,64,jacobi,1,2520.789125,2520.737729,2548.499000,3
0,4096,1024,64,block,1,509.130292,509.007355,528.846604,3
0,4096,1024,64,qr,1,552.983250,539.736750,556.389271,3
0,4096,1024,64,qrblock,1,449.257542,448.001542,449.857459,3
0,4096,1024,64,gk,1,452.088500,446.273459,455.792937,3
0,4096,1024,64,cpu,1,296.011000,295.405333,299.308667,3
0,4,1024,64,jacobi,1,4.673291,4.660333,4.680000,25
0,4,1024,64,block,1,5.371542,5.268958,5.479500,25
0,4,1024,64,qr,1,2.160333,2.100666,2.195250,25
0,4,1024,64,qrblock,1,3.600291,3.578500,3.647875,25
0,4,1024,64,gk,1,3.270167,3.250708,3.287250,25
0,4,1024,64,cpu,1,1.134291,1.120292,1.144750,25
0,64,512,128,jacobi,1,83.857875,81.945833,84.468667,5
0,64,512,128,block,1,21.104042,21.007000,21.204406,8
0,64,512,128,qr,1,39.365375,38.040625,39.691042,5
0,64,512,128,qrblock,1,20.676188,20.414094,21.131521,8
0,64,512,128,cpu,1,11.712958,11.607500,12.062708,13
0,64,512,128,bidiag,1,322.601125,322.014521,324.058833,3
0,64,512,128,cpu_vals,1,6.142167,5.796177,7.174761,24
0,64,512,128,bidiag_vals,1,266.349209,266.140542,266.528459,5
0,4,16,16,jacobi,1,0.225042,0.217250,0.235792,25
0,4,16,16,gk,1,0.318375,0.303458,0.320750,25
0,4,16,16,cpu,1,0.040334,0.038458,0.042917,25
0,1024,128,128,jacobi,1,476.100250,474.490625,479.966166,3
0,1024,128,128,block,1,195.855000,195.530209,196.315500,5
0,1024,128,128,cpu,1,80.951834,80.623209,81.469792,5
0,4,48,48,jacobi,1,0.845834,0.767417,1.236875,25
0,4,48,48,block,1,2.511541,2.490917,2.612667,25
0,4,48,48,gk,1,1.128458,1.082791,1.152500,25
0,4,48,48,cpu,1,0.160375,0.157833,0.166917,25
0,1,1024,32,jacobi,1,0.938833,0.884459,0.985459,25
0,1,1024,32,block,1,4.144958,4.022417,4.239042,25
0,1,1024,32,qr,1,0.699000,0.689792,0.714083,25
0,1,1024,32,qrblock,1,2.129834,2.069417,2.282584,25
0,1,1024,32,gk,1,1.146500,1.134125,1.197583,25
0,1,1024,32,cpu,1,0.226250,0.220917,0.229625,25
0,4,768,768,jacobi,1,1410.097792,1409.936751,1411.704771,3
0,4,768,768,block,1,120.472000,120.400916,120.868459,5
0,4,768,768,cpu,1,40.399166,39.607958,40.506833,5
0,4,768,768,bidiag,1,195.370375,195.185125,195.509917,5
0,4,768,768,cpu_vals,1,18.430958,18.357708,18.602416,9
0,4,768,768,bidiag_vals,1,127.711917,127.455042,128.336209,5
0,1024,256,16,jacobi,1,4.231875,4.214375,4.314917,25
0,1024,256,16,qr,1,4.989250,4.833333,5.134958,25
0,1024,256,16,gk,1,4.549291,4.536167,4.634458,25
0,1024,256,16,cpu,1,3.677709,3.637417,3.710209,25
0,16,128,64,jacobi,1,1.341958,1.246666,1.759791,25
0,16,128,64,block,1,2.847375,2.831709,2.884583,25
0,16,128,64,qr,1,1.680750,1.632000,1.712125,25
0,16,128,64,qrblock,1,3.278667,3.232208,3.340709,25
0,16,128,64,gk,1,2.584458,2.557750,2.615916,25
0,16,128,64,cpu,1,0.509625,0.501667,0.685500,25
0,4096,24,24,jacobi,1,14.433000,14.377479,14.466791,11
0,4096,24,24,gk,1,5.737875,5.715917,5.816000,25
0,4096,24,24,cpu,1,9.976084,9.870625,10.368792,15
0,256,32,16,jacobi,1,0.770000,0.668791,0.789583,25
0,256,32,16,qr,1,1.069125,1.053250,1.112917,25
0,256,32,16,gk,1,0.435250,0.430792,0.442791,25
0,256,32,16,cpu,1,0.566875,0.549875,0.615333,25
0,16,128,128,jacobi,1,5.081709,5.069833,5.096333,25
0,16,128,128,block,1,7.197959,7.163125,7.278042,21
0,16,128,128,cpu,1,1.844125,1.726166,1.899375,25
0,16,128,128,bidiag,1,69.587250,69.459417,69.701500,5
0,16,128,128,cpu_vals,1,1.124250,1.107500,1.317458,25
0,16,128,128,bidiag_vals,1,56.520959,55.849917,56.533000,5
0,16,80,80,jacobi,1,1.907209,1.896625,1.913125,25
0,16,80,80,block,1,4.270834,4.227917,4.383458,25
0,16,80,80,gk,1,2.687125,2.666583,2.696292,25
0,16,80,80,cpu,1,0.601250,0.571500,0.870458,25
0,256,16,16,jacobi,1,0.652625,0.638125,0.694709,25
0,256,16,16,gk,1,0.390417,0.385666,0.392541,25
0,256,16,16,cpu,1,0.411875,0.407250,0.419459,25
0,1,128,32,jacobi,1,0.401208,0.391625,0.417000,25
0,1,128,32,block,1,2.070250,2.047041,2.119041,25
0,1,128,32,qr,1,0.554042,0.545500,0.568667,25
0,1,128,32,qrblock,1,2.006250,1.947291,2.261916,25
0,1,128,32,gk,1,0.901792,0.856708,0.913625,25
0,1,128,32,cpu,1,0.093875,0.091833,0.095875,25
0,64,56,56,jacobi,1,2.469958,2.460666,2.523250,25
0,64,56,56,block,1,3.741417,3.695125,3.786666,25
0,64,56,56,gk,1,1.595917,1.538375,1.612208,25
0,64,56,56,cpu,1,0.821208,0.811209,0.835542,25
0,256,32,32,jacobi,1,2.221375,2.200583,2.251875,25
0,256,32,32,block,1,3.028792,2.993208,3.080541,25
0,256,32,32,gk,1,0.955166,0.894958,0.991459,25
0,256,32,32,cpu,1,1.137125,1.110500,1.153542,25
0,1,512,512,jacobi,1,264.525375,264.436791,264.544542,5
0,1,512,512,block,1,32.266833,32.216666,32.279583,5
0,1,512,512,cpu,1,16.765541,16.697583,17.049125,9
0,1,512,512,bidiag,1,26.157250,25.712573,26.360865,6
0,1,512,512,cpu_vals,1,7.794166,7.780199,7.811344,20
0,1,512,512,bidiag_vals,1,19.204896,19.165489,19.302407,8
0,4,256,32,jacobi,1,0.480750,0.473125,0.491833,25
0,4,256,32,block,1,2.180209,2.136791,2.274041,25
0,4,256,32,qr,1,0.608084,0.597458,0.623708,25
0,4,256,32,qrblock,1,2.044500,2.000667,2.102041,25
0,4,256,32,gk,1,1.103292,1.087458,1.109375,25
0,4,256,32,cpu,1,0.161458,0.158333,0.166334,25
0,4,64,64,jacobi,1,1.087709,1.080542,1.099083,25
0,4,64,64,block,1,2.858083,2.812167,2.873875,25
0,4,64,64,gk,1,1.803541,1.784833,1.810209,25
0,4,64,64,cpu,1,0.230500,0.228083,0.233500,25
0,16,128,16,jacobi,1,0.281625,0.278542,0.285334,25
0,16,128,16,qr,1,0.505416,0.496958,0.522750,25
0,16,128,16,gk,1,0.434791,0.428917,0.438208,25
0,16,128,16,cpu,1,0.167250,0.155625,0.192041,25
0,4,2048,128,jacobi,1,42.478542,42.408917,42.481792,5
0,4,2048,128,block,1,14.305584,14.161084,14.359542,11
0,4,2048,128,qr,1,8.069875,7.932688,8.175208,19
0,4,2048,128,qrblock,1,8.796708,8.744625,9.188292,17
0,4,2048,128,cpu,1,4.149541,4.104542,4.271792,25
0,4,2048,128,bidiag,1,28.084208,27.866729,28.186625,6
0,4,2048,128,cpu_vals,1,2.548625,2.473167,2.574708,25
0,4,2048,128,bidiag_vals,1,24.322042,24.250459,24.416458,7
0,256,2048,256,qr,1,1236.889750,1231.038313,1239.700667,3
0,256,2048,256,qrblock,1,536.959667,533.061479,537.634188,3
0,256,2048,256,cpu,1,276.913708,276.532542,277.921667,5
0,4096,32,32,jacobi,1,27.574875,27.388167,27.956146,6
0,4096,32,32,block,1,22.581208,22.514292,22.631396,7
0,4096,32,32,gk,1,9.441084,9.198250,9.492667,17
0,4096,32,32,cpu,1,16.438625,16.307708,17.186458,9
0,256,56,56,jacobi,1,7.734042,7.644740,7.877125,20
0,256,56,56,block,1,8.522354,8.412604,8.598270,18
0,256,56,56,gk,1,3.379708,3.351583,3.405875,25
0,256,56,56,cpu,1,2.903125,2.827000,3.348792,25
0,64,1024,32,jacobi,1,8.128167,8.065875,8.173729,19
0,64,1024,32,block,1,5.819250,5.734667,5.961833,25
0,64,1024,32,qr,1,3.461042,3.211917,3.568000,25
0,64,1024,32,qrblock,1,4.313709,4.255916,4.670375,25
0,64,1024,32,gk,1,3.630875,3.397750,3.777750,25
0,64,1024,32,cpu,1,2.188125,1.920417,2.247833,25
0,16,96,96,jacobi,1,2.617875,2.607083,2.625709,25
0,16,96,96,block,1,4.702458,4.642458,4.757750,25
0,16,96,96,cpu,1,0.914583,0.866083,1.308208,25
0,1,128,64,jacobi,1,1.150958,1.143334,1.175084,25
0,1,128,64,block,1,2.624250,2.600417,2.687875,25
0,1,128,64,qr,1,1.263292,1.227000,1.289208,25
0,1,128,64,qrblock,1,2.729625,2.706792,2.774167,25
0,1,128,64,gk,1,2.117792,2.073833,2.129458,25
0,1,128,64,cpu,1,0.269292,0.267375,0.275583,25
0,1,32,32,jacobi,1,0.342167,0.337250,0.347416,25
0,1,32,32,block,1,2.000792,1.914459,2.114750,25
0,1,32,32,gk,1,0.709375,0.646875,0.721334,25
0,1,32,32,cpu,1,0.058584,0.058208,0.059417,25
0,1,8,8,jacobi,1,0.174625,0.165792,0.202042,25
0,1,8,8,gk,1,0.187167,0.182500,0.200000,25
0,1,8,8,cpu,1,0.009000,0.009000,0.009125,25
0,1024,32,16,jacobi,1,1.767542,1.753750,1.819667,25
0,1024,32,16,qr,1,2.443583,2.417709,2.467833,25
0,1024,32,16,gk,1,1.126458,1.111666,1.162750,25
0,1024,32,16,cpu,1,1.844000,1.815708,1.882625,25
0,1024,128,32,jacobi,1,9.795250,9.714635,9.882864,16
0,1024,128,32,block,1,9.795458,9.588510,9.997354,16
0,1024,128,32,qr,1,10.872792,10.769208,10.958031,14
0,1024,128,32,qrblock,1,10.280541,10.186083,10.404042,15
0,1024,128,32,gk,1,8.140292,8.081604,8.174312,19
0,1024,128,32,cpu,1,6.969604,6.789583,7.083489,22
0,4096,16,8,jacobi,1,1.447375,1.388042,1.487792,25
0,4096,16,8,qr,1,2.297250,2.229208,2.351041,25
0,4096,16,8,gk,1,1.029917,0.977000,1.074958,25
0,4096,16,8,cpu,1,1.967500,1.908416,2.009417,25
0,256,4,4,jacobi,1,0.219666,0.211625,0.761417,25
0,256,4,4,gk,1,0.226083,0.219584,0.237458,25
0,256,4,4,cpu,1,0.142750,0.135666,0.156292,25
0,16,192,192,jacobi,1,18.249250,18.216792,18.276875,9
0,16,192,192,block,1,13.047479,13.005709,13.100531,12
0,16,192,192,cpu,1,3.258250,3.208209,3.582292,25
0,16,192,192,bidiag,1,115.121541,114.167917,115.226166,5
0,16,192,192,cpu_vals,1,1.784375,1.564791,2.123708,25
0,16,192,192,bidiag_vals,1,92.580375,92.454917,92.736000,5
0,256,24,24,jacobi,1,1.343625,1.332417,1.354667,25
0,256,24,24,gk,1,0.626084,0.619667,0.632917,25
0,256,24,24,cpu,1,0.774916,0.744917,0.799917,25
0,1024,16,16,jacobi,1,1.763875,1.743833,1.776875,25
0,1024,16,16,gk,1,0.865000,0.808583,0.908542,25
0,1024,16,16,cpu,1,1.206583,1.177500,1.229042,25
0,16,56,56,jacobi,1,0.995916,0.972292,1.038000,25
0,16,56,56,block,1,2.955458,2.919792,3.017875,25
0,16,56,56,gk,1,1.497041,1.458042,1.515333,25
0,16,56,56,cpu,1,0.354000,0.330208,0.371958,25
0,64,256,64,jacobi,1,5.105792,5.087084,5.144250,25
0,64,256,64,block,1,4.850167,4.767291,4.923167,25
0,64,256,64,qr,1,5.175500,4.796166,5.461209,25
0,64,256,64,qrblock,1,5.499166,5.369792,5.816958,25
0,64,256,64,gk,1,4.149667,4.089166,4.551750,25
0,64,256,64,cpu,1,2.595291,2.231208,2.725709,25
0,1024,128,64,jacobi,1,61.192958,60.863000,63.549666,5
0,1024,128,64,block,1,34.540875,34.467000,34.684000,5
0,1024,128,64,qr,1,60.622208,60.001709,61.703041,5
0,1024,128,64,qrblock,1,39.297792,39.144000,39.568625,5
0,1024,128,64,gk,1,33.357166,33.290833,33.413542,5
0,1024,128,64,cpu,1,21.429375,21.372355,22.014709,7
0,4096,128,128,jacobi,1,1928.248417,1926.405604,1930.019250,3
0,4096,128,128,block,1,761.935709,760.932438,763.736875,3
0,4096,128,128,cpu,1,303.296417,303.113876,304.773375,3
0,4096,128,32,jacobi,1,35.844250,35.779834,35.913083,5
0,4096,128,32,block,1,33.583125,33.363083,33.772625,5
0,4096,128,32,qr,1,36.756959,36.670292,36.795916,5
0,4096,128,32,qrblock,1,32.257000,32.138000,32.405750,5
0,4096,128,32,gk,1,30.005354,29.944813,30.107833,6
0,4096,128,32,cpu,1,25.883896,25.500396,26.506146,6
0,1,2048,2048,cpu,1,435.081875,434.803521,435.687896,3
0,1,2048,2048,bidiag,1,310.712833,310.540229,312.694250,3
0,1,2048,2048,cpu_vals,1,194.303417,194.231125,194.796000,5
0,1,2048,2048,bidiag_vals,1,170.616917,170.012167,170.876209,5
0,4,1024,256,jacobi,1,105.364333,105.357333,105.376625,5
0,4,1024,256,block,1,19.751917,19.681032,19.796052,8
0,4,1024,256,qr,1,33.926875,33.902958,34.002333,5
0,4,1024,256,qrblock,1,16.075792,16.008542,16.253562,10
0,4,1024,256,cpu,1,7.661291,7.386927,7.711219,20
0,4,1024,256,bidiag,1,54.858458,54.751125,55.049250,5
0,4,1024,256,cpu_vals,1,3.844125,3.815375,3.890334,25
0,4,1024,256,bidiag_vals,1,45.148542,45.113666,45.227500,5
0,4,64,8,jacobi,1,0.194125,0.186417,0.249208,25
0,4,64,8,qr,1,0.396958,0.390834,0.405542,25
0,4,64,8,gk,1,0.233166,0.224416,0.243667,25
0,4,64,8,cpu,1,0.030584,0.030208,0.031083,25
0,1024,512,64,jacobi,1,149.310000,149.256167,149.951208,5
0,1024,512,64,block,1,71.121667,70.746417,71.694125,5
0,1024,512,64,qr,1,91.139834,91.009583,91.189084,5
0,1024,512,64,qrblock,1,71.065291,70.287875,71.839458,5
0,1024,512,64,gk,1,66.973291,66.838209,67.028833,5
0,1024,512,64,cpu,1,42.194250,41.973959,43.924292,5
0,1024,40,40,jacobi,1,13.903125,13.744979,13.978646,11
0,1024,40,40,block,1,24.508166,24.253729,24.938104,7
0,1024,40,40,gk,1,5.107875,4.906791,5.195875,25
0,1024,40,40,cpu,1,6.472125,6.310167,6.823313,23
0,16,1024,128,jacobi,1,38.162042,38.049875,38.262917,5
0,16,1024,128,block,1,13.421875,13.269312,13.468479,12
0,16,1024,128,qr,1,9.200166,8.876333,9.531167,17
0,16,1024,128,qrblock,1,10.829875,10.660875,11.046031,14
0,16,1024,128,cpu,1,5.076666,4.881042,5.321458,25
0,16,1024,128,bidiag,1,88.969167,88.826958,89.065959,5
0,16,1024,128,cpu_vals,1,2.891334,2.604458,3.117000,25
0,16,1024,128,bidiag_vals,1,75.199125,74.802458,76.410708,5
0,1,128,128,jacobi,1,4.902458,4.894750,4.909459,25
0,1,128,128,block,1,6.105042,5.953042,6.219667,25
0,1,128,128,cpu,1,1.032875,1.030083,1.039250,25
0,1,128,128,bidiag,1,4.348542,4.329250,4.388250,25
0,1,128,128,cpu_vals,1,0.634125,0.631666,0.636375,25
0,1,128,128,bidiag_vals,1,3.489625,3.448833,3.509250,25
0,4096,32,8,jacobi,1,1.589542,1.569542,1.621834,25
0,4096,32,8,qr,1,2.729292,2.637875,2.886041,25
0,4096,32,8,gk,1,1.311250,1.298209,1.351042,25
0,4096,32,8,cpu,1,2.120625,2.018875,2.576375,25
0,16,128,32,jacobi,1,0.766375,0.431583,1.424292,25
0,16,128,32,block,1,2.073167,2.028458,2.111416,25
0,16,128,32,qr,1,0.698417,0.687583,0.713084,25
0,16,128,32,qrblock,1,2.103000,2.091292,2.171750,25
0,16,128,32,gk,1,0.957792,0.915083,0.972833,25
0,16,128,32,cpu,1,0.265708,0.261334,0.274583,25
0,4,8,8,jacobi,1,0.226584,0.209958,0.269250,25
0,4,8,8,gk,1,0.234833,0.195584,0.257417,25
0,4,8,8,cpu,1,0.023625,0.020709,0.024584,25
0,4,32,8,jacobi,1,0.270750,0.246791,0.287166,25
0,4,32,8,qr,1,0.405333,0.382791,0.430000,25
0,4,32,8,gk,1,0.221833,0.207083,0.224666,25
0,4,32,8,cpu,1,0.026792,0.025584,0.028833,25
0,1,64,32,jacobi,1,0.533000,0.462417,1.054875,25
0,1,64,32,block,1,1.827208,1.789083,1.923167,25
0,1,64,32,qr,1,0.519084,0.509916,0.523750,25
0,1,64,32,qrblock,1,2.204042,2.112083,2.345084,25
0,1,64,32,gk,1,0.789250,0.738917,0.818458,25
0,1,64,32,cpu,1,0.069250,0.069000,0.069625,25
0,1024,80,80,jacobi,1,107.709041,107.690000,108.898833,5
0,1024,80,80,block,1,81.847667,81.385208,82.059250,5
0,1024,80,80,gk,1,44.720333,43.726459,45.472250,5
0,1024,80,80,cpu,1,26.176771,25.343980,26.869937,6
0,2,1536,1536,cpu,1,201.648458,201.201208,201.754500,5
0,2,1536,1536,bidiag,1,335.768625,334.181896,336.119687,3
0,2,1536,1536,cpu_vals,1,101.545833,100.916292,101.757458,5
0,2,1536,1536,bidiag_vals,1,194.616500,193.307375,195.136083,5
0,16,16,8,jacobi,1,0.310583,0.299250,0.324875,25
0,16,16,8,qr,1,0.416250,0.391375,0.451667,25
0,16,16,8,gk,1,0.209833,0.205250,0.230416,25
0,16,16,8,cpu,1,0.104708,0.065375,0.107166,25
0,16,8,8,jacobi,1,0.322416,0.298458,0.338334,25
0,16,8,8,gk,1,0.264500,0.231000,0.439208,25
0,16,8,8,cpu,1,0.081917,0.076833,0.084083,25
0,256,8,8,jacobi,1,0.737375,0.685167,0.757917,25
0,256,8,8,gk,1,0.242500,0.238291,0.245750,25
0,256,8,8,cpu,1,0.195375,0.192292,0.198666,25
0,16,1024,1024,jacobi,1,9420.094500,9280.899500,9462.861875,3
0,16,1024,1024,block,1,1230.566375,1228.899834,1232.623021,3
0,16,1024,1024,cpu,1,314.107667,310.839709,317.784396,3
0,16,1024,1024,bidiag,1,1220.744083,1220.628979,1222.507396,3
0,16,1024,1024,cpu_vals,1,221.345083,217.555417,221.842875,5
0,16,1024,1024,bidiag_vals,1,758.204292,757.502813,759.242917,3
0,64,64,16,jacobi,1,0.374375,0.362833,0.996834,25
0,64,64,16,qr,1,0.662334,0.646583,0.679875,25
0,64,64,16,gk,1,0.411875,0.408083,0.413917,25
0,64,64,16,cpu,1,0.258416,0.253834,0.263625,25
0,16,40,40,jacobi,1,0.721583,0.714750,0.740583,25
0,16,40,40,block,1,2.511000,2.473125,2.529416,25
0,16,40,40,gk,1,0.928583,0.875500,0.938625,25
0,16,40,40,cpu,1,0.249083,0.245041,0.253500,25
0,1,512,256,jacobi,1,48.127166,48.100583,48.158208,5
0,1,512,256,block,1,12.217500,12.107500,12.366625,13
0,1,512,256,qr,1,31.904208,31.903167,31.921334,5
0,1,512,256,qrblock,1,12.395542,12.332834,12.529833,13
0,1,512,256,cpu,1,5.401708,5.317208,5.467667,25
0,1,512,256,bidiag,1,12.248500,12.219125,12.372667,13
0,1,512,256,cpu_vals,1,2.405417,2.402625,2.414083,25
0,1,512,256,bidiag_vals,1,9.989812,9.946313,10.031771,16
0,4096,40,40,jacobi,1,49.574625,49.459500,49.651708,5
0,4096,40,40,block,1,91.818250,91.737083,91.831125,5
0,4096,40,40,gk,1,18.080125,18.049666,18.137625,9
0,4096,40,40,cpu,1,23.784042,23.672166,24.463188,7
0,1024,256,8,jacobi,1,1.465375,1.446458,1.488167,25
0,1024,256,8,qr,1,2.338542,2.229750,3.217041,25
0,1024,256,8,gk,1,1.845833,1.833583,1.866833,25
0,1024,256,8,cpu,1,1.743709,1.463959,1.788125,25
0,256,128,32,jacobi,1,2.754542,2.744583,2.773625,25
0,256,128,32,block,1,3.648000,3.625750,3.705833,25
0,256,128,32,qr,1,3.185375,3.113417,3.240375,25
0,256,128,32,qrblock,1,3.919375,3.834083,4.024458,25
0,256,128,32,gk,1,2.651500,2.645500,2.671958,25
0,256,128,32,cpu,1,1.923208,1.765583,2.258167,25
0,1,16,16,jacobi,1,0.473167,0.408750,0.519125,25
0,1,16,16,gk,1,0.356666,0.329875,0.724500,25
0,1,16,16,cpu,1,0.020166,0.019958,0.021084,25
0,1024,4,4,jacobi,1,0.485625,0.466083,0.563500,25
0,1024,4,4,gk,1,0.235750,0.234125,0.238334,25
0,1024,4,4,cpu,1,0.254875,0.252750,0.257084,25
0,4,1536,1536,cpu,1,224.222167,223.982958,230.575708,5
0,4,1536,1536,bidiag,1,665.918584,665.912417,671.368813,3
0,4,1536,1536,cpu_vals,1,122.780708,118.913375,124.565583,5
0,4,1536,1536,bidiag_vals,1,384.894584,384.683313,385.025751,3
0,256,128,16,jacobi,1,0.990166,0.983583,1.001917,25
0,256,128,16,qr,1,1.291292,1.283292,1.320833,25
0,256,128,16,gk,1,0.950333,0.939292,0.958708,25
0,256,128,16,cpu,1,0.713792,0.677333,0.753083,25
0,1,1024,256,jacobi,1,85.940208,85.937333,85.945625,5
0,1,1024,256,block,1,15.830646,15.662885,15.919969,10
0,1,1024,256,qr,1,31.382416,31.365625,31.522625,5
0,1,1024,256,qrblock,1,14.168875,14.014812,14.335750,11
0,1,1024,256,cpu,1,6.616750,6.424437,6.714104,23
0,1,1024,256,bidiag,1,13.638750,13.627417,13.723584,11
0,1,1024,256,cpu_vals,1,3.003125,2.991291,3.175292,25
0,1,1024,256,bidiag_vals,1,11.180333,11.142698,11.216625,14
0,64,512,16,jacobi,1,0.657833,0.644000,0.675125,25
0,64,512,16,qr,1,1.047791,1.036083,1.072250,25
0,64,512,16,gk,1,1.113375,1.104083,1.143334,25
0,64,512,16,cpu,1,0.510208,0.491875,0.605667,25
0,16,24,24,jacobi,1,0.799959,0.302083,0.905166,25
0,16,24,24,gk,1,0.517000,0.513708,0.520834,25
0,16,24,24,cpu,1,0.169125,0.160667,0.188333,25
0,1,256,64,jacobi,1,1.451417,1.447083,1.465792,25
0,1,256,64,block,1,3.108500,2.990708,3.163792,25
0,1,256,64,qr,1,1.336167,1.303291,1.379625,25
0,1,256,64,qrblock,1,2.778250,2.752292,2.872917,25
0,1,256,64,gk,1,2.203583,2.163875,2.215500,25
0,1,256,64,cpu,1,0.304375,0.300125,0.306417,25
0,64,512,256,jacobi,1,440.843500,440.369500,441.597750,3
0,64,512,256,block,1,101.822417,101.817458,101.823750,5
0,64,512,256,qr,1,275.819541,274.920333,276.372583,5
0,64,512,256,qrblock,1,84.696833,84.413292,84.738458,5
0,64,512,256,cpu,1,31.334166,30.859417,31.381250,5
0,64,512,256,bidiag,1,787.893958,786.342104,788.016708,3
0,64,512,256,cpu_vals,1,14.943229,14.753219,15.555646,10
0,64,512,256,bidiag_vals,1,633.329958,633.273479,633.604896,3
0,1,256,8,jacobi,1,0.265750,0.255334,0.408000,25
0,1,256,8,qr,1,0.391792,0.384417,0.406000,25
0,1,256,8,gk,1,0.287958,0.278833,0.318458,25
0,1,256,8,cpu,1,0.017083,0.017000,0.017209,25
0,4,2048,256,jacobi,1,206.804083,206.581625,206.823416,5
0,4,2048,256,block,1,30.112916,30.111000,30.154875,5
0,4,2048,256,qr,1,35.666958,35.633208,35.684916,5
0,4,2048,256,qrblock,1,19.394626,18.944323,19.764240,8
0,4,2048,256,cpu,1,10.494625,10.380896,10.544771,15
0,4,2048,256,bidiag,1,65.121292,65.044375,65.172209,5
0,4,2048,256,cpu_vals,1,5.169375,4.956166,5.202291,25
0,4,2048,256,bidiag_vals,1,54.525583,54.461458,54.646500,5
0,4096,128,8,jacobi,1,2.898083,2.889208,2.929792,25
0,4096,128,8,qr,1,5.168208,5.134125,5.403250,25
0,4096,128,8,gk,1,3.220917,3.190916,3.237458,25
0,4096,128,8,cpu,1,3.552500,3.466291,3.604625,25
0,64,32,32,jacobi,1,0.880083,0.830958,0.886958,25
0,64,32,32,block,1,2.280708,2.239958,2.307500,25
0,64,32,32,gk,1,0.820625,0.766416,0.826250,25
0,64,32,32,cpu,1,0.392417,0.386958,0.401166,25
0,4,1024,128,jacobi,1,19.410688,19.394730,19.420281,8
0,4,1024,128,block,1,9.176750,9.095791,9.252667,17
0,4,1024,128,qr,1,6.851437,6.784239,6.932781,22
0,4,1024,128,qrblock,1,8.106167,7.946041,8.236958,19
0,4,1024,128,cpu,1,2.679833,2.638542,2.740000,25
0,4,1024,128,bidiag,1,22.747916,22.514250,22.845833,7
0,4,1024,128,cpu_vals,1,1.396583,1.387208,1.425709,25
0,4,1024,128,bidiag_vals,1,19.237979,19.163052,19.373833,8
0,1,80,80,jacobi,1,1.684125,1.678875,1.732250,25
0,1,80,80,block,1,3.949333,3.879417,4.119167,25
0,1,80,80,gk,1,2.528583,2.523083,2.535208,25
0,1,80,80,cpu,1,0.373584,0.367916,0.374834,25
0,16,256,16,jacobi,1,0.890208,0.576792,0.934958,25
0,16,256,16,qr,1,0.560083,0.548916,0.565917,25
0,16,256,16,gk,1,0.519458,0.515583,0.524083,25
0,16,256,16,cpu,1,0.190291,0.188083,0.196083,25
0,4,128,64,jacobi,1,1.253458,1.239916,1.297709,25
0,4,128,64,block,1,2.653625,2.605042,2.786042,25
0,4,128,64,qr,1,1.411916,1.375209,1.448958,25
0,4,128,64,qrblock,1,2.804084,2.770708,2.873000,25
0,4,128,64,gk,1,2.232209,2.174541,2.237958,25
0,4,128,64,cpu,1,0.347667,0.344500,0.354416,25
0,64,40,40,jacobi,1,1.362625,1.331500,1.408958,25
0,64,40,40,block,1,3.564500,3.419875,3.628042,25
0,64,40,40,gk,1,0.976375,0.930291,0.985000,25
0,64,40,40,cpu,1,0.555875,0.530542,0.612042,25
0,256,32,8,jacobi,1,0.736250,0.623375,0.753334,25
0,256,32,8,qr,1,0.627625,0.611250,0.632166,25
0,256,32,8,gk,1,0.264167,0.262917,0.265125,25
0,256,32,8,cpu,1,0.259542,0.252959,0.275208,25
0,1,4096,4096,cpu,1,3464.823125,3460.358021,3473.604125,3
0,1,4096,4096,bidiag,1,1705.090667,1704.949104,1706.237437,3
0,1,4096,4096,cpu_vals,1,1932.616792,1932.539355,1934.923188,3
0,1,4096,4096,bidiag_vals,1,990.814333,990.684687,992.221958,3
0,4,4,4,jacobi,1,0.238125,0.210625,0.248417,25
0,4,4,4,gk,1,0.252208,0.244792,0.261750,25
0,4,4,4,cpu,1,0.023125,0.021041,0.025208,25
0,1,256,16,jacobi,1,0.834250,0.766500,0.844250,25
0,1,256,16,qr,1,0.444625,0.431250,0.451375,25
0,1,256,16,gk,1,0.517500,0.503833,0.589792,25
0,1,256,16,cpu,1,0.054625,0.054291,0.056000,25
0,4096,256,8,jacobi,1,4.763042,4.685375,4.815500,25
0,4096,256,8,qr,1,8.442395,8.339344,8.577323,18
0,4096,256,8,gk,1,6.537375,6.502625,6.585313,23
0,4096,256,8,cpu,1,4.767875,4.596375,4.781792,25
0,64,384,384,jacobi,1,1183.193958,1182.701229,1185.758563,3
0,64,384,384,block,1,275.283875,275.223625,275.308667,5
0,64,384,384,cpu,1,45.421458,44.961667,45.479083,5
0,64,384,384,bidiag,1,1090.251417,1089.957188,1090.371833,3
0,64,384,384,cpu_vals,1,23.851750,23.592896,23.981271,7
0,64,384,384,bidiag_vals,1,834.323583,833.813917,834.635041,3
0,1,64,64,jacobi,1,1.113792,1.068084,1.146417,25
0,1,64,64,block,1,3.005375,2.949417,3.116542,25
0,1,64,64,gk,1,1.740583,1.730125,1.785042,25
0,1,64,64,cpu,1,0.206584,0.204625,0.210042,25
0,1,32,8,jacobi,1,0.213208,0.162708,0.238083,25
0,1,32,8,qr,1,0.395459,0.368291,0.425958,25
0,1,32,8,gk,1,0.253250,0.245416,0.271458,25
0,1,32,8,cpu,1,0.010500,0.010417,0.010792,25
0,16,4,4,jacobi,1,0.160208,0.150542,0.172750,25
0,16,4,4,gk,1,0.161291,0.156750,0.165000,25
0,16,4,4,cpu,1,0.039291,0.038542,0.040625,25
0,1,1024,64,jacobi,1,4.490834,4.484500,4.497167,25
0,1,1024,64,block,1,5.176833,5.119417,5.229166,25
0,1,1024,64,qr,1,1.583375,1.532042,1.611083,25
0,1,1024,64,qrblock,1,2.834791,2.802333,2.865792,25
0,1,1024,64,gk,1,2.577666,2.571833,2.581125,25
0,1,1024,64,cpu,1,0.585042,0.583375,0.590417,25
0,4096,64,8,jacobi,1,2.007250,1.982459,2.050708,25
0,4096,64,8,qr,1,3.388750,3.276959,3.485583,25
0,4096,64,8,gk,1,1.927042,1.918333,1.947750,25
0,4096,64,8,cpu,1,2.845542,2.452041,2.869250,25
0,256,512,128,jacobi,1,313.206125,313.151542,313.220396,3
0,256,512,128,block,1,82.701708,82.680334,82.736625,5
0,256,512,128,qr,1,134.619791,133.998084,135.895042,5
0,256,512,128,qrblock,1,68.786958,68.694333,68.827458,5
0,256,512,128,cpu,1,42.390625,42.300125,42.504458,5
0,256,512,128,bidiag,1,1270.190917,1269.509521,1270.212458,3
0,256,512,128,cpu_vals,1,21.606166,21.475687,21.734959,7
0,256,512,128,bidiag_vals,1,1051.196292,1050.912105,1051.253583,3
0,4,384,384,jacobi,1,126.877000,126.870625,126.985042,5
0,4,384,384,block,1,28.912792,28.845396,28.982125,6
0,4,384,384,cpu,1,8.700646,8.646916,8.759782,18
0,4,384,384,bidiag,1,67.879375,67.767417,67.898375,5
0,4,384,384,cpu_vals,1,4.190833,4.165209,4.335875,25
0,4,384,384,bidiag_vals,1,51.984792,51.984709,52.079333,5
0,256,512,64,jacobi,1,36.309208,35.915041,36.804292,5
0,256,512,64,block,1,19.797250,19.691875,19.965625,8
0,256,512,64,qr,1,24.664750,22.660000,24.781312,7
0,256,512,64,qrblock,1,20.104354,20.061740,20.173104,8
0,256,512,64,gk,1,18.771709,18.688406,18.855729,8
0,256,512,64,cpu,1,11.530583,11.364250,11.803583,13
0,64,128,8,jacobi,1,0.456959,0.449208,0.473000,25
0,64,128,8,qr,1,0.534584,0.523666,0.560333,25
0,64,128,8,gk,1,0.310709,0.302167,0.313917,25
0,64,128,8,cpu,1,0.194333,0.191209,0.198708,25
0,4,24,24,jacobi,1,0.810083,0.301458,0.838125,25
0,4,24,24,gk,1,0.500917,0.488834,0.511792,25
0,4,24,24,cpu,1,0.063167,0.062875,0.063750,25
0,1024,64,32,jacobi,1,7.979375,7.931354,8.021125,19
0,1024,64,32,block,1,7.368083,7.190958,7.434083,21
0,1024,64,32,qr,1,9.898459,9.789176,9.990136,16
0,1024,64,32,qrblock,1,9.310416,9.161750,9.471250,17
0,1024,64,32,gk,1,4.543583,4.526250,4.554584,25
0,1024,64,32,cpu,1,5.878459,5.516750,5.984000,25
0,4,192,192,jacobi,1,15.353542,15.340583,15.362323,10
0,4,192,192,block,1,9.861521,9.757886,9.980198,16
0,4,192,192,cpu,1,2.004833,1.992084,2.011500,25
0,4,192,192,bidiag,1,28.125124,28.074229,28.168021,6
0,4,192,192,cpu_vals,1,1.114708,1.109291,1.120916,25
0,4,192,192,bidiag_vals,1,22.867916,22.807854,22.915000,7
0,64,512,512,jacobi,1,4116.397291,4112.624187,4120.795125,3
0,64,512,512,block,1,629.997792,629.931834,630.028083,3
0,64,512,512,cpu,1,101.419375,100.981625,101.596250,5
0,64,512,512,bidiag,1,1651.335667,1651.296521,1652.442125,3
0,64,512,512,cpu_vals,1,51.658125,51.658125,51.736750,5
0,64,512,512,bidiag_vals,1,1206.920125,1206.453063,1206.943021,3
0,1,192,192,jacobi,1,14.873541,14.858750,14.883520,11
0,1,192,192,block,1,9.421958,9.389615,9.499344,16
0,1,192,192,cpu,1,1.901500,1.805083,1.938000,25
0,1,192,192,bidiag,1,7.075833,7.033605,7.111875,22
0,1,192,192,cpu_vals,1,0.845625,0.840542,0.851833,25
0,1,192,192,bidiag_vals,1,5.713333,5.669834,5.772125,25
0,256,256,128,jacobi,1,127.305542,126.409500,127.608333,5
0,256,256,128,block,1,56.260000,56.056709,56.305666,5
0,256,256,128,qr,1,124.388500,122.904416,125.266375,5
0,256,256,128,qrblock,1,56.005375,55.709458,56.012917,5
0,256,256,128,cpu,1,32.031042,31.832458,32.293583,5
0,256,256,128,bidiag,1,1194.565583,1194.284375,1194.783500,3
0,256,256,128,cpu_vals,1,17.486125,17.356583,17.502791,9
0,256,256,128,bidiag_vals,1,975.552833,974.877583,976.059812,3
0,64,2048,256,jacobi,1,2364.071542,2363.142042,2369.514584,3
0,64,2048,256,block,1,281.320167,280.918125,284.961583,5
0,64,2048,256,qr,1,312.032666,311.182624,312.283250,3
0,64,2048,256,qrblock,1,138.101667,137.932542,139.476084,5
0,64,2048,256,cpu,1,70.074125,69.786166,70.825250,5
0,64,2048,256,bidiag,1,1023.920625,1023.711542,1026.479687,3
0,64,2048,256,cpu_vals,1,30.796583,30.373541,30.809916,5
0,64,2048,256,bidiag_vals,1,874.098500,873.240812,880.494770,3
0,16,2048,64,jacobi,1,19.712458,19.627552,19.813167,8
0,16,2048,64,block,1,10.336000,10.187041,10.427042,15
0,16,2048,64,qr,1,4.981042,4.952417,5.059792,25
0,16,2048,64,qrblock,1,6.800625,6.741584,6.930292,22
0,16,2048,64,gk,1,6.406375,6.176291,6.502209,24
0,16,2048,64,cpu,1,3.102042,3.007834,3.256041,25
0,1,40,40,jacobi,1,0.790625,0.741750,1.282125,25
0,1,40,40,block,1,2.413042,2.397500,2.502583,25
0,1,40,40,gk,1,0.840792,0.821417,0.882542,25
0,1,40,40,cpu,1,0.086667,0.085458,0.087292,25
0,16,512,128,jacobi,1,14.001375,13.947395,14.044104,11
0,16,512,128,block,1,8.851458,8.737750,8.983042,17
0,16,512,128,qr,1,7.152438,7.066448,7.252229,22
0,16,512,128,qrblock,1,8.718270,8.465563,8.874792,18
0,16,512,128,cpu,1,3.515875,3.283042,3.551833,25
0,16,512,128,bidiag,1,79.909083,79.871458,79.931833,5
0,16,512,128,cpu_vals,1,2.281416,2.063959,2.547750,25
0,16,512,128,bidiag_vals,1,65.734375,65.639708,65.942583,5
0,1024,512,256,qrblock,1,1375.265375,1365.245937,1375.642000,3
0,1024,512,256,cpu,1,438.652916,437.682812,440.163729,3
0,4,512,32,jacobi,1,0.733459,0.731750,0.739375,25
0,4,512,32,block,1,2.744792,2.722625,2.776459,25
0,4,512,32,qr,1,0.704500,0.697625,0.714542,25
0,4,512,32,qrblock,1,2.130208,2.115333,2.157250,25
0,4,512,32,gk,1,1.193292,1.151000,1.253458,25
0,4,512,32,cpu,1,0.240500,0.237625,0.243333,25
0,4096,64,32,jacobi,1,28.144334,28.081719,28.280229,6
0,4096,64,32,block,1,25.214917,25.114865,25.483312,6
0,4096,64,32,qr,1,31.847292,31.716042,31.915667,5
0,4096,64,32,qrblock,1,26.683895,26.475615,26.917865,6
0,4096,64,32,gk,1,16.178522,16.157334,16.195875,10
0,4096,64,32,cpu,1,21.236541,21.024062,21.917854,7
0,16,64,32,jacobi,1,0.519000,0.506875,1.164667,25
0,16,64,32,block,1,2.077667,2.042583,2.101458,25
0,16,64,32,qr,1,0.627958,0.619208,0.635667,25
0,16,64,32,qrblock,1,2.240875,2.219333,2.291166,25
0,16,64,32,gk,1,0.893500,0.843334,0.897834,25
0,16,64,32,cpu,1,0.230459,0.221417,0.243209,25
0,64,4,4,jacobi,1,0.245834,0.233416,0.259334,25
0,64,4,4,gk,1,0.258334,0.245292,0.284041,25
0,64,4,4,cpu,1,0.142917,0.108041,0.145583,25
0,64,16,16,jacobi,1,0.724833,0.324000,0.971625,25
0,64,16,16,gk,1,0.351166,0.347084,0.355167,25
0,64,16,16,cpu,1,0.181916,0.173875,0.198000,25
0,4096,256,32,jacobi,1,86.440125,86.141625,86.818584,5
0,4096,256,32,block,1,51.067166,50.859584,52.051042,5
0,4096,256,32,qr,1,51.989125,51.856417,52.066375,5
0,4096,256,32,qrblock,1,49.844166,49.608875,49.875750,5
0,4096,256,32,gk,1,39.492500,39.078625,40.182625,5
0,4096,256,32,cpu,1,32.213417,32.018541,32.292750,5
0,1,256,128,jacobi,1,5.654834,5.649084,5.664708,25
0,1,256,128,block,1,5.682167,5.597875,5.769334,25
0,1,256,128,qr,1,4.748250,4.745083,4.752333,25
0,1,256,128,qrblock,1,5.766708,5.661875,5.822791,25
0,1,256,128,cpu,1,1.346125,1.342541,1.352417,25
0,1,256,128,bidiag,1,4.687625,4.666834,4.724750,25
0,1,256,128,cpu_vals,1,0.787083,0.784125,0.790500,25
0,1,256,128,bidiag_vals,1,3.867333,3.827959,3.888542,25
0,4096,256,128,jacobi,1,2089.173708,2085.639020,2094.700437,3
0,4096,256,128,block,1,860.160583,858.757916,861.148541,3
0,4096,256,128,qr,1,2048.190375,2048.090875,2051.305584,3
0,4096,256,128,qrblock,1,860.732708,860.238916,867.692437,3
0,4096,256,128,cpu,1,464.328625,463.085209,467.495750,3
0,4096,8,8,jacobi,1,1.445625,1.402125,1.563000,25
0,4096,8,8,gk,1,0.934500,0.930583,0.939375,25
0,4096,8,8,cpu,1,1.417083,1.367875,1.457500,25
0,256,2048,64,jacobi,1,325.053750,324.971229,325.787646,3
0,256,2048,64,block,1,59.397250,58.478792,59.456709,5
0,256,2048,64,qr,1,54.950917,54.280416,55.567084,5
0,256,2048,64,qrblock,1,56.062042,55.111291,58.111959,5
0,256,2048,64,gk,1,53.311458,52.771459,53.645375,5
0,256,2048,64,cpu,1,35.697625,35.558958,35.879291,5
0,4,2048,2048,cpu,1,791.019792,785.447584,796.976500,3
0,4,2048,2048,bidiag,1,1248.556667,1244.849438,1249.900688,3
0,4,2048,2048,cpu_vals,1,446.267000,445.792937,448.547167,3
0,4,2048,2048,bidiag_vals,1,677.823791,677.481416,677.862020,3
0,1024,2048,64,jacobi,1,1300.478875,1299.671396,1300.756646,3
0,1024,2048,64,block,1,231.761666,228.195917,233.004125,5
0,1024,2048,64,qr,1,217.791250,215.803958,218.608709,5
0,1024,2048,64,qrblock,1,199.646958,198.452583,200.827041,5
0,1024,2048,64,gk,1,205.733250,197.887917,209.585792,5
0,1024,2048,64,cpu,1,130.174834,130.125834,132.304208,5
0,1024,1024,64,jacobi,1,624.282250,622.543937,625.124812,3
0,1024,1024,64,block,1,122.154042,121.166667,122.547625,5
0,1024,1024,64,qr,1,136.375250,135.428000,136.716875,5
0,1024,1024,64,qrblock,1,117.091125,115.720708,117.175584,5
0,1024,1024,64,gk,1,114.573083,114.561834,114.650916,5
0,1024,1024,64,cpu,1,68.886625,68.707625,69.810333,5
0,1024,64,64,jacobi,1,52.636041,52.625375,53.011333,5
0,1024,64,64,block,1,30.243709,30.202333,30.342125,5
0,1024,64,64,gk,1,19.610542,19.507917,19.666552,8
0,1024,64,64,cpu,1,14.293334,14.174479,14.387146,11
0,1,256,32,jacobi,1,0.753583,0.485542,0.867000,25
0,1,256,32,block,1,2.261833,2.212791,2.314166,25
0,1,256,32,qr,1,0.588875,0.583084,0.591833,25
0,1,256,32,qrblock,1,2.325417,2.274083,2.380167,25
0,1,256,32,gk,1,1.105708,1.071209,1.130625,25
0,1,256,32,cpu,1,0.116459,0.115250,0.118417,25
0,64,2048,128,jacobi,1,424.417250,423.644375,429.135000,3
0,64,2048,128,block,1,68.011333,67.643000,68.549291,5
0,64,2048,128,qr,1,58.785125,58.309875,59.492500,5
0,64,2048,128,qrblock,1,43.144541,43.042250,43.189458,5
0,64,2048,128,cpu,1,29.314729,29.222479,29.455823,6
0,64,2048,128,bidiag,1,446.828875,446.355125,447.169291,3
0,64,2048,128,cpu_vals,1,12.282250,12.262250,12.340708,13
0,64,2048,128,bidiag_vals,1,388.260708,387.658666,388.260771,3
0,64,512,64,jacobi,1,11.231292,11.038937,11.429219,14
0,64,512,64,block,1,6.792750,6.729604,6.884531,22
0,64,512,64,qr,1,6.757125,6.691604,6.817021,23
0,64,512,64,qrblock,1,7.401375,7.304792,7.502833,21
0,64,512,64,gk,1,6.113500,5.942875,6.170042,25
0,64,512,64,cpu,1,3.195417,3.133250,3.239208,25
0,1,24,24,jacobi,1,0.792458,0.285792,0.832792,25
0,1,24,24,gk,1,0.503459,0.495458,0.544708,25
0,1,24,24,cpu,1,0.036667,0.036375,0.037084,25
0,256,1024,256,jacobi,1,3536.710750,3533.824980,3543.474791,3
0,256,1024,256,block,1,634.468833,634.285916,634.606749,3
0,256,1024,256,qr,1,1088.004333,1086.475124,1093.167709,3
0,256,1024,256,qrblock,1,393.400750,392.397271,393.751937,3
0,256,1024,256,cpu,1,159.507708,159.334208,160.785334,5
0,4096,64,16,jacobi,1,6.981896,6.956927,7.004177,22
0,4096,64,16,qr,1,9.343792,9.229333,9.449729,16
0,4096,64,16,gk,1,5.086000,5.053041,5.110500,25
0,4096,64,16,cpu,1,7.890750,7.795719,7.963396,20
0,16,1024,64,jacobi,1,5.290625,5.277750,5.296291,25
0,16,1024,64,block,1,6.391792,6.336323,6.478000,24
0,16,1024,64,qr,1,3.411666,3.386417,3.436583,25
0,16,1024,64,qrblock,1,5.120833,4.963417,5.234250,25
0,16,1024,64,gk,1,4.561958,4.504917,4.649167,25
0,16,1024,64,cpu,1,2.108375,1.696750,2.147625,25
0,64,256,16,jacobi,1,0.489875,0.473125,0.598000,25
0,64,256,16,qr,1,0.785458,0.776667,0.796125,25
0,64,256,16,gk,1,0.600208,0.596041,0.604958,25
0,64,256,16,cpu,1,0.329958,0.324041,0.337042,25
0,16,512,64,jacobi,1,2.246000,2.237125,2.254000,25
0,16,512,64,block,1,4.222167,4.126708,4.272875,25
0,16,512,64,qr,1,2.195292,2.169584,2.232375,25
0,16,512,64,qrblock,1,3.826500,3.759458,3.887333,25
0,16,512,64,gk,1,3.302291,3.286459,3.312084,25
0,16,512,64,cpu,1,1.221750,1.026084,1.268666,25
0,1024,128,16,jacobi,1,2.732791,2.706375,2.742208,25
0,1024,128,16,qr,1,3.244125,3.224833,3.284459,25
0,1024,128,16,gk,1,2.271667,2.262625,2.312375,25
0,1024,128,16,cpu,1,2.825542,2.408375,2.853417,25
0,4,512,512,jacobi,1,327.108875,327.054438,327.186041,3
0,4,512,512,block,1,48.389041,48.380000,48.530709,5
0,4,512,512,cpu,1,18.506375,18.336250,18.754958,9
0,4,512,512,bidiag,1,103.118542,103.059958,103.650500,5
0,4,512,512,cpu_vals,1,8.943375,8.922417,8.986291,17
0,4,512,512,bidiag_vals,1,75.773375,75.714917,75.853584,5
0,4096,48,48,jacobi,1,79.402958,79.013792,79.525541,5
0,4096,48,48,block,1,98.038209,97.872583,98.086000,5
0,4096,48,48,gk,1,27.560459,27.554021,27.639240,6
0,4096,48,48,cpu,1,34.173166,33.829875,34.545625,5
0,16,32,16,jacobi,1,0.521709,0.517000,0.540292,25
0,16,32,16,qr,1,0.473833,0.465667,0.485875,25
0,16,32,16,gk,1,0.345583,0.341708,0.351875,25
0,16,32,16,cpu,1,0.131000,0.121208,0.152625,25
0,1024,24,24,jacobi,1,3.995042,3.973667,4.005709,25
0,1024,24,24,gk,1,1.765250,1.747833,1.780125,25
0,1024,24,24,cpu,1,2.533542,2.452750,2.541958,25
0,1024,64,8,jacobi,1,0.662125,0.651917,0.705375,25
0,1024,64,8,qr,1,1.226750,1.212083,1.256625,25
0,1024,64,8,gk,1,0.652042,0.641291,0.655958,25
0,1024,64,8,cpu,1,0.695750,0.686917,0.705000,25
0,16,512,256,jacobi,1,93.803792,93.799250,93.815333,5
0,16,512,256,block,1,26.863104,26.775167,26.893323,6
0,16,512,256,qr,1,64.354958,64.038500,64.386417,5
0,16,512,256,qrblock,1,25.326958,25.220562,26.003261,6
0,16,512,256,cpu,1,12.093167,8.899625,12.159521,15
0,16,512,256,bidiag,1,196.841625,196.526666,197.032708,5
0,16,512,256,cpu_vals,1,5.892708,5.787291,6.174917,25
0,16,512,256,bidiag_vals,1,159.040417,158.787625,159.078292,5
0,64,512,32,jacobi,1,2.268375,2.259750,2.284208,25
0,64,512,32,block,1,3.670916,3.597209,3.718292,25
0,64,512,32,qr,1,2.136625,2.057708,2.498167,25
0,64,512,32,qrblock,1,3.211083,3.194667,3.252917,25
0,64,512,32,gk,1,2.199416,2.172541,2.268375,25
0,64,512,32,cpu,1,1.075292,1.054083,1.484291,25
0,1,1024,128,jacobi,1,18.391958,18.367667,18.408084,9
0,1,1024,128,block,1,8.930916,8.648959,8.982417,17
0,1,1024,128,qr,1,5.549084,5.544000,5.552042,25
0,1,1024,128,qrblock,1,6.505959,6.419709,6.610854,23
0,1,1024,128,cpu,1,2.157542,2.152667,2.161208,25
0,1,1024,128,bidiag,1,5.602584,5.553667,5.623250,25
0,1,1024,128,cpu_vals,1,1.162625,1.158833,1.166334,25
0,1,1024,128,bidiag_vals,1,4.692750,4.650458,5.078708,25
0,256,512,32,jacobi,1,11.975583,11.858834,12.161416,13
0,256,512,32,block,1,8.246584,8.129229,8.408250,19
0,256,512,32,qr,1,7.047166,6.990802,7.148323,22
0,256,512,32,qrblock,1,7.841042,7.682114,7.971229,20
0,256,512,32,gk,1,6.010084,5.917500,6.119791,25
0,256,512,32,cpu,1,3.873208,3.772666,4.182125,25
0,1,512,128,jacobi,1,10.244333,10.235125,10.248458,15
0,1,512,128,block,1,6.705000,6.610854,6.795542,23
0,1,512,128,qr,1,5.007792,5.003250,5.011916,25
0,1,512,128,qrblock,1,5.932791,5.875000,5.964333,25
0,1,512,128,cpu,1,1.657167,1.649167,1.670500,25
0,1,512,128,bidiag,1,5.024417,4.979167,5.048292,25
0,1,512,128,cpu_vals,1,0.924625,0.921000,0.933042,25
0,1,512,128,bidiag_vals,1,4.137250,4.130791,4.191667,25
0,16,512,512,jacobi,1,832.944792,832.732646,833.109958,3
0,16,512,512,block,1,154.557709,154.270625,154.900625,5
0,16,512,512,cpu,1,28.555291,28.434573,28.897261,6
0,16,512,512,bidiag,1,413.440500,413.056396,413.893354,3
0,16,512,512,cpu_vals,1,15.626521,15.618291,17.722917,10
0,16,512,512,bidiag_vals,1,301.559250,301.423583,301.659520,3
0,1024,8,8,jacobi,1,0.517209,0.510500,0.527916,25
0,1024,8,8,gk,1,0.374166,0.370208,0.378625,25
0,1024,8,8,cpu,1,0.448417,0.438709,0.522084,25
0,4,128,8,jacobi,1,0.393042,0.382791,0.402625,25
0,4,128,8,qr,1,0.433583,0.425583,0.441000,25
0,4,128,8,gk,1,0.270167,0.265375,0.276083,25
0,4,128,8,cpu,1,0.045208,0.043584,0.045750,25
0,1,64,16,jacobi,1,0.266208,0.256416,0.307625,25
0,1,64,16,qr,1,0.438709,0.432333,0.470750,25
0,1,64,16,gk,1,0.394417,0.376625,0.431208,25
0,1,64,16,cpu,1,0.036500,0.029042,0.036708,25
0,64,96,96,jacobi,1,8.546625,8.534479,8.566292,18
0,64,96,96,block,1,8.216041,8.179875,8.277208,19
0,64,96,96,cpu,1,2.945125,2.928125,2.973042,25
0,256,256,8,jacobi,1,1.238000,0.494000,1.312750,25
0,256,256,8,qr,1,0.972958,0.963959,0.986709,25
0,256,256,8,gk,1,0.609500,0.607458,0.616125,25
0,256,256,8,cpu,1,0.447875,0.438417,0.463125,25
0,1,96,96,jacobi,1,2.374667,2.367875,2.384625,25
0,1,96,96,block,1,4.042833,3.979541,4.152958,25
0,1,96,96,cpu,1,0.550458,0.546875,0.552500,25
0,256,256,32,jacobi,1,5.198250,5.161833,5.264250,25
0,256,256,32,block,1,4.733291,4.639625,4.773167,25
0,256,256,32,qr,1,4.867709,4.533042,5.025917,25
0,256,256,32,qrblock,1,5.630500,5.313042,5.800208,25
0,256,256,32,gk,1,3.989583,3.602083,4.031750,25
0,256,256,32,cpu,1,2.722250,2.678958,2.727916,25
0,256,16,8,jacobi,1,0.759667,0.697834,0.769917,25
0,256,16,8,qr,1,0.582083,0.565875,0.595292,25
0,256,16,8,gk,1,0.250125,0.248042,0.252250,25
0,256,16,8,cpu,1,0.228583,0.223958,0.234459,25
0,256,48,48,jacobi,1,5.556875,5.551958,5.569750,25
0,256,48,48,block,1,8.018458,7.956855,8.079791,19
0,256,48,48,gk,1,2.380625,2.377083,2.393292,25
0,256,48,48,cpu,1,2.320584,2.263292,2.377833,25
0,1024,1024,32,jacobi,1,142.080333,141.958833,142.310833,5
0,1024,1024,32,block,1,40.358667,40.118167,40.370583,5
0,1024,1024,32,qr,1,38.316292,38.206209,38.369209,5
0,1024,1024,32,qrblock,1,42.643042,42.619583,42.691500,5
0,1024,1024,32,gk,1,37.193209,36.938333,38.120291,5
0,1024,1024,32,cpu,1,22.513958,22.224104,23.049229,7
0,1,1536,1536,cpu,1,177.612750,177.505250,177.962041,5
0,1,1536,1536,bidiag,1,165.015417,164.829958,167.098334,5
0,1,1536,1536,cpu_vals,1,84.482500,84.456458,84.517417,5
0,1,1536,1536,bidiag_vals,1,96.022875,95.727417,96.438917,5
0,4,256,128,jacobi,1,5.751958,5.742417,5.761792,25
0,4,256,128,block,1,5.904042,5.854791,5.942792,25
0,4,256,128,qr,1,5.098000,5.093000,5.105625,25
0,4,256,128,qrblock,1,6.163750,6.072791,6.207833,25
0,4,256,128,cpu,1,1.906750,1.897667,1.916292,25
0,4,256,128,bidiag,1,18.667500,18.587750,18.695542,9
0,4,256,128,cpu_vals,1,1.110792,1.098333,1.119250,25
0,4,256,128,bidiag_vals,1,15.301625,15.224719,15.417656,10
0,64,256,32,jacobi,1,1.339042,1.322875,1.386625,25
0,64,256,32,block,1,2.613333,2.584500,2.627291,25
0,64,256,32,qr,1,1.632625,1.615542,1.651292,25
0,64,256,32,qrblock,1,2.711291,2.683750,2.779083,25
0,64,256,32,gk,1,1.734792,1.703750,1.760500,25
0,64,256,32,cpu,1,0.718750,0.693667,0.734125,25
0,4,256,8,jacobi,1,0.456791,0.301291,0.476125,25
0,4,256,8,qr,1,0.423000,0.413834,0.429792,25
0,4,256,8,gk,1,0.292416,0.281041,0.306875,25
0,4,256,8,cpu,1,0.053042,0.051583,0.054250,25
0,4,128,32,jacobi,1,1.233166,0.421791,1.306792,25
0,4,128,32,block,1,2.068667,2.008375,2.090125,25
0,4,128,32,qr,1,0.574750,0.569542,0.583208,25
0,4,128,32,qrblock,1,1.986916,1.952750,2.022041,25
0,4,128,32,gk,1,0.959375,0.914000,0.966917,25
0,4,128,32,cpu,1,0.121333,0.119583,0.123959,25
0,1,64,8,jacobi,1,0.325333,0.302333,0.344417,25
0,1,64,8,qr,1,0.401542,0.368500,0.477583,25
0,1,64,8,gk,1,0.257333,0.238000,0.270583,25
0,1,64,8,cpu,1,0.012208,0.012125,0.012458,25
0,256,64,64,jacobi,1,13.478000,12.770657,13.669812,12
0,256,64,64,block,1,9.116250,9.086458,9.198625,17
0,256,64,64,gk,1,5.430167,5.413041,5.450959,25
0,256,64,64,cpu,1,3.755250,3.685833,4.119500,25
0,1024,64,16,jacobi,1,2.092125,2.083875,2.126084,25
0,1024,64,16,qr,1,2.768750,2.711208,2.893958,25
0,1024,64,16,gk,1,1.507166,1.481416,1.530791,25
0,1024,64,16,cpu,1,2.035542,2.011042,2.529750,25
0,16,48,48,jacobi,1,0.875208,0.870708,1.416291,25
0,16,48,48,block,1,2.862708,2.853375,2.885625,25
0,16,48,48,gk,1,1.134625,1.110292,1.154917,25
0,16,48,48,cpu,1,0.296666,0.291459,0.310959,25
0,1,32,16,jacobi,1,0.483292,0.439000,0.498250,25
0,1,32,16,qr,1,0.430875,0.425209,0.448958,25
0,1,32,16,gk,1,0.334958,0.324417,0.354500,25
0,1,32,16,cpu,1,0.028167,0.026334,0.031417,25
0,256,512,256,jacobi,1,1748.110625,1747.841521,1753.028146,3
0,256,512,256,block,1,416.729708,415.914833,416.816666,3
0,256,512,256,qr,1,1066.667708,1064.488646,1067.353187,3
0,256,512,256,qrblock,1,346.560166,346.309374,346.635166,3
0,256,512,256,cpu,1,116.311500,115.172375,116.444500,5
0,16,256,64,jacobi,1,1.643292,1.627500,1.676042,25
0,16,256,64,block,1,3.335875,3.285292,3.385333,25
0,16,256,64,qr,1,1.873334,1.843125,1.919208,25
0,16,256,64,qrblock,1,3.402375,3.377666,3.430291,25
0,16,256,64,gk,1,2.808125,2.796500,2.820000,25
0,16,256,64,cpu,1,0.851459,0.649625,0.882291,25
0,1024,512,32,jacobi,1,49.094250,49.066875,49.263167,5
0,1024,512,32,block,1,23.452958,23.333188,23.471958,7
0,1024,512,32,qr,1,22.635666,22.483208,22.693687,7
0,1024,512,32,qrblock,1,22.272875,21.990896,23.674188,7
0,1024,512,32,gk,1,19.566624,19.155896,20.005396,8
0,1024,512,32,cpu,1,12.814500,12.701678,13.201833,12
0,16,64,8,jacobi,1,0.358375,0.344750,0.366875,25
0,16,64,8,qr,1,0.422750,0.418875,0.431167,25
0,16,64,8,gk,1,0.234959,0.225209,0.245500,25
0,16,64,8,cpu,1,0.092458,0.076292,0.139459,25
0,4,128,16,jacobi,1,0.437625,0.388583,0.577833,25
0,4,128,16,qr,1,0.468125,0.460459,0.483292,25
0,4,128,16,gk,1,0.434625,0.427750,0.489416,25
0,4,128,16,cpu,1,0.064459,0.063000,0.065833,25
0,64,32,8,jacobi,1,0.369041,0.362834,0.375959,25
0,64,32,8,qr,1,0.458083,0.449958,0.480459,25
0,64,32,8,gk,1,0.244209,0.242250,0.245458,25
0,64,32,8,cpu,1,0.148292,0.146209,0.170458,25
0,4096,512,64,jacobi,1,585.852875,585.319750,586.642396,3
0,4096,512,64,block,1,286.995542,285.817666,291.985542,5
0,4096,512,64,qr,1,366.582000,361.613625,368.586708,3
0,4096,512,64,qrblock,1,273.652541,273.217625,278.218750,5
0,4096,512,64,gk,1,270.129292,267.276875,270.642916,5
0,4096,512,64,cpu,1,155.796875,154.116416,157.985625,5
0,16,64,16,jacobi,1,0.434667,0.383167,0.581209,25
0,16,64,16,qr,1,0.494833,0.485458,0.523542,25
0,16,64,16,gk,1,0.378666,0.375916,0.383209,25
0,16,64,16,cpu,1,0.141834,0.131000,0.161250,25
0,4096,80,80,jacobi,1,429.876042,429.833375,430.659479,3
0,4096,80,80,block,1,311.189792,310.860521,311.335354,3
0,4096,80,80,gk,1,175.467625,174.521333,176.517417,5
0,4096,80,80,cpu,1,98.737291,98.568875,100.972125,5
0,64,256,8,jacobi,1,0.550667,0.546458,0.561000,25
0,64,256,8,qr,1,0.613000,0.597459,0.636166,25
0,64,256,8,gk,1,0.350125,0.347833,0.355500,25
0,64,256,8,cpu,1,0.222708,0.218083,0.226583,25
0,4096,4,4,jacobi,1,1.236334,0.419209,1.264500,25
0,4096,4,4,gk,1,0.380541,0.378500,0.384291,25
0,4096,4,4,cpu,1,0.709833,0.690125,0.792625,25
0,64,128,128,jacobi,1,33.084084,32.361584,33.305625,5
0,64,128,128,block,1,14.420208,14.305874,14.490354,11
0,64,128,128,cpu,1,6.045083,6.008375,6.354833,25
0,64,128,128,bidiag,1,276.752875,275.282708,276.815375,5
0,64,128,128,cpu_vals,1,3.948041,3.885417,4.457250,25
0,64,128,128,bidiag_vals,1,221.748458,221.653959,221.797209,5
0,16,512,32,jacobi,1,1.093542,0.793459,1.230500,25
0,16,512,32,block,1,2.859292,2.840625,2.887666,25
0,16,512,32,qr,1,0.970250,0.959375,0.983125,25
0,16,512,32,qrblock,1,2.417375,2.380625,2.459458,25
0,16,512,32,gk,1,1.499709,1.475833,1.509042,25
0,16,512,32,cpu,1,0.388000,0.383375,0.392542,25
0,16,384,384,jacobi,1,234.862000,234.835250,234.892959,5
0,16,384,384,block,1,67.197833,67.022875,67.263083,5
0,16,384,384,cpu,1,13.056334,12.989448,13.170937,12
0,16,384,384,bidiag,1,272.239167,272.148750,272.686291,5
0,16,384,384,cpu_vals,1,7.405417,7.347333,7.494000,21
0,16,384,384,bidiag_vals,1,209.015500,208.980667,209.036958,5
0,16,32,8,jacobi,1,0.210292,0.194125,0.239417,25
0,16,32,8,qr,1,0.420458,0.414250,0.437000,25
0,16,32,8,gk,1,0.241250,0.237792,0.244709,25
0,16,32,8,cpu,1,0.077875,0.071417,0.117000,25
0,1,4,4,jacobi,1,0.182291,0.154292,0.221667,25
0,1,4,4,gk,1,0.209292,0.170209,0.228750,25
0,1,4,4,cpu,1,0.003875,0.003834,0.004166,25
0,16,2048,256,jacobi,1,523.940417,523.646000,524.755605,3
0,16,2048,256,block,1,68.522875,68.507875,68.764625,5
0,16,2048,256,qr,1,74.535625,74.473209,74.824625,5
0,16,2048,256,qrblock,1,38.184750,38.167625,38.308917,5
0,16,2048,256,cpu,1,19.584874,19.424552,21.358667,8
0,16,2048,256,bidiag,1,256.122500,255.675916,256.215875,5
0,16,2048,256,cpu_vals,1,10.463375,9.601573,11.023604,14
0,16,2048,256,bidiag_vals,1,215.543167,215.519042,215.561833,5
0,256,80,80,jacobi,1,26.002167,25.950239,26.118532,6
0,256,80,80,block,1,19.805708,19.779396,19.859365,8
0,256,80,80,gk,1,12.600208,12.589032,12.613011,12
0,256,80,80,cpu,1,7.273209,7.098708,7.311041,21
0,256,512,16,jacobi,1,2.707917,2.650584,2.811958,25
0,256,512,16,qr,1,3.165209,2.393417,3.396833,25
0,256,512,16,gk,1,3.035959,2.269375,3.212917,25
0,256,512,16,cpu,1,1.882000,1.473834,1.922083,25
0,4,256,256,jacobi,1,34.746250,34.729084,34.753625,5
0,4,256,256,block,1,14.239958,14.034771,14.295562,11
0,4,256,256,cpu,1,4.177958,4.165667,4.202292,25
0,4,256,256,bidiag,1,41.487042,41.245417,41.555583,5
0,4,256,256,cpu_vals,1,2.299166,2.285250,2.310166,25
0,4,256,256,bidiag_vals,1,32.113625,32.074875,32.164583,5
0,4096,512,32,jacobi,1,201.189042,198.899833,201.552500,5
0,4096,512,32,block,1,87.176292,86.410792,87.488833,5
0,4096,512,32,qr,1,91.264417,90.864792,91.642125,5
0,4096,512,32,qrblock,1,86.729958,86.279708,86.943875,5
0,4096,512,32,gk,1,78.412959,78.069042,79.321167,5
0,4096,512,32,cpu,1,47.073583,46.937667,50.259375,5
0,4096,56,56,jacobi,1,103.594958,103.165792,103.817375,5
0,4096,56,56,block,1,108.378583,108.298750,108.390333,5
0,4096,56,56,gk,1,44.613709,44.404458,44.736167,5
0,4096,56,56,cpu,1,41.374792,40.578125,42.133167,5
0,1024,192,192,jacobi,1,1624.349750,1622.930500,1625.124125,3
0,1024,192,192,block,1,601.640917,600.725729,602.316917,3
0,1024,192,192,cpu,1,138.989875,135.473541,140.960292,5
0,64,8,8,jacobi,1,0.376791,0.364291,0.390750,25
0,64,8,8,gk,1,0.466000,0.368042,0.493167,25
0,64,8,8,cpu,1,0.150458,0.131209,0.272792,25
0,1,2048,256,jacobi,1,147.945792,147.940750,147.979666,5
0,1,2048,256,block,1,22.467083,22.381270,22.593355,7
0,1,2048,256,qr,1,32.934083,32.928167,32.986916,5
0,1,2048,256,qrblock,1,16.306333,16.278542,16.354396,10
0,1,2048,256,cpu,1,8.907375,8.809583,8.968458,17
0,1,2048,256,bidiag,1,16.083250,16.046906,16.112917,10
0,1,2048,256,cpu_vals,1,4.140292,4.127208,4.145125,25
0,1,2048,256,bidiag_vals,1,13.534604,13.514895,13.563541,12
0,64,1024,256,jacobi,1,863.912542,863.736042,864.708729,3
0,64,1024,256,block,1,166.219542,166.173083,166.310792,5
0,64,1024,256,qr,1,283.047042,281.389834,284.177041,5
0,64,1024,256,qrblock,1,96.450750,96.130458,97.315000,5
0,64,1024,256,cpu,1,42.867750,42.702000,43.302875,5
0,64,1024,256,bidiag,1,864.878166,864.063146,864.900770,3
0,64,1024,256,cpu_vals,1,19.129855,19.006104,19.529375,8
0,64,1024,256,bidiag_vals,1,710.534416,709.873312,710.822770,3
0,64,32,16,jacobi,1,0.407125,0.400916,0.824375,25
0,64,32,16,qr,1,0.604334,0.591750,0.636167,25
0,64,32,16,gk,1,0.368708,0.366750,0.375041,25
0,64,32,16,cpu,1,0.239041,0.231916,0.255708,25
0,4096,256,16,jacobi,1,14.854625,14.802667,14.904333,11
0,4096,256,16,qr,1,16.958917,16.727041,17.165125,9
0,4096,256,16,gk,1,16.700271,16.634687,16.772094,10
0,4096,256,16,cpu,1,12.030083,11.859834,12.142208,13
0,1024,1024,256,qrblock,1,1559.161792,1556.524646,1564.113813,3
0,16,256,8,jacobi,1,0.456750,0.447458,0.479875,25
0,16,256,8,qr,1,0.467375,0.461542,0.485833,25
0,16,256,8,gk,1,0.312000,0.309833,0.314250,25
0,16,256,8,cpu,1,0.126750,0.120708,0.152375,25
0,256,1024,64,jacobi,1,155.800541,155.582333,156.095458,5
0,256,1024,64,block,1,32.599541,32.586041,33.054667,5
0,256,1024,64,qr,1,34.201292,32.777958,35.427333,5
0,256,1024,64,qrblock,1,31.437458,31.220000,31.602500,5
0,256,1024,64,gk,1,29.218333,29.111010,29.526782,6
0,256,1024,64,cpu,1,19.225396,19.092156,19.349438,8
0,1024,16,8,jacobi,1,0.521000,0.510542,1.585417,25
0,1024,16,8,qr,1,0.967417,0.947709,1.039500,25
0,1024,16,8,gk,1,0.388750,0.385542,0.390458,25
0,1024,16,8,cpu,1,0.612291,0.567166,0.670208,25
0,4,80,80,jacobi,1,1.846250,1.799000,1.863625,25
0,4,80,80,block,1,3.981750,3.930125,4.049334,25
0,4,80,80,gk,1,2.551625,2.546375,2.557125,25
0,4,80,80,cpu,1,0.428541,0.424834,0.439167,25
0,16,128,8,jacobi,1,0.383459,0.375166,0.395583,25
0,16,128,8,qr,1,0.441709,0.433083,0.452708,25
0,16,128,8,gk,1,0.265084,0.255292,0.268042,25
0,16,128,8,cpu,1,0.124542,0.106916,0.166167,25
0,1024,128,8,jacobi,1,1.140500,0.941417,1.231084,25
0,1024,128,8,qr,1,1.655167,1.567292,1.799709,25
0,1024,128,8,gk,1,1.065916,1.057167,1.077541,25
0,1024,128,8,cpu,1,0.906583,0.885583,1.154542,25
0,1,48,48,jacobi,1,0.796625,0.710709,1.298750,25
0,1,48,48,block,1,2.614875,2.570167,2.648583,25
0,1,48,48,gk,1,1.093709,1.085583,1.133958,25
0,1,48,48,cpu,1,0.119125,0.116958,0.120584,25
0,1024,2048,128,qr,1,925.343292,916.140750,928.910250,3
0,1024,2048,128,qrblock,1,630.703916,630.448875,653.870520,3
0,1024,2048,128,cpu,1,410.665833,407.726604,412.330104,3
0,1,3072,3072,cpu,1,1305.629417,1302.187229,1306.688958,3
0,1,3072,3072,bidiag,1,703.047667,703.031833,703.355605,3
0,1,3072,3072,cpu_vals,1,716.854458,716.430625,717.480229,3
0,1,3072,3072,bidiag_vals,1,429.647500,429.252084,430.227688,3
0,256,2048,128,jacobi,1,1722.240542,1720.150355,1731.581646,3
0,256,2048,128,block,1,236.027250,234.276791,237.896708,5
0,256,2048,128,qr,1,215.821583,215.762083,215.888875,5
0,256,2048,128,qrblock,1,157.588583,156.490458,157.680000,5
0,256,2048,128,cpu,1,108.121416,107.887708,109.237958,5
0,256,2048,128,bidiag,1,1786.913416,1786.072458,1788.021021,3
0,256,2048,128,cpu_vals,1,46.077292,45.977375,46.110959,5
0,256,2048,128,bidiag_vals,1,1547.533083,1547.353542,1548.547292,3
0,1024,32,8,jacobi,1,0.620417,0.597042,1.137125,25
0,1024,32,8,qr,1,1.031625,1.016666,1.040208,25
0,1024,32,8,gk,1,0.469625,0.465125,0.492500,25
0,1024,32,8,cpu,1,0.671583,0.622584,0.685291,25
0,4,128,128,jacobi,1,4.931416,4.929667,4.938083,25
0,4,128,128,block,1,6.173666,6.039500,6.260375,25
0,4,128,128,cpu,1,1.348459,1.309959,1.355875,25
0,4,128,128,bidiag,1,17.406292,17.349084,17.491083,9
0,4,128,128,cpu_vals,1,0.916875,0.895792,0.930583,25
0,4,128,128,bidiag_vals,1,13.869500,13.834791,13.916833,11
0,64,16,8,jacobi,1,0.209208,0.204792,0.212667,25
0,64,16,8,qr,1,0.462250,0.454958,0.473792,25
0,64,16,8,gk,1,0.236458,0.234084,0.239542,25
0,64,16,8,cpu,1,0.157625,0.137750,0.277209,25
0,4,56,56,jacobi,1,0.984334,0.941250,1.063375,25
0,4,56,56,block,1,2.804625,2.757083,2.836416,25
0,4,56,56,gk,1,1.392667,1.346292,1.401917,25
0,4,56,56,cpu,1,0.185917,0.183416,0.189958,25
0,64,80,80,jacobi,1,5.717375,5.707709,5.737417,25
0,64,80,80,block,1,7.607250,7.559875,7.805281,20
0,64,80,80,gk,1,5.057916,5.052875,5.068584,25
0,64,80,80,cpu,1,1.963708,1.935958,1.990125,25
0,4096,96,96,jacobi,1,755.108541,754.971791,755.185604,3
0,4096,96,96,block,1,347.640458,346.780854,348.307854,3
0,4096,96,96,cpu,1,148.852292,148.125500,153.062833,5
0,4096,1024,128,qr,1,2985.402666,2984.379458,2988.394062,3
0,4096,1024,128,qrblock,1,1715.820000,1702.085667,1740.371791,3
0,4096,1024,128,cpu,1,916.734750,912.888563,921.038146,3
0,256,128,64,jacobi,1,15.088209,14.485208,15.369604,11
0,256,128,64,block,1,9.347375,9.293021,9.449010,16
0,256,128,64,qr,1,16.743146,14.544344,17.057219,10
0,256,128,64,qrblock,1,11.800708,11.549500,12.076416,13
0,256,128,64,gk,1,10.076000,9.979146,10.473083,15
0,256,128,64,cpu,1,5.631583,5.538458,5.922417,25
0,4096,16,16,jacobi,1,5.777458,5.763459,5.818000,25
0,4096,16,16,gk,1,2.458541,2.447000,2.478417,25
0,4096,16,16,cpu,1,4.461917,4.388166,4.723625,25
0,1024,256,256,jacobi,1,4481.764958,4474.994166,4482.089583,3
0,1024,256,256,block,1,1415.958000,1413.275062,1430.427875,3
0,1024,256,256,cpu,1,290.189917,290.047750,294.617583,5
0,4,2048,64,jacobi,1,8.662667,8.649052,8.669125,18
0,4,2048,64,block,1,8.247250,8.208458,8.290333,19
0,4,2048,64,qr,1,3.502917,3.423500,3.555167,25
0,4,2048,64,qrblock,1,5.147250,5.036750,5.221958,25
0,4,2048,64,gk,1,4.576417,4.512208,4.648292,25
0,4,2048,64,cpu,1,1.973334,1.958958,2.000833,25
0,4,1024,32,jacobi,1,1.038833,0.976709,1.381917,25
0,4,1024,32,block,1,4.083583,4.004667,4.161625,25
0,4,1024,32,qr,1,0.848459,0.843625,0.854167,25
0,4,1024,32,qrblock,1,2.274417,2.252625,2.329083,25
0,4,1024,32,gk,1,1.305000,1.283333,1.378917,25
0,4,1024,32,cpu,1,0.384167,0.377917,0.389625,25
0,64,1024,64,jacobi,1,39.246042,39.241666,39.352833,5
0,64,1024,64,block,1,11.429813,11.090563,11.610854,14
0,64,1024,64,qr,1,9.911375,9.789500,10.019478,15
0,64,1024,64,qrblock,1,10.694958,10.390573,11.114510,14
0,64,1024,64,gk,1,9.681459,9.379084,10.238625,15
0,64,1024,64,cpu,1,6.108479,5.571500,6.847229,24
0,16,256,128,jacobi,1,6.180291,6.167917,6.191167,25
0,16,256,128,block,1,6.695541,6.647541,6.772021,23
0,16,256,128,qr,1,5.971667,5.947375,6.117709,25
0,16,256,128,qrblock,1,7.246667,7.209416,7.373125,21
0,16,256,128,cpu,1,3.448666,3.361542,3.512417,25
0,16,256,128,bidiag,1,74.645042,74.452250,74.738625,5
0,16,256,128,cpu_vals,1,1.726041,1.708083,1.768708,25
0,16,256,128,bidiag_vals,1,61.258166,61.219292,61.308125,5
0,4096,128,16,jacobi,1,9.384791,9.348427,9.444292,16
0,4096,128,16,qr,1,11.814959,11.681709,11.963042,13
0,4096,128,16,gk,1,8.139250,8.106229,8.176625,19
0,4096,128,16,cpu,1,9.241542,9.180583,9.283833,17
0,1,512,32,jacobi,1,0.710833,0.610959,1.122500,25
0,1,512,32,block,1,2.773375,2.743458,2.801750,25
0,1,512,32,qr,1,0.640500,0.634250,0.647417,25
0,1,512,32,qrblock,1,2.335042,2.169584,2.392583,25
0,1,512,32,gk,1,1.068417,1.007792,1.075125,25
0,1,512,32,cpu,1,0.156709,0.155500,0.157959,25
0,64,64,64,jacobi,1,3.224833,3.185958,3.232208,25
0,64,64,64,block,1,3.821167,3.743708,3.896166,25
0,64,64,64,gk,1,1.969917,1.963583,1.981292,25
0,64,64,64,cpu,1,1.051583,1.032542,1.075833,25
0,1024,512,128,jacobi,1,1261.995375,1259.736791,1265.215021,3
0,1024,512,128,block,1,326.312625,326.243292,328.091729,3
0,1024,512,128,qr,1,571.583417,568.925855,572.856833,3
0,1024,512,128,qrblock,1,292.820833,289.901167,297.874625,5
0,1024,512,128,cpu,1,157.076041,157.025083,160.971208,5
0,256,64,16,jacobi,1,0.816292,0.777000,0.821375,25
0,256,64,16,qr,1,1.116833,1.105417,1.125791,25
0,256,64,16,gk,1,0.512125,0.509458,0.514125,25
0,256,64,16,cpu,1,0.620417,0.594917,0.666583,25
0,1024,256,128,jacobi,1,518.631250,516.335209,518.788084,3
0,1024,256,128,block,1,220.854333,220.756792,221.989208,5
0,1024,256,128,qr,1,498.509500,497.004000,500.109312,3
0,1024,256,128,qrblock,1,215.028792,215.009917,215.518500,5
0,1024,256,128,cpu,1,119.716792,119.307208,120.053125,5
0,64,256,128,jacobi,1,30.825084,30.303000,31.040208,5
0,64,256,128,block,1,14.674417,14.666999,14.751729,11
0,64,256,128,qr,1,34.824792,34.728083,35.064750,5
0,64,256,128,qrblock,1,17.117042,17.045875,17.275208,9
0,64,256,128,cpu,1,8.686459,8.651771,8.760083,18
0,64,256,128,bidiag,1,298.415250,297.555834,298.418459,5
0,64,256,128,cpu_vals,1,5.345125,4.865833,6.601209,25
0,64,256,128,bidiag_vals,1,243.511000,243.453458,243.547375,5
0,1,2048,64,jacobi,1,8.523479,8.520605,8.536656,18
0,1,2048,64,block,1,7.681604,7.614010,7.741875,20
0,1,2048,64,qr,1,1.880250,1.844708,1.938167,25
0,1,2048,64,qrblock,1,3.197750,3.127375,3.241584,25
0,1,2048,64,gk,1,2.955750,2.953292,2.961625,25
0,1,2048,64,cpu,1,0.893167,0.887375,0.901584,25
0,1,2048,128,jacobi,1,34.435208,34.433375,34.437625,5
0,1,2048,128,block,1,11.376750,11.334135,11.514437,14
0,1,2048,128,qr,1,6.934062,6.920479,6.975782,22
0,1,2048,128,qrblock,1,8.065292,7.991291,8.076605,19
0,1,2048,128,cpu,1,3.146041,3.140792,3.160250,25
0,1,2048,128,bidiag,1,7.044979,6.997927,7.070740,22
0,1,2048,128,cpu_vals,1,1.661167,1.654208,1.665500,25
0,1,2048,128,bidiag_vals,1,6.106750,6.077042,6.158458,25
0,4,512,128,jacobi,1,10.447958,10.424104,10.456292,15
0,4,512,128,block,1,6.896584,6.771698,6.998104,22
0,4,512,128,qr,1,5.663709,5.639583,5.683541,25
0,4,512,128,qrblock,1,6.608083,6.569500,6.657063,23
0,4,512,128,cpu,1,1.945417,1.930792,1.971125,25
0,4,512,128,bidiag,1,20.002229,19.942636,20.058708,8
0,4,512,128,cpu_vals,1,1.147667,1.050041,1.164583,25
0,4,512,128,bidiag_vals,1,16.562625,16.505542,16.623791,10
0,1,56,56,jacobi,1,0.944833,0.906459,0.964416,25
0,1,56,56,block,1,2.515958,2.487209,2.595333,25
0,1,56,56,gk,1,1.346333,1.317833,1.358833,25
0,1,56,56,cpu,1,0.140416,0.138875,0.141000,25
0,4,64,32,jacobi,1,0.380667,0.372958,0.383542,25
0,4,64,32,block,1,2.061917,2.007000,2.121875,25
0,4,64,32,qr,1,0.589750,0.583791,0.598500,25
0,4,64,32,qrblock,1,2.208292,2.162750,2.262000,25
0,4,64,32,gk,1,0.793917,0.753833,0.846416,25
0,4,64,32,cpu,1,0.107750,0.106334,0.110291,25
0,256,256,64,jacobi,1,26.142834,26.116521,26.216021,6
0,256,256,64,block,1,12.676667,12.653011,12.782885,12
0,256,256,64,qr,1,19.434917,18.903699,19.543334,8
0,256,256,64,qrblock,1,14.307375,14.261417,14.522167,11
0,256,256,64,gk,1,12.985895,12.895063,13.163906,12
0,256,256,64,cpu,1,8.111709,7.594969,9.070021,18
0,4096,2048,64,qr,1,807.921708,807.363249,813.360124,3
0,4096,2048,64,qrblock,1,732.242750,729.651604,737.333666,3
0,4096,2048,64,cpu,1,512.123834,509.191500,512.406188,3
0,1,384,384,jacobi,1,112.988750,112.988250,113.034833,5
0,1,384,384,block,1,22.273958,22.187604,22.392041,7
0,1,384,384,cpu,1,7.384104,7.308146,7.688614,20
0,1,384,384,bidiag,1,17.112833,17.103583,17.123041,9
0,1,384,384,cpu_vals,1,3.636875,3.629833,3.647250,25
0,1,384,384,bidiag_vals,1,13.110979,13.066063,13.144844,12
0,16,64,64,jacobi,1,1.130833,1.124625,1.178083,25
0,16,64,64,block,1,2.952125,2.926792,3.034500,25
0,16,64,64,gk,1,1.834583,1.825833,1.839792,25
0,16,64,64,cpu,1,0.395958,0.391500,0.400750,25
0,64,128,32,jacobi,1,1.063083,1.021041,1.679417,25
0,64,128,32,block,1,2.211250,2.133667,2.295000,25
0,64,128,32,qr,1,1.331625,1.267458,1.355583,25
0,64,128,32,qrblock,1,2.382000,2.360209,2.420958,25
0,64,128,32,gk,1,1.068666,1.060875,1.103792,25
0,64,128,32,cpu,1,0.536333,0.524542,0.613125,25
0,64,256,256,jacobi,1,288.993917,288.941500,289.794583,5
0,64,256,256,block,1,83.108791,82.978000,83.125375,5
0,64,256,256,cpu,1,20.231209,20.066729,20.477573,8
0,64,256,256,bidiag,1,660.070875,658.931916,661.571021,3
0,64,256,256,cpu_vals,1,10.943812,10.761750,11.107667,14
0,64,256,256,bidiag_vals,1,514.426917,514.214417,514.575417,3
0,4096,512,16,jacobi,1,45.865375,45.774042,46.375625,5
0,4096,512,16,qr,1,28.986854,28.894334,29.065656,6
0,4096,512,16,gk,1,26.718876,26.658386,26.960459,6
0,4096,512,16,cpu,1,19.800937,19.180073,20.280876,8
0,64,24,24,jacobi,1,0.541792,0.528166,0.972042,25
0,64,24,24,gk,1,0.523459,0.521500,0.525792,25
0,64,24,24,cpu,1,0.287875,0.285334,0.299083,25
0,4,64,16,jacobi,1,0.511625,0.402916,0.525667,25
0,4,64,16,qr,1,0.460917,0.450709,0.470750,25
0,4,64,16,gk,1,0.379333,0.374167,0.383416,25
0,4,64,16,cpu,1,0.063625,0.061333,0.065166,25
0,4,32,16,jacobi,1,0.450875,0.251167,0.494375,25
0,4,32,16,qr,1,0.434250,0.428875,0.448166,25
0,4,32,16,gk,1,0.324042,0.314334,0.330542,25
0,4,32,16,cpu,1,0.048375,0.047458,0.049250,25
0,2,2048,2048,cpu,1,582.481250,578.554271,582.730395,3
0,2,2048,2048,bidiag,1,615.301000,614.748250,617.485312,3
0,2,2048,2048,cpu_vals,1,286.056792,285.726209,290.692458,5
0,2,2048,2048,bidiag_vals,1,338.379959,338.271522,338.663021,3
0,4096,512,128,qr,1,2364.508125,2360.582312,2364.601604,3
0,4096,512,128,qrblock,1,1166.196917,1152.906979,1169.260500,3
0,4096,512,128,cpu,1,607.907917,606.422042,609.573896,3
0,64,64,32,jacobi,1,0.962709,0.911041,1.017083,25
0,64,64,32,block,1,2.260833,2.215791,2.302459,25
0,64,64,32,qr,1,1.208083,1.160375,1.223458,25
0,64,64,32,qrblock,1,2.533833,2.503167,2.550208,25
0,64,64,32,gk,1,0.938500,0.888542,0.947583,25
0,64,64,32,cpu,1,0.467542,0.461375,0.477750,25
0,4096,64,64,jacobi,1,202.058959,201.442583,202.278333,5
0,4096,64,64,block,1,113.687041,113.596916,113.720375,5
0,4096,64,64,gk,1,72.971625,72.765542,73.014000,5
0,4096,64,64,cpu,1,53.296750,52.838458,53.881875,5
0,256,128,8,jacobi,1,0.958208,0.880375,0.984041,25
0,256,128,8,qr,1,0.776417,0.761833,0.812583,25
0,256,128,8,gk,1,0.428208,0.426250,0.433834,25
0,256,128,8,cpu,1,0.345917,0.339209,0.351167,25
0,1,16,8,jacobi,1,0.277875,0.271375,0.298750,25
0,1,16,8,qr,1,0.388750,0.367417,0.421250,25
0,1,16,8,gk,1,0.256459,0.251875,0.269292,25
0,1,16,8,cpu,1,0.010417,0.010334,0.010708,25
0,1,512,64,jacobi,1,2.074833,2.071417,2.082292,25
0,1,512,64,block,1,3.910750,3.843625,3.957500,25
0,1,512,64,qr,1,1.401708,1.365167,1.452125,25
0,1,512,64,qrblock,1,2.881583,2.866000,2.946834,25
0,1,512,64,gk,1,2.533333,2.526291,2.551958,25
0,1,512,64,cpu,1,0.421833,0.420042,0.425208,25
0,4,512,64,jacobi,1,2.111834,2.109250,2.118833,25
0,4,512,64,block,1,3.845791,3.787417,3.920292,25
0,4,512,64,qr,1,1.739292,1.706542,1.756292,25
0,4,512,64,qrblock,1,3.193542,3.172125,3.230625,25
0,4,512,64,gk,1,2.825083,2.817834,2.832625,25
0,4,512,64,cpu,1,0.697875,0.693083,0.705500,25
0,64,48,48,jacobi,1,1.870834,1.853459,1.890583,25
0,64,48,48,block,1,3.604709,3.561167,3.737375,25
0,64,48,48,gk,1,1.220500,1.211916,1.265750,25
0,64,48,48,cpu,1,0.688625,0.679750,0.699750,25
0,16,32,32,jacobi,1,0.953000,0.894500,1.181959,25
0,16,32,32,block,1,2.178417,2.138042,2.220417,25
0,16,32,32,gk,1,0.782625,0.731833,0.787750,25
0,16,32,32,cpu,1,0.191333,0.187958,0.192875,25
0,256,128,128,jacobi,1,119.308125,118.997416,119.507458,5
0,256,128,128,block,1,48.185666,48.132250,48.185667,5
0,256,128,128,cpu,1,21.867334,21.715958,21.964312,7
0,256,128,128,bidiag,1,1106.238042,1105.807896,1106.896042,3
0,256,128,128,cpu_vals,1,14.155000,14.096146,14.275813,11
0,256,128,128,bidiag_vals,1,887.211250,886.801812,887.347959,3
0,4096,256,64,jacobi,1,421.930917,421.737646,422.414479,3
0,4096,256,64,block,1,176.196166,175.453750,176.466292,5
0,4096,256,64,qr,1,279.178917,279.152291,279.554959,5
0,4096,256,64,qrblock,1,194.479792,193.782084,194.546000,5
0,4096,256,64,gk,1,182.967333,182.302625,186.213042,5
0,4096,256,64,cpu,1,100.099584,99.234042,100.360584,5
0,4,96,96,jacobi,1,2.396167,2.392959,2.403167,25
0,4,96,96,block,1,4.160000,4.061416,4.229417,25
0,4,96,96,cpu,1,0.693167,0.677083,0.699958,25
0,4,512,256,jacobi,1,48.169625,48.163084,48.178959,5
0,4,512,256,block,1,14.150416,14.054479,14.173604,11
0,4,512,256,qr,1,33.171917,33.169417,33.199125,5
0,4,512,256,qrblock,1,14.791292,14.568479,14.849500,11
0,4,512,256,cpu,1,5.910916,5.789709,5.988167,25
0,4,512,256,bidiag,1,49.665750,49.396208,49.690541,5
0,4,512,256,cpu_vals,1,3.078792,3.060542,3.099917,25
0,4,512,256,bidiag_vals,1,39.798708,39.780083,39.861708,5
0,1,128,16,jacobi,1,0.237250,0.218750,0.265667,25
0,1,128,16,qr,1,0.417167,0.404333,0.431458,25
0,1,128,16,gk,1,0.431208,0.408583,0.456167,25
0,1,128,16,cpu,1,0.039084,0.030500,0.039750,25
0,4,32,32,jacobi,1,0.349917,0.341750,0.357458,25
0,4,32,32,block,1,2.005625,1.948833,2.055042,25
0,4,32,32,gk,1,0.751541,0.713792,0.757833,25
0,4,32,32,cpu,1,0.092250,0.090333,0.093542,25
0,1024,512,16,jacobi,1,11.458645,11.183177,11.565844,14
0,1024,512,16,qr,1,8.662271,8.505427,8.779198,18
0,1024,512,16,gk,1,7.893000,7.791166,8.199813,19
0,1024,512,16,cpu,1,5.178000,5.138583,5.236167,25
0,1,512,16,jacobi,1,0.731666,0.362209,1.063625,25
0,1,512,16,qr,1,0.472125,0.465750,0.480333,25
0,1,512,16,gk,1,0.576708,0.572041,0.586250,25
0,1,512,16,cpu,1,0.073625,0.070542,0.077917,25
0,4096,128,64,jacobi,1,283.890750,283.486208,284.365750,5
0,4096,128,64,block,1,129.603500,129.468250,130.203875,5
0,4096,128,64,qr,1,238.262666,231.995583,238.503750,5
0,4096,128,64,qrblock,1,153.834250,148.204709,154.119834,5
0,4096,128,64,gk,1,124.432916,123.679417,130.544375,5
0,4096,128,64,cpu,1,77.033041,76.475542,77.704875,5
0,1024,256,32,jacobi,1,19.295771,18.979760,19.695552,8
0,1024,256,32,block,1,15.053334,14.880437,15.267583,10
0,1024,256,32,qr,1,15.108062,14.839645,15.164552,10
0,1024,256,32,qrblock,1,14.457625,14.392729,14.552167,11
0,1024,256,32,gk,1,11.168625,10.949187,11.329740,14
0,1024,256,32,cpu,1,8.623687,8.490958,8.745375,18
0,16,2048,128,jacobi,1,87.264291,87.193750,87.275125,5
0,16,2048,128,block,1,23.019417,22.897188,23.619791,7
0,16,2048,128,qr,1,13.259187,13.093386,13.611677,12
0,16,2048,128,qrblock,1,15.052166,14.881167,15.115448,10
0,16,2048,128,cpu,1,8.735083,8.527333,9.373417,17
0,16,2048,128,bidiag,1,112.282667,112.115083,112.347709,5
0,16,2048,128,cpu_vals,1,4.659250,4.098166,5.195959,25
0,16,2048,128,bidiag_vals,1,98.448666,98.134209,98.537416,5
0,4096,32,16,jacobi,1,5.766084,5.710125,5.804667,25
0,4096,32,16,qr,1,7.729874,7.684021,8.064334,20
0,4096,32,16,gk,1,3.277541,3.254792,3.289625,25
0,4096,32,16,cpu,1,6.865250,6.553062,6.911145,23
0,256,384,384,jacobi,1,4686.829875,4684.353729,4692.874000,3
0,256,384,384,block,1,1144.963083,1144.423791,1145.390666,3
0,256,384,384,cpu,1,172.656000,172.237000,173.025875,5
0,1,768,768,jacobi,1,1031.281083,1031.000417,1031.464458,3
0,1,768,768,block,1,65.171333,65.100125,65.279084,5
0,1,768,768,cpu,1,33.611166,33.422167,33.804708,5
0,1,768,768,bidiag,1,46.598416,46.568167,46.653750,5
0,1,768,768,cpu_vals,1,16.154812,16.137177,16.174250,10
0,1,768,768,bidiag_vals,1,31.617333,31.468750,31.622875,5
0,256,40,40,jacobi,1,4.130542,4.119750,4.147833,25
0,256,40,40,block,1,7.662645,7.557177,7.778896,20
0,256,40,40,gk,1,1.786750,1.746500,1.801583,25
0,256,40,40,cpu,1,1.677084,1.661500,1.710917,25
0,1024,1024,128,jacobi,1,2872.903791,2870.019438,2876.184208,3
0,1024,1024,128,block,1,528.748541,525.597312,529.206124,3
0,1024,1024,128,qr,1,675.459709,669.893542,677.041896,3
0,1024,1024,128,qrblock,1,405.979292,399.925062,410.645542,3
0,1024,1024,128,cpu,1,233.624917,232.789084,235.280209,5
0,16,256,256,jacobi,1,66.007625,66.000250,66.028334,5
0,16,256,256,block,1,24.875500,24.642916,24.885604,7
0,16,256,256,cpu,1,6.097292,6.030583,6.439834,25
0,16,256,256,bidiag,1,165.182167,164.391125,166.518417,5
0,16,256,256,cpu_vals,1,3.826250,3.362084,4.330125,25
0,16,256,256,bidiag_vals,1,128.503958,128.502416,128.604917,5
0,1024,32,32,jacobi,1,7.266125,7.259709,7.297041,21
0,1024,32,32,block,1,6.906750,6.787052,7.018958,22
0,1024,32,32,gk,1,2.567125,2.549250,2.578833,25
0,1024,32,32,cpu,1,3.972125,3.920417,4.036334,25
0,4,40,40,jacobi,1,0.638125,0.569125,1.070834,25
0,4,40,40,block,1,2.423375,2.411500,2.442458,25
0,4,40,40,gk,1,0.869875,0.847916,0.898041,25
0,4,40,40,cpu,1,0.121625,0.120000,0.124958,25
0,16,1024,32,jacobi,1,1.146709,1.136500,1.327000,25
0,16,1024,32,block,1,4.384542,4.342750,4.505750,25
0,16,1024,32,qr,1,1.264167,1.244334,1.284875,25
0,16,1024,32,qrblock,1,2.693000,2.658750,2.699000,25
0,16,1024,32,gk,1,1.795083,1.756208,1.812167,25
0,16,1024,32,cpu,1,0.579875,0.562875,0.605541,25
0,64,2048,64,jacobi,1,83.643625,83.631750,84.004792,5
0,64,2048,64,block,1,19.954750,19.780427,20.053781,8
0,64,2048,64,qr,1,15.373042,15.285052,15.574948,10
0,64,2048,64,qrblock,1,16.100105,15.968344,16.244844,10
0,64,2048,64,gk,1,15.614271,15.344885,15.698958,10
0,64,2048,64,cpu,1,10.015250,9.887271,10.261521,15
0,16,512,16,jacobi,1,0.437625,0.408875,1.142417,25
0,16,512,16,qr,1,0.643250,0.635125,0.659959,25
0,16,512,16,gk,1,0.792375,0.774333,0.801000,25
0,16,512,16,cpu,1,0.243291,0.236292,0.250083,25
0,4,256,64,jacobi,1,1.487542,1.467208,1.522750,25
0,4,256,64,block,1,3.107916,3.027458,3.153125,25
0,4,256,64,qr,1,1.504458,1.464833,1.553167,25
0,4,256,64,qrblock,1,2.905167,2.877417,2.939667,25
0,4,256,64,gk,1,2.429000,2.394417,2.434125,25
0,4,256,64,cpu,1,0.456083,0.453000,0.460500,25
0,256,192,192,jacobi,1,403.084250,402.803146,403.922125,3
0,256,192,192,block,1,148.349375,148.145000,148.352375,5
0,256,192,192,cpu,1,37.088542,36.367416,37.243583,5
0,256,192,192,bidiag,1,1800.412208,1797.749146,1800.428979,3
0,256,192,192,cpu_vals,1,18.559500,18.502917,18.586167,9
0,256,192,192,bidiag_vals,1,1458.911208,1458.526249,1458.921187,3
0,1024,256,64,jacobi,1,105.194916,104.909875,105.532958,5
0,1024,256,64,block,1,45.395334,45.306750,45.447333,5
0,1024,256,64,qr,1,70.368125,69.809458,70.594708,5
0,1024,256,64,qrblock,1,47.782584,47.720417,47.784833,5
0,1024,256,64,gk,1,44.425541,44.337500,44.519209,5
0,1024,256,64,cpu,1,26.997708,26.704385,27.321313,6
0,256,1024,32,jacobi,1,34.935542,34.772667,35.086667,5
0,256,1024,32,block,1,13.236833,13.095625,13.348676,12
0,256,1024,32,qr,1,10.505375,10.475938,10.597167,15
0,256,1024,32,qrblock,1,11.243354,11.195948,11.462438,14
0,256,1024,32,gk,1,10.270708,9.912646,10.410979,15
0,256,1024,32,cpu,1,6.182333,6.061458,6.286583,25
0,1024,96,96,jacobi,1,189.218542,189.127792,189.255000,5
0,1024,96,96,block,1,86.476625,86.472666,86.706792,5
0,1024,96,96,cpu,1,39.790208,39.441541,39.996500,5
0,64,1024,128,jacobi,1,184.766291,183.802750,185.598333,5
0,64,1024,128,block,1,37.269833,37.177000,37.372917,5
0,64,1024,128,qr,1,44.565333,44.426125,44.776833,5
0,64,1024,128,qrblock,1,26.849542,26.685719,27.034208,6
0,64,1024,128,cpu,1,16.733250,16.594042,17.001291,9
0,64,1024,128,bidiag,1,351.811166,351.627708,351.845750,3
0,64,1024,128,cpu_vals,1,7.718000,7.507949,7.756188,20
0,64,1024,128,bidiag_vals,1,304.561375,303.528521,306.528230,3
0,16,16,16,jacobi,1,0.265667,0.253083,0.997750,25
0,16,16,16,gk,1,0.359334,0.351041,0.361750,25
0,16,16,16,cpu,1,0.109333,0.098166,0.248875,25
0,64,128,16,jacobi,1,0.412500,0.401083,0.422459,25
0,64,128,16,qr,1,0.710167,0.702042,0.718500,25
0,64,128,16,gk,1,0.468375,0.461167,0.571958,25
0,64,128,16,cpu,1,0.297416,0.288917,0.308292,25
0,4,256,16,jacobi,1,0.349666,0.336666,0.398333,25
0,4,256,16,qr,1,0.453833,0.447667,0.473500,25
0,4,256,16,gk,1,0.502167,0.496834,0.511958,25
0,4,256,16,cpu,1,0.075625,0.073291,0.077458,25
1,64,1024,32,jacobi,1,8.022458,7.970417,8.067875,19
1,64,1024,32,block,1,5.782166,5.722250,5.869625,25
1,64,1024,32,qr,1,3.477667,3.437041,3.591208,25
1,64,1024,32,qrblock,1,4.738666,4.704875,4.794250,25
1,64,1024,32,gk,1,3.549666,3.506292,3.899667,25
1,64,1024,32,cpu,1,2.098083,1.830833,2.212417,25
1,1024,256,64,jacobi,1,105.085542,105.073708,105.118917,5
1,1024,256,64,block,1,45.519500,45.071833,45.644792,5
1,1024,256,64,qr,1,70.295333,69.910333,70.336250,5
1,1024,256,64,qrblock,1,48.157875,48.016875,48.708542,5
1,1024,256,64,gk,1,44.084791,44.049083,44.247250,5
1,1024,256,64,cpu,1,27.126375,26.922917,27.340802,6
1,4096,96,96,jacobi,1,754.899708,754.695438,754.926792,3
1,4096,96,96,block,1,346.142250,346.038792,347.522396,3
1,4096,96,96,cpu,1,149.189750,149.068792,150.983625,5
1,256,1024,128,jacobi,1,709.876625,709.568188,711.291500,3
1,256,1024,128,block,1,136.319125,136.281417,136.503666,5
1,256,1024,128,qr,1,161.642167,161.163916,161.655334,5
1,256,1024,128,qrblock,1,101.516792,98.052292,102.276875,5
1,256,1024,128,cpu,1,62.524500,62.409709,62.654667,5
1,256,1024,128,bidiag,1,1403.001000,1402.652771,1403.422437,3
1,256,1024,128,cpu_vals,1,28.495625,28.399385,28.612427,6
1,256,1024,128,bidiag_vals,1,1220.527500,1217.122666,1220.881959,3
1,16,24,24,jacobi,1,0.511000,0.493417,0.791333,25
1,16,24,24,gk,1,0.520292,0.513208,0.525167,25
1,16,24,24,cpu,1,0.161208,0.158834,0.171708,25
1,1,4096,4096,cpu,1,3469.821917,3469.302625,3470.779167,3
1,1,4096,4096,bidiag,1,1703.228334,1703.045458,1706.015167,3
1,1,4096,4096,cpu_vals,1,1942.870750,1941.925875,1943.815938,3
1,1,4096,4096,bidiag_vals,1,989.281625,989.045062,989.801209,3
1,256,64,32,jacobi,1,2.417750,2.410917,2.428333,25
1,256,64,32,block,1,3.005334,2.971208,3.020583,25
1,256,64,32,qr,1,2.805084,2.797375,2.828959,25
1,256,64,32,qrblock,1,3.479041,3.416875,3.542458,25
1,256,64,32,gk,1,1.632125,1.624750,1.654417,25
1,256,64,32,cpu,1,1.518792,1.483750,1.533916,25
1,16,32,32,jacobi,1,0.510375,0.402417,1.093083,25
1,16,32,32,block,1,2.168584,2.150083,2.196666,25
1,16,32,32,gk,1,0.786084,0.728000,0.788625,25
1,16,32,32,cpu,1,0.197125,0.190292,0.206792,25
1,1024,32,8,jacobi,1,0.644875,0.550292,0.658000,25
1,1024,32,8,qr,1,1.033834,1.019333,1.062083,25
1,1024,32,8,gk,1,0.473042,0.469084,0.485875,25
1,1024,32,8,cpu,1,0.631000,0.602917,0.646333,25
1,64,32,16,jacobi,1,0.558167,0.406375,0.946083,25
1,64,32,16,qr,1,0.592541,0.580625,0.605333,25
1,64,32,16,gk,1,0.361917,0.359167,0.370583,25
1,64,32,16,cpu,1,0.225625,0.224500,0.230833,25
1,64,384,384,jacobi,1,1169.501333,1168.916854,1171.404187,3
1,64,384,384,block,1,274.473084,274.111416,274.999875,5
1,64,384,384,cpu,1,44.958250,44.432167,45.095959,5
1,64,384,384,bidiag,1,1090.833625,1090.473667,1107.313146,3
1,64,384,384,cpu_vals,1,23.695583,23.659312,23.856063,7
1,64,384,384,bidiag_vals,1,834.082833,833.912062,834.193875,3
1,1,16,8,jacobi,1,0.323750,0.318667,0.333292,25
1,1,16,8,qr,1,0.394291,0.376625,0.428417,25
1,1,16,8,gk,1,0.237209,0.235375,0.253709,25
1,1,16,8,cpu,1,0.010083,0.010041,0.010333,25
1,64,48,48,jacobi,1,1.873458,1.859750,1.892458,25
1,64,48,48,block,1,3.633166,3.549750,3.702125,25
1,64,48,48,gk,1,1.222167,1.211916,1.270917,25
1,64,48,48,cpu,1,0.701208,0.684542,0.707667,25
1,1,256,128,jacobi,1,5.653792,5.643291,5.656875,25
1,1,256,128,block,1,5.754625,5.713041,5.812250,25
1,1,256,128,qr,1,4.751166,4.748000,4.754333,25
1,1,256,128,qrblock,1,5.787916,5.706958,5.853833,25
1,1,256,128,cpu,1,1.363458,1.356500,1.375333,25
1,1,256,128,bidiag,1,4.704875,4.694292,4.750583,25
1,1,256,128,cpu_vals,1,0.784125,0.781083,0.788667,25
1,1,256,128,bidiag_vals,1,3.819125,3.805500,3.877083,25
1,256,128,64,jacobi,1,14.190584,13.403271,15.487520,11
1,256,128,64,block,1,9.402208,9.329770,9.473781,16
1,256,128,64,qr,1,16.832709,15.253344,17.062531,10
1,256,128,64,qrblock,1,12.202667,11.986459,12.316875,13
1,256,128,64,gk,1,10.016687,9.655854,10.071156,16
1,256,128,64,cpu,1,5.774084,5.588417,5.943917,25
1,4,256,16,jacobi,1,0.875250,0.833125,0.890541,25
1,4,256,16,qr,1,0.459917,0.456250,0.466584,25
1,4,256,16,gk,1,0.505083,0.501333,0.507875,25
1,4,256,16,cpu,1,0.077333,0.075875,0.079125,25
1,4,1024,256,jacobi,1,105.315417,105.271583,105.315959,5
1,4,1024,256,block,1,19.716729,19.671667,19.746562,8
1,4,1024,256,qr,1,33.923791,33.602166,33.926292,5
1,4,1024,256,qrblock,1,16.100979,15.819864,16.348823,10
1,4,1024,256,cpu,1,7.430917,7.294948,7.744020,20
1,4,1024,256,bidiag,1,54.757208,54.751000,55.241167,5
1,4,1024,256,cpu_vals,1,3.880375,3.851500,3.922333,25
1,4,1024,256,bidiag_vals,1,45.132792,45.100209,45.238166,5
1,16,512,512,jacobi,1,842.489042,842.440938,845.641146,3
1,16,512,512,block,1,154.182542,154.114375,155.309500,5
1,16,512,512,cpu,1,28.380854,27.998521,28.669000,6
1,16,512,512,bidiag,1,413.485208,413.205396,413.712874,3
1,16,512,512,cpu_vals,1,15.689334,15.529344,15.780343,10
1,16,512,512,bidiag_vals,1,300.934541,300.869250,301.133563,3
1,16,96,96,jacobi,1,2.603000,2.599458,2.607417,25
1,16,96,96,block,1,4.686500,4.656500,4.701208,25
1,16,96,96,cpu,1,0.873459,0.860083,1.239083,25
1,16,64,32,jacobi,1,0.472334,0.459291,1.084833,25
1,16,64,32,block,1,2.079791,2.058583,2.104083,25
1,16,64,32,qr,1,0.654292,0.645042,0.664000,25
1,16,64,32,qrblock,1,2.302375,2.250709,2.332500,25
1,16,64,32,gk,1,0.886541,0.793209,0.897292,25
1,16,64,32,cpu,1,0.230667,0.223250,0.239834,25
1,256,512,32,jacobi,1,11.789750,11.675792,11.912166,13
1,256,512,32,block,1,8.029791,7.957833,8.122062,19
1,256,512,32,qr,1,6.880541,6.730282,6.988490,22
1,256,512,32,qrblock,1,7.768791,7.637052,7.889542,20
1,256,512,32,gk,1,5.946417,5.887208,6.021833,25
1,256,512,32,cpu,1,4.191459,3.989166,4.601958,25
1,4,32,16,jacobi,1,0.500833,0.481500,0.514458,25
1,4,32,16,qr,1,0.426583,0.417833,0.434042,25
1,4,32,16,gk,1,0.321083,0.314250,0.334084,25
1,4,32,16,cpu,1,0.048375,0.047834,0.049208,25
1,16,256,16,jacobi,1,0.888000,0.347542,0.928417,25
1,16,256,16,qr,1,0.561917,0.546208,0.568458,25
1,16,256,16,gk,1,0.520708,0.513625,0.526250,25
1,16,256,16,cpu,1,0.192208,0.187375,0.200334,25
1,16,16,8,jacobi,1,0.332125,0.301125,0.369708,25
1,16,16,8,qr,1,0.397208,0.390708,0.412458,25
1,16,16,8,gk,1,0.198792,0.195375,0.218458,25
1,16,16,8,cpu,1,0.082500,0.062958,0.098042,25
1,1024,1024,256,qrblock,1,1600.757250,1595.344167,1604.644980,3
1,256,384,384,jacobi,1,4803.639959,4802.026230,4815.346084,3
1,256,384,384,block,1,1143.544375,1142.502562,1143.704062,3
1,256,384,384,cpu,1,174.985083,174.874042,175.704625,5
1,64,256,256,jacobi,1,289.132292,288.324875,289.371167,5
1,64,256,256,block,1,83.229208,83.028625,83.366750,5
1,64,256,256,cpu,1,20.044187,20.020864,20.170708,8
1,64,256,256,bidiag,1,665.395291,664.830750,665.826771,3
1,64,256,256,cpu_vals,1,10.981583,10.745302,11.095959,14
1,64,256,256,bidiag_vals,1,515.860250,515.668417,516.045750,3
1,4,64,64,jacobi,1,1.104334,1.083500,1.140083,25
1,4,64,64,block,1,2.848416,2.819375,2.890125,25
1,4,64,64,gk,1,1.798666,1.792541,1.807958,25
1,4,64,64,cpu,1,0.231708,0.229041,0.234500,25
1,1024,56,56,jacobi,1,27.551001,27.237510,27.828396,6
1,1024,56,56,block,1,28.346458,28.280438,28.415042,6
1,1024,56,56,gk,1,11.711291,11.687250,12.097166,13
1,1024,56,56,cpu,1,10.621291,10.498916,10.767521,15
1,1,24,24,jacobi,1,0.772709,0.566125,0.828625,25
1,1,24,24,gk,1,0.518583,0.499458,0.534334,25
1,1,24,24,cpu,1,0.036459,0.036250,0.036792,25
1,16,2048,128,jacobi,1,86.920166,86.915333,86.969416,5
1,16,2048,128,block,1,21.301666,21.208302,21.338583,8
1,16,2048,128,qr,1,13.602500,13.566844,13.712656,12
1,16,2048,128,qrblock,1,15.048312,14.740313,15.374646,10
1,16,2048,128,cpu,1,8.419729,8.329697,8.572521,18
1,16,2048,128,bidiag,1,112.096542,112.003042,112.102541,5
1,16,2048,128,cpu_vals,1,3.959750,3.923417,3.981041,25
1,16,2048,128,bidiag_vals,1,97.327750,97.259750,97.410791,5
1,16,256,32,jacobi,1,0.523125,0.516666,1.693166,25
1,16,256,32,block,1,2.335875,2.290750,2.357583,25
1,16,256,32,qr,1,0.824958,0.819041,0.831500,25
1,16,256,32,qrblock,1,2.254875,2.224583,2.274042,25
1,16,256,32,gk,1,1.268000,1.258208,1.337958,25
1,16,256,32,cpu,1,0.318167,0.311958,0.321875,25
1,256,2048,256,qr,1,1205.047500,1200.799084,1207.909958,3
1,256,2048,256,qrblock,1,515.840417,515.757438,516.383605,3
1,256,2048,256,cpu,1,265.774625,264.909000,266.421250,5
1,1,1024,32,jacobi,1,0.990333,0.984791,0.999416,25
1,1,1024,32,block,1,4.231875,4.146792,4.370666,25
1,1,1024,32,qr,1,0.702167,0.692000,0.705333,25
1,1,1024,32,qrblock,1,2.349375,2.212167,2.428125,25
1,1,1024,32,gk,1,1.171167,1.134916,1.222167,25
1,1,1024,32,cpu,1,0.225959,0.224709,0.229250,25
1,16,128,64,jacobi,1,1.331625,1.288417,1.575959,25
1,16,128,64,block,1,2.861208,2.819125,2.980750,25
1,16,128,64,qr,1,1.715500,1.673084,1.728875,25
1,16,128,64,qrblock,1,3.280750,3.253000,3.341959,25
1,16,128,64,gk,1,2.596125,2.581208,2.623375,25
1,16,128,64,cpu,1,0.542125,0.516625,0.552500,25
1,4096,1024,128,qr,1,2975.652208,2972.021833,2977.501979,3
1,4096,1024,128,qrblock,1,1772.137750,1737.369042,1782.690229,3
1,4096,1024,128,cpu,1,912.482666,912.344249,917.631020,3
1,64,128,16,jacobi,1,0.402291,0.388625,1.149750,25
1,64,128,16,qr,1,0.712042,0.701250,0.726167,25
1,64,128,16,gk,1,0.468041,0.465041,0.478750,25
1,64,128,16,cpu,1,0.284500,0.283292,0.290375,25
1,4096,512,16,jacobi,1,47.255833,46.793417,47.486584,5
1,4096,512,16,qr,1,29.170188,29.040239,29.293698,6
1,4096,512,16,gk,1,26.935209,26.812854,27.030844,6
1,4096,512,16,cpu,1,20.442958,19.544604,21.442479,8
1,256,128,16,jacobi,1,0.993125,0.983750,1.016917,25
1,256,128,16,qr,1,1.285333,1.260208,1.331166,25
1,256,128,16,gk,1,0.944125,0.915084,0.953708,25
1,256,128,16,cpu,1,0.705500,0.690708,0.722875,25
1,1,1024,64,jacobi,1,4.490042,4.488125,4.500375,25
1,1,1024,64,block,1,5.138708,5.096291,5.198417,25
1,1,1024,64,qr,1,1.585958,1.554292,1.603125,25
1,1,1024,64,qrblock,1,2.826250,2.792375,2.874917,25
1,1,1024,64,gk,1,2.575542,2.572083,2.580125,25
1,1,1024,64,cpu,1,0.580916,0.577375,0.584292,25
1,1024,256,32,jacobi,1,22.079584,21.946438,22.112125,7
1,1024,256,32,block,1,14.705500,14.641084,14.751146,11
1,1024,256,32,qr,1,15.004667,14.876959,15.083229,11
1,1024,256,32,qrblock,1,14.166583,14.020708,14.378125,11
1,1024,256,32,gk,1,10.973396,10.919115,11.076980,14
1,1024,256,32,cpu,1,8.474063,8.378615,8.528730,18
1,1024,16,16,jacobi,1,1.757042,1.750541,1.776166,25
1,1024,16,16,gk,1,0.896584,0.864167,0.902958,25
1,1024,16,16,cpu,1,1.159667,1.135708,1.188500,25
1,4,768,768,jacobi,1,1271.990042,1271.726667,1273.360000,3
1,4,768,768,block,1,116.159875,115.943792,116.185375,5
1,4,768,768,cpu,1,40.136041,39.992166,40.319125,5
1,4,768,768,bidiag,1,185.240500,185.017334,185.302541,5
1,4,768,768,cpu_vals,1,18.184000,18.148417,18.764166,9
1,4,768,768,bidiag_vals,1,125.943750,125.841916,125.970292,5
1,16,512,32,jacobi,1,0.794334,0.789792,0.800875,25
1,16,512,32,block,1,2.861792,2.852250,2.880458,25
1,16,512,32,qr,1,0.974875,0.968708,0.978459,25
1,16,512,32,qrblock,1,2.455125,2.415167,2.477834,25
1,16,512,32,gk,1,1.499250,1.450583,1.508500,25
1,16,512,32,cpu,1,0.389667,0.384666,0.410291,25
1,16,1024,256,jacobi,1,176.136334,175.517584,176.207583,5
1,16,1024,256,block,1,37.972375,37.942500,38.090709,5
1,16,1024,256,qr,1,65.986958,65.904292,66.000375,5
1,16,1024,256,qrblock,1,27.958021,27.901479,28.018406,6
1,16,1024,256,cpu,1,12.230792,12.033000,12.500667,13
1,16,1024,256,bidiag,1,216.852667,216.626333,217.140209,5
1,16,1024,256,cpu_vals,1,5.982292,5.912958,6.033875,25
1,16,1024,256,bidiag_vals,1,178.457250,178.450125,178.555917,5
1,64,192,192,jacobi,1,109.620625,109.589250,109.812208,5
1,64,192,192,block,1,37.528750,37.439833,37.551125,5
1,64,192,192,cpu,1,10.401000,10.297104,10.490541,15
1,64,192,192,bidiag,1,450.540208,450.225708,451.085167,3
1,64,192,192,cpu_vals,1,5.544417,5.147625,5.600208,25
1,64,192,192,bidiag_vals,1,364.603916,364.582208,364.658312,3
1,4096,128,64,jacobi,1,283.979833,283.964375,284.890625,5
1,4096,128,64,block,1,128.678541,128.617541,128.852250,5
1,4096,128,64,qr,1,232.671750,232.640500,236.532583,5
1,4096,128,64,qrblock,1,148.755042,147.422750,153.846375,5
1,4096,128,64,gk,1,123.894250,123.413500,124.155000,5
1,4096,128,64,cpu,1,76.979500,76.881917,77.207667,5
1,64,512,32,jacobi,1,2.265667,2.245542,2.283333,25
1,64,512,32,block,1,3.679584,3.632250,3.741417,25
1,64,512,32,qr,1,2.081625,2.037833,2.145833,25
1,64,512,32,qrblock,1,3.239542,3.213167,3.322333,25
1,64,512,32,gk,1,2.176875,2.148917,2.213292,25
1,64,512,32,cpu,1,1.107333,1.052084,1.503875,25
1,1,16,16,jacobi,1,0.526791,0.523166,0.529625,25
1,1,16,16,gk,1,0.341916,0.329875,0.379250,25
1,1,16,16,cpu,1,0.019500,0.018834,0.019875,25
1,4,256,128,jacobi,1,5.756875,5.752958,5.762750,25
1,4,256,128,block,1,5.869375,5.758875,5.941042,25
1,4,256,128,qr,1,5.103667,5.092833,5.112416,25
1,4,256,128,qrblock,1,6.223125,6.139792,6.323250,25
1,4,256,128,cpu,1,1.906083,1.888042,1.915583,25
1,4,256,128,bidiag,1,18.739667,18.694916,18.786500,9
1,4,256,128,cpu_vals,1,1.099833,1.072167,1.108417,25
1,4,256,128,bidiag_vals,1,15.266625,15.242125,15.331635,10
1,256,512,16,jacobi,1,2.705584,2.675875,2.765250,25
1,256,512,16,qr,1,2.458958,2.338625,3.192292,25
1,256,512,16,gk,1,2.862167,2.210125,3.108625,25
1,256,512,16,cpu,1,1.892917,1.863000,1.930125,25
1,64,24,24,jacobi,1,0.535041,0.529709,0.979583,25
1,64,24,24,gk,1,0.522792,0.520292,0.524958,25
1,64,24,24,cpu,1,0.284417,0.279750,0.293208,25
1,1,128,64,jacobi,1,1.186500,1.151584,1.214209,25
1,1,128,64,block,1,2.802167,2.692625,2.910000,25
1,1,128,64,qr,1,1.278958,1.268792,1.328625,25
1,1,128,64,qrblock,1,2.910667,2.870416,2.970042,25
1,1,128,64,gk,1,2.110333,2.098917,2.129542,25
1,1,128,64,cpu,1,0.268083,0.266708,0.271208,25
1,16,384,384,jacobi,1,235.059292,235.052541,235.120375,5
1,16,384,384,block,1,67.231417,67.203833,67.344750,5
1,16,384,384,cpu,1,13.060104,12.979958,13.128771,12
1,16,384,384,bidiag,1,272.991375,272.754208,273.083458,5
1,16,384,384,cpu_vals,1,8.969354,7.668229,9.134260,18
1,16,384,384,bidiag_vals,1,209.019291,208.876583,209.064750,5
1,64,16,16,jacobi,1,0.327291,0.325500,0.336458,25
1,64,16,16,gk,1,0.362083,0.359041,0.364292,25
1,64,16,16,cpu,1,0.182250,0.177416,0.186667,25
1,4096,80,80,jacobi,1,429.793000,427.527500,429.919833,3
1,4096,80,80,block,1,308.879041,308.000833,309.252687,3
1,4096,80,80,gk,1,174.052083,174.031833,174.381042,5
1,4096,80,80,cpu,1,97.740875,97.413291,100.950834,5
1,4096,64,16,jacobi,1,6.978562,6.957521,7.007542,22
1,4096,64,16,qr,1,9.703229,9.446917,9.824448,16
1,4096,64,16,gk,1,4.744375,4.703041,4.785625,25
1,4096,64,16,cpu,1,7.771791,7.726209,7.839031,20
1,1024,64,8,jacobi,1,0.997458,0.928541,1.023375,25
1,1024,64,8,qr,1,1.211875,1.192958,1.226000,25
1,1024,64,8,gk,1,0.647750,0.636125,0.662250,25
1,1024,64,8,cpu,1,0.688500,0.682375,0.700041,25
1,64,128,32,jacobi,1,1.058667,1.012834,1.581042,25
1,64,128,32,block,1,2.300166,2.192667,2.327084,25
1,64,128,32,qr,1,1.329083,1.235500,1.377708,25
1,64,128,32,qrblock,1,2.365666,2.347541,2.422084,25
1,64,128,32,gk,1,1.094583,1.052000,1.100791,25
1,64,128,32,cpu,1,0.528750,0.520208,0.541708,25
1,1,128,32,jacobi,1,0.488375,0.440750,1.216125,25
1,1,128,32,block,1,2.099833,2.062667,2.165292,25
1,1,128,32,qr,1,0.553916,0.545417,0.560917,25
1,1,128,32,qrblock,1,2.320083,2.174125,2.374292,25
1,1,128,32,gk,1,0.948333,0.938292,0.954084,25
1,1,128,32,cpu,1,0.090542,0.088958,0.092125,25
1,16,1024,64,jacobi,1,5.272042,5.265583,5.287709,25
1,16,1024,64,block,1,6.412063,6.280927,6.492052,24
1,16,1024,64,qr,1,3.452708,3.365917,3.481209,25
1,16,1024,64,qrblock,1,5.143958,4.966083,5.266708,25
1,16,1024,64,gk,1,4.550917,4.490167,4.861250,25
1,16,1024,64,cpu,1,2.110959,1.900916,2.320333,25
1,256,128,128,jacobi,1,118.168667,118.148708,119.396917,5
1,256,128,128,block,1,48.212541,48.150583,48.275125,5
1,256,128,128,cpu,1,21.871334,21.647354,22.190458,7
1,256,128,128,bidiag,1,1103.788750,1103.048687,1104.637958,3
1,256,128,128,cpu_vals,1,14.441750,14.269958,14.471771,11
1,256,128,128,bidiag_vals,1,886.513208,886.453687,887.094604,3
1,1,192,192,jacobi,1,14.861333,14.858208,14.877667,11
1,1,192,192,block,1,9.493374,9.403052,9.556354,16
1,1,192,192,cpu,1,1.916625,1.896250,1.936583,25
1,1,192,192,bidiag,1,7.049646,7.009750,7.076781,22
1,1,192,192,cpu_vals,1,0.847708,0.844375,0.851000,25
1,1,192,192,bidiag_vals,1,5.708750,5.662875,5.763208,25
1,64,512,64,jacobi,1,11.226166,11.064907,11.432604,14
1,64,512,64,block,1,6.792250,6.690167,6.878104,23
1,64,512,64,qr,1,6.617416,6.564709,6.682188,23
1,64,512,64,qrblock,1,7.312583,7.278167,7.360083,21
1,64,512,64,gk,1,5.994625,5.862625,6.137000,25
1,64,512,64,cpu,1,3.239291,3.183333,3.274708,25
1,4096,64,8,jacobi,1,1.994833,1.950333,2.045791,25
1,4096,64,8,qr,1,3.206375,3.095083,3.967708,25
1,4096,64,8,gk,1,1.934250,1.922000,1.963458,25
1,4096,64,8,cpu,1,2.892167,2.465208,2.914375,25
1,64,128,8,jacobi,1,0.481375,0.466416,0.508417,25
1,64,128,8,qr,1,0.546167,0.539375,0.607375,25
1,64,128,8,gk,1,0.297583,0.296542,0.301041,25
1,64,128,8,cpu,1,0.195667,0.189917,0.215042,25
1,1,4,4,jacobi,1,0.231334,0.219042,0.262667,25
1,1,4,4,gk,1,0.256000,0.248708,0.273583,25
1,1,4,4,cpu,1,0.003917,0.003916,0.004292,25
1,16,2048,64,jacobi,1,19.505354,19.476917,19.536854,8
1,16,2048,64,block,1,10.322667,10.280667,10.431124,15
1,16,2048,64,qr,1,4.912417,4.835875,5.010708,25
1,16,2048,64,qrblock,1,6.625667,6.579729,6.746458,23
1,16,2048,64,gk,1,6.032542,5.976833,6.136875,25
1,16,2048,64,cpu,1,3.101708,3.074042,3.166250,25
1,1,3072,3072,cpu,1,1336.661709,1321.462000,1350.413458,3
1,1,3072,3072,bidiag,1,707.261875,705.064333,710.080459,3
1,1,3072,3072,cpu_vals,1,724.655292,722.406146,725.096688,3
1,1,3072,3072,bidiag_vals,1,429.556541,428.915042,429.767104,3
1,4096,512,128,qr,1,2349.832750,2349.326292,2354.043980,3
1,4096,512,128,qrblock,1,1175.216542,1163.111000,1178.369021,3
1,4096,512,128,cpu,1,605.624542,603.843917,605.984813,3
1,256,512,256,jacobi,1,1769.647208,1763.174667,1770.454688,3
1,256,512,256,block,1,415.914584,414.962813,415.956042,3
1,256,512,256,qr,1,1063.309333,1061.410479,1066.398354,3
1,256,512,256,qrblock,1,352.783833,350.622125,355.687917,3
1,256,512,256,cpu,1,116.700375,116.678458,116.910083,5
1,1,64,32,jacobi,1,1.050417,0.389917,1.125292,25
1,1,64,32,block,1,2.097334,2.057542,2.154458,25
1,1,64,32,qr,1,0.545042,0.536750,0.548375,25
1,1,64,32,qrblock,1,2.265083,2.147583,2.342667,25
1,1,64,32,gk,1,0.787375,0.768333,0.815000,25
1,1,64,32,cpu,1,0.069500,0.069208,0.070042,25
1,1,1024,128,jacobi,1,18.386709,18.376417,18.394083,9
1,1,1024,128,block,1,8.843000,8.800125,8.945583,17
1,1,1024,128,qr,1,5.541833,5.529958,5.547958,25
1,1,1024,128,qrblock,1,6.504021,6.454782,6.534552,24
1,1,1024,128,cpu,1,2.161375,2.149958,2.167875,25
1,1,1024,128,bidiag,1,5.549917,5.514958,5.589667,25
1,1,1024,128,cpu_vals,1,1.162500,1.158125,1.167084,25
1,1,1024,128,bidiag_vals,1,4.701292,4.649625,5.124375,25
1,1,128,128,jacobi,1,4.905542,4.898125,4.914750,25
1,1,128,128,block,1,6.063958,5.953500,6.242125,25
1,1,128,128,cpu,1,1.031750,1.027542,1.035375,25
1,1,128,128,bidiag,1,4.374625,4.330417,4.400125,25
1,1,128,128,cpu_vals,1,0.636209,0.633042,0.637291,25
1,1,128,128,bidiag_vals,1,3.479875,3.436042,3.533750,25
1,4,512,512,jacobi,1,327.263041,327.154791,327.290104,3
1,4,512,512,block,1,48.426375,48.423167,48.427917,5
1,4,512,512,cpu,1,18.586833,18.404750,18.834792,9
1,4,512,512,bidiag,1,103.434250,103.235042,103.440333,5
1,4,512,512,cpu_vals,1,9.042125,8.901042,9.299375,17
1,4,512,512,bidiag_vals,1,75.563042,75.548291,75.655291,5
1,4096,128,16,jacobi,1,9.365292,9.310333,9.407167,17
1,4096,128,16,qr,1,11.742583,11.670459,11.944417,13
1,4096,128,16,gk,1,8.029416,7.973688,8.080313,19
1,4096,128,16,cpu,1,9.088625,9.017042,9.205583,17
1,1024,16,8,jacobi,1,1.048084,0.933250,1.083375,25
1,1024,16,8,qr,1,0.954542,0.941292,0.997958,25
1,1024,16,8,gk,1,0.398125,0.395333,0.402375,25
1,1024,16,8,cpu,1,0.627209,0.567208,0.669208,25
1,1,256,64,jacobi,1,1.437458,1.395083,1.442875,25
1,1,256,64,block,1,3.040375,3.002000,3.099292,25
1,1,256,64,qr,1,1.307042,1.275042,1.315125,25
1,1,256,64,qrblock,1,2.756625,2.702417,2.796708,25
1,1,256,64,gk,1,2.200167,2.194791,2.205791,25
1,1,256,64,cpu,1,0.300208,0.298625,0.303625,25
1,4,512,128,jacobi,1,10.443042,10.439708,10.448000,15
1,4,512,128,block,1,6.851646,6.783843,6.935166,22
1,4,512,128,qr,1,5.653167,5.643167,5.690709,25
1,4,512,128,qrblock,1,6.582209,6.545521,6.647562,23
1,4,512,128,cpu,1,1.935167,1.899875,1.964625,25
1,4,512,128,bidiag,1,20.126563,20.070302,20.168323,8
1,4,512,128,cpu_vals,1,1.157292,1.114250,1.167292,25
1,4,512,128,bidiag_vals,1,16.644208,16.586052,16.664833,10
1,64,8,8,jacobi,1,0.224416,0.218166,0.227792,25
1,64,8,8,gk,1,0.496875,0.484208,0.525625,25
1,64,8,8,cpu,1,0.157666,0.122208,0.318167,25
1,1,8,8,jacobi,1,0.340875,0.336417,0.349417,25
1,1,8,8,gk,1,0.265834,0.250666,0.342417,25
1,1,8,8,cpu,1,0.008542,0.008500,0.008709,25
1,4,384,384,jacobi,1,126.978791,126.964417,126.978833,5
1,4,384,384,block,1,28.840187,28.772084,28.885135,6
1,4,384,384,cpu,1,8.708063,8.611615,8.786917,18
1,4,384,384,bidiag,1,67.924584,67.871333,68.238750,5
1,4,384,384,cpu_vals,1,4.212000,4.166916,4.552250,25
1,4,384,384,bidiag_vals,1,52.151250,52.138708,52.152459,5
1,4,256,8,jacobi,1,0.229750,0.226167,0.233292,25
1,4,256,8,qr,1,0.425250,0.412250,0.429417,25
1,4,256,8,gk,1,0.313458,0.308334,0.323583,25
1,4,256,8,cpu,1,0.052500,0.050666,0.054084,25
1,16,8,8,jacobi,1,0.187750,0.178375,0.194083,25
1,16,8,8,gk,1,0.211625,0.207000,0.214417,25
1,16,8,8,cpu,1,0.076917,0.076458,0.079917,25
1,1024,32,16,jacobi,1,1.780875,1.730542,1.815750,25
1,1024,32,16,qr,1,2.432208,2.389417,2.477125,25
1,1024,32,16,gk,1,1.111292,1.044667,1.144791,25
1,1024,32,16,cpu,1,1.806542,1.771041,1.827875,25
1,16,40,40,jacobi,1,0.590333,0.581375,1.264042,25
1,16,40,40,block,1,2.503917,2.483334,2.574167,25
1,16,40,40,gk,1,0.878667,0.826375,0.929000,25
1,16,40,40,cpu,1,0.249833,0.245291,0.257000,25
1,256,2048,128,jacobi,1,1745.003792,1739.680438,1746.172292,3
1,256,2048,128,block,1,238.762000,237.796583,240.708875,5
1,256,2048,128,qr,1,214.816625,213.996541,216.090708,5
1,256,2048,128,qrblock,1,157.592625,157.236458,157.673333,5
1,256,2048,128,cpu,1,108.607958,108.431709,109.343458,5
1,256,2048,128,bidiag,1,1784.740250,1784.370166,1786.928917,3
1,256,2048,128,cpu_vals,1,46.184042,46.091250,46.240000,5
1,256,2048,128,bidiag_vals,1,1546.865209,1546.027959,1547.445500,3
1,256,16,8,jacobi,1,0.643166,0.479291,0.759542,25
1,256,16,8,qr,1,0.572583,0.561834,0.602958,25
1,256,16,8,gk,1,0.244333,0.242958,0.247583,25
1,256,16,8,cpu,1,0.227875,0.223834,0.235750,25
1,1024,40,40,jacobi,1,13.778917,13.742437,13.956729,11
1,1024,40,40,block,1,23.714333,23.660208,23.739271,7
1,1024,40,40,gk,1,4.778334,4.766875,4.793459,25
1,1024,40,40,cpu,1,6.612562,6.217344,6.754885,24
1,2,2048,2048,cpu,1,587.703417,570.125688,605.699813,3
1,2,2048,2048,bidiag,1,616.815750,614.164000,618.480646,3
1,2,2048,2048,cpu_vals,1,286.894875,286.778500,288.191667,5
1,2,2048,2048,bidiag_vals,1,336.432583,336.256584,336.440396,3
1,1024,256,128,jacobi,1,516.670458,513.276834,518.263500,3
1,1024,256,128,block,1,219.535500,218.684125,219.801000,5
1,1024,256,128,qr,1,497.918042,497.425834,499.372104,3
1,1024,256,128,qrblock,1,215.448917,215.241250,217.111708,5
1,1024,256,128,cpu,1,120.373833,120.102417,120.407375,5
1,64,256,8,jacobi,1,0.434042,0.274375,0.869375,25
1,64,256,8,qr,1,0.610208,0.596667,0.641708,25
1,64,256,8,gk,1,0.350792,0.349083,0.355709,25
1,64,256,8,cpu,1,0.219667,0.214291,0.222458,25
1,64,32,32,jacobi,1,1.078667,0.874417,1.113208,25
1,64,32,32,block,1,2.291458,2.258000,2.315542,25
1,64,32,32,gk,1,0.773709,0.764084,0.789333,25
1,64,32,32,cpu,1,0.435000,0.390667,0.594958,25
1,1024,1024,64,jacobi,1,626.282000,625.201875,627.776729,3
1,1024,1024,64,block,1,121.289750,121.272792,121.685791,5
1,1024,1024,64,qr,1,136.723583,133.377166,136.819708,5
1,1024,1024,64,qrblock,1,117.110833,113.830042,118.891833,5
1,1024,1024,64,gk,1,115.246541,107.821500,116.848375,5
1,1024,1024,64,cpu,1,70.351833,69.912917,70.780041,5
1,1,1536,1536,cpu,1,177.448750,177.278625,177.846792,5
1,1,1536,1536,bidiag,1,165.358709,159.802583,165.636375,5
1,1,1536,1536,cpu_vals,1,84.918500,84.759250,84.935833,5
1,1,1536,1536,bidiag_vals,1,97.345834,96.727500,97.447458,5
1,4,256,256,jacobi,1,34.927625,34.901166,35.021042,5
1,4,256,256,block,1,14.232875,14.198958,14.310646,11
1,4,256,256,cpu,1,4.155666,4.141958,4.180084,25
1,4,256,256,bidiag,1,41.455000,41.315375,41.562417,5
1,4,256,256,cpu_vals,1,2.249083,2.122834,2.296916,25
1,4,256,256,bidiag_vals,1,32.269250,32.250000,32.365834,5
1,1024,48,48,jacobi,1,21.285563,21.061313,21.437855,8
1,1024,48,48,block,1,26.317625,26.247583,26.381855,6
1,1024,48,48,gk,1,7.230167,7.214834,7.245500,21
1,1024,48,48,cpu,1,9.063875,8.893666,9.399167,17
1,4,96,96,jacobi,1,2.400000,2.393917,2.413916,25
1,4,96,96,block,1,4.065458,3.993084,4.112041,25
1,4,96,96,cpu,1,0.692458,0.680084,0.698333,25
1,256,8,8,jacobi,1,0.416333,0.379833,0.745250,25
1,256,8,8,gk,1,0.308667,0.305833,0.314667,25
1,256,8,8,cpu,1,0.198208,0.193708,0.209250,25
1,4096,56,56,jacobi,1,111.637875,111.528875,113.765334,5
1,4096,56,56,block,1,110.739291,108.805541,111.710209,5
1,4096,56,56,gk,1,44.645375,44.472000,44.710708,5
1,4096,56,56,cpu,1,40.673000,40.474250,40.991042,5
1,1,64,64,jacobi,1,1.107667,1.076334,1.125500,25
1,1,64,64,block,1,2.996667,2.925042,3.081542,25
1,1,64,64,gk,1,1.742250,1.733167,1.746750,25
1,1,64,64,cpu,1,0.206208,0.203583,0.209834,25
1,1,512,64,jacobi,1,2.053458,2.043333,2.076292,25
1,1,512,64,block,1,3.944791,3.909958,4.033208,25
1,1,512,64,qr,1,1.404541,1.368709,1.463209,25
1,1,512,64,qrblock,1,2.872708,2.855917,2.887584,25
1,1,512,64,gk,1,2.530833,2.524125,2.535959,25
1,1,512,64,cpu,1,0.420875,0.418875,0.423333,25
1,16,56,56,jacobi,1,1.000375,0.990625,1.045583,25
1,16,56,56,block,1,2.901000,2.867875,2.977959,25
1,16,56,56,gk,1,1.490416,1.487708,1.506542,25
1,16,56,56,cpu,1,0.338416,0.332583,0.343000,25
1,4,512,256,jacobi,1,48.166667,48.124042,48.167917,5
1,4,512,256,block,1,14.002667,13.960312,14.042896,11
1,4,512,256,qr,1,33.156417,33.068625,33.164125,5
1,4,512,256,qrblock,1,14.839708,14.760229,14.905521,11
1,4,512,256,cpu,1,5.909334,5.788583,6.009000,25
1,4,512,256,bidiag,1,49.680000,49.236292,50.008417,5
1,4,512,256,cpu_vals,1,3.062292,3.051583,3.086208,25
1,4,512,256,bidiag_vals,1,39.871792,39.825250,39.898667,5
1,256,4,4,jacobi,1,0.208833,0.205958,0.213750,25
1,256,4,4,gk,1,0.207792,0.204083,0.212125,25
1,256,4,4,cpu,1,0.138875,0.119959,0.506375,25
1,16,64,16,jacobi,1,0.558875,0.554708,0.567584,25
1,16,64,16,qr,1,0.500458,0.484333,0.526125,25
1,16,64,16,gk,1,0.381834,0.377084,0.384542,25
1,16,64,16,cpu,1,0.143458,0.132334,0.153083,25
1,16,48,48,jacobi,1,0.869791,0.839042,1.404208,25
1,16,48,48,block,1,2.867792,2.846875,2.932500,25
1,16,48,48,gk,1,1.176875,1.133500,1.189416,25
1,16,48,48,cpu,1,0.294041,0.291042,0.307708,25
1,4096,16,8,jacobi,1,1.433375,1.426333,1.454416,25
1,4096,16,8,qr,1,2.279500,2.263750,2.332834,25
1,4096,16,8,gk,1,1.063792,1.034959,1.075708,25
1,4096,16,8,cpu,1,1.882209,1.826250,1.899417,25
1,16,128,128,jacobi,1,5.055625,5.047125,5.063667,25
1,16,128,128,block,1,7.244625,7.149084,7.299333,21
1,16,128,128,cpu,1,1.725000,1.692333,1.809417,25
1,16,128,128,bidiag,1,69.036291,68.862209,69.260042,5
1,16,128,128,cpu_vals,1,1.118459,1.108875,1.126334,25
1,16,128,128,bidiag_vals,1,55.563083,55.547875,55.587625,5
1,1024,192,192,jacobi,1,1624.345833,1624.104666,1624.490938,3
1,1024,192,192,block,1,603.589209,602.689938,603.631792,3
1,1024,192,192,cpu,1,139.447667,136.981916,142.566792,5
1,1024,128,64,jacobi,1,71.278375,71.068125,71.446500,5
1,1024,128,64,block,1,33.667792,33.525291,33.789833,5
1,1024,128,64,qr,1,59.489291,59.474000,60.163375,5
1,1024,128,64,qrblock,1,37.762792,37.619167,38.109542,5
1,1024,128,64,gk,1,32.946708,32.916042,33.103417,5
1,1024,128,64,cpu,1,20.439375,20.422781,20.662969,8
1,256,40,40,jacobi,1,4.124375,4.122583,4.129917,25
1,256,40,40,block,1,7.691688,7.640677,7.775687,20
1,256,40,40,gk,1,1.792459,1.785084,1.802291,25
1,256,40,40,cpu,1,1.671084,1.627875,1.687125,25
1,16,16,16,jacobi,1,0.542542,0.532625,0.552083,25
1,16,16,16,gk,1,0.350875,0.347083,0.356917,25
1,16,16,16,cpu,1,0.093333,0.088542,0.102250,25
1,16,192,192,jacobi,1,18.060375,18.037000,18.082292,9
1,16,192,192,block,1,12.997271,12.850906,13.105083,12
1,16,192,192,cpu,1,3.253917,3.136500,3.467291,25
1,16,192,192,bidiag,1,112.572500,112.382208,112.730708,5
1,16,192,192,cpu_vals,1,1.735709,1.596417,2.135708,25
1,16,192,192,bidiag_vals,1,91.371959,91.277625,91.373834,5
1,1024,256,256,jacobi,1,4472.531708,4470.652979,4472.593521,3
1,1024,256,256,block,1,1411.174334,1410.416021,1411.778042,3
1,1024,256,256,cpu,1,302.341125,301.234375,303.765104,3
1,1024,64,16,jacobi,1,2.101416,2.093417,2.133917,25
1,1024,64,16,qr,1,2.768125,2.716458,2.831000,25
1,1024,64,16,gk,1,1.510334,1.491917,1.533667,25
1,1024,64,16,cpu,1,2.027250,2.001750,2.523459,25
1,4096,128,8,jacobi,1,2.933916,2.898667,2.952167,25
1,4096,128,8,qr,1,5.410583,5.171000,5.479208,25
1,4096,128,8,gk,1,3.220000,3.206541,3.234125,25
1,4096,128,8,cpu,1,3.509334,3.455000,3.575250,25
1,256,256,32,jacobi,1,5.221333,5.126625,5.279917,25
1,256,256,32,block,1,4.696041,4.669750,4.818042,25
1,256,256,32,qr,1,4.904333,4.507958,4.978500,25
1,256,256,32,qrblock,1,5.575917,5.386750,5.777750,25
1,256,256,32,gk,1,3.921916,3.588834,3.967042,25
1,256,256,32,cpu,1,2.699292,2.684125,2.736875,25
1,256,512,128,jacobi,1,314.193500,312.617229,315.759312,3
1,256,512,128,block,1,82.667917,82.488458,82.862500,5
1,256,512,128,qr,1,133.223500,132.638708,133.323958,5
1,256,512,128,qrblock,1,68.335083,67.907167,68.645917,5
1,256,512,128,cpu,1,42.173125,41.940542,42.201750,5
1,256,512,128,bidiag,1,1270.706084,1270.460917,1271.712771,3
1,256,512,128,cpu_vals,1,21.671042,21.444271,21.704291,7
1,256,512,128,bidiag_vals,1,1052.192417,1051.843437,1052.782396,3
1,256,32,16,jacobi,1,0.629250,0.623666,1.087500,25
1,256,32,16,qr,1,1.065125,1.039500,1.127875,25
1,256,32,16,gk,1,0.429833,0.426542,0.434750,25
1,256,32,16,cpu,1,0.560000,0.540958,0.587709,25
1,4,16,8,jacobi,1,0.298375,0.284334,0.311709,25
1,4,16,8,qr,1,0.387000,0.380459,0.395875,25
1,4,16,8,gk,1,0.210458,0.199708,0.234333,25
1,4,16,8,cpu,1,0.023958,0.023625,0.024209,25
1,256,512,64,jacobi,1,36.597000,36.003333,36.802750,5
1,256,512,64,block,1,19.774437,19.422375,19.953584,8
1,256,512,64,qr,1,21.985459,21.680813,22.609125,7
1,256,512,64,qrblock,1,20.068625,20.027740,20.268740,8
1,256,512,64,gk,1,18.573667,18.513541,18.659458,9
1,256,512,64,cpu,1,11.605708,11.457625,11.733625,13
1,1,96,96,jacobi,1,2.381500,2.374666,2.385375,25
1,1,96,96,block,1,4.140917,4.025333,4.192041,25
1,1,96,96,cpu,1,0.548041,0.544875,0.554584,25
1,4096,2048,64,qr,1,812.668958,811.260812,814.243187,3
1,4096,2048,64,qrblock,1,732.365167,730.276417,735.823042,3
1,4096,2048,64,cpu,1,502.530208,501.149146,503.565604,3
1,4,8,8,jacobi,1,0.312708,0.302000,0.320250,25
1,4,8,8,gk,1,0.403958,0.266750,0.420666,25
1,4,8,8,cpu,1,0.024583,0.020334,0.030583,25
1,256,64,16,jacobi,1,0.889416,0.819500,0.902792,25
1,256,64,16,qr,1,1.135291,1.105125,1.177958,25
1,256,64,16,gk,1,0.510417,0.503625,0.514458,25
1,256,64,16,cpu,1,0.624166,0.597167,0.651333,25
1,4096,8,8,jacobi,1,1.407666,1.394291,1.416292,25
1,4096,8,8,gk,1,0.929875,0.913250,0.942916,25
1,4096,8,8,cpu,1,1.498875,1.470333,1.597208,25
1,64,80,80,jacobi,1,5.742375,5.733208,5.760292,25
1,64,80,80,block,1,7.907500,7.796812,7.959469,20
1,64,80,80,gk,1,5.060625,5.055208,5.067541,25
1,64,80,80,cpu,1,1.886375,1.870916,1.905541,25
1,16,128,32,jacobi,1,0.544708,0.440375,1.408042,25
1,16,128,32,block,1,2.074625,1.988209,2.093167,25
1,16,128,32,qr,1,0.690292,0.684375,0.693667,25
1,16,128,32,qrblock,1,2.084875,2.069333,2.092583,25
1,16,128,32,gk,1,0.966750,0.959875,1.001291,25
1,16,128,32,cpu,1,0.260583,0.254875,0.268458,25
1,16,2048,256,jacobi,1,516.201125,516.105937,517.467625,3
1,16,2048,256,block,1,68.695417,68.430541,68.717125,5
1,16,2048,256,qr,1,74.248459,74.212667,74.272458,5
1,16,2048,256,qrblock,1,36.633584,36.292250,36.703208,5
1,16,2048,256,cpu,1,19.440666,19.235542,19.683437,8
1,16,2048,256,bidiag,1,255.827750,255.674584,255.848083,5
1,16,2048,256,cpu_vals,1,9.650750,9.546833,9.904531,16
1,16,2048,256,bidiag_vals,1,214.823209,214.804334,214.938875,5
1,256,1024,64,jacobi,1,155.983416,155.660750,155.998250,5
1,256,1024,64,block,1,32.938584,32.802667,32.991875,5
1,256,1024,64,qr,1,34.789875,34.572208,35.255958,5
1,256,1024,64,qrblock,1,31.138042,30.928667,31.279167,5
1,256,1024,64,gk,1,29.430291,29.227969,29.519365,6
1,256,1024,64,cpu,1,18.869250,18.786219,19.112250,8
1,64,64,8,jacobi,1,0.653292,0.449583,0.837834,25
1,64,64,8,qr,1,0.501708,0.488166,0.547458,25
1,64,64,8,gk,1,0.259000,0.257542,0.261667,25
1,64,64,8,cpu,1,0.167834,0.158125,0.175541,25
1,4,512,32,jacobi,1,0.734250,0.706792,0.778583,25
1,4,512,32,block,1,2.815708,2.793417,2.845750,25
1,4,512,32,qr,1,0.718875,0.704583,0.741458,25
1,4,512,32,qrblock,1,2.149333,2.102625,2.218000,25
1,4,512,32,gk,1,1.160917,1.148042,1.180125,25
1,4,512,32,cpu,1,0.247250,0.242584,0.252667,25
1,1024,96,96,jacobi,1,190.134167,189.261292,190.405791,5
1,1024,96,96,block,1,90.131042,90.062500,90.501459,5
1,1024,96,96,cpu,1,43.224917,42.343208,44.561500,5
1,4,40,40,jacobi,1,0.641209,0.570792,1.115875,25
1,4,40,40,block,1,2.430708,2.384500,2.503166,25
1,4,40,40,gk,1,0.856875,0.836875,0.892875,25
1,4,40,40,cpu,1,0.121166,0.120375,0.127458,25
1,1,2048,64,jacobi,1,8.528334,8.519406,8.533760,18
1,1,2048,64,block,1,7.861249,7.756229,7.937709,20
1,1,2048,64,qr,1,1.939125,1.880708,1.946000,25
1,1,2048,64,qrblock,1,3.180042,3.138208,3.212542,25
1,1,2048,64,gk,1,2.973333,2.959042,2.982625,25
1,1,2048,64,cpu,1,0.894000,0.887542,0.911667,25
1,1024,4,4,jacobi,1,0.247792,0.236750,0.409375,25
1,1024,4,4,gk,1,0.235542,0.232959,0.246208,25
1,1024,4,4,cpu,1,0.274417,0.265708,0.282625,25
1,4096,256,64,jacobi,1,404.102125,378.013396,409.156146,3
1,4096,256,64,block,1,177.675875,177.632083,183.980500,5
1,4096,256,64,qr,1,279.570083,278.499500,287.191792,5
1,4096,256,64,qrblock,1,196.268458,194.976833,198.381833,5
1,4096,256,64,gk,1,180.623042,180.304875,191.093208,5
1,4096,256,64,cpu,1,100.915542,99.898833,101.753709,5
1,1024,8,8,jacobi,1,0.651583,0.511625,0.905625,25
1,1024,8,8,gk,1,0.362291,0.356666,0.365708,25
1,1024,8,8,cpu,1,0.501625,0.457583,0.571375,25
1,4,64,16,jacobi,1,0.534417,0.523667,0.541292,25
1,4,64,16,qr,1,0.451541,0.434459,0.456167,25
1,4,64,16,gk,1,0.375375,0.369542,0.381416,25
1,4,64,16,cpu,1,0.060916,0.058792,0.062375,25
1,4,2048,256,jacobi,1,210.760250,210.738375,210.823709,5
1,4,2048,256,block,1,30.215500,30.112541,30.247833,5
1,4,2048,256,qr,1,35.956666,35.590333,36.018458,5
1,4,2048,256,qrblock,1,19.107521,18.920396,19.376281,8
1,4,2048,256,cpu,1,10.524625,10.488167,10.559708,15
1,4,2048,256,bidiag,1,65.111042,64.758542,65.388792,5
1,4,2048,256,cpu_vals,1,5.273125,4.994125,5.411458,25
1,4,2048,256,bidiag_vals,1,54.647416,54.525541,54.843083,5
1,1,256,8,jacobi,1,0.198333,0.192625,0.219333,25
1,1,256,8,qr,1,0.403000,0.390541,0.433083,25
1,1,256,8,gk,1,0.306167,0.299083,0.314792,25
1,1,256,8,cpu,1,0.017209,0.017166,0.017542,25
1,4,128,64,jacobi,1,1.243083,1.240000,1.293542,25
1,4,128,64,block,1,2.612791,2.599834,2.713000,25
1,4,128,64,qr,1,1.396666,1.369292,1.432083,25
1,4,128,64,qrblock,1,2.829375,2.781125,2.864584,25
1,4,128,64,gk,1,2.231750,2.220958,2.240583,25
1,4,128,64,cpu,1,0.344708,0.343375,0.350125,25
1,4096,256,8,jacobi,1,4.810416,4.717750,4.857959,25
1,4096,256,8,qr,1,8.425729,8.323771,8.543989,18
1,4096,256,8,gk,1,6.454146,6.420323,6.548292,24
1,4096,256,8,cpu,1,4.706334,4.661708,4.761958,25
1,4096,32,16,jacobi,1,5.740666,5.687500,5.801917,25
1,4096,32,16,qr,1,8.167083,8.013020,8.215688,19
1,4096,32,16,gk,1,3.295584,3.273375,3.607667,25
1,4096,32,16,cpu,1,7.033437,6.975833,7.240125,22
1,1024,256,8,jacobi,1,1.499542,1.460375,2.024250,25
1,1024,256,8,qr,1,2.340042,2.216542,2.432792,25
1,1024,256,8,gk,1,1.851750,1.828583,1.878167,25
1,1024,256,8,cpu,1,1.750375,1.305042,1.782375,25
1,16,512,128,jacobi,1,13.786042,13.779771,13.801375,11
1,16,512,128,block,1,8.876000,8.763375,8.976750,17
1,16,512,128,qr,1,7.105791,7.061625,7.389959,21
1,16,512,128,qrblock,1,8.662187,8.587479,8.769209,18
1,16,512,128,cpu,1,3.569709,3.274875,3.703041,25
1,16,512,128,bidiag,1,79.799500,79.392875,80.021625,5
1,16,512,128,cpu_vals,1,2.095792,1.688916,2.193166,25
1,16,512,128,bidiag_vals,1,65.683417,65.410417,65.847333,5
1,16,256,128,jacobi,1,6.163084,6.155500,6.168208,25
1,16,256,128,block,1,6.868104,6.783885,6.954427,22
1,16,256,128,qr,1,6.122708,6.047500,6.297032,24
1,16,256,128,qrblock,1,7.498917,7.364625,7.563708,21
1,16,256,128,cpu,1,3.489875,3.441542,3.515833,25
1,16,256,128,bidiag,1,75.052542,74.833500,75.279000,5
1,16,256,128,cpu_vals,1,1.826167,1.683958,1.872708,25
1,16,256,128,bidiag_vals,1,60.884792,60.731375,61.039792,5
1,4096,64,64,jacobi,1,201.828917,199.923917,202.496833,5
1,4096,64,64,block,1,115.872833,115.436625,116.352083,5
1,4096,64,64,gk,1,74.028417,73.801625,74.125291,5
1,4096,64,64,cpu,1,55.932416,55.581042,58.359000,5
1,64,512,16,jacobi,1,0.675042,0.658500,1.936958,25
1,64,512,16,qr,1,1.052500,1.037167,1.085500,25
1,64,512,16,gk,1,1.118792,1.102709,1.132958,25
1,64,512,16,cpu,1,0.500417,0.492958,0.507750,25
1,1024,80,80,jacobi,1,109.534833,109.236167,110.939583,5
1,1024,80,80,block,1,79.561791,79.519916,79.561875,5
1,1024,80,80,gk,1,51.404792,45.749375,52.736459,5
1,1024,80,80,cpu,1,32.362459,32.229959,32.738625,5
1,4,128,8,jacobi,1,0.230083,0.210250,0.294959,25
1,4,128,8,qr,1,0.423125,0.402792,0.440041,25
1,4,128,8,gk,1,0.262542,0.250584,0.267292,25
1,4,128,8,cpu,1,0.041417,0.040167,0.042167,25
1,16,1024,32,jacobi,1,1.213667,1.163583,1.287666,25
1,16,1024,32,block,1,4.266125,4.163167,4.574750,25
1,16,1024,32,qr,1,1.252208,1.212166,1.305250,25
1,16,1024,32,qrblock,1,2.759708,2.714625,2.866584,25
1,16,1024,32,gk,1,1.769625,1.734750,1.785417,25
1,16,1024,32,cpu,1,0.638750,0.616667,0.682166,25
1,1024,128,32,jacobi,1,10.110333,9.992708,10.167959,15
1,1024,128,32,block,1,9.928458,9.722479,10.256490,16
1,1024,128,32,qr,1,11.102875,10.879281,11.257948,14
1,1024,128,32,qrblock,1,10.643042,10.503917,10.761021,15
1,1024,128,32,gk,1,7.965000,7.892666,8.019792,19
1,1024,128,32,cpu,1,6.792125,6.544750,6.859896,23
1,1024,2048,64,jacobi,1,1294.440750,1293.168875,1294.976562,3
1,1024,2048,64,block,1,230.915958,226.476750,231.440500,5
1,1024,2048,64,qr,1,217.074625,214.967667,220.417500,5
1,1024,2048,64,qrblock,1,198.739458,197.472167,199.984917,5
1,1024,2048,64,gk,1,196.723083,196.376208,199.338750,5
1,1024,2048,64,cpu,1,129.785416,129.051291,129.927334,5
1,64,512,512,jacobi,1,4247.433458,4199.816042,4283.853291,3
1,64,512,512,block,1,646.447000,639.693771,651.897667,3
1,64,512,512,cpu,1,104.221042,103.295584,104.398041,5
1,64,512,512,bidiag,1,1650.624708,1649.709896,1661.125208,3
1,64,512,512,cpu_vals,1,52.498250,52.057875,53.910334,5
1,64,512,512,bidiag_vals,1,1226.637666,1216.281646,1234.635208,3
1,4,56,56,jacobi,1,0.987375,0.940542,1.128958,25
1,4,56,56,block,1,2.871583,2.825542,3.102125,25
1,4,56,56,gk,1,1.398875,1.381417,1.409917,25
1,4,56,56,cpu,1,0.190834,0.187083,0.207083,25
1,1024,1024,128,jacobi,1,2887.253083,2870.038292,2892.744583,3
1,1024,1024,128,block,1,528.190542,528.128480,533.065896,3
1,1024,1024,128,qr,1,669.019625,664.347854,679.821979,3
1,1024,1024,128,qrblock,1,432.555250,419.146333,438.089313,3
1,1024,1024,128,cpu,1,235.294958,232.341583,236.059500,5
1,4096,256,32,jacobi,1,86.035083,85.917750,86.705916,5
1,4096,256,32,block,1,51.052042,50.669708,51.363000,5
1,4096,256,32,qr,1,51.646542,51.619125,51.673208,5
1,4096,256,32,qrblock,1,48.200458,47.864417,49.381333,5
1,4096,256,32,gk,1,38.430042,38.303792,38.436291,5
1,4096,256,32,cpu,1,32.389125,32.249958,32.983208,5
1,1,128,8,jacobi,1,0.340375,0.333041,0.360750,25
1,1,128,8,qr,1,0.377792,0.353833,0.416042,25
1,1,128,8,gk,1,0.261083,0.247625,0.273584,25
1,1,128,8,cpu,1,0.014458,0.014375,0.014833,25
1,1024,256,16,jacobi,1,4.055041,4.043334,4.094959,25
1,1024,256,16,qr,1,5.193250,4.935250,5.269834,25
1,1024,256,16,gk,1,4.447709,4.432291,4.471125,25
1,1024,256,16,cpu,1,3.543667,3.192583,3.605709,25
1,4,32,8,jacobi,1,0.326708,0.316333,0.342875,25
1,4,32,8,qr,1,0.398833,0.384125,0.419209,25
1,4,32,8,gk,1,0.240041,0.220333,0.257917,25
1,4,32,8,cpu,1,0.026833,0.024375,0.028417,25
1,1,512,512,jacobi,1,262.230417,262.186000,262.234791,5
1,1,512,512,block,1,32.100792,32.095125,32.131959,5
1,1,512,512,cpu,1,16.772292,16.488500,16.926750,9
1,1,512,512,bidiag,1,25.769709,25.742604,25.811031,6
1,1,512,512,cpu_vals,1,7.730417,7.712104,7.742698,20
1,1,512,512,bidiag_vals,1,18.837625,18.824407,18.872407,8
1,4,2048,2048,cpu,1,783.734000,781.295187,785.083271,3
1,4,2048,2048,bidiag,1,1242.231875,1242.061667,1245.168125,3
1,4,2048,2048,cpu_vals,1,452.945375,452.568750,454.263041,3
1,4,2048,2048,bidiag_vals,1,673.880416,673.792291,674.273208,3
1,1024,64,64,jacobi,1,52.071791,51.666792,53.067625,5
1,1024,64,64,block,1,30.201708,30.144500,30.215875,5
1,1024,64,64,gk,1,19.490625,19.448667,19.570281,8
1,1024,64,64,cpu,1,14.412959,14.283750,14.479730,11
1,64,128,128,jacobi,1,33.662708,33.320584,33.738417,5
1,64,128,128,block,1,14.438542,14.402896,14.466687,11
1,64,128,128,cpu,1,6.045500,6.027125,6.407209,25
1,64,128,128,bidiag,1,276.223916,275.978417,276.259083,5
1,64,128,128,cpu_vals,1,4.358250,3.904583,4.424375,25
1,64,128,128,bidiag_vals,1,221.660709,221.485458,221.668625,5
1,4,1024,64,jacobi,1,4.648959,4.641208,4.655125,25
1,4,1024,64,block,1,5.508875,5.346500,5.542458,25
1,4,1024,64,qr,1,2.147833,2.118084,2.174917,25
1,4,1024,64,qrblock,1,3.635708,3.578375,3.650000,25
1,4,1024,64,gk,1,3.217417,3.199333,3.254625,25
1,4,1024,64,cpu,1,1.120792,1.107500,1.131667,25
1,4,192,192,jacobi,1,15.340333,15.336208,15.365499,10
1,4,192,192,block,1,9.899167,9.835864,9.993489,16
1,4,192,192,cpu,1,2.004750,1.999542,2.017916,25
1,4,192,192,bidiag,1,28.030021,27.988625,28.087729,6
1,4,192,192,cpu_vals,1,1.125417,1.113875,1.132541,25
1,4,192,192,bidiag_vals,1,22.752166,22.704417,22.794604,7
1,256,128,8,jacobi,1,0.378500,0.372417,0.381958,25
1,256,128,8,qr,1,0.775458,0.767833,0.784250,25
1,256,128,8,gk,1,0.423375,0.420083,0.426458,25
1,256,128,8,cpu,1,0.346000,0.335750,0.353041,25
1,4,512,16,jacobi,1,0.537000,0.457709,1.070542,25
1,4,512,16,qr,1,0.497042,0.491792,0.501208,25
1,4,512,16,gk,1,0.613959,0.602417,0.615500,25
1,4,512,16,cpu,1,0.107250,0.106000,0.111750,25
1,1,2048,128,jacobi,1,34.434917,34.414209,34.435750,5
1,1,2048,128,block,1,11.483353,11.419864,11.616938,14
1,1,2048,128,qr,1,6.890313,6.864834,6.929500,22
1,1,2048,128,qrblock,1,8.240250,8.125333,8.331750,19
1,1,2048,128,cpu,1,3.174000,3.159292,3.188583,25
1,1,2048,128,bidiag,1,7.001855,6.972958,7.047646,22
1,1,2048,128,cpu_vals,1,1.659000,1.646833,1.667583,25
1,1,2048,128,bidiag_vals,1,6.131333,6.074375,6.170667,25
1,1,48,48,jacobi,1,0.792125,0.765916,0.801125,25
1,1,48,48,block,1,2.601834,2.506625,2.680375,25
1,1,48,48,gk,1,1.098208,1.087166,1.132166,25
1,1,48,48,cpu,1,0.115208,0.115000,0.115666,25
1,1,64,8,jacobi,1,0.198333,0.165959,0.254833,25
1,1,64,8,qr,1,0.414167,0.371125,0.429834,25
1,1,64,8,gk,1,0.254958,0.246541,0.275208,25
1,1,64,8,cpu,1,0.012417,0.012334,0.012666,25
1,256,1024,32,jacobi,1,34.857209,34.826875,35.211167,5
1,256,1024,32,block,1,13.132604,13.073396,13.372646,12
1,256,1024,32,qr,1,10.551166,10.483041,10.690208,15
1,256,1024,32,qrblock,1,11.067020,11.019792,11.282156,14
1,256,1024,32,gk,1,10.098042,9.922292,10.745584,15
1,256,1024,32,cpu,1,6.188916,6.126166,6.268916,25
1,1024,24,24,jacobi,1,4.000958,3.986458,4.017417,25
1,1024,24,24,gk,1,1.743584,1.728083,1.768166,25
1,1024,24,24,cpu,1,2.528542,2.509208,2.555792,25
1,4,128,16,jacobi,1,0.610167,0.605000,0.614750,25
1,4,128,16,qr,1,0.444708,0.437917,0.451333,25
1,4,128,16,gk,1,0.424750,0.396958,0.478959,25
1,4,128,16,cpu,1,0.066083,0.064958,0.067291,25
1,1024,32,32,jacobi,1,7.265083,7.242459,7.287125,21
1,1024,32,32,block,1,6.981917,6.868073,7.052875,22
1,1024,32,32,gk,1,2.584917,2.572416,2.606667,25
1,1024,32,32,cpu,1,4.032375,3.949375,4.469166,25
1,256,256,64,jacobi,1,25.988605,25.891250,26.106240,6
1,256,256,64,block,1,12.802625,12.709542,12.913739,12
1,256,256,64,qr,1,18.670375,17.262083,19.229417,9
1,256,256,64,qrblock,1,14.694375,14.465542,14.756917,11
1,256,256,64,gk,1,13.009542,12.806020,13.104917,12
1,256,256,64,cpu,1,7.684541,7.353084,7.929396,19
1,1,2048,256,jacobi,1,149.908125,148.298041,150.139375,5
1,1,2048,256,block,1,22.579125,22.448937,22.680834,7
1,1,2048,256,qr,1,33.157000,32.922209,33.191000,5
1,1,2048,256,qrblock,1,16.366604,16.314229,16.425959,10
1,1,2048,256,cpu,1,8.898000,8.727209,9.073125,17
1,1,2048,256,bidiag,1,16.135312,16.113729,16.261541,10
1,1,2048,256,cpu_vals,1,4.120459,4.108334,4.132375,25
1,1,2048,256,bidiag_vals,1,13.564084,13.533605,13.657500,12
1,1,512,256,jacobi,1,48.122125,48.074208,48.123625,5
1,1,512,256,block,1,12.327083,12.228292,12.406667,13
1,1,512,256,qr,1,31.853250,31.846834,31.862792,5
1,1,512,256,qrblock,1,12.361791,12.259375,12.429500,13
1,1,512,256,cpu,1,5.362458,5.205791,5.418333,25
1,1,512,256,bidiag,1,12.256292,12.233750,12.278292,13
1,1,512,256,cpu_vals,1,2.395958,2.389666,2.403625,25
1,1,512,256,bidiag_vals,1,10.051708,9.991250,10.307729,15
1,1024,1024,32,jacobi,1,142.061583,142.044542,142.122750,5
1,1024,1024,32,block,1,41.389625,40.673125,41.687375,5
1,1024,1024,32,qr,1,36.918541,36.303667,37.872625,5
1,1024,1024,32,qrblock,1,41.178333,40.248833,41.590083,5
1,1024,1024,32,gk,1,37.305042,36.952708,37.644250,5
1,1024,1024,32,cpu,1,21.880792,21.841750,23.003855,7
1,1024,512,64,jacobi,1,148.655542,148.184791,149.534792,5
1,1024,512,64,block,1,71.827875,71.529917,72.052083,5
1,1024,512,64,qr,1,92.037084,91.139000,92.388792,5
1,1024,512,64,qrblock,1,72.464625,72.089459,74.127541,5
1,1024,512,64,gk,1,66.308042,66.186417,67.147083,5
1,1024,512,64,cpu,1,40.746041,40.676583,42.238250,5
1,64,56,56,jacobi,1,2.493292,2.454416,2.517083,25
1,64,56,56,block,1,3.806083,3.693041,3.909208,25
1,64,56,56,gk,1,1.590375,1.575583,1.606042,25
1,64,56,56,cpu,1,0.827458,0.819084,0.856417,25
1,4,1024,128,jacobi,1,19.419792,19.408240,19.434063,8
1,4,1024,128,block,1,9.173875,9.116750,9.263209,17
1,4,1024,128,qr,1,6.603500,6.518792,6.811416,23
1,4,1024,128,qrblock,1,7.675416,7.481947,7.853990,20
1,4,1024,128,cpu,1,2.736917,2.681042,2.796791,25
1,4,1024,128,bidiag,1,22.834916,22.511771,22.880479,7
1,4,1024,128,cpu_vals,1,1.383208,1.355458,1.400125,25
1,4,1024,128,bidiag_vals,1,19.790917,19.709114,19.989115,8
1,256,80,80,jacobi,1,25.927333,25.373125,26.377354,6
1,256,80,80,block,1,19.816437,19.790011,19.847000,8
1,256,80,80,gk,1,12.627750,12.537709,12.662834,13
1,256,80,80,cpu,1,7.211208,7.116667,7.348708,21
1,64,1024,256,jacobi,1,903.353583,903.105854,905.942687,3
1,64,1024,256,block,1,165.562750,165.534708,166.211458,5
1,64,1024,256,qr,1,283.854334,282.307917,288.745708,5
1,64,1024,256,qrblock,1,97.507750,97.146375,97.690416,5
1,64,1024,256,cpu,1,43.390875,42.816916,43.758208,5
1,64,1024,256,bidiag,1,864.120250,863.348167,865.054521,3
1,64,1024,256,cpu_vals,1,19.483500,19.269646,19.702448,8
1,64,1024,256,bidiag_vals,1,712.611167,711.884792,715.196063,3
1,64,2048,64,jacobi,1,83.809125,83.803292,83.928584,5
1,64,2048,64,block,1,19.953167,19.838989,20.077073,8
1,64,2048,64,qr,1,14.942896,14.784407,15.192167,10
1,64,2048,64,qrblock,1,15.888708,15.726073,16.018240,10
1,64,2048,64,gk,1,15.579270,15.314000,15.643000,10
1,64,2048,64,cpu,1,9.923562,9.581656,10.292406,16
1,4096,40,40,jacobi,1,51.275583,51.239875,52.058584,5
1,4096,40,40,block,1,91.934584,91.321333,93.617417,5
1,4096,40,40,gk,1,18.044500,17.946208,18.085000,9
1,4096,40,40,cpu,1,26.078458,24.628563,26.646760,6
1,4096,48,48,jacobi,1,80.342500,80.089292,80.544000,5
1,4096,48,48,block,1,98.299250,98.255458,98.515292,5
1,4096,48,48,gk,1,27.838083,27.438791,28.434250,6
1,4096,48,48,cpu,1,35.287208,35.103000,36.163708,5
1,4096,512,32,jacobi,1,196.775417,194.130875,199.139459,5
1,4096,512,32,block,1,86.505166,86.080000,86.511334,5
1,4096,512,32,qr,1,98.992291,92.900750,103.214958,5
1,4096,512,32,qrblock,1,83.920541,83.182291,86.015417,5
1,4096,512,32,gk,1,77.876000,77.863209,79.538542,5
1,4096,512,32,cpu,1,50.302167,49.175167,51.495292,5
1,256,56,56,jacobi,1,7.738979,7.672302,7.855021,20
1,256,56,56,block,1,8.510438,8.422292,8.570011,18
1,256,56,56,gk,1,3.423792,3.388250,3.471125,25
1,256,56,56,cpu,1,3.099541,2.955417,3.400709,25
1,1024,512,32,jacobi,1,49.170250,49.001709,49.355458,5
1,1024,512,32,block,1,23.636417,23.565042,23.948355,7
1,1024,512,32,qr,1,22.811292,22.561937,23.032646,7
1,1024,512,32,qrblock,1,22.481792,22.258437,23.539896,7
1,1024,512,32,gk,1,20.815292,20.054240,22.094406,8
1,1024,512,32,cpu,1,13.476729,12.957646,13.720073,12
1,64,16,8,jacobi,1,0.358125,0.261292,0.376125,25
1,64,16,8,qr,1,0.486959,0.471458,0.527167,25
1,64,16,8,gk,1,0.242500,0.238833,0.245167,25
1,64,16,8,cpu,1,0.139625,0.133375,0.199834,25
1,4,48,48,jacobi,1,0.814250,0.790333,0.859917,25
1,4,48,48,block,1,2.509375,2.493833,2.557000,25
1,4,48,48,gk,1,1.114667,1.107458,1.130916,25
1,4,48,48,cpu,1,0.160709,0.159083,0.163292,25
1,16,128,16,jacobi,1,0.286958,0.281583,0.349166,25
1,16,128,16,qr,1,0.504875,0.499625,0.514625,25
1,16,128,16,gk,1,0.435542,0.431833,0.442667,25
1,16,128,16,cpu,1,0.161792,0.154833,0.175458,25
1,16,512,64,jacobi,1,2.248708,2.238792,2.277041,25
1,16,512,64,block,1,4.210666,4.116542,4.302833,25
1,16,512,64,qr,1,2.188875,2.131458,2.215500,25
1,16,512,64,qrblock,1,3.786250,3.728167,3.844167,25
1,16,512,64,gk,1,3.319500,3.307625,3.368417,25
1,16,512,64,cpu,1,1.130833,1.011625,1.269916,25
1,1,64,16,jacobi,1,0.500250,0.486667,0.514250,25
1,1,64,16,qr,1,0.420625,0.402208,0.428459,25
1,1,64,16,gk,1,0.386417,0.364000,0.421666,25
1,1,64,16,cpu,1,0.036958,0.029209,0.037500,25
1,256,48,48,jacobi,1,5.587125,5.572583,5.595042,25
1,256,48,48,block,1,7.842708,7.790667,7.895146,20
1,256,48,48,gk,1,2.388292,2.384208,2.396042,25
1,256,48,48,cpu,1,2.344916,2.321375,2.378083,25
1,1,1024,1024,jacobi,1,2827.976958,2825.593792,2834.295396,3
1,1,1024,1024,block,1,115.316834,115.280750,115.324917,5
1,1,1024,1024,cpu,1,77.656958,77.557709,78.001334,5
1,1,1024,1024,bidiag,1,75.716125,75.524041,75.724833,5
1,1,1024,1024,cpu_vals,1,35.548166,35.520167,35.557958,5
1,1,1024,1024,bidiag_vals,1,47.146125,47.071417,47.161666,5
1,4096,64,32,jacobi,1,27.958709,27.899312,28.079572,6
1,4096,64,32,block,1,25.007396,24.843250,25.210791,6
1,4096,64,32,qr,1,32.063000,31.870375,32.072208,5
1,4096,64,32,qrblock,1,26.790855,26.719625,26.957365,6
1,4096,64,32,gk,1,16.170813,16.143979,16.210833,10
1,4096,64,32,cpu,1,21.083813,20.885938,21.297511,8
1,4,512,64,jacobi,1,2.121417,2.109167,2.137083,25
1,4,512,64,block,1,3.866042,3.806791,3.958000,25
1,4,512,64,qr,1,1.708125,1.689917,1.738833,25
1,4,512,64,qrblock,1,3.176208,3.133667,3.206958,25
1,4,512,64,gk,1,2.821709,2.812959,2.829834,25
1,4,512,64,cpu,1,0.696250,0.694208,0.700375,25
1,4,1024,1024,jacobi,1,4208.503375,4126.977354,4246.632105,3
1,4,1024,1024,block,1,292.794125,292.459875,293.058083,5
1,4,1024,1024,cpu,1,93.425083,93.291834,95.168875,5
1,4,1024,1024,bidiag,1,303.142500,303.021500,303.206416,3
1,4,1024,1024,cpu_vals,1,41.058750,41.044625,41.168792,5
1,4,1024,1024,bidiag_vals,1,187.657791,187.588167,187.745417,5
1,1,768,768,jacobi,1,1031.109834,1030.990417,1031.268771,3
1,1,768,768,block,1,65.351583,65.243083,65.356625,5
1,1,768,768,cpu,1,33.934041,33.440959,33.974834,5
1,1,768,768,bidiag,1,45.970875,45.963291,45.985375,5
1,1,768,768,cpu_vals,1,15.944688,15.932156,15.955490,10
1,1,768,768,bidiag_vals,1,31.405125,31.381209,31.421917,5
1,256,24,24,jacobi,1,1.330667,1.320458,1.377166,25
1,256,24,24,gk,1,0.611583,0.608417,0.613500,25
1,256,24,24,cpu,1,0.758625,0.740500,0.787083,25
1,16,80,80,jacobi,1,1.885250,1.877500,1.897125,25
1,16,80,80,block,1,4.395542,4.346166,4.436208,25
1,16,80,80,gk,1,2.679167,2.676875,2.683167,25
1,16,80,80,cpu,1,0.589042,0.567875,0.884583,25
1,256,32,32,jacobi,1,2.193916,2.182792,2.205083,25
1,256,32,32,block,1,3.004541,2.979625,3.032833,25
1,256,32,32,gk,1,0.982583,0.975084,0.987417,25
1,256,32,32,cpu,1,1.100084,1.079417,1.139500,25
1,4,64,32,jacobi,1,0.399875,0.386125,1.262000,25
1,4,64,32,block,1,2.061125,2.020458,2.070917,25
1,4,64,32,qr,1,0.590375,0.584458,0.595625,25
1,4,64,32,qrblock,1,2.214709,2.179875,2.303792,25
1,4,64,32,gk,1,0.841458,0.801167,0.852000,25
1,4,64,32,cpu,1,0.107583,0.106333,0.109417,25
1,1024,128,16,jacobi,1,2.698709,2.683375,2.711917,25
1,1024,128,16,qr,1,3.383250,3.240958,3.485209,25
1,1024,128,16,gk,1,2.234125,2.216500,2.248208,25
1,1024,128,16,cpu,1,2.815209,2.381750,2.856458,25
1,64,256,64,jacobi,1,5.111416,5.097834,5.123959,25
1,64,256,64,block,1,4.756625,4.684667,4.889709,25
1,64,256,64,qr,1,4.669375,4.646208,5.225917,25
1,64,256,64,qrblock,1,5.766417,5.699583,5.848167,25
1,64,256,64,gk,1,4.023125,3.993333,4.033208,25
1,64,256,64,cpu,1,2.113458,2.069750,2.450166,25
1,16,64,8,jacobi,1,0.383584,0.367625,0.392708,25
1,16,64,8,qr,1,0.429875,0.420125,0.435208,25
1,16,64,8,gk,1,0.243625,0.231375,0.247958,25
1,16,64,8,cpu,1,0.082166,0.079125,0.119375,25
1,64,64,64,jacobi,1,3.233834,3.190875,3.240250,25
1,64,64,64,block,1,3.888834,3.791958,3.937292,25
1,64,64,64,gk,1,1.976833,1.975000,1.978125,25
1,64,64,64,cpu,1,1.044417,1.032125,1.067417,25
1,1,384,384,jacobi,1,112.974833,112.941667,113.045750,5
1,1,384,384,block,1,22.300958,22.271646,22.425562,7
1,1,384,384,cpu,1,7.523854,7.322614,7.688676,20
1,1,384,384,bidiag,1,16.966833,16.916083,17.042750,9
1,1,384,384,cpu_vals,1,3.587750,3.579958,3.590417,25
1,1,384,384,bidiag_vals,1,13.063896,13.016250,13.100468,12
1,1024,128,128,jacobi,1,473.227333,473.002187,473.252833,3
1,1024,128,128,block,1,189.896042,189.717208,190.822708,5
1,1024,128,128,cpu,1,77.849583,77.829792,78.619875,5
1,1,256,256,jacobi,1,33.968166,33.942125,34.002125,5
1,1,256,256,block,1,13.177834,13.073781,13.323010,12
1,1,256,256,cpu,1,3.935541,3.819542,4.017833,25
1,1,256,256,bidiag,1,10.452834,10.396896,10.561854,15
1,1,256,256,cpu_vals,1,1.718708,1.717292,1.724666,25
1,1,256,256,bidiag_vals,1,8.106708,8.075291,8.129021,19
1,64,256,32,jacobi,1,1.369791,1.337584,1.412875,25
1,64,256,32,block,1,2.597000,2.551833,2.608000,25
1,64,256,32,qr,1,1.644166,1.604875,1.662041,25
1,64,256,32,qrblock,1,2.712375,2.687875,2.736291,25
1,64,256,32,gk,1,1.732000,1.672250,1.759542,25
1,64,256,32,cpu,1,0.710042,0.703291,0.720625,25
1,1,128,16,jacobi,1,0.585292,0.571250,0.610083,25
1,1,128,16,qr,1,0.415625,0.410333,0.421958,25
1,1,128,16,gk,1,0.439125,0.419667,0.481333,25
1,1,128,16,cpu,1,0.039625,0.030916,0.040041,25
1,1,40,40,jacobi,1,0.568042,0.517083,1.362125,25
1,1,40,40,block,1,2.474708,2.397416,2.523167,25
1,1,40,40,gk,1,0.879875,0.845333,0.887583,25
1,1,40,40,cpu,1,0.084042,0.083500,0.086709,25
1,4096,16,16,jacobi,1,5.756792,5.740750,5.781625,25
1,4096,16,16,gk,1,2.405791,2.399458,2.421084,25
1,4096,16,16,cpu,1,4.423375,4.373750,4.632000,25
1,4,64,8,jacobi,1,0.339334,0.318375,0.346666,25
1,4,64,8,qr,1,0.395875,0.391709,0.404500,25
1,4,64,8,gk,1,0.232167,0.215833,0.236375,25
1,4,64,8,cpu,1,0.030250,0.029708,0.030792,25
1,1,256,32,jacobi,1,0.512291,0.498500,0.597833,25
1,1,256,32,block,1,2.188375,2.141417,2.270792,25
1,1,256,32,qr,1,0.581417,0.569125,0.588208,25
1,1,256,32,qrblock,1,2.305541,2.238833,2.376875,25
1,1,256,32,gk,1,1.086250,1.062042,1.138334,25
1,1,256,32,cpu,1,0.115166,0.113000,0.116792,25
1,4096,4,4,jacobi,1,0.415500,0.412375,0.540458,25
1,4096,4,4,gk,1,0.379042,0.376125,0.382542,25
1,4096,4,4,cpu,1,0.695416,0.681166,0.701750,25
1,1,32,32,jacobi,1,0.470041,0.453834,0.512209,25
1,1,32,32,block,1,2.344667,2.233125,2.423250,25
1,1,32,32,gk,1,0.709500,0.678792,0.734500,25
1,1,32,32,cpu,1,0.061000,0.060875,0.061250,25
1,64,64,16,jacobi,1,0.343333,0.333250,0.968583,25
1,64,64,16,qr,1,0.643292,0.627875,0.660208,25
1,64,64,16,gk,1,0.394875,0.391125,0.396292,25
1,64,64,16,cpu,1,0.263917,0.258833,0.288459,25
1,4,2048,128,jacobi,1,42.202917,42.190792,42.218250,5
1,4,2048,128,block,1,14.200584,14.145312,14.311188,11
1,4,2048,128,qr,1,8.143250,8.096875,8.385666,19
1,4,2048,128,qrblock,1,9.236792,9.109125,9.383083,17
1,4,2048,128,cpu,1,4.105000,4.059708,4.225459,25
1,4,2048,128,bidiag,1,28.210604,28.118209,28.296438,6
1,4,2048,128,cpu_vals,1,2.415791,2.054625,2.428125,25
1,4,2048,128,bidiag_vals,1,24.602666,24.547562,24.684354,7
1,4,128,32,jacobi,1,0.420042,0.408083,1.283833,25
1,4,128,32,block,1,1.961792,1.923292,2.076250,25
1,4,128,32,qr,1,0.565541,0.560792,0.574250,25
1,4,128,32,qrblock,1,1.978666,1.954125,2.012209,25
1,4,128,32,gk,1,0.955042,0.915041,0.963417,25
1,4,128,32,cpu,1,0.122083,0.120167,0.126417,25
1,4,256,32,jacobi,1,0.497959,0.472834,1.484375,25
1,4,256,32,block,1,2.166208,2.154583,2.260875,25
1,4,256,32,qr,1,0.606833,0.599375,0.612500,25
1,4,256,32,qrblock,1,2.019833,2.006750,2.069166,25
1,4,256,32,gk,1,1.104542,1.051250,1.153500,25
1,4,256,32,cpu,1,0.158417,0.157583,0.162667,25
1,1,56,56,jacobi,1,0.952708,0.910375,0.954125,25
1,1,56,56,block,1,2.627000,2.548458,2.703541,25
1,1,56,56,gk,1,1.349833,1.315375,1.358166,25
1,1,56,56,cpu,1,0.134542,0.133833,0.135375,25
1,1,512,32,jacobi,1,0.612625,0.602625,0.693000,25
1,1,512,32,block,1,2.758584,2.740375,2.822583,25
1,1,512,32,qr,1,0.621959,0.615792,0.630875,25
1,1,512,32,qrblock,1,2.286667,2.124875,2.395042,25
1,1,512,32,gk,1,1.070042,0.991791,1.081250,25
1,1,512,32,cpu,1,0.157958,0.156958,0.160958,25
1,4,32,32,jacobi,1,0.368333,0.350792,1.062292,25
1,4,32,32,block,1,1.948791,1.920708,1.982541,25
1,4,32,32,gk,1,0.754333,0.719417,0.759458,25
1,4,32,32,cpu,1,0.089834,0.088667,0.092083,25
1,1024,2048,128,qr,1,910.007375,902.003000,920.082083,3
1,1024,2048,128,qrblock,1,672.135458,648.608125,676.358000,3
1,1024,2048,128,cpu,1,411.380917,409.013021,411.491917,3
1,256,256,8,jacobi,1,0.527542,0.500000,1.300625,25
1,256,256,8,qr,1,0.973500,0.968417,0.985875,25
1,256,256,8,gk,1,0.608333,0.604542,0.618666,25
1,256,256,8,cpu,1,0.460125,0.456291,0.473375,25
1,4096,1024,32,jacobi,1,565.096542,564.117729,565.793375,3
1,4096,1024,32,block,1,158.571833,158.307667,160.718500,5
1,4096,1024,32,qr,1,148.932541,147.801083,149.786250,5
1,4096,1024,32,qrblock,1,143.396042,142.302583,143.484500,5
1,4096,1024,32,gk,1,135.615708,135.011791,135.909750,5
1,4096,1024,32,cpu,1,82.892250,82.420833,84.656667,5
1,16,768,768,jacobi,1,3697.732375,3697.067354,3701.161979,3
1,16,768,768,block,1,564.840000,559.523771,575.855625,3
1,16,768,768,cpu,1,81.473583,80.715542,81.841542,5
1,16,768,768,bidiag,1,708.517625,708.314208,728.821542,3
1,16,768,768,cpu_vals,1,53.661041,52.770500,53.780792,5
1,16,768,768,bidiag_vals,1,504.639625,504.143208,511.634084,3
1,1,1024,256,jacobi,1,87.166125,87.149625,87.288208,5
1,1,1024,256,block,1,15.938688,15.891386,15.966250,10
1,1,1024,256,qr,1,31.377709,31.320375,31.402875,5
1,1,1024,256,qrblock,1,14.154542,14.098354,14.307333,11
1,1,1024,256,cpu,1,6.552521,6.276084,6.702146,24
1,1,1024,256,bidiag,1,13.590604,13.459615,13.667510,12
1,1,1024,256,cpu_vals,1,3.036959,3.018042,3.073542,25
1,1,1024,256,bidiag_vals,1,11.368709,11.213823,11.640459,14
1,4,128,128,jacobi,1,4.942959,4.925208,4.952542,25
1,4,128,128,block,1,6.248167,6.089542,6.318000,25
1,4,128,128,cpu,1,1.341791,1.320209,1.362792,25
1,4,128,128,bidiag,1,17.704791,17.462583,17.725792,9
1,4,128,128,cpu_vals,1,0.929750,0.919792,0.938166,25
1,4,128,128,bidiag_vals,1,13.861584,13.793937,13.934750,11
1,4,16,16,jacobi,1,0.224875,0.213917,0.231375,25
1,4,16,16,gk,1,0.314333,0.306459,0.317959,25
1,4,16,16,cpu,1,0.044041,0.042292,0.046709,25
1,4096,256,128,jacobi,1,2083.556875,2081.901980,2084.472230,3
1,4096,256,128,block,1,862.327208,861.989146,865.513375,3
1,4096,256,128,qr,1,2050.818375,2049.218937,2052.535416,3
1,4096,256,128,qrblock,1,859.157709,858.555854,864.106875,3
1,4096,256,128,cpu,1,470.347291,469.711500,472.879166,3
1,1024,64,32,jacobi,1,7.980416,7.959271,8.077730,19
1,1024,64,32,block,1,7.253375,7.122042,7.354709,21
1,1024,64,32,qr,1,9.917729,9.852666,10.206219,16
1,1024,64,32,qrblock,1,9.272417,9.006167,9.472667,17
1,1024,64,32,gk,1,4.519791,4.513666,4.544708,25
1,1024,64,32,cpu,1,5.934250,5.889458,5.961334,25
1,4096,512,64,jacobi,1,584.519875,584.271313,587.507104,3
1,4096,512,64,block,1,287.940750,285.353542,288.626958,5
1,4096,512,64,qr,1,355.368042,353.837084,356.742979,3
1,4096,512,64,qrblock,1,275.731292,274.724792,276.753291,5
1,4096,512,64,gk,1,261.607958,261.104167,263.336542,5
1,4096,512,64,cpu,1,154.859959,152.614708,156.160542,5
1,256,32,8,jacobi,1,0.719250,0.293542,0.748750,25
1,256,32,8,qr,1,0.623667,0.610125,0.633459,25
1,256,32,8,gk,1,0.261833,0.259750,0.263750,25
1,256,32,8,cpu,1,0.256458,0.249750,0.261250,25
1,1024,512,16,jacobi,1,11.561125,11.353500,11.622865,14
1,1024,512,16,qr,1,8.575208,8.506229,8.741615,18
1,1024,512,16,gk,1,8.284542,8.188833,8.382209,19
1,1024,512,16,cpu,1,5.214958,5.165958,5.265583,25
1,16,512,16,jacobi,1,0.590500,0.571625,0.755959,25
1,16,512,16,qr,1,0.652042,0.634750,0.670583,25
1,16,512,16,gk,1,0.793667,0.782833,0.804166,25
1,16,512,16,cpu,1,0.245042,0.239292,0.249125,25
1,64,4,4,jacobi,1,0.248042,0.235208,0.259208,25
1,64,4,4,gk,1,0.200083,0.194917,0.207917,25
1,64,4,4,cpu,1,0.128709,0.073375,0.144250,25
1,256,256,256,jacobi,1,1133.451042,1124.641583,1136.028396,3
1,256,256,256,block,1,346.750875,346.514104,347.838792,3
1,256,256,256,cpu,1,78.384667,77.860875,78.601458,5
1,256,96,96,jacobi,1,47.861750,47.828084,47.928667,5
1,256,96,96,block,1,22.433875,22.227750,22.453271,7
1,256,96,96,cpu,1,11.167959,10.963667,11.640625,14
1,64,96,96,jacobi,1,8.557021,8.541011,8.577292,18
1,64,96,96,block,1,8.257833,8.208708,8.315646,19
1,64,96,96,cpu,1,2.943500,2.926458,2.961083,25
1,256,256,16,jacobi,1,1.310458,1.288584,1.348916,25
1,256,256,16,qr,1,1.687833,1.651083,1.815875,25
1,256,256,16,gk,1,1.559625,1.535500,1.586916,25
1,256,256,16,cpu,1,0.928541,0.912125,1.396166,25
1,256,1024,256,jacobi,1,3525.259500,3523.649312,3543.300458,3
1,256,1024,256,block,1,630.469917,630.006354,630.677854,3
1,256,1024,256,qr,1,1090.637666,1089.169333,1092.521479,3
1,256,1024,256,qrblock,1,391.596834,390.223750,391.818667,3
1,256,1024,256,cpu,1,160.321209,159.005000,160.431041,5
1,4096,32,8,jacobi,1,1.616000,1.576083,1.671250,25
1,4096,32,8,qr,1,2.562417,2.520458,2.780292,25
1,4096,32,8,gk,1,1.359208,1.352542,1.379500,25
1,4096,32,8,cpu,1,2.077542,2.011417,2.530667,25
1,16,256,256,jacobi,1,66.034792,66.028791,66.073667,5
1,16,256,256,block,1,24.876125,24.774605,24.908875,7
1,16,256,256,cpu,1,6.099292,6.056250,6.332666,25
1,16,256,256,bidiag,1,166.086750,165.868750,166.344083,5
1,16,256,256,cpu_vals,1,3.760292,3.354625,3.808458,25
1,16,256,256,bidiag_vals,1,128.660042,128.637500,128.733292,5
1,256,64,64,jacobi,1,13.369604,12.350698,13.999104,12
1,256,64,64,block,1,9.077416,8.976875,9.116000,17
1,256,64,64,gk,1,5.431792,5.413750,5.444708,25
1,256,64,64,cpu,1,3.749416,3.693792,4.095458,25
1,1,256,16,jacobi,1,0.739750,0.344416,0.827125,25
1,1,256,16,qr,1,0.445625,0.437417,0.456250,25
1,1,256,16,gk,1,0.514959,0.498459,0.543417,25
1,1,256,16,cpu,1,0.051875,0.051125,0.053291,25
1,4,256,64,jacobi,1,1.476542,1.461958,1.785167,25
1,4,256,64,block,1,3.131875,3.114125,3.162167,25
1,4,256,64,qr,1,1.522667,1.501042,1.567417,25
1,4,256,64,qrblock,1,2.961833,2.915917,2.989625,25
1,4,256,64,gk,1,2.440458,2.412833,2.447208,25
1,4,256,64,cpu,1,0.455958,0.452917,0.457708,25
1,1,512,16,jacobi,1,0.375375,0.361209,1.106000,25
1,1,512,16,qr,1,0.478209,0.469042,0.484958,25
1,1,512,16,gk,1,0.590833,0.577792,0.597583,25
1,1,512,16,cpu,1,0.076125,0.070958,0.076583,25
1,1024,128,8,jacobi,1,0.994542,0.985125,1.014875,25
1,1024,128,8,qr,1,1.686291,1.643875,2.112541,25
1,1024,128,8,gk,1,1.063167,1.030625,1.076875,25
1,1024,128,8,cpu,1,0.957208,0.893000,1.405500,25
1,16,64,64,jacobi,1,1.239625,1.181917,1.327333,25
1,16,64,64,block,1,2.977083,2.911917,3.060000,25
1,16,64,64,gk,1,1.838917,1.835750,1.844041,25
1,16,64,64,cpu,1,0.394708,0.390959,0.398542,25
1,64,256,16,jacobi,1,0.601458,0.587084,0.612167,25
1,64,256,16,qr,1,0.797750,0.790167,0.809416,25
1,64,256,16,gk,1,0.592959,0.590500,0.599542,25
1,64,256,16,cpu,1,0.337125,0.329500,0.345708,25
1,4,1024,32,jacobi,1,1.061875,1.038291,1.163667,25
1,4,1024,32,block,1,4.058708,4.022375,4.183166,25
1,4,1024,32,qr,1,0.876917,0.860375,0.892500,25
1,4,1024,32,qrblock,1,2.257333,2.230833,2.277500,25
1,4,1024,32,gk,1,1.347917,1.302166,1.406000,25
1,4,1024,32,cpu,1,0.384583,0.381833,0.389833,25
1,4,24,24,jacobi,1,0.324833,0.307958,0.757791,25
1,4,24,24,gk,1,0.574125,0.498083,0.585958,25
1,4,24,24,cpu,1,0.063042,0.062417,0.063750,25
1,1024,512,128,jacobi,1,1264.192583,1263.866729,1265.119792,3
1,1024,512,128,block,1,334.623792,327.426625,340.578062,3
1,1024,512,128,qr,1,546.252666,544.973750,551.429958,3
1,1024,512,128,qrblock,1,287.176042,285.358125,292.148583,5
1,1024,512,128,cpu,1,155.342583,155.309667,157.371500,5
1,256,2048,64,jacobi,1,325.264958,324.733291,325.326479,3
1,256,2048,64,block,1,59.088666,58.373042,59.230625,5
1,256,2048,64,qr,1,56.106042,55.606167,56.521542,5
1,256,2048,64,qrblock,1,57.654875,56.335875,58.568125,5
1,256,2048,64,gk,1,53.774708,53.724625,53.861667,5
1,256,2048,64,cpu,1,35.407167,34.951083,35.503125,5
1,64,1024,64,jacobi,1,39.064041,39.007625,39.282083,5
1,64,1024,64,block,1,11.537708,11.496334,11.641209,13
1,64,1024,64,qr,1,9.857666,9.766646,10.299729,15
1,64,1024,64,qrblock,1,10.216708,10.082209,10.525209,15
1,64,1024,64,gk,1,9.444604,9.306115,9.723593,16
1,64,1024,64,cpu,1,5.800625,5.500708,6.718834,25
1,16,4,4,jacobi,1,0.268375,0.251417,0.272042,25
1,16,4,4,gk,1,0.326917,0.310584,0.336125,25
1,16,4,4,cpu,1,0.041709,0.041542,0.043833,25
1,16,1024,1024,jacobi,1,9316.483208,9227.895604,9318.243771,3
1,16,1024,1024,block,1,1229.021875,1227.784146,1229.410166,3
1,16,1024,1024,cpu,1,308.115000,307.993625,308.647979,3
1,16,1024,1024,bidiag,1,1222.048666,1221.290312,1222.056562,3
1,16,1024,1024,cpu_vals,1,221.549500,220.351959,224.417083,5
1,16,1024,1024,bidiag_vals,1,751.483250,751.346771,751.917500,3
1,4,4,4,jacobi,1,0.252166,0.235083,0.260167,25
1,4,4,4,gk,1,0.222709,0.208917,0.256417,25
1,4,4,4,cpu,1,0.023916,0.020958,0.025583,25
1,64,512,256,jacobi,1,444.715458,444.481375,444.989937,3
1,64,512,256,block,1,101.442041,101.376959,101.517333,5
1,64,512,256,qr,1,275.937125,275.885417,277.219583,5
1,64,512,256,qrblock,1,84.317125,84.241583,84.412667,5
1,64,512,256,cpu,1,30.749459,30.469333,30.873875,5
1,64,512,256,bidiag,1,786.241750,785.357771,787.038854,3
1,64,512,256,cpu_vals,1,14.622708,14.569000,14.712833,11
1,64,512,256,bidiag_vals,1,633.855041,633.549229,634.071458,3
1,4096,128,32,jacobi,1,35.355667,35.329125,35.407500,5
1,4096,128,32,block,1,33.228083,33.117250,33.437167,5
1,4096,128,32,qr,1,36.320625,36.239625,36.624000,5
1,4096,128,32,qrblock,1,31.671500,31.545125,32.017583,5
1,4096,128,32,gk,1,29.616729,29.541084,29.726751,6
1,4096,128,32,cpu,1,25.232396,25.095011,26.198718,6
1,1,80,80,jacobi,1,1.684875,1.678417,1.728917,25
1,1,80,80,block,1,4.081458,3.919709,4.106708,25
1,1,80,80,gk,1,2.526542,2.519292,2.535792,25
1,1,80,80,cpu,1,0.369500,0.368709,0.371084,25
1,4,2048,64,jacobi,1,8.642542,8.635906,8.648885,18
1,4,2048,64,block,1,8.361313,8.280053,8.461417,18
1,4,2048,64,qr,1,3.533833,3.440250,3.605416,25
1,4,2048,64,qrblock,1,5.168208,5.064792,5.207125,25
1,4,2048,64,gk,1,4.627458,4.524542,4.647708,25
1,4,2048,64,cpu,1,1.971250,1.950542,1.979167,25
1,64,2048,256,jacobi,1,2363.610500,2362.700063,2364.655250,3
1,64,2048,256,block,1,279.625625,279.529417,280.485333,5
1,64,2048,256,qr,1,311.785333,311.673396,312.291042,3
1,64,2048,256,qrblock,1,137.742583,137.387708,137.742708,5
1,64,2048,256,cpu,1,70.326542,70.096291,72.107875,5
1,64,2048,256,bidiag,1,1026.272167,1025.344063,1026.703417,3
1,64,2048,256,cpu_vals,1,30.515167,30.374458,30.764792,5
1,64,2048,256,bidiag_vals,1,883.811541,876.960125,885.122000,3
1,256,192,192,jacobi,1,425.488416,424.361937,426.229000,3
1,256,192,192,block,1,150.683542,149.911917,150.892834,5
1,256,192,192,cpu,1,37.199791,36.969709,37.268291,5
1,256,192,192,bidiag,1,1798.111250,1797.767896,1811.628187,3
1,256,192,192,cpu_vals,1,18.543167,18.496542,18.685208,9
1,256,192,192,bidiag_vals,1,1517.697625,1501.667187,1532.209104,3
1,16,128,8,jacobi,1,0.296458,0.292500,0.301959,25
1,16,128,8,qr,1,0.431416,0.426459,0.459667,25
1,16,128,8,gk,1,0.262042,0.245166,0.264667,25
1,16,128,8,cpu,1,0.092000,0.084708,0.164708,25
1,1,512,128,jacobi,1,10.228084,10.222708,10.239666,15
1,1,512,128,block,1,6.657208,6.464167,6.767896,23
1,1,512,128,qr,1,4.998000,4.993292,5.018542,25
1,1,512,128,qrblock,1,5.947333,5.864667,6.038458,25
1,1,512,128,cpu,1,1.658334,1.654750,1.668166,25
1,1,512,128,bidiag,1,5.010916,4.992166,5.050166,25
1,1,512,128,cpu_vals,1,0.923541,0.916791,0.927333,25
1,1,512,128,bidiag_vals,1,4.185708,4.139583,4.190417,25
1,64,512,128,jacobi,1,85.190000,84.401167,85.469334,5
1,64,512,128,block,1,21.736500,21.623833,22.271355,7
1,64,512,128,qr,1,38.102625,37.901958,38.667584,5
1,64,512,128,qrblock,1,20.182958,20.097188,20.755406,8
1,64,512,128,cpu,1,11.594958,11.470709,11.897042,13
1,64,512,128,bidiag,1,321.377333,320.072208,330.130854,3
1,64,512,128,cpu_vals,1,6.205459,5.958792,6.321500,25
1,64,512,128,bidiag_vals,1,263.278458,262.530875,264.356417,5
1,64,64,32,jacobi,1,0.850458,0.825459,0.871417,25
1,64,64,32,block,1,2.369458,2.330709,2.454167,25
1,64,64,32,qr,1,1.268125,1.220250,1.336791,25
1,64,64,32,qrblock,1,2.521083,2.476709,2.558958,25
1,64,64,32,gk,1,0.896583,0.870375,0.947125,25
1,64,64,32,cpu,1,0.484000,0.470834,0.583792,25
1,64,2048,128,jacobi,1,443.436791,437.346354,444.628292,3
1,64,2048,128,block,1,67.427375,67.199042,67.438084,5
1,64,2048,128,qr,1,58.552417,58.536916,58.627625,5
1,64,2048,128,qrblock,1,42.206667,42.179166,42.867541,5
1,64,2048,128,cpu,1,29.086167,29.033114,29.245000,6
1,64,2048,128,bidiag,1,448.674958,447.755604,458.660791,3
1,64,2048,128,cpu_vals,1,12.229375,12.140292,12.371792,13
1,64,2048,128,bidiag_vals,1,387.424334,387.215563,387.464104,3
1,4096,128,128,jacobi,1,1883.094375,1878.629229,1885.547167,3
1,4096,128,128,block,1,749.636833,748.552937,750.807375,3
1,4096,128,128,cpu,1,314.529791,310.860395,324.616562,3
1,4,1536,1536,cpu,1,232.130417,230.121250,236.169208,5
1,4,1536,1536,bidiag,1,674.233208,671.967666,675.282854,3
1,4,1536,1536,cpu_vals,1,120.889708,119.889417,123.533291,5
1,4,1536,1536,bidiag_vals,1,382.161584,381.975396,382.174147,3
1,16,32,16,jacobi,1,0.544334,0.536042,0.553083,25
1,16,32,16,qr,1,0.484917,0.476209,0.494667,25
1,16,32,16,gk,1,0.351084,0.339834,0.354958,25
1,16,32,16,cpu,1,0.137792,0.120958,0.165084,25
1,4,80,80,jacobi,1,1.856083,1.853708,1.863833,25
1,4,80,80,block,1,3.985167,3.935792,4.126000,25
1,4,80,80,gk,1,2.548333,2.545292,2.551500,25
1,4,80,80,cpu,1,0.432125,0.422875,0.437083,25
1,4096,1024,64,jacobi,1,2490.853917,2490.769938,2491.611875,3
1,4096,1024,64,block,1,474.054792,472.096791,476.500730,3
1,4096,1024,64,qr,1,517.697416,514.522104,521.109354,3
1,4096,1024,64,qrblock,1,431.837292,429.471584,432.196812,3
1,4096,1024,64,gk,1,431.908500,430.552834,434.356604,3
1,4096,1024,64,cpu,1,265.296292,264.544416,266.640583,5
1,1,32,8,jacobi,1,0.337000,0.323209,0.353167,25
1,1,32,8,qr,1,0.365458,0.361416,0.391625,25
1,1,32,8,gk,1,0.243667,0.234625,0.261250,25
1,1,32,8,cpu,1,0.011083,0.011000,0.011333,25
1,1,2048,2048,cpu,1,436.582000,435.435354,437.387979,3
1,1,2048,2048,bidiag,1,312.496791,308.752103,313.110353,3
1,1,2048,2048,cpu_vals,1,201.454875,201.450792,205.040125,5
1,1,2048,2048,bidiag_vals,1,170.782209,170.430000,171.686625,5
1,256,128,32,jacobi,1,2.766125,2.744875,2.796333,25
1,256,128,32,block,1,3.639708,3.596500,3.661458,25
1,256,128,32,qr,1,3.314667,3.153166,3.484209,25
1,256,128,32,qrblock,1,4.154584,4.047541,4.263250,25
1,256,128,32,gk,1,2.636458,2.597416,2.661500,25
1,256,128,32,cpu,1,1.831375,1.768209,2.288583,25
1,16,256,64,jacobi,1,1.653167,1.639875,1.671458,25
1,16,256,64,block,1,3.370917,3.292500,3.423750,25
1,16,256,64,qr,1,1.882500,1.862125,1.913000,25
1,16,256,64,qrblock,1,3.451417,3.384250,3.586542,25
1,16,256,64,gk,1,2.836500,2.816916,2.859291,25
1,16,256,64,cpu,1,0.666250,0.657375,0.836917,25
1,2,1536,1536,cpu,1,200.422500,195.797667,201.443584,5
1,2,1536,1536,bidiag,1,315.592792,314.291688,316.754708,3
1,2,1536,1536,cpu_vals,1,100.467166,100.285667,100.976291,5
1,2,1536,1536,bidiag_vals,1,193.299083,193.186292,193.410875,5
1,64,128,64,jacobi,1,3.515500,3.493250,3.546292,25
1,64,128,64,block,1,3.887125,3.806833,3.968958,25
1,64,128,64,qr,1,4.246500,4.153167,4.318875,25
1,64,128,64,qrblock,1,4.711292,4.591792,4.782084,25
1,64,128,64,gk,1,3.286833,3.243959,3.493417,25
1,64,128,64,cpu,1,1.602833,1.586916,1.627875,25
1,64,1024,128,jacobi,1,185.708583,185.590875,186.717792,5
1,64,1024,128,block,1,38.626959,38.614959,38.739833,5
1,64,1024,128,qr,1,44.686167,44.374583,44.869292,5
1,64,1024,128,qrblock,1,26.959041,26.816865,27.080000,6
1,64,1024,128,cpu,1,16.889083,16.819292,17.076208,9
1,64,1024,128,bidiag,1,351.755292,351.634146,357.811438,3
1,64,1024,128,cpu_vals,1,7.688584,7.582573,7.829688,18
1,64,1024,128,bidiag_vals,1,308.336500,307.404625,310.500208,3
1,64,40,40,jacobi,1,1.361875,1.353792,1.407792,25
1,64,40,40,block,1,3.496333,3.421417,3.617583,25
1,64,40,40,gk,1,0.975417,0.930750,0.983166,25
1,64,40,40,cpu,1,0.550709,0.524875,0.589166,25
1,256,256,128,jacobi,1,126.860666,126.776750,127.134750,5
1,256,256,128,block,1,55.961916,55.869250,56.170750,5
1,256,256,128,qr,1,123.834042,122.891500,124.084250,5
1,256,256,128,qrblock,1,55.917542,55.754709,55.929750,5
1,256,256,128,cpu,1,32.168666,32.094917,32.370417,5
1,256,256,128,bidiag,1,1193.896416,1193.194896,1194.107458,3
1,256,256,128,cpu_vals,1,17.329375,17.262500,17.434458,9
1,256,256,128,bidiag_vals,1,973.831375,973.830458,974.070375,3
1,16,256,8,jacobi,1,0.321583,0.310667,0.449375,25
1,16,256,8,qr,1,0.490500,0.461458,0.515083,25
1,16,256,8,gk,1,0.311541,0.297000,0.314042,25
1,16,256,8,cpu,1,0.132333,0.124083,0.225583,25
1,4096,256,16,jacobi,1,14.990375,14.875031,15.690448,10
1,4096,256,16,qr,1,16.707792,16.476875,16.904833,9
1,4096,256,16,gk,1,16.858584,16.795167,16.967416,9
1,4096,256,16,cpu,1,12.266708,12.123000,12.372334,13
1,16,1024,128,jacobi,1,38.000291,37.964541,38.153500,5
1,16,1024,128,block,1,13.346937,13.176531,13.424447,12
1,16,1024,128,qr,1,9.488062,9.282865,9.930625,16
1,16,1024,128,qrblock,1,10.966646,10.739812,11.083240,14
1,16,1024,128,cpu,1,4.983584,4.808459,5.059583,25
1,16,1024,128,bidiag,1,88.985000,88.825583,89.308042,5
1,16,1024,128,cpu_vals,1,3.033000,2.561833,3.083042,25
1,16,1024,128,bidiag_vals,1,76.109417,75.583250,77.377167,5
1,256,64,8,jacobi,1,0.328625,0.322167,1.000791,25
1,256,64,8,qr,1,0.682959,0.675959,0.692791,25
1,256,64,8,gk,1,0.297542,0.294583,0.304958,25
1,256,64,8,cpu,1,0.288500,0.281667,0.298208,25
1,4096,24,24,jacobi,1,14.143667,14.089229,14.194667,11
1,4096,24,24,gk,1,5.668000,5.625500,5.717167,25
1,4096,24,24,cpu,1,9.434833,9.379521,9.620000,16
1,64,256,128,jacobi,1,31.248875,31.243750,31.253542,5
1,64,256,128,block,1,14.893791,14.779249,14.916438,11
1,64,256,128,qr,1,35.007500,34.371667,35.084500,5
1,64,256,128,qrblock,1,17.450875,17.331166,17.580583,9
1,64,256,128,cpu,1,8.775605,8.643178,8.880313,18
1,64,256,128,bidiag,1,299.216584,298.999041,299.583333,5
1,64,256,128,cpu_vals,1,5.161708,4.800667,5.697208,25
1,64,256,128,bidiag_vals,1,243.971667,243.807542,244.855667,5
1,1024,512,256,qrblock,1,1396.435083,1392.033500,1402.302979,3
1,1024,512,256,cpu,1,462.226791,461.548229,464.153333,3
1,16,32,8,jacobi,1,0.355209,0.343500,0.365459,25
1,16,32,8,qr,1,0.451958,0.441167,0.461083,25
1,16,32,8,gk,1,0.231583,0.220292,0.236083,25
1,16,32,8,cpu,1,0.124334,0.087959,0.126167,25
1,16,512,256,jacobi,1,93.797125,93.786209,93.862333,5
1,16,512,256,block,1,26.653001,26.558272,26.719635,6
1,16,512,256,qr,1,64.134334,63.700209,64.197125,5
1,16,512,256,qrblock,1,25.135354,24.968802,25.340469,6
1,16,512,256,cpu,1,8.806292,8.743250,8.953833,17
1,16,512,256,bidiag,1,196.814542,196.554459,197.766167,5
1,16,512,256,cpu_vals,1,6.008291,5.867209,6.315916,25
1,16,512,256,bidiag_vals,1,159.509709,159.235208,159.529958,5
1,4096,32,32,jacobi,1,26.652667,26.565209,26.715094,6
1,4096,32,32,block,1,22.589333,22.534208,22.658208,7
1,4096,32,32,gk,1,9.296541,9.239542,9.319209,17
1,4096,32,32,cpu,1,15.372063,15.342386,15.605396,10
1,64,32,8,jacobi,1,0.388500,0.374917,0.401208,25
1,64,32,8,qr,1,0.482958,0.471042,0.505792,25
1,64,32,8,gk,1,0.243542,0.236959,0.250792,25
1,64,32,8,cpu,1,0.174042,0.150875,0.451792,25
1,1,32,16,jacobi,1,0.436500,0.425917,0.445584,25
1,1,32,16,qr,1,0.402417,0.380708,0.438583,25
1,1,32,16,gk,1,0.327708,0.311958,0.382459,25
1,1,32,16,cpu,1,0.026791,0.026708,0.027291,25
1,256,16,16,jacobi,1,0.649291,0.634750,0.742000,25
1,256,16,16,gk,1,0.393375,0.389750,0.397250,25
1,256,16,16,cpu,1,0.413667,0.409500,0.418166,25
