pass,batch,M,N,backend,ok,ms,p25,p75,reps
0,64,2048,256,jacobi,1,2512.381958,2504.003438,2548.977458,3
0,64,2048,256,block,1,287.305625,286.958959,287.883083,5
0,64,2048,256,qr,1,342.293875,340.639166,343.611833,3
0,64,2048,256,qrblock,1,153.673833,152.250000,155.442917,5
0,64,2048,256,cpu,1,72.416042,72.056041,73.152375,5
0,64,2048,256,bidiag,1,1012.921708,1012.470063,1014.370208,3
0,64,2048,256,cpu_vals,1,31.665417,31.633583,31.859375,5
0,64,2048,256,bidiag_vals,1,858.610125,857.520354,859.519937,3
0,16,8,8,jacobi,1,0.194958,0.184083,0.221208,25
0,16,8,8,cpu,1,0.077708,0.076000,0.080542,25
0,16,256,8,jacobi,1,0.247959,0.227583,0.286208,25
0,16,256,8,qr,1,0.489792,0.464750,0.514833,25
0,16,256,8,cpu,1,0.112291,0.105708,0.133792,25
0,1,4096,4096,cpu,1,3618.971375,3611.948833,3660.253229,3
0,1,4096,4096,bidiag,1,1772.783834,1772.639334,1772.981917,3
0,1,4096,4096,cpu_vals,1,1894.056333,1889.405333,1895.109604,3
0,1,4096,4096,bidiag_vals,1,990.388209,989.401271,993.333854,3
0,4096,32,16,jacobi,1,5.680500,5.643708,5.695500,25
0,4096,32,16,qr,1,8.689312,8.629635,9.043479,18
0,4096,32,16,cpu,1,7.103459,6.996302,7.157531,22
0,16,1024,1024,jacobi,1,9156.523000,9147.819458,9159.424958,3
0,16,1024,1024,block,1,1224.308625,1223.943145,1226.609479,3
0,16,1024,1024,cpu,1,307.387083,305.649791,307.862125,3
0,16,1024,1024,bidiag,1,1213.972250,1213.840750,1216.036437,3
0,16,1024,1024,cpu_vals,1,217.306375,217.194041,218.308959,5
0,16,1024,1024,bidiag_vals,1,750.165916,749.957771,751.475770,3
0,4096,2048,64,qr,1,1172.574125,1122.489104,1172.580229,3
0,4096,2048,64,qrblock,1,1090.542625,1083.407083,1097.898729,3
0,4096,2048,64,cpu,1,512.447041,508.223667,513.587542,3
0,4,512,256,jacobi,1,48.165250,48.150792,48.208375,5
0,4,512,256,block,1,13.798167,13.756000,14.006396,11
0,4,512,256,qr,1,34.364542,34.314750,34.415750,5
0,4,512,256,qrblock,1,15.443980,15.397740,15.526313,10
0,4,512,256,cpu,1,5.949750,5.901625,6.023750,25
0,4,512,256,bidiag,1,49.371875,49.237583,49.413791,5
0,4,512,256,cpu_vals,1,3.064750,3.045625,3.085208,25
0,4,512,256,bidiag_vals,1,39.700375,39.512708,39.814167,5
0,1,32,32,jacobi,1,0.518625,0.504625,0.529708,25
0,1,32,32,block,1,2.338542,2.289875,2.435542,25
0,1,32,32,cpu,1,0.060709,0.060459,0.061333,25
0,4096,256,16,jacobi,1,14.808875,14.779041,14.976167,11
0,4096,256,16,qr,1,36.046750,35.550084,36.129166,5
0,4096,256,16,cpu,1,12.053458,12.024958,12.117958,13
0,1,2048,2048,cpu,1,440.171750,439.792666,443.290021,3
0,1,2048,2048,bidiag,1,310.796584,309.041084,332.095396,3
0,1,2048,2048,cpu_vals,1,198.520333,197.954458,198.568667,5
0,1,2048,2048,bidiag_vals,1,169.622333,169.554875,169.772583,5
0,2,2048,2048,cpu,1,569.963583,560.246021,573.929958,3
0,2,2048,2048,bidiag,1,619.220292,618.298313,619.750626,3
0,2,2048,2048,cpu_vals,1,276.158541,274.825167,276.448709,5
0,2,2048,2048,bidiag_vals,1,336.934334,336.779209,337.099584,3
0,16,128,128,jacobi,1,5.053916,5.048041,5.070708,25
0,16,128,128,block,1,7.273291,7.207500,7.397167,21
0,16,128,128,cpu,1,1.713083,1.667375,1.839625,25
0,16,128,128,bidiag,1,68.797250,68.770708,69.345584,5
0,16,128,128,cpu_vals,1,1.113917,1.107375,1.129250,25
0,16,128,128,bidiag_vals,1,55.345959,55.141667,55.448500,5
0,256,256,128,jacobi,1,125.870625,125.292000,126.505000,5
0,256,256,128,block,1,55.772625,55.750500,55.884875,5
0,256,256,128,qr,1,124.203834,122.845709,124.713666,5
0,256,256,128,qrblock,1,55.065125,55.012916,55.276125,5
0,256,256,128,cpu,1,31.925750,31.828875,32.101750,5
0,256,256,128,bidiag,1,1190.024750,1189.317375,1192.125188,3
0,256,256,128,cpu_vals,1,17.466167,17.414167,17.560500,9
0,256,256,128,bidiag_vals,1,973.159541,972.726104,973.262312,3
0,1,8,8,jacobi,1,0.316125,0.285458,0.330333,25
0,1,8,8,cpu,1,0.008708,0.008625,0.008917,25
0,16,768,768,jacobi,1,3691.337791,3690.189000,3693.177062,3
0,16,768,768,block,1,526.295750,526.096458,527.526958,3
0,16,768,768,cpu,1,80.157625,79.144208,80.812667,5
0,16,768,768,bidiag,1,703.495750,703.290291,703.800750,3
0,16,768,768,cpu_vals,1,49.138667,48.930042,49.667166,5
0,16,768,768,bidiag_vals,1,501.895459,501.736479,502.227855,3
0,1024,64,8,jacobi,1,0.728541,0.653291,1.903333,25
0,1024,64,8,qr,1,1.601834,1.597000,1.617125,25
0,1024,64,8,cpu,1,0.721125,0.699583,0.731667,25
0,256,512,32,jacobi,1,11.885500,11.797458,11.968917,13
0,256,512,32,block,1,8.232875,8.175062,8.428959,19
0,256,512,32,qr,1,9.833792,9.677011,9.895468,16
0,256,512,32,qrblock,1,10.596917,10.522458,10.710938,15
0,256,512,32,cpu,1,3.865834,3.755958,3.922209,25
0,1024,96,96,jacobi,1,190.070541,189.687541,190.649625,5
0,1024,96,96,block,1,86.471250,86.310000,86.511625,5
0,1024,96,96,cpu,1,39.195709,39.193583,39.293959,5
0,16,1024,256,jacobi,1,174.917959,174.802500,174.993375,5
0,16,1024,256,block,1,37.864333,37.860542,37.917708,5
0,16,1024,256,qr,1,67.050583,66.972084,67.085625,5
0,16,1024,256,qrblock,1,30.133542,29.864125,30.315875,5
0,16,1024,256,cpu,1,12.127875,11.895375,12.438208,13
0,16,1024,256,bidiag,1,216.114542,216.044209,216.721084,5
0,16,1024,256,cpu_vals,1,5.929958,5.871791,6.211667,25
0,16,1024,256,bidiag_vals,1,177.887625,177.636417,177.921583,5
0,4096,32,32,jacobi,1,26.745063,26.638562,26.918469,6
0,4096,32,32,block,1,22.521959,22.356229,22.745125,7
0,4096,32,32,cpu,1,15.452250,15.276927,15.585760,10
0,1024,128,128,jacobi,1,471.987083,471.538937,472.095792,3
0,1024,128,128,block,1,190.171666,189.908250,190.671042,5
0,1024,128,128,cpu,1,77.873958,76.906375,78.733125,5
0,4,1024,128,jacobi,1,19.413312,19.399989,19.439907,8
0,4,1024,128,block,1,9.135708,9.065417,9.272500,17
0,4,1024,128,qr,1,7.331750,7.285375,7.394125,21
0,4,1024,128,qrblock,1,8.299000,8.204230,8.350354,19
0,4,1024,128,cpu,1,2.793417,2.685417,3.118292,25
0,4,1024,128,bidiag,1,22.037125,21.978917,22.883167,7
0,4,1024,128,cpu_vals,1,1.397334,1.391750,1.411334,25
0,4,1024,128,bidiag_vals,1,19.197125,19.190646,19.358292,8
0,4,512,64,jacobi,1,2.120042,2.109875,2.159125,25
0,4,512,64,block,1,3.807375,3.755917,3.867583,25
0,4,512,64,qr,1,1.751417,1.708666,1.758125,25
0,4,512,64,qrblock,1,3.176667,3.129042,3.221167,25
0,4,512,64,cpu,1,0.696500,0.690959,0.700583,25
0,16,512,64,jacobi,1,2.213208,2.189042,2.246791,25
0,16,512,64,block,1,4.286791,4.191375,4.389875,25
0,16,512,64,qr,1,2.720083,2.648500,2.748750,25
0,16,512,64,qrblock,1,4.208167,4.174625,4.247833,25
0,16,512,64,cpu,1,1.032542,1.002416,1.203667,25
0,1,256,16,jacobi,1,0.731209,0.709542,0.748125,25
0,1,256,16,qr,1,0.454625,0.447834,0.456250,25
0,1,256,16,cpu,1,0.054166,0.053916,0.055667,25
0,4096,8,8,jacobi,1,1.444750,1.396833,1.470250,25
0,4096,8,8,cpu,1,1.438167,1.411166,1.466583,25
0,1,32,16,jacobi,1,0.475791,0.457208,0.511750,25
0,1,32,16,qr,1,0.412917,0.384416,0.427500,25
0,1,32,16,cpu,1,0.030792,0.027250,0.032291,25
0,1,1024,32,jacobi,1,0.941917,0.913583,0.985083,25
0,1,1024,32,block,1,4.242041,4.150834,4.304791,25
0,1,1024,32,qr,1,0.696458,0.691292,0.702000,25
0,1,1024,32,qrblock,1,2.430792,2.151125,2.485417,25
0,1,1024,32,cpu,1,0.223542,0.221458,0.225958,25
0,1,1536,1536,cpu,1,176.998709,176.768834,177.622584,5
0,1,1536,1536,bidiag,1,164.389875,162.149750,165.246667,5
0,1,1536,1536,cpu_vals,1,85.062791,85.042417,85.152625,5
0,1,1536,1536,bidiag_vals,1,95.732750,95.591083,95.860625,5
0,4096,64,16,jacobi,1,7.006271,6.959791,7.136437,22
0,4096,64,16,qr,1,11.446563,11.336667,11.626771,14
0,4096,64,16,cpu,1,7.870292,7.782406,7.936687,20
0,256,32,32,jacobi,1,2.192875,2.184333,2.202833,25
0,256,32,32,block,1,3.031833,3.012375,3.074292,25
0,256,32,32,cpu,1,1.134375,1.110417,1.179500,25
0,256,64,8,jacobi,1,0.844375,0.751334,0.864334,25
0,256,64,8,qr,1,0.844250,0.832459,0.860583,25
0,256,64,8,cpu,1,0.300583,0.288959,0.309333,25
0,4,96,96,jacobi,1,2.396959,2.393875,2.401125,25
0,4,96,96,block,1,4.127250,4.032166,4.165125,25
0,4,96,96,cpu,1,0.684459,0.674541,0.694292,25
0,1,64,32,jacobi,1,0.812833,0.777583,0.862000,25
0,1,64,32,block,1,2.088791,2.047417,2.162500,25
0,1,64,32,qr,1,0.524167,0.515625,0.534458,25
0,1,64,32,qrblock,1,2.325666,2.206542,2.426375,25
0,1,64,32,cpu,1,0.070959,0.070750,0.071458,25
0,4,1024,256,jacobi,1,105.286958,105.223000,105.297250,5
0,4,1024,256,block,1,19.698271,19.658125,19.742542,8
0,4,1024,256,qr,1,34.838916,34.781417,34.877208,5
0,4,1024,256,qrblock,1,17.939208,17.795750,17.992917,9
0,4,1024,256,cpu,1,7.770333,7.744990,7.811323,20
0,4,1024,256,bidiag,1,53.964666,53.938792,53.984417,5
0,4,1024,256,cpu_vals,1,3.942667,3.567541,4.163333,25
0,4,1024,256,bidiag_vals,1,45.159417,45.122750,45.191250,5
0,16,64,8,jacobi,1,0.360750,0.356000,0.366000,25
0,16,64,8,qr,1,0.425625,0.418459,0.428458,25
0,16,64,8,cpu,1,0.104084,0.091584,0.134000,25
0,256,32,16,jacobi,1,0.878625,0.781208,0.910459,25
0,256,32,16,qr,1,1.206208,1.197833,1.234208,25
0,256,32,16,cpu,1,0.596459,0.562208,0.638458,25
0,16,256,64,jacobi,1,1.627459,1.620208,1.648708,25
0,16,256,64,block,1,3.353125,3.306375,3.406875,25
0,16,256,64,qr,1,2.185375,2.142958,2.199917,25
0,16,256,64,qrblock,1,3.655208,3.625375,3.711959,25
0,16,256,64,cpu,1,0.688667,0.664708,0.866708,25
0,256,128,128,jacobi,1,118.926917,118.284250,119.057042,5
0,256,128,128,block,1,48.108791,48.034958,48.156834,5
0,256,128,128,cpu,1,21.824875,21.684959,22.179875,7
0,256,128,128,bidiag,1,1108.770000,1108.734708,1110.203313,3
0,256,128,128,cpu_vals,1,14.236958,14.187604,14.616604,11
0,256,128,128,bidiag_vals,1,885.085042,884.192751,885.411521,3
0,16,128,64,jacobi,1,1.287208,1.243083,1.339584,25
0,16,128,64,block,1,2.850500,2.835375,2.954208,25
0,16,128,64,qr,1,1.996834,1.932417,2.012750,25
0,16,128,64,qrblock,1,3.456667,3.384500,3.543584,25
0,16,128,64,cpu,1,0.574375,0.511958,0.723250,25
0,256,1024,256,jacobi,1,4054.057750,4053.167980,4060.061770,3
0,256,1024,256,block,1,661.555791,661.375916,661.586812,3
0,256,1024,256,qr,1,1178.485250,1173.921083,1193.746437,3
0,256,1024,256,qrblock,1,432.023375,431.006584,432.774105,3
0,256,1024,256,cpu,1,165.113667,164.228417,166.094833,5
0,64,1024,64,jacobi,1,38.901084,38.820709,39.175083,5
0,64,1024,64,block,1,11.234042,11.125917,11.513615,14
0,64,1024,64,qr,1,10.758458,10.672073,10.928875,14
0,64,1024,64,qrblock,1,11.285979,11.049438,11.413521,14
0,64,1024,64,cpu,1,5.703542,5.461667,5.857500,25
0,4096,128,64,jacobi,1,240.386625,239.630209,241.064542,5
0,4096,128,64,block,1,132.860209,131.971375,134.705917,5
0,4096,128,64,qr,1,245.282667,239.881125,245.834792,5
0,4096,128,64,qrblock,1,147.632708,147.048541,151.789250,5
0,4096,128,64,cpu,1,79.298750,79.202208,80.343375,5
0,4,64,16,jacobi,1,0.541417,0.517000,0.752209,25
0,4,64,16,qr,1,0.447334,0.440958,0.462667,25
0,4,64,16,cpu,1,0.060834,0.058542,0.063250,25
0,256,1024,128,jacobi,1,726.415166,726.004624,727.029625,3
0,256,1024,128,block,1,139.506208,139.268292,139.749250,5
0,256,1024,128,qr,1,168.029417,166.311916,170.146875,5
0,256,1024,128,qrblock,1,104.902167,103.676042,104.905583,5
0,256,1024,128,cpu,1,64.644458,64.253541,64.712417,5
0,256,1024,128,bidiag,1,1416.819250,1415.484771,1417.534292,3
0,256,1024,128,cpu_vals,1,28.762583,28.644489,28.872520,6
0,256,1024,128,bidiag_vals,1,1204.532250,1196.960604,1204.743792,3
0,4096,1024,64,jacobi,1,2511.971375,2510.474708,2512.998812,3
0,4096,1024,64,block,1,492.832084,484.889959,493.643834,3
0,4096,1024,64,qr,1,611.932417,611.007791,623.239875,3
0,4096,1024,64,qrblock,1,522.537333,520.279499,544.707875,3
0,4096,1024,64,cpu,1,274.779125,273.683583,275.481084,5
0,4,1024,64,jacobi,1,4.668500,4.660167,4.683375,25
0,4,1024,64,block,1,5.445292,5.322292,5.559167,25
0,4,1024,64,qr,1,2.194125,2.130000,2.218500,25
0,4,1024,64,qrblock,1,3.629625,3.613584,3.677625,25
0,4,1024,64,cpu,1,1.123625,1.114833,1.147875,25
0,64,128,128,jacobi,1,34.075875,33.991083,34.411834,5
0,64,128,128,block,1,14.551959,14.524917,14.594458,11
0,64,128,128,cpu,1,6.139666,6.060250,6.455417,25
0,64,128,128,bidiag,1,278.465833,278.054417,278.626291,5
0,64,128,128,cpu_vals,1,3.963833,3.874375,4.547333,25
0,64,128,128,bidiag_vals,1,223.829084,223.814708,224.110625,5
0,16,64,32,jacobi,1,0.392084,0.384875,0.394542,25
0,16,64,32,block,1,2.084333,2.052041,2.120625,25
0,16,64,32,qr,1,0.882500,0.873375,0.900458,25
0,16,64,32,qrblock,1,2.510125,2.464125,2.547083,25
0,16,64,32,cpu,1,0.236208,0.230042,0.253792,25
0,1,1024,64,jacobi,1,4.505334,4.496209,4.509375,25
0,1,1024,64,block,1,5.061500,5.015625,5.166917,25
0,1,1024,64,qr,1,1.576041,1.554042,1.606667,25
0,1,1024,64,qrblock,1,2.819875,2.796708,2.875208,25
0,1,1024,64,cpu,1,0.584250,0.579125,0.591500,25
0,4096,128,16,jacobi,1,9.562145,9.453157,9.607677,16
0,4096,128,16,qr,1,17.190000,17.159084,17.286792,9
0,4096,128,16,cpu,1,9.318541,9.240417,9.461125,17
0,1024,1024,32,jacobi,1,142.728750,142.391709,143.603042,5
0,1024,1024,32,block,1,40.052500,39.757667,40.215750,5
0,1024,1024,32,qr,1,59.003541,58.949667,59.301833,5
0,1024,1024,32,qrblock,1,58.489000,58.044209,58.883250,5
0,1024,1024,32,cpu,1,23.343500,23.052917,23.610646,7
0,1024,2048,64,jacobi,1,1316.263042,1314.336146,1319.215625,3
0,1024,2048,64,block,1,231.466125,230.560542,232.480750,5
0,1024,2048,64,qr,1,264.094000,262.017792,268.415542,5
0,1024,2048,64,qrblock,1,243.643125,242.952750,244.117416,5
0,1024,2048,64,cpu,1,131.226542,130.044458,131.980541,5
0,1,384,384,jacobi,1,113.626084,113.566875,113.686291,5
0,1,384,384,block,1,22.407458,22.309062,22.497354,7
0,1,384,384,cpu,1,7.557272,7.373604,7.788636,20
0,1,384,384,bidiag,1,17.314041,16.908792,17.480709,9
0,1,384,384,cpu_vals,1,3.678125,3.670250,3.692667,25
0,1,384,384,bidiag_vals,1,13.285563,13.226667,13.322156,12
0,1,48,48,jacobi,1,0.774333,0.721417,0.796083,25
0,1,48,48,block,1,2.512792,2.438541,2.530417,25
0,1,48,48,cpu,1,0.120833,0.120125,0.121416,25
0,256,8,8,jacobi,1,0.278750,0.270792,0.296500,25
0,256,8,8,cpu,1,0.199792,0.195459,0.209541,25
0,256,4,4,jacobi,1,0.200166,0.197167,0.213458,25
0,256,4,4,cpu,1,0.143834,0.133917,0.519083,25
0,4096,256,128,jacobi,1,2140.519083,2135.747854,2142.197292,3
0,4096,256,128,block,1,870.946292,870.677187,871.916521,3
0,4096,256,128,qr,1,2082.470459,2076.649208,2087.708000,3
0,4096,256,128,qrblock,1,878.441458,875.577937,878.883687,3
0,4096,256,128,cpu,1,465.151625,464.320646,471.219292,3
0,4,512,512,jacobi,1,328.629792,328.617251,328.668855,3
0,4,512,512,block,1,48.664042,48.620458,48.878375,5
0,4,512,512,cpu,1,18.587834,18.551053,18.815823,8
0,4,512,512,bidiag,1,103.214375,102.389584,103.918084,5
0,4,512,512,cpu_vals,1,8.970291,8.884042,9.012875,17
0,4,512,512,bidiag_vals,1,76.012584,76.000584,76.868209,5
0,64,4,4,jacobi,1,0.168166,0.152125,0.186500,25
0,64,4,4,cpu,1,0.144500,0.094417,0.152208,25
0,256,16,16,jacobi,1,0.647167,0.638542,0.670166,25
0,256,16,16,cpu,1,0.421792,0.395875,0.589375,25
0,1024,16,16,jacobi,1,1.766791,1.725708,1.788625,25
0,1024,16,16,cpu,1,1.210792,1.182542,1.228375,25
0,4096,64,64,jacobi,1,200.192084,195.801209,201.075166,5
0,4096,64,64,block,1,115.771167,115.520084,115.995833,5
0,4096,64,64,cpu,1,55.282667,53.938208,55.790000,5
0,64,256,256,jacobi,1,294.562541,294.241417,295.545000,5
0,64,256,256,block,1,85.521041,85.278541,85.685375,5
0,64,256,256,cpu,1,21.477292,21.150354,21.917959,7
0,64,256,256,bidiag,1,661.521000,661.315729,662.434291,3
0,64,256,256,cpu_vals,1,10.661458,10.596197,10.910719,14
0,64,256,256,bidiag_vals,1,520.347875,519.927250,520.396625,3
0,64,1024,128,jacobi,1,186.692084,186.597833,187.304292,5
0,64,1024,128,block,1,39.848666,39.449375,39.907583,5
0,64,1024,128,qr,1,46.279750,45.816667,46.754958,5
0,64,1024,128,qrblock,1,28.177896,28.103448,28.343188,6
0,64,1024,128,cpu,1,16.872084,16.693250,17.211542,9
0,64,1024,128,bidiag,1,355.379750,355.331063,355.675813,3
0,64,1024,128,cpu_vals,1,7.764667,7.669437,7.871187,20
0,64,1024,128,bidiag_vals,1,300.794459,299.294230,302.682354,3
0,256,1024,32,jacobi,1,35.296917,35.169292,35.318542,5
0,256,1024,32,block,1,13.124854,13.038542,13.310594,12
0,256,1024,32,qr,1,15.758229,15.594041,15.800865,10
0,256,1024,32,qrblock,1,16.467958,16.415916,16.505823,10
0,256,1024,32,cpu,1,6.158541,6.138458,6.209000,25
0,256,128,8,jacobi,1,0.776458,0.395875,0.920500,25
0,256,128,8,qr,1,1.068209,1.050167,1.105542,25
0,256,128,8,cpu,1,0.357125,0.347416,0.388333,25
0,64,64,8,jacobi,1,0.319542,0.310417,0.366334,25
0,64,64,8,qr,1,0.687375,0.661875,0.812625,25
0,64,64,8,cpu,1,0.167833,0.163583,0.174459,25
0,16,32,32,jacobi,1,0.406958,0.393208,0.419541,25
0,16,32,32,block,1,2.175958,2.125041,2.192208,25
0,16,32,32,cpu,1,0.196083,0.192041,0.204000,25
0,1024,512,16,jacobi,1,11.351584,11.230073,11.440990,14
0,1024,512,16,qr,1,23.626875,23.518375,23.721896,7
0,1024,512,16,cpu,1,5.327292,5.251583,5.464792,25
0,64,512,128,jacobi,1,83.317458,83.069458,84.194834,5
0,64,512,128,block,1,20.730459,20.652854,21.238802,8
0,64,512,128,qr,1,39.299500,38.774208,39.312625,5
0,64,512,128,qrblock,1,21.263521,21.193177,21.587438,8
0,64,512,128,cpu,1,11.644292,11.519791,11.768584,13
0,64,512,128,bidiag,1,321.999625,321.992916,322.299230,3
0,64,512,128,cpu_vals,1,6.154458,6.057917,6.239209,25
0,64,512,128,bidiag_vals,1,266.585041,266.407875,266.735458,5
0,4,64,32,jacobi,1,0.396666,0.381417,0.406208,25
0,4,64,32,block,1,2.052625,2.003917,2.087875,25
0,4,64,32,qr,1,0.587125,0.576041,0.603791,25
0,4,64,32,qrblock,1,2.187750,2.147459,2.220042,25
0,4,64,32,cpu,1,0.110959,0.109042,0.114000,25
0,1,128,8,jacobi,1,0.209917,0.199125,0.234125,25
0,1,128,8,qr,1,0.375541,0.359792,0.404167,25
0,1,128,8,cpu,1,0.014583,0.014458,0.015084,25
0,4,128,8,jacobi,1,0.282292,0.255916,0.294250,25
0,4,128,8,qr,1,0.430917,0.422084,0.441666,25
0,4,128,8,cpu,1,0.045583,0.044500,0.047166,25
0,4,256,256,jacobi,1,34.902708,34.868333,34.954125,5
0,4,256,256,block,1,14.164542,14.134167,14.259042,11
0,4,256,256,cpu,1,4.213042,4.180917,4.248500,25
0,4,256,256,bidiag,1,41.387709,41.317625,41.389166,5
0,4,256,256,cpu_vals,1,2.025375,1.990583,2.110500,25
0,4,256,256,bidiag_vals,1,32.722542,32.710542,32.737042,5
0,64,64,64,jacobi,1,3.241417,3.196083,3.254250,25
0,64,64,64,block,1,3.785416,3.739750,3.917500,25
0,64,64,64,cpu,1,1.055208,1.042209,1.118584,25
0,1024,512,32,jacobi,1,45.485625,45.213917,45.721625,5
0,1024,512,32,block,1,23.848208,23.605874,24.055375,7
0,1024,512,32,qr,1,35.856250,35.571750,35.984667,5
0,1024,512,32,qrblock,1,35.599041,35.156291,35.722000,5
0,1024,512,32,cpu,1,13.602812,13.493989,13.741812,12
0,1024,256,32,jacobi,1,20.741646,20.474385,21.320906,8
0,1024,256,32,block,1,14.578750,14.369604,14.679438,11
0,1024,256,32,qr,1,20.770000,20.667552,20.864209,8
0,1024,256,32,qrblock,1,20.281771,20.240948,20.409104,8
0,1024,256,32,cpu,1,8.699396,8.492500,8.776250,18
0,4096,32,8,jacobi,1,1.578750,1.547000,1.633167,25
0,4096,32,8,qr,1,3.703750,3.594542,3.947708,25
0,4096,32,8,cpu,1,2.427167,2.123666,2.600000,25
0,4,32,16,jacobi,1,0.377084,0.348834,0.450291,25
0,4,32,16,qr,1,0.445375,0.421417,0.455167,25
0,4,32,16,cpu,1,0.049125,0.048334,0.049584,25
0,1,192,192,jacobi,1,14.911917,14.898125,14.930146,11
0,1,192,192,block,1,9.302625,9.248292,9.410792,17
0,1,192,192,cpu,1,1.952458,1.929167,2.046875,25
0,1,192,192,bidiag,1,7.157583,7.144792,7.189000,21
0,1,192,192,cpu_vals,1,0.857875,0.850666,0.866750,25
0,1,192,192,bidiag_vals,1,5.790375,5.764208,5.814708,25
0,1024,512,128,jacobi,1,1308.851042,1305.322750,1313.025729,3
0,1024,512,128,block,1,335.020375,334.022375,335.908979,3
0,1024,512,128,qr,1,557.691584,554.739250,558.829709,3
0,1024,512,128,qrblock,1,293.369459,293.026500,294.419417,5
0,1024,512,128,cpu,1,158.552208,158.551792,159.979833,5
0,16,4,4,jacobi,1,0.258875,0.240041,0.284625,25
0,16,4,4,cpu,1,0.042875,0.041708,0.048750,25
0,256,512,128,jacobi,1,322.267916,321.753479,322.630417,3
0,256,512,128,block,1,84.524500,84.517333,84.723791,5
0,256,512,128,qr,1,139.049417,138.115042,139.148833,5
0,256,512,128,qrblock,1,74.405250,74.304083,74.467208,5
0,256,512,128,cpu,1,42.822167,42.798708,42.899250,5
0,256,512,128,bidiag,1,1283.637041,1282.925896,1284.349208,3
0,256,512,128,cpu_vals,1,21.908917,21.845688,22.416333,7
0,256,512,128,bidiag_vals,1,1062.707250,1062.406479,1063.215875,3
0,1,256,256,jacobi,1,34.035708,34.029250,34.064542,5
0,1,256,256,block,1,13.104500,13.034958,13.126229,12
0,1,256,256,cpu,1,3.966792,3.786167,4.035292,25
0,1,256,256,bidiag,1,10.192000,10.115333,10.522854,15
0,1,256,256,cpu_vals,1,1.736458,1.725916,1.758250,25
0,1,256,256,bidiag_vals,1,8.181792,8.134604,8.196813,19
0,64,96,96,jacobi,1,8.615521,8.590083,8.645584,18
0,64,96,96,block,1,8.262333,8.181125,8.298271,19
0,64,96,96,cpu,1,3.070500,3.055709,3.176625,25
0,16,256,128,jacobi,1,6.223750,6.210042,6.245709,25
0,16,256,128,block,1,6.847499,6.720396,6.955490,22
0,16,256,128,qr,1,6.252104,6.199469,6.278135,24
0,16,256,128,qrblock,1,7.578667,7.483302,7.745354,20
0,16,256,128,cpu,1,2.465083,2.440958,2.489250,25
0,16,256,128,bidiag,1,74.830542,74.684041,75.343459,5
0,16,256,128,cpu_vals,1,1.353667,1.316083,1.476292,25
0,16,256,128,bidiag_vals,1,61.423541,61.334667,61.593583,5
0,64,2048,64,jacobi,1,84.751084,84.094875,84.912750,5
0,64,2048,64,block,1,20.155312,20.037427,20.427636,8
0,64,2048,64,qr,1,18.199500,18.090834,18.245041,9
0,64,2048,64,qrblock,1,19.024355,18.894208,19.255781,8
0,64,2048,64,cpu,1,9.693583,9.601062,9.827510,16
0,4096,16,8,jacobi,1,1.451708,1.429042,1.469500,25
0,4096,16,8,qr,1,2.997375,2.930500,3.038958,25
0,4096,16,8,cpu,1,1.922500,1.894917,1.942917,25
0,4096,512,128,qrblock,1,1191.851042,1185.384479,1196.023563,3
0,4096,512,128,cpu,1,621.077667,618.502229,621.664333,3
0,1024,512,64,jacobi,1,152.170542,151.635542,154.785500,5
0,1024,512,64,block,1,72.007333,71.404125,72.906708,5
0,1024,512,64,qr,1,105.946750,105.491916,106.164500,5
0,1024,512,64,qrblock,1,86.013791,85.442750,86.660583,5
0,1024,512,64,cpu,1,42.252833,41.899750,42.912291,5
0,16,128,8,jacobi,1,0.381792,0.356292,0.415334,25
0,16,128,8,qr,1,0.434542,0.430417,0.456167,25
0,16,128,8,cpu,1,0.085000,0.081667,0.088208,25
0,256,128,16,jacobi,1,0.981291,0.890458,1.011083,25
0,256,128,16,qr,1,1.661667,1.594667,1.689167,25
0,256,128,16,cpu,1,0.702875,0.694292,0.752917,25
0,64,32,8,jacobi,1,0.292084,0.273667,0.297750,25
0,64,32,8,qr,1,0.648250,0.624291,0.670666,25
0,64,32,8,cpu,1,0.151334,0.142959,0.160125,25
0,256,2048,128,jacobi,1,1876.603458,1876.292333,1880.816937,3
0,256,2048,128,block,1,244.293000,243.993042,244.545458,5
0,256,2048,128,qr,1,229.132833,229.034208,229.506000,5
0,256,2048,128,qrblock,1,164.656792,164.329000,165.265375,5
0,256,2048,128,cpu,1,110.659416,109.966375,110.991667,5
0,256,2048,128,bidiag,1,1771.236709,1770.245563,1771.341105,3
0,256,2048,128,cpu_vals,1,46.823083,46.735000,47.332750,5
0,256,2048,128,bidiag_vals,1,1512.549500,1509.996667,1513.097792,3
0,64,16,16,jacobi,1,0.362083,0.353417,0.382667,25
0,64,16,16,cpu,1,0.179459,0.163125,0.203042,25
0,4,1536,1536,cpu,1,227.373791,226.378625,235.608125,5
0,4,1536,1536,bidiag,1,649.713208,648.187250,650.550000,3
0,4,1536,1536,cpu_vals,1,127.942833,123.302083,129.440125,5
0,4,1536,1536,bidiag_vals,1,388.842708,388.259375,388.949687,3
0,64,512,256,jacobi,1,489.211792,487.985271,490.200875,3
0,64,512,256,block,1,104.705666,104.701458,104.804542,5
0,64,512,256,qr,1,290.492584,290.349791,291.235750,5
0,64,512,256,qrblock,1,91.229792,91.176125,91.232417,5
0,64,512,256,cpu,1,30.873708,30.845083,30.905291,5
0,64,512,256,bidiag,1,774.835583,771.258188,774.919666,3
0,64,512,256,cpu_vals,1,14.844459,14.815281,15.117021,10
0,64,512,256,bidiag_vals,1,630.733750,630.270166,631.268562,3
0,256,512,16,jacobi,1,2.720208,2.637333,2.760917,25
0,256,512,16,qr,1,6.493292,6.428188,6.647270,24
0,256,512,16,cpu,1,2.036042,1.561166,2.104500,25
0,256,48,48,jacobi,1,5.654333,5.634166,5.676750,25
0,256,48,48,block,1,8.007125,7.885104,8.059604,19
0,256,48,48,cpu,1,2.397625,2.365292,2.437917,25
0,1,256,128,jacobi,1,5.679875,5.651375,5.683750,25
0,1,256,128,block,1,5.618083,5.425917,5.741041,25
0,1,256,128,qr,1,4.779250,4.767083,4.787666,25
0,1,256,128,qrblock,1,5.731791,5.594208,5.837458,25
0,1,256,128,cpu,1,1.366083,1.354375,1.373791,25
0,1,256,128,bidiag,1,4.751833,4.714459,4.785791,25
0,1,256,128,cpu_vals,1,0.792458,0.778083,0.798125,25
0,1,256,128,bidiag_vals,1,3.860666,3.830042,3.907667,25
0,16,64,64,jacobi,1,1.176708,1.127000,1.207166,25
0,16,64,64,block,1,2.951333,2.908625,2.972583,25
0,16,64,64,cpu,1,0.484375,0.394000,0.557500,25
0,4096,48,48,jacobi,1,83.948458,83.400792,84.375708,5
0,4096,48,48,block,1,99.124083,98.961625,99.326959,5
0,4096,48,48,cpu,1,35.346750,35.024084,35.706500,5
0,4096,256,32,jacobi,1,82.312666,81.277917,82.740125,5
0,4096,256,32,block,1,51.444167,51.422958,52.415667,5
0,4096,256,32,qr,1,78.476625,77.659333,78.604958,5
0,4096,256,32,qrblock,1,72.247042,72.015958,72.874834,5
0,4096,256,32,cpu,1,32.868959,32.351750,33.071292,5
0,4,4,4,jacobi,1,0.251167,0.230459,0.280375,25
0,4,4,4,cpu,1,0.025833,0.023417,0.026916,25
0,4096,64,32,jacobi,1,29.333208,28.945323,29.855437,6
0,4096,64,32,block,1,24.961500,24.862427,25.234823,6
0,4096,64,32,qr,1,36.356334,36.186750,36.824583,5
0,4096,64,32,qrblock,1,30.997709,30.862834,31.198708,5
0,4096,64,32,cpu,1,22.554333,22.210687,22.768854,7
0,4,256,8,jacobi,1,0.496625,0.447166,0.782333,25
0,4,256,8,qr,1,0.424459,0.416083,0.432625,25
0,4,256,8,cpu,1,0.051709,0.050209,0.053083,25
0,64,128,64,jacobi,1,3.531875,3.513208,3.548083,25
0,64,128,64,block,1,3.951708,3.883417,3.994584,25
0,64,128,64,qr,1,4.197625,4.094916,4.278917,25
0,64,128,64,qrblock,1,4.614792,4.516125,4.701042,25
0,64,128,64,cpu,1,1.621708,1.610000,1.634333,25
0,4,64,8,jacobi,1,0.194667,0.183083,0.209875,25
0,4,64,8,qr,1,0.397791,0.382333,0.416500,25
0,4,64,8,cpu,1,0.030500,0.029916,0.031041,25
0,256,64,16,jacobi,1,0.837584,0.748625,1.085125,25
0,256,64,16,qr,1,1.306542,1.288708,1.338750,25
0,256,64,16,cpu,1,0.647541,0.627709,0.679084,25
0,64,384,384,jacobi,1,1292.515084,1291.258896,1294.288959,3
0,64,384,384,block,1,281.639916,281.619833,282.705042,5
0,64,384,384,cpu,1,45.508542,45.222916,45.915500,5
0,64,384,384,bidiag,1,1075.001250,1074.843083,1075.109563,3
0,64,384,384,cpu_vals,1,23.729125,23.429229,23.864480,7
0,64,384,384,bidiag_vals,1,843.768917,843.678813,848.058166,3
0,1,2048,256,jacobi,1,149.105416,149.009167,149.119250,5
0,1,2048,256,block,1,22.732000,22.660542,22.767333,7
0,1,2048,256,qr,1,33.133584,33.095625,33.145125,5
0,1,2048,256,qrblock,1,15.922854,15.805625,16.233156,10
0,1,2048,256,cpu,1,9.107708,9.027500,9.195959,17
0,1,2048,256,bidiag,1,16.050854,15.989323,16.225886,10
0,1,2048,256,cpu_vals,1,4.183167,4.153041,4.201125,25
0,1,2048,256,bidiag_vals,1,13.317063,13.250114,13.656000,12
0,64,128,16,jacobi,1,0.394542,0.390792,0.411417,25
0,64,128,16,qr,1,0.949583,0.940917,0.969333,25
0,64,128,16,cpu,1,0.300583,0.293583,0.310208,25
0,4096,256,8,jacobi,1,4.735667,4.633583,4.989458,25
0,4096,256,8,qr,1,25.367292,25.163145,25.437031,6
0,4096,256,8,cpu,1,4.922458,4.780917,5.006166,25
0,4,256,16,jacobi,1,0.289208,0.285375,0.308417,25
0,4,256,16,qr,1,0.468375,0.459583,0.481250,25
0,4,256,16,cpu,1,0.076542,0.074000,0.080000,25
0,16,192,192,jacobi,1,18.258417,18.257250,18.296750,9
0,16,192,192,block,1,12.938625,12.891063,13.040364,12
0,16,192,192,cpu,1,3.220041,3.173667,3.258625,25
0,16,192,192,bidiag,1,115.010375,114.644666,115.183542,5
0,16,192,192,cpu_vals,1,1.768125,1.557500,2.146125,25
0,16,192,192,bidiag_vals,1,92.200416,92.005625,92.254000,5
0,1,512,128,jacobi,1,10.263250,10.254666,10.279563,15
0,1,512,128,block,1,6.318708,6.263126,6.414573,24
0,1,512,128,qr,1,5.088333,5.057625,5.231542,25
0,1,512,128,qrblock,1,5.561166,5.507958,5.733791,25
0,1,512,128,cpu,1,1.689209,1.672541,1.703084,25
0,1,512,128,bidiag,1,5.078958,5.042750,5.107042,25
0,1,512,128,cpu_vals,1,0.934458,0.926875,0.941250,25
0,1,512,128,bidiag_vals,1,4.197875,4.164750,4.239000,25
0,64,32,32,jacobi,1,0.860083,0.805625,0.892250,25
0,64,32,32,block,1,2.251542,2.220834,2.280125,25
0,64,32,32,cpu,1,0.434625,0.400875,0.601500,25
0,1,128,64,jacobi,1,1.194209,1.144584,1.277541,25
0,1,128,64,block,1,2.621833,2.602625,2.736708,25
0,1,128,64,qr,1,1.274750,1.233250,1.296416,25
0,1,128,64,qrblock,1,2.741208,2.722375,2.782833,25
0,1,128,64,cpu,1,0.277667,0.269500,0.281042,25
0,4,8,8,jacobi,1,0.182958,0.166459,0.211125,25
0,4,8,8,cpu,1,0.024000,0.023250,0.027834,25
0,1,512,16,jacobi,1,0.461000,0.439834,0.536334,25
0,1,512,16,qr,1,0.478250,0.465583,0.490084,25
0,1,512,16,cpu,1,0.080416,0.077292,0.082917,25
0,1024,4,4,jacobi,1,0.335375,0.326917,0.356458,25
0,1024,4,4,cpu,1,0.272375,0.235709,0.620958,25
0,1,128,32,jacobi,1,0.720916,0.620708,0.819375,25
0,1,128,32,block,1,2.080792,1.985042,2.123083,25
0,1,128,32,qr,1,0.559708,0.548959,0.566625,25
0,1,128,32,qrblock,1,2.168208,1.978958,2.264459,25
0,1,128,32,cpu,1,0.090625,0.089083,0.091666,25
0,1024,192,192,jacobi,1,1746.714042,1734.368334,1747.154209,3
0,1024,192,192,block,1,613.982875,613.912125,614.615875,3
0,1024,192,192,cpu,1,139.780833,138.421125,142.066459,5
0,1024,256,16,jacobi,1,4.158375,4.135208,4.198583,25
0,1024,256,16,qr,1,10.059208,9.944730,10.333730,15
0,1024,256,16,cpu,1,3.659792,3.578917,3.722291,25
0,64,512,64,jacobi,1,11.079417,10.652552,11.446615,14
0,64,512,64,block,1,6.804458,6.706271,6.947208,23
0,64,512,64,qr,1,7.348583,7.248875,7.396708,21
0,64,512,64,qrblock,1,7.822708,7.743229,7.936438,20
0,64,512,64,cpu,1,3.565708,3.319875,3.751750,25
0,16,1024,32,jacobi,1,1.209292,1.145291,1.471333,25
0,16,1024,32,block,1,4.317833,4.177375,4.391833,25
0,16,1024,32,qr,1,1.805709,1.750541,1.850625,25
0,16,1024,32,qrblock,1,3.209875,3.173958,3.234209,25
0,16,1024,32,cpu,1,0.619167,0.602417,0.631125,25
0,4,512,32,jacobi,1,0.895708,0.739916,1.412417,25
0,4,512,32,block,1,2.780750,2.750167,2.843541,25
0,4,512,32,qr,1,0.717875,0.710125,0.726667,25
0,4,512,32,qrblock,1,2.129333,2.093375,2.147292,25
0,4,512,32,cpu,1,0.244917,0.242375,0.248334,25
0,1,128,16,jacobi,1,0.356083,0.324291,0.387208,25
0,1,128,16,qr,1,0.419333,0.405292,0.428750,25
0,1,128,16,cpu,1,0.035583,0.034208,0.037208,25
0,256,32,8,jacobi,1,0.494834,0.442916,0.514625,25
0,256,32,8,qr,1,0.768042,0.755416,0.788750,25
0,256,32,8,cpu,1,0.261833,0.257166,0.276292,25
0,4096,96,96,jacobi,1,777.174584,776.992708,781.292584,3
0,4096,96,96,block,1,352.779959,352.596479,352.862146,3
0,4096,96,96,cpu,1,159.042208,158.266542,160.254708,5
0,1024,32,32,jacobi,1,7.533771,7.349906,7.680895,20
0,1024,32,32,block,1,6.967708,6.910219,7.149385,22
0,1024,32,32,cpu,1,4.032291,3.987125,4.460666,25
0,16,512,256,jacobi,1,94.079250,93.919666,94.523500,5
0,16,512,256,block,1,26.778479,26.743084,26.802250,6
0,16,512,256,qr,1,66.612917,66.558958,66.766459,5
0,16,512,256,qrblock,1,27.184167,26.939062,27.350615,6
0,16,512,256,cpu,1,9.011625,8.757125,9.169667,17
0,16,512,256,bidiag,1,192.461959,192.272333,193.379667,5
0,16,512,256,cpu_vals,1,4.729458,4.468625,4.880917,25
0,16,512,256,bidiag_vals,1,157.742625,157.694833,158.446167,5
0,1,256,32,jacobi,1,0.489792,0.473708,0.552750,25
0,1,256,32,block,1,2.160875,2.141792,2.263208,25
0,1,256,32,qr,1,0.575916,0.573000,0.593583,25
0,1,256,32,qrblock,1,1.985625,1.940250,2.150042,25
0,1,256,32,cpu,1,0.117041,0.116167,0.119208,25
0,256,256,16,jacobi,1,1.407833,1.310416,1.525250,25
0,256,256,16,qr,1,2.996125,2.955709,3.054417,25
0,256,256,16,cpu,1,1.422417,0.956458,1.479667,25
0,1024,32,8,jacobi,1,0.551833,0.537125,1.620708,25
0,1024,32,8,qr,1,1.291833,1.276208,1.324125,25
0,1024,32,8,cpu,1,0.640625,0.621416,0.686000,25
0,256,512,64,jacobi,1,38.059708,37.473083,38.084916,5
0,256,512,64,block,1,19.987729,19.917437,20.070041,8
0,256,512,64,qr,1,27.555479,26.493583,28.056157,6
0,256,512,64,qrblock,1,23.575167,23.496729,23.677584,7
0,256,512,64,cpu,1,11.663791,11.470625,11.802208,13
0,1,512,512,jacobi,1,264.115292,264.091292,264.234792,5
0,1,512,512,block,1,32.455166,32.344375,32.467042,5
0,1,512,512,cpu,1,17.107459,16.893333,17.318416,9
0,1,512,512,bidiag,1,25.980417,25.801448,26.115135,6
0,1,512,512,cpu_vals,1,7.917459,7.877605,7.939479,19
0,1,512,512,bidiag_vals,1,19.278709,19.199136,19.316500,8
0,16,384,384,jacobi,1,238.542375,238.530750,238.572167,5
0,16,384,384,block,1,66.543416,66.462125,66.723208,5
0,16,384,384,cpu,1,13.505688,13.399406,13.583135,12
0,16,384,384,bidiag,1,269.717791,267.365167,271.270667,5
0,16,384,384,cpu_vals,1,7.484208,7.411021,7.640875,20
0,16,384,384,bidiag_vals,1,211.764250,211.625125,211.833333,5
0,256,256,8,jacobi,1,0.519834,0.499000,0.534500,25
0,256,256,8,qr,1,2.189083,2.164792,2.243708,25
0,256,256,8,cpu,1,0.479375,0.458667,0.528167,25
0,16,1024,128,jacobi,1,38.231125,38.217750,38.327208,5
0,16,1024,128,block,1,13.120979,13.049062,13.140552,12
0,16,1024,128,qr,1,9.076750,8.985959,9.176709,17
0,16,1024,128,qrblock,1,10.115209,10.030104,10.163104,15
0,16,1024,128,cpu,1,6.059917,5.226167,6.306000,25
0,16,1024,128,bidiag,1,89.135791,88.907791,89.345917,5
0,16,1024,128,cpu_vals,1,2.633625,2.566541,2.795500,25
0,16,1024,128,bidiag_vals,1,74.581875,74.408500,74.682750,5
0,256,256,32,jacobi,1,5.227625,5.149958,5.333208,25
0,256,256,32,block,1,4.797292,4.733959,4.840041,25
0,256,256,32,qr,1,5.990209,5.933542,6.028958,25
0,256,256,32,qrblock,1,6.682208,6.586500,6.770749,23
0,256,256,32,cpu,1,2.759917,2.383250,2.812042,25
0,4096,64,8,jacobi,1,2.023333,2.006375,2.070500,25
0,4096,64,8,qr,1,5.117917,5.066375,5.183875,25
0,4096,64,8,cpu,1,2.884000,2.499375,2.908625,25
0,4,2048,128,jacobi,1,42.444167,42.432000,42.469375,5
0,4,2048,128,block,1,14.393584,14.304771,14.431833,11
0,4,2048,128,qr,1,9.834812,9.810125,9.872542,16
0,4,2048,128,qrblock,1,10.908979,10.712938,11.000031,14
0,4,2048,128,cpu,1,4.104000,4.077042,4.175250,25
0,4,2048,128,bidiag,1,28.473334,28.084208,28.559427,6
0,4,2048,128,cpu_vals,1,2.424291,2.084084,2.485708,25
0,4,2048,128,bidiag_vals,1,24.160458,23.930937,24.304604,7
0,16,512,16,jacobi,1,0.772000,0.680709,0.912875,25
0,16,512,16,qr,1,0.671208,0.652000,0.685084,25
0,16,512,16,cpu,1,0.247292,0.244208,0.254125,25
0,1,64,16,jacobi,1,0.349000,0.280208,0.513708,25
0,1,64,16,qr,1,0.441250,0.434000,0.467834,25
0,1,64,16,cpu,1,0.032291,0.030459,0.037875,25
0,256,192,192,jacobi,1,438.519208,434.679020,442.233042,3
0,256,192,192,block,1,152.693209,152.411750,153.142458,5
0,256,192,192,cpu,1,37.941625,37.769792,38.107958,5
0,256,192,192,bidiag,1,1816.936458,1816.188479,1817.169208,3
0,256,192,192,cpu_vals,1,18.808875,18.599698,18.953917,8
0,256,192,192,bidiag_vals,1,1473.193500,1472.306687,1473.485105,3
0,16,96,96,jacobi,1,2.611125,2.596375,2.630833,25
0,16,96,96,block,1,4.728375,4.671292,4.790166,25
0,16,96,96,cpu,1,0.912583,0.857334,1.229542,25
0,256,512,256,jacobi,1,1979.045375,1974.970937,1980.254709,3
0,256,512,256,block,1,426.117708,424.986063,426.470500,3
0,256,512,256,qr,1,1120.779709,1116.353646,1124.831271,3
0,256,512,256,qrblock,1,363.260334,362.913500,363.438501,3
0,256,512,256,cpu,1,117.737291,117.498833,118.515000,5
0,64,512,32,jacobi,1,2.275791,2.257042,2.286083,25
0,64,512,32,block,1,3.713125,3.645958,3.747250,25
0,64,512,32,qr,1,3.172500,3.153792,3.205417,25
0,64,512,32,qrblock,1,4.229042,4.188125,4.308167,25
0,64,512,32,cpu,1,1.165625,1.100709,1.517000,25
0,256,128,32,jacobi,1,2.823250,2.785792,2.865958,25
0,256,128,32,block,1,3.711583,3.660917,3.782291,25
0,256,128,32,qr,1,3.867667,3.811333,3.910250,25
0,256,128,32,qrblock,1,4.493417,4.439292,4.546959,25
0,256,128,32,cpu,1,1.858917,1.805708,2.287292,25
0,16,64,16,jacobi,1,0.386083,0.355667,0.421667,25
0,16,64,16,qr,1,0.474750,0.468000,0.502666,25
0,16,64,16,cpu,1,0.132875,0.129208,0.143083,25
0,64,32,16,jacobi,1,0.548041,0.515875,0.872625,25
0,64,32,16,qr,1,0.785083,0.769583,0.798666,25
0,64,32,16,cpu,1,0.234625,0.228083,0.240958,25
0,4,384,384,jacobi,1,127.804333,127.695583,127.975709,5
0,4,384,384,block,1,29.157979,29.140448,29.173291,6
0,4,384,384,cpu,1,8.963792,8.892208,9.106833,17
0,4,384,384,bidiag,1,67.463708,67.278375,68.312458,5
0,4,384,384,cpu_vals,1,4.180875,4.163708,4.221250,25
0,4,384,384,bidiag_vals,1,52.888125,52.851959,52.968083,5
0,64,256,16,jacobi,1,0.481375,0.476125,0.506541,25
0,64,256,16,qr,1,1.241167,1.234916,1.256291,25
0,64,256,16,cpu,1,0.342958,0.335583,0.360250,25
0,4096,4,4,jacobi,1,0.427584,0.421417,0.435333,25
0,4096,4,4,cpu,1,0.728958,0.696542,0.741709,25
0,1,1024,1024,jacobi,1,2844.846000,2844.798854,2844.875417,3
0,1,1024,1024,block,1,116.853208,116.733583,116.871583,5
0,1,1024,1024,cpu,1,78.327583,78.056750,78.357375,5
0,1,1024,1024,bidiag,1,76.867625,76.789125,77.191166,5
0,1,1024,1024,cpu_vals,1,35.674084,35.670917,35.804042,5
0,1,1024,1024,bidiag_vals,1,48.173708,47.945541,48.383208,5
0,16,128,32,jacobi,1,0.453708,0.439042,0.543959,25
0,16,128,32,block,1,2.079375,2.066416,2.093292,25
0,16,128,32,qr,1,0.965791,0.948625,0.977833,25
0,16,128,32,qrblock,1,2.363333,2.326125,2.397541,25
0,16,128,32,cpu,1,0.266083,0.258834,0.271000,25
0,1,32,8,jacobi,1,0.172875,0.159167,0.193000,25
0,1,32,8,qr,1,0.370458,0.354166,0.389125,25
0,1,32,8,cpu,1,0.010625,0.010583,0.010750,25
0,16,32,16,jacobi,1,0.246125,0.236833,0.268583,25
0,16,32,16,qr,1,0.492042,0.472792,0.508334,25
0,16,32,16,cpu,1,0.131708,0.118291,0.159500,25
0,1,4,4,jacobi,1,0.180375,0.174417,0.190875,25
0,1,4,4,cpu,1,0.003833,0.003792,0.004250,25
0,16,2048,256,jacobi,1,549.130916,548.854333,549.344833,3
0,16,2048,256,block,1,72.046625,71.777500,72.060459,5
0,16,2048,256,qr,1,77.400750,77.378166,77.556875,5
0,16,2048,256,qrblock,1,40.558750,40.148542,40.707583,5
0,16,2048,256,cpu,1,19.825584,19.761011,20.184604,8
0,16,2048,256,bidiag,1,254.197167,253.979833,254.857958,5
0,16,2048,256,cpu_vals,1,10.196084,10.069499,10.456501,15
0,16,2048,256,bidiag_vals,1,214.199083,214.066208,214.332292,5
0,1024,256,256,jacobi,1,4623.767041,4621.959103,4634.301917,3
0,1024,256,256,block,1,1432.720708,1419.903500,1433.152146,3
0,1024,256,256,cpu,1,295.844875,290.661083,296.121750,5
0,1,2048,128,jacobi,1,34.561167,34.560042,34.569708,5
0,1,2048,128,block,1,11.445166,11.371760,11.604354,14
0,1,2048,128,qr,1,6.904542,6.535333,6.979271,23
0,1,2048,128,qrblock,1,8.146333,8.061542,8.279229,19
0,1,2048,128,cpu,1,3.159584,3.151209,3.177792,25
0,1,2048,128,bidiag,1,7.146813,6.855458,7.229510,22
0,1,2048,128,cpu_vals,1,1.665292,1.660375,1.670667,25
0,1,2048,128,bidiag_vals,1,6.145541,5.699416,6.217000,25
0,1024,128,32,jacobi,1,9.777084,9.728542,9.858667,16
0,1024,128,32,block,1,9.827479,9.573427,10.014000,16
0,1024,128,32,qr,1,13.026479,12.839386,13.479584,12
0,1024,128,32,qrblock,1,12.518833,12.201864,12.729437,12
0,1024,128,32,cpu,1,6.848500,6.633812,6.939291,23
0,4096,128,128,jacobi,1,1918.595666,1916.976187,1920.132208,3
0,4096,128,128,block,1,757.895958,756.970771,758.193166,3
0,4096,128,128,cpu,1,305.616667,305.111042,307.859625,3
0,1,3072,3072,cpu,1,1388.226583,1387.511937,1398.929167,3
0,1,3072,3072,bidiag,1,735.961250,734.097645,736.456146,3
0,1,3072,3072,cpu_vals,1,779.458583,779.329625,779.953729,3
0,1,3072,3072,bidiag_vals,1,445.975542,445.430834,446.271896,3
0,64,8,8,jacobi,1,0.214833,0.208250,0.237416,25
0,64,8,8,cpu,1,0.239167,0.118791,0.316958,25
0,4,2048,256,jacobi,1,209.611500,209.551250,209.763042,5
0,4,2048,256,block,1,30.616834,30.575042,30.718333,5
0,4,2048,256,qr,1,38.693125,38.669750,38.729250,5
0,4,2048,256,qrblock,1,22.578750,22.518625,22.656396,7
0,4,2048,256,cpu,1,10.684834,10.478104,10.716875,15
0,4,2048,256,bidiag,1,64.627250,64.051500,65.145292,5
0,4,2048,256,cpu_vals,1,5.305666,5.266041,5.323959,25
0,4,2048,256,bidiag_vals,1,54.167792,54.081917,54.338708,5
0,64,1024,256,jacobi,1,978.177625,977.058313,980.020333,3
0,64,1024,256,block,1,170.040250,169.731041,170.195833,5
0,64,1024,256,qr,1,299.700105,299.359677,300.191948,4
0,64,1024,256,qrblock,1,108.180709,108.110708,108.783125,5
0,64,1024,256,cpu,1,43.149334,42.901167,43.202500,5
0,64,1024,256,bidiag,1,853.920333,852.488750,854.110375,3
0,64,1024,256,cpu_vals,1,19.493771,19.325042,19.592302,8
0,64,1024,256,bidiag_vals,1,711.114542,710.946438,712.574480,3
0,64,512,16,jacobi,1,0.674125,0.659916,0.693458,25
0,64,512,16,qr,1,2.331375,2.286667,2.354083,25
0,64,512,16,cpu,1,0.520875,0.503625,0.525000,25
0,64,256,32,jacobi,1,1.338291,1.295708,1.351833,25
0,64,256,32,block,1,2.620083,2.591792,2.666167,25
0,64,256,32,qr,1,2.057416,1.997167,2.127542,25
0,64,256,32,qrblock,1,3.240167,3.167583,3.274209,25
0,64,256,32,cpu,1,0.724375,0.718875,0.751625,25
0,4,512,128,jacobi,1,10.483125,10.459167,10.512396,15
0,4,512,128,block,1,6.911312,6.761500,6.997469,22
0,4,512,128,qr,1,6.417625,6.398636,6.465782,24
0,4,512,128,qrblock,1,7.487958,7.357791,7.551208,21
0,4,512,128,cpu,1,2.143167,1.952333,2.341375,25
0,4,512,128,bidiag,1,20.143605,20.123104,20.200136,8
0,4,512,128,cpu_vals,1,1.285417,1.276208,1.294459,25
0,4,512,128,bidiag_vals,1,16.660958,16.638167,16.718250,9
0,256,128,64,jacobi,1,13.804583,13.416084,14.810750,11
0,256,128,64,block,1,9.465021,9.426146,9.539959,16
0,256,128,64,qr,1,16.233625,15.515125,16.484645,10
0,256,128,64,qrblock,1,11.448666,11.365739,11.516125,14
0,256,128,64,cpu,1,5.968000,5.738209,6.047708,25
0,1024,256,8,jacobi,1,1.503833,1.466125,2.125500,25
0,1024,256,8,qr,1,6.919417,6.846895,7.041385,22
0,1024,256,8,cpu,1,1.808042,1.470834,1.874500,25
0,16,256,256,jacobi,1,66.327500,66.284042,66.408042,5
0,16,256,256,block,1,25.130938,25.072781,25.172656,6
0,16,256,256,cpu,1,6.314833,6.154239,6.552062,24
0,16,256,256,bidiag,1,165.106417,164.881083,165.322625,5
0,16,256,256,cpu_vals,1,3.348417,3.193125,3.441459,25
0,16,256,256,bidiag_vals,1,130.402250,130.320000,130.436083,5
0,16,128,16,jacobi,1,0.280125,0.272334,0.284084,25
0,16,128,16,qr,1,0.513875,0.499333,0.538125,25
0,16,128,16,cpu,1,0.172166,0.166167,0.178459,25
0,1024,128,16,jacobi,1,2.750416,2.730083,2.783917,25
0,1024,128,16,qr,1,4.934667,4.897917,5.023458,25
0,1024,128,16,cpu,1,2.805125,2.413416,2.882125,25
0,1,96,96,jacobi,1,2.379791,2.374458,2.385667,25
0,1,96,96,block,1,3.957583,3.905250,4.040750,25
0,1,96,96,cpu,1,0.571000,0.557833,0.578875,25
0,1,512,256,jacobi,1,48.241542,48.228834,48.270750,5
0,1,512,256,block,1,12.307416,12.181750,12.431917,13
0,1,512,256,qr,1,32.049459,32.041000,32.056292,5
0,1,512,256,qrblock,1,12.333584,12.192500,12.413750,13
0,1,512,256,cpu,1,5.390459,5.291292,5.513042,25
0,1,512,256,bidiag,1,12.170042,12.026958,12.326417,13
0,1,512,256,cpu_vals,1,2.414542,2.404583,2.423458,25
0,1,512,256,bidiag_vals,1,10.070021,9.677105,10.115594,16
0,1024,128,8,jacobi,1,1.000750,0.957417,1.031083,25
0,1024,128,8,qr,1,2.936833,2.866792,2.982625,25
0,1024,128,8,cpu,1,1.384541,0.938875,1.494167,25
0,1024,2048,128,qr,1,946.975417,925.543958,950.914938,3
0,1024,2048,128,qrblock,1,648.875584,643.181875,670.711251,3
0,1024,2048,128,cpu,1,418.261917,415.907813,419.021584,3
0,64,256,64,jacobi,1,5.080500,5.054500,5.105625,25
0,64,256,64,block,1,4.741375,4.647708,4.790417,25
0,64,256,64,qr,1,4.972042,4.942250,5.045833,25
0,64,256,64,qrblock,1,5.426333,5.357333,5.482875,25
0,64,256,64,cpu,1,2.133917,2.109625,2.487459,25
0,4,768,768,jacobi,1,1283.541916,1281.086562,1283.558979,3
0,4,768,768,block,1,118.466167,118.171458,118.525375,5
0,4,768,768,cpu,1,40.422375,40.248208,40.590834,5
0,4,768,768,bidiag,1,178.552041,177.743084,178.604458,5
0,4,768,768,cpu_vals,1,18.439791,18.411584,18.716750,9
0,4,768,768,bidiag_vals,1,127.464500,127.447875,127.598791,5
0,64,256,8,jacobi,1,0.288458,0.279125,0.309583,25
0,64,256,8,qr,1,1.049583,1.028334,1.113041,25
0,64,256,8,cpu,1,0.229125,0.220875,0.233709,25
0,4,128,128,jacobi,1,4.950875,4.938125,4.957959,25
0,4,128,128,block,1,6.168875,6.066625,6.251000,25
0,4,128,128,cpu,1,1.354750,1.329125,1.369917,25
0,4,128,128,bidiag,1,17.473584,17.428417,17.535417,9
0,4,128,128,cpu_vals,1,0.927500,0.915083,0.933875,25
0,4,128,128,bidiag_vals,1,14.033792,13.991729,14.093521,11
0,256,256,256,jacobi,1,1153.676417,1147.258188,1153.936729,3
0,256,256,256,block,1,354.141291,354.053708,355.023875,3
0,256,256,256,cpu,1,79.548208,78.963708,80.559542,5
0,64,512,512,jacobi,1,4286.386958,4282.861812,4290.357958,3
0,64,512,512,block,1,645.969958,645.342625,646.107792,3
0,64,512,512,cpu,1,103.524083,102.375792,103.738875,5
0,64,512,512,bidiag,1,1643.981917,1643.885271,1645.216000,3
0,64,512,512,cpu_vals,1,51.442167,51.100750,52.271125,5
0,64,512,512,bidiag_vals,1,1213.990333,1212.107104,1214.113583,3
0,4096,1024,128,qrblock,1,1860.812208,1817.113875,1898.250334,3
0,4096,1024,128,cpu,1,952.782208,949.203020,954.874854,3
0,4096,16,16,jacobi,1,5.824917,5.764083,5.859417,25
0,4096,16,16,cpu,1,4.426084,4.407125,4.541250,25
0,256,16,8,jacobi,1,0.290500,0.281125,0.299625,25
0,256,16,8,qr,1,0.730750,0.715875,0.758625,25
0,256,16,8,cpu,1,0.240959,0.235667,0.260875,25
0,1,1024,256,jacobi,1,86.338167,86.331208,86.339542,5
0,1,1024,256,block,1,15.990291,15.730000,16.151500,10
0,1,1024,256,qr,1,31.489459,31.011125,31.510459,5
0,1,1024,256,qrblock,1,13.632125,13.547229,14.161833,11
0,1,1024,256,cpu,1,6.539000,6.414834,6.652000,23
0,1,1024,256,bidiag,1,13.424021,13.252417,13.712084,12
0,1,1024,256,cpu_vals,1,3.015375,3.002416,3.028500,25
0,1,1024,256,bidiag_vals,1,11.218312,11.015469,11.349761,14
0,4,512,16,jacobi,1,0.367917,0.360208,0.378375,25
0,4,512,16,qr,1,0.512167,0.499917,0.533292,25
0,4,512,16,cpu,1,0.109167,0.107125,0.112250,25
0,4096,128,32,jacobi,1,37.364667,36.273125,37.680458,5
0,4096,128,32,block,1,33.779917,33.726542,33.803084,5
0,4096,128,32,qr,1,46.922375,46.074333,46.971708,5
0,4096,128,32,qrblock,1,41.709125,41.119583,41.795625,5
0,4096,128,32,cpu,1,26.194021,25.897458,26.496083,6
0,1,2048,64,jacobi,1,8.569999,8.558229,8.580822,18
0,1,2048,64,block,1,7.682583,7.602989,7.809677,20
0,1,2048,64,qr,1,1.916291,1.890750,1.940750,25
0,1,2048,64,qrblock,1,3.173291,3.109167,3.193458,25
0,1,2048,64,cpu,1,0.915292,0.901709,0.923625,25
0,16,48,48,jacobi,1,0.839042,0.814250,0.876875,25
0,16,48,48,block,1,2.866667,2.858000,2.910583,25
0,16,48,48,cpu,1,0.310792,0.296041,0.329541,25
0,256,64,32,jacobi,1,2.438500,2.425542,2.464042,25
0,256,64,32,block,1,3.081833,3.005291,3.117584,25
0,256,64,32,qr,1,3.152083,3.110500,3.189709,25
0,256,64,32,qrblock,1,3.752000,3.674917,3.826208,25
0,256,64,32,cpu,1,1.842666,1.764167,2.182292,25
0,64,1024,32,jacobi,1,8.143667,8.100646,8.184396,19
0,64,1024,32,block,1,5.831417,5.768000,5.867750,25
0,64,1024,32,qr,1,4.628334,4.598500,4.686291,25
0,64,1024,32,qrblock,1,5.743125,5.715333,5.858834,25
0,64,1024,32,cpu,1,2.078125,1.856375,2.143916,25
0,16,2048,128,jacobi,1,88.656959,88.621083,88.772708,5
0,16,2048,128,block,1,21.358041,21.250167,21.512812,7
0,16,2048,128,qr,1,14.112750,13.940834,14.341958,11
0,16,2048,128,qrblock,1,15.670708,15.470605,15.938532,10
0,16,2048,128,cpu,1,8.556125,8.352667,9.085167,17
0,16,2048,128,bidiag,1,111.318833,111.214125,111.530000,5
0,16,2048,128,cpu_vals,1,4.431583,3.947292,4.997500,25
0,16,2048,128,bidiag_vals,1,95.947583,95.594875,96.290625,5
0,4,2048,64,jacobi,1,8.695271,8.682979,8.719792,18
0,4,2048,64,block,1,8.251375,8.163355,8.342500,19
0,4,2048,64,qr,1,3.467292,3.169583,3.529042,25
0,4,2048,64,qrblock,1,5.112125,4.624750,5.193375,25
0,4,2048,64,cpu,1,1.977166,1.958833,1.989916,25
0,1,128,128,jacobi,1,4.919500,4.900583,4.926541,25
0,1,128,128,block,1,6.091083,6.002250,6.160959,25
0,1,128,128,cpu,1,1.035625,1.029375,1.043292,25
0,1,128,128,bidiag,1,4.372625,4.342166,4.436166,25
0,1,128,128,cpu_vals,1,0.633250,0.627417,0.635750,25
0,1,128,128,bidiag_vals,1,3.506375,3.477375,3.546541,25
0,4,1024,32,jacobi,1,0.990791,0.967292,1.487041,25
0,4,1024,32,block,1,4.052500,3.975292,4.163708,25
0,4,1024,32,qr,1,0.874917,0.866083,0.887709,25
0,4,1024,32,qrblock,1,2.269375,2.234459,2.325500,25
0,4,1024,32,cpu,1,0.396375,0.383292,0.400083,25
0,4096,512,32,jacobi,1,182.196875,181.514167,183.549250,5
0,4096,512,32,block,1,89.466084,88.618666,90.541458,5
0,4096,512,32,qr,1,138.389917,138.278916,138.654209,5
0,4096,512,32,qrblock,1,134.204666,133.818250,135.283167,5
0,4096,512,32,cpu,1,49.360958,49.300125,50.048959,5
0,1024,512,256,qrblock,1,1586.886250,1583.622792,1588.803479,3
0,1024,512,256,cpu,1,446.607333,443.466729,450.427937,3
0,4,48,48,jacobi,1,0.829417,0.781917,0.865708,25
0,4,48,48,block,1,2.535458,2.481750,2.601541,25
0,4,48,48,cpu,1,0.163291,0.157583,0.170542,25
0,1024,32,16,jacobi,1,1.763958,1.745958,1.993417,25
0,1024,32,16,qr,1,2.693333,2.673125,2.731583,25
0,1024,32,16,cpu,1,1.830708,1.805250,1.880584,25
0,1024,64,32,jacobi,1,8.050333,7.999208,8.178251,19
0,1024,64,32,block,1,7.284667,7.163958,7.393875,21
0,1024,64,32,qr,1,10.336334,10.277230,10.485250,15
0,1024,64,32,qrblock,1,9.357688,9.337396,9.420959,16
0,1024,64,32,cpu,1,5.918750,5.579916,6.010500,25
0,1,256,64,jacobi,1,1.444666,1.440667,1.475834,25
0,1,256,64,block,1,3.131625,3.078875,3.198750,25
0,1,256,64,qr,1,1.335250,1.300750,1.361375,25
0,1,256,64,qrblock,1,2.767125,2.714375,2.817417,25
0,1,256,64,cpu,1,0.300458,0.298333,0.306583,25
0,4,32,8,jacobi,1,0.179959,0.164292,0.189458,25
0,4,32,8,qr,1,0.382709,0.376083,0.391208,25
0,4,32,8,cpu,1,0.027333,0.024417,0.029750,25
0,256,96,96,jacobi,1,49.136417,48.759833,49.204667,5
0,256,96,96,block,1,22.333250,22.023625,22.716229,7
0,256,96,96,cpu,1,11.071188,10.974042,11.174406,14
0,4096,256,64,jacobi,1,376.046375,370.475979,376.501229,3
0,4096,256,64,block,1,182.081208,180.026833,182.755708,5
0,4096,256,64,qr,1,294.104500,290.318729,301.475583,3
0,4096,256,64,qrblock,1,206.403584,203.049666,207.250500,5
0,4096,256,64,cpu,1,101.110250,100.606333,103.034375,5
0,256,2048,256,qr,1,1289.664542,1289.232708,1305.647500,3
0,256,2048,256,qrblock,1,605.504250,599.206500,620.237042,3
0,256,2048,256,cpu,1,274.760542,274.723250,275.131583,5
0,64,16,8,jacobi,1,0.398208,0.369500,0.826083,25
0,64,16,8,qr,1,0.656584,0.646875,0.676167,25
0,64,16,8,cpu,1,0.152875,0.142125,0.165292,25
0,1024,8,8,jacobi,1,0.621750,0.600125,0.654708,25
0,1024,8,8,cpu,1,0.504875,0.465709,0.558125,25
0,4,1024,1024,jacobi,1,4200.566250,4197.975062,4203.179688,3
0,4,1024,1024,block,1,306.582708,306.216688,307.427542,3
0,4,1024,1024,cpu,1,95.506041,93.994375,95.611250,5
0,4,1024,1024,bidiag,1,308.088583,307.271479,308.106062,3
0,4,1024,1024,cpu_vals,1,41.638417,41.585791,41.955167,5
0,4,1024,1024,bidiag_vals,1,193.240667,192.622417,193.405250,5
0,1,768,768,jacobi,1,1040.289542,1039.817583,1040.416500,3
0,1,768,768,block,1,65.712000,65.557084,65.767917,5
0,1,768,768,cpu,1,34.107333,34.030417,34.306084,5
0,1,768,768,bidiag,1,46.677458,46.605541,46.776083,5
0,1,768,768,cpu_vals,1,16.221958,16.191520,16.267542,10
0,1,768,768,bidiag_vals,1,31.998083,31.548417,32.151875,5
0,4,192,192,jacobi,1,15.393563,15.379802,15.404281,10
0,4,192,192,block,1,9.782542,9.713291,9.886125,16
0,4,192,192,cpu,1,2.021334,2.011916,2.031333,25
0,4,192,192,bidiag,1,28.536062,28.479386,28.604958,6
0,4,192,192,cpu_vals,1,1.127791,1.120667,1.139208,25
0,4,192,192,bidiag_vals,1,22.963458,22.929271,23.009583,7
0,64,256,128,jacobi,1,33.318875,31.649500,33.952833,5
0,64,256,128,block,1,14.934416,14.895354,15.019333,11
0,64,256,128,qr,1,34.727333,34.578584,35.072959,5
0,64,256,128,qrblock,1,16.245583,16.085375,16.479760,10
0,64,256,128,cpu,1,8.976709,8.702833,9.108792,17
0,64,256,128,bidiag,1,300.770208,300.583167,300.949979,3
0,64,256,128,cpu_vals,1,5.196042,4.791167,5.268333,25
0,64,256,128,bidiag_vals,1,245.711208,245.438459,245.734416,5
0,1024,16,8,jacobi,1,0.521042,0.509083,0.609542,25
0,1024,16,8,qr,1,1.187208,1.170375,1.217375,25
0,1024,16,8,cpu,1,0.619542,0.589042,0.637583,25
0,4,128,64,jacobi,1,1.267416,1.245709,1.325292,25
0,4,128,64,block,1,2.609125,2.592667,2.679083,25
0,4,128,64,qr,1,1.403500,1.373625,1.427000,25
0,4,128,64,qrblock,1,2.851833,2.819916,2.902166,25
0,4,128,64,cpu,1,0.350875,0.346875,0.358708,25
0,64,48,48,jacobi,1,1.874000,1.862375,2.052125,25
0,64,48,48,block,1,3.580958,3.524417,3.667000,25
0,64,48,48,cpu,1,0.701208,0.690500,0.712459,25
0,256,384,384,jacobi,1,5190.201083,5189.621187,5202.259834,3
0,256,384,384,block,1,1167.757875,1165.295167,1168.627229,3
0,256,384,384,cpu,1,174.321792,173.655125,176.893500,5
0,4,128,32,jacobi,1,0.491333,0.406375,1.332333,25
0,4,128,32,block,1,2.053500,1.991542,2.104042,25
0,4,128,32,qr,1,0.578334,0.563792,0.589875,25
0,4,128,32,qrblock,1,1.971208,1.938167,2.014042,25
0,4,128,32,cpu,1,0.123583,0.121792,0.126791,25
0,64,192,192,jacobi,1,111.782583,111.433000,111.939458,5
0,64,192,192,block,1,38.121625,37.826292,38.181459,5
0,64,192,192,cpu,1,10.367125,10.285729,10.603562,15
0,64,192,192,bidiag,1,455.225458,455.129583,455.313063,3
0,64,192,192,cpu_vals,1,5.408584,5.109959,5.561209,25
0,64,192,192,bidiag_vals,1,368.104291,368.067166,368.410124,3
0,16,2048,64,jacobi,1,19.670125,19.647052,19.703188,8
0,16,2048,64,block,1,10.328750,10.257645,10.408250,15
0,16,2048,64,qr,1,5.602250,5.528125,5.649208,25
0,16,2048,64,qrblock,1,7.237375,7.196916,7.300917,21
0,16,2048,64,cpu,1,3.184958,2.879166,3.755125,25
0,1,256,8,jacobi,1,0.214208,0.200083,0.223000,25
0,1,256,8,qr,1,0.414917,0.397125,0.441167,25
0,1,256,8,cpu,1,0.018375,0.018292,0.018542,25
0,4,32,32,jacobi,1,0.412750,0.402041,0.437959,25
0,4,32,32,block,1,1.953625,1.922583,1.982125,25
0,4,32,32,cpu,1,0.095333,0.092083,0.098000,25
0,4,16,16,jacobi,1,0.283584,0.266042,0.289500,25
0,4,16,16,cpu,1,0.043833,0.041792,0.048125,25
0,64,64,16,jacobi,1,0.939375,0.892958,0.994708,25
0,64,64,16,qr,1,0.850834,0.836625,0.865000,25
0,64,64,16,cpu,1,0.266291,0.260209,0.274625,25
0,1024,64,16,jacobi,1,2.117709,2.101083,2.162208,25
0,1024,64,16,qr,1,3.297083,3.251541,3.374791,25
0,1024,64,16,cpu,1,2.499541,2.032042,2.540041,25
0,1024,1024,64,jacobi,1,628.946375,627.160604,629.107958,3
0,1024,1024,64,block,1,125.908250,123.682583,126.618042,5
0,1024,1024,64,qr,1,154.373875,154.105791,156.598583,5
0,1024,1024,64,qrblock,1,135.337166,134.579625,136.573250,5
0,1024,1024,64,cpu,1,70.220417,69.743000,70.856291,5
0,1,1024,128,jacobi,1,18.437375,18.418292,18.448917,9
0,1,1024,128,block,1,8.741667,8.666219,8.804239,18
0,1,1024,128,qr,1,5.569542,5.554542,5.580833,25
0,1,1024,128,qrblock,1,6.399521,6.280990,6.453521,24
0,1,1024,128,cpu,1,2.166625,2.155417,2.178208,25
0,1,1024,128,bidiag,1,5.609417,5.580208,5.641709,25
0,1,1024,128,cpu_vals,1,1.169333,1.163334,1.176416,25
0,1,1024,128,bidiag_vals,1,4.697167,4.654833,4.750292,25
0,4096,1024,32,jacobi,1,571.341958,570.710938,571.513792,3
0,4096,1024,32,block,1,163.206375,161.742417,163.381541,5
0,4096,1024,32,qr,1,236.858417,234.665542,241.820541,5
0,4096,1024,32,qrblock,1,225.173041,222.314958,228.427334,5
0,4096,1024,32,cpu,1,84.769708,84.463834,86.627292,5
0,1024,64,64,jacobi,1,53.904500,53.754334,54.285167,5
0,1024,64,64,block,1,29.875834,29.820500,29.937792,5
0,1024,64,64,cpu,1,14.907375,14.623416,14.963417,11
0,16,256,32,jacobi,1,0.578834,0.562500,1.016291,25
0,16,256,32,block,1,2.345500,2.294167,2.362167,25
0,16,256,32,qr,1,1.248542,1.227875,1.289959,25
0,16,256,32,qrblock,1,2.677375,2.618333,2.718625,25
0,16,256,32,cpu,1,0.325834,0.317833,0.342250,25
0,256,2048,64,jacobi,1,329.500625,328.869500,329.542709,3
0,256,2048,64,block,1,59.655250,59.465125,60.079333,5
0,256,2048,64,qr,1,67.504750,67.231875,68.083959,5
0,256,2048,64,qrblock,1,64.705750,64.314625,64.926834,5
0,256,2048,64,cpu,1,35.626375,35.550834,35.719375,5
0,4096,512,64,jacobi,1,613.310375,608.504187,621.703979,3
0,4096,512,64,block,1,292.307291,291.454417,292.790083,5
0,4096,512,64,qr,1,430.716208,428.648208,439.705312,3
0,4096,512,64,qrblock,1,333.332083,331.588396,335.200021,3
0,4096,512,64,cpu,1,156.441292,156.390083,160.698084,5
0,4,128,16,jacobi,1,0.600833,0.587917,0.647000,25
0,4,128,16,qr,1,0.444875,0.437542,0.454792,25
0,4,128,16,cpu,1,0.066000,0.064667,0.068833,25
0,16,256,16,jacobi,1,0.426333,0.423125,0.798458,25
0,16,256,16,qr,1,0.552417,0.546584,0.567542,25
0,16,256,16,cpu,1,0.191167,0.186958,0.198125,25
0,4096,128,8,jacobi,1,2.972083,2.920208,3.132375,25
0,4096,128,8,qr,1,9.819083,9.728604,9.991937,16
0,4096,128,8,cpu,1,3.581041,3.265166,3.611417,25
0,16,512,128,jacobi,1,13.950666,13.916125,14.018146,11
0,16,512,128,block,1,8.785625,8.702313,8.845396,18
0,16,512,128,qr,1,7.381250,7.346125,7.403958,21
0,16,512,128,qrblock,1,8.871000,8.735083,9.027125,17
0,16,512,128,cpu,1,3.664541,3.251500,3.698625,25
0,16,512,128,bidiag,1,80.311125,80.108375,80.349791,5
0,16,512,128,cpu_vals,1,2.002042,1.699417,2.132333,25
0,16,512,128,bidiag_vals,1,66.627458,66.604417,66.677708,5
0,1,64,64,jacobi,1,1.090709,1.071875,1.380084,25
0,1,64,64,block,1,2.878500,2.850750,2.916208,25
0,1,64,64,cpu,1,0.201125,0.199625,0.203959,25
0,1024,1024,128,jacobi,1,2921.597292,2921.298896,2929.904916,3
0,1024,1024,128,block,1,547.806750,545.339166,548.017187,3
0,1024,1024,128,qr,1,670.768375,669.118021,678.831500,3
0,1024,1024,128,qrblock,1,410.350584,403.899272,412.756167,3
0,1024,1024,128,cpu,1,243.262375,241.277209,243.999250,5
0,2,1536,1536,cpu,1,202.629333,195.861583,202.900042,5
0,2,1536,1536,bidiag,1,316.699917,316.383876,317.828604,3
0,2,1536,1536,cpu_vals,1,103.096500,101.651083,104.856959,5
0,2,1536,1536,bidiag_vals,1,195.583625,195.138208,195.837417,5
0,4,256,64,jacobi,1,1.473000,1.435208,1.486583,25
0,4,256,64,block,1,3.043917,2.985666,3.128375,25
0,4,256,64,qr,1,1.493666,1.478791,1.513917,25
0,4,256,64,qrblock,1,2.984167,2.930542,3.027166,25
0,4,256,64,cpu,1,0.461209,0.457542,0.465792,25
0,1024,128,64,jacobi,1,60.905917,60.478541,60.974083,5
0,1024,128,64,block,1,33.746542,33.736708,33.760375,5
0,1024,128,64,qr,1,58.785708,58.396250,60.449792,5
0,1024,128,64,qrblock,1,37.692666,37.612958,37.731708,5
0,1024,128,64,cpu,1,21.594542,21.222145,22.067521,7
0,1,512,64,jacobi,1,2.080875,2.073833,2.096541,25
0,1,512,64,block,1,3.865458,3.789250,3.982291,25
0,1,512,64,qr,1,1.399250,1.367833,1.417292,25
0,1,512,64,qrblock,1,2.915292,2.886750,2.977458,25
0,1,512,64,cpu,1,0.430667,0.425583,0.436000,25
0,1,16,16,jacobi,1,0.223209,0.220791,0.227750,25
0,1,16,16,cpu,1,0.019375,0.019042,0.020208,25
0,256,256,64,jacobi,1,24.404833,24.273416,25.403959,7
0,256,256,64,block,1,12.549479,12.379448,12.636374,12
0,256,256,64,qr,1,19.488937,18.910396,20.243771,8
0,256,256,64,qrblock,1,14.878583,14.566021,15.102750,11
0,256,256,64,cpu,1,7.379625,7.207167,7.573459,21
0,16,16,8,jacobi,1,0.205083,0.194833,0.775000,25
0,16,16,8,qr,1,0.422542,0.402958,0.436541,25
0,16,16,8,cpu,1,0.105875,0.068042,0.108333,25
0,1,512,32,jacobi,1,0.648458,0.609916,1.317834,25
0,1,512,32,block,1,2.830584,2.758417,2.888916,25
0,1,512,32,qr,1,0.632791,0.627209,0.646125,25
0,1,512,32,qrblock,1,2.148125,2.050125,2.241042,25
0,1,512,32,cpu,1,0.158959,0.158000,0.161084,25
0,1,16,8,jacobi,1,0.203583,0.198875,0.218958,25
0,1,16,8,qr,1,0.419917,0.405542,0.444875,25
0,1,16,8,cpu,1,0.009916,0.009792,0.009958,25
0,64,64,32,jacobi,1,1.100958,0.909791,1.176125,25
0,64,64,32,block,1,2.221083,2.196083,2.266292,25
0,64,64,32,qr,1,1.430916,1.404833,1.467666,25
0,64,64,32,qrblock,1,2.712417,2.638958,2.753583,25
0,64,64,32,cpu,1,0.490875,0.479708,0.553042,25
0,64,128,8,jacobi,1,0.449416,0.434250,0.535042,25
0,64,128,8,qr,1,0.767250,0.746334,0.782958,25
0,64,128,8,cpu,1,0.199917,0.196375,0.208667,25
0,1024,256,64,jacobi,1,92.085833,91.370208,94.464292,5
0,1024,256,64,block,1,46.093750,46.022584,46.129875,5
0,1024,256,64,qr,1,72.723833,71.659625,73.950333,5
0,1024,256,64,qrblock,1,52.748875,52.418250,55.333208,5
0,1024,256,64,cpu,1,27.246167,27.046604,27.495854,6
0,4096,512,16,jacobi,1,46.421833,45.843625,46.592167,5
0,4096,512,16,qr,1,91.493875,91.308958,92.861542,5
0,4096,512,16,cpu,1,20.436312,20.380313,20.611739,8
0,16,32,8,jacobi,1,0.207667,0.201958,0.218541,25
0,16,32,8,qr,1,0.423833,0.408541,0.455792,25
0,16,32,8,cpu,1,0.076208,0.072625,0.124416,25
0,1,64,8,jacobi,1,0.224667,0.208958,0.232917,25
0,1,64,8,qr,1,0.395167,0.368792,0.430958,25
0,1,64,8,cpu,1,0.013292,0.013166,0.014083,25
0,256,64,64,jacobi,1,13.109000,11.756407,14.248719,12
0,256,64,64,block,1,9.073209,9.015917,9.108250,17
0,256,64,64,cpu,1,3.774625,3.689583,4.225542,25
0,4,16,8,jacobi,1,0.195042,0.187333,0.203000,25
0,4,16,8,qr,1,0.397708,0.390125,0.446208,25
0,4,16,8,cpu,1,0.025208,0.023875,0.027750,25
0,1024,48,48,jacobi,1,22.100500,21.517646,22.200417,7
0,1024,48,48,block,1,26.353459,26.124001,26.501729,6
0,1024,48,48,cpu,1,9.256042,9.134833,9.323833,17
0,4,64,64,jacobi,1,1.085875,1.057708,1.159416,25
0,4,64,64,block,1,2.852875,2.819167,2.866875,25
0,4,64,64,cpu,1,0.233542,0.228917,0.240834,25
0,16,1024,64,jacobi,1,5.327084,5.299583,5.347708,25
0,16,1024,64,block,1,6.281687,6.154823,6.425614,24
0,16,1024,64,qr,1,3.628333,3.569875,3.694541,25
0,16,1024,64,qrblock,1,5.163417,5.096167,5.219875,25
0,16,1024,64,cpu,1,1.777708,1.669458,2.109333,25
0,64,2048,128,jacobi,1,481.760042,481.620104,481.863480,3
0,64,2048,128,block,1,68.557500,68.553333,68.685833,5
0,64,2048,128,qr,1,62.567959,62.548166,62.787792,5
0,64,2048,128,qrblock,1,45.853750,45.587209,46.344209,5
0,64,2048,128,cpu,1,29.901729,29.393052,30.221156,6
0,64,2048,128,bidiag,1,443.251500,442.671417,443.783979,3
0,64,2048,128,cpu_vals,1,12.302584,12.250542,12.431709,13
0,64,2048,128,bidiag_vals,1,380.573834,380.519272,380.606709,3
0,16,512,32,jacobi,1,0.866833,0.786750,0.883708,25
0,16,512,32,block,1,2.877250,2.854750,2.908125,25
0,16,512,32,qr,1,1.456209,1.402959,1.478125,25
0,16,512,32,qrblock,1,2.805083,2.745333,2.850334,25
0,16,512,32,cpu,1,0.413084,0.398958,0.429917,25
0,4,256,128,jacobi,1,5.781250,5.755750,5.792834,25
0,4,256,128,block,1,5.733750,5.693417,5.800583,25
0,4,256,128,qr,1,5.703583,5.672708,5.742417,25
0,4,256,128,qrblock,1,6.456104,6.338041,6.539729,24
0,4,256,128,cpu,1,1.927750,1.904084,1.935167,25
0,4,256,128,bidiag,1,18.932395,18.844188,18.980177,8
0,4,256,128,cpu_vals,1,1.107584,1.077417,1.121458,25
0,4,256,128,bidiag_vals,1,15.385688,15.372094,15.457958,10
0,4,2048,2048,cpu,1,814.877375,813.579542,815.181104,3
0,4,2048,2048,bidiag,1,1241.215666,1239.416958,1243.140916,3
0,4,2048,2048,cpu_vals,1,465.531000,464.081667,479.826063,3
0,4,2048,2048,bidiag_vals,1,688.643750,688.451188,689.269458,3
0,1024,256,128,jacobi,1,529.606292,528.469813,533.752229,3
0,1024,256,128,block,1,223.826917,223.476167,226.094875,5
0,1024,256,128,qr,1,504.999000,502.924500,505.935105,3
0,1024,256,128,qrblock,1,220.264084,218.979208,220.563709,5
0,1024,256,128,cpu,1,121.482208,121.226250,122.175791,5
0,256,1024,64,jacobi,1,157.912250,157.837084,158.851250,5
0,256,1024,64,block,1,33.219458,33.121500,33.380625,5
0,256,1024,64,qr,1,39.995708,39.289334,40.379459,5
0,256,1024,64,qrblock,1,35.497875,35.340708,35.528083,5
0,256,1024,64,cpu,1,19.189563,19.144312,19.409750,8
0,16,512,512,jacobi,1,941.058791,939.621687,943.294833,3
0,16,512,512,block,1,159.423542,159.036583,159.527750,5
0,16,512,512,cpu,1,28.530396,28.197365,28.879896,6
0,16,512,512,bidiag,1,413.004208,412.401625,417.141687,3
0,16,512,512,cpu_vals,1,15.765771,15.541687,16.060042,10
0,16,512,512,bidiag_vals,1,303.284083,303.184812,303.408083,3
0,16,16,16,jacobi,1,0.251500,0.248209,0.253541,25
0,16,16,16,cpu,1,0.096459,0.089125,0.230625,25
0,64,128,32,jacobi,1,1.018792,1.007250,1.074000,25
0,64,128,32,block,1,2.334750,2.102208,2.352417,25
0,64,128,32,qr,1,1.561875,1.532292,1.622750,25
0,64,128,32,qrblock,1,2.672000,2.658500,2.751459,25
0,64,128,32,cpu,1,0.576958,0.550583,0.641167,25
0,4,256,32,jacobi,1,0.494459,0.478833,0.584250,25
0,4,256,32,block,1,2.244917,2.171375,2.309208,25
0,4,256,32,qr,1,0.617166,0.612500,0.626042,25
0,4,256,32,qrblock,1,2.047250,1.998833,2.077084,25
0,4,256,32,cpu,1,0.163791,0.160083,0.166208,25
1,64,1024,256,jacobi,1,987.017584,986.463062,988.875959,3
1,64,1024,256,block,1,169.648417,169.497792,170.340083,5
1,64,1024,256,qr,1,304.586667,304.504042,304.654479,3
1,64,1024,256,qrblock,1,109.901000,109.698708,111.622375,5
1,64,1024,256,cpu,1,43.256375,43.114375,43.556208,5
1,64,1024,256,bidiag,1,853.399917,851.396271,854.097062,3
1,64,1024,256,cpu_vals,1,19.654375,19.347427,20.045500,8
1,64,1024,256,bidiag_vals,1,711.512458,711.349646,712.573645,3
1,64,2048,256,jacobi,1,2478.792916,2478.019333,2479.533021,3
1,64,2048,256,block,1,285.162750,285.008875,285.566000,5
1,64,2048,256,qr,1,340.193334,340.085500,343.861667,3
1,64,2048,256,qrblock,1,149.186750,148.539208,149.481125,5
1,64,2048,256,cpu,1,71.806875,70.730500,71.839542,5
1,64,2048,256,bidiag,1,1017.147542,1016.493000,1017.383917,3
1,64,2048,256,cpu_vals,1,31.585542,31.406708,31.747292,5
1,64,2048,256,bidiag_vals,1,859.174125,858.309875,859.259354,3
1,256,1024,32,jacobi,1,35.423416,35.303542,36.121083,5
1,256,1024,32,block,1,13.024188,12.848230,13.103604,12
1,256,1024,32,qr,1,16.151396,15.906490,16.387771,10
1,256,1024,32,qrblock,1,16.774792,16.583709,17.552792,9
1,256,1024,32,cpu,1,6.211625,6.169625,6.355989,24
1,2,2048,2048,cpu,1,600.669000,578.296208,613.428146,3
1,2,2048,2048,bidiag,1,617.328417,617.024354,620.028542,3
1,2,2048,2048,cpu_vals,1,307.673958,305.925187,308.192104,3
1,2,2048,2048,bidiag_vals,1,343.688708,343.583333,344.174333,3
1,4096,1024,32,jacobi,1,571.684291,571.500499,572.100978,3
1,4096,1024,32,block,1,160.577250,160.524417,160.770458,5
1,4096,1024,32,qr,1,256.724959,236.555209,263.979542,5
1,4096,1024,32,qrblock,1,253.393084,226.137041,259.953875,5
1,4096,1024,32,cpu,1,84.550041,84.390125,84.572542,5
1,16,32,32,jacobi,1,0.391125,0.386000,1.211375,25
1,16,32,32,block,1,2.183041,2.138666,2.208500,25
1,16,32,32,cpu,1,0.193750,0.186792,0.213625,25
1,256,1024,128,jacobi,1,726.064000,724.693604,726.257292,3
1,256,1024,128,block,1,139.180167,139.049708,139.336625,5
1,256,1024,128,qr,1,170.000708,169.277291,170.774042,5
1,256,1024,128,qrblock,1,102.815083,102.398625,102.898166,5
1,256,1024,128,cpu,1,64.779500,64.493458,65.722834,5
1,256,1024,128,bidiag,1,1417.046167,1416.066396,1417.730271,3
1,256,1024,128,cpu_vals,1,28.762709,28.420896,29.021803,6
1,256,1024,128,bidiag_vals,1,1193.042125,1191.254958,1194.298396,3
1,1,512,64,jacobi,1,2.081958,2.078667,2.139417,25
1,1,512,64,block,1,3.935375,3.910416,4.008833,25
1,1,512,64,qr,1,1.403541,1.368958,1.422791,25
1,1,512,64,qrblock,1,2.867750,2.854208,2.911375,25
1,1,512,64,cpu,1,0.427125,0.420375,0.432791,25
1,1024,32,8,jacobi,1,0.549833,0.539084,0.560416,25
1,1024,32,8,qr,1,1.293292,1.271875,1.320792,25
1,1024,32,8,cpu,1,0.623666,0.612750,0.643125,25
1,1,16,8,jacobi,1,0.194416,0.187750,0.218416,25
1,1,16,8,qr,1,0.387833,0.361667,0.400584,25
1,1,16,8,cpu,1,0.010125,0.010042,0.010208,25
1,16,512,512,jacobi,1,926.864042,926.839646,934.025875,3
1,16,512,512,block,1,161.188541,161.037167,161.373000,5
1,16,512,512,cpu,1,28.994396,28.867552,29.080615,6
1,16,512,512,bidiag,1,413.210917,412.506125,414.762626,3
1,16,512,512,cpu_vals,1,15.865458,15.695218,16.156448,10
1,16,512,512,bidiag_vals,1,301.849541,301.779791,302.244666,3
1,1,32,32,jacobi,1,0.326292,0.318584,0.341959,25
1,1,32,32,block,1,2.003167,1.879458,2.040083,25
1,1,32,32,cpu,1,0.061666,0.060959,0.063000,25
1,1,256,8,jacobi,1,0.195750,0.183125,0.208167,25
1,1,256,8,qr,1,0.384042,0.360375,0.421459,25
1,1,256,8,cpu,1,0.017292,0.017250,0.017459,25
1,64,8,8,jacobi,1,0.215042,0.208583,0.229333,25
1,64,8,8,cpu,1,0.124750,0.113417,0.259625,25
1,1024,16,16,jacobi,1,1.771166,1.746167,1.814292,25
1,1024,16,16,cpu,1,1.202625,1.171875,1.221500,25
1,4,256,64,jacobi,1,1.506625,1.476208,1.595083,25
1,4,256,64,block,1,3.018417,2.972416,3.120667,25
1,4,256,64,qr,1,1.486208,1.462625,1.510750,25
1,4,256,64,qrblock,1,2.937208,2.907708,2.983042,25
1,4,256,64,cpu,1,0.464875,0.461708,0.467542,25
1,4,128,64,jacobi,1,1.251792,1.245083,1.439042,25
1,4,128,64,block,1,2.618375,2.599541,2.712208,25
1,4,128,64,qr,1,1.397333,1.379042,1.436375,25
1,4,128,64,qrblock,1,2.790333,2.748709,2.853792,25
1,4,128,64,cpu,1,0.349083,0.344708,0.353000,25
1,4,256,256,jacobi,1,34.886625,34.854458,34.925125,5
1,4,256,256,block,1,14.189458,14.154542,14.279979,11
1,4,256,256,cpu,1,4.190750,4.185042,4.231708,25
1,4,256,256,bidiag,1,41.724709,41.288458,41.931542,5
1,4,256,256,cpu_vals,1,2.034333,2.023500,2.077750,25
1,4,256,256,bidiag_vals,1,32.785958,32.782958,32.895292,5
1,4,384,384,jacobi,1,128.115916,128.045750,128.124792,5
1,4,384,384,block,1,29.152563,29.020750,29.283532,6
1,4,384,384,cpu,1,8.627645,8.575740,8.810855,18
1,4,384,384,bidiag,1,66.932666,66.735750,67.454250,5
1,4,384,384,cpu_vals,1,4.213334,4.193125,4.246625,25
1,4,384,384,bidiag_vals,1,52.911416,52.784875,52.911583,5
1,1024,128,8,jacobi,1,0.986959,0.970375,1.002833,25
1,1024,128,8,qr,1,2.887833,2.842417,2.938916,25
1,1024,128,8,cpu,1,1.215209,0.918708,1.522667,25
1,4096,512,16,jacobi,1,46.242167,45.710458,46.292458,5
1,4096,512,16,qr,1,91.606083,91.575958,91.700709,5
1,4096,512,16,cpu,1,20.652896,20.251198,21.317750,8
1,4,256,32,jacobi,1,0.662166,0.601500,0.768917,25
1,4,256,32,block,1,2.204167,2.161292,2.263542,25
1,4,256,32,qr,1,0.619500,0.612875,0.644292,25
1,4,256,32,qrblock,1,2.021000,1.983083,2.068500,25
1,4,256,32,cpu,1,0.166250,0.160875,0.175833,25
1,1,1024,256,jacobi,1,86.295708,86.283167,86.333958,5
1,1,1024,256,block,1,15.866646,15.824844,15.904063,10
1,1,1024,256,qr,1,31.525084,31.054292,31.542416,5
1,1,1024,256,qrblock,1,13.943166,13.769458,14.113062,11
1,1,1024,256,cpu,1,6.626666,6.535896,6.730834,23
1,1,1024,256,bidiag,1,13.452625,13.246334,13.529073,12
1,1,1024,256,cpu_vals,1,3.011958,2.995959,3.020750,25
1,1,1024,256,bidiag_vals,1,10.956062,10.885010,11.392271,14
1,4,512,16,jacobi,1,0.351167,0.345500,0.355333,25
1,4,512,16,qr,1,0.503084,0.491541,0.515875,25
1,4,512,16,cpu,1,0.111625,0.108083,0.113708,25
1,4,1024,1024,jacobi,1,4244.894333,4243.704875,4246.726104,3
1,4,1024,1024,block,1,311.292750,311.135583,311.437959,3
1,4,1024,1024,cpu,1,93.718459,93.552333,94.231375,5
1,4,1024,1024,bidiag,1,307.818667,307.625021,308.120417,3
1,4,1024,1024,cpu_vals,1,41.686041,40.390958,42.297250,5
1,4,1024,1024,bidiag_vals,1,192.455500,191.691792,192.493584,5
1,4,128,8,jacobi,1,0.213417,0.204625,0.219458,25
1,4,128,8,qr,1,0.418542,0.407167,0.427250,25
1,4,128,8,cpu,1,0.046833,0.045125,0.047791,25
1,1,32,8,jacobi,1,0.167583,0.158708,0.194417,25
1,1,32,8,qr,1,0.370833,0.353959,0.389791,25
1,1,32,8,cpu,1,0.010750,0.010667,0.010917,25
1,4,64,8,jacobi,1,0.183667,0.162375,0.200500,25
1,4,64,8,qr,1,0.381333,0.371459,0.393084,25
1,4,64,8,cpu,1,0.030958,0.030208,0.032291,25
1,64,1024,64,jacobi,1,39.619958,39.548083,39.778625,5
1,64,1024,64,block,1,11.416249,11.094938,11.728541,14
1,64,1024,64,qr,1,10.619291,10.533959,10.901125,15
1,64,1024,64,qrblock,1,11.293584,11.162052,11.384750,14
1,64,1024,64,cpu,1,5.720334,5.466125,6.273458,25
1,16,48,48,jacobi,1,0.859417,0.767500,1.046917,25
1,16,48,48,block,1,2.845750,2.811916,2.901250,25
1,16,48,48,cpu,1,0.292417,0.289833,0.304875,25
1,4,64,64,jacobi,1,1.389417,1.135916,1.513333,25
1,4,64,64,block,1,2.851750,2.828459,2.884625,25
1,4,64,64,cpu,1,0.236042,0.233875,0.243500,25
1,64,512,128,jacobi,1,84.475208,84.208041,85.177334,5
1,64,512,128,block,1,21.050417,20.738573,21.394396,8
1,64,512,128,qr,1,39.657125,39.213834,40.120083,5
1,64,512,128,qrblock,1,21.285604,21.244958,21.470927,8
1,64,512,128,cpu,1,11.603292,11.511667,11.775959,13
1,64,512,128,bidiag,1,320.710083,320.490958,320.794708,3
1,64,512,128,cpu_vals,1,6.160459,5.788209,6.209125,25
1,64,512,128,bidiag_vals,1,266.189292,265.825125,266.244584,5
1,64,32,32,jacobi,1,1.078458,1.039708,1.140917,25
1,64,32,32,block,1,2.282500,2.237500,2.311875,25
1,64,32,32,cpu,1,0.394959,0.380375,0.446042,25
1,16,256,64,jacobi,1,1.627750,1.604667,1.646042,25
1,16,256,64,block,1,3.344958,3.210666,3.394417,25
1,16,256,64,qr,1,2.145458,2.103708,2.193333,25
1,16,256,64,qrblock,1,3.744541,3.666959,3.787292,25
1,16,256,64,cpu,1,0.685750,0.661333,0.856083,25
1,4,256,16,jacobi,1,0.322208,0.317208,0.330042,25
1,4,256,16,qr,1,0.485417,0.473417,0.491209,25
1,4,256,16,cpu,1,0.076375,0.074042,0.078875,25
1,16,64,32,jacobi,1,0.464583,0.441250,0.497625,25
1,16,64,32,block,1,2.087917,2.030333,2.156083,25
1,16,64,32,qr,1,0.883333,0.867959,0.890709,25
1,16,64,32,qrblock,1,2.478166,2.445500,2.506208,25
1,16,64,32,cpu,1,0.227291,0.225875,0.238125,25
1,64,128,32,jacobi,1,1.039167,1.007750,1.419917,25
1,64,128,32,block,1,2.327167,2.211458,2.344875,25
1,64,128,32,qr,1,1.572333,1.536375,1.619791,25
1,64,128,32,qrblock,1,2.671750,2.607417,2.716042,25
1,64,128,32,cpu,1,0.566666,0.540958,0.656000,25
1,256,64,32,jacobi,1,2.439958,2.389791,2.496875,25
1,256,64,32,block,1,3.045041,3.030667,3.109667,25
1,256,64,32,qr,1,3.186666,3.139000,3.202417,25
1,256,64,32,qrblock,1,3.804333,3.756791,3.849125,25
1,256,64,32,cpu,1,1.548708,1.509750,1.573959,25
1,64,512,256,jacobi,1,493.231125,491.186312,494.760084,3
1,64,512,256,block,1,105.134250,105.098334,105.331708,5
1,64,512,256,qr,1,295.102667,293.203417,296.139958,5
1,64,512,256,qrblock,1,92.279916,92.232083,92.596667,5
1,64,512,256,cpu,1,30.753166,30.576709,31.003625,5
1,64,512,256,bidiag,1,776.294583,775.009479,776.868333,3
1,64,512,256,cpu_vals,1,15.042646,14.995323,15.207719,10
1,64,512,256,bidiag_vals,1,630.486708,630.356771,630.917771,3
1,2,1536,1536,cpu,1,203.501250,203.482542,203.598667,5
1,2,1536,1536,bidiag,1,314.509708,314.190167,314.674687,3
1,2,1536,1536,cpu_vals,1,102.698500,102.547209,103.785833,5
1,2,1536,1536,bidiag_vals,1,194.373542,193.951375,195.007834,5
1,4096,256,8,jacobi,1,4.679458,4.629750,4.937500,25
1,4096,256,8,qr,1,25.328416,25.199635,25.481479,6
1,4096,256,8,cpu,1,4.911459,4.843292,5.015292,25
1,64,512,512,jacobi,1,4363.738000,4360.417521,4368.163833,3
1,64,512,512,block,1,647.420667,646.989791,647.958833,3
1,64,512,512,cpu,1,103.004333,102.527084,103.260250,5
1,64,512,512,bidiag,1,1647.259333,1646.181104,1648.106188,3
1,64,512,512,cpu_vals,1,52.807625,52.132166,53.437917,5
1,64,512,512,bidiag_vals,1,1217.869708,1215.336395,1217.883375,3
1,4,32,8,jacobi,1,0.188250,0.173917,0.205084,25
1,4,32,8,qr,1,0.396334,0.389750,0.424500,25
1,4,32,8,cpu,1,0.028125,0.024959,0.030583,25
1,16,2048,128,jacobi,1,88.812125,88.720958,88.965708,5
1,16,2048,128,block,1,21.748959,21.576166,21.904167,7
1,16,2048,128,qr,1,14.021667,13.971708,14.530583,11
1,16,2048,128,qrblock,1,15.766229,15.486188,16.031552,10
1,16,2048,128,cpu,1,8.663229,8.500438,8.776020,18
1,16,2048,128,bidiag,1,110.499458,110.487583,110.943292,5
1,16,2048,128,cpu_vals,1,4.310667,3.973916,4.899000,25
1,16,2048,128,bidiag_vals,1,95.463875,94.368709,95.837000,5
1,1024,128,64,jacobi,1,60.646458,58.878750,61.728000,5
1,1024,128,64,block,1,33.856083,33.833833,34.091250,5
1,1024,128,64,qr,1,58.381125,58.099833,58.982958,5
1,1024,128,64,qrblock,1,38.540291,37.903417,38.556666,5
1,1024,128,64,cpu,1,21.645209,20.943188,21.923251,7
1,4,256,128,jacobi,1,5.785458,5.771750,5.796708,25
1,4,256,128,block,1,5.737791,5.620625,5.826583,25
1,4,256,128,qr,1,5.675333,5.659417,5.741375,25
1,4,256,128,qrblock,1,6.395792,6.268292,6.529167,24
1,4,256,128,cpu,1,1.925625,1.905833,1.936709,25
1,4,256,128,bidiag,1,18.904958,18.872187,18.971479,8
1,4,256,128,cpu_vals,1,1.105208,1.091625,1.111959,25
1,4,256,128,bidiag_vals,1,15.391646,15.319802,15.453489,10
1,1024,8,8,jacobi,1,0.510875,0.504625,0.517750,25
1,1024,8,8,cpu,1,0.456084,0.446000,0.596250,25
1,1,16,16,jacobi,1,0.231250,0.227833,0.243084,25
1,1,16,16,cpu,1,0.019250,0.018708,0.020084,25
1,1024,256,16,jacobi,1,4.146500,4.121625,4.273500,25
1,1024,256,16,qr,1,10.111583,9.900542,10.372958,15
1,1024,256,16,cpu,1,3.662958,3.333250,3.698542,25
1,256,384,384,jacobi,1,5362.558167,5361.792271,5364.054584,3
1,256,384,384,block,1,1167.945000,1166.989645,1169.728312,3
1,256,384,384,cpu,1,178.870959,176.272917,179.464792,5
1,256,256,8,jacobi,1,1.217167,0.504792,1.300000,25
1,256,256,8,qr,1,2.215375,2.201917,2.252875,25
1,256,256,8,cpu,1,0.458292,0.447417,0.471542,25
1,4096,256,128,jacobi,1,2124.988625,2124.671250,2130.530708,3
1,4096,256,128,block,1,870.940334,869.654646,871.129792,3
1,4096,256,128,qr,1,2075.176417,2070.726146,2075.178563,3
1,4096,256,128,qrblock,1,875.541250,872.427312,875.793437,3
1,4096,256,128,cpu,1,473.950542,471.518021,474.345480,3
1,16,128,16,jacobi,1,0.741000,0.670708,0.803625,25
1,16,128,16,qr,1,0.531000,0.511125,0.555500,25
1,16,128,16,cpu,1,0.162875,0.156875,0.181291,25
1,256,256,128,jacobi,1,132.356542,131.533333,132.443083,5
1,256,256,128,block,1,57.638667,57.547125,57.655459,5
1,256,256,128,qr,1,122.368625,122.352000,123.839750,5
1,256,256,128,qrblock,1,56.631125,56.429958,56.747917,5
1,256,256,128,cpu,1,32.732500,32.718250,32.734958,5
1,256,256,128,bidiag,1,1196.344000,1196.261000,1196.869271,3
1,256,256,128,cpu_vals,1,17.728708,17.693625,17.880000,9
1,256,256,128,bidiag_vals,1,979.628416,979.416812,979.681145,3
1,16,2048,64,jacobi,1,19.891917,19.882781,19.987541,8
1,16,2048,64,block,1,10.419833,10.332625,10.448771,15
1,16,2048,64,qr,1,5.572541,5.509208,5.653542,25
1,16,2048,64,qrblock,1,7.181625,7.135334,7.271916,21
1,16,2048,64,cpu,1,3.247375,3.026875,3.435417,25
1,1,2048,64,jacobi,1,8.567854,8.532781,8.575958,18
1,1,2048,64,block,1,7.669729,7.621282,7.784625,20
1,1,2048,64,qr,1,1.915209,1.895084,1.927334,25
1,1,2048,64,qrblock,1,3.200459,3.176041,3.224042,25
1,1,2048,64,cpu,1,0.911958,0.900833,0.920042,25
1,4096,128,32,jacobi,1,36.888125,36.869291,38.066167,5
1,4096,128,32,block,1,33.631125,33.620458,33.748083,5
1,4096,128,32,qr,1,46.516333,46.151625,46.643291,5
1,4096,128,32,qrblock,1,41.688542,41.654667,41.852541,5
1,4096,128,32,cpu,1,26.282166,26.000208,26.910531,6
1,4096,128,16,jacobi,1,9.580021,9.408323,9.636625,16
1,4096,128,16,qr,1,17.069208,16.955167,17.240916,9
1,4096,128,16,cpu,1,9.169083,9.079458,9.265375,17
1,4,256,8,jacobi,1,0.461000,0.441334,0.772917,25
1,4,256,8,qr,1,0.409541,0.397417,0.419000,25
1,4,256,8,cpu,1,0.050958,0.049292,0.052500,25
1,1,1024,128,jacobi,1,18.435459,18.435083,18.453041,9
1,1,1024,128,block,1,8.687667,8.605552,8.766917,18
1,1,1024,128,qr,1,5.572083,5.538834,5.589167,25
1,1,1024,128,qrblock,1,6.371354,6.298552,6.467146,24
1,1,1024,128,cpu,1,2.162250,2.159125,2.185958,25
1,1,1024,128,bidiag,1,5.636083,5.589458,5.687292,25
1,1,1024,128,cpu_vals,1,1.174791,1.169375,1.183916,25
1,1,1024,128,bidiag_vals,1,4.689958,4.662625,4.736333,25
1,4,192,192,jacobi,1,15.396125,15.376021,15.419531,10
1,4,192,192,block,1,9.622000,9.521553,9.751219,16
1,4,192,192,cpu,1,2.106500,2.033666,2.290708,25
1,4,192,192,bidiag,1,28.896479,28.591583,28.942438,6
1,4,192,192,cpu_vals,1,1.132958,1.113417,1.146875,25
1,4,192,192,bidiag_vals,1,23.071417,23.043000,23.368458,7
1,1024,4,4,jacobi,1,0.246917,0.242542,0.254375,25
1,1024,4,4,cpu,1,0.291834,0.264834,0.597666,25
1,64,96,96,jacobi,1,8.600812,8.544281,8.634187,18
1,64,96,96,block,1,8.250541,8.073938,8.338771,19
1,64,96,96,cpu,1,2.988250,2.964542,3.016042,25
1,1,8,8,jacobi,1,0.197334,0.189208,0.216084,25
1,1,8,8,cpu,1,0.009709,0.009458,0.010167,25
1,256,128,32,jacobi,1,2.812042,2.786500,2.872625,25
1,256,128,32,block,1,3.647000,3.628000,3.689875,25
1,256,128,32,qr,1,3.804958,3.762333,3.831750,25
1,256,128,32,qrblock,1,4.458167,4.435417,4.523834,25
1,256,128,32,cpu,1,1.851667,1.794291,2.380458,25
1,16,8,8,jacobi,1,0.304125,0.279292,0.311083,25
1,16,8,8,cpu,1,0.083083,0.082125,0.085208,25
1,4,2048,256,jacobi,1,208.003166,207.988958,208.045792,5
1,4,2048,256,block,1,30.342333,30.317250,30.434875,5
1,4,2048,256,qr,1,38.660625,38.608833,38.706500,5
1,4,2048,256,qrblock,1,22.536750,22.440583,22.610479,7
1,4,2048,256,cpu,1,10.678833,10.633188,10.849334,15
1,4,2048,256,bidiag,1,63.822000,63.655583,64.180708,5
1,4,2048,256,cpu_vals,1,5.376583,5.086042,5.542792,25
1,4,2048,256,bidiag_vals,1,54.440500,54.251083,54.521250,5
1,64,128,8,jacobi,1,0.248209,0.241375,0.256209,25
1,64,128,8,qr,1,0.776666,0.768375,0.806167,25
1,64,128,8,cpu,1,0.195000,0.189833,0.199875,25
1,16,256,8,jacobi,1,0.255291,0.237416,0.909291,25
1,16,256,8,qr,1,0.468792,0.455334,0.477917,25
1,16,256,8,cpu,1,0.124500,0.117708,0.165083,25
1,256,32,8,jacobi,1,0.390791,0.380459,0.409625,25
1,256,32,8,qr,1,0.767834,0.757458,0.812584,25
1,256,32,8,cpu,1,0.261042,0.257000,0.271333,25
1,1024,64,64,jacobi,1,52.279875,51.457834,52.705542,5
1,1024,64,64,block,1,30.254500,30.118833,30.772083,5
1,1024,64,64,cpu,1,15.369417,14.825240,16.225281,10
1,4096,512,64,jacobi,1,624.946792,614.738729,626.074667,3
1,4096,512,64,block,1,289.999375,288.710167,292.399916,5
1,4096,512,64,qr,1,415.260042,413.906188,428.894959,3
1,4096,512,64,qrblock,1,333.397042,330.603896,334.719187,3
1,4096,512,64,cpu,1,158.648000,158.424542,160.666792,5
1,256,2048,64,jacobi,1,329.175708,328.151645,329.534437,3
1,256,2048,64,block,1,60.170958,60.005125,60.201583,5
1,256,2048,64,qr,1,68.778250,68.338708,69.091416,5
1,256,2048,64,qrblock,1,64.657750,64.243208,65.802750,5
1,256,2048,64,cpu,1,35.266833,35.251625,35.691417,5
1,16,512,64,jacobi,1,2.255958,2.241334,2.285000,25
1,16,512,64,block,1,4.182584,4.127667,4.238375,25
1,16,512,64,qr,1,2.686333,2.673792,2.716417,25
1,16,512,64,qrblock,1,4.261000,4.224708,4.308667,25
1,16,512,64,cpu,1,1.030542,1.012542,1.157167,25
1,1,512,128,jacobi,1,10.269750,10.259583,10.284437,15
1,1,512,128,block,1,6.524167,6.441646,6.618563,23
1,1,512,128,qr,1,5.020042,5.006042,5.039875,25
1,1,512,128,qrblock,1,5.844084,5.733625,5.909417,25
1,1,512,128,cpu,1,1.669958,1.662333,1.690375,25
1,1,512,128,bidiag,1,5.037041,5.026667,5.115291,25
1,1,512,128,cpu_vals,1,0.936666,0.931750,0.943000,25
1,1,512,128,bidiag_vals,1,4.177958,4.156000,4.222958,25
1,256,512,64,jacobi,1,38.526041,38.499916,39.021625,5
1,256,512,64,block,1,20.171896,20.089688,20.284604,8
1,256,512,64,qr,1,25.913000,25.881573,26.703521,6
1,256,512,64,qrblock,1,23.347625,23.042333,23.425980,7
1,256,512,64,cpu,1,11.444896,11.345802,11.741417,14
1,64,512,64,jacobi,1,11.054604,10.822167,11.415802,14
1,64,512,64,block,1,6.761291,6.641813,6.896375,23
1,64,512,64,qr,1,7.285041,7.235584,7.325458,21
1,64,512,64,qrblock,1,7.811021,7.765625,7.922031,20
1,64,512,64,cpu,1,3.527958,3.277541,3.707792,25
1,1024,96,96,jacobi,1,199.693084,199.588958,199.744208,5
1,1024,96,96,block,1,88.102625,87.990750,88.138666,5
1,1024,96,96,cpu,1,41.651083,41.519834,41.660708,5
1,4096,1024,64,jacobi,1,2519.221500,2515.567750,2519.398021,3
1,4096,1024,64,block,1,483.056000,482.476479,484.743084,3
1,4096,1024,64,qr,1,610.416292,608.677771,631.123896,3
1,4096,1024,64,qrblock,1,524.216875,520.934729,526.115000,3
1,4096,1024,64,cpu,1,269.955583,268.108458,271.110541,5
1,1024,1024,64,jacobi,1,629.916959,628.499667,630.173667,3
1,1024,1024,64,block,1,125.180458,124.880125,125.385625,5
1,1024,1024,64,qr,1,156.175208,154.240250,156.612667,5
1,1024,1024,64,qrblock,1,134.451375,133.939042,134.452167,5
1,1024,1024,64,cpu,1,69.600917,69.329291,70.738417,5
1,4096,2048,64,qr,1,1183.075333,1169.400250,1192.865771,3
1,4096,2048,64,qrblock,1,1120.480291,1073.298270,1122.132333,3
1,4096,2048,64,cpu,1,522.005000,517.753271,524.346250,3
1,64,2048,128,jacobi,1,455.913750,455.216750,455.917771,3
1,64,2048,128,block,1,68.763708,68.280333,68.820791,5
1,64,2048,128,qr,1,63.730125,63.558291,63.937000,5
1,64,2048,128,qrblock,1,45.604959,45.602625,45.914416,5
1,64,2048,128,cpu,1,29.396958,29.242688,29.535135,6
1,64,2048,128,bidiag,1,443.049458,442.402271,444.035916,3
1,64,2048,128,cpu_vals,1,12.435375,12.189792,12.511125,13
1,64,2048,128,bidiag_vals,1,380.937334,380.768354,403.522647,3
1,4096,128,64,jacobi,1,238.285000,237.247667,240.429083,5
1,4096,128,64,block,1,131.793833,131.648083,131.951125,5
1,4096,128,64,qr,1,245.664250,242.399500,245.912542,5
1,4096,128,64,qrblock,1,151.289833,147.545083,155.427375,5
1,4096,128,64,cpu,1,79.572000,79.257041,80.514333,5
1,16,128,128,jacobi,1,5.077792,5.065042,5.087541,25
1,16,128,128,block,1,7.203709,7.163125,7.279375,21
1,16,128,128,cpu,1,1.699666,1.679917,1.825167,25
1,16,128,128,bidiag,1,69.853625,69.846917,69.913375,5
1,16,128,128,cpu_vals,1,1.130166,1.115791,1.212625,25
1,16,128,128,bidiag_vals,1,56.026042,55.915834,56.119917,5
1,1,1536,1536,cpu,1,178.792250,178.720250,179.330792,5
1,1,1536,1536,bidiag,1,158.352167,158.121209,159.302750,5
1,1,1536,1536,cpu_vals,1,85.451708,85.357666,85.480708,5
1,1,1536,1536,bidiag_vals,1,97.552750,97.357542,97.811250,5
1,256,4,4,jacobi,1,0.208833,0.197291,0.231167,25
1,256,4,4,cpu,1,0.128042,0.117875,0.516166,25
1,4096,16,8,jacobi,1,1.446375,1.435625,1.492750,25
1,4096,16,8,qr,1,2.995167,2.933708,3.029125,25
1,4096,16,8,cpu,1,1.925208,1.883334,1.940500,25
1,256,512,128,jacobi,1,325.541209,324.151229,329.009896,3
1,256,512,128,block,1,84.341708,84.321209,84.539458,5
1,256,512,128,qr,1,141.636500,141.440959,143.722083,5
1,256,512,128,qrblock,1,74.019333,73.957041,74.111750,5
1,256,512,128,cpu,1,42.945708,42.744334,43.191583,5
1,256,512,128,bidiag,1,1284.143958,1283.167896,1284.257854,3
1,256,512,128,cpu_vals,1,21.776666,21.703875,21.921312,7
1,256,512,128,bidiag_vals,1,1062.704458,1062.569291,1063.587520,3
1,4096,64,8,jacobi,1,2.124208,2.013625,2.512042,25
1,4096,64,8,qr,1,5.144667,5.046209,5.226000,25
1,4096,64,8,cpu,1,2.877833,2.548958,2.914542,25
1,16,768,768,jacobi,1,3782.133041,3780.554583,3786.236770,3
1,16,768,768,block,1,540.602000,540.425062,541.981458,3
1,16,768,768,cpu,1,82.208625,81.073125,82.416084,5
1,16,768,768,bidiag,1,777.105292,776.768875,777.283230,3
1,16,768,768,cpu_vals,1,55.115708,54.321000,55.247416,5
1,16,768,768,bidiag_vals,1,511.415916,511.001083,511.508187,3
1,16,1024,64,jacobi,1,5.327084,5.297541,5.356167,25
1,16,1024,64,block,1,6.358979,6.250844,6.433354,24
1,16,1024,64,qr,1,3.559875,3.531792,3.646250,25
1,16,1024,64,qrblock,1,5.082041,5.013208,5.134333,25
1,16,1024,64,cpu,1,2.131208,1.732875,2.198292,25
1,16,16,8,jacobi,1,0.194416,0.189167,0.201000,25
1,16,16,8,qr,1,0.411000,0.393709,0.418209,25
1,16,16,8,cpu,1,0.067916,0.061084,0.104917,25
1,256,64,64,jacobi,1,14.023875,13.434250,14.162583,11
1,256,64,64,block,1,9.111416,9.066250,9.249959,17
1,256,64,64,cpu,1,3.798500,3.670292,4.229458,25
1,16,16,16,jacobi,1,0.253000,0.247750,0.301208,25
1,16,16,16,cpu,1,0.125417,0.107708,0.257750,25
1,1,2048,2048,cpu,1,452.985042,452.560105,453.230063,3
1,1,2048,2048,bidiag,1,307.700000,307.667541,308.250458,3
1,1,2048,2048,cpu_vals,1,204.778667,204.255417,204.796167,5
1,1,2048,2048,bidiag_vals,1,172.165167,171.931167,172.260625,5
1,256,16,8,jacobi,1,0.262000,0.257750,0.276500,25
1,256,16,8,qr,1,0.710750,0.695500,0.737250,25
1,256,16,8,cpu,1,0.231375,0.228709,0.240125,25
1,4,512,128,jacobi,1,10.479459,10.476812,10.494916,15
1,4,512,128,block,1,6.937833,6.873448,7.006583,22
1,4,512,128,qr,1,6.427812,6.378719,6.448625,24
1,4,512,128,qrblock,1,7.501500,7.343000,7.561875,21
1,4,512,128,cpu,1,2.175000,2.115167,2.230458,25
1,4,512,128,bidiag,1,20.398312,20.227583,20.431000,8
1,4,512,128,cpu_vals,1,1.163834,1.112958,1.179625,25
1,4,512,128,bidiag_vals,1,16.820625,16.738000,16.827709,9
1,16,2048,256,jacobi,1,537.665208,537.662834,538.391708,3
1,16,2048,256,block,1,70.993208,70.972541,71.034792,5
1,16,2048,256,qr,1,77.483667,77.356750,77.660333,5
1,16,2048,256,qrblock,1,39.894417,39.860083,39.924250,5
1,16,2048,256,cpu,1,20.023938,19.927084,20.246730,8
1,16,2048,256,bidiag,1,253.804209,253.082333,254.040708,5
1,16,2048,256,cpu_vals,1,10.142125,9.758646,10.286479,15
1,16,2048,256,bidiag_vals,1,215.500750,214.509250,215.511708,5
1,1,128,64,jacobi,1,1.147750,1.139667,1.155750,25
1,1,128,64,block,1,2.705667,2.629958,2.753833,25
1,1,128,64,qr,1,1.263959,1.239042,1.282083,25
1,1,128,64,qrblock,1,2.773500,2.739625,2.812125,25
1,1,128,64,cpu,1,0.276209,0.272917,0.284416,25
1,4,2048,2048,cpu,1,835.341292,828.450542,841.595604,3
1,4,2048,2048,bidiag,1,1233.053083,1232.654187,1233.053104,3
1,4,2048,2048,cpu_vals,1,492.022167,476.442605,492.128605,3
1,4,2048,2048,bidiag_vals,1,688.823125,688.677083,689.259563,3
1,64,256,64,jacobi,1,5.100500,5.061584,5.160583,25
1,64,256,64,block,1,4.788125,4.675084,4.869417,25
1,64,256,64,qr,1,5.001334,4.973625,5.027458,25
1,64,256,64,qrblock,1,5.415542,5.346166,5.465709,25
1,64,256,64,cpu,1,2.092292,2.066583,2.516917,25
1,16,384,384,jacobi,1,238.157333,238.072417,238.174584,5
1,16,384,384,block,1,67.603500,67.254084,67.881375,5
1,16,384,384,cpu,1,13.958500,13.176042,15.273771,11
1,16,384,384,bidiag,1,271.192584,269.061333,272.417875,5
1,16,384,384,cpu_vals,1,8.212375,7.857062,8.851605,19
1,16,384,384,bidiag_vals,1,211.307375,210.542250,211.333667,5
1,4,32,32,jacobi,1,0.363959,0.357375,0.382750,25
1,4,32,32,block,1,1.963125,1.898000,2.003542,25
1,4,32,32,cpu,1,0.094959,0.092125,0.105875,25
1,4,8,8,jacobi,1,0.191959,0.177792,0.203209,25
1,4,8,8,cpu,1,0.022875,0.021417,0.025084,25
1,1024,2048,128,qr,1,952.965541,951.956104,956.583125,3
1,1024,2048,128,qrblock,1,700.851958,691.981666,708.432292,3
1,1024,2048,128,cpu,1,419.165292,417.314709,426.938313,3
1,4096,8,8,jacobi,1,1.424375,1.411375,1.468875,25
1,4096,8,8,cpu,1,1.461584,1.437208,1.498292,25
1,4096,256,16,jacobi,1,15.017875,14.976833,15.337094,10
1,4096,256,16,qr,1,36.190625,35.870875,36.288542,5
1,4096,256,16,cpu,1,12.069667,12.003833,12.125250,13
1,64,1024,32,jacobi,1,8.035458,8.015563,8.064896,19
1,64,1024,32,block,1,5.798084,5.696750,5.848917,25
1,64,1024,32,qr,1,4.614042,4.565250,4.665417,25
1,64,1024,32,qrblock,1,5.698250,5.636000,5.722458,25
1,64,1024,32,cpu,1,2.038083,1.768917,2.068875,25
1,16,256,256,jacobi,1,66.128583,66.098167,66.136625,5
1,16,256,256,block,1,24.669500,24.631729,24.744187,7
1,16,256,256,cpu,1,6.435541,6.190770,6.767313,22
1,16,256,256,bidiag,1,168.834458,165.090250,171.786833,5
1,16,256,256,cpu_vals,1,3.344458,3.294208,3.756625,25
1,16,256,256,bidiag_vals,1,130.110125,130.072542,130.360542,5
1,64,64,16,jacobi,1,0.344167,0.336250,0.349250,25
1,64,64,16,qr,1,0.848958,0.827334,0.865833,25
1,64,64,16,cpu,1,0.263125,0.255584,0.273083,25
1,16,128,32,jacobi,1,0.447833,0.440875,0.545417,25
1,16,128,32,block,1,2.052792,1.965584,2.106833,25
1,16,128,32,qr,1,0.978333,0.954958,0.994750,25
1,16,128,32,qrblock,1,2.345625,2.305375,2.372917,25
1,16,128,32,cpu,1,0.266375,0.257500,0.272833,25
1,1024,64,16,jacobi,1,2.103584,2.094834,2.157709,25
1,1024,64,16,qr,1,3.350792,3.274500,3.377792,25
1,1024,64,16,cpu,1,2.064250,2.013209,2.488916,25
1,4096,128,8,jacobi,1,2.925875,2.884875,2.983166,25
1,4096,128,8,qr,1,9.917938,9.718719,10.197885,16
1,4096,128,8,cpu,1,3.598333,3.535750,3.661583,25
1,16,1024,32,jacobi,1,1.148875,1.099250,1.713708,25
1,16,1024,32,block,1,4.250333,4.193041,4.310792,25
1,16,1024,32,qr,1,1.827416,1.765208,1.856459,25
1,16,1024,32,qrblock,1,3.228125,3.150667,3.241417,25
1,16,1024,32,cpu,1,0.634958,0.610709,0.666125,25
1,1,256,16,jacobi,1,0.802667,0.762042,0.810083,25
1,1,256,16,qr,1,0.451417,0.443792,0.475458,25
1,1,256,16,cpu,1,0.057125,0.055208,0.059791,25
1,16,64,64,jacobi,1,1.196708,1.176083,1.426250,25
1,16,64,64,block,1,2.975250,2.924250,3.005875,25
1,16,64,64,cpu,1,0.400292,0.391208,0.414000,25
1,256,2048,256,qr,1,1324.098875,1313.659437,1344.067583,3
1,256,2048,256,qrblock,1,585.999250,584.840645,604.677333,3
1,256,2048,256,cpu,1,271.220791,270.198291,274.226833,5
1,1024,64,32,jacobi,1,8.115084,8.024458,8.198729,19
1,1024,64,32,block,1,7.306458,7.222000,7.376250,21
1,1024,64,32,qr,1,10.163291,10.069605,10.224479,15
1,1024,64,32,qrblock,1,9.432500,9.342323,9.590656,16
1,1024,64,32,cpu,1,6.048917,5.700750,6.105416,25
1,64,256,128,jacobi,1,34.499541,33.460666,34.502375,5
1,64,256,128,block,1,15.002813,14.900666,15.023136,10
1,64,256,128,qr,1,35.019042,34.821084,35.229041,5
1,64,256,128,qrblock,1,16.243313,16.054157,16.459553,10
1,64,256,128,cpu,1,8.869792,8.750792,8.991042,17
1,64,256,128,bidiag,1,301.168125,300.626437,301.244354,3
1,64,256,128,cpu_vals,1,4.826083,4.793875,5.227458,25
1,64,256,128,bidiag_vals,1,245.467209,245.269291,245.485542,5
1,1,128,16,jacobi,1,0.241083,0.236667,0.252084,25
1,1,128,16,qr,1,0.423667,0.419042,0.431083,25
1,1,128,16,cpu,1,0.035875,0.031208,0.040291,25
1,1,1024,32,jacobi,1,0.956208,0.936834,1.005500,25
1,1,1024,32,block,1,4.126791,4.066750,4.224083,25
1,1,1024,32,qr,1,0.692416,0.686250,0.711875,25
1,1,1024,32,qrblock,1,2.128708,2.048791,2.152875,25
1,1,1024,32,cpu,1,0.224416,0.219500,0.229458,25
1,4,512,32,jacobi,1,0.806500,0.746500,0.852375,25
1,4,512,32,block,1,2.805834,2.750125,2.834833,25
1,4,512,32,qr,1,0.715417,0.712084,0.728584,25
1,4,512,32,qrblock,1,2.107083,2.080667,2.146959,25
1,4,512,32,cpu,1,0.247417,0.245458,0.249541,25
1,16,1024,256,jacobi,1,180.437333,180.280208,180.452333,5
1,16,1024,256,block,1,38.159791,37.964166,38.361791,5
1,16,1024,256,qr,1,68.649292,68.353208,69.214792,5
1,16,1024,256,qrblock,1,30.232500,30.207416,30.767958,5
1,16,1024,256,cpu,1,12.335666,12.313416,12.577958,13
1,16,1024,256,bidiag,1,212.508584,211.201625,212.658333,5
1,16,1024,256,cpu_vals,1,6.377833,6.141355,6.817250,23
1,16,1024,256,bidiag_vals,1,177.822250,177.822041,177.882958,5
1,64,16,16,jacobi,1,0.319042,0.313875,0.327000,25
1,64,16,16,cpu,1,0.195000,0.165000,0.561541,25
1,256,256,256,jacobi,1,1144.656250,1144.589104,1148.354729,3
1,256,256,256,block,1,355.097833,354.917916,355.282416,3
1,256,256,256,cpu,1,79.585416,79.480792,80.063625,5
1,1,256,128,jacobi,1,5.692000,5.674500,5.706875,25
1,1,256,128,block,1,5.643250,5.580834,5.740209,25
1,1,256,128,qr,1,4.794708,4.771583,4.817291,25
1,1,256,128,qrblock,1,5.711125,5.619666,5.764292,25
1,1,256,128,cpu,1,1.349292,1.343750,1.366500,25
1,1,256,128,bidiag,1,4.758625,4.702875,4.805625,25
1,1,256,128,cpu_vals,1,0.797750,0.787916,0.806542,25
1,1,256,128,bidiag_vals,1,3.843333,3.813875,3.897375,25
1,1024,128,128,jacobi,1,485.637375,485.499605,488.347688,3
1,1024,128,128,block,1,192.490625,192.417792,192.752500,5
1,1024,128,128,cpu,1,79.858000,78.722875,80.084500,5
1,4096,64,16,jacobi,1,7.190416,7.069166,7.249500,21
1,4096,64,16,qr,1,11.253125,11.092656,11.435761,14
1,4096,64,16,cpu,1,7.947916,7.818000,8.067145,19
1,64,256,16,jacobi,1,0.511500,0.481459,1.324375,25
1,64,256,16,qr,1,1.221042,1.212542,1.257750,25
1,64,256,16,cpu,1,0.338250,0.333083,0.348917,25
1,256,512,16,jacobi,1,2.715750,2.667750,2.776291,25
1,256,512,16,qr,1,6.499792,6.413083,6.602989,24
1,256,512,16,cpu,1,1.890541,1.518291,1.959792,25
1,1,256,256,jacobi,1,34.026083,34.014458,34.036292,5
1,1,256,256,block,1,13.079396,13.005354,13.148292,12
1,1,256,256,cpu,1,3.963083,3.710875,4.029375,25
1,1,256,256,bidiag,1,10.193333,10.144750,10.511354,15
1,1,256,256,cpu_vals,1,1.761375,1.750792,1.769083,25
1,1,256,256,bidiag_vals,1,8.174875,8.149896,8.217979,19
1,4,128,32,jacobi,1,0.394250,0.389625,0.398917,25
1,4,128,32,block,1,2.073917,1.964042,2.084459,25
1,4,128,32,qr,1,0.573875,0.557875,0.580792,25
1,4,128,32,qrblock,1,1.977750,1.951334,2.003750,25
1,4,128,32,cpu,1,0.123917,0.121291,0.125417,25
1,1,384,384,jacobi,1,113.706167,113.691084,113.774000,5
1,1,384,384,block,1,22.528417,22.419979,22.578105,7
1,1,384,384,cpu,1,7.754521,7.564479,7.983677,20
1,1,384,384,bidiag,1,16.900542,16.870291,16.998542,9
1,1,384,384,cpu_vals,1,3.677125,3.658625,3.684459,25
1,1,384,384,bidiag_vals,1,13.254834,13.241469,13.289896,12
1,1024,512,64,jacobi,1,150.869209,150.378417,150.911292,5
1,1024,512,64,block,1,72.023500,72.000000,72.693167,5
1,1024,512,64,qr,1,108.856083,106.076459,110.290833,5
1,1024,512,64,qrblock,1,85.879750,85.808458,86.385292,5
1,1024,512,64,cpu,1,42.584667,41.887458,43.388958,5
1,64,256,32,jacobi,1,1.341208,1.331208,1.366042,25
1,64,256,32,block,1,2.593083,2.569416,2.619917,25
1,64,256,32,qr,1,2.013667,1.988333,2.084041,25
1,64,256,32,qrblock,1,3.176584,3.126875,3.229166,25
1,64,256,32,cpu,1,0.744458,0.723500,0.764875,25
1,4096,512,32,jacobi,1,183.137542,183.129000,183.516875,5
1,4096,512,32,block,1,91.099542,89.710750,91.809291,5
1,4096,512,32,qr,1,144.853125,143.354625,144.962250,5
1,4096,512,32,qrblock,1,135.056875,134.828042,137.010666,5
1,4096,512,32,cpu,1,50.028958,49.882958,51.874208,5
1,4096,32,8,jacobi,1,1.576542,1.558333,1.597916,25
1,4096,32,8,qr,1,3.510458,3.454875,3.555041,25
1,4096,32,8,cpu,1,2.187291,2.101708,2.583208,25
1,4,128,128,jacobi,1,4.954125,4.944708,4.965833,25
1,4,128,128,block,1,6.137333,6.012625,6.238500,25
1,4,128,128,cpu,1,1.355958,1.339083,1.365667,25
1,4,128,128,bidiag,1,17.528291,17.496208,17.668167,9
1,4,128,128,cpu_vals,1,0.924083,0.910917,0.937250,25
1,4,128,128,bidiag_vals,1,14.021792,13.956687,14.059166,11
1,1024,256,32,jacobi,1,21.091459,20.338562,21.306573,8
1,1024,256,32,block,1,14.777959,14.632084,15.006500,11
1,1024,256,32,qr,1,20.842666,20.742469,21.059781,8
1,1024,256,32,qrblock,1,20.903562,20.729511,21.055385,8
1,1024,256,32,cpu,1,9.413854,9.085093,9.887469,16
1,64,128,16,jacobi,1,0.478583,0.451375,1.013333,25
1,64,128,16,qr,1,0.957000,0.938708,0.976709,25
1,64,128,16,cpu,1,0.314416,0.298625,0.323583,25
1,4,32,16,jacobi,1,0.439000,0.430458,0.447084,25
1,4,32,16,qr,1,0.415708,0.406875,0.425666,25
1,4,32,16,cpu,1,0.043709,0.043292,0.044875,25
1,1024,256,128,jacobi,1,536.837417,536.010771,537.196271,3
1,1024,256,128,block,1,226.786708,226.052125,227.066000,5
1,1024,256,128,qr,1,505.567250,503.067083,506.346250,3
1,1024,256,128,qrblock,1,220.896792,220.538750,223.032708,5
1,1024,256,128,cpu,1,122.071250,121.595167,123.677125,5
1,256,128,8,jacobi,1,0.939375,0.910291,1.037250,25
1,256,128,8,qr,1,1.068959,1.057291,1.096167,25
1,256,128,8,cpu,1,0.358792,0.355209,0.364625,25
1,1024,192,192,jacobi,1,1750.126875,1746.760563,1761.529270,3
1,1024,192,192,block,1,615.249792,614.716938,615.886166,3
1,1024,192,192,cpu,1,141.644500,141.142583,142.821250,5
1,1,1024,1024,jacobi,1,2844.653459,2844.498084,2846.834584,3
1,1,1024,1024,block,1,116.652209,116.436958,116.679458,5
1,1,1024,1024,cpu,1,78.592416,78.392792,79.064083,5
1,1,1024,1024,bidiag,1,76.849792,76.727500,77.632042,5
1,1,1024,1024,cpu_vals,1,35.812083,35.800042,35.826292,5
1,1,1024,1024,bidiag_vals,1,48.142417,48.062583,48.490000,5
1,16,512,16,jacobi,1,0.394417,0.387000,0.403750,25
1,16,512,16,qr,1,0.668917,0.655666,0.686083,25
1,16,512,16,cpu,1,0.249834,0.248083,0.255500,25
1,4,1536,1536,cpu,1,235.080042,229.810250,237.142458,5
1,4,1536,1536,bidiag,1,649.925667,649.625855,650.248229,3
1,4,1536,1536,cpu_vals,1,126.947917,124.971709,129.889416,5
1,4,1536,1536,bidiag_vals,1,389.057250,388.959209,389.458459,3
1,256,128,16,jacobi,1,0.968209,0.934833,1.001708,25
1,256,128,16,qr,1,1.637042,1.590792,1.676500,25
1,256,128,16,cpu,1,0.730875,0.695625,0.751917,25
1,1024,512,16,jacobi,1,11.615417,11.362792,11.712042,13
1,1024,512,16,qr,1,23.993459,23.684770,24.101937,7
1,1024,512,16,cpu,1,5.731834,5.649417,5.868916,25
1,1,96,96,jacobi,1,2.350667,2.335750,2.368208,25
1,1,96,96,block,1,3.969500,3.883708,4.033708,25
1,1,96,96,cpu,1,0.552416,0.547542,0.557250,25
1,4096,512,128,qrblock,1,1190.738584,1174.527625,1193.387980,3
1,4096,512,128,cpu,1,616.478208,615.369563,618.334187,3
1,4,1024,32,jacobi,1,0.996584,0.958375,1.035167,25
1,4,1024,32,block,1,4.081541,3.999875,4.133125,25
1,4,1024,32,qr,1,0.879334,0.864042,0.898250,25
1,4,1024,32,qrblock,1,2.265333,2.230792,2.300334,25
1,4,1024,32,cpu,1,0.391000,0.383417,0.394625,25
1,1024,32,32,jacobi,1,7.374667,7.342708,7.409708,21
1,1024,32,32,block,1,6.925812,6.771333,6.995323,22
1,1024,32,32,cpu,1,4.047084,4.003917,4.538208,25
1,1024,48,48,jacobi,1,22.014542,21.550521,22.489292,7
1,1024,48,48,block,1,25.792479,25.572989,26.294812,6
1,1024,48,48,cpu,1,9.137375,9.064458,9.250083,17
1,64,128,64,jacobi,1,3.545084,3.533958,3.613000,25
1,64,128,64,block,1,3.952000,3.885667,3.997625,25
1,64,128,64,qr,1,4.220125,4.171875,4.287875,25
1,64,128,64,qrblock,1,4.605958,4.565875,4.718541,25
1,64,128,64,cpu,1,1.633292,1.607625,1.661416,25
1,256,1024,256,jacobi,1,3837.687292,3837.019396,3837.834021,3
1,256,1024,256,block,1,658.882500,658.557250,660.305042,3
1,256,1024,256,qr,1,1166.818708,1166.127396,1169.748834,3
1,256,1024,256,qrblock,1,437.311125,436.568688,440.867104,3
1,256,1024,256,cpu,1,162.090250,160.738500,162.260250,5
1,4,512,64,jacobi,1,2.125584,2.087083,2.140666,25
1,4,512,64,block,1,3.864375,3.800375,3.917791,25
1,4,512,64,qr,1,1.709000,1.680167,1.752417,25
1,4,512,64,qrblock,1,3.223875,3.173916,3.258916,25
1,4,512,64,cpu,1,0.704416,0.699792,0.713042,25
1,256,256,64,jacobi,1,24.137708,23.879021,24.622500,7
1,256,256,64,block,1,12.680917,12.441802,13.013770,12
1,256,256,64,qr,1,19.693041,18.391718,19.854396,8
1,256,256,64,qrblock,1,15.187897,14.977885,15.437906,10
1,256,256,64,cpu,1,7.411375,7.254750,7.543584,21
1,64,128,128,jacobi,1,33.810125,33.510209,33.864333,5
1,64,128,128,block,1,14.543917,14.400334,14.586396,11
1,64,128,128,cpu,1,6.094542,6.028000,6.413958,25
1,64,128,128,bidiag,1,277.867375,277.313125,278.405125,5
1,64,128,128,cpu_vals,1,3.944208,3.898000,4.480083,25
1,64,128,128,bidiag_vals,1,223.510500,223.463458,223.540000,5
1,4096,64,32,jacobi,1,29.919959,28.472625,30.296167,5
1,4096,64,32,block,1,25.204708,25.051520,25.406833,6
1,4096,64,32,qr,1,37.100708,36.307583,37.371959,5
1,4096,64,32,qrblock,1,31.384792,31.299125,31.431333,5
1,4096,64,32,cpu,1,22.369500,22.255854,22.964688,7
1,1024,256,256,jacobi,1,4592.059333,4540.153854,4607.513499,3
1,1024,256,256,block,1,1438.117167,1437.834771,1439.941167,3
1,1024,256,256,cpu,1,297.032500,294.523458,298.017209,5
1,16,4,4,jacobi,1,0.273500,0.253000,0.314417,25
1,16,4,4,cpu,1,0.044625,0.040417,0.053042,25
1,16,192,192,jacobi,1,18.242083,18.209292,18.262458,9
1,16,192,192,block,1,12.979521,12.876802,13.008937,12
1,16,192,192,cpu,1,3.189333,3.177750,3.257959,25
1,16,192,192,bidiag,1,114.028083,113.865750,114.127958,5
1,16,192,192,cpu_vals,1,1.641208,1.553916,2.061125,25
1,16,192,192,bidiag_vals,1,92.420834,92.338833,92.525375,5
1,1024,1024,128,jacobi,1,2905.980958,2904.106146,2911.008896,3
1,1024,1024,128,block,1,535.205500,534.088979,535.494125,3
1,1024,1024,128,qr,1,668.081334,667.640417,669.564688,3
1,1024,1024,128,qrblock,1,404.361042,401.495667,422.068625,3
1,1024,1024,128,cpu,1,242.695917,241.690333,243.384084,5
1,4096,96,96,jacobi,1,787.977292,785.087959,788.535417,3
1,4096,96,96,block,1,352.844167,352.738792,353.100438,3
1,4096,96,96,cpu,1,153.825416,153.749167,155.459125,5
1,256,512,32,jacobi,1,11.471729,11.226854,11.733698,14
1,256,512,32,block,1,8.392167,8.210635,8.538864,18
1,256,512,32,qr,1,9.922417,9.867396,10.082999,16
1,256,512,32,qrblock,1,10.521292,10.350479,10.721021,15
1,256,512,32,cpu,1,3.882625,3.809709,3.956875,25
1,256,128,128,jacobi,1,118.877334,118.555500,119.928709,5
1,256,128,128,block,1,48.609375,48.367125,48.850625,5
1,256,128,128,cpu,1,22.140625,22.051583,22.290771,7
1,256,128,128,bidiag,1,1114.913958,1114.725437,1115.520812,3
1,256,128,128,cpu_vals,1,14.254917,14.169708,14.483541,11
1,256,128,128,bidiag_vals,1,894.173333,893.932979,894.685563,3
1,64,256,8,jacobi,1,0.285875,0.281375,0.297459,25
1,64,256,8,qr,1,1.067583,1.040666,1.083708,25
1,64,256,8,cpu,1,0.226500,0.217833,0.233958,25
1,4,96,96,jacobi,1,2.405250,2.400417,2.406833,25
1,4,96,96,block,1,4.044500,3.944208,4.147417,25
1,4,96,96,cpu,1,0.691542,0.682334,0.702667,25
1,4,512,256,jacobi,1,48.408625,48.348791,48.448917,5
1,4,512,256,block,1,14.020291,13.973875,14.074729,11
1,4,512,256,qr,1,34.484958,34.470500,34.551333,5
1,4,512,256,qrblock,1,15.773187,15.707500,15.833583,10
1,4,512,256,cpu,1,5.989583,5.918208,6.050583,25
1,4,512,256,bidiag,1,48.495208,48.173250,48.948417,5
1,4,512,256,cpu_vals,1,2.915584,2.877833,2.981666,25
1,4,512,256,bidiag_vals,1,39.522791,39.489333,39.680583,5
1,256,96,96,jacobi,1,48.117292,47.554167,48.373625,5
1,256,96,96,block,1,22.554834,22.241271,22.832250,7
1,256,96,96,cpu,1,11.020687,10.926479,11.087042,14
1,64,64,8,jacobi,1,0.230417,0.220875,0.250458,25
1,64,64,8,qr,1,0.668041,0.654083,0.686750,25
1,64,64,8,cpu,1,0.163083,0.158875,0.169750,25
1,1,256,64,jacobi,1,1.519458,1.454375,1.618417,25
1,1,256,64,block,1,3.021084,2.987375,3.116625,25
1,1,256,64,qr,1,1.347417,1.320042,1.379333,25
1,1,256,64,qrblock,1,2.785125,2.757917,2.833333,25
1,1,256,64,cpu,1,0.306250,0.300875,0.312125,25
1,256,1024,64,jacobi,1,157.539500,153.269625,157.715250,5
1,256,1024,64,block,1,33.344125,33.246041,33.346292,5
1,256,1024,64,qr,1,38.087625,37.311959,38.676625,5
1,256,1024,64,qrblock,1,35.977125,35.656292,35.989209,5
1,256,1024,64,cpu,1,18.967500,18.625750,19.136917,8
1,1,64,8,jacobi,1,0.201167,0.191750,0.223750,25
1,1,64,8,qr,1,0.399917,0.390833,0.408500,25
1,1,64,8,cpu,1,0.012375,0.012292,0.012417,25
1,256,32,32,jacobi,1,2.212958,2.198750,2.249917,25
1,256,32,32,block,1,3.038500,3.011250,3.069333,25
1,256,32,32,cpu,1,1.125458,1.099292,1.145000,25
1,64,256,256,jacobi,1,297.103042,296.557500,297.126834,5
1,64,256,256,block,1,84.522291,84.367458,84.640667,5
1,64,256,256,cpu,1,20.624583,20.509511,20.690292,8
1,64,256,256,bidiag,1,658.837458,658.152187,659.408854,3
1,64,256,256,cpu_vals,1,10.624458,10.532333,10.748854,15
1,64,256,256,bidiag_vals,1,519.699500,519.490375,520.396229,3
1,4,2048,128,jacobi,1,42.460167,42.430208,42.518834,5
1,4,2048,128,block,1,14.300709,14.250959,14.399646,11
1,4,2048,128,qr,1,9.793583,9.789584,9.847052,16
1,4,2048,128,qrblock,1,10.776896,10.692698,10.883228,14
1,4,2048,128,cpu,1,4.110125,4.080416,4.216875,25
1,4,2048,128,bidiag,1,28.360979,28.238958,28.647469,6
1,4,2048,128,cpu_vals,1,2.424375,2.025292,2.436250,25
1,4,2048,128,bidiag_vals,1,24.499167,23.885354,24.571896,7
1,1024,128,32,jacobi,1,9.671750,9.603395,9.724646,16
1,1024,128,32,block,1,9.583854,9.513115,9.943344,16
1,1024,128,32,qr,1,13.107916,12.988583,13.251281,12
1,1024,128,32,qrblock,1,12.491459,12.454990,12.556042,12
1,1024,128,32,cpu,1,6.946688,6.647250,7.005500,22
1,16,128,64,jacobi,1,1.299166,1.288750,1.402792,25
1,16,128,64,block,1,2.887875,2.860167,2.935666,25
1,16,128,64,qr,1,1.948875,1.910625,2.003583,25
1,16,128,64,qrblock,1,3.472000,3.436292,3.526375,25
1,16,128,64,cpu,1,0.549166,0.513708,0.561292,25
1,16,64,16,jacobi,1,0.567375,0.550917,0.580959,25
1,16,64,16,qr,1,0.485916,0.475083,0.508208,25
1,16,64,16,cpu,1,0.133084,0.128208,0.138000,25
1,64,192,192,jacobi,1,110.410458,110.182667,110.867917,5
1,64,192,192,block,1,37.413417,37.082667,38.218084,5
1,64,192,192,cpu,1,10.351208,10.236125,10.510041,15
1,64,192,192,bidiag,1,453.572667,453.399875,453.639750,3
1,64,192,192,cpu_vals,1,5.192583,5.080292,5.516375,25
1,64,192,192,bidiag_vals,1,367.860750,367.712854,368.152145,3
1,16,1024,128,jacobi,1,38.202459,38.141167,38.284583,5
1,16,1024,128,block,1,13.327333,13.198615,13.440020,12
1,16,1024,128,qr,1,9.085417,9.053625,9.107875,17
1,16,1024,128,qrblock,1,10.528167,10.493626,10.795771,15
1,16,1024,128,cpu,1,5.257000,5.142667,5.325416,25
1,16,1024,128,bidiag,1,89.283833,88.912792,89.346167,5
1,16,1024,128,cpu_vals,1,2.635833,2.619708,2.667166,25
1,16,1024,128,bidiag_vals,1,74.760166,74.664541,74.806583,5
1,16,1024,1024,jacobi,1,9349.969708,9348.646083,9351.536416,3
1,16,1024,1024,block,1,1252.213417,1252.058708,1253.921729,3
1,16,1024,1024,cpu,1,318.155833,317.247958,318.991312,3
1,16,1024,1024,bidiag,1,1236.886500,1236.833396,1238.310271,3
1,16,1024,1024,cpu_vals,1,220.519875,218.973667,220.939333,5
1,16,1024,1024,bidiag_vals,1,772.993125,772.087020,773.007062,3
1,1,4096,4096,cpu,1,3589.178833,3588.809458,3602.620521,3
1,1,4096,4096,bidiag,1,1769.194958,1761.276854,1778.726167,3
1,1,4096,4096,cpu_vals,1,1997.646666,1996.164604,1997.727125,3
1,1,4096,4096,bidiag_vals,1,1026.350084,1026.101480,1026.625000,3
1,1,128,32,jacobi,1,0.407042,0.392000,0.939833,25
1,1,128,32,block,1,2.062541,1.981459,2.095667,25
1,1,128,32,qr,1,0.542750,0.529459,0.568375,25
1,1,128,32,qrblock,1,1.967750,1.904625,2.073500,25
1,1,128,32,cpu,1,0.089667,0.089000,0.090500,25
1,1,64,64,jacobi,1,1.072792,1.049167,1.094834,25
1,1,64,64,block,1,2.857750,2.810250,2.868209,25
1,1,64,64,cpu,1,0.205333,0.202917,0.208250,25
1,4096,16,16,jacobi,1,5.807209,5.785542,5.851250,25
1,4096,16,16,cpu,1,4.522291,4.401208,4.704875,25
1,4,1024,128,jacobi,1,19.496375,19.470615,19.511239,8
1,4,1024,128,block,1,9.185292,9.148584,9.219167,17
1,4,1024,128,qr,1,7.317125,7.297542,7.350125,21
1,4,1024,128,qrblock,1,8.310166,8.252771,8.372208,19
1,4,1024,128,cpu,1,2.773625,2.698958,2.935791,25
1,4,1024,128,bidiag,1,22.992417,22.769479,23.155854,7
1,4,1024,128,cpu_vals,1,1.397084,1.345542,1.471125,25
1,4,1024,128,bidiag_vals,1,19.411250,18.942729,19.564260,8
1,4096,4,4,jacobi,1,0.462083,0.448291,0.487625,25
1,4096,4,4,cpu,1,0.716375,0.693375,0.753208,25
1,1,48,48,jacobi,1,0.753834,0.734125,0.789500,25
1,1,48,48,block,1,2.477459,2.441416,2.537458,25
1,1,48,48,cpu,1,0.116709,0.115583,0.119542,25
1,64,64,32,jacobi,1,0.919875,0.862083,1.401750,25
1,64,64,32,block,1,2.219625,2.202000,2.267125,25
1,64,64,32,qr,1,1.442708,1.396125,1.493375,25
1,64,64,32,qrblock,1,2.696375,2.624667,2.723625,25
1,64,64,32,cpu,1,0.498625,0.482917,0.592833,25
1,16,512,128,jacobi,1,13.884667,13.879791,13.939396,11
1,16,512,128,block,1,8.769209,8.682614,8.833750,18
1,16,512,128,qr,1,7.320417,7.281250,7.379292,21
1,16,512,128,qrblock,1,8.884333,8.757042,8.985375,17
1,16,512,128,cpu,1,4.054292,3.987000,4.212583,25
1,16,512,128,bidiag,1,80.632167,80.441083,80.635541,5
1,16,512,128,cpu_vals,1,2.109625,2.023292,2.153208,25
1,16,512,128,bidiag_vals,1,66.174166,66.015584,66.337042,5
1,1,128,128,jacobi,1,4.925292,4.905708,4.933333,25
1,1,128,128,block,1,6.091750,5.986750,6.178041,25
1,1,128,128,cpu,1,1.050334,1.041708,1.056708,25
1,1,128,128,bidiag,1,4.371625,4.353833,4.409333,25
1,1,128,128,cpu_vals,1,0.636209,0.633125,0.637833,25
1,1,128,128,bidiag_vals,1,3.515875,3.467625,3.555000,25
1,4,1024,64,jacobi,1,4.665667,4.656042,4.676459,25
1,4,1024,64,block,1,5.398583,5.350083,5.517500,25
1,4,1024,64,qr,1,2.144250,2.124333,2.156583,25
1,4,1024,64,qrblock,1,3.662709,3.622416,3.712041,25
1,4,1024,64,cpu,1,1.132958,1.121959,1.148500,25
1,16,512,256,jacobi,1,94.144209,94.139125,94.171625,5
1,16,512,256,block,1,27.129791,27.067573,27.230667,6
1,16,512,256,qr,1,64.833334,64.829667,64.836333,5
1,16,512,256,qrblock,1,25.838166,25.718968,25.901677,6
1,16,512,256,cpu,1,9.030333,8.898625,9.152125,17
1,16,512,256,bidiag,1,193.334750,193.321541,194.238125,5
1,16,512,256,cpu_vals,1,4.511792,4.454791,4.857375,25
1,16,512,256,bidiag_vals,1,158.431000,158.331292,158.912459,5
1,256,256,16,jacobi,1,1.298250,1.273208,1.324791,25
1,256,256,16,qr,1,2.989458,2.967000,3.009667,25
1,256,256,16,cpu,1,0.964542,0.913083,1.458791,25
1,16,64,8,jacobi,1,0.219791,0.212333,0.234917,25
1,16,64,8,qr,1,0.441041,0.431292,0.456042,25
1,16,64,8,cpu,1,0.094875,0.082291,0.133042,25
1,1,2048,128,jacobi,1,34.542209,34.537000,34.545125,5
1,1,2048,128,block,1,11.473084,11.413479,11.503542,14
1,1,2048,128,qr,1,6.935521,6.563604,7.006614,22
1,1,2048,128,qrblock,1,8.221375,8.140688,8.302875,19
1,1,2048,128,cpu,1,3.179875,3.167500,3.186875,25
1,1,2048,128,bidiag,1,7.177083,6.909709,7.259073,22
1,1,2048,128,cpu_vals,1,1.657959,1.652000,1.664875,25
1,1,2048,128,bidiag_vals,1,6.119750,5.693792,6.214291,25
1,4,16,16,jacobi,1,0.309250,0.277584,0.326166,25
1,4,16,16,cpu,1,0.044916,0.043958,0.047083,25
1,1024,64,8,jacobi,1,0.662750,0.653083,1.284167,25
1,1024,64,8,qr,1,1.637416,1.606792,1.680500,25
1,1024,64,8,cpu,1,0.752625,0.717792,0.805917,25
1,1024,1024,32,jacobi,1,142.611000,142.201834,142.858958,5
1,1024,1024,32,block,1,40.434542,39.829042,40.660458,5
1,1024,1024,32,qr,1,59.207459,58.896625,59.702125,5
1,1024,1024,32,qrblock,1,58.160416,58.071750,58.758959,5
1,1024,1024,32,cpu,1,23.713291,23.469771,24.208146,7
1,1024,256,64,jacobi,1,94.024791,91.697750,94.131166,5
1,1024,256,64,block,1,46.238167,46.053250,46.420583,5
1,1024,256,64,qr,1,72.028083,71.102250,72.428166,5
1,1024,256,64,qrblock,1,51.794042,51.499708,51.816333,5
1,1024,256,64,cpu,1,27.508291,27.253115,27.974094,6
1,256,32,16,jacobi,1,0.639416,0.626417,2.157375,25
1,256,32,16,qr,1,1.212542,1.198041,1.230333,25
1,256,32,16,cpu,1,0.590708,0.567500,0.608750,25
1,1024,512,32,jacobi,1,45.926958,45.466334,46.812042,5
1,1024,512,32,block,1,23.878500,23.569000,24.085146,7
1,1024,512,32,qr,1,35.902959,35.719500,36.187167,5
1,1024,512,32,qrblock,1,35.757875,35.474916,36.079834,5
1,1024,512,32,cpu,1,13.686208,13.609125,13.804354,11
1,16,512,32,jacobi,1,0.844000,0.805500,0.892084,25
1,16,512,32,block,1,2.872250,2.851375,2.922166,25
1,16,512,32,qr,1,1.457917,1.404500,1.473166,25
1,16,512,32,qrblock,1,2.798750,2.755125,2.846042,25
1,16,512,32,cpu,1,0.417041,0.412041,0.446041,25
1,64,4,4,jacobi,1,0.208833,0.190500,0.218541,25
1,64,4,4,cpu,1,0.138208,0.116334,0.143375,25
1,64,16,8,jacobi,1,0.363291,0.354875,0.374541,25
1,64,16,8,qr,1,0.633708,0.627541,0.649542,25
1,64,16,8,cpu,1,0.140458,0.135333,0.149167,25
1,4,512,512,jacobi,1,328.983875,328.817646,329.197937,3
1,4,512,512,block,1,48.812375,48.773750,48.890500,5
1,4,512,512,cpu,1,18.790521,18.583646,19.220844,8
1,4,512,512,bidiag,1,103.471667,102.657000,104.092417,5
1,4,512,512,cpu_vals,1,8.960917,8.932125,8.989042,17
1,4,512,512,bidiag_vals,1,76.005583,75.726916,76.405416,5
1,1,512,512,jacobi,1,264.482958,264.399250,264.692875,5
1,1,512,512,block,1,32.261542,32.119292,32.316875,5
1,1,512,512,cpu,1,16.898042,16.793791,17.198250,9
1,1,512,512,bidiag,1,25.850146,25.552718,26.132854,6
1,1,512,512,cpu_vals,1,7.756000,7.736031,7.783313,20
1,1,512,512,bidiag_vals,1,19.124209,19.015396,19.208229,8
1,256,256,32,jacobi,1,5.228041,5.174208,5.280334,25
1,256,256,32,block,1,4.765750,4.670459,4.836959,25
1,256,256,32,qr,1,5.912625,5.893125,5.958541,25
1,256,256,32,qrblock,1,6.682375,6.614708,6.735042,23
1,256,256,32,cpu,1,2.748958,2.399375,2.780458,25
1,4,1024,256,jacobi,1,105.816833,105.657958,105.823916,5
1,4,1024,256,block,1,19.910021,19.799167,19.936906,8
1,4,1024,256,qr,1,35.144334,35.081417,35.262166,5
1,4,1024,256,qrblock,1,18.153417,18.084250,18.216500,9
1,4,1024,256,cpu,1,7.894833,7.743667,8.163417,17
1,4,1024,256,bidiag,1,53.910000,53.884833,53.954458,5
1,4,1024,256,cpu_vals,1,3.895791,3.613416,3.937000,25
1,4,1024,256,bidiag_vals,1,44.949750,44.733875,45.369666,5
1,4096,32,16,jacobi,1,5.844750,5.802875,5.890584,25
1,4096,32,16,qr,1,8.813083,8.799042,8.880708,17
1,4096,32,16,cpu,1,7.088834,6.999292,7.307584,21
1,4,16,8,jacobi,1,0.284916,0.209166,0.365500,25
1,4,16,8,qr,1,0.403333,0.390875,0.416333,25
1,4,16,8,cpu,1,0.025333,0.024000,0.028417,25
1,256,192,192,jacobi,1,434.515042,433.578563,436.990313,3
1,256,192,192,block,1,151.593333,151.554834,151.881542,5
1,256,192,192,cpu,1,38.041750,37.635625,38.503792,5
1,256,192,192,bidiag,1,1813.263250,1813.125875,1814.480021,3
1,256,192,192,cpu_vals,1,18.460583,18.351084,18.696334,9
1,256,192,192,bidiag_vals,1,1474.519375,1473.756646,1476.071584,3
1,1,256,32,jacobi,1,0.472125,0.465750,0.497958,25
1,1,256,32,block,1,2.212042,2.146541,2.266875,25
1,1,256,32,qr,1,0.580167,0.571792,0.589500,25
1,1,256,32,qrblock,1,2.031792,1.947417,2.203500,25
1,1,256,32,cpu,1,0.116917,0.115666,0.118833,25
1,1,512,32,jacobi,1,0.608375,0.600583,0.668541,25
1,1,512,32,block,1,2.824709,2.792208,2.921958,25
1,1,512,32,qr,1,0.616208,0.608625,0.628625,25
1,1,512,32,qrblock,1,2.094000,1.984875,2.241000,25
1,1,512,32,cpu,1,0.157917,0.157750,0.159917,25
1,1024,128,16,jacobi,1,2.759375,2.741583,2.795041,25
1,1024,128,16,qr,1,4.929250,4.883000,5.005875,25
1,1024,128,16,cpu,1,2.912375,2.641250,2.985209,25
1,4,48,48,jacobi,1,0.854417,0.799584,1.085041,25
1,4,48,48,block,1,2.524917,2.480916,2.581667,25
1,4,48,48,cpu,1,0.162875,0.160416,0.169916,25
1,1,3072,3072,cpu,1,1388.486792,1386.807834,1389.319291,3
1,1,3072,3072,bidiag,1,734.523041,734.273124,735.799708,3
1,1,3072,3072,cpu_vals,1,782.129667,780.990479,785.437959,3
1,1,3072,3072,bidiag_vals,1,449.778250,449.717792,450.023750,3
1,4,128,16,jacobi,1,0.265792,0.254833,0.307625,25
1,4,128,16,qr,1,0.460334,0.447833,0.472959,25
1,4,128,16,cpu,1,0.067291,0.066167,0.068875,25
1,256,64,8,jacobi,1,0.307042,0.300458,0.317000,25
1,256,64,8,qr,1,0.832292,0.823333,0.845916,25
1,256,64,8,cpu,1,0.304375,0.295792,0.320791,25
1,256,8,8,jacobi,1,0.264375,0.259334,0.268666,25
1,256,8,8,cpu,1,0.193625,0.188291,0.200750,25
1,1024,512,128,jacobi,1,1311.583000,1304.238896,1312.654021,3
1,1024,512,128,block,1,330.163167,329.954458,330.996354,3
1,1024,512,128,qr,1,556.881250,552.389729,557.710958,3
1,1024,512,128,qrblock,1,290.954458,290.481375,291.804166,5
1,1024,512,128,cpu,1,161.176917,160.927875,164.948958,5
1,1,2048,256,jacobi,1,148.814042,148.782791,148.845167,5
1,1,2048,256,block,1,22.637875,22.617313,22.716583,7
1,1,2048,256,qr,1,33.050208,33.024084,33.093958,5
1,1,2048,256,qrblock,1,16.275250,15.893667,16.373167,9
1,1,2048,256,cpu,1,9.065333,8.866000,9.250083,17
1,1,2048,256,bidiag,1,16.073958,15.880698,16.341822,10
1,1,2048,256,cpu_vals,1,4.190500,4.169500,4.217250,25
1,1,2048,256,bidiag_vals,1,13.506791,13.306437,13.663031,12
1,64,512,32,jacobi,1,2.275417,2.246708,2.295542,25
1,64,512,32,block,1,3.714292,3.667833,3.757750,25
1,64,512,32,qr,1,3.181125,3.096791,3.201167,25
1,64,512,32,qrblock,1,4.232792,4.182417,4.298000,25
1,64,512,32,cpu,1,1.116250,1.080750,1.602792,25
1,64,512,16,jacobi,1,0.868875,0.793625,0.887625,25
1,64,512,16,qr,1,2.296541,2.271041,2.341334,25
1,64,512,16,cpu,1,0.523250,0.513500,0.531417,25
1,1024,256,8,jacobi,1,1.482792,1.443791,1.511125,25
1,1024,256,8,qr,1,6.822396,6.765312,6.885073,22
1,1024,256,8,cpu,1,1.844917,1.604375,1.873750,25
1,4,4,4,jacobi,1,0.236042,0.233083,0.247042,25
1,4,4,4,cpu,1,0.024084,0.021625,0.025583,25
1,1,64,32,jacobi,1,0.565250,0.526292,1.058833,25
1,1,64,32,block,1,1.896250,1.832292,1.982083,25
1,1,64,32,qr,1,0.511167,0.497791,0.526083,25
1,1,64,32,qrblock,1,2.009083,1.906791,2.236500,25
1,1,64,32,cpu,1,0.067000,0.066709,0.067833,25
1,4096,128,128,jacobi,1,1917.714667,1912.395417,1918.428125,3
1,4096,128,128,block,1,755.232417,754.822208,759.917813,3
1,4096,128,128,cpu,1,310.683125,307.977896,310.920375,3
1,16,256,32,jacobi,1,0.515458,0.507959,1.244208,25
1,16,256,32,block,1,2.335416,2.292791,2.366958,25
1,16,256,32,qr,1,1.237459,1.215167,1.281083,25
1,16,256,32,qrblock,1,2.617833,2.566208,2.652291,25
1,16,256,32,cpu,1,0.328334,0.316833,0.338125,25
1,1,4,4,jacobi,1,0.179417,0.163041,0.185167,25
1,1,4,4,cpu,1,0.004125,0.004084,0.004208,25
1,1024,2048,64,jacobi,1,1316.590709,1315.268188,1316.964021,3
1,1024,2048,64,block,1,226.374833,225.924208,230.874750,5
1,1024,2048,64,qr,1,269.791125,268.450459,286.183209,5
1,1024,2048,64,qrblock,1,249.194917,249.178667,250.490250,5
1,1024,2048,64,cpu,1,133.427291,133.198125,134.188875,5
1,1024,32,16,jacobi,1,1.760834,1.746125,1.775458,25
1,1024,32,16,qr,1,2.683625,2.667542,2.713000,25
1,1024,32,16,cpu,1,1.841708,1.811917,1.864459,25
1,64,1024,128,jacobi,1,186.930417,186.856208,187.937333,5
1,64,1024,128,block,1,39.285708,39.188167,39.475667,5
1,64,1024,128,qr,1,46.528292,46.484084,46.936709,5
1,64,1024,128,qrblock,1,28.537250,28.424719,28.632751,6
1,64,1024,128,cpu,1,17.182583,16.763708,17.367625,9
1,64,1024,128,bidiag,1,353.124666,352.965333,353.421499,3
1,64,1024,128,cpu_vals,1,7.863375,7.759938,8.756625,19
1,64,1024,128,bidiag_vals,1,296.738042,296.678750,296.812666,5
1,64,32,8,jacobi,1,0.228417,0.221083,0.250000,25
1,64,32,8,qr,1,0.680000,0.672167,0.696583,25
1,64,32,8,cpu,1,0.150708,0.145042,0.155084,25
1,1,512,256,jacobi,1,48.268959,48.260000,48.273334,5
1,1,512,256,block,1,12.296417,12.224083,12.343542,13
1,1,512,256,qr,1,31.994125,31.962458,32.011708,5
1,1,512,256,qrblock,1,12.292667,12.251958,12.453292,13
1,1,512,256,cpu,1,5.392709,5.190958,5.533833,25
1,1,512,256,bidiag,1,12.169666,12.145417,12.284083,13
1,1,512,256,cpu_vals,1,2.453334,2.443209,2.469708,25
1,1,512,256,bidiag_vals,1,10.203250,10.076771,10.277375,15
1,64,48,48,jacobi,1,1.870292,1.859250,1.884000,25
1,64,48,48,block,1,3.572000,3.506125,3.626417,25
1,64,48,48,cpu,1,0.708083,0.698292,0.724333,25
1,1,1024,64,jacobi,1,4.498625,4.488459,4.510875,25
1,1,1024,64,block,1,5.015833,4.943458,5.117041,25
1,1,1024,64,qr,1,1.551208,1.514500,1.568250,25
1,1,1024,64,qrblock,1,2.876333,2.850375,2.916583,25
1,1,1024,64,cpu,1,0.587209,0.581834,0.593084,25
1,256,2048,128,jacobi,1,1883.255625,1883.122854,1888.616520,3
1,256,2048,128,block,1,242.841459,241.627875,243.665834,5
1,256,2048,128,qr,1,226.679542,223.747625,226.898042,5
1,256,2048,128,qrblock,1,168.397334,164.958250,170.422125,5
1,256,2048,128,cpu,1,110.784500,110.065500,111.727625,5
1,256,2048,128,bidiag,1,1769.294666,1766.300479,1769.297000,3
1,256,2048,128,cpu_vals,1,46.656875,46.622833,46.941209,5
1,256,2048,128,bidiag_vals,1,1514.749834,1514.406479,1515.696146,3
1,1,768,768,jacobi,1,1044.149000,1042.984687,1047.154209,3
1,1,768,768,block,1,65.734625,65.726041,65.905208,5
1,1,768,768,cpu,1,34.057041,33.616958,34.351958,5
1,1,768,768,bidiag,1,46.603750,46.520250,46.652709,5
1,1,768,768,cpu_vals,1,16.185916,16.146990,16.215281,10
1,1,768,768,bidiag_vals,1,32.006250,31.789416,32.075125,5
1,16,96,96,jacobi,1,2.604333,2.573584,2.614875,25
1,16,96,96,block,1,4.691083,4.637750,4.755542,25
1,16,96,96,cpu,1,0.872083,0.859625,1.278708,25
1,64,384,384,jacobi,1,1305.916042,1304.890750,1307.667417,3
1,64,384,384,block,1,280.554333,279.758250,280.765167,5
1,64,384,384,cpu,1,45.513792,45.417083,45.760208,5
1,64,384,384,bidiag,1,1075.063375,1074.797625,1075.177104,3
1,64,384,384,cpu_vals,1,23.955125,23.873875,24.143979,7
1,64,384,384,bidiag_vals,1,842.986292,842.934938,843.345751,3
1,1,64,16,jacobi,1,0.202375,0.199834,0.215500,25
1,1,64,16,qr,1,0.405542,0.386125,0.417500,25
1,1,64,16,cpu,1,0.031042,0.030834,0.031375,25
1,4096,256,64,jacobi,1,371.928625,371.874541,372.888895,3
1,4096,256,64,block,1,178.303083,178.093583,180.932542,5
1,4096,256,64,qr,1,282.173291,280.339916,288.112792,5
1,4096,256,64,qrblock,1,199.524375,199.116125,205.322959,5
1,4096,256,64,cpu,1,100.911333,100.398666,101.140250,5
1,4,64,16,jacobi,1,0.523500,0.504250,0.553542,25
1,4,64,16,qr,1,0.440084,0.431042,0.451209,25
1,4,64,16,cpu,1,0.059042,0.057625,0.061083,25
1,1024,16,8,jacobi,1,0.815542,0.516625,1.643167,25
1,1024,16,8,qr,1,1.209208,1.187583,1.269042,25
1,1024,16,8,cpu,1,0.603291,0.576625,0.626708,25
1,4,64,32,jacobi,1,0.677417,0.583000,0.806750,25
1,4,64,32,block,1,2.029750,2.004917,2.089250,25
1,4,64,32,qr,1,0.590166,0.582125,0.599042,25
1,4,64,32,qrblock,1,2.176958,2.137500,2.192542,25
1,4,64,32,cpu,1,0.110625,0.108125,0.116375,25
1,16,32,8,jacobi,1,0.247917,0.242708,0.257750,25
1,16,32,8,qr,1,0.448334,0.433458,0.461000,25
1,16,32,8,cpu,1,0.120542,0.090791,0.124292,25
1,4096,64,64,jacobi,1,198.392833,197.892041,199.467958,5
1,4096,64,64,block,1,115.848166,115.803625,116.248291,5
1,4096,64,64,cpu,1,55.196625,54.606959,55.698208,5
1,1,192,192,jacobi,1,14.906250,14.883062,14.920416,11
1,1,192,192,block,1,9.230167,9.181875,9.273666,17
1,1,192,192,cpu,1,1.943500,1.929000,1.971333,25
1,1,192,192,bidiag,1,7.159083,7.126834,7.227083,21
1,1,192,192,cpu_vals,1,0.869084,0.864292,0.880292,25
1,1,192,192,bidiag_vals,1,5.802875,5.747417,5.826791,25
1,4,768,768,jacobi,1,1326.131041,1326.044688,1328.339416,3
1,4,768,768,block,1,119.157958,118.444334,119.378917,5
1,4,768,768,cpu,1,39.478125,39.476084,40.209292,5
1,4,768,768,bidiag,1,179.354292,179.312333,179.432042,5
1,4,768,768,cpu_vals,1,18.381583,18.279666,18.403625,9
1,4,768,768,bidiag_vals,1,127.405083,127.399541,127.648458,5
1,256,48,48,jacobi,1,5.613458,5.594416,5.629541,25
1,256,48,48,block,1,7.993459,7.875459,8.083084,19
1,256,48,48,cpu,1,2.425375,2.386750,2.464750,25
1,4,2048,64,jacobi,1,8.707104,8.693532,8.716812,18
1,4,2048,64,block,1,8.234958,8.193917,8.365645,19
1,4,2048,64,qr,1,3.486250,3.153583,3.556167,25
1,4,2048,64,qrblock,1,4.980958,4.611750,5.204916,25
1,4,2048,64,cpu,1,1.973417,1.959875,1.997875,25
1,4096,1024,128,qrblock,1,1989.212625,1984.198729,1994.093416,3
1,4096,1024,128,cpu,1,947.181167,947.015042,947.498375,3
1,1,32,16,jacobi,1,0.486042,0.465083,0.518125,25
1,1,32,16,qr,1,0.435875,0.419500,0.449625,25
1,1,32,16,cpu,1,0.030875,0.030542,0.031500,25
1,16,128,8,jacobi,1,0.397916,0.362166,0.408542,25
1,16,128,8,qr,1,0.443125,0.431833,0.463875,25
1,16,128,8,cpu,1,0.090958,0.087084,0.104083,25
1,256,128,64,jacobi,1,14.274334,13.865458,14.839104,11
1,256,128,64,block,1,9.496583,9.356781,9.652876,16
1,256,128,64,qr,1,15.719521,15.043792,16.260281,10
1,256,128,64,qrblock,1,11.305188,11.182489,11.373125,14
1,256,128,64,cpu,1,5.901541,5.641084,6.010167,25
1,16,256,128,jacobi,1,6.232354,6.208063,6.261677,24
1,16,256,128,block,1,6.741083,6.614854,6.848292,23
1,16,256,128,qr,1,6.304354,6.260552,6.357803,24
1,16,256,128,qrblock,1,7.483542,7.325375,7.554375,21
1,16,256,128,cpu,1,2.471333,2.455000,2.500000,25
1,16,256,128,bidiag,1,75.056500,75.044084,75.214375,5
1,16,256,128,cpu_vals,1,1.375500,1.335250,1.621333,25
1,16,256,128,bidiag_vals,1,61.378333,61.264542,61.479708,5
1,1,128,8,jacobi,1,0.201167,0.193833,0.219000,25
1,1,128,8,qr,1,0.400208,0.368792,0.411875,25
1,1,128,8,cpu,1,0.014708,0.014666,0.014875,25
1,64,2048,64,jacobi,1,84.886667,84.389125,85.001042,5
1,64,2048,64,block,1,20.260750,20.082510,20.428177,8
1,64,2048,64,qr,1,18.560125,18.421209,18.689167,9
1,64,2048,64,qrblock,1,19.025792,18.868833,19.256208,8
1,64,2048,64,cpu,1,9.701563,9.571281,10.061041,16
1,64,64,64,jacobi,1,3.244166,3.207083,3.306917,25
1,64,64,64,block,1,3.843666,3.795500,3.964375,25
1,64,64,64,cpu,1,1.043333,1.028417,1.056792,25
1,1024,512,256,qrblock,1,1588.297625,1585.491875,1593.196709,3
1,1024,512,256,cpu,1,447.785416,447.074062,449.691146,3
1,16,256,16,jacobi,1,0.798125,0.762167,0.879250,25
1,16,256,16,qr,1,0.561375,0.550542,0.610791,25
1,16,256,16,cpu,1,0.194500,0.186500,0.202083,25
1,4096,256,32,jacobi,1,81.801750,80.745750,82.269000,5
1,4096,256,32,block,1,52.221166,51.831208,52.513250,5
1,4096,256,32,qr,1,81.116416,80.119625,81.192584,5
1,4096,256,32,qrblock,1,75.172791,74.130209,75.471583,5
1,4096,256,32,cpu,1,33.417417,33.199625,33.534917,5
1,256,64,16,jacobi,1,0.820209,0.730041,1.772417,25
1,256,64,16,qr,1,1.291375,1.275209,1.321333,25
1,256,64,16,cpu,1,0.629458,0.618250,0.667708,25
1,4096,32,32,jacobi,1,27.135458,26.901750,27.618635,6
1,4096,32,32,block,1,22.703459,22.476063,22.985771,7
1,4096,32,32,cpu,1,16.226104,16.132489,16.612958,10
1,256,512,256,jacobi,1,1922.817333,1922.525583,1924.697208,3
1,256,512,256,block,1,424.408708,424.026792,424.575750,3
1,256,512,256,qr,1,1126.666917,1126.345125,1131.437521,3
1,256,512,256,qrblock,1,369.244375,369.231917,369.307583,3
1,256,512,256,cpu,1,118.666125,118.412292,119.754333,5
1,16,32,16,jacobi,1,0.533625,0.504584,0.637500,25
1,16,32,16,qr,1,0.495792,0.471666,0.506083,25
1,16,32,16,cpu,1,0.117208,0.114375,0.123959,25
1,4096,48,48,jacobi,1,83.670042,82.086041,84.456750,5
1,4096,48,48,block,1,99.174750,99.028709,99.222667,5
1,4096,48,48,cpu,1,35.349042,34.949834,35.990750,5
1,64,32,16,jacobi,1,0.632208,0.519333,0.753958,25
1,64,32,16,qr,1,0.787042,0.775542,0.801792,25
1,64,32,16,cpu,1,0.231875,0.228667,0.236083,25
1,1,512,16,jacobi,1,1.047042,0.359625,1.070583,25
1,1,512,16,qr,1,0.459791,0.455583,0.472542,25
1,1,512,16,cpu,1,0.072833,0.071916,0.074417,25
1,256,16,16,jacobi,1,0.740625,0.696334,0.785167,25
1,256,16,16,cpu,1,0.408834,0.403458,0.419292,25
