pass,batch,M,N,backend,ok,ms,p25,p75,reps
0,1024,512,256,qrblock,1,1408.289875,1404.383958,1409.828854,3
0,1024,512,256,cpu,1,438.762750,438.257729,439.803562,3
0,1,128,8,jacobi,1,0.380792,0.371917,0.393416,25
0,1,128,8,qr,1,0.399250,0.391292,0.407583,25
0,1,128,8,gk,1,0.256667,0.241417,0.269084,25
0,1,128,8,gk_vals,1,0.230750,0.214250,0.259125,25
0,1,128,8,cpu_vals,1,0.007834,0.007792,0.007917,25
0,1,128,8,cpu,1,0.014583,0.014542,0.014709,25
0,4,48,48,jacobi,1,0.903958,0.857000,0.940125,25
0,4,48,48,block,1,2.502292,2.483542,2.533250,25
0,4,48,48,gk,1,1.112500,1.092000,1.151958,25
0,4,48,48,gk_vals,1,0.872625,0.841375,0.899833,25
0,4,48,48,cpu_vals,1,0.066959,0.066625,0.068708,25
0,4,48,48,cpu,1,0.154916,0.153250,0.157083,25
0,256,128,16,jacobi,1,0.919459,0.879041,0.941167,25
0,256,128,16,qr,1,1.246417,1.216125,1.261667,25
0,256,128,16,gk,1,0.732416,0.726084,0.739458,25
0,256,128,16,gk_vals,1,0.431416,0.426500,0.506500,25
0,256,128,16,cpu_vals,1,0.395833,0.324417,0.641875,25
0,256,128,16,gk_share,1,0.636583,0.628292,0.654792,25
0,256,128,16,gk_share_vals,1,0.425084,0.423166,0.430500,25
0,256,128,16,cpu,1,0.705792,0.688750,0.731750,25
0,1024,128,64,jacobi,1,71.625416,71.193583,72.584417,5
0,1024,128,64,block,1,33.673042,33.644000,33.710834,5
0,1024,128,64,qr,1,49.471375,48.483667,50.581333,5
0,1024,128,64,qrblock,1,35.461709,34.959500,35.485209,5
0,1024,128,64,gk,1,27.479042,27.313699,27.546917,6
0,1024,128,64,gk_vals,1,13.786792,13.745646,13.923958,11
0,1024,128,64,cpu_vals,1,7.980208,7.933500,8.021646,19
0,1024,128,64,gk_share,1,18.460917,18.177000,18.630833,9
0,1024,128,64,gk_share_vals,1,10.402584,10.341458,10.543166,15
0,1024,128,64,cpu,1,20.840499,20.757563,21.031344,8
0,2,2048,2048,cpu,1,576.592209,559.225167,579.105417,3
0,2,2048,2048,bidiag,1,204.194375,203.785208,204.745958,5
0,2,2048,2048,bidiag_vals,1,164.186541,164.147125,164.924209,5
0,2,2048,2048,cpu_vals,1,275.951542,274.414709,276.285458,5
0,2,2048,2048,band,1,162.000042,161.213542,162.322375,5
0,2,2048,2048,band8_vals,1,104.040917,103.899083,104.653750,5
0,2,2048,2048,band_vals,1,88.470500,87.625208,89.544250,5
0,2,2048,2048,band32_vals,1,123.065625,122.674958,123.182833,5
0,4,2048,128,jacobi,1,42.338583,42.327458,42.340250,5
0,4,2048,128,block,1,14.266667,14.170938,14.386021,11
0,4,2048,128,qr,1,7.927167,7.728479,8.349146,19
0,4,2048,128,qrblock,1,9.346333,9.135417,9.405959,17
0,4,2048,128,cpu,1,4.273958,4.152709,4.296833,25
0,4,2048,128,bidiag,1,20.530791,20.493468,20.539406,8
0,4,2048,128,bidiag_vals,1,17.097542,17.074292,17.195166,9
0,4,2048,128,cpu_vals,1,2.473584,1.999291,2.522917,25
0,4,128,16,jacobi,1,0.587416,0.580666,0.600042,25
0,4,128,16,qr,1,0.468958,0.465833,0.472708,25
0,4,128,16,gk,1,0.356708,0.351000,0.360125,25
0,4,128,16,gk_vals,1,0.287791,0.287083,0.290417,25
0,4,128,16,cpu_vals,1,0.045750,0.044583,0.046625,25
0,4,128,16,cpu,1,0.066750,0.065750,0.067459,25
0,64,512,16,jacobi,1,0.703583,0.658417,1.926666,25
0,64,512,16,qr,1,1.031583,1.025833,1.039167,25
0,64,512,16,gk,1,1.121292,1.108917,1.126542,25
0,64,512,16,gk_vals,1,0.661000,0.587958,0.698375,25
0,64,512,16,cpu_vals,1,0.278875,0.265542,0.648125,25
0,64,512,16,gk_share,1,1.266042,1.241917,1.481416,25
0,64,512,16,gk_share_vals,1,0.697209,0.685292,0.707708,25
0,64,512,16,cpu,1,0.655666,0.462375,0.666250,25
0,16,64,32,jacobi,1,0.444292,0.373292,1.096750,25
0,16,64,32,block,1,2.065833,2.038416,2.082250,25
0,16,64,32,qr,1,0.631708,0.627542,0.642416,25
0,16,64,32,qrblock,1,2.244375,2.203500,2.293000,25
0,16,64,32,gk,1,0.839292,0.747500,0.851125,25
0,16,64,32,gk_vals,1,0.533125,0.529334,0.536667,25
0,16,64,32,cpu_vals,1,0.139708,0.131708,0.146334,25
0,16,64,32,cpu,1,0.229542,0.226125,0.237250,25
0,256,96,96,jacobi,1,45.685084,45.451375,45.706375,5
0,256,96,96,block,1,22.363750,22.156188,22.488667,7
0,256,96,96,cpu,1,11.099729,10.964938,11.158885,14
0,1,512,32,jacobi,1,0.763083,0.697167,1.022958,25
0,1,512,32,block,1,2.808375,2.787125,2.874250,25
0,1,512,32,qr,1,0.612375,0.601458,0.616292,25
0,1,512,32,qrblock,1,2.275417,2.124375,2.420167,25
0,1,512,32,gk,1,1.079042,0.981625,1.085458,25
0,1,512,32,gk_vals,1,0.592333,0.586625,0.597209,25
0,1,512,32,cpu_vals,1,0.070625,0.070416,0.071083,25
0,1,512,32,cpu,1,0.158792,0.158500,0.160667,25
0,1024,16,16,jacobi,1,1.546083,1.530500,1.587167,25
0,1024,16,16,gk,1,0.901084,0.857750,0.906583,25
0,1024,16,16,gk_vals,1,0.472084,0.468959,0.475083,25
0,1024,16,16,cpu_vals,1,0.592167,0.511625,0.651000,25
0,1024,16,16,gk_share,1,0.904375,0.890875,0.917750,25
0,1024,16,16,gk_share_vals,1,0.612500,0.608959,0.632042,25
0,1024,16,16,cpu,1,1.148000,1.138083,1.190500,25
0,16,56,56,jacobi,1,1.046333,0.969209,1.107584,25
0,16,56,56,block,1,2.880958,2.848500,2.977667,25
0,16,56,56,gk,1,1.445583,1.438458,1.497583,25
0,16,56,56,gk_vals,1,1.118792,1.096417,1.152250,25
0,16,56,56,cpu_vals,1,0.195250,0.192667,0.201542,25
0,16,56,56,cpu,1,0.328083,0.323625,0.334875,25
0,4,64,8,jacobi,1,0.274875,0.269834,0.287541,25
0,4,64,8,qr,1,0.397708,0.393917,0.416292,25
0,4,64,8,gk,1,0.255791,0.226167,0.274875,25
0,4,64,8,gk_vals,1,0.250167,0.193167,0.262708,25
0,4,64,8,cpu_vals,1,0.025375,0.023667,0.026791,25
0,4,64,8,cpu,1,0.029833,0.029208,0.030208,25
0,1,128,32,jacobi,1,0.552792,0.377458,0.813708,25
0,1,128,32,block,1,2.063584,1.967334,2.096917,25
0,1,128,32,qr,1,0.536834,0.533125,0.545208,25
0,1,128,32,qrblock,1,2.303208,2.211917,2.371375,25
0,1,128,32,gk,1,0.740000,0.730958,0.818500,25
0,1,128,32,gk_vals,1,0.529458,0.513250,0.550750,25
0,1,128,32,cpu_vals,1,0.031917,0.031709,0.032250,25
0,1,128,32,cpu,1,0.090542,0.088708,0.093791,25
0,4,192,192,jacobi,1,14.038834,14.019750,14.046000,11
0,4,192,192,block,1,9.777021,9.742334,9.864364,16
0,4,192,192,cpu,1,2.007917,1.996416,2.022208,25
0,4,192,192,bidiag,1,13.926792,13.907187,14.011229,11
0,4,192,192,bidiag_vals,1,9.955333,9.905261,9.970584,16
0,4,192,192,cpu_vals,1,1.115500,1.111041,1.119875,25
0,4,1024,1024,jacobi,1,3950.565166,3950.146625,3951.726999,3
0,4,1024,1024,block,1,292.990125,292.909125,293.006500,5
0,4,1024,1024,cpu,1,93.107584,92.533667,97.853625,5
0,4,1024,1024,bidiag,1,103.358625,102.941375,104.032167,5
0,4,1024,1024,bidiag_vals,1,76.436625,76.406375,76.544333,5
0,4,1024,1024,cpu_vals,1,41.514209,40.313208,44.863667,5
0,4,1024,1024,band,1,114.672542,112.372125,114.820875,5
0,4,1024,1024,band8_vals,1,57.328500,57.132333,57.457125,5
0,4,1024,1024,band_vals,1,58.518834,58.505417,58.528708,5
0,4,1024,1024,band32_vals,1,88.945584,88.932667,89.016875,5
0,16,2048,64,jacobi,1,19.632334,19.608166,19.654573,8
0,16,2048,64,block,1,10.231500,10.170416,10.386876,15
0,16,2048,64,qr,1,4.904916,4.846250,5.002625,25
0,16,2048,64,qrblock,1,6.709000,6.624041,6.817292,23
0,16,2048,64,gk,1,6.033250,5.948000,6.106208,25
0,16,2048,64,gk_vals,1,4.635792,4.540083,4.739333,25
0,16,2048,64,cpu_vals,1,1.758500,1.477167,1.871125,25
0,16,2048,64,cpu,1,3.198875,3.152500,3.255000,25
0,1024,128,128,jacobi,1,489.042250,487.991417,490.025688,3
0,1024,128,128,block,1,189.994084,189.745917,190.580209,5
0,1024,128,128,cpu,1,78.625250,78.491166,78.835041,5
0,1,8,8,jacobi,1,0.306334,0.294542,0.322875,25
0,1,8,8,gk,1,0.405417,0.390875,0.422458,25
0,1,8,8,gk_vals,1,0.197375,0.177708,0.214333,25
0,1,8,8,cpu_vals,1,0.005000,0.004958,0.005042,25
0,1,8,8,cpu,1,0.008625,0.008500,0.008875,25
0,16,128,128,jacobi,1,4.646292,4.639459,4.656209,25
0,16,128,128,block,1,7.297291,7.198167,7.333208,21
0,16,128,128,cpu,1,1.731166,1.703084,1.853042,25
0,16,128,128,bidiag,1,37.479459,37.450500,37.504375,5
0,16,128,128,bidiag_vals,1,24.665708,24.631146,24.695625,7
0,16,128,128,cpu_vals,1,1.117834,1.106542,1.297625,25
0,4096,512,16,jacobi,1,46.101916,45.642542,47.164042,5
0,4096,512,16,qr,1,37.800291,37.525500,37.892916,5
0,4096,512,16,gk,1,35.729333,35.528250,36.329333,5
0,4096,512,16,gk_vals,1,20.884459,20.703833,21.132447,8
0,4096,512,16,cpu_vals,1,9.019833,8.891208,9.046041,17
0,4096,512,16,gk_share,1,20.265230,19.667083,22.158792,8
0,4096,512,16,gk_share_vals,1,11.526208,10.937010,11.631636,14
0,4096,512,16,cpu,1,19.495500,19.348885,19.710355,8
0,256,256,32,jacobi,1,5.083791,5.049958,5.127583,25
0,256,256,32,block,1,4.731292,4.594167,4.828208,25
0,256,256,32,qr,1,4.688541,4.259000,4.805875,25
0,256,256,32,qrblock,1,5.684541,5.438083,5.852791,25
0,256,256,32,gk,1,3.947209,3.641750,4.034875,25
0,256,256,32,gk_vals,1,2.307750,1.862125,2.756000,25
0,256,256,32,cpu_vals,1,1.594417,1.107291,1.617625,25
0,256,256,32,gk_share,1,3.688709,3.645875,3.893541,25
0,256,256,32,gk_share_vals,1,1.796000,1.749334,2.086208,25
0,256,256,32,cpu,1,2.783542,2.729584,2.822125,25
0,256,256,64,jacobi,1,25.691646,25.443073,26.273906,6
0,256,256,64,block,1,13.029771,12.988094,13.121135,12
0,256,256,64,qr,1,16.987667,16.285875,17.132541,9
0,256,256,64,qrblock,1,14.469209,14.323230,14.536313,11
0,256,256,64,gk,1,12.454479,12.219698,12.659834,12
0,256,256,64,gk_vals,1,7.654625,7.594875,7.757604,20
0,256,256,64,cpu_vals,1,3.482167,3.389250,3.592458,25
0,256,256,64,gk_share,1,10.772896,10.611792,10.924396,14
0,256,256,64,gk_share_vals,1,6.502813,6.464229,6.553093,24
0,256,256,64,cpu,1,7.599729,7.518896,7.708969,20
0,64,64,32,jacobi,1,0.851875,0.764875,0.871209,25
0,64,64,32,block,1,2.262250,2.187958,2.305542,25
0,64,64,32,qr,1,1.162917,1.102417,1.222000,25
0,64,64,32,qrblock,1,2.513166,2.487167,2.542084,25
0,64,64,32,gk,1,0.895125,0.800334,0.907791,25
0,64,64,32,gk_vals,1,0.540833,0.530000,0.546667,25
0,64,64,32,cpu_vals,1,0.242334,0.231125,0.254083,25
0,64,64,32,gk_share,1,0.991625,0.908834,1.011875,25
0,64,64,32,gk_share_vals,1,0.638333,0.633875,0.642083,25
0,64,64,32,cpu,1,0.604833,0.475583,0.656875,25
0,4096,64,32,jacobi,1,25.716208,25.480271,25.826708,6
0,4096,64,32,block,1,25.225770,25.018948,25.333624,6
0,4096,64,32,qr,1,28.022480,27.968907,28.154334,6
0,4096,64,32,qrblock,1,26.861896,26.425261,27.189281,6
0,4096,64,32,gk,1,15.481730,15.426542,15.553947,10
0,4096,64,32,gk_vals,1,7.996792,7.984938,8.010147,19
0,4096,64,32,cpu_vals,1,7.455875,7.420834,7.484917,21
0,4096,64,32,gk_share,1,11.299437,11.110074,11.463937,14
0,4096,64,32,gk_share_vals,1,4.661584,4.596459,4.767417,25
0,4096,64,32,cpu,1,21.249229,21.117803,21.343354,8
0,1,2048,128,jacobi,1,34.400209,34.362708,34.403125,5
0,1,2048,128,block,1,11.487105,11.414865,11.587760,14
0,1,2048,128,qr,1,6.576792,6.566416,6.604395,23
0,1,2048,128,qrblock,1,8.083500,8.050688,8.110563,19
0,1,2048,128,cpu,1,3.155750,3.146833,3.167667,25
0,1,2048,128,bidiag,1,5.541458,5.483958,5.599875,25
0,1,2048,128,bidiag_vals,1,4.351125,4.282666,4.411458,25
0,1,2048,128,cpu_vals,1,1.644292,1.638542,1.652167,25
0,1,512,512,jacobi,1,248.692625,248.664458,248.794542,5
0,1,512,512,block,1,32.055042,31.945459,32.089459,5
0,1,512,512,cpu,1,16.571084,16.439385,16.661531,10
0,1,512,512,bidiag,1,13.008229,12.949740,13.111282,12
0,1,512,512,bidiag_vals,1,8.854917,8.794667,8.870000,17
0,1,512,512,cpu_vals,1,7.701667,7.672124,7.708531,20
0,1,512,512,band,1,11.552417,11.459459,11.802334,13
0,1,512,512,band8_vals,1,9.223000,8.859459,9.785959,17
0,1,512,512,band_vals,1,8.753541,8.691667,9.330333,17
0,1,512,512,band32_vals,1,12.642416,12.628895,12.656636,12
0,1,1024,64,jacobi,1,4.424292,4.419833,4.432417,25
0,1,1024,64,block,1,5.128666,5.039750,5.191000,25
0,1,1024,64,qr,1,1.454375,1.412417,1.520875,25
0,1,1024,64,qrblock,1,2.809875,2.785208,2.857000,25
0,1,1024,64,gk,1,2.474958,2.429834,2.482250,25
0,1,1024,64,gk_vals,1,1.864625,1.831667,1.883459,25
0,1,1024,64,cpu_vals,1,0.265125,0.264417,0.267917,25
0,1,1024,64,cpu,1,0.585750,0.583792,0.588958,25
0,1,128,128,jacobi,1,4.503709,4.499333,4.512375,25
0,1,128,128,block,1,6.060791,5.977916,6.237875,25
0,1,128,128,cpu,1,1.039625,1.033542,1.041958,25
0,1,128,128,bidiag,1,2.730166,2.707125,2.754792,25
0,1,128,128,bidiag_vals,1,1.642375,1.638250,1.645667,25
0,1,128,128,cpu_vals,1,0.626875,0.622458,0.632250,25
0,4,768,768,jacobi,1,1280.645167,1280.426646,1280.789542,3
0,4,768,768,block,1,114.419708,114.208625,114.528500,5
0,4,768,768,cpu,1,39.981458,39.591709,40.472667,5
0,4,768,768,bidiag,1,66.603375,66.276459,66.941709,5
0,4,768,768,bidiag_vals,1,51.551166,51.471042,51.558625,5
0,4,768,768,cpu_vals,1,19.052375,18.279448,19.950562,8
0,4,768,768,band,1,78.371125,77.582875,78.587042,5
0,4,768,768,band8_vals,1,41.870208,41.140875,41.969625,5
0,4,768,768,band_vals,1,42.145917,42.089250,42.310959,5
0,4,768,768,band32_vals,1,64.569459,64.513333,64.638167,5
0,64,512,64,jacobi,1,11.361145,11.225511,11.526250,14
0,64,512,64,block,1,6.676292,6.580730,6.820709,23
0,64,512,64,qr,1,6.389146,6.348563,6.413666,24
0,64,512,64,qrblock,1,7.375083,7.273333,7.482209,21
0,64,512,64,gk,1,6.233083,6.052625,6.343875,25
0,64,512,64,gk_vals,1,4.740250,4.636791,4.785542,25
0,64,512,64,cpu_vals,1,1.805792,1.727875,1.871834,25
0,64,512,64,gk_share,1,6.031833,5.961584,6.125792,25
0,64,512,64,gk_share_vals,1,4.265083,4.197250,4.334583,25
0,64,512,64,cpu,1,3.412750,3.326625,3.502959,25
0,16,128,32,jacobi,1,1.019500,0.975625,1.036500,25
0,16,128,32,block,1,2.084916,2.067333,2.097083,25
0,16,128,32,qr,1,0.680667,0.666625,0.696291,25
0,16,128,32,qrblock,1,2.090042,2.065625,2.101166,25
0,16,128,32,gk,1,0.846792,0.794708,0.894000,25
0,16,128,32,gk_vals,1,0.555375,0.553750,0.556167,25
0,16,128,32,cpu_vals,1,0.199667,0.179583,0.505166,25
0,16,128,32,cpu,1,0.260375,0.255208,0.263583,25
0,64,192,192,jacobi,1,108.950250,108.924875,109.083500,5
0,64,192,192,block,1,37.461083,37.426458,37.547917,5
0,64,192,192,cpu,1,10.443584,10.262166,10.493042,15
0,64,192,192,bidiag,1,224.274416,224.119083,224.316834,5
0,64,192,192,bidiag_vals,1,155.262750,155.116375,155.267584,5
0,64,192,192,cpu_vals,1,5.237792,5.111375,5.668292,25
0,4,128,8,jacobi,1,0.386250,0.277458,0.407750,25
0,4,128,8,qr,1,0.446417,0.414083,0.454500,25
0,4,128,8,gk,1,0.231667,0.228666,0.234083,25
0,4,128,8,gk_vals,1,0.180375,0.173750,0.209291,25
0,4,128,8,cpu_vals,1,0.020416,0.018708,0.021750,25
0,4,128,8,cpu,1,0.045000,0.044250,0.046125,25
0,16,80,80,jacobi,1,1.801125,1.796875,1.936667,25
0,16,80,80,block,1,4.377167,4.322583,4.424375,25
0,16,80,80,gk,1,2.615833,2.612125,2.622750,25
0,16,80,80,gk_vals,1,1.907500,1.886167,1.925167,25
0,16,80,80,cpu_vals,1,0.463292,0.330708,0.525083,25
0,16,80,80,cpu,1,0.568583,0.563792,0.613458,25
0,1024,32,8,jacobi,1,0.535709,0.523958,0.572625,25
0,1024,32,8,qr,1,1.010208,0.995291,1.017459,25
0,1024,32,8,gk,1,0.471667,0.464833,0.479250,25
0,1024,32,8,gk_vals,1,0.283250,0.260708,0.289083,25
0,1024,32,8,cpu_vals,1,0.464083,0.369458,0.677542,25
0,1024,32,8,gk_share,1,0.670541,0.658833,0.680042,25
0,1024,32,8,gk_share_vals,1,0.407916,0.398834,0.415375,25
0,1024,32,8,cpu,1,0.664834,0.620375,0.682042,25
0,1024,256,64,jacobi,1,104.795875,104.617291,105.196375,5
0,1024,256,64,block,1,45.535875,45.531459,45.767583,5
0,1024,256,64,qr,1,54.646500,54.612042,61.116375,5
0,1024,256,64,qrblock,1,43.537042,43.454750,44.326417,5
0,1024,256,64,gk,1,36.456750,36.384291,36.778959,5
0,1024,256,64,gk_vals,1,19.321437,19.092865,19.458636,8
0,1024,256,64,cpu_vals,1,10.835187,10.587802,10.973604,14
0,1024,256,64,gk_share,1,23.802709,23.304583,24.177438,7
0,1024,256,64,gk_share_vals,1,15.334312,15.113333,15.560188,10
0,1024,256,64,cpu,1,27.188584,26.715729,27.217813,6
0,1024,56,56,jacobi,1,29.088708,28.620219,29.658917,6
0,1024,56,56,block,1,28.213437,28.203594,28.317843,6
0,1024,56,56,gk,1,11.514416,11.507719,11.539240,14
0,1024,56,56,gk_vals,1,4.977000,4.960167,4.983917,25
0,1024,56,56,cpu_vals,1,3.978792,3.671917,3.997917,25
0,1024,56,56,gk_share,1,6.831001,6.786646,6.872927,22
0,1024,56,56,gk_share_vals,1,2.764500,2.759708,2.777459,25
0,1024,56,56,cpu,1,10.649688,10.607719,10.766865,14
0,4096,24,24,jacobi,1,12.233125,12.177125,12.289416,13
0,4096,24,24,gk,1,5.735166,5.723375,5.744417,25
0,4096,24,24,gk_vals,1,2.387000,2.343541,2.392875,25
0,4096,24,24,cpu_vals,1,3.583959,3.252042,3.658000,25
0,4096,24,24,gk_share,1,5.607041,5.529500,5.862542,25
0,4096,24,24,gk_share_vals,1,2.166750,2.140625,2.181708,25
0,4096,24,24,cpu,1,9.600854,9.538469,9.832261,16
0,4,1280,1280,cpu,1,129.480917,125.402167,130.040417,5
0,4,1280,1280,bidiag,1,153.182708,153.149542,153.866333,5
0,4,1280,1280,bidiag_vals,1,116.771875,116.612875,116.880958,5
0,4,1280,1280,cpu_vals,1,57.523333,56.953500,61.199166,5
0,4,1280,1280,band,1,153.075167,151.555750,154.452000,5
0,4,1280,1280,band8_vals,1,79.664459,79.537041,79.673125,5
0,4,1280,1280,band_vals,1,79.615958,78.933042,79.870625,5
0,4,1280,1280,band32_vals,1,118.150916,117.804875,118.401958,5
0,4096,256,8,jacobi,1,4.644833,4.563709,4.702000,25
0,4096,256,8,qr,1,8.293458,8.087438,8.362251,19
0,4096,256,8,gk,1,5.167083,5.081458,5.193458,25
0,4096,256,8,gk_vals,1,2.035292,1.854667,2.151208,25
0,4096,256,8,cpu_vals,1,2.338541,2.324417,2.360000,25
0,4096,256,8,gk_share,1,3.726333,3.691666,3.755708,25
0,4096,256,8,gk_share_vals,1,1.767709,1.740250,1.857625,25
0,4096,256,8,cpu,1,4.614291,4.553292,4.744042,25
0,1024,16,8,jacobi,1,0.494208,0.473792,0.593916,25
0,1024,16,8,qr,1,0.927833,0.917833,0.961666,25
0,1024,16,8,gk,1,0.393750,0.392417,0.396792,25
0,1024,16,8,gk_vals,1,0.277000,0.261709,0.279792,25
0,1024,16,8,cpu_vals,1,0.397042,0.352291,0.627125,25
0,1024,16,8,gk_share,1,0.627250,0.612750,0.653042,25
0,1024,16,8,gk_share_vals,1,0.388000,0.379292,0.405917,25
0,1024,16,8,cpu,1,0.589917,0.553083,0.621958,25
0,64,128,16,jacobi,1,0.862750,0.842958,1.003459,25
0,64,128,16,qr,1,0.711958,0.689917,0.729958,25
0,64,128,16,gk,1,0.403791,0.401875,0.409750,25
0,64,128,16,gk_vals,1,0.298250,0.294625,0.301667,25
0,64,128,16,cpu_vals,1,0.188667,0.179167,0.192417,25
0,64,128,16,gk_share,1,0.496834,0.492958,0.502125,25
0,64,128,16,gk_share_vals,1,0.384417,0.381666,0.387292,25
0,64,128,16,cpu,1,0.293125,0.286959,0.321917,25
0,256,16,16,jacobi,1,0.579292,0.573000,0.590625,25
0,256,16,16,gk,1,0.388791,0.387542,0.392958,25
0,256,16,16,gk_vals,1,0.271917,0.260333,0.282125,25
0,256,16,16,cpu_vals,1,0.237708,0.213458,0.637000,25
0,256,16,16,gk_share,1,0.511583,0.507250,0.520583,25
0,256,16,16,gk_share_vals,1,0.409708,0.388916,0.414625,25
0,256,16,16,cpu,1,0.402584,0.400875,0.410583,25
0,256,128,64,jacobi,1,12.697063,12.354219,13.722906,12
0,256,128,64,block,1,9.333312,9.232448,9.438521,16
0,256,128,64,qr,1,14.443875,14.332645,15.255959,11
0,256,128,64,qrblock,1,12.041292,11.990834,12.200208,13
0,256,128,64,gk,1,9.899166,9.570167,10.063490,16
0,256,128,64,gk_vals,1,5.605542,5.386417,5.668834,25
0,256,128,64,cpu_vals,1,2.638750,2.264375,2.697833,25
0,256,128,64,gk_share,1,8.002667,7.933834,8.308813,19
0,256,128,64,gk_share_vals,1,4.925542,4.686791,5.123792,25
0,256,128,64,cpu,1,5.631000,5.491250,5.909542,25
0,64,1024,64,jacobi,1,38.880500,38.875875,39.105292,5
0,64,1024,64,block,1,11.610375,11.482666,11.684792,13
0,64,1024,64,qr,1,9.540292,9.466646,9.693426,16
0,64,1024,64,qrblock,1,10.359792,10.293292,10.422146,15
0,64,1024,64,gk,1,9.377979,9.346989,9.577011,16
0,64,1024,64,gk_vals,1,6.861896,6.795875,6.938688,22
0,64,1024,64,cpu_vals,1,2.812459,2.709250,3.025333,25
0,64,1024,64,gk_share,1,9.089458,8.946041,9.212875,17
0,64,1024,64,gk_share_vals,1,6.067292,5.951625,6.170834,25
0,64,1024,64,cpu,1,5.875458,5.575250,6.319500,25
0,256,32,32,jacobi,1,1.932458,1.928667,1.989917,25
0,256,32,32,block,1,3.034125,3.016459,3.064209,25
0,256,32,32,gk,1,0.964041,0.914667,0.968834,25
0,256,32,32,gk_vals,1,0.528458,0.519458,0.542417,25
0,256,32,32,cpu_vals,1,0.478292,0.431750,0.646416,25
0,256,32,32,gk_share,1,0.876209,0.875250,0.882041,25
0,256,32,32,gk_share_vals,1,0.597042,0.596333,0.599458,25
0,256,32,32,cpu,1,1.111500,1.087667,1.142792,25
0,1,32,32,jacobi,1,0.993583,0.821042,1.048250,25
0,1,32,32,block,1,2.356833,2.299959,2.443000,25
0,1,32,32,gk,1,0.700750,0.640667,0.716250,25
0,1,32,32,gk_vals,1,0.487708,0.471291,0.524125,25
0,1,32,32,cpu_vals,1,0.019375,0.019250,0.019500,25
0,1,32,32,cpu,1,0.060500,0.060375,0.061500,25
0,1,2048,2048,cpu,1,433.803458,433.124416,434.195646,3
0,1,2048,2048,bidiag,1,118.706792,118.553208,119.152792,5
0,1,2048,2048,bidiag_vals,1,84.430833,84.403334,84.499875,5
0,1,2048,2048,cpu_vals,1,191.674208,191.635958,191.755125,5
0,1,2048,2048,band,1,78.505708,77.834792,78.847041,5
0,1,2048,2048,band8_vals,1,62.995834,62.781625,63.027417,5
0,1,2048,2048,band_vals,1,50.964458,50.824375,51.444084,5
0,1,2048,2048,band32_vals,1,74.566542,73.324500,74.640458,5
0,1024,48,48,jacobi,1,20.529646,20.488562,20.583146,8
0,1024,48,48,block,1,25.905353,25.858010,25.991979,6
0,1024,48,48,gk,1,7.184959,7.167917,7.230250,21
0,1024,48,48,gk_vals,1,3.260917,3.256375,3.268750,25
0,1024,48,48,cpu_vals,1,3.160083,2.734291,3.245416,25
0,1024,48,48,gk_share,1,5.186791,5.163167,5.219875,25
0,1024,48,48,gk_share_vals,1,2.206959,2.198750,2.213791,25
0,1024,48,48,cpu,1,9.003625,8.783916,9.170500,17
0,256,24,24,jacobi,1,1.442666,1.374500,1.611250,25
0,256,24,24,gk,1,0.626625,0.616125,0.635500,25
0,256,24,24,gk_vals,1,0.380125,0.375875,0.384167,25
0,256,24,24,cpu_vals,1,0.313583,0.299250,0.650709,25
0,256,24,24,gk_share,1,0.686209,0.681000,0.700208,25
0,256,24,24,gk_share_vals,1,0.485042,0.480250,0.505000,25
0,256,24,24,cpu,1,0.738125,0.710042,0.756417,25
0,64,256,32,jacobi,1,1.278292,1.247750,1.298542,25
0,64,256,32,block,1,2.604625,2.568625,2.616250,25
0,64,256,32,qr,1,1.586667,1.521791,1.607875,25
0,64,256,32,qrblock,1,2.745958,2.699125,2.780917,25
0,64,256,32,gk,1,1.713792,1.630292,1.744583,25
0,64,256,32,gk_vals,1,0.993667,0.957125,1.099333,25
0,64,256,32,cpu_vals,1,0.395916,0.370292,0.618875,25
0,64,256,32,gk_share,1,1.850708,1.804666,1.890958,25
0,64,256,32,gk_share_vals,1,1.039750,1.015875,1.104916,25
0,64,256,32,cpu,1,0.711459,0.695291,0.727875,25
0,16,16,8,jacobi,1,0.330916,0.321459,0.333375,25
0,16,16,8,qr,1,0.429667,0.411125,0.448833,25
0,16,16,8,gk,1,0.229209,0.216209,0.231792,25
0,16,16,8,gk_vals,1,0.182958,0.177792,0.198458,25
0,16,16,8,cpu_vals,1,0.054917,0.053834,0.058000,25
0,16,16,8,cpu,1,0.100416,0.079958,0.103875,25
0,1,1024,256,jacobi,1,85.276167,85.272125,85.288875,5
0,1,1024,256,block,1,15.738750,15.559969,15.837927,10
0,1,1024,256,qr,1,31.537958,31.515375,31.572291,5
0,1,1024,256,qrblock,1,14.071584,13.983021,14.193250,11
0,1,1024,256,cpu,1,6.658875,6.561729,6.722479,23
0,1,1024,256,bidiag,1,8.849500,8.812000,8.891250,17
0,1,1024,256,bidiag_vals,1,6.852459,6.798490,6.888687,22
0,1,1024,256,cpu_vals,1,2.979166,2.973250,2.985459,25
0,64,56,56,jacobi,1,2.221500,2.170042,2.235083,25
0,64,56,56,block,1,3.817125,3.736417,3.925833,25
0,64,56,56,gk,1,1.556834,1.500084,1.604167,25
0,64,56,56,gk_vals,1,1.072500,1.062667,1.155584,25
0,64,56,56,cpu_vals,1,0.350666,0.331791,0.654458,25
0,64,56,56,gk_share,1,1.668750,1.617375,1.701834,25
0,64,56,56,gk_share_vals,1,1.266000,1.210667,1.278792,25
0,64,56,56,cpu,1,0.814041,0.803250,0.828833,25
0,1,1536,1536,cpu,1,176.973875,176.910166,177.049750,5
0,1,1536,1536,bidiag,1,67.108459,66.159541,67.147792,5
0,1,1536,1536,bidiag_vals,1,44.966750,44.949875,44.995042,5
0,1,1536,1536,cpu_vals,1,84.564792,84.527375,84.601333,5
0,1,1536,1536,band,1,49.677875,49.458083,49.996042,5
0,1,1536,1536,band8_vals,1,34.820958,34.638458,34.850334,5
0,1,1536,1536,band_vals,1,31.839166,31.390584,32.061125,5
0,1,1536,1536,band32_vals,1,44.327458,44.226708,44.414833,5
0,4096,32,32,jacobi,1,23.032750,22.940667,23.166771,7
0,4096,32,32,block,1,22.520708,22.366917,22.568938,7
0,4096,32,32,gk,1,9.320250,9.266042,9.367083,17
0,4096,32,32,gk_vals,1,4.186917,4.180417,4.196791,25
0,4096,32,32,cpu_vals,1,5.300250,5.244750,5.344625,25
0,4096,32,32,gk_share,1,7.306959,7.186917,7.739417,21
0,4096,32,32,gk_share_vals,1,3.435625,3.368583,3.702666,25
0,4096,32,32,cpu,1,15.594583,15.539302,15.734489,10
0,1,1024,1024,jacobi,1,2873.741417,2873.678271,2873.851000,3
0,1,1024,1024,block,1,115.040792,115.033208,115.096833,5
0,1,1024,1024,cpu,1,78.566375,78.222708,80.388167,5
0,1,1024,1024,bidiag,1,34.948500,33.838500,35.759792,5
0,1,1024,1024,bidiag_vals,1,20.816250,20.748115,20.909916,8
0,1,1024,1024,cpu_vals,1,35.525333,35.524541,35.535500,5
0,1,1024,1024,band,1,28.121291,28.056666,28.214635,6
0,1,1024,1024,band8_vals,1,19.104104,18.980833,19.425761,8
0,1,1024,1024,band_vals,1,19.658459,19.409646,19.867104,8
0,1,1024,1024,band32_vals,1,27.445625,27.395323,27.477709,6
0,256,256,256,jacobi,1,1117.391042,1116.584584,1118.080604,3
0,256,256,256,block,1,345.217250,344.942708,345.585438,3
0,256,256,256,cpu,1,77.897792,77.129625,78.490333,5
0,4096,128,128,jacobi,1,1954.003375,1953.533229,1954.166042,3
0,4096,128,128,block,1,761.534709,761.076396,762.085333,3
0,4096,128,128,cpu,1,299.492750,299.380188,302.624834,3
0,16,512,128,jacobi,1,13.791750,13.784541,13.804688,11
0,16,512,128,block,1,8.765208,8.725479,8.807000,18
0,16,512,128,qr,1,6.762125,6.703521,6.858000,23
0,16,512,128,qrblock,1,8.774334,8.649678,8.868438,18
0,16,512,128,cpu,1,3.592250,3.515167,3.707791,25
0,16,512,128,bidiag,1,47.645167,47.575083,47.864166,5
0,16,512,128,bidiag_vals,1,34.716041,34.527958,35.047958,5
0,16,512,128,cpu_vals,1,2.128708,2.019417,2.372416,25
0,4,64,64,jacobi,1,1.029833,0.985542,1.045750,25
0,4,64,64,block,1,2.864791,2.821333,2.884375,25
0,4,64,64,gk,1,1.762917,1.718292,1.770083,25
0,4,64,64,gk_vals,1,1.330583,1.310917,1.362708,25
0,4,64,64,cpu_vals,1,0.101208,0.100416,0.103875,25
0,4,64,64,cpu,1,0.226542,0.225417,0.229375,25
0,4,16,16,jacobi,1,0.215167,0.203125,0.218250,25
0,4,16,16,gk,1,0.298416,0.290417,0.314958,25
0,4,16,16,gk_vals,1,0.251500,0.248667,0.275000,25
0,4,16,16,cpu_vals,1,0.027292,0.026834,0.028000,25
0,4,16,16,cpu,1,0.042333,0.041833,0.042917,25
0,256,56,56,jacobi,1,7.271250,7.242458,7.308625,21
0,256,56,56,block,1,8.468646,8.324739,8.546083,18
0,256,56,56,gk,1,3.329917,3.324000,3.336792,25
0,256,56,56,gk_vals,1,1.536500,1.526625,1.579458,25
0,256,56,56,cpu_vals,1,1.054417,1.005875,1.134917,25
0,256,56,56,gk_share,1,3.046625,3.017417,3.066542,25
0,256,56,56,gk_share_vals,1,1.638792,1.617459,1.954375,25
0,256,56,56,cpu,1,2.790333,2.772667,2.895250,25
0,16,1024,32,jacobi,1,1.126292,1.121875,1.451666,25
0,16,1024,32,block,1,4.370792,4.285000,4.424208,25
0,16,1024,32,qr,1,1.234208,1.199583,1.257584,25
0,16,1024,32,qrblock,1,2.683750,2.659834,2.718875,25
0,16,1024,32,gk,1,1.761708,1.683959,1.797834,25
0,16,1024,32,gk_vals,1,1.080333,1.066708,1.091459,25
0,16,1024,32,cpu_vals,1,0.354375,0.308000,0.569833,25
0,16,1024,32,cpu,1,0.667167,0.635416,0.713542,25
0,1,192,192,jacobi,1,13.846583,13.841000,13.852708,11
0,1,192,192,block,1,9.303917,9.222208,9.361625,17
0,1,192,192,cpu,1,1.916167,1.893875,1.926875,25
0,1,192,192,bidiag,1,4.093625,4.082041,4.143292,25
0,1,192,192,bidiag_vals,1,2.652167,2.645625,2.709458,25
0,1,192,192,cpu_vals,1,0.851750,0.847291,0.857208,25
0,1,512,256,jacobi,1,46.391666,46.371208,46.402167,5
0,1,512,256,block,1,12.301250,12.223792,12.350083,13
0,1,512,256,qr,1,31.216333,31.207791,31.242542,5
0,1,512,256,qrblock,1,12.249375,12.135291,12.310709,13
0,1,512,256,cpu,1,5.329542,5.254250,5.425667,25
0,1,512,256,bidiag,1,7.548730,7.496688,7.652041,20
0,1,512,256,bidiag_vals,1,5.633292,5.600625,5.652041,25
0,1,512,256,cpu_vals,1,2.407375,2.395334,2.414208,25
0,4,1024,256,jacobi,1,105.729333,105.685667,105.774875,5
0,4,1024,256,block,1,19.708417,19.672938,19.751291,8
0,4,1024,256,qr,1,32.657917,32.579375,32.659625,5
0,4,1024,256,qrblock,1,16.001417,15.799990,16.258344,10
0,4,1024,256,cpu,1,7.786521,7.719729,7.977208,20
0,4,1024,256,bidiag,1,31.814375,31.700375,32.150166,5
0,4,1024,256,bidiag_vals,1,26.187334,26.111781,26.280010,6
0,4,1024,256,cpu_vals,1,3.927500,3.572375,4.157125,25
0,16,32,8,jacobi,1,0.349334,0.336167,0.363250,25
0,16,32,8,qr,1,0.416250,0.409583,0.422583,25
0,16,32,8,gk,1,0.228708,0.223500,0.231667,25
0,16,32,8,gk_vals,1,0.181458,0.178042,0.188792,25
0,16,32,8,cpu_vals,1,0.064958,0.064333,0.066542,25
0,16,32,8,cpu,1,0.108458,0.079209,0.116167,25
0,1024,512,64,jacobi,1,137.184417,137.013166,137.299083,5
0,1024,512,64,block,1,71.471084,70.904458,72.317291,5
0,1024,512,64,qr,1,73.980083,73.191041,76.377833,5
0,1024,512,64,qrblock,1,60.571334,60.389083,60.656708,5
0,1024,512,64,gk,1,56.183625,56.151125,56.405333,5
0,1024,512,64,gk_vals,1,29.904208,29.774959,30.244042,5
0,1024,512,64,cpu_vals,1,19.242125,19.141229,19.400823,8
0,1024,512,64,gk_share,1,40.563000,38.730084,42.063542,5
0,1024,512,64,gk_share_vals,1,24.539666,23.952666,25.993855,7
0,1024,512,64,cpu,1,42.563167,41.529000,43.097208,5
0,16,4,4,jacobi,1,0.220583,0.207750,0.231958,25
0,16,4,4,gk,1,0.300875,0.280917,0.307333,25
0,16,4,4,gk_vals,1,0.262792,0.246208,0.270459,25
0,16,4,4,cpu_vals,1,0.029083,0.028625,0.036000,25
0,16,4,4,cpu,1,0.041458,0.041167,0.042000,25
0,256,256,16,jacobi,1,1.312625,1.286042,1.327167,25
0,256,256,16,qr,1,1.675125,1.632208,2.164750,25
0,256,256,16,gk,1,1.191209,1.158917,1.206666,25
0,256,256,16,gk_vals,1,0.579375,0.572667,0.585667,25
0,256,256,16,cpu_vals,1,0.665750,0.412833,0.749667,25
0,256,256,16,gk_share,1,0.942000,0.921250,0.971417,25
0,256,256,16,gk_share_vals,1,0.548542,0.543459,0.551792,25
0,256,256,16,cpu,1,0.977875,0.931250,1.535542,25
0,64,512,512,jacobi,1,4137.324917,4136.625896,4138.811500,3
0,64,512,512,block,1,630.713625,630.639125,631.221604,3
0,64,512,512,cpu,1,99.099792,98.984792,100.838042,5
0,64,512,512,bidiag,1,633.607583,632.995770,634.429813,3
0,64,512,512,bidiag_vals,1,455.503541,455.390833,455.719416,3
0,64,512,512,cpu_vals,1,51.506167,51.049042,52.207583,5
0,64,512,512,band,1,756.316791,754.745958,756.565145,3
0,64,512,512,band8_vals,1,330.189833,330.110166,330.271542,3
0,64,512,512,band_vals,1,352.582750,352.558625,352.658063,3
0,64,512,512,band32_vals,1,566.056666,565.790249,566.128604,3
0,1,64,8,jacobi,1,0.329583,0.320375,0.339833,25
0,1,64,8,qr,1,0.477083,0.431417,0.531000,25
0,1,64,8,gk,1,0.255625,0.252333,0.259917,25
0,1,64,8,gk_vals,1,0.251375,0.226833,0.269500,25
0,1,64,8,cpu_vals,1,0.006542,0.006541,0.006584,25
0,1,64,8,cpu,1,0.012084,0.012042,0.012291,25
0,4,1024,64,jacobi,1,4.584625,4.574625,4.600167,25
0,4,1024,64,block,1,5.430750,5.360958,5.544250,25
0,4,1024,64,qr,1,2.116208,2.082167,2.137209,25
0,4,1024,64,qrblock,1,3.642958,3.622459,3.656667,25
0,4,1024,64,gk,1,3.189375,3.160292,3.210500,25
0,4,1024,64,gk_vals,1,2.503500,2.481458,2.526375,25
0,4,1024,64,cpu_vals,1,0.555542,0.547167,0.568875,25
0,4,1024,64,cpu,1,1.111917,1.103458,1.120209,25
0,16,96,96,jacobi,1,2.293125,2.290708,2.304292,25
0,16,96,96,block,1,4.688750,4.639125,4.729833,25
0,16,96,96,cpu,1,0.879166,0.852417,1.300625,25
0,1024,40,40,jacobi,1,12.302375,12.203042,12.469417,13
0,1024,40,40,block,1,23.647666,23.594020,23.716146,7
0,1024,40,40,gk,1,4.834292,4.820708,4.850584,25
0,1024,40,40,gk_vals,1,2.193541,2.186375,2.201167,25
0,1024,40,40,cpu_vals,1,2.000500,1.912333,2.536625,25
0,1024,40,40,gk_share,1,4.291500,3.693708,4.348083,25
0,1024,40,40,gk_share_vals,1,1.676250,1.671333,1.681583,25
0,1024,40,40,cpu,1,6.500730,6.288427,6.670615,24
0,1,64,32,jacobi,1,0.424875,0.400833,0.960084,25
0,1,64,32,block,1,2.083958,2.059750,2.126459,25
0,1,64,32,qr,1,0.507750,0.499542,0.522875,25
0,1,64,32,qrblock,1,2.350375,2.276625,2.395583,25
0,1,64,32,gk,1,0.743042,0.687417,0.766791,25
0,1,64,32,gk_vals,1,0.516709,0.498875,0.527875,25
0,1,64,32,cpu_vals,1,0.027583,0.026917,0.028208,25
0,1,64,32,cpu,1,0.071500,0.069667,0.072833,25
0,16,1024,1024,jacobi,1,9190.182333,9186.876749,9191.872896,3
0,16,1024,1024,block,1,1228.824041,1227.091437,1230.102771,3
0,16,1024,1024,cpu,1,309.153959,306.989980,309.327688,3
0,16,1024,1024,bidiag,1,408.628292,408.537604,409.035292,3
0,16,1024,1024,bidiag_vals,1,299.601188,299.223281,300.031646,4
0,16,1024,1024,cpu_vals,1,218.553708,216.881667,221.773084,5
0,16,1024,1024,band,1,455.893833,454.031208,458.376812,3
0,16,1024,1024,band8_vals,1,209.288542,209.003084,209.841042,5
0,16,1024,1024,band_vals,1,216.541333,216.369125,216.747625,5
0,16,1024,1024,band32_vals,1,336.144125,336.047375,336.161125,3
0,256,128,32,jacobi,1,2.705083,2.681959,2.733625,25
0,256,128,32,block,1,3.667083,3.609417,3.709250,25
0,256,128,32,qr,1,2.920084,2.892417,3.104250,25
0,256,128,32,qrblock,1,3.870500,3.816708,3.948459,25
0,256,128,32,gk,1,2.271083,2.208500,2.288750,25
0,256,128,32,gk_vals,1,1.356375,1.335583,1.380125,25
0,256,128,32,cpu_vals,1,0.784000,0.726375,1.319584,25
0,256,128,32,gk_share,1,1.778500,1.734708,1.788708,25
0,256,128,32,gk_share_vals,1,1.125584,1.061833,1.146584,25
0,256,128,32,cpu,1,1.735625,1.709834,2.321291,25
0,16,192,192,jacobi,1,18.385958,18.360875,18.405500,9
0,16,192,192,block,1,12.877375,12.846135,12.968656,12
0,16,192,192,cpu,1,3.246417,3.169750,3.557791,25
0,16,192,192,bidiag,1,55.625333,55.535584,55.849958,5
0,16,192,192,bidiag_vals,1,38.617834,38.559083,38.759500,5
0,16,192,192,cpu_vals,1,1.761542,1.564208,2.135750,25
0,4,1024,128,jacobi,1,19.669355,19.657292,19.691094,8
0,4,1024,128,block,1,8.963417,8.876625,9.044000,17
0,4,1024,128,qr,1,6.461979,6.209635,6.575197,24
0,4,1024,128,qrblock,1,7.623042,7.538542,7.806344,20
0,4,1024,128,cpu,1,2.667584,2.616041,2.779875,25
0,4,1024,128,bidiag,1,14.191458,14.127146,14.231625,11
0,4,1024,128,bidiag_vals,1,11.451249,10.934823,11.547480,14
0,4,1024,128,cpu_vals,1,1.405417,1.357792,1.464750,25
0,4,8,8,jacobi,1,0.312333,0.288792,0.323125,25
0,4,8,8,gk,1,0.256875,0.244709,0.326250,25
0,4,8,8,gk_vals,1,0.212750,0.200542,0.231459,25
0,4,8,8,cpu_vals,1,0.018791,0.017667,0.019542,25
0,4,8,8,cpu,1,0.019417,0.019292,0.019666,25
0,16,512,16,jacobi,1,0.454375,0.441083,0.544167,25
0,16,512,16,qr,1,0.651375,0.637416,0.689333,25
0,16,512,16,gk,1,0.789750,0.772625,0.806166,25
0,16,512,16,gk_vals,1,0.429084,0.416584,0.631833,25
0,16,512,16,cpu_vals,1,0.150917,0.140500,0.543792,25
0,16,512,16,cpu,1,0.243875,0.214666,0.631792,25
0,4096,128,8,jacobi,1,2.802875,2.774875,2.852000,25
0,4096,128,8,qr,1,5.307875,5.050708,5.419250,25
0,4096,128,8,gk,1,2.930083,2.913916,2.962791,25
0,4096,128,8,gk_vals,1,1.187000,1.144667,1.502250,25
0,4096,128,8,cpu_vals,1,1.997750,1.971667,2.064375,25
0,4096,128,8,gk_share,1,2.721667,2.709417,2.736167,25
0,4096,128,8,gk_share_vals,1,1.263875,1.255500,1.271667,25
0,4096,128,8,cpu,1,3.460875,3.116667,3.557333,25
0,1024,80,80,jacobi,1,107.229625,107.058875,107.649875,5
0,1024,80,80,block,1,78.610625,78.478166,78.616458,5
0,1024,80,80,gk,1,38.454791,38.273417,38.498750,5
0,1024,80,80,gk_vals,1,16.341500,16.328730,16.364854,10
0,1024,80,80,cpu_vals,1,13.646000,13.578458,13.770937,11
0,1024,80,80,gk_share,1,18.175000,18.146875,18.222250,9
0,1024,80,80,gk_share_vals,1,9.267083,9.212041,9.337500,17
0,1024,80,80,cpu,1,25.800958,25.663521,25.829489,6
0,1,16,8,jacobi,1,0.253750,0.251709,0.260667,25
0,1,16,8,qr,1,0.439750,0.417875,0.456417,25
0,1,16,8,gk,1,0.316375,0.301792,0.332667,25
0,1,16,8,gk_vals,1,0.208167,0.198416,0.244542,25
0,1,16,8,cpu_vals,1,0.006083,0.006042,0.006167,25
0,1,16,8,cpu,1,0.010583,0.010500,0.010750,25
0,4,24,24,jacobi,1,0.640375,0.244708,0.759834,25
0,4,24,24,gk,1,0.509541,0.500041,0.560916,25
0,4,24,24,gk_vals,1,0.353167,0.349541,0.383834,25
0,4,24,24,cpu_vals,1,0.033792,0.029667,0.035583,25
0,4,24,24,cpu,1,0.059750,0.058917,0.060583,25
0,16,8,8,jacobi,1,0.244667,0.227917,0.260750,25
0,16,8,8,gk,1,0.307458,0.228709,0.322166,25
0,16,8,8,gk_vals,1,0.195250,0.177417,0.200666,25
0,16,8,8,cpu_vals,1,0.047458,0.038833,0.049167,25
0,16,8,8,cpu,1,0.081875,0.068250,0.082833,25
0,256,8,8,jacobi,1,0.312958,0.299917,0.608459,25
0,256,8,8,gk,1,0.273958,0.267042,0.278000,25
0,256,8,8,gk_vals,1,0.206083,0.202666,0.211208,25
0,256,8,8,cpu_vals,1,0.151792,0.148375,0.579667,25
0,256,8,8,gk_share,1,0.380000,0.373791,0.386917,25
0,256,8,8,gk_share_vals,1,0.333875,0.329375,0.341792,25
0,256,8,8,cpu,1,0.196208,0.192417,0.200250,25
0,16,256,16,jacobi,1,0.839667,0.774750,0.896375,25
0,16,256,16,qr,1,0.540458,0.536042,0.558167,25
0,16,256,16,gk,1,0.377042,0.375292,0.379083,25
0,16,256,16,gk_vals,1,0.296792,0.286750,0.299583,25
0,16,256,16,cpu_vals,1,0.131625,0.113625,0.264334,25
0,16,256,16,cpu,1,0.194125,0.191333,0.242917,25
0,64,2048,256,jacobi,1,2407.858292,2406.730917,2407.964042,3
0,64,2048,256,block,1,281.620042,280.619625,282.245541,5
0,64,2048,256,qr,1,314.297625,313.869833,316.856334,3
0,64,2048,256,qrblock,1,137.788500,137.232750,138.612333,5
0,64,2048,256,cpu,1,70.119167,69.664084,71.485375,5
0,64,2048,256,bidiag,1,665.060250,664.666625,665.142709,3
0,64,2048,256,bidiag_vals,1,553.797542,552.565959,554.022104,3
0,64,2048,256,cpu_vals,1,30.844542,30.701041,31.135292,5
0,16,40,40,jacobi,1,0.550083,0.538250,0.996334,25
0,16,40,40,block,1,2.486917,2.466875,2.518250,25
0,16,40,40,gk,1,0.891792,0.814416,0.921875,25
0,16,40,40,gk_vals,1,0.729834,0.709875,0.735709,25
0,16,40,40,cpu_vals,1,0.169709,0.142792,0.253250,25
0,16,40,40,cpu,1,0.246041,0.242000,0.250875,25
0,1024,2048,128,qr,1,761.999792,759.239104,763.911979,3
0,1024,2048,128,qrblock,1,478.865708,472.806729,486.600437,3
0,1024,2048,128,cpu,1,410.355958,410.122958,412.093020,3
0,4096,40,40,jacobi,1,44.792375,44.474042,45.338417,5
0,4096,40,40,block,1,91.614708,91.575625,91.718292,5
0,4096,40,40,gk,1,18.379834,18.331917,18.470708,9
0,4096,40,40,gk_vals,1,7.366292,7.361750,7.377583,21
0,4096,40,40,cpu_vals,1,7.522750,7.450292,7.604083,21
0,4096,40,40,gk_share,1,12.870646,12.805906,12.993260,12
0,4096,40,40,gk_share_vals,1,4.508542,4.460125,4.564709,25
0,4096,40,40,cpu,1,23.714167,23.682459,23.918334,7
0,16,768,768,jacobi,1,3747.639209,3737.105917,3751.003750,3
0,16,768,768,block,1,531.708292,531.372875,532.268229,3
0,16,768,768,cpu,1,87.315000,86.771833,88.562875,5
0,16,768,768,bidiag,1,264.985334,264.134250,265.367834,5
0,16,768,768,bidiag_vals,1,195.281042,195.014125,195.482459,5
0,16,768,768,cpu_vals,1,50.111750,49.904459,51.357000,5
0,16,768,768,band,1,302.033916,301.440229,303.279312,3
0,16,768,768,band8_vals,1,143.880709,143.831416,143.984166,5
0,16,768,768,band_vals,1,151.167083,151.142000,151.171416,5
0,16,768,768,band32_vals,1,238.346125,238.322333,238.355625,5
0,4,256,128,jacobi,1,5.375792,5.370417,5.385000,25
0,4,256,128,block,1,5.827875,5.766375,5.897500,25
0,4,256,128,qr,1,4.768291,4.758459,4.791417,25
0,4,256,128,qrblock,1,6.129792,6.060208,6.240208,25
0,4,256,128,cpu,1,1.889708,1.866541,1.906667,25
0,4,256,128,bidiag,1,10.777313,10.724135,10.824396,14
0,4,256,128,bidiag_vals,1,7.456167,7.445583,7.457625,21
0,4,256,128,cpu_vals,1,1.097292,1.086083,1.105417,25
0,1,16,16,jacobi,1,0.494292,0.472375,0.514209,25
0,1,16,16,gk,1,0.346834,0.327584,0.385084,25
0,1,16,16,gk_vals,1,0.255834,0.247459,0.260416,25
0,1,16,16,cpu_vals,1,0.008541,0.008500,0.008542,25
0,1,16,16,cpu,1,0.018750,0.018625,0.018834,25
0,1024,4,4,jacobi,1,0.360084,0.346041,0.373875,25
0,1024,4,4,gk,1,0.350125,0.244167,0.364292,25
0,1024,4,4,gk_vals,1,0.203375,0.200875,0.207875,25
0,1024,4,4,cpu_vals,1,0.203083,0.174792,0.249709,25
0,1024,4,4,gk_share,1,0.373583,0.365917,0.384750,25
0,1024,4,4,gk_share_vals,1,0.313292,0.306125,0.323625,25
0,1024,4,4,cpu,1,0.244750,0.243667,0.248375,25
0,4,16,8,jacobi,1,0.308250,0.293917,0.324875,25
0,4,16,8,qr,1,0.470375,0.455958,0.499833,25
0,4,16,8,gk,1,0.215333,0.212833,0.257750,25
0,4,16,8,gk_vals,1,0.190291,0.179375,0.233000,25
0,4,16,8,cpu_vals,1,0.019667,0.018416,0.021792,25
0,4,16,8,cpu,1,0.026625,0.024000,0.027042,25
0,1024,128,16,jacobi,1,2.515167,2.507458,2.542458,25
0,1024,128,16,qr,1,3.184208,3.074416,3.352750,25
0,1024,128,16,gk,1,2.085625,2.055458,2.108541,25
0,1024,128,16,gk_vals,1,0.984542,0.904333,0.999875,25
0,1024,128,16,cpu_vals,1,1.537042,1.103459,1.560042,25
0,1024,128,16,gk_share,1,1.955625,1.904333,2.039333,25
0,1024,128,16,gk_share_vals,1,0.859875,0.853042,0.870166,25
0,1024,128,16,cpu,1,2.911959,2.418167,2.956792,25
0,4096,64,16,jacobi,1,6.197333,6.147875,6.213000,25
0,4096,64,16,qr,1,9.057958,8.823500,9.350792,17
0,4096,64,16,gk,1,4.644833,4.605291,4.671750,25
0,4096,64,16,gk_vals,1,1.949625,1.945375,1.958667,25
0,4096,64,16,cpu_vals,1,3.164291,2.816625,3.230916,25
0,4096,64,16,gk_share,1,3.963625,3.942708,3.999042,25
0,4096,64,16,gk_share_vals,1,1.630959,1.625250,1.653708,25
0,4096,64,16,cpu,1,7.818604,7.663188,7.874510,20
0,4,2048,64,jacobi,1,8.611251,8.605437,8.621291,18
0,4,2048,64,block,1,8.266084,8.199416,8.289230,19
0,4,2048,64,qr,1,3.401166,3.369625,3.478625,25
0,4,2048,64,qrblock,1,5.112583,4.997292,5.198250,25
0,4,2048,64,gk,1,4.523250,4.476125,4.563167,25
0,4,2048,64,gk_vals,1,3.641250,3.558833,3.696583,25
0,4,2048,64,cpu_vals,1,0.981917,0.964167,1.009084,25
0,4,2048,64,cpu,1,1.971125,1.953709,1.985125,25
0,1,32,8,jacobi,1,0.327833,0.309792,0.349833,25
0,1,32,8,qr,1,0.393458,0.378375,0.404917,25
0,1,32,8,gk,1,0.255959,0.246625,0.271125,25
0,1,32,8,gk_vals,1,0.212166,0.201541,0.245542,25
0,1,32,8,cpu_vals,1,0.005917,0.005875,0.006000,25
0,1,32,8,cpu,1,0.010459,0.010375,0.010583,25
0,16,24,24,jacobi,1,0.346209,0.343500,0.365333,25
0,16,24,24,gk,1,0.679500,0.528833,0.765208,25
0,16,24,24,gk_vals,1,0.367417,0.364292,0.370291,25
0,16,24,24,cpu_vals,1,0.082917,0.081125,0.095208,25
0,16,24,24,cpu,1,0.166167,0.159292,0.172542,25
0,1024,1024,64,jacobi,1,623.492750,623.240063,623.935396,3
0,1024,1024,64,block,1,122.157083,121.916125,122.164500,5
0,1024,1024,64,qr,1,104.782792,103.891000,104.795333,5
0,1024,1024,64,qrblock,1,92.156875,90.889792,92.331500,5
0,1024,1024,64,gk,1,91.083375,90.854875,91.705500,5
0,1024,1024,64,gk_vals,1,47.837125,47.766875,48.663792,5
0,1024,1024,64,cpu_vals,1,33.124416,33.076625,33.344834,5
0,1024,1024,64,gk_share,1,70.030834,68.228042,73.578083,5
0,1024,1024,64,gk_share_vals,1,43.052083,42.665375,43.059000,5
0,1024,1024,64,cpu,1,69.868708,69.254584,70.059041,5
0,16,512,256,jacobi,1,96.126375,96.114042,96.155542,5
0,16,512,256,block,1,26.784250,26.622114,26.850666,6
0,16,512,256,qr,1,64.302916,64.238583,64.332083,5
0,16,512,256,qrblock,1,25.169834,24.960906,25.313948,6
0,16,512,256,cpu,1,8.825646,8.728042,8.861063,18
0,16,512,256,bidiag,1,106.837167,106.201167,107.031583,5
0,16,512,256,bidiag_vals,1,77.665250,76.274042,77.764375,5
0,16,512,256,cpu_vals,1,5.815542,5.699917,6.408375,25
0,1024,64,16,jacobi,1,1.912792,1.861625,1.929000,25
0,1024,64,16,qr,1,2.491166,2.458916,3.117042,25
0,1024,64,16,gk,1,1.437334,1.421750,1.461917,25
0,1024,64,16,gk_vals,1,0.745792,0.697709,0.753291,25
0,1024,64,16,cpu_vals,1,0.906916,0.803458,1.425291,25
0,1024,64,16,gk_share,1,1.585875,1.573625,1.598333,25
0,1024,64,16,gk_share_vals,1,0.969625,0.954000,0.979667,25
0,1024,64,16,cpu,1,2.071834,2.000334,2.573584,25
0,1,512,64,jacobi,1,1.971542,1.966542,1.974833,25
0,1,512,64,block,1,3.947292,3.924708,3.983000,25
0,1,512,64,qr,1,1.337250,1.282458,1.377500,25
0,1,512,64,qrblock,1,2.870000,2.861917,2.901917,25
0,1,512,64,gk,1,2.414958,2.384042,2.420750,25
0,1,512,64,gk_vals,1,1.799416,1.784958,1.839291,25
0,1,512,64,cpu_vals,1,0.182625,0.181750,0.184583,25
0,1,512,64,cpu,1,0.421833,0.419125,0.424709,25
0,1,256,8,jacobi,1,0.438667,0.408875,0.478875,25
0,1,256,8,qr,1,0.389666,0.375042,0.417750,25
0,1,256,8,gk,1,0.258750,0.252417,0.264542,25
0,1,256,8,gk_vals,1,0.257541,0.252041,0.264166,25
0,1,256,8,cpu_vals,1,0.008917,0.008875,0.008959,25
0,1,256,8,cpu,1,0.017084,0.017042,0.017208,25
0,64,32,32,jacobi,1,0.697541,0.693416,0.800209,25
0,64,32,32,block,1,2.264625,2.222792,2.299834,25
0,64,32,32,gk,1,0.772125,0.703792,0.815042,25
0,64,32,32,gk_vals,1,0.497250,0.486333,0.535916,25
0,64,32,32,cpu_vals,1,0.212166,0.192000,0.637000,25
0,64,32,32,gk_share,1,0.854292,0.791292,0.904958,25
0,64,32,32,gk_share_vals,1,0.573416,0.570500,0.581250,25
0,64,32,32,cpu,1,0.386875,0.384458,0.391917,25
0,1,256,32,jacobi,1,0.480750,0.468750,0.556167,25
0,1,256,32,block,1,2.316375,2.274250,2.365000,25
0,1,256,32,qr,1,0.567416,0.551709,0.579833,25
0,1,256,32,qrblock,1,2.339041,2.259667,2.369625,25
0,1,256,32,gk,1,1.112333,1.066250,1.128083,25
0,1,256,32,gk_vals,1,0.604708,0.600125,0.609625,25
0,1,256,32,cpu_vals,1,0.053166,0.053042,0.053250,25
0,1,256,32,cpu,1,0.115000,0.114208,0.117000,25
0,1,80,80,jacobi,1,1.531083,1.520666,1.543083,25
0,1,80,80,block,1,3.878125,3.791583,3.974542,25
0,1,80,80,gk,1,2.449125,2.424917,2.450792,25
0,1,80,80,gk_vals,1,1.840916,1.814500,1.841709,25
0,1,80,80,cpu_vals,1,0.194375,0.188167,0.195167,25
0,1,80,80,cpu,1,0.366833,0.364375,0.370208,25
0,1024,64,32,jacobi,1,7.450125,7.362042,7.510667,21
0,1024,64,32,block,1,7.259375,7.159000,7.289125,21
0,1024,64,32,qr,1,9.425791,9.102542,9.622438,16
0,1024,64,32,qrblock,1,8.872625,8.740292,9.324333,17
0,1024,64,32,gk,1,4.261709,4.243209,4.275959,25
0,1024,64,32,gk_vals,1,2.356125,2.347416,2.361542,25
0,1024,64,32,cpu_vals,1,2.474041,1.973000,2.534084,25
0,1024,64,32,gk_share,1,3.680292,3.625125,3.695584,25
0,1024,64,32,gk_share_vals,1,1.902167,1.840292,1.928625,25
0,1024,64,32,cpu,1,5.892875,5.464541,5.959833,25
0,64,128,64,jacobi,1,3.182292,3.163958,3.213250,25
0,64,128,64,block,1,3.949791,3.906834,3.990542,25
0,64,128,64,qr,1,3.733958,3.694791,3.907792,25
0,64,128,64,qrblock,1,4.657417,4.608500,4.796542,25
0,64,128,64,gk,1,3.278750,3.250750,3.454625,25
0,64,128,64,gk_vals,1,2.333125,2.309625,2.526208,25
0,64,128,64,cpu_vals,1,0.734292,0.710084,0.748500,25
0,64,128,64,gk_share,1,3.328375,3.312583,3.384667,25
0,64,128,64,gk_share_vals,1,2.307458,2.266917,2.454709,25
0,64,128,64,cpu,1,1.606500,1.593417,1.614083,25
0,64,40,40,jacobi,1,1.226250,1.211958,1.414209,25
0,64,40,40,block,1,3.478042,3.439834,3.565458,25
0,64,40,40,gk,1,0.924000,0.876875,0.976334,25
0,64,40,40,gk_vals,1,0.736708,0.730666,0.739792,25
0,64,40,40,cpu_vals,1,0.253959,0.224250,0.637000,25
0,64,40,40,gk_share,1,1.072667,1.061166,1.089250,25
0,64,40,40,gk_share_vals,1,0.807584,0.726958,0.827625,25
0,64,40,40,cpu,1,0.563750,0.544250,0.656000,25
0,2,1280,1280,cpu,1,117.669208,115.356125,117.783417,5
0,2,1280,1280,bidiag,1,77.256125,76.700583,77.559792,5
0,2,1280,1280,bidiag_vals,1,59.565333,59.563917,59.764667,5
0,2,1280,1280,cpu_vals,1,55.585833,55.403125,56.942917,5
0,2,1280,1280,band,1,76.131750,74.464292,77.187417,5
0,2,1280,1280,band8_vals,1,44.075708,44.015833,44.238917,5
0,2,1280,1280,band_vals,1,43.874541,43.759458,43.949458,5
0,2,1280,1280,band32_vals,1,62.982042,62.896875,63.019084,5
0,256,32,8,jacobi,1,0.400667,0.373083,0.407750,25
0,256,32,8,qr,1,0.633833,0.614625,0.692375,25
0,256,32,8,gk,1,0.264750,0.257875,0.267750,25
0,256,32,8,gk_vals,1,0.212500,0.209500,0.216958,25
0,256,32,8,cpu_vals,1,0.185167,0.182083,0.187833,25
0,256,32,8,gk_share,1,0.395750,0.393083,0.400458,25
0,256,32,8,gk_share_vals,1,0.344167,0.340500,0.349917,25
0,256,32,8,cpu,1,0.252875,0.248500,0.257667,25
0,4,384,384,jacobi,1,126.096833,126.037208,126.181833,5
0,4,384,384,block,1,28.883584,28.828615,28.940521,6
0,4,384,384,cpu,1,8.674459,8.584344,8.730156,18
0,4,384,384,bidiag,1,28.617229,28.581927,28.629782,6
0,4,384,384,bidiag_vals,1,21.389063,21.324969,21.445374,8
0,4,384,384,cpu_vals,1,4.198417,4.159000,4.397875,25
0,4,4,4,jacobi,1,0.261375,0.251292,0.271167,25
0,4,4,4,gk,1,0.289834,0.203875,0.297541,25
0,4,4,4,gk_vals,1,0.181125,0.167500,0.184083,25
0,4,4,4,cpu_vals,1,0.019458,0.018167,0.020125,25
0,4,4,4,cpu,1,0.024792,0.023375,0.025334,25
0,64,256,64,jacobi,1,5.005541,4.998375,5.014459,25
0,64,256,64,block,1,4.711459,4.666792,4.814250,25
0,64,256,64,qr,1,4.748708,4.295375,4.903833,25
0,64,256,64,qrblock,1,5.723167,5.666750,5.825083,25
0,64,256,64,gk,1,3.986917,3.952542,4.514792,25
0,64,256,64,gk_vals,1,2.874292,2.852083,3.300875,25
0,64,256,64,cpu_vals,1,1.012458,0.992750,1.471458,25
0,64,256,64,gk_share,1,4.450292,4.367125,4.573042,25
0,64,256,64,gk_share_vals,1,3.271792,3.184333,3.322167,25
0,64,256,64,cpu,1,2.083750,2.067625,2.489416,25
0,16,2048,128,jacobi,1,88.339958,88.256541,88.477375,5
0,16,2048,128,block,1,20.968376,20.700260,21.001271,8
0,16,2048,128,qr,1,13.551709,13.526834,14.632750,11
0,16,2048,128,qrblock,1,15.239583,15.071229,16.387250,10
0,16,2048,128,cpu,1,8.576875,8.315459,9.200125,17
0,16,2048,128,bidiag,1,81.937167,81.398708,82.150208,5
0,16,2048,128,bidiag_vals,1,66.878667,66.786292,67.206334,5
0,16,2048,128,cpu_vals,1,4.222125,3.992875,4.432375,25
0,4096,1024,64,jacobi,1,2492.596833,2492.010021,2494.464166,3
0,4096,1024,64,block,1,494.729333,492.681125,497.653583,3
0,4096,1024,64,qr,1,461.002041,457.415437,461.508854,3
0,4096,1024,64,qrblock,1,374.241834,369.759937,376.896355,3
0,4096,1024,64,gk,1,352.620167,347.102375,364.918834,3
0,4096,1024,64,gk_vals,1,183.656667,183.100375,185.063250,5
0,4096,1024,64,cpu_vals,1,126.908667,126.368500,126.919541,5
0,4096,1024,64,gk_share,1,255.994708,255.919125,259.049333,5
0,4096,1024,64,gk_share_vals,1,141.818458,140.863541,145.028792,5
0,4096,1024,64,cpu,1,292.305708,291.538666,293.847375,5
0,1,64,64,jacobi,1,1.114083,1.105000,1.148291,25
0,1,64,64,block,1,3.042917,2.975292,3.174916,25
0,1,64,64,gk,1,1.703250,1.691917,1.711583,25
0,1,64,64,gk_vals,1,1.313959,1.269458,1.348875,25
0,1,64,64,cpu_vals,1,0.069041,0.068625,0.069708,25
0,1,64,64,cpu,1,0.199208,0.197625,0.202792,25
0,16,256,128,jacobi,1,5.645792,5.637875,5.657791,25
0,16,256,128,block,1,6.878896,6.770250,6.943958,22
0,16,256,128,qr,1,5.583750,5.569416,5.611208,25
0,16,256,128,qrblock,1,7.306583,7.206958,7.425625,21
0,16,256,128,cpu,1,3.126083,2.521417,3.177667,25
0,16,256,128,bidiag,1,43.635167,43.593375,43.911417,5
0,16,256,128,bidiag_vals,1,29.923313,29.877125,29.969719,6
0,16,256,128,cpu_vals,1,1.439042,1.322041,1.581333,25
0,256,4,4,jacobi,1,0.308000,0.304958,0.317708,25
0,256,4,4,gk,1,0.343458,0.333917,0.351709,25
0,256,4,4,gk_vals,1,0.210250,0.188542,0.270292,25
0,256,4,4,cpu_vals,1,0.276083,0.126250,0.351083,25
0,256,4,4,gk_share,1,0.339333,0.333625,0.357250,25
0,256,4,4,gk_share_vals,1,0.296709,0.292041,0.301583,25
0,256,4,4,cpu,1,0.138208,0.134875,0.143750,25
0,1,1024,128,jacobi,1,19.477521,19.472261,19.481261,8
0,1,1024,128,block,1,8.750125,8.692313,8.778979,18
0,1,1024,128,qr,1,5.142625,5.136958,5.152709,25
0,1,1024,128,qrblock,1,6.500084,6.349927,6.565771,24
0,1,1024,128,cpu,1,2.181083,2.174500,2.189666,25
0,1,1024,128,bidiag,1,3.918917,3.912083,3.964125,25
0,1,1024,128,bidiag_vals,1,2.820667,2.816750,2.826500,25
0,1,1024,128,cpu_vals,1,1.164334,1.160583,1.173041,25
0,64,64,16,jacobi,1,0.906458,0.847584,0.973041,25
0,64,64,16,qr,1,0.636291,0.619333,0.650666,25
0,64,64,16,gk,1,0.364167,0.361958,0.367666,25
0,64,64,16,gk_vals,1,0.263708,0.256875,0.277667,25
0,64,64,16,cpu_vals,1,0.167542,0.161625,0.173958,25
0,64,64,16,gk_share,1,0.468375,0.463708,0.473000,25
0,64,64,16,gk_share_vals,1,0.378708,0.375375,0.384708,25
0,64,64,16,cpu,1,0.261959,0.256000,0.272750,25
0,1,256,256,jacobi,1,33.033333,33.011625,33.034541,5
0,1,256,256,block,1,13.036375,12.896989,13.153354,12
0,1,256,256,cpu,1,3.926416,3.851292,3.986084,25
0,1,256,256,bidiag,1,5.622917,5.579541,5.652708,25
0,1,256,256,bidiag_vals,1,3.707833,3.701459,3.713792,25
0,1,256,256,cpu_vals,1,1.728291,1.720500,1.751875,25
0,2,1792,1792,cpu,1,273.765625,257.768125,274.372333,5
0,2,1792,1792,bidiag,1,149.997292,149.581542,150.607542,5
0,2,1792,1792,bidiag_vals,1,120.964583,120.767792,121.131917,5
0,2,1792,1792,cpu_vals,1,146.356959,143.728125,146.738417,5
0,2,1792,1792,band,1,129.558917,129.400458,131.604417,5
0,2,1792,1792,band8_vals,1,82.830417,82.819375,82.833458,5
0,2,1792,1792,band_vals,1,73.308250,73.278250,73.371500,5
0,2,1792,1792,band32_vals,1,104.551333,104.527209,104.700750,5
0,1,2048,64,jacobi,1,8.477813,8.474729,8.490417,18
0,1,2048,64,block,1,7.706583,7.623365,7.774250,20
0,1,2048,64,qr,1,1.807542,1.793458,1.854000,25
0,1,2048,64,qrblock,1,3.138833,3.116291,3.191792,25
0,1,2048,64,gk,1,2.834500,2.791750,2.847584,25
0,1,2048,64,gk_vals,1,2.187000,2.183000,2.192292,25
0,1,2048,64,cpu_vals,1,0.436000,0.432916,0.441792,25
0,1,2048,64,cpu,1,0.901416,0.896708,0.908458,25
0,1024,256,8,jacobi,1,1.414542,1.384083,1.419333,25
0,1024,256,8,qr,1,2.318375,2.170750,3.261834,25
0,1024,256,8,gk,1,1.480917,1.447667,1.505292,25
0,1024,256,8,gk_vals,1,0.580584,0.578417,0.584875,25
0,1024,256,8,cpu_vals,1,0.776250,0.693250,1.164208,25
0,1024,256,8,gk_share,1,1.492417,1.236209,1.531334,25
0,1024,256,8,gk_share_vals,1,0.818417,0.811208,0.836625,25
0,1024,256,8,cpu,1,1.762167,1.390583,1.829125,25
0,1,384,384,jacobi,1,106.583416,106.553042,106.584166,5
0,1,384,384,block,1,22.146333,22.110395,22.198708,7
0,1,384,384,cpu,1,7.489812,7.369823,7.980656,20
0,1,384,384,bidiag,1,9.503812,9.422947,9.540802,16
0,1,384,384,bidiag_vals,1,5.970000,5.966708,5.985709,25
0,1,384,384,cpu_vals,1,3.587916,3.582125,3.595208,25
0,1,40,40,jacobi,1,0.899041,0.600334,0.952959,25
0,1,40,40,block,1,2.463958,2.384250,2.505708,25
0,1,40,40,gk,1,0.822833,0.785000,0.862167,25
0,1,40,40,gk_vals,1,0.712000,0.667041,0.721833,25
0,1,40,40,cpu_vals,1,0.027625,0.027458,0.027792,25
0,1,40,40,cpu,1,0.086125,0.085833,0.086625,25
0,16,2048,256,jacobi,1,513.630208,513.547104,514.416812,3
0,16,2048,256,block,1,67.651125,67.620250,67.871833,5
0,16,2048,256,qr,1,74.842625,74.319292,75.097667,5
0,16,2048,256,qrblock,1,36.987792,36.534292,37.085208,5
0,16,2048,256,cpu,1,19.249313,19.171635,19.396135,8
0,16,2048,256,bidiag,1,166.758125,166.370958,166.840791,5
0,16,2048,256,bidiag_vals,1,139.431333,139.167250,139.456792,5
0,16,2048,256,cpu_vals,1,9.739833,9.584552,9.895375,16
0,256,1024,32,jacobi,1,34.641584,34.616792,34.679042,5
0,256,1024,32,block,1,13.152500,13.077615,13.271750,12
0,256,1024,32,qr,1,10.366000,10.307667,10.506604,15
0,256,1024,32,qrblock,1,11.415667,11.162500,11.833750,13
0,256,1024,32,gk,1,10.059000,9.962833,10.193271,15
0,256,1024,32,gk_vals,1,6.463375,6.415479,6.786292,23
0,256,1024,32,cpu_vals,1,3.151459,3.055000,3.241541,25
0,256,1024,32,gk_share,1,9.420083,9.335573,9.546958,16
0,256,1024,32,gk_share_vals,1,5.677166,5.638417,5.793750,25
0,256,1024,32,cpu,1,6.159875,6.108459,6.250792,25
0,256,512,256,jacobi,1,1726.891291,1726.678208,1726.964271,3
0,256,512,256,block,1,414.963667,414.375167,415.008354,3
0,256,512,256,qr,1,1071.652250,1069.988250,1074.169167,3
0,256,512,256,qrblock,1,347.610333,346.834521,347.631938,3
0,256,512,256,cpu,1,116.423000,116.200042,117.189792,5
0,4,128,32,jacobi,1,0.736333,0.388500,1.153500,25
0,4,128,32,block,1,2.074333,1.951375,2.089041,25
0,4,128,32,qr,1,0.554083,0.547958,0.562000,25
0,4,128,32,qrblock,1,1.969875,1.951250,1.997959,25
0,4,128,32,gk,1,0.776708,0.729708,0.825250,25
0,4,128,32,gk_vals,1,0.526458,0.520375,0.538834,25
0,4,128,32,cpu_vals,1,0.065250,0.064333,0.066125,25
0,4,128,32,cpu,1,0.120542,0.119208,0.121667,25
0,16,1024,128,jacobi,1,37.858000,37.854458,37.913583,5
0,16,1024,128,block,1,13.091750,13.072261,13.155052,12
0,16,1024,128,qr,1,9.385000,8.928416,9.443292,17
0,16,1024,128,qrblock,1,10.883959,10.829063,10.936324,14
0,16,1024,128,cpu,1,4.982459,4.951583,5.023083,25
0,16,1024,128,bidiag,1,57.000542,56.988583,57.118416,5
0,16,1024,128,bidiag_vals,1,43.525084,43.517375,43.673250,5
0,16,1024,128,cpu_vals,1,2.784667,2.662542,3.111042,25
0,64,4,4,jacobi,1,0.264959,0.253708,0.274084,25
0,64,4,4,gk,1,0.330916,0.322667,0.341416,25
0,64,4,4,gk_vals,1,0.270750,0.183500,0.286333,25
0,64,4,4,cpu_vals,1,0.105542,0.101166,0.107042,25
0,64,4,4,gk_share,1,0.285417,0.283000,0.288875,25
0,64,4,4,gk_share_vals,1,0.136166,0.129334,0.142417,25
0,64,4,4,cpu,1,0.139416,0.078625,0.145000,25
0,64,16,16,jacobi,1,0.797583,0.307875,0.880708,25
0,64,16,16,gk,1,0.358916,0.357459,0.360167,25
0,64,16,16,gk_vals,1,0.272625,0.263916,0.275333,25
0,64,16,16,cpu_vals,1,0.145167,0.134750,0.233542,25
0,64,16,16,gk_share,1,0.451209,0.449584,0.453875,25
0,64,16,16,gk_share_vals,1,0.361167,0.358750,0.364375,25
0,64,16,16,cpu,1,0.179333,0.175208,0.180542,25
0,4,512,32,jacobi,1,0.627667,0.616500,1.075750,25
0,4,512,32,block,1,2.771500,2.760459,2.816833,25
0,4,512,32,qr,1,0.705959,0.700875,0.712625,25
0,4,512,32,qrblock,1,2.157417,2.134709,2.185125,25
0,4,512,32,gk,1,1.194041,1.141583,1.240541,25
0,4,512,32,gk_vals,1,0.720541,0.715083,0.727959,25
0,4,512,32,cpu_vals,1,0.135916,0.133375,0.138292,25
0,4,512,32,cpu,1,0.241625,0.239458,0.245000,25
0,1024,2048,64,jacobi,1,1318.082417,1317.492229,1318.331854,3
0,1024,2048,64,block,1,231.741958,230.839542,232.466833,5
0,1024,2048,64,qr,1,166.752083,166.327333,171.921584,5
0,1024,2048,64,qrblock,1,153.649542,150.895917,153.838334,5
0,1024,2048,64,gk,1,152.364084,149.592709,152.775166,5
0,1024,2048,64,gk_vals,1,85.182875,84.713625,85.192625,5
0,1024,2048,64,cpu_vals,1,62.814000,62.668417,64.543792,5
0,1024,2048,64,gk_share,1,123.784208,123.394292,124.279542,5
0,1024,2048,64,gk_share_vals,1,82.919541,81.084042,82.968709,5
0,1024,2048,64,cpu,1,135.530167,135.368542,135.554250,5
0,256,64,8,jacobi,1,0.697083,0.685833,0.803250,25
0,256,64,8,qr,1,0.675500,0.654625,0.691792,25
0,256,64,8,gk,1,0.296833,0.294250,0.299500,25
0,256,64,8,gk_vals,1,0.208959,0.197625,0.213250,25
0,256,64,8,cpu_vals,1,0.193625,0.190333,0.202209,25
0,256,64,8,gk_share,1,0.407458,0.401417,0.415167,25
0,256,64,8,gk_share_vals,1,0.340167,0.315542,0.343375,25
0,256,64,8,cpu,1,0.287458,0.282917,0.293792,25
0,256,256,128,jacobi,1,124.392667,123.946541,124.477542,5
0,256,256,128,block,1,55.939584,55.595833,55.998834,5
0,256,256,128,qr,1,123.482708,122.860875,123.543917,5
0,256,256,128,qrblock,1,55.429416,55.391875,55.496292,5
0,256,256,128,cpu,1,31.924375,31.899791,31.980291,5
0,256,256,128,bidiag,1,685.420541,685.087478,685.482374,3
0,256,256,128,bidiag_vals,1,469.200084,469.139188,469.426667,3
0,256,256,128,cpu_vals,1,17.484000,17.277541,17.526792,9
0,4096,8,8,jacobi,1,1.249292,1.198541,1.297708,25
0,4096,8,8,gk,1,0.948459,0.855167,0.954667,25
0,4096,8,8,gk_vals,1,0.498625,0.495416,0.593875,25
0,4096,8,8,cpu_vals,1,0.832500,0.808000,0.893166,25
0,4096,8,8,gk_share,1,1.021917,1.008542,1.031458,25
0,4096,8,8,gk_share_vals,1,0.689083,0.668959,0.705584,25
0,4096,8,8,cpu,1,1.426875,1.384875,1.437625,25
0,1024,128,32,jacobi,1,9.277667,9.198334,9.311625,17
0,1024,128,32,block,1,9.782625,9.637916,9.864271,16
0,1024,128,32,qr,1,10.327042,10.305041,10.492146,15
0,1024,128,32,qrblock,1,10.274084,10.202896,10.362813,15
0,1024,128,32,gk,1,6.728750,6.718208,6.755187,23
0,1024,128,32,gk_vals,1,3.648708,3.637834,3.656958,25
0,1024,128,32,cpu_vals,1,2.901042,2.805250,2.974666,25
0,1024,128,32,gk_share,1,4.279375,4.259750,4.298875,25
0,1024,128,32,gk_share_vals,1,1.968334,1.958042,1.975458,25
0,1024,128,32,cpu,1,6.759833,6.335521,6.818771,23
0,4,1536,1536,cpu,1,223.798083,223.285625,227.229875,5
0,4,1536,1536,bidiag,1,219.406750,219.148292,219.904791,5
0,4,1536,1536,bidiag_vals,1,170.611000,170.508875,170.720500,5
0,4,1536,1536,cpu_vals,1,120.949250,120.115208,121.462375,5
0,4,1536,1536,band,1,202.291042,200.599583,202.461250,5
0,4,1536,1536,band8_vals,1,107.001375,106.746375,107.230667,5
0,4,1536,1536,band_vals,1,101.253042,101.055042,101.324083,5
0,4,1536,1536,band32_vals,1,147.362666,147.220500,147.810458,5
0,64,2048,64,jacobi,1,83.881292,83.462000,83.942334,5
0,64,2048,64,block,1,19.808208,19.684281,19.884427,8
0,64,2048,64,qr,1,15.095562,14.996229,15.259552,10
0,64,2048,64,qrblock,1,15.966208,15.682666,16.582135,10
0,64,2048,64,gk,1,15.419542,15.122448,15.519177,10
0,64,2048,64,gk_vals,1,11.807084,11.473625,12.123458,13
0,64,2048,64,cpu_vals,1,5.231291,5.040208,5.361500,25
0,64,2048,64,gk_share,1,14.502083,13.971250,14.744000,11
0,64,2048,64,gk_share_vals,1,9.602438,9.358458,9.769083,16
0,64,2048,64,cpu,1,10.095916,9.882896,10.197583,15
0,1,56,56,jacobi,1,0.873250,0.816667,1.093500,25
0,1,56,56,block,1,2.589292,2.535459,2.614959,25
0,1,56,56,gk,1,1.311916,1.275208,1.338250,25
0,1,56,56,gk_vals,1,1.079875,1.040083,1.083833,25
0,1,56,56,cpu_vals,1,0.049542,0.049000,0.051625,25
0,1,56,56,cpu,1,0.138167,0.135584,0.138833,25
0,1024,64,64,jacobi,1,52.211167,51.821375,52.298958,5
0,1024,64,64,block,1,30.257334,30.118625,30.273041,5
0,1024,64,64,gk,1,17.439959,17.383041,17.618958,9
0,1024,64,64,gk_vals,1,7.767125,7.750323,7.779511,20
0,1024,64,64,cpu_vals,1,5.063791,5.022458,5.103917,25
0,1024,64,64,gk_share,1,8.979833,8.890750,9.138458,17
0,1024,64,64,gk_share_vals,1,3.776042,3.760542,3.807916,25
0,1024,64,64,cpu,1,14.066375,13.967438,14.146584,11
0,16,256,32,jacobi,1,0.570750,0.552334,1.580584,25
0,16,256,32,block,1,2.319750,2.280584,2.345375,25
0,16,256,32,qr,1,0.791125,0.775625,0.808375,25
0,16,256,32,qrblock,1,2.243208,2.210708,2.288250,25
0,16,256,32,gk,1,1.255042,1.245750,1.295250,25
0,16,256,32,gk_vals,1,0.763625,0.705333,0.781209,25
0,16,256,32,cpu_vals,1,0.204375,0.193083,0.329250,25
0,16,256,32,cpu,1,0.305792,0.275750,0.334583,25
0,1,64,16,jacobi,1,0.484958,0.464375,0.500833,25
0,1,64,16,qr,1,0.407625,0.391708,0.420791,25
0,1,64,16,gk,1,0.340542,0.321875,0.378667,25
0,1,64,16,gk_vals,1,0.274584,0.268334,0.288292,25
0,1,64,16,cpu_vals,1,0.012083,0.011583,0.012208,25
0,1,64,16,cpu,1,0.036292,0.030000,0.037042,25
0,4096,512,64,jacobi,1,551.410042,547.821917,553.473250,3
0,4096,512,64,block,1,293.127333,291.463791,294.974083,5
0,4096,512,64,qr,1,330.025166,325.990166,330.980083,3
0,4096,512,64,qrblock,1,233.028959,232.200792,233.050417,5
0,4096,512,64,gk,1,217.086875,216.523542,219.942292,5
0,4096,512,64,gk_vals,1,112.249666,110.562459,112.443709,5
0,4096,512,64,cpu_vals,1,72.521250,71.343500,72.647708,5
0,4096,512,64,gk_share,1,141.872708,141.290583,141.878875,5
0,4096,512,64,gk_share_vals,1,77.933417,77.469416,80.783958,5
0,4096,512,64,cpu,1,170.408375,167.389875,174.070875,5
0,1,24,24,jacobi,1,0.327000,0.255792,0.663292,25
0,1,24,24,gk,1,0.518458,0.504250,0.574084,25
0,1,24,24,gk_vals,1,0.354000,0.347000,0.363166,25
0,1,24,24,cpu_vals,1,0.013875,0.013708,0.013958,25
0,1,24,24,cpu,1,0.036459,0.036166,0.036667,25
0,4,64,32,jacobi,1,0.384292,0.357833,1.105166,25
0,4,64,32,block,1,2.074625,2.028916,2.143042,25
0,4,64,32,qr,1,0.578209,0.571458,0.583958,25
0,4,64,32,qrblock,1,2.195166,2.170542,2.291292,25
0,4,64,32,gk,1,0.755791,0.709083,0.804875,25
0,4,64,32,gk_vals,1,0.514791,0.507583,0.532375,25
0,4,64,32,cpu_vals,1,0.059916,0.058750,0.060917,25
0,4,64,32,cpu,1,0.109417,0.107084,0.111459,25
0,256,512,64,jacobi,1,35.115583,34.210250,35.259792,5
0,256,512,64,block,1,19.707854,19.686448,19.728583,8
0,256,512,64,qr,1,21.669500,21.345500,21.785770,7
0,256,512,64,qrblock,1,19.789834,19.700229,19.838448,8
0,256,512,64,gk,1,18.032167,17.889958,18.112041,9
0,256,512,64,gk_vals,1,12.213875,12.077750,12.590125,13
0,256,512,64,cpu_vals,1,5.637625,5.592000,5.690292,25
0,256,512,64,gk_share,1,15.972666,15.782542,16.097219,10
0,256,512,64,gk_share_vals,1,10.070792,10.030937,10.239688,15
0,256,512,64,cpu,1,11.602083,11.486625,11.786916,13
0,4096,256,64,jacobi,1,420.532709,420.137751,421.174313,3
0,4096,256,64,block,1,177.612791,176.780292,178.243917,5
0,4096,256,64,qr,1,260.133500,254.074375,261.401042,5
0,4096,256,64,qrblock,1,162.990750,161.069500,163.020125,5
0,4096,256,64,gk,1,146.276500,145.636541,146.455375,5
0,4096,256,64,gk_vals,1,68.733209,68.632625,69.599541,5
0,4096,256,64,cpu_vals,1,38.605083,38.541834,39.113625,5
0,4096,256,64,gk_share,1,87.184917,86.448125,87.220417,5
0,4096,256,64,gk_share_vals,1,43.507750,42.950042,44.945916,5
0,4096,256,64,cpu,1,103.123208,102.887167,104.385666,5
0,256,32,16,jacobi,1,0.571125,0.565208,0.887584,25
0,256,32,16,qr,1,1.005750,0.970166,1.084333,25
0,256,32,16,gk,1,0.418125,0.413583,0.423167,25
0,256,32,16,gk_vals,1,0.297250,0.294375,0.299208,25
0,256,32,16,cpu_vals,1,0.276500,0.265208,0.648583,25
0,256,32,16,gk_share,1,0.535292,0.531833,0.548083,25
0,256,32,16,gk_share_vals,1,0.416375,0.387875,0.424542,25
0,256,32,16,cpu,1,0.564875,0.543334,0.594333,25
0,4096,512,32,jacobi,1,200.194125,200.042042,200.485375,5
0,4096,512,32,block,1,87.485041,87.185542,87.979584,5
0,4096,512,32,qr,1,71.759625,71.046041,71.947750,5
0,4096,512,32,qrblock,1,70.276333,70.267208,70.782958,5
0,4096,512,32,gk,1,62.182250,62.037042,62.364125,5
0,4096,512,32,gk_vals,1,31.601833,31.396750,32.025667,5
0,4096,512,32,cpu_vals,1,20.790458,20.659146,20.943208,8
0,4096,512,32,gk_share,1,46.257416,46.226459,48.680000,5
0,4096,512,32,gk_share_vals,1,28.947021,25.219708,30.406208,6
0,4096,512,32,cpu,1,48.714750,47.831458,48.954083,5
0,4096,128,16,jacobi,1,8.757729,8.678448,8.877240,18
0,4096,128,16,qr,1,12.080209,11.952750,12.118833,13
0,4096,128,16,gk,1,7.286541,7.233875,7.342542,21
0,4096,128,16,gk_vals,1,2.864041,2.853583,2.875125,25
0,4096,128,16,cpu_vals,1,3.641125,3.462416,3.690417,25
0,4096,128,16,gk_share,1,6.927167,6.804375,7.049666,22
0,4096,128,16,gk_share_vals,1,2.392542,2.345542,2.718959,25
0,4096,128,16,cpu,1,9.134917,9.042667,9.146042,17
0,4,512,512,jacobi,1,324.669792,324.657771,324.672834,3
0,4,512,512,block,1,48.217250,48.156667,48.252875,5
0,4,512,512,cpu,1,18.487562,18.403688,18.621448,8
0,4,512,512,bidiag,1,40.169917,40.101417,40.309542,5
0,4,512,512,bidiag_vals,1,30.381500,30.351000,30.404625,5
0,4,512,512,cpu_vals,1,9.001625,8.851542,9.080833,17
0,4,512,512,band,1,45.509000,45.422166,46.319208,5
0,4,512,512,band8_vals,1,24.092750,24.062021,24.120167,7
0,4,512,512,band_vals,1,25.305229,25.232687,25.377833,6
0,4,512,512,band32_vals,1,39.140000,39.120459,39.166875,5
0,4096,48,48,jacobi,1,83.814625,83.672334,83.879959,5
0,4096,48,48,block,1,97.360666,97.315583,97.446208,5
0,4096,48,48,gk,1,27.260396,27.202646,27.360115,6
0,4096,48,48,gk_vals,1,11.567000,11.548667,11.581917,13
0,4096,48,48,cpu_vals,1,10.284459,10.199896,10.494083,15
0,4096,48,48,gk_share,1,18.455166,18.185166,19.007291,9
0,4096,48,48,gk_share_vals,1,6.385479,6.374219,6.400125,24
0,4096,48,48,cpu,1,33.762250,33.339166,34.817583,5
0,64,256,8,jacobi,1,0.543666,0.540708,0.558542,25
0,64,256,8,qr,1,0.632958,0.603500,0.681000,25
0,64,256,8,gk,1,0.294958,0.292084,0.299667,25
0,64,256,8,gk_vals,1,0.215167,0.201458,0.219709,25
0,64,256,8,cpu_vals,1,0.231292,0.163833,0.449584,25
0,64,256,8,gk_share,1,0.369333,0.366292,0.381667,25
0,64,256,8,gk_share_vals,1,0.304125,0.302625,0.307375,25
0,64,256,8,cpu,1,0.222042,0.219583,0.228459,25
0,1024,24,24,jacobi,1,3.483458,3.478708,3.501917,25
0,1024,24,24,gk,1,1.794708,1.785333,1.813000,25
0,1024,24,24,gk_vals,1,0.846625,0.803209,0.897708,25
0,1024,24,24,cpu_vals,1,0.901875,0.857375,0.918750,25
0,1024,24,24,gk_share,1,1.469375,1.463750,1.472708,25
0,1024,24,24,gk_share_vals,1,0.849833,0.840208,0.851875,25
0,1024,24,24,cpu,1,2.525916,2.517375,2.536209,25
0,4096,32,8,jacobi,1,1.427833,1.406916,1.447458,25
0,4096,32,8,qr,1,2.509500,2.453375,2.572292,25
0,4096,32,8,gk,1,1.348792,1.310166,1.354250,25
0,4096,32,8,gk_vals,1,0.582708,0.577542,0.586916,25
0,4096,32,8,cpu_vals,1,1.733375,1.102416,1.745750,25
0,4096,32,8,gk_share,1,1.932250,1.922666,1.937709,25
0,4096,32,8,gk_share_vals,1,1.164959,1.152000,1.177708,25
0,4096,32,8,cpu,1,2.101208,1.977125,2.655084,25
0,4,512,256,jacobi,1,46.783958,46.780458,46.806875,5
0,4,512,256,block,1,13.933250,13.898750,13.986021,11
0,4,512,256,qr,1,32.506542,32.499709,32.551083,5
0,4,512,256,qrblock,1,14.632958,14.480666,14.701583,11
0,4,512,256,cpu,1,5.766500,5.725167,5.899625,25
0,4,512,256,bidiag,1,26.151104,25.891656,26.601239,6
0,4,512,256,bidiag_vals,1,19.626750,19.569094,20.284667,8
0,4,512,256,cpu_vals,1,3.047875,3.040208,3.071500,25
0,256,1024,256,jacobi,1,3473.751917,3473.384229,3473.868833,3
0,256,1024,256,block,1,644.706167,644.630459,645.289313,3
0,256,1024,256,qr,1,1095.703458,1095.376021,1096.162562,3
0,256,1024,256,qrblock,1,398.739375,398.074104,399.134500,3
0,256,1024,256,cpu,1,159.814000,159.427042,160.000209,5
0,64,1024,32,jacobi,1,7.993083,7.954375,8.016604,19
0,64,1024,32,block,1,5.730666,5.651750,5.796250,25
0,64,1024,32,qr,1,3.464833,3.407667,3.502000,25
0,64,1024,32,qrblock,1,4.844084,4.693250,5.170667,25
0,64,1024,32,gk,1,3.729875,3.619417,4.093875,25
0,64,1024,32,gk_vals,1,2.065834,2.000333,2.772291,25
0,64,1024,32,cpu_vals,1,1.341583,0.913250,1.406625,25
0,64,1024,32,gk_share,1,3.570583,3.452667,3.676750,25
0,64,1024,32,gk_share_vals,1,1.997334,1.879584,2.906458,25
0,64,1024,32,cpu,1,2.209208,1.800625,2.235667,25
0,4,512,16,jacobi,1,1.025000,0.358417,1.121458,25
0,4,512,16,qr,1,0.501250,0.498417,0.508792,25
0,4,512,16,gk,1,0.627166,0.621917,0.632375,25
0,4,512,16,gk_vals,1,0.343666,0.340000,0.347416,25
0,4,512,16,cpu_vals,1,0.068792,0.067791,0.070083,25
0,4,512,16,cpu,1,0.109500,0.106375,0.110917,25
0,1024,256,128,jacobi,1,497.115542,491.826105,497.831917,3
0,1024,256,128,block,1,220.630500,219.821916,222.558208,5
0,1024,256,128,qr,1,480.782042,478.164708,481.961021,3
0,1024,256,128,qrblock,1,202.661375,202.415667,202.914042,5
0,1024,256,128,cpu,1,118.706208,118.434084,119.651000,5
0,16,512,512,jacobi,1,835.451917,835.292312,836.115375,3
0,16,512,512,block,1,153.632958,153.458583,154.032750,5
0,16,512,512,cpu,1,28.223416,27.939583,28.646813,6
0,16,512,512,bidiag,1,159.031625,158.777583,159.102167,5
0,16,512,512,bidiag_vals,1,115.208416,115.107417,115.337500,5
0,16,512,512,cpu_vals,1,15.626667,15.606979,15.786917,10
0,16,512,512,band,1,185.681458,184.251667,186.696083,5
0,16,512,512,band8_vals,1,84.811125,84.802333,84.834459,5
0,16,512,512,band_vals,1,90.512250,90.499417,90.554792,5
0,16,512,512,band32_vals,1,144.001667,143.998250,144.221792,5
0,1024,8,8,jacobi,1,0.569041,0.468084,1.454041,25
0,1024,8,8,gk,1,0.364375,0.362000,0.367250,25
0,1024,8,8,gk_vals,1,0.257750,0.253875,0.260125,25
0,1024,8,8,cpu_vals,1,0.347416,0.277750,0.619000,25
0,1024,8,8,gk_share,1,0.578792,0.565125,0.599625,25
0,1024,8,8,gk_share_vals,1,0.350334,0.343542,0.356792,25
0,1024,8,8,cpu,1,0.436292,0.428584,0.498667,25
0,16,64,8,jacobi,1,0.352334,0.343333,0.364708,25
0,16,64,8,qr,1,0.452083,0.445125,0.467125,25
0,16,64,8,gk,1,0.242667,0.237625,0.246833,25
0,16,64,8,gk_vals,1,0.192375,0.184250,0.200542,25
0,16,64,8,cpu_vals,1,0.074166,0.061791,0.077417,25
0,16,64,8,cpu,1,0.128917,0.078750,0.140208,25
0,4,32,16,jacobi,1,0.432250,0.226584,0.488916,25
0,4,32,16,qr,1,0.432375,0.427584,0.438584,25
0,4,32,16,gk,1,0.314625,0.299209,0.330333,25
0,4,32,16,gk_vals,1,0.253208,0.240750,0.260083,25
0,4,32,16,cpu_vals,1,0.030584,0.030209,0.031125,25
0,4,32,16,cpu,1,0.046292,0.045916,0.046667,25
0,64,96,96,jacobi,1,7.584938,7.571979,7.657500,20
0,64,96,96,block,1,8.246292,8.112855,8.304500,19
0,64,96,96,cpu,1,2.947167,2.927458,2.972333,25
0,1024,128,8,jacobi,1,0.976500,0.875583,1.001250,25
0,1024,128,8,qr,1,1.659375,1.596083,2.167375,25
0,1024,128,8,gk,1,0.978583,0.934542,0.987917,25
0,1024,128,8,gk_vals,1,0.410125,0.403792,0.414333,25
0,1024,128,8,cpu_vals,1,0.726584,0.473667,1.064958,25
0,1024,128,8,gk_share,1,1.076708,1.044833,1.108833,25
0,1024,128,8,gk_share_vals,1,0.699000,0.520333,0.720834,25
0,1024,128,8,cpu,1,0.888042,0.879125,1.453875,25
0,1,96,96,jacobi,1,2.164334,2.117834,2.183417,25
0,1,96,96,block,1,4.078333,4.026709,4.180959,25
0,1,96,96,cpu,1,0.549833,0.547500,0.555542,25
0,4096,256,32,jacobi,1,85.247000,84.979041,85.380792,5
0,4096,256,32,block,1,50.605167,50.486083,50.639333,5
0,4096,256,32,qr,1,45.181959,45.170791,45.201250,5
0,4096,256,32,qrblock,1,44.784875,44.747458,44.847125,5
0,4096,256,32,gk,1,35.864083,35.716792,36.057542,5
0,4096,256,32,gk_vals,1,18.277708,18.183250,18.554083,9
0,4096,256,32,cpu_vals,1,13.922000,13.833104,14.044083,11
0,4096,256,32,gk_share,1,31.917959,30.228709,33.274750,5
0,4096,256,32,gk_share_vals,1,16.260667,15.425198,16.681896,10
0,4096,256,32,cpu,1,31.829916,31.731833,32.094667,5
0,1,3072,3072,cpu,1,1263.032084,1262.991604,1270.509980,3
0,1,3072,3072,bidiag,1,337.719959,337.269896,339.111647,3
0,1,3072,3072,bidiag_vals,1,264.746250,264.426083,265.012834,5
0,1,3072,3072,cpu_vals,1,686.337708,685.594208,687.037270,3
0,1,3072,3072,band,1,167.483750,166.913000,168.272708,5
0,1,3072,3072,band8_vals,1,128.742667,128.644333,129.099875,5
0,1,3072,3072,band_vals,1,98.591083,98.550333,98.840042,5
0,1,3072,3072,band32_vals,1,128.082791,127.377000,128.902250,5
0,256,48,48,jacobi,1,4.907375,4.888167,4.956708,25
0,256,48,48,block,1,7.992250,7.847062,8.081062,19
0,256,48,48,gk,1,2.347875,2.338917,2.350791,25
0,256,48,48,gk_vals,1,1.227166,1.173708,1.262417,25
0,256,48,48,cpu_vals,1,0.765167,0.739292,0.780583,25
0,256,48,48,gk_share,1,1.539083,1.523709,1.559292,25
0,256,48,48,gk_share_vals,1,1.074584,1.039958,1.115917,25
0,256,48,48,cpu,1,2.365500,2.270334,2.408667,25
0,256,2048,256,qr,1,1192.208250,1191.906500,1194.698437,3
0,256,2048,256,qrblock,1,517.551250,516.919646,520.954125,3
0,256,2048,256,cpu,1,266.539292,264.002458,267.702709,5
0,16,512,64,jacobi,1,2.217625,2.204666,2.267042,25
0,16,512,64,block,1,4.187833,4.163208,4.240125,25
0,16,512,64,qr,1,2.131208,2.094125,2.151667,25
0,16,512,64,qrblock,1,3.793250,3.756584,3.819333,25
0,16,512,64,gk,1,3.294542,3.278708,3.312292,25
0,16,512,64,gk_vals,1,2.432250,2.398541,2.453250,25
0,16,512,64,cpu_vals,1,0.590542,0.540833,0.647250,25
0,16,512,64,cpu,1,1.156542,1.011333,1.203458,25
0,1,1280,1280,cpu,1,101.356667,101.317042,101.404833,5
0,1,1280,1280,bidiag,1,48.657333,48.314000,48.903375,5
0,1,1280,1280,bidiag_vals,1,31.247958,31.244875,31.261250,5
0,1,1280,1280,cpu_vals,1,48.712833,48.705875,48.729833,5
0,1,1280,1280,band,1,38.238208,37.839083,38.275083,5
0,1,1280,1280,band8_vals,1,26.036084,25.970084,26.231427,6
0,1,1280,1280,band_vals,1,25.303584,24.922510,25.780937,6
0,1,1280,1280,band32_vals,1,35.866125,35.783166,35.958125,5
0,4096,2048,64,qr,1,706.517542,703.375084,714.491917,3
0,4096,2048,64,qrblock,1,655.433750,643.310667,655.979458,3
0,4096,2048,64,cpu,1,517.346583,512.942979,519.999687,3
0,1024,256,32,jacobi,1,21.574167,21.224562,21.869146,7
0,1024,256,32,block,1,14.753459,14.642437,14.870062,11
0,1024,256,32,qr,1,14.173833,13.893479,14.247833,11
0,1024,256,32,qrblock,1,14.152458,13.944521,14.447895,11
0,1024,256,32,gk,1,11.062520,10.981156,11.120709,14
0,1024,256,32,gk_vals,1,6.651625,6.584937,6.774666,23
0,1024,256,32,cpu_vals,1,3.891708,3.834833,3.957083,25
0,1024,256,32,gk_share,1,9.724083,8.705614,10.859552,16
0,1024,256,32,gk_share_vals,1,4.795417,4.751958,4.854166,25
0,1024,256,32,cpu,1,8.547355,8.427551,8.634813,18
0,16,128,8,jacobi,1,0.395667,0.389958,0.401500,25
0,16,128,8,qr,1,0.499208,0.483959,0.520417,25
0,16,128,8,gk,1,0.228541,0.222375,0.232542,25
0,16,128,8,gk_vals,1,0.184666,0.179083,0.190292,25
0,16,128,8,cpu_vals,1,0.089709,0.077500,0.092250,25
0,16,128,8,cpu,1,0.087583,0.082917,0.100708,25
0,64,128,32,jacobi,1,0.998250,0.951000,1.003125,25
0,64,128,32,block,1,2.197208,2.146750,2.252291,25
0,64,128,32,qr,1,1.236708,1.169375,1.259792,25
0,64,128,32,qrblock,1,2.387500,2.350417,2.402375,25
0,64,128,32,gk,1,0.957500,0.897417,0.989083,25
0,64,128,32,gk_vals,1,0.586583,0.583125,0.590000,25
0,64,128,32,cpu_vals,1,0.286209,0.257084,0.649125,25
0,64,128,32,gk_share,1,1.026209,1.005292,1.067875,25
0,64,128,32,gk_share_vals,1,0.661666,0.657084,0.667542,25
0,64,128,32,cpu,1,0.533375,0.525916,0.600917,25
0,4,32,8,jacobi,1,0.289667,0.278208,0.311291,25
0,4,32,8,qr,1,0.386041,0.378667,0.389208,25
0,4,32,8,gk,1,0.209583,0.202291,0.216875,25
0,4,32,8,gk_vals,1,0.190083,0.171417,0.237333,25
0,4,32,8,cpu_vals,1,0.022792,0.020500,0.024250,25
0,4,32,8,cpu,1,0.024500,0.024167,0.026625,25
0,256,64,64,jacobi,1,10.989688,10.733635,11.152948,14
0,256,64,64,block,1,8.870583,8.788791,9.120791,17
0,256,64,64,gk,1,5.080625,5.056375,5.107334,25
0,256,64,64,gk_vals,1,2.376750,2.371000,2.382917,25
0,256,64,64,cpu_vals,1,1.305042,1.285042,1.865000,25
0,256,64,64,gk_share,1,3.387417,3.376667,3.428208,25
0,256,64,64,gk_share_vals,1,2.020750,2.005583,2.068417,25
0,256,64,64,cpu,1,4.135041,3.666125,4.238791,25
0,4096,32,16,jacobi,1,5.057084,5.037542,5.062125,25
0,4096,32,16,qr,1,7.844167,7.734208,7.906062,20
0,4096,32,16,gk,1,3.370083,3.343250,3.390500,25
0,4096,32,16,gk_vals,1,1.458208,1.448459,1.477083,25
0,4096,32,16,cpu_vals,1,2.887500,2.463917,2.999667,25
0,4096,32,16,gk_share,1,3.885000,3.868750,3.947833,25
0,4096,32,16,gk_share_vals,1,1.705250,1.674375,1.730875,25
0,4096,32,16,cpu,1,7.075812,6.940479,7.158469,22
0,16,48,48,jacobi,1,0.974625,0.913458,1.022666,25
0,16,48,48,block,1,2.873250,2.832167,2.952708,25
0,16,48,48,gk,1,1.062291,1.058792,1.144625,25
0,16,48,48,gk_vals,1,0.816708,0.801083,0.875167,25
0,16,48,48,cpu_vals,1,0.167000,0.160958,0.173625,25
0,16,48,48,cpu,1,0.291583,0.288750,0.295250,25
0,4,256,8,jacobi,1,0.448458,0.433958,0.460375,25
0,4,256,8,qr,1,0.430000,0.421291,0.598000,25
0,4,256,8,gk,1,0.241084,0.239291,0.245583,25
0,4,256,8,gk_vals,1,0.197042,0.181166,0.202500,25
0,4,256,8,cpu_vals,1,0.028458,0.028042,0.028666,25
0,4,256,8,cpu,1,0.048417,0.047000,0.051291,25
0,64,512,256,jacobi,1,442.530333,442.126791,443.101896,3
0,64,512,256,block,1,101.771584,101.681792,101.902667,5
0,64,512,256,qr,1,279.786041,279.553916,280.358708,5
0,64,512,256,qrblock,1,84.222250,84.097750,84.222959,5
0,64,512,256,cpu,1,30.881000,30.670250,31.039000,5
0,64,512,256,bidiag,1,422.438041,422.283562,422.780666,3
0,64,512,256,bidiag_vals,1,308.304291,307.170000,309.394937,3
0,64,512,256,cpu_vals,1,14.754542,14.617896,14.834854,11
0,64,1024,256,jacobi,1,865.749916,864.435979,865.879062,3
0,64,1024,256,block,1,165.845292,165.453584,167.124875,5
0,64,1024,256,qr,1,283.352541,283.045292,284.289500,5
0,64,1024,256,qrblock,1,95.724125,95.523250,95.809125,5
0,64,1024,256,cpu,1,42.713625,42.539542,42.729792,5
0,64,1024,256,bidiag,1,500.548500,500.297000,500.666896,3
0,64,1024,256,bidiag_vals,1,401.425208,401.277917,401.562854,3
0,64,1024,256,cpu_vals,1,19.722854,19.141489,20.050604,8
0,1,1024,32,jacobi,1,0.925708,0.870125,0.962208,25
0,1,1024,32,block,1,4.244625,4.148042,4.266417,25
0,1,1024,32,qr,1,0.693917,0.691500,0.695625,25
0,1,1024,32,qrblock,1,2.432166,2.233583,2.455000,25
0,1,1024,32,gk,1,1.217708,1.146458,1.222167,25
0,1,1024,32,gk_vals,1,0.715542,0.713792,0.717666,25
0,1,1024,32,cpu_vals,1,0.111584,0.111333,0.112125,25
0,1,1024,32,cpu,1,0.227042,0.224625,0.229916,25
0,64,32,8,jacobi,1,0.375125,0.330833,0.385084,25
0,64,32,8,qr,1,0.504125,0.471792,0.513542,25
0,64,32,8,gk,1,0.246041,0.243917,0.251666,25
0,64,32,8,gk_vals,1,0.210333,0.208792,0.213792,25
0,64,32,8,cpu_vals,1,0.115083,0.099209,0.232833,25
0,64,32,8,gk_share,1,0.337750,0.336083,0.340333,25
0,64,32,8,gk_share_vals,1,0.298417,0.295166,0.300875,25
0,64,32,8,cpu,1,0.173250,0.148000,0.266459,25
0,16,64,16,jacobi,1,0.544791,0.531167,0.552542,25
0,16,64,16,qr,1,0.487500,0.478917,0.508208,25
0,16,64,16,gk,1,0.349541,0.343750,0.352041,25
0,16,64,16,gk_vals,1,0.282625,0.276625,0.285917,25
0,16,64,16,cpu_vals,1,0.101625,0.083917,0.153083,25
0,16,64,16,cpu,1,0.133834,0.127667,0.151416,25
0,256,16,8,jacobi,1,0.572958,0.554375,0.582084,25
0,256,16,8,qr,1,0.559334,0.544666,0.567792,25
0,256,16,8,gk,1,0.251000,0.249000,0.253750,25
0,256,16,8,gk_vals,1,0.182833,0.177542,0.188583,25
0,256,16,8,cpu_vals,1,0.163083,0.160916,0.166125,25
0,256,16,8,gk_share,1,0.394584,0.390041,0.402375,25
0,256,16,8,gk_share_vals,1,0.349750,0.343958,0.352208,25
0,256,16,8,cpu,1,0.225375,0.221167,0.229417,25
0,16,1024,64,jacobi,1,5.187333,5.177292,5.208250,25
0,16,1024,64,block,1,6.349708,6.271593,6.517021,24
0,16,1024,64,qr,1,3.398542,3.312667,3.458250,25
0,16,1024,64,qrblock,1,5.020917,4.968500,5.138875,25
0,16,1024,64,gk,1,4.481625,4.456459,4.528917,25
0,16,1024,64,gk_vals,1,3.036084,2.993416,3.105166,25
0,16,1024,64,cpu_vals,1,0.854583,0.827584,1.423667,25
0,16,1024,64,cpu,1,2.112583,1.718209,2.183875,25
0,64,32,16,jacobi,1,0.800458,0.767875,0.865042,25
0,64,32,16,qr,1,0.587000,0.579917,0.608792,25
0,64,32,16,gk,1,0.365000,0.363750,0.370417,25
0,64,32,16,gk_vals,1,0.292792,0.290208,0.296958,25
0,64,32,16,cpu_vals,1,0.148791,0.144958,0.152667,25
0,64,32,16,gk_share,1,0.469417,0.465875,0.474625,25
0,64,32,16,gk_share_vals,1,0.377666,0.375083,0.379458,25
0,64,32,16,cpu,1,0.229334,0.225292,0.231334,25
0,4096,80,80,jacobi,1,428.046041,427.890749,428.171167,3
0,4096,80,80,block,1,308.089042,307.196334,308.426750,3
0,4096,80,80,gk,1,149.783416,149.409625,149.828042,5
0,4096,80,80,gk_vals,1,62.242375,62.236416,62.279792,5
0,4096,80,80,cpu_vals,1,51.913708,51.893250,52.752750,5
0,4096,80,80,gk_share,1,65.238250,65.203750,65.389459,5
0,4096,80,80,gk_share_vals,1,32.373750,32.353708,33.447208,5
0,4096,80,80,cpu,1,96.541167,95.797375,96.672250,5
0,256,128,8,jacobi,1,0.959625,0.919500,0.977208,25
0,256,128,8,qr,1,0.773500,0.768000,0.785291,25
0,256,128,8,gk,1,0.377916,0.374875,0.382416,25
0,256,128,8,gk_vals,1,0.241458,0.239208,0.243208,25
0,256,128,8,cpu_vals,1,0.214583,0.198333,0.234709,25
0,256,128,8,gk_share,1,0.443834,0.433958,0.450250,25
0,256,128,8,gk_share_vals,1,0.355250,0.348708,0.365292,25
0,256,128,8,cpu,1,0.341750,0.331708,0.348375,25
0,4096,4,4,jacobi,1,0.558500,0.470750,1.186541,25
0,4096,4,4,gk,1,0.450042,0.391375,0.458709,25
0,4096,4,4,gk_vals,1,0.278208,0.270625,0.285250,25
0,4096,4,4,cpu_vals,1,0.484750,0.463750,0.662709,25
0,4096,4,4,gk_share,1,0.571666,0.563250,0.581541,25
0,4096,4,4,gk_share_vals,1,0.517792,0.490417,0.652666,25
0,4096,4,4,cpu,1,0.776083,0.678625,0.786833,25
0,64,128,128,jacobi,1,32.677334,32.579333,32.704250,5
0,64,128,128,block,1,14.345250,14.215229,14.522167,11
0,64,128,128,cpu,1,6.063959,6.032042,6.470375,25
0,64,128,128,bidiag,1,150.338000,150.084708,150.347250,5
0,64,128,128,bidiag_vals,1,98.579458,98.571042,98.592708,5
0,64,128,128,cpu_vals,1,3.993084,3.915416,4.579333,25
0,256,512,32,jacobi,1,11.886833,11.727625,11.965875,13
0,256,512,32,block,1,8.021708,7.868000,8.198062,19
0,256,512,32,qr,1,6.743208,6.689000,6.841812,23
0,256,512,32,qrblock,1,7.949333,7.797500,8.245708,19
0,256,512,32,gk,1,6.163875,6.078625,6.222500,25
0,256,512,32,gk_vals,1,4.104959,4.025583,4.205375,25
0,256,512,32,cpu_vals,1,2.053208,1.990625,2.111417,25
0,256,512,32,gk_share,1,5.543917,5.482542,5.583792,25
0,256,512,32,gk_share_vals,1,3.422458,3.333417,3.473125,25
0,256,512,32,cpu,1,3.895791,3.589291,4.131125,25
0,16,384,384,jacobi,1,236.096417,236.077791,236.127916,5
0,16,384,384,block,1,67.162875,66.999000,67.258542,5
0,16,384,384,cpu,1,13.034458,12.964781,13.102656,12
0,16,384,384,bidiag,1,114.500625,114.448333,114.534583,5
0,16,384,384,bidiag_vals,1,83.353500,83.332291,83.358583,5
0,16,384,384,cpu_vals,1,8.927604,7.446709,8.993386,18
0,64,16,8,jacobi,1,0.380125,0.366083,0.389625,25
0,64,16,8,qr,1,0.475875,0.466000,0.487375,25
0,64,16,8,gk,1,0.255583,0.253792,0.258833,25
0,64,16,8,gk_vals,1,0.213542,0.210291,0.215916,25
0,64,16,8,cpu_vals,1,0.133000,0.105334,0.228667,25
0,64,16,8,gk_share,1,0.342958,0.341417,0.345375,25
0,64,16,8,gk_share_vals,1,0.300625,0.295375,0.303000,25
0,64,16,8,cpu,1,0.202958,0.136792,0.413375,25
0,1,4,4,jacobi,1,0.254375,0.247209,0.276250,25
0,1,4,4,gk,1,0.278625,0.245000,0.301041,25
0,1,4,4,gk_vals,1,0.194750,0.180625,0.232291,25
0,1,4,4,cpu_vals,1,0.003958,0.003917,0.004250,25
0,1,4,4,cpu,1,0.003958,0.003958,0.004208,25
0,4,2048,256,jacobi,1,207.961250,207.949083,208.096875,5
0,4,2048,256,block,1,29.980083,29.970167,30.066833,5
0,4,2048,256,qr,1,34.913292,34.839667,34.955250,5
0,4,2048,256,qrblock,1,19.299938,19.227417,19.494375,8
0,4,2048,256,cpu,1,10.580458,10.387521,10.628250,15
0,4,2048,256,bidiag,1,42.598083,42.434667,42.651167,5
0,4,2048,256,bidiag_vals,1,35.671458,35.590584,35.773125,5
0,4,2048,256,cpu_vals,1,5.290084,4.809292,5.469084,25
0,256,80,80,jacobi,1,25.394021,24.907479,25.522344,6
0,256,80,80,block,1,19.722708,19.669802,19.776406,8
0,256,80,80,gk,1,10.566250,10.554958,10.581354,15
0,256,80,80,gk_vals,1,4.808417,4.801834,4.830416,25
0,256,80,80,cpu_vals,1,4.029875,3.825958,4.361583,25
0,256,80,80,gk_share,1,6.915667,6.863500,8.245041,21
0,256,80,80,gk_share_vals,1,3.478083,3.464667,3.497375,25
0,256,80,80,cpu,1,7.119875,7.022333,7.284375,21
0,1024,256,16,jacobi,1,3.952333,3.917792,3.959667,25
0,1024,256,16,qr,1,5.104625,4.881500,5.281208,25
0,1024,256,16,gk,1,3.391042,3.382416,3.410917,25
0,1024,256,16,gk_vals,1,1.499959,1.459500,1.507292,25
0,1024,256,16,cpu_vals,1,1.765958,1.491500,1.850959,25
0,1024,256,16,gk_share,1,2.928125,2.870500,2.964958,25
0,1024,256,16,gk_share_vals,1,1.028042,1.019125,1.033666,25
0,1024,256,16,cpu,1,3.581708,3.185375,3.683708,25
0,4,256,256,jacobi,1,33.775209,33.773458,33.795541,5
0,4,256,256,block,1,14.107916,14.085271,14.153562,11
0,4,256,256,cpu,1,4.152959,4.131375,4.168834,25
0,4,256,256,bidiag,1,18.787562,18.769344,18.880531,8
0,4,256,256,bidiag_vals,1,13.659000,13.611667,13.713209,11
0,4,256,256,cpu_vals,1,2.224916,2.111792,2.306750,25
0,4,1024,32,jacobi,1,1.018875,0.961875,1.499333,25
0,4,1024,32,block,1,4.125375,4.071958,4.207042,25
0,4,1024,32,qr,1,0.848916,0.843792,0.859875,25
0,4,1024,32,qrblock,1,2.266416,2.238125,2.288708,25
0,4,1024,32,gk,1,1.323459,1.285000,1.381500,25
0,4,1024,32,gk_vals,1,0.859167,0.854292,0.864708,25
0,4,1024,32,cpu_vals,1,0.216875,0.208417,0.219625,25
0,4,1024,32,cpu,1,0.386125,0.379250,0.395167,25
0,4096,56,56,jacobi,1,113.427167,112.223917,114.212292,5
0,4096,56,56,block,1,107.760792,107.319417,107.885500,5
0,4096,56,56,gk,1,44.025917,44.024459,44.167875,5
0,4096,56,56,gk_vals,1,17.784125,17.781084,17.813625,9
0,4096,56,56,cpu_vals,1,13.640583,13.575500,13.728105,11
0,4096,56,56,gk_share,1,24.924125,24.846480,24.952792,7
0,4096,56,56,gk_share_vals,1,8.837833,8.811959,8.855250,17
0,4096,56,56,cpu,1,39.990667,39.879375,40.384208,5
0,1024,192,192,jacobi,1,1658.309584,1656.797125,1658.547417,3
0,1024,192,192,block,1,600.750875,600.705833,601.442270,3
0,1024,192,192,cpu,1,136.612917,135.780167,139.623791,5
0,64,8,8,jacobi,1,0.361792,0.352250,0.375541,25
0,64,8,8,gk,1,0.263042,0.241000,0.473542,25
0,64,8,8,gk_vals,1,0.208125,0.203250,0.214708,25
0,64,8,8,cpu_vals,1,0.187709,0.107625,0.190583,25
0,64,8,8,gk_share,1,0.322458,0.319459,0.328375,25
0,64,8,8,gk_share_vals,1,0.289250,0.286666,0.292500,25
0,64,8,8,cpu,1,0.254083,0.131292,0.318667,25
0,1024,1024,256,qrblock,1,1584.760000,1582.801166,1590.950938,3
0,1024,1024,256,cpu,1,606.807458,606.494563,607.499208,3
0,16,1024,256,jacobi,1,177.489416,177.428750,177.611333,5
0,16,1024,256,block,1,38.233666,38.215709,38.238625,5
0,16,1024,256,qr,1,66.911709,66.427167,67.057958,5
0,16,1024,256,qrblock,1,29.132770,28.804917,29.429282,6
0,16,1024,256,cpu,1,15.663250,11.979667,16.448521,11
0,16,1024,256,bidiag,1,125.123750,125.068167,125.275542,5
0,16,1024,256,bidiag_vals,1,100.687541,100.684000,100.848333,5
0,16,1024,256,cpu_vals,1,7.303396,5.927688,7.410062,22
0,256,256,8,jacobi,1,0.615083,0.565833,1.147208,25
0,256,256,8,qr,1,0.950208,0.940958,0.959667,25
0,256,256,8,gk,1,0.514417,0.512250,0.518375,25
0,256,256,8,gk_vals,1,0.291250,0.285708,0.292416,25
0,256,256,8,cpu_vals,1,0.240333,0.223042,0.645125,25
0,256,256,8,gk_share,1,0.536250,0.517291,0.544791,25
0,256,256,8,gk_share_vals,1,0.358292,0.351833,0.365125,25
0,256,256,8,cpu,1,0.443750,0.429083,0.593125,25
0,1,256,16,jacobi,1,0.738958,0.690000,0.781625,25
0,1,256,16,qr,1,0.438750,0.429292,0.442625,25
0,1,256,16,gk,1,0.348750,0.343417,0.358375,25
0,1,256,16,gk_vals,1,0.261042,0.255417,0.269583,25
0,1,256,16,cpu_vals,1,0.018458,0.018375,0.018541,25
0,1,256,16,cpu,1,0.052125,0.051625,0.052958,25
0,4096,1024,32,jacobi,1,565.016167,564.493646,565.616208,3
0,4096,1024,32,block,1,163.725833,162.823250,164.563625,5
0,4096,1024,32,qr,1,123.444209,121.722708,123.846042,5
0,4096,1024,32,qrblock,1,120.695375,120.682083,121.233750,5
0,4096,1024,32,gk,1,112.592625,112.472333,112.633333,5
0,4096,1024,32,gk_vals,1,57.989709,57.249709,58.149084,5
0,4096,1024,32,cpu_vals,1,39.315250,39.041875,40.435583,5
0,4096,1024,32,gk_share,1,83.569959,82.905750,84.163167,5
0,4096,1024,32,gk_share_vals,1,52.025000,51.781834,52.059833,5
0,4096,1024,32,cpu,1,83.608625,83.574250,85.846542,5
0,64,128,8,jacobi,1,0.456542,0.447291,0.477334,25
0,64,128,8,qr,1,0.552833,0.541167,0.570375,25
0,64,128,8,gk,1,0.260458,0.256792,0.264292,25
0,64,128,8,gk_vals,1,0.211000,0.193708,0.214958,25
0,64,128,8,cpu_vals,1,0.265292,0.158667,0.326709,25
0,64,128,8,gk_share,1,0.341666,0.338500,0.345958,25
0,64,128,8,gk_share_vals,1,0.305625,0.299958,0.308250,25
0,64,128,8,cpu,1,0.188500,0.185500,0.192208,25
0,4096,256,128,jacobi,1,2039.809917,2030.760791,2042.372896,3
0,4096,256,128,block,1,878.819666,878.295895,878.835646,3
0,4096,256,128,qr,1,1970.688625,1969.887625,1970.809500,3
0,4096,256,128,qrblock,1,819.866666,818.990812,821.620938,3
0,4096,256,128,cpu,1,458.708750,458.232438,459.687792,3
0,1,4096,4096,cpu,1,3402.027500,3398.169292,3403.603708,3
0,1,4096,4096,bidiag,1,831.699542,831.137855,831.870187,3
0,1,4096,4096,bidiag_vals,1,700.308125,700.207625,700.873146,3
0,1,4096,4096,cpu_vals,1,1878.189042,1872.585896,1879.891688,3
0,1,4096,4096,band,1,339.777041,339.613541,340.185333,3
0,1,4096,4096,band8_vals,1,288.171625,288.096875,288.728000,5
0,1,4096,4096,band_vals,1,188.703583,188.626875,189.119625,5
0,1,4096,4096,band32_vals,1,201.490625,201.062500,202.145708,5
0,4,80,80,jacobi,1,1.680792,1.637709,1.731458,25
0,4,80,80,block,1,3.933083,3.893334,4.016208,25
0,4,80,80,gk,1,2.480875,2.478084,2.481916,25
0,4,80,80,gk_vals,1,1.835250,1.820500,1.849542,25
0,4,80,80,cpu_vals,1,0.241708,0.240250,0.246542,25
0,4,80,80,cpu,1,0.426167,0.423458,0.430333,25
0,64,64,8,jacobi,1,0.381333,0.373458,0.392917,25
0,64,64,8,qr,1,0.503291,0.491834,0.557834,25
0,64,64,8,gk,1,0.241666,0.239125,0.245834,25
0,64,64,8,gk_vals,1,0.210084,0.198875,0.213417,25
0,64,64,8,cpu_vals,1,0.134917,0.125625,0.269667,25
0,64,64,8,gk_share,1,0.340791,0.337584,0.345083,25
0,64,64,8,gk_share_vals,1,0.301417,0.298750,0.305959,25
0,64,64,8,cpu,1,0.162125,0.155583,0.169834,25
0,4096,64,8,jacobi,1,1.854875,1.826000,1.884083,25
0,4096,64,8,qr,1,3.097291,3.013625,3.212167,25
0,4096,64,8,gk,1,1.842583,1.823584,1.875625,25
0,4096,64,8,gk_vals,1,0.798750,0.753041,0.854375,25
0,4096,64,8,cpu_vals,1,1.841834,1.315584,1.858125,25
0,4096,64,8,gk_share,1,2.045292,2.031250,2.431917,25
0,4096,64,8,gk_share_vals,1,1.350834,1.337416,1.372166,25
0,4096,64,8,cpu,1,2.939042,2.446708,2.980750,25
0,1,48,48,jacobi,1,0.709542,0.684625,0.739208,25
0,1,48,48,block,1,2.569000,2.527416,2.642125,25
0,1,48,48,gk,1,1.092542,1.053458,1.108041,25
0,1,48,48,gk_vals,1,0.852500,0.822792,0.891125,25
0,1,48,48,cpu_vals,1,0.037708,0.036875,0.039083,25
0,1,48,48,cpu,1,0.115000,0.114000,0.116250,25
0,256,2048,128,jacobi,1,1700.905458,1700.852812,1703.798541,3
0,256,2048,128,block,1,237.494750,237.408792,237.763667,5
0,256,2048,128,qr,1,214.163000,212.661625,215.161208,5
0,256,2048,128,qrblock,1,156.605291,156.335958,158.324083,5
0,256,2048,128,cpu,1,108.033458,107.145542,108.590417,5
0,256,2048,128,bidiag,1,1294.363916,1292.144520,1297.023104,3
0,256,2048,128,bidiag_vals,1,1057.377583,1056.483916,1059.546854,3
0,256,2048,128,cpu_vals,1,46.846708,45.707625,46.931625,5
0,1,1792,1792,cpu,1,218.509667,218.028958,218.581750,5
0,1,1792,1792,bidiag,1,88.790917,87.982625,88.884084,5
0,1,1792,1792,bidiag_vals,1,62.229167,62.168625,62.502583,5
0,1,1792,1792,cpu_vals,1,105.556250,105.473209,105.706000,5
0,1,1792,1792,band,1,64.726875,64.624208,65.091250,5
0,1,1792,1792,band8_vals,1,50.269584,49.918792,50.493542,5
0,1,1792,1792,band_vals,1,43.123625,42.977083,43.819375,5
0,1,1792,1792,band32_vals,1,63.491416,63.393583,63.757375,5
0,64,2048,128,jacobi,1,422.954750,422.634105,423.178521,3
0,64,2048,128,block,1,66.238791,66.050042,66.803334,5
0,64,2048,128,qr,1,57.763417,57.635375,58.716416,5
0,64,2048,128,qrblock,1,42.822375,42.574125,43.832166,5
0,64,2048,128,cpu,1,28.823896,28.716906,29.265573,6
0,64,2048,128,bidiag,1,324.242958,323.572333,324.764729,3
0,64,2048,128,bidiag_vals,1,266.478542,265.822583,266.567583,5
0,64,2048,128,cpu_vals,1,12.223166,12.159042,12.270500,13
0,4096,16,8,jacobi,1,1.341959,1.306291,1.678708,25
0,4096,16,8,qr,1,2.179666,2.160500,2.187209,25
0,4096,16,8,gk,1,1.070667,1.036625,1.074709,25
0,4096,16,8,gk_vals,1,0.546584,0.544791,0.549709,25
0,4096,16,8,cpu_vals,1,1.048417,1.039917,1.056500,25
0,4096,16,8,gk_share,1,1.257416,1.238542,1.283375,25
0,4096,16,8,gk_share_vals,1,0.841583,0.822709,0.869875,25
0,4096,16,8,cpu,1,1.895292,1.823334,1.920209,25
0,4,128,128,jacobi,1,4.531208,4.526875,4.536667,25
0,4,128,128,block,1,6.192125,6.061667,6.343208,25
0,4,128,128,cpu,1,1.343625,1.324542,1.355334,25
0,4,128,128,bidiag,1,9.429083,9.360500,9.433802,16
0,4,128,128,bidiag_vals,1,6.318334,6.221938,6.328834,24
0,4,128,128,cpu_vals,1,0.922417,0.895875,0.931958,25
0,4,2048,2048,cpu,1,777.378084,770.614146,779.124229,3
0,4,2048,2048,bidiag,1,410.258375,409.569084,410.848896,3
0,4,2048,2048,bidiag_vals,1,326.113583,325.920396,326.275354,3
0,4,2048,2048,cpu_vals,1,444.033125,443.689813,470.667395,3
0,4,2048,2048,band,1,319.245416,318.904104,320.626417,3
0,4,2048,2048,band8_vals,1,180.101041,179.957584,180.565375,5
0,4,2048,2048,band_vals,1,155.603833,155.090041,156.089667,5
0,4,2048,2048,band32_vals,1,221.297458,220.693125,222.272041,5
0,4,56,56,jacobi,1,0.898834,0.857750,1.183334,25
0,4,56,56,block,1,2.852000,2.792583,2.936375,25
0,4,56,56,gk,1,1.350459,1.303917,1.353000,25
0,4,56,56,gk_vals,1,1.080083,1.059875,1.101875,25
0,4,56,56,cpu_vals,1,0.084958,0.084250,0.085583,25
0,4,56,56,cpu,1,0.180584,0.178125,0.184167,25
0,64,80,80,jacobi,1,5.105125,5.098666,5.115083,25
0,64,80,80,block,1,7.615417,7.505792,7.726813,20
0,64,80,80,gk,1,4.051250,4.047583,4.055416,25
0,64,80,80,gk_vals,1,2.612875,2.608958,2.619375,25
0,64,80,80,cpu_vals,1,1.018208,0.999042,1.046042,25
0,64,80,80,gk_share,1,2.934500,2.924000,2.950167,25
0,64,80,80,gk_share_vals,1,2.271709,2.100667,2.751333,25
0,64,80,80,cpu,1,1.886916,1.877583,1.898833,25
0,4096,96,96,jacobi,1,776.945166,776.710521,777.713916,3
0,4096,96,96,block,1,345.214500,344.816895,345.221021,3
0,4096,96,96,cpu,1,148.097875,147.110958,150.131333,5
0,1024,1024,128,jacobi,1,2843.420500,2842.801979,2846.229812,3
0,1024,1024,128,block,1,541.178000,540.865750,542.249542,3
0,1024,1024,128,qr,1,583.454375,582.181208,590.075979,3
0,1024,1024,128,qrblock,1,312.224791,311.575000,317.982249,3
0,1024,1024,128,cpu,1,235.638417,235.020542,235.837375,5
0,1024,1024,32,jacobi,1,140.371708,139.973667,140.377667,5
0,1024,1024,32,block,1,39.578500,39.033208,40.024084,5
0,1024,1024,32,qr,1,35.938209,35.692959,36.683125,5
0,1024,1024,32,qrblock,1,41.777167,41.205542,41.782291,5
0,1024,1024,32,gk,1,37.295209,36.438208,38.091167,5
0,1024,1024,32,gk_vals,1,22.169083,21.338958,24.180104,7
0,1024,1024,32,cpu_vals,1,10.453291,10.368979,10.559812,15
0,1024,1024,32,gk_share,1,23.537958,22.790084,23.841604,7
0,1024,1024,32,gk_share_vals,1,14.140958,13.581812,14.264916,11
0,1024,1024,32,cpu,1,22.090666,21.983708,22.379021,7
0,4096,16,16,jacobi,1,5.116292,5.068750,5.136750,25
0,4096,16,16,gk,1,2.435875,2.426209,2.447542,25
0,4096,16,16,gk_vals,1,1.273375,1.227000,1.319375,25
0,4096,16,16,cpu_vals,1,1.843750,1.707500,2.341667,25
0,4096,16,16,gk_share,1,3.902500,3.855458,3.989916,25
0,4096,16,16,gk_share_vals,1,1.602750,1.593792,1.699334,25
0,4096,16,16,cpu,1,4.635500,4.447208,4.748625,25
0,1024,256,256,jacobi,1,4491.219250,4490.724541,4492.281917,3
0,1024,256,256,block,1,1404.340583,1402.089667,1405.070791,3
0,1024,256,256,cpu,1,286.404750,285.658584,292.800000,5
0,256,2048,64,jacobi,1,328.817417,328.414854,329.302834,3
0,256,2048,64,block,1,58.989542,57.887041,59.124500,5
0,256,2048,64,qr,1,52.711667,52.307167,52.841666,5
0,256,2048,64,qrblock,1,55.320416,54.810792,58.082542,5
0,256,2048,64,gk,1,52.403792,51.326083,52.839667,5
0,256,2048,64,gk_vals,1,39.633500,38.317292,39.776917,5
0,256,2048,64,cpu_vals,1,17.515750,17.499833,17.695750,9
0,256,2048,64,gk_share,1,46.351083,46.169083,46.738458,5
0,256,2048,64,gk_share_vals,1,31.278625,30.098125,32.168625,5
0,256,2048,64,cpu,1,35.753792,35.342916,35.871750,5
0,16,512,32,jacobi,1,0.671458,0.662625,0.731834,25
0,16,512,32,block,1,2.841917,2.820834,2.895292,25
0,16,512,32,qr,1,0.938792,0.923417,0.957750,25
0,16,512,32,qrblock,1,2.377750,2.351417,2.411292,25
0,16,512,32,gk,1,1.445833,1.414375,1.471459,25
0,16,512,32,gk_vals,1,0.849042,0.819334,0.892000,25
0,16,512,32,cpu_vals,1,0.259084,0.240584,0.616709,25
0,16,512,32,cpu,1,0.379125,0.368833,0.467792,25
0,4096,1024,128,qr,1,2408.359833,2399.912750,2411.749166,3
0,4096,1024,128,qrblock,1,1250.571458,1249.113396,1260.118354,3
0,4096,1024,128,cpu,1,921.516375,921.203937,926.480688,3
0,1,256,128,jacobi,1,5.296000,5.288791,5.300250,25
0,1,256,128,block,1,5.707625,5.629583,5.791834,25
0,1,256,128,qr,1,4.339208,4.336750,4.343583,25
0,1,256,128,qrblock,1,5.692084,5.622083,5.774625,25
0,1,256,128,cpu,1,1.340625,1.337625,1.345500,25
0,1,256,128,bidiag,1,3.101875,3.075125,3.114250,25
0,1,256,128,bidiag_vals,1,2.000333,1.998291,2.006709,25
0,1,256,128,cpu_vals,1,0.783542,0.780334,0.786708,25
0,1,128,16,jacobi,1,0.533750,0.519250,0.556375,25
0,1,128,16,qr,1,0.416625,0.410750,0.435958,25
0,1,128,16,gk,1,0.338834,0.331334,0.381000,25
0,1,128,16,gk_vals,1,0.262625,0.259542,0.279584,25
0,1,128,16,cpu_vals,1,0.014375,0.014250,0.014500,25
0,1,128,16,cpu,1,0.037333,0.037167,0.037708,25
0,4,256,32,jacobi,1,0.454416,0.446375,0.586708,25
0,4,256,32,block,1,2.172584,2.148459,2.238209,25
0,4,256,32,qr,1,0.591542,0.582875,0.601833,25
0,4,256,32,qrblock,1,2.013500,1.983292,2.042166,25
0,4,256,32,gk,1,1.097750,1.085916,1.135958,25
0,4,256,32,gk_vals,1,0.642042,0.629917,0.646750,25
0,4,256,32,cpu_vals,1,0.087750,0.086125,0.091417,25
0,4,256,32,cpu,1,0.156417,0.155584,0.158708,25
0,4,512,64,jacobi,1,2.021959,2.015500,2.041292,25
0,4,512,64,block,1,3.840500,3.776667,3.894166,25
0,4,512,64,qr,1,1.650000,1.610958,1.670000,25
0,4,512,64,qrblock,1,3.128167,3.118792,3.148792,25
0,4,512,64,gk,1,2.704250,2.671250,2.712667,25
0,4,512,64,gk_vals,1,2.047292,2.032625,2.072000,25
0,4,512,64,cpu_vals,1,0.345542,0.343709,0.353166,25
0,4,512,64,cpu,1,0.691625,0.689375,0.695083,25
0,64,64,64,jacobi,1,2.804166,2.782666,2.821750,25
0,64,64,64,block,1,3.865792,3.774708,3.921291,25
0,64,64,64,gk,1,1.949208,1.943083,1.962541,25
0,64,64,64,gk_vals,1,1.351959,1.345916,1.360333,25
0,64,64,64,cpu_vals,1,0.473125,0.406167,0.655792,25
0,64,64,64,gk_share,1,2.059958,2.050417,2.094167,25
0,64,64,64,gk_share_vals,1,1.479000,1.428500,1.515375,25
0,64,64,64,cpu,1,1.030625,1.020792,1.039125,25
0,64,512,128,jacobi,1,81.782875,81.619625,81.826083,5
0,64,512,128,block,1,20.881813,20.822802,20.924125,8
0,64,512,128,qr,1,37.352500,37.239291,37.380292,5
0,64,512,128,qrblock,1,19.960250,19.825709,20.130573,8
0,64,512,128,cpu,1,11.624729,11.252240,11.799719,14
0,64,512,128,bidiag,1,190.534833,190.509416,190.701125,5
0,64,512,128,bidiag_vals,1,137.750750,137.091208,137.988250,5
0,64,512,128,cpu_vals,1,6.139500,5.772166,6.213125,25
0,1024,32,16,jacobi,1,1.539125,1.508500,1.643083,25
0,1024,32,16,qr,1,2.160958,2.137792,2.237833,25
0,1024,32,16,gk,1,1.134042,1.030042,1.140791,25
0,1024,32,16,gk_vals,1,0.530708,0.522166,0.535750,25
0,1024,32,16,cpu_vals,1,0.693875,0.672042,0.718625,25
0,1024,32,16,gk_share,1,1.191334,1.181125,1.199250,25
0,1024,32,16,gk_share_vals,1,0.814500,0.802750,0.837834,25
0,1024,32,16,cpu,1,1.828042,1.809625,1.839250,25
0,64,256,128,jacobi,1,31.016750,30.985375,31.030292,5
0,64,256,128,block,1,14.711792,14.654000,14.833917,11
0,64,256,128,qr,1,34.469375,33.988042,34.535041,5
0,64,256,128,qrblock,1,17.090625,17.054041,17.207833,9
0,64,256,128,cpu,1,8.693687,8.606656,8.893917,18
0,64,256,128,bidiag,1,170.379250,170.223958,170.695750,5
0,64,256,128,bidiag_vals,1,118.796667,117.775333,118.938000,5
0,64,256,128,cpu_vals,1,4.964750,4.888250,6.415541,25
0,4,128,64,jacobi,1,1.195709,1.140917,1.488167,25
0,4,128,64,block,1,2.614500,2.596292,2.707166,25
0,4,128,64,qr,1,1.313000,1.276666,1.373416,25
0,4,128,64,qrblock,1,2.801250,2.783458,2.861250,25
0,4,128,64,gk,1,2.185625,2.182584,2.191791,25
0,4,128,64,gk_vals,1,1.576625,1.557916,1.584583,25
0,4,128,64,cpu_vals,1,0.160958,0.159042,0.161666,25
0,4,128,64,cpu,1,0.338208,0.336292,0.341334,25
0,4,512,128,jacobi,1,10.151833,10.147271,10.166062,15
0,4,512,128,block,1,6.864770,6.774458,6.935999,22
0,4,512,128,qr,1,5.318500,5.297584,5.351708,25
0,4,512,128,qrblock,1,6.586084,6.516521,6.641125,23
0,4,512,128,cpu,1,1.949542,1.929208,1.959917,25
0,4,512,128,bidiag,1,12.078875,12.013167,12.156667,13
0,4,512,128,bidiag_vals,1,8.748791,8.738979,8.764625,18
0,4,512,128,cpu_vals,1,1.270042,1.263709,1.282708,25
0,64,384,384,jacobi,1,1147.885125,1147.463917,1148.608750,3
0,64,384,384,block,1,274.906250,274.846750,275.035125,5
0,64,384,384,cpu,1,44.928125,44.797416,45.910333,5
0,64,384,384,bidiag,1,458.852667,458.427396,458.858896,3
0,64,384,384,bidiag_vals,1,329.655916,329.597958,329.868187,3
0,64,384,384,cpu_vals,1,23.585250,23.558250,23.872209,7
0,1024,512,16,jacobi,1,11.499084,11.335334,11.580552,14
0,1024,512,16,qr,1,8.406396,8.269010,8.635667,18
0,1024,512,16,gk,1,8.209959,7.997438,8.350271,19
0,1024,512,16,gk_vals,1,4.617625,4.508167,4.678792,25
0,1024,512,16,cpu_vals,1,2.655625,2.637375,2.818625,25
0,1024,512,16,gk_share,1,6.479667,6.363636,6.594250,24
0,1024,512,16,gk_share_vals,1,3.472667,3.425875,3.652500,25
0,1024,512,16,cpu,1,5.215000,5.162042,5.248958,25
0,16,64,64,jacobi,1,1.086584,1.078583,1.128458,25
0,16,64,64,block,1,2.931250,2.888708,2.975875,25
0,16,64,64,gk,1,1.796667,1.791666,1.800667,25
0,16,64,64,gk_vals,1,1.331416,1.291500,1.345708,25
0,16,64,64,cpu_vals,1,0.217833,0.215458,0.221500,25
0,16,64,64,cpu,1,0.395041,0.388667,0.398875,25
0,256,64,32,jacobi,1,2.200375,2.159000,2.211583,25
0,256,64,32,block,1,3.038000,3.004083,3.119417,25
0,256,64,32,qr,1,2.605875,2.574791,2.655916,25
0,256,64,32,qrblock,1,3.442417,3.406625,3.503208,25
0,256,64,32,gk,1,1.543292,1.527917,1.574042,25
0,256,64,32,gk_vals,1,0.936292,0.891459,0.983167,25
0,256,64,32,cpu_vals,1,0.649208,0.601917,0.689709,25
0,256,64,32,gk_share,1,1.017750,1.013541,1.030083,25
0,256,64,32,gk_share_vals,1,0.661917,0.655667,0.664542,25
0,256,64,32,cpu,1,1.451375,1.439667,1.485958,25
0,64,256,256,jacobi,1,291.426667,290.988833,291.640792,5
0,64,256,256,block,1,83.426916,83.389333,83.438625,5
0,64,256,256,cpu,1,20.145750,20.072938,20.599760,8
0,64,256,256,bidiag,1,302.453542,301.999479,302.471563,3
0,64,256,256,bidiag_vals,1,211.804375,211.502041,211.842625,5
0,64,256,256,cpu_vals,1,10.825187,10.716292,11.098135,14
0,1,512,16,jacobi,1,1.051875,0.368250,1.080500,25
0,1,512,16,qr,1,0.468250,0.458791,0.480250,25
0,1,512,16,gk,1,0.576167,0.565291,0.586958,25
0,1,512,16,gk_vals,1,0.294875,0.288875,0.298417,25
0,1,512,16,cpu_vals,1,0.034750,0.034208,0.036625,25
0,1,512,16,cpu,1,0.072125,0.071500,0.072834,25
0,64,24,24,jacobi,1,0.573125,0.562584,0.615958,25
0,64,24,24,gk,1,0.520416,0.517959,0.525667,25
0,64,24,24,gk_vals,1,0.363417,0.360500,0.365833,25
0,64,24,24,cpu_vals,1,0.161209,0.157792,0.168417,25
0,64,24,24,gk_share,1,0.621375,0.614208,0.629417,25
0,64,24,24,gk_share_vals,1,0.450084,0.447416,0.453709,25
0,64,24,24,cpu,1,0.284083,0.282458,0.288291,25
0,16,32,16,jacobi,1,0.492458,0.482459,0.515458,25
0,16,32,16,qr,1,0.469708,0.460667,0.479167,25
0,16,32,16,gk,1,0.340458,0.331958,0.345959,25
0,16,32,16,gk_vals,1,0.274084,0.268333,0.276792,25
0,16,32,16,cpu_vals,1,0.112416,0.089500,0.135208,25
0,16,32,16,cpu,1,0.119083,0.115166,0.128375,25
0,16,256,8,jacobi,1,0.456875,0.440334,0.508084,25
0,16,256,8,qr,1,0.459542,0.455875,0.480458,25
0,16,256,8,gk,1,0.242125,0.240916,0.244167,25
0,16,256,8,gk_vals,1,0.203834,0.191042,0.209541,25
0,16,256,8,cpu_vals,1,0.111583,0.095375,0.115333,25
0,16,256,8,cpu,1,0.130750,0.118375,0.227500,25
0,2,1536,1536,cpu,1,200.212791,198.388209,201.003667,5
0,2,1536,1536,bidiag,1,110.262917,109.985792,110.996459,5
0,2,1536,1536,bidiag_vals,1,86.583042,86.547500,86.595875,5
0,2,1536,1536,cpu_vals,1,100.974292,100.944625,101.359958,5
0,2,1536,1536,band,1,101.359959,100.021125,101.663208,5
0,2,1536,1536,band8_vals,1,59.084209,59.036375,59.667291,5
0,2,1536,1536,band_vals,1,54.647208,54.537583,54.789750,5
0,2,1536,1536,band32_vals,1,79.187417,78.828375,79.213709,5
0,1024,512,128,jacobi,1,1255.107792,1254.422687,1256.892458,3
0,1024,512,128,block,1,325.324584,325.080917,326.154271,3
0,1024,512,128,qr,1,516.984375,515.697646,517.307166,3
0,1024,512,128,qrblock,1,237.035583,236.475667,237.794584,5
0,1024,512,128,cpu,1,156.186250,155.925166,156.996458,5
0,256,512,16,jacobi,1,2.715584,2.625417,2.796458,25
0,256,512,16,qr,1,2.371791,2.308125,3.379875,25
0,256,512,16,gk,1,2.285083,2.223208,3.273291,25
0,256,512,16,gk_vals,1,1.776708,1.554042,1.884166,25
0,256,512,16,cpu_vals,1,0.842291,0.730500,1.253292,25
0,256,512,16,gk_share,1,2.169042,2.126417,2.303375,25
0,256,512,16,gk_share_vals,1,1.376959,1.273584,1.882625,25
0,256,512,16,cpu,1,1.933125,1.456875,1.973375,25
0,4096,64,64,jacobi,1,205.650958,205.553250,205.746417,5
0,4096,64,64,block,1,113.586750,113.120333,113.870083,5
0,4096,64,64,gk,1,64.280791,64.233042,64.386875,5
0,4096,64,64,gk_vals,1,28.176146,28.137031,28.200886,6
0,4096,64,64,cpu_vals,1,17.868417,17.775584,18.035542,9
0,4096,64,64,gk_share,1,33.774125,33.635625,33.782666,5
0,4096,64,64,gk_share_vals,1,12.073333,11.986875,12.342167,13
0,4096,64,64,cpu,1,54.206375,53.068292,55.503125,5
0,1024,64,8,jacobi,1,0.938500,0.844750,0.962333,25
0,1024,64,8,qr,1,1.178667,1.169417,1.199542,25
0,1024,64,8,gk,1,0.614125,0.607000,0.621458,25
0,1024,64,8,gk_vals,1,0.332917,0.326375,0.341250,25
0,1024,64,8,cpu_vals,1,0.521958,0.428916,0.639209,25
0,1024,64,8,gk_share,1,0.733417,0.727625,0.775750,25
0,1024,64,8,gk_share_vals,1,0.476833,0.426042,0.621666,25
0,1024,64,8,cpu,1,0.724833,0.695000,0.773333,25
0,4,1792,1792,cpu,1,357.531000,355.592333,362.196771,3
0,4,1792,1792,bidiag,1,301.279000,300.119188,303.186980,3
0,4,1792,1792,bidiag_vals,1,238.246709,238.232833,239.062667,5
0,4,1792,1792,cpu_vals,1,202.963333,200.843458,214.810792,5
0,4,1792,1792,band,1,261.148792,259.611500,262.483875,5
0,4,1792,1792,band8_vals,1,143.538292,143.460834,143.558209,5
0,4,1792,1792,band_vals,1,129.562250,128.307000,129.669375,5
0,4,1792,1792,band32_vals,1,188.004792,187.766208,188.252500,5
0,4,256,64,jacobi,1,1.460042,1.413375,1.496542,25
0,4,256,64,block,1,3.102833,3.004250,3.135167,25
0,4,256,64,qr,1,1.386292,1.335250,1.428209,25
0,4,256,64,qrblock,1,2.920667,2.883166,2.949875,25
0,4,256,64,gk,1,2.370625,2.329417,2.375333,25
0,4,256,64,gk_vals,1,1.740958,1.714917,1.756166,25
0,4,256,64,cpu_vals,1,0.225875,0.224042,0.228375,25
0,4,256,64,cpu,1,0.452584,0.445958,0.454875,25
0,16,256,64,jacobi,1,1.523416,1.485875,1.536916,25
0,16,256,64,block,1,3.330625,3.302334,3.386125,25
0,16,256,64,qr,1,1.775666,1.719042,1.818625,25
0,16,256,64,qrblock,1,3.381125,3.370125,3.428375,25
0,16,256,64,gk,1,2.760542,2.753584,2.773208,25
0,16,256,64,gk_vals,1,1.957667,1.940333,2.006042,25
0,16,256,64,cpu_vals,1,0.411792,0.343000,0.575583,25
0,16,256,64,cpu,1,0.673584,0.655917,0.850375,25
0,64,48,48,jacobi,1,1.689834,1.681250,1.713459,25
0,64,48,48,block,1,3.613833,3.551750,3.679083,25
0,64,48,48,gk,1,1.195833,1.146375,1.243875,25
0,64,48,48,gk_vals,1,0.894375,0.826666,0.915375,25
0,64,48,48,cpu_vals,1,0.280250,0.270417,0.644750,25
0,64,48,48,gk_share,1,1.306667,1.288958,1.348250,25
0,64,48,48,gk_share_vals,1,1.009125,0.971375,1.015459,25
0,64,48,48,cpu,1,0.696167,0.687708,0.726334,25
0,16,32,32,jacobi,1,0.592000,0.367750,1.157292,25
0,16,32,32,block,1,2.163791,2.121333,2.202292,25
0,16,32,32,gk,1,0.772333,0.677125,0.779833,25
0,16,32,32,gk_vals,1,0.495208,0.482083,0.519416,25
0,16,32,32,cpu_vals,1,0.113209,0.102209,0.136375,25
0,16,32,32,cpu,1,0.186083,0.184125,0.192667,25
0,1,512,128,jacobi,1,9.979333,9.971584,9.985344,16
0,1,512,128,block,1,6.529625,6.482646,6.626563,23
0,1,512,128,qr,1,4.663292,4.658750,4.668583,25
0,1,512,128,qrblock,1,5.834375,5.736292,5.953333,25
0,1,512,128,cpu,1,1.646166,1.640917,1.673167,25
0,1,512,128,bidiag,1,3.404000,3.392000,3.439041,25
0,1,512,128,bidiag_vals,1,2.306125,2.300583,2.309666,25
0,1,512,128,cpu_vals,1,0.922417,0.918667,0.925625,25
0,256,128,128,jacobi,1,118.401625,117.963917,118.608000,5
0,256,128,128,block,1,47.905917,47.794041,48.132167,5
0,256,128,128,cpu,1,21.825417,21.789855,22.224334,7
0,256,128,128,bidiag,1,609.379958,609.375041,610.987458,3
0,256,128,128,bidiag_vals,1,395.220291,395.173604,395.390208,3
0,256,128,128,cpu_vals,1,14.497750,14.367771,14.545583,11
0,1,256,64,jacobi,1,1.322250,1.309792,1.368459,25
0,1,256,64,block,1,3.131791,3.054584,3.216875,25
0,1,256,64,qr,1,1.208625,1.161666,1.262292,25
0,1,256,64,qrblock,1,2.789583,2.760000,2.849209,25
0,1,256,64,gk,1,2.210792,2.125167,2.215541,25
0,1,256,64,gk_vals,1,1.527375,1.510333,1.552500,25
0,1,256,64,cpu_vals,1,0.125083,0.123833,0.127916,25
0,1,256,64,cpu,1,0.302542,0.300041,0.306375,25
0,4,96,96,jacobi,1,2.189375,2.182500,2.198250,25
0,4,96,96,block,1,4.009500,3.951542,4.142458,25
0,4,96,96,cpu,1,0.693834,0.681084,0.704834,25
0,256,1024,128,jacobi,1,706.695334,704.386375,707.073521,3
0,256,1024,128,block,1,135.424250,135.078792,135.942292,5
0,256,1024,128,qr,1,158.109042,158.026875,158.232459,5
0,256,1024,128,qrblock,1,100.457416,100.267541,101.786750,5
0,256,1024,128,cpu,1,62.584583,62.452250,62.711875,5
0,256,1024,128,bidiag,1,894.234333,893.166187,897.493749,3
0,256,1024,128,bidiag_vals,1,667.571542,667.512209,667.845209,3
0,256,1024,128,cpu_vals,1,28.617542,28.254125,28.753428,6
0,4,64,16,jacobi,1,0.506792,0.501917,0.518875,25
0,4,64,16,qr,1,0.445333,0.428459,0.459709,25
0,4,64,16,gk,1,0.350583,0.347500,0.359541,25
0,4,64,16,gk_vals,1,0.268084,0.260167,0.282208,25
0,4,64,16,cpu_vals,1,0.043042,0.042042,0.044083,25
0,4,64,16,cpu,1,0.061625,0.060584,0.062875,25
0,4,32,32,jacobi,1,0.957583,0.350250,1.053125,25
0,4,32,32,block,1,1.937500,1.920333,1.955583,25
0,4,32,32,gk,1,0.753000,0.734333,0.755958,25
0,4,32,32,gk_vals,1,0.507417,0.475042,0.540834,25
0,4,32,32,cpu_vals,1,0.050417,0.049834,0.051417,25
0,4,32,32,cpu,1,0.091416,0.090625,0.093375,25
0,4096,256,16,jacobi,1,14.814563,14.550521,14.978385,10
0,4096,256,16,qr,1,18.944125,18.753750,19.062531,8
0,4096,256,16,gk,1,12.463417,12.403375,12.532875,13
0,4096,256,16,gk_vals,1,5.048542,5.034708,5.055000,25
0,4096,256,16,cpu_vals,1,4.749000,4.721375,4.773166,25
0,4096,256,16,gk_share,1,8.578708,8.529958,8.645500,17
0,4096,256,16,gk_share_vals,1,3.334458,3.321583,3.360875,25
0,4096,256,16,cpu,1,12.124459,12.046167,12.155416,13
0,4,256,16,jacobi,1,0.735292,0.700292,0.783333,25
0,4,256,16,qr,1,0.461292,0.453209,0.465458,25
0,4,256,16,gk,1,0.369625,0.361166,0.374667,25
0,4,256,16,gk_vals,1,0.283875,0.270042,0.290417,25
0,4,256,16,cpu_vals,1,0.052083,0.051083,0.052709,25
0,4,256,16,cpu,1,0.074833,0.073833,0.076292,25
0,1,128,64,jacobi,1,1.059833,1.049917,1.313958,25
0,1,128,64,block,1,2.856583,2.777250,2.886208,25
0,1,128,64,qr,1,1.192042,1.153125,1.240959,25
0,1,128,64,qrblock,1,2.930375,2.832458,2.966708,25
0,1,128,64,gk,1,2.094417,2.084125,2.100333,25
0,1,128,64,gk_vals,1,1.468917,1.453917,1.502625,25
0,1,128,64,cpu_vals,1,0.112417,0.112041,0.113041,25
0,1,128,64,cpu,1,0.269167,0.266542,0.272542,25
0,4096,128,32,jacobi,1,35.105542,35.090416,35.120583,5
0,4096,128,32,block,1,32.991084,32.901542,33.155125,5
0,4096,128,32,qr,1,32.077833,32.067083,32.100708,5
0,4096,128,32,qrblock,1,31.197417,31.088584,31.310750,5
0,4096,128,32,gk,1,25.437458,25.336437,25.524949,6
0,4096,128,32,gk_vals,1,13.519917,13.503073,13.530083,12
0,4096,128,32,cpu_vals,1,9.004125,8.936916,9.244708,17
0,4096,128,32,gk_share,1,15.757209,15.492864,15.843229,10
0,4096,128,32,gk_share_vals,1,6.001208,5.989375,6.017875,25
0,4096,128,32,cpu,1,25.249125,25.064197,25.710709,6
0,64,1024,128,jacobi,1,181.891916,181.609791,182.094709,5
0,64,1024,128,block,1,37.226958,37.218667,37.242542,5
0,64,1024,128,qr,1,43.709292,43.592333,44.645000,5
0,64,1024,128,qrblock,1,26.666000,26.529312,26.742218,6
0,64,1024,128,cpu,1,16.945250,16.634625,17.105500,9
0,64,1024,128,bidiag,1,224.282416,223.389459,224.518042,5
0,64,1024,128,bidiag_vals,1,167.148458,167.028250,167.262250,5
0,64,1024,128,cpu_vals,1,7.906396,7.685677,7.989177,20
0,1,32,16,jacobi,1,0.479250,0.456750,0.525125,25
0,1,32,16,qr,1,0.423208,0.419000,0.445541,25
0,1,32,16,gk,1,0.313667,0.299625,0.329000,25
0,1,32,16,gk_vals,1,0.258625,0.254500,0.273625,25
0,1,32,16,cpu_vals,1,0.010375,0.010250,0.011084,25
0,1,32,16,cpu,1,0.027500,0.026625,0.031792,25
0,256,384,384,jacobi,1,4608.014625,4605.194959,4611.514812,3
0,256,384,384,block,1,1138.877208,1138.719167,1139.105792,3
0,256,384,384,cpu,1,172.608375,172.295583,173.592250,5
0,1,768,768,jacobi,1,1016.510125,1016.430020,1016.511645,3
0,1,768,768,block,1,65.051583,65.041916,65.081541,5
0,1,768,768,cpu,1,33.280667,33.180834,33.526417,5
0,1,768,768,bidiag,1,22.168583,22.018188,22.402146,7
0,1,768,768,bidiag_vals,1,15.563834,15.529937,15.574135,10
0,1,768,768,cpu_vals,1,16.117354,16.108073,16.136760,10
0,1,768,768,band,1,19.462209,19.293895,19.605812,8
0,1,768,768,band8_vals,1,14.496458,14.451333,14.544313,11
0,1,768,768,band_vals,1,14.897583,14.793626,15.000666,11
0,1,768,768,band32_vals,1,21.061333,21.043708,21.073969,8
0,256,40,40,jacobi,1,3.699708,3.689208,3.725458,25
0,256,40,40,block,1,7.628208,7.545011,7.701740,20
0,256,40,40,gk,1,1.766417,1.716792,1.774750,25
0,256,40,40,gk_vals,1,0.943333,0.894833,0.987291,25
0,256,40,40,cpu_vals,1,0.585042,0.569209,0.674708,25
0,256,40,40,gk_share,1,1.163833,1.161958,1.171708,25
0,256,40,40,gk_share_vals,1,0.754167,0.751500,0.760958,25
0,256,40,40,cpu,1,1.657584,1.619458,1.686709,25
0,4096,512,128,qr,1,2103.450834,2099.910125,2105.950501,3
0,4096,512,128,qrblock,1,967.605750,964.726583,971.661729,3
0,4096,512,128,cpu,1,604.354250,601.297687,606.513250,3
0,16,256,256,jacobi,1,66.079459,66.043458,66.082583,5
0,16,256,256,block,1,24.731375,24.619479,24.795834,7
0,16,256,256,cpu,1,6.059000,6.016208,6.097708,25
0,16,256,256,bidiag,1,75.297333,75.107792,75.322083,5
0,16,256,256,bidiag_vals,1,53.190416,53.079000,53.627625,5
0,16,256,256,cpu_vals,1,3.393458,3.334416,3.833917,25
0,1024,32,32,jacobi,1,6.511041,6.474021,6.611500,23
0,1024,32,32,block,1,6.737458,6.644937,6.891896,23
0,1024,32,32,gk,1,2.635583,2.610625,2.644458,25
0,1024,32,32,gk_vals,1,1.313417,1.267500,1.321000,25
0,1024,32,32,cpu_vals,1,1.692333,1.390666,1.995958,25
0,1024,32,32,gk_share,1,2.332125,2.316333,2.498917,25
0,1024,32,32,gk_share_vals,1,1.154459,1.149958,1.159000,25
0,1024,32,32,cpu,1,3.977125,3.943875,4.516541,25
0,4,40,40,jacobi,1,0.751833,0.740416,0.791791,25
0,4,40,40,block,1,2.435959,2.406333,2.498041,25
0,4,40,40,gk,1,0.841166,0.821167,0.877958,25
0,4,40,40,gk_vals,1,0.711750,0.698042,0.723417,25
0,4,40,40,cpu_vals,1,0.055917,0.055416,0.056166,25
0,4,40,40,cpu,1,0.120375,0.118125,0.122000,25
0,64,512,32,jacobi,1,2.191833,2.157625,2.214791,25
0,64,512,32,block,1,3.619750,3.592625,3.673250,25
0,64,512,32,qr,1,2.059666,1.939833,2.412083,25
0,64,512,32,qrblock,1,3.228167,3.194459,3.263542,25
0,64,512,32,gk,1,2.178459,2.135084,2.224167,25
0,64,512,32,gk_vals,1,1.330875,1.298709,1.801542,25
0,64,512,32,cpu_vals,1,0.743541,0.566334,1.033958,25
0,64,512,32,gk_share,1,2.196500,2.172750,2.249375,25
0,64,512,32,gk_share_vals,1,1.445333,1.389083,1.557625,25
0,64,512,32,cpu,1,1.047750,1.020875,1.090709,25
0,256,1024,64,jacobi,1,155.151042,153.664708,155.602125,5
0,256,1024,64,block,1,32.834083,32.492291,33.048083,5
0,256,1024,64,qr,1,31.889167,31.777541,32.357959,5
0,256,1024,64,qrblock,1,31.362333,31.008667,32.129083,5
0,256,1024,64,gk,1,28.361124,28.091521,28.612416,6
0,256,1024,64,gk_vals,1,20.150167,19.759521,20.554105,8
0,256,1024,64,cpu_vals,1,9.327667,9.234541,9.499000,17
0,256,1024,64,gk_share,1,27.085667,25.581979,28.677386,6
0,256,1024,64,gk_share_vals,1,17.338584,17.153250,17.531875,9
0,256,1024,64,cpu,1,19.027458,18.952645,19.186448,8
0,64,256,16,jacobi,1,0.465875,0.458417,1.273584,25
0,64,256,16,qr,1,0.775042,0.754625,0.783125,25
0,64,256,16,gk,1,0.477458,0.474208,0.571708,25
0,64,256,16,gk_vals,1,0.318334,0.313541,0.321709,25
0,64,256,16,cpu_vals,1,0.199125,0.195833,0.204875,25
0,64,256,16,gk_share,1,0.562500,0.558834,0.568250,25
0,64,256,16,gk_share_vals,1,0.401166,0.393375,0.402833,25
0,64,256,16,cpu,1,0.331417,0.329042,0.335708,25
0,16,128,64,jacobi,1,1.205500,1.191833,1.242834,25
0,16,128,64,block,1,2.869667,2.857959,2.906000,25
0,16,128,64,qr,1,1.607000,1.525500,1.627083,25
0,16,128,64,qrblock,1,3.282666,3.244292,3.312875,25
0,16,128,64,gk,1,2.603959,2.548958,2.630709,25
0,16,128,64,gk_vals,1,1.874042,1.832875,1.891542,25
0,16,128,64,cpu_vals,1,0.270292,0.264917,0.323916,25
0,16,128,64,cpu,1,0.512625,0.500792,0.534708,25
0,256,192,192,jacobi,1,414.977833,414.491875,415.710895,3
0,256,192,192,block,1,147.900125,147.832667,148.042625,5
0,256,192,192,cpu,1,37.225584,37.008292,37.603542,5
0,256,192,192,bidiag,1,895.628250,895.133542,896.307437,3
0,256,192,192,bidiag_vals,1,619.901042,619.706937,620.190146,3
0,256,192,192,cpu_vals,1,18.515125,18.256209,18.626292,9
0,4096,128,64,jacobi,1,290.537125,289.769209,291.248875,5
0,4096,128,64,block,1,128.192458,128.173625,129.458375,5
0,4096,128,64,qr,1,234.614500,234.199667,234.619417,5
0,4096,128,64,qrblock,1,134.889250,133.713958,135.178000,5
0,4096,128,64,gk,1,110.114125,109.652875,110.290292,5
0,4096,128,64,gk_vals,1,49.126334,49.109834,49.696375,5
0,4096,128,64,cpu_vals,1,29.577146,29.542541,29.637500,6
0,4096,128,64,gk_share,1,63.284750,62.985750,63.291833,5
0,4096,128,64,gk_share_vals,1,28.951021,28.210792,29.401281,6
0,4096,128,64,cpu,1,77.033708,76.948125,78.412917,5
0,1024,512,32,jacobi,1,48.962125,47.970583,49.130208,5
0,1024,512,32,block,1,23.100291,22.980166,23.227105,7
0,1024,512,32,qr,1,21.406084,21.277104,21.511312,7
0,1024,512,32,qrblock,1,21.879917,21.669958,21.980166,7
0,1024,512,32,gk,1,19.212772,18.841562,19.720813,8
0,1024,512,32,gk_vals,1,12.118334,11.513125,12.776542,13
0,1024,512,32,cpu_vals,1,5.711542,5.592500,5.978208,25
0,1024,512,32,gk_share,1,15.420729,15.069708,15.796073,10
0,1024,512,32,gk_share_vals,1,7.854916,7.768750,8.010667,19
0,1024,512,32,cpu,1,12.875208,12.595500,13.220979,12
0,1024,96,96,jacobi,1,194.938375,194.876208,196.865500,5
0,1024,96,96,block,1,86.491416,86.341041,86.615291,5
0,1024,96,96,cpu,1,39.066459,39.052375,39.637584,5
0,256,512,128,jacobi,1,310.206542,309.924667,310.792459,3
0,256,512,128,block,1,82.570417,82.463708,82.644125,5
0,256,512,128,qr,1,132.181833,131.615250,132.411416,5
0,256,512,128,qrblock,1,67.885459,67.342875,68.040083,5
0,256,512,128,cpu,1,42.345750,42.149334,42.355709,5
0,256,512,128,bidiag,1,760.974667,760.658917,761.784562,3
0,256,512,128,bidiag_vals,1,555.615250,554.602479,555.795125,3
0,256,512,128,cpu_vals,1,21.881167,21.696938,23.001396,7
0,16,16,16,jacobi,1,0.555417,0.539833,0.967000,25
0,16,16,16,gk,1,0.356250,0.353042,0.359750,25
0,16,16,16,gk_vals,1,0.272375,0.269459,0.274542,25
0,16,16,16,cpu_vals,1,0.103000,0.089167,0.105792,25
0,16,16,16,cpu,1,0.114833,0.103292,0.245750,25
0,1,2048,256,jacobi,1,148.019500,147.985625,148.031416,5
0,1,2048,256,block,1,22.581541,22.468542,22.610000,7
0,1,2048,256,qr,1,32.101625,32.094000,32.160000,5
0,1,2048,256,qrblock,1,16.131313,16.058750,16.389833,10
0,1,2048,256,cpu,1,8.899583,8.811250,8.935708,17
0,1,2048,256,bidiag,1,11.431480,11.394135,11.518594,14
0,1,2048,256,bidiag_vals,1,9.273583,9.253084,9.344542,17
0,1,2048,256,cpu_vals,1,4.105958,4.092584,4.111959,25
0,256,64,16,jacobi,1,1.061250,0.657084,1.083083,25
0,256,64,16,qr,1,1.082125,1.065208,1.127417,25
0,256,64,16,gk,1,0.508125,0.500334,0.511875,25
0,256,64,16,gk_vals,1,0.321709,0.318958,0.323500,25
0,256,64,16,cpu_vals,1,0.291416,0.281416,0.638417,25
0,256,64,16,gk_share,1,0.576083,0.545375,0.587125,25
0,256,64,16,gk_share_vals,1,0.409250,0.407458,0.433292,25
0,256,64,16,cpu,1,0.596625,0.583875,0.631500,25
0,16,128,16,jacobi,1,0.602417,0.597500,0.618542,25
0,16,128,16,qr,1,0.491834,0.487250,0.499541,25
0,16,128,16,gk,1,0.365333,0.361500,0.367625,25
0,16,128,16,gk_vals,1,0.291625,0.288542,0.295000,25
0,16,128,16,cpu_vals,1,0.093750,0.089000,0.186250,25
0,16,128,16,cpu,1,0.165667,0.160333,0.179667,25
1,4096,32,8,jacobi,1,1.439125,1.407000,1.485042,25
1,4096,32,8,qr,1,2.566958,2.454167,2.672375,25
1,4096,32,8,gk,1,1.339500,1.292916,1.344792,25
1,4096,32,8,gk_vals,1,0.588500,0.586250,0.591583,25
1,4096,32,8,cpu_vals,1,1.130708,1.089084,1.715875,25
1,4096,32,8,gk_share,1,1.915334,1.761167,1.932042,25
1,4096,32,8,gk_share_vals,1,1.165542,1.144666,1.176458,25
1,4096,32,8,cpu,1,2.113542,1.979292,2.609416,25
1,1,3072,3072,cpu,1,1270.809000,1270.536375,1272.223812,3
1,1,3072,3072,bidiag,1,335.929417,334.774813,337.179125,3
1,1,3072,3072,bidiag_vals,1,262.623125,262.478958,262.670125,5
1,1,3072,3072,cpu_vals,1,677.537625,676.733812,686.979854,3
1,1,3072,3072,band,1,164.562583,164.260166,166.603583,5
1,1,3072,3072,band8_vals,1,128.235709,128.228250,128.363708,5
1,1,3072,3072,band_vals,1,98.542541,98.389791,98.720250,5
1,1,3072,3072,band32_vals,1,128.062542,127.883541,128.609750,5
1,4,1792,1792,cpu,1,350.457666,348.912021,352.568500,3
1,4,1792,1792,bidiag,1,300.305959,299.913979,300.710729,3
1,4,1792,1792,bidiag_vals,1,238.206167,238.025167,238.348458,5
1,4,1792,1792,cpu_vals,1,210.715083,210.531166,211.152375,5
1,4,1792,1792,band,1,263.465166,262.362541,263.661542,5
1,4,1792,1792,band8_vals,1,143.261750,143.192375,143.390583,5
1,4,1792,1792,band_vals,1,130.047958,129.779125,130.178208,5
1,4,1792,1792,band32_vals,1,188.687875,188.686875,188.814209,5
1,64,96,96,jacobi,1,7.632021,7.591105,7.660990,20
1,64,96,96,block,1,8.092750,8.046958,8.181771,19
1,64,96,96,cpu,1,2.949209,2.929125,2.959791,25
1,1,64,8,jacobi,1,0.339500,0.332833,0.343708,25
1,1,64,8,qr,1,0.401500,0.391209,0.432042,25
1,1,64,8,gk,1,0.261000,0.248958,0.274375,25
1,1,64,8,gk_vals,1,0.233583,0.199500,0.261083,25
1,1,64,8,cpu_vals,1,0.006708,0.006625,0.007041,25
1,1,64,8,cpu,1,0.012667,0.012459,0.012833,25
1,4096,256,128,jacobi,1,2017.901958,2017.341271,2025.608521,3
1,4096,256,128,block,1,881.668000,879.668333,882.067229,3
1,4096,256,128,qr,1,1969.781375,1966.800355,1971.414959,3
1,4096,256,128,qrblock,1,821.440958,819.817250,822.086083,3
1,4096,256,128,cpu,1,460.634208,459.871104,462.712375,3
1,1024,56,56,jacobi,1,28.683521,27.923083,29.104553,6
1,1024,56,56,block,1,28.288480,28.230709,28.328937,6
1,1024,56,56,gk,1,11.571167,11.547291,11.608250,13
1,1024,56,56,gk_vals,1,4.969833,4.955875,4.984208,25
1,1024,56,56,cpu_vals,1,3.699709,3.561333,3.997041,25
1,1024,56,56,gk_share,1,6.775458,6.737937,6.828105,22
1,1024,56,56,gk_share_vals,1,2.762583,2.749583,2.775750,25
1,1024,56,56,cpu,1,10.475583,10.290771,10.721687,15
1,4096,512,128,qr,1,2098.548375,2096.631709,2101.244104,3
1,4096,512,128,qrblock,1,964.721375,962.519375,966.323604,3
1,4096,512,128,cpu,1,605.083750,604.913063,608.144041,3
1,4096,128,64,jacobi,1,291.040417,290.933417,291.336791,5
1,4096,128,64,block,1,128.228667,128.148458,128.375375,5
1,4096,128,64,qr,1,232.291333,231.428250,234.634000,5
1,4096,128,64,qrblock,1,133.819625,132.825959,134.137000,5
1,4096,128,64,gk,1,111.288708,110.726125,111.343125,5
1,4096,128,64,gk_vals,1,49.754750,49.073000,50.330875,5
1,4096,128,64,cpu_vals,1,29.903875,29.865740,30.013323,6
1,4096,128,64,gk_share,1,61.806875,60.912958,61.942084,5
1,4096,128,64,gk_share_vals,1,30.953833,30.850750,31.822625,5
1,4096,128,64,cpu,1,79.059917,78.363042,86.779125,5
1,1,16,8,jacobi,1,0.286833,0.270000,0.301209,25
1,1,16,8,qr,1,0.511042,0.396458,0.527875,25
1,1,16,8,gk,1,0.260041,0.244584,0.276291,25
1,1,16,8,gk_vals,1,0.207042,0.193000,0.247750,25
1,1,16,8,cpu_vals,1,0.006084,0.006083,0.006167,25
1,1,16,8,cpu,1,0.010584,0.010542,0.010833,25
1,2,1536,1536,cpu,1,197.953000,197.899250,201.658542,5
1,2,1536,1536,bidiag,1,110.875916,110.303833,111.559958,5
1,2,1536,1536,bidiag_vals,1,86.685000,86.675333,86.695750,5
1,2,1536,1536,cpu_vals,1,100.905542,100.600167,101.047750,5
1,2,1536,1536,band,1,101.277000,100.394291,101.873208,5
1,2,1536,1536,band8_vals,1,59.678542,59.501708,59.960583,5
1,2,1536,1536,band_vals,1,55.777542,55.701083,55.778125,5
1,2,1536,1536,band32_vals,1,79.057459,78.787000,79.202625,5
1,1024,32,16,jacobi,1,1.542083,1.514459,1.563916,25
1,1024,32,16,qr,1,2.158167,2.133125,2.197667,25
1,1024,32,16,gk,1,1.126750,1.039208,1.138083,25
1,1024,32,16,gk_vals,1,0.537375,0.527834,0.542709,25
1,1024,32,16,cpu_vals,1,0.690500,0.669291,0.710125,25
1,1024,32,16,gk_share,1,1.156292,1.144500,1.165417,25
1,1024,32,16,gk_share_vals,1,0.736541,0.723209,0.747750,25
1,1024,32,16,cpu,1,1.828000,1.812958,1.840292,25
1,4,1024,32,jacobi,1,1.013166,0.964458,1.303291,25
1,4,1024,32,block,1,4.053834,3.999708,4.117000,25
1,4,1024,32,qr,1,0.844792,0.836083,0.848167,25
1,4,1024,32,qrblock,1,2.260083,2.231959,2.297708,25
1,4,1024,32,gk,1,1.289375,1.274625,1.364291,25
1,4,1024,32,gk_vals,1,0.857833,0.852667,0.918583,25
1,4,1024,32,cpu_vals,1,0.212208,0.206125,0.215417,25
1,4,1024,32,cpu,1,0.386083,0.377792,0.389791,25
1,1,24,24,jacobi,1,0.742875,0.721125,0.754125,25
1,1,24,24,gk,1,0.498708,0.481084,0.533625,25
1,1,24,24,gk_vals,1,0.342666,0.333042,0.353916,25
1,1,24,24,cpu_vals,1,0.013791,0.013667,0.014083,25
1,1,24,24,cpu,1,0.036625,0.036500,0.036875,25
1,256,64,8,jacobi,1,0.535125,0.518708,0.739333,25
1,256,64,8,qr,1,0.679125,0.666333,0.695459,25
1,256,64,8,gk,1,0.293667,0.291416,0.294917,25
1,256,64,8,gk_vals,1,0.217500,0.207666,0.220834,25
1,256,64,8,cpu_vals,1,0.188375,0.176583,0.631542,25
1,256,64,8,gk_share,1,0.410375,0.404542,0.431333,25
1,256,64,8,gk_share_vals,1,0.340292,0.337000,0.347834,25
1,256,64,8,cpu,1,0.289250,0.286250,0.305625,25
1,64,512,16,jacobi,1,0.654375,0.648125,0.675084,25
1,64,512,16,qr,1,1.017709,1.001791,1.029334,25
1,64,512,16,gk,1,1.094709,1.088417,1.113083,25
1,64,512,16,gk_vals,1,0.687584,0.617166,0.705875,25
1,64,512,16,cpu_vals,1,0.377083,0.268833,0.656709,25
1,64,512,16,gk_share,1,1.157208,1.133416,1.241541,25
1,64,512,16,gk_share_vals,1,0.701708,0.686166,0.751584,25
1,64,512,16,cpu,1,0.630666,0.518459,0.679458,25
1,16,32,32,jacobi,1,0.360500,0.355250,1.086250,25
1,16,32,32,block,1,2.176083,2.121375,2.210667,25
1,16,32,32,gk,1,0.679083,0.675291,0.776459,25
1,16,32,32,gk_vals,1,0.486291,0.480000,0.522542,25
1,16,32,32,cpu_vals,1,0.124416,0.111459,0.301750,25
1,16,32,32,cpu,1,0.190500,0.187375,0.196333,25
1,1,2048,64,jacobi,1,8.479146,8.473145,8.489802,18
1,1,2048,64,block,1,7.672375,7.610105,7.697979,20
1,1,2048,64,qr,1,1.814375,1.745750,1.846750,25
1,1,2048,64,qrblock,1,3.155500,3.118833,3.204125,25
1,1,2048,64,gk,1,2.831792,2.797291,2.841709,25
1,1,2048,64,gk_vals,1,2.225417,2.160209,2.234667,25
1,1,2048,64,cpu_vals,1,0.424958,0.421083,0.427750,25
1,1,2048,64,cpu,1,0.891709,0.884875,0.901500,25
1,4096,256,64,jacobi,1,420.862458,420.502874,421.263688,3
1,4096,256,64,block,1,175.186833,174.527542,178.209250,5
1,4096,256,64,qr,1,259.874167,250.432458,261.775500,5
1,4096,256,64,qrblock,1,163.737333,161.719959,163.773625,5
1,4096,256,64,gk,1,144.237209,144.065750,144.396666,5
1,4096,256,64,gk_vals,1,69.197833,68.576000,69.534958,5
1,4096,256,64,cpu_vals,1,39.065125,38.436417,39.326916,5
1,4096,256,64,gk_share,1,85.550833,84.998875,85.934042,5
1,4096,256,64,gk_share_vals,1,43.996250,43.803750,44.111584,5
1,4096,256,64,cpu,1,99.595667,99.296791,100.014000,5
1,1024,256,16,jacobi,1,3.994375,3.959834,4.014709,25
1,1024,256,16,qr,1,5.023833,4.764208,5.141625,25
1,1024,256,16,gk,1,3.439916,3.406042,3.459750,25
1,1024,256,16,gk_vals,1,1.487583,1.434000,1.527666,25
1,1024,256,16,cpu_vals,1,1.754750,1.295541,1.821500,25
1,1024,256,16,gk_share,1,2.915166,2.871542,2.952875,25
1,1024,256,16,gk_share_vals,1,1.075041,1.071042,1.083500,25
1,1024,256,16,cpu,1,3.551792,3.500833,3.617875,25
1,64,256,256,jacobi,1,290.709250,290.481500,291.201791,5
1,64,256,256,block,1,82.493834,82.341583,82.545792,5
1,64,256,256,cpu,1,20.090187,20.026531,20.303375,8
1,64,256,256,bidiag,1,301.286167,301.247125,301.385334,3
1,64,256,256,bidiag_vals,1,211.331334,211.158333,211.332250,5
1,64,256,256,cpu_vals,1,10.986625,10.765719,11.069614,14
1,4096,128,16,jacobi,1,8.678104,8.612261,8.718115,18
1,4096,128,16,qr,1,11.850125,11.772167,11.928292,13
1,4096,128,16,gk,1,7.297625,7.257416,7.355958,21
1,4096,128,16,gk_vals,1,2.852167,2.847875,2.862916,25
1,4096,128,16,cpu_vals,1,3.610625,3.478917,3.661750,25
1,4096,128,16,gk_share,1,6.847563,6.747302,7.287864,22
1,4096,128,16,gk_share_vals,1,2.435750,2.321834,2.641250,25
1,4096,128,16,cpu,1,8.929750,8.919042,8.995500,17
1,1,1280,1280,cpu,1,100.548750,100.413917,100.903166,5
1,1,1280,1280,bidiag,1,48.217667,48.208916,48.227875,5
1,1,1280,1280,bidiag_vals,1,31.215834,31.137916,31.220250,5
1,1,1280,1280,cpu_vals,1,48.650458,48.645334,48.666917,5
1,1,1280,1280,band,1,37.581792,37.423792,37.806334,5
1,1,1280,1280,band8_vals,1,26.136271,26.079781,26.185604,6
1,1,1280,1280,band_vals,1,25.768937,25.248011,26.061271,6
1,1,1280,1280,band32_vals,1,35.654417,35.653875,35.813250,5
1,4096,64,8,jacobi,1,1.873083,1.834542,1.891167,25
1,4096,64,8,qr,1,3.055667,2.983084,3.183125,25
1,4096,64,8,gk,1,1.829750,1.806083,1.871167,25
1,4096,64,8,gk_vals,1,0.801958,0.748333,0.856333,25
1,4096,64,8,cpu_vals,1,1.454875,1.307416,1.800000,25
1,4096,64,8,gk_share,1,2.036750,2.020791,2.052667,25
1,4096,64,8,gk_share_vals,1,1.361500,1.346459,1.380416,25
1,4096,64,8,cpu,1,2.931958,2.858750,2.952500,25
1,64,16,16,jacobi,1,0.419458,0.410334,0.521333,25
1,64,16,16,gk,1,0.508250,0.486792,0.521583,25
1,64,16,16,gk_vals,1,0.265917,0.264667,0.268208,25
1,64,16,16,cpu_vals,1,0.246500,0.178917,0.413333,25
1,64,16,16,gk_share,1,0.448083,0.445500,0.449333,25
1,64,16,16,gk_share_vals,1,0.360042,0.357125,0.362750,25
1,64,16,16,cpu,1,0.177416,0.175833,0.187917,25
1,256,256,16,jacobi,1,1.289125,1.263125,1.323000,25
1,256,256,16,qr,1,1.649375,1.611916,2.158000,25
1,256,256,16,gk,1,1.186333,1.102583,1.199334,25
1,256,256,16,gk_vals,1,0.575667,0.571750,0.580917,25
1,256,256,16,cpu_vals,1,0.558833,0.418750,0.751083,25
1,256,256,16,gk_share,1,0.921042,0.911834,0.944000,25
1,256,256,16,gk_share_vals,1,0.540583,0.535791,0.565291,25
1,256,256,16,cpu,1,1.449833,0.887000,1.482458,25
1,1,64,16,jacobi,1,0.477042,0.453750,0.492334,25
1,1,64,16,qr,1,0.450000,0.440583,0.469625,25
1,1,64,16,gk,1,0.344583,0.338333,0.367000,25
1,1,64,16,gk_vals,1,0.270500,0.266125,0.284708,25
1,1,64,16,cpu_vals,1,0.011708,0.011542,0.012209,25
1,1,64,16,cpu,1,0.036083,0.029459,0.036917,25
1,1024,256,256,jacobi,1,4494.396459,4493.243729,4496.955292,3
1,1024,256,256,block,1,1409.157500,1407.020375,1415.599854,3
1,1024,256,256,cpu,1,294.559541,294.359833,299.155625,3
1,1,128,8,jacobi,1,0.314042,0.302875,0.324542,25
1,1,128,8,qr,1,0.447667,0.438625,0.467333,25
1,1,128,8,gk,1,0.247000,0.225167,0.276625,25
1,1,128,8,gk_vals,1,0.238458,0.192458,0.251750,25
1,1,128,8,cpu_vals,1,0.008000,0.007958,0.008042,25
1,1,128,8,cpu,1,0.015500,0.015083,0.016000,25
1,4096,1024,64,jacobi,1,2489.758375,2488.989292,2491.386396,3
1,4096,1024,64,block,1,482.876292,480.501188,484.249958,3
1,4096,1024,64,qr,1,460.905125,451.625313,461.215438,3
1,4096,1024,64,qrblock,1,356.187584,351.499459,365.569563,3
1,4096,1024,64,gk,1,345.644959,341.310021,346.287480,3
1,4096,1024,64,gk_vals,1,181.598333,179.333083,182.737666,5
1,4096,1024,64,cpu_vals,1,126.245083,126.212791,127.191875,5
1,4096,1024,64,gk_share,1,245.855125,239.761459,250.608084,5
1,4096,1024,64,gk_share_vals,1,140.046084,139.853000,140.335083,5
1,4096,1024,64,cpu,1,266.809583,265.378667,267.936709,5
1,1,4096,4096,cpu,1,3411.920709,3411.401209,3416.254396,3
1,1,4096,4096,bidiag,1,835.546541,834.231978,837.553375,3
1,1,4096,4096,bidiag_vals,1,694.815458,694.798812,695.294250,3
1,1,4096,4096,cpu_vals,1,1863.018334,1862.044854,1867.801438,3
1,1,4096,4096,band,1,349.552542,345.178876,351.795292,3
1,1,4096,4096,band8_vals,1,287.371500,287.168666,287.554542,5
1,1,4096,4096,band_vals,1,188.911416,188.816542,188.950750,5
1,1,4096,4096,band32_vals,1,203.672291,203.493916,204.027708,5
1,4,768,768,jacobi,1,1278.560208,1278.531271,1278.893750,3
1,4,768,768,block,1,114.606292,114.515584,114.615500,5
1,4,768,768,cpu,1,40.052042,40.047125,40.908042,5
1,4,768,768,bidiag,1,67.009542,66.396416,67.660958,5
1,4,768,768,bidiag_vals,1,51.465500,51.391083,51.544208,5
1,4,768,768,cpu_vals,1,18.271229,18.256792,19.923510,8
1,4,768,768,band,1,76.653083,75.632375,77.210250,5
1,4,768,768,band8_vals,1,40.540958,40.426583,40.556500,5
1,4,768,768,band_vals,1,42.668375,42.629834,42.689542,5
1,4,768,768,band32_vals,1,64.570542,64.488084,64.602000,5
1,16,192,192,jacobi,1,18.357500,18.352625,18.368209,9
1,16,192,192,block,1,12.831188,12.720115,12.911395,12
1,16,192,192,cpu,1,3.213750,3.139167,3.529334,25
1,16,192,192,bidiag,1,55.726708,55.606667,55.838792,5
1,16,192,192,bidiag_vals,1,38.871250,38.862292,38.988750,5
1,16,192,192,cpu_vals,1,1.781417,1.554041,2.144375,25
1,16,384,384,jacobi,1,235.498459,235.398583,235.578167,5
1,16,384,384,block,1,67.164083,66.961459,67.171250,5
1,16,384,384,cpu,1,13.044166,12.983605,13.075364,12
1,16,384,384,bidiag,1,114.688750,114.526000,114.725833,5
1,16,384,384,bidiag_vals,1,83.232083,83.215542,83.252958,5
1,16,384,384,cpu_vals,1,8.937959,7.846958,9.054896,18
1,4096,16,8,jacobi,1,1.332625,1.283833,1.742083,25
1,4096,16,8,qr,1,2.124209,2.108333,2.167625,25
1,4096,16,8,gk,1,1.065375,1.015000,1.073083,25
1,4096,16,8,gk_vals,1,0.541458,0.536208,0.544708,25
1,4096,16,8,cpu_vals,1,1.041458,1.011291,1.063542,25
1,4096,16,8,gk_share,1,1.185333,1.084708,1.223250,25
1,4096,16,8,gk_share_vals,1,0.692625,0.690708,0.697750,25
1,4096,16,8,cpu,1,1.880667,1.813208,1.894459,25
1,1,128,64,jacobi,1,1.084625,1.057209,1.104292,25
1,1,128,64,block,1,2.803083,2.748667,2.894208,25
1,1,128,64,qr,1,1.167416,1.142958,1.205625,25
1,1,128,64,qrblock,1,2.853250,2.788667,2.911708,25
1,1,128,64,gk,1,2.090916,2.073875,2.102167,25
1,1,128,64,gk_vals,1,1.481500,1.473042,1.484833,25
1,1,128,64,cpu_vals,1,0.112750,0.111292,0.114417,25
1,1,128,64,cpu,1,0.265416,0.264792,0.266625,25
1,4096,1024,128,qr,1,2384.183625,2379.399375,2397.196104,3
1,4096,1024,128,qrblock,1,1300.749250,1283.767104,1301.172937,3
1,4096,1024,128,cpu,1,926.359333,922.836604,926.572834,3
1,1024,256,64,jacobi,1,104.988208,104.710708,105.057833,5
1,1024,256,64,block,1,45.923000,45.694000,45.952625,5
1,1024,256,64,qr,1,55.529916,55.336375,56.335833,5
1,1024,256,64,qrblock,1,43.689834,42.527041,44.471083,5
1,1024,256,64,gk,1,37.227792,37.218125,38.448500,5
1,1024,256,64,gk_vals,1,19.284645,19.228114,19.617187,8
1,1024,256,64,cpu_vals,1,10.879583,10.697427,11.058927,14
1,1024,256,64,gk_share,1,23.330541,23.260938,23.453625,7
1,1024,256,64,gk_share_vals,1,15.676562,15.372208,15.867646,10
1,1024,256,64,cpu,1,26.494438,26.368396,27.140698,6
1,1024,128,32,jacobi,1,9.363667,9.312416,9.416167,17
1,1024,128,32,block,1,9.891708,9.798698,9.987500,16
1,1024,128,32,qr,1,10.300709,10.260500,10.449312,15
1,1024,128,32,qrblock,1,10.255958,10.193396,10.409125,15
1,1024,128,32,gk,1,6.796709,6.773875,6.850500,23
1,1024,128,32,gk_vals,1,3.658667,3.649625,3.670458,25
1,1024,128,32,cpu_vals,1,2.849750,2.418083,2.901250,25
1,1024,128,32,gk_share,1,4.272833,4.250792,4.297875,25
1,1024,128,32,gk_share_vals,1,1.970917,1.959209,1.981750,25
1,1024,128,32,cpu,1,6.665750,6.379875,6.786291,23
1,256,128,128,jacobi,1,119.004167,118.751041,119.098083,5
1,256,128,128,block,1,48.060166,47.973750,48.064167,5
1,256,128,128,cpu,1,21.754708,21.662229,21.850292,7
1,256,128,128,bidiag,1,603.030125,602.904521,603.085041,3
1,256,128,128,bidiag_vals,1,392.703084,392.531042,393.135209,3
1,256,128,128,cpu_vals,1,14.308708,14.237084,14.511604,11
1,16,2048,64,jacobi,1,19.672666,19.658489,19.699104,8
1,16,2048,64,block,1,10.316583,10.219875,10.433604,15
1,16,2048,64,qr,1,4.979792,4.920125,5.124750,25
1,16,2048,64,qrblock,1,6.772166,6.652667,6.830375,23
1,16,2048,64,gk,1,6.098375,6.031292,6.158667,25
1,16,2048,64,gk_vals,1,4.664208,4.646834,4.708750,25
1,16,2048,64,cpu_vals,1,1.748250,1.445167,1.848875,25
1,16,2048,64,cpu,1,3.233041,3.149750,3.284583,25
1,256,2048,256,qr,1,1190.686042,1189.620479,1191.822459,3
1,256,2048,256,qrblock,1,518.351292,517.011604,518.939459,3
1,256,2048,256,cpu,1,266.289792,266.097709,268.827958,5
1,4,384,384,jacobi,1,125.929500,125.862625,125.955750,5
1,4,384,384,block,1,28.741979,28.703844,28.779708,6
1,4,384,384,cpu,1,8.708854,8.665385,8.783708,18
1,4,384,384,bidiag,1,28.459250,28.451458,28.470854,6
1,4,384,384,bidiag_vals,1,21.400438,21.315698,21.460459,8
1,4,384,384,cpu_vals,1,4.188041,4.168042,4.261208,25
1,1024,1024,32,jacobi,1,140.542000,140.237042,140.948208,5
1,1024,1024,32,block,1,40.016833,39.984125,40.302833,5
1,1024,1024,32,qr,1,36.411000,36.206125,36.692917,5
1,1024,1024,32,qrblock,1,42.002250,39.855084,42.368000,5
1,1024,1024,32,gk,1,38.264042,34.628250,40.250750,5
1,1024,1024,32,gk_vals,1,21.758500,21.680500,23.685146,7
1,1024,1024,32,cpu_vals,1,10.557083,10.401416,10.808083,15
1,1024,1024,32,gk_share,1,22.466500,21.971250,23.061833,7
1,1024,1024,32,gk_share_vals,1,13.866625,13.324125,14.407312,11
1,1024,1024,32,cpu,1,22.446750,22.209542,22.718333,7
1,1024,128,64,jacobi,1,72.730709,72.674417,72.787500,5
1,1024,128,64,block,1,33.935083,33.711708,34.040458,5
1,1024,128,64,qr,1,47.379375,47.212792,48.812333,5
1,1024,128,64,qrblock,1,34.946916,34.827750,35.076042,5
1,1024,128,64,gk,1,28.651583,27.377479,30.215719,6
1,1024,128,64,gk_vals,1,13.801542,13.727646,13.982708,11
1,1024,128,64,cpu_vals,1,7.926417,7.885750,7.990166,19
1,1024,128,64,gk_share,1,17.519875,17.036500,18.301458,9
1,1024,128,64,gk_share_vals,1,10.517500,10.387334,10.569333,15
1,1024,128,64,cpu,1,20.892249,20.386844,21.106584,8
1,64,512,32,jacobi,1,2.194459,2.173917,2.234042,25
1,64,512,32,block,1,3.648209,3.591125,3.726667,25
1,64,512,32,qr,1,1.953292,1.918125,2.175416,25
1,64,512,32,qrblock,1,3.225000,3.181375,4.102834,25
1,64,512,32,gk,1,2.185625,2.150417,2.210166,25
1,64,512,32,gk_vals,1,1.321875,1.287375,1.768833,25
1,64,512,32,cpu_vals,1,0.720208,0.562875,0.750625,25
1,64,512,32,gk_share,1,2.192500,2.167875,2.456750,25
1,64,512,32,gk_share_vals,1,1.416500,1.382000,1.784917,25
1,64,512,32,cpu,1,1.505625,1.036458,1.582083,25
1,4,1024,256,jacobi,1,105.726667,105.685416,105.761625,5
1,4,1024,256,block,1,19.719833,19.652947,19.763458,8
1,4,1024,256,qr,1,32.594375,32.587042,32.640792,5
1,4,1024,256,qrblock,1,16.265166,15.981833,16.334458,10
1,4,1024,256,cpu,1,7.714583,7.261312,7.972323,20
1,4,1024,256,bidiag,1,31.855417,31.775208,31.863083,5
1,4,1024,256,bidiag_vals,1,26.041521,26.019542,26.061063,6
1,4,1024,256,cpu_vals,1,4.102709,3.659459,4.135334,25
1,4,512,64,jacobi,1,2.019625,2.014875,2.028834,25
1,4,512,64,block,1,3.858625,3.770833,3.947292,25
1,4,512,64,qr,1,1.640750,1.597208,1.669458,25
1,4,512,64,qrblock,1,3.135750,3.120416,3.222084,25
1,4,512,64,gk,1,2.700375,2.680500,2.712208,25
1,4,512,64,gk_vals,1,2.039708,2.032583,2.067000,25
1,4,512,64,cpu_vals,1,0.352041,0.348542,0.354167,25
1,4,512,64,cpu,1,0.695208,0.691459,0.702542,25
1,1,16,16,jacobi,1,0.486583,0.459833,0.502792,25
1,1,16,16,gk,1,0.328708,0.320583,0.343083,25
1,1,16,16,gk_vals,1,0.256125,0.249583,0.260833,25
1,1,16,16,cpu_vals,1,0.008584,0.008500,0.009000,25
1,1,16,16,cpu,1,0.020125,0.019500,0.020417,25
1,16,128,16,jacobi,1,0.461792,0.346042,0.573000,25
1,16,128,16,qr,1,0.506000,0.491833,0.513625,25
1,16,128,16,gk,1,0.365625,0.363875,0.369667,25
1,16,128,16,gk_vals,1,0.292875,0.279333,0.296458,25
1,16,128,16,cpu_vals,1,0.115417,0.089708,0.186625,25
1,16,128,16,cpu,1,0.173791,0.159084,0.181917,25
1,1,1792,1792,cpu,1,219.448583,219.143708,219.833958,5
1,1,1792,1792,bidiag,1,89.591166,89.347542,89.659833,5
1,1,1792,1792,bidiag_vals,1,62.265625,62.241459,62.388542,5
1,1,1792,1792,cpu_vals,1,106.309042,106.269000,106.319875,5
1,1,1792,1792,band,1,64.533792,63.804417,65.683000,5
1,1,1792,1792,band8_vals,1,50.179625,50.178833,50.286125,5
1,1,1792,1792,band_vals,1,42.909375,42.689291,44.001750,5
1,1,1792,1792,band32_vals,1,64.035167,63.929625,64.039916,5
1,16,96,96,jacobi,1,2.297167,2.291333,2.308375,25
1,16,96,96,block,1,4.686125,4.643083,4.718042,25
1,16,96,96,cpu,1,0.889167,0.856834,1.317375,25
1,1024,16,16,jacobi,1,1.538750,1.488000,1.566125,25
1,1024,16,16,gk,1,0.903958,0.858791,0.906708,25
1,1024,16,16,gk_vals,1,0.475250,0.472458,0.569291,25
1,1024,16,16,cpu_vals,1,0.542291,0.514084,0.610000,25
1,1024,16,16,gk_share,1,0.890125,0.878666,0.894583,25
1,1024,16,16,gk_share_vals,1,0.624833,0.614459,0.644500,25
1,1024,16,16,cpu,1,1.142875,1.135375,1.191375,25
1,256,256,64,jacobi,1,25.683188,25.596198,26.220802,6
1,256,256,64,block,1,12.799770,12.636094,12.885479,12
1,256,256,64,qr,1,17.524958,16.862833,17.738125,9
1,256,256,64,qrblock,1,14.889417,14.527458,15.135750,11
1,256,256,64,gk,1,12.537959,12.444656,12.720677,12
1,256,256,64,gk_vals,1,7.872563,7.840219,7.935021,20
1,256,256,64,cpu_vals,1,3.315167,3.258666,3.381667,25
1,256,256,64,gk_share,1,10.684042,10.443542,10.912208,15
1,256,256,64,gk_share_vals,1,6.479354,6.398042,6.545114,24
1,256,256,64,cpu,1,8.105125,7.433063,8.704083,18
1,4096,512,64,jacobi,1,545.762292,545.019376,546.693980,3
1,4096,512,64,block,1,292.220917,292.087625,292.934250,5
1,4096,512,64,qr,1,323.479000,320.553542,332.145125,3
1,4096,512,64,qrblock,1,232.012417,231.957500,234.270542,5
1,4096,512,64,gk,1,209.557500,204.672500,215.549000,5
1,4096,512,64,gk_vals,1,113.534000,111.614083,113.774250,5
1,4096,512,64,cpu_vals,1,72.439084,72.167667,72.992791,5
1,4096,512,64,gk_share,1,132.523167,130.865667,138.386083,5
1,4096,512,64,gk_share_vals,1,79.366416,77.857458,80.439166,5
1,4096,512,64,cpu,1,157.149125,155.715958,157.515750,5
1,16,1024,256,jacobi,1,177.066708,177.066417,177.112917,5
1,16,1024,256,block,1,37.872666,37.850792,37.894541,5
1,16,1024,256,qr,1,65.800333,65.762666,66.069875,5
1,16,1024,256,qrblock,1,27.809833,27.706073,27.876344,6
1,16,1024,256,cpu,1,12.056917,12.006417,12.438833,13
1,16,1024,256,bidiag,1,125.332375,125.280459,125.417459,5
1,16,1024,256,bidiag_vals,1,100.944042,100.928667,101.053833,5
1,16,1024,256,cpu_vals,1,6.625125,6.516437,7.076375,23
1,1,32,16,jacobi,1,0.428791,0.412042,0.475291,25
1,1,32,16,qr,1,0.396917,0.378500,0.419333,25
1,1,32,16,gk,1,0.315042,0.298250,0.343667,25
1,1,32,16,gk_vals,1,0.258625,0.252500,0.263250,25
1,1,32,16,cpu_vals,1,0.011417,0.011375,0.011500,25
1,1,32,16,cpu,1,0.027750,0.027500,0.028000,25
1,4,64,32,jacobi,1,0.359083,0.353083,1.010875,25
1,4,64,32,block,1,2.045041,2.021667,2.088667,25
1,4,64,32,qr,1,0.527208,0.520208,0.543958,25
1,4,64,32,qrblock,1,2.206083,2.180000,2.238958,25
1,4,64,32,gk,1,0.701292,0.698375,0.707625,25
1,4,64,32,gk_vals,1,0.525583,0.513834,0.554583,25
1,4,64,32,cpu_vals,1,0.053875,0.052834,0.056042,25
1,4,64,32,cpu,1,0.106416,0.103083,0.115667,25
1,1024,1024,256,qrblock,1,1583.186958,1580.338500,1612.565104,3
1,1024,1024,256,cpu,1,604.205125,602.949584,606.699604,3
1,4096,128,8,jacobi,1,2.758583,2.737125,2.792792,25
1,4096,128,8,qr,1,5.130208,5.021000,5.399250,25
1,4096,128,8,gk,1,2.864584,2.846041,2.891083,25
1,4096,128,8,gk_vals,1,1.154125,1.122500,1.172833,25
1,4096,128,8,cpu_vals,1,1.983834,1.556833,2.063458,25
1,4096,128,8,gk_share,1,2.746833,2.728084,2.761791,25
1,4096,128,8,gk_share_vals,1,1.286542,1.279542,1.293791,25
1,4096,128,8,cpu,1,3.562417,3.501875,3.637584,25
1,64,384,384,jacobi,1,1156.668084,1155.782896,1157.327354,3
1,64,384,384,block,1,274.530541,274.495000,274.592750,5
1,64,384,384,cpu,1,45.091875,44.328792,45.404916,5
1,64,384,384,bidiag,1,459.005042,458.703167,459.209042,3
1,64,384,384,bidiag_vals,1,330.013584,329.976959,330.558459,3
1,64,384,384,cpu_vals,1,23.496541,23.331500,23.693208,7
1,1024,512,64,jacobi,1,137.294666,136.936333,137.872958,5
1,1024,512,64,block,1,70.167167,70.035542,70.629000,5
1,1024,512,64,qr,1,70.198166,69.688417,70.394292,5
1,1024,512,64,qrblock,1,58.981625,58.573500,59.094791,5
1,1024,512,64,gk,1,55.519333,55.401250,55.664166,5
1,1024,512,64,gk_vals,1,29.564958,29.438593,30.248073,6
1,1024,512,64,cpu_vals,1,19.366687,19.224437,19.500198,8
1,1024,512,64,gk_share,1,40.125125,39.475375,45.040250,5
1,1024,512,64,gk_share_vals,1,25.534333,24.102542,25.667792,7
1,1024,512,64,cpu,1,41.147334,41.065000,41.839083,5
1,16,512,512,jacobi,1,838.991125,838.861625,839.996604,3
1,16,512,512,block,1,156.275084,156.243542,156.463875,5
1,16,512,512,cpu,1,27.999958,27.828396,28.313396,6
1,16,512,512,bidiag,1,158.934584,158.932208,159.003750,5
1,16,512,512,bidiag_vals,1,114.869209,114.839500,115.123750,5
1,16,512,512,cpu_vals,1,15.610333,15.561729,15.842344,10
1,16,512,512,band,1,184.882416,182.542334,186.085458,5
1,16,512,512,band8_vals,1,85.099417,85.075917,85.107250,5
1,16,512,512,band_vals,1,90.678208,90.662917,90.703083,5
1,16,512,512,band32_vals,1,143.952667,143.948208,143.958875,5
1,64,4,4,jacobi,1,0.240875,0.231250,0.254708,25
1,64,4,4,gk,1,0.274625,0.252583,0.292583,25
1,64,4,4,gk_vals,1,0.171334,0.157833,0.177625,25
1,64,4,4,cpu_vals,1,0.097708,0.063042,0.102333,25
1,64,4,4,gk_share,1,0.277833,0.272750,0.282292,25
1,64,4,4,gk_share_vals,1,0.142125,0.136958,0.152667,25
1,64,4,4,cpu,1,0.140542,0.136583,0.145000,25
1,64,256,64,jacobi,1,4.986792,4.978500,5.003459,25
1,64,256,64,block,1,4.689958,4.632750,4.760292,25
1,64,256,64,qr,1,4.317084,4.292458,4.834875,25
1,64,256,64,qrblock,1,5.749791,5.715875,5.798250,25
1,64,256,64,gk,1,4.472166,3.958833,4.530958,25
1,64,256,64,gk_vals,1,3.262166,2.887375,3.356250,25
1,64,256,64,cpu_vals,1,1.394708,0.992959,1.487416,25
1,64,256,64,gk_share,1,4.472917,4.438708,4.511875,25
1,64,256,64,gk_share_vals,1,2.828208,2.783458,3.305416,25
1,64,256,64,cpu,1,2.102583,2.013625,2.522292,25
1,64,64,32,jacobi,1,0.863875,0.824500,1.304500,25
1,64,64,32,block,1,2.244291,2.200500,2.280458,25
1,64,64,32,qr,1,1.117083,1.093917,1.163209,25
1,64,64,32,qrblock,1,2.527709,2.496792,2.548292,25
1,64,64,32,gk,1,0.854667,0.796542,0.904792,25
1,64,64,32,gk_vals,1,0.545375,0.543250,0.552875,25
1,64,64,32,cpu_vals,1,0.249083,0.234709,0.637959,25
1,64,64,32,gk_share,1,1.005000,0.960250,1.012458,25
1,64,64,32,gk_share_vals,1,0.635250,0.632166,0.638625,25
1,64,64,32,cpu,1,0.482875,0.473083,0.649167,25
1,16,24,24,jacobi,1,0.567791,0.548083,0.780459,25
1,16,24,24,gk,1,0.516833,0.512000,0.532792,25
1,16,24,24,gk_vals,1,0.358625,0.350541,0.363334,25
1,16,24,24,cpu_vals,1,0.111166,0.084709,0.182834,25
1,16,24,24,cpu,1,0.159666,0.155583,0.163834,25
1,256,384,384,jacobi,1,4630.154917,4628.650938,4644.991541,3
1,256,384,384,block,1,1137.755209,1137.751709,1140.470104,3
1,256,384,384,cpu,1,174.710125,174.556459,175.295583,5
1,64,24,24,jacobi,1,0.551292,0.487750,0.854709,25
1,64,24,24,gk,1,0.519250,0.516541,0.521125,25
1,64,24,24,gk_vals,1,0.358375,0.345125,0.360667,25
1,64,24,24,cpu_vals,1,0.165459,0.156708,0.173958,25
1,64,24,24,gk_share,1,0.615458,0.610041,0.624667,25
1,64,24,24,gk_share_vals,1,0.445166,0.441542,0.447875,25
1,64,24,24,cpu,1,0.285084,0.279500,0.288625,25
1,4096,96,96,jacobi,1,778.356375,778.261687,779.292979,3
1,4096,96,96,block,1,346.483208,346.289396,347.461625,3
1,4096,96,96,cpu,1,148.509583,146.640541,148.693875,5
1,1,96,96,jacobi,1,2.161083,2.152334,2.169667,25
1,1,96,96,block,1,4.020750,3.982541,4.098875,25
1,1,96,96,cpu,1,0.548667,0.545250,0.551375,25
1,4096,80,80,jacobi,1,427.628625,426.895291,427.901813,3
1,4096,80,80,block,1,307.470958,307.025666,307.724021,3
1,4096,80,80,gk,1,149.740750,149.374875,149.777959,5
1,4096,80,80,gk_vals,1,62.207208,62.142667,62.243208,5
1,4096,80,80,cpu_vals,1,52.642667,52.407334,52.727333,5
1,4096,80,80,gk_share,1,66.174791,65.959125,66.378084,5
1,4096,80,80,gk_share_vals,1,32.485084,32.316875,33.210750,5
1,4096,80,80,cpu,1,97.606750,97.457250,97.637584,5
1,1,128,128,jacobi,1,4.506292,4.501083,4.511708,25
1,1,128,128,block,1,6.102417,6.027209,6.160833,25
1,1,128,128,cpu,1,1.025792,1.022917,1.028459,25
1,1,128,128,bidiag,1,2.735333,2.720125,2.759750,25
1,1,128,128,bidiag_vals,1,1.660375,1.656916,1.665500,25
1,1,128,128,cpu_vals,1,0.633917,0.630708,0.636958,25
1,256,256,8,jacobi,1,1.182292,0.887334,1.242125,25
1,256,256,8,qr,1,0.954458,0.942625,0.967167,25
1,256,256,8,gk,1,0.515959,0.514500,0.517750,25
1,256,256,8,gk_vals,1,0.287375,0.284625,0.291334,25
1,256,256,8,cpu_vals,1,0.260959,0.233250,0.654750,25
1,256,256,8,gk_share,1,0.549000,0.545250,0.559500,25
1,256,256,8,gk_share_vals,1,0.359834,0.356042,0.365292,25
1,256,256,8,cpu,1,0.439291,0.436208,0.447541,25
1,1,192,192,jacobi,1,13.841666,13.831146,13.845979,11
1,1,192,192,block,1,9.274708,9.244000,9.329541,17
1,1,192,192,cpu,1,1.917041,1.898833,1.938208,25
1,1,192,192,bidiag,1,4.094333,4.074875,4.160667,25
1,1,192,192,bidiag_vals,1,2.665333,2.662791,2.675917,25
1,1,192,192,cpu_vals,1,0.855625,0.853375,0.859500,25
1,4,512,512,jacobi,1,324.348250,324.315458,324.436021,3
1,4,512,512,block,1,48.364917,48.356959,48.373791,5
1,4,512,512,cpu,1,18.475000,18.447875,18.494958,9
1,4,512,512,bidiag,1,40.189709,40.157125,40.557333,5
1,4,512,512,bidiag_vals,1,30.298791,30.230083,30.458875,5
1,4,512,512,cpu_vals,1,9.057708,8.976416,9.182000,17
1,4,512,512,band,1,46.133333,45.715542,46.511625,5
1,4,512,512,band8_vals,1,24.165084,24.134480,24.183687,7
1,4,512,512,band_vals,1,25.276708,25.259823,25.311126,6
1,4,512,512,band32_vals,1,39.160125,39.155291,39.160417,5
1,1,4,4,jacobi,1,0.210625,0.199375,0.237875,25
1,1,4,4,gk,1,0.239333,0.205875,0.255917,25
1,1,4,4,gk_vals,1,0.184333,0.170250,0.210791,25
1,1,4,4,cpu_vals,1,0.004083,0.004000,0.004375,25
1,1,4,4,cpu,1,0.003875,0.003833,0.004125,25
1,1,256,8,jacobi,1,0.407375,0.357792,0.473542,25
1,1,256,8,qr,1,0.382125,0.373167,0.391541,25
1,1,256,8,gk,1,0.257125,0.252416,0.265333,25
1,1,256,8,gk_vals,1,0.259667,0.252250,0.270708,25
1,1,256,8,cpu_vals,1,0.008916,0.008875,0.009000,25
1,1,256,8,cpu,1,0.017834,0.017334,0.018166,25
1,64,128,32,jacobi,1,1.010125,0.959667,1.082000,25
1,64,128,32,block,1,2.302625,2.106500,2.324584,25
1,64,128,32,qr,1,1.229875,1.173834,1.270334,25
1,64,128,32,qrblock,1,2.378250,2.351167,2.411792,25
1,64,128,32,gk,1,0.986292,0.898333,0.996000,25
1,64,128,32,gk_vals,1,0.588375,0.584500,0.593458,25
1,64,128,32,cpu_vals,1,0.288208,0.258542,0.652792,25
1,64,128,32,gk_share,1,1.059500,1.010084,1.068000,25
1,64,128,32,gk_share_vals,1,0.659583,0.655250,0.663958,25
1,64,128,32,cpu,1,0.533125,0.525458,0.557459,25
1,1,2048,2048,cpu,1,436.926375,436.423542,437.316834,3
1,1,2048,2048,bidiag,1,120.314625,120.104500,121.326416,5
1,1,2048,2048,bidiag_vals,1,84.691292,84.618666,84.710708,5
1,1,2048,2048,cpu_vals,1,195.412042,195.409125,195.552166,5
1,1,2048,2048,band,1,79.241333,79.156958,79.833375,5
1,1,2048,2048,band8_vals,1,62.147750,62.113459,62.336875,5
1,1,2048,2048,band_vals,1,51.241167,50.728709,51.270667,5
1,1,2048,2048,band32_vals,1,73.886125,73.541541,74.702667,5
1,1024,256,8,jacobi,1,1.785792,1.707875,1.972250,25
1,1024,256,8,qr,1,2.226708,2.166667,2.409083,25
1,1024,256,8,gk,1,1.494250,1.438459,1.509625,25
1,1024,256,8,gk_vals,1,0.582416,0.578875,0.585000,25
1,1024,256,8,cpu_vals,1,0.722750,0.635875,0.774833,25
1,1024,256,8,gk_share,1,1.491416,1.081208,1.511583,25
1,1024,256,8,gk_share_vals,1,0.797125,0.792208,0.798625,25
1,1024,256,8,cpu,1,1.802500,1.767125,1.813625,25
1,256,64,32,jacobi,1,2.172083,2.167750,2.184000,25
1,256,64,32,block,1,3.046291,2.984083,3.081583,25
1,256,64,32,qr,1,2.592750,2.553208,2.624875,25
1,256,64,32,qrblock,1,3.487875,3.434583,3.520083,25
1,256,64,32,gk,1,1.554334,1.516625,1.582416,25
1,256,64,32,gk_vals,1,0.943375,0.917375,0.983375,25
1,256,64,32,cpu_vals,1,0.642542,0.577000,0.675542,25
1,256,64,32,gk_share,1,1.016083,1.011166,1.023792,25
1,256,64,32,gk_share_vals,1,0.665542,0.657166,0.669833,25
1,256,64,32,cpu,1,1.476875,1.466708,1.515542,25
1,1,256,128,jacobi,1,5.293167,5.287166,5.300375,25
1,1,256,128,block,1,5.731459,5.628125,5.798958,25
1,1,256,128,qr,1,4.345583,4.341583,4.349417,25
1,1,256,128,qrblock,1,5.817750,5.792250,5.872666,25
1,1,256,128,cpu,1,1.345375,1.339083,1.348250,25
1,1,256,128,bidiag,1,3.067458,3.049000,3.083916,25
1,1,256,128,bidiag_vals,1,1.997125,1.994000,2.003334,25
1,1,256,128,cpu_vals,1,0.785333,0.779750,0.789541,25
1,256,32,8,jacobi,1,0.398833,0.371292,0.581875,25
1,256,32,8,qr,1,0.682958,0.600208,0.706875,25
1,256,32,8,gk,1,0.258334,0.256333,0.262125,25
1,256,32,8,gk_vals,1,0.188833,0.187250,0.205334,25
1,256,32,8,cpu_vals,1,0.182917,0.177709,0.187167,25
1,256,32,8,gk_share,1,0.393584,0.385292,0.405750,25
1,256,32,8,gk_share_vals,1,0.345375,0.341584,0.352542,25
1,256,32,8,cpu,1,0.255042,0.248958,0.269417,25
1,1024,64,16,jacobi,1,1.900000,1.871208,1.956375,25
1,1024,64,16,qr,1,2.546375,2.503625,2.707417,25
1,1024,64,16,gk,1,1.420375,1.397167,1.456750,25
1,1024,64,16,gk_vals,1,0.749667,0.653917,0.752958,25
1,1024,64,16,cpu_vals,1,0.900458,0.783167,1.429875,25
1,1024,64,16,gk_share,1,1.378875,1.366458,1.409250,25
1,1024,64,16,gk_share_vals,1,0.834375,0.813958,0.852583,25
1,1024,64,16,cpu,1,2.004084,1.976500,2.573625,25
1,64,32,16,jacobi,1,0.879583,0.871667,0.892375,25
1,64,32,16,qr,1,0.590125,0.576875,0.615792,25
1,64,32,16,gk,1,0.362916,0.359500,0.365708,25
1,64,32,16,gk_vals,1,0.290250,0.287333,0.293500,25
1,64,32,16,cpu_vals,1,0.150333,0.145791,0.172291,25
1,64,32,16,gk_share,1,0.462542,0.457500,0.469708,25
1,64,32,16,gk_share_vals,1,0.372084,0.367958,0.375125,25
1,64,32,16,cpu,1,0.227500,0.223917,0.236208,25
1,4,8,8,jacobi,1,0.305458,0.295875,0.321375,25
1,4,8,8,gk,1,0.270209,0.253500,0.285542,25
1,4,8,8,gk_vals,1,0.213083,0.202250,0.221417,25
1,4,8,8,cpu_vals,1,0.019584,0.019208,0.022375,25
1,4,8,8,cpu,1,0.019625,0.019458,0.022958,25
1,4096,8,8,jacobi,1,1.255084,1.213000,1.338709,25
1,4096,8,8,gk,1,0.948000,0.899250,0.951750,25
1,4096,8,8,gk_vals,1,0.497459,0.494375,0.501833,25
1,4096,8,8,cpu_vals,1,0.821167,0.781584,0.843333,25
1,4096,8,8,gk_share,1,1.029875,0.962875,1.041583,25
1,4096,8,8,gk_share_vals,1,0.694458,0.676666,0.712167,25
1,4096,8,8,cpu,1,1.425625,1.365375,1.446208,25
1,4,512,128,jacobi,1,10.164500,10.157625,10.173979,15
1,4,512,128,block,1,6.876812,6.805093,6.923396,22
1,4,512,128,qr,1,5.313458,5.302459,5.325584,25
1,4,512,128,qrblock,1,6.530417,6.507521,6.610938,23
1,4,512,128,cpu,1,1.961458,1.916750,1.972250,25
1,4,512,128,bidiag,1,12.107333,11.994166,12.170333,13
1,4,512,128,bidiag_vals,1,8.789834,8.778864,8.800219,18
1,4,512,128,cpu_vals,1,1.183083,1.174583,1.192708,25
1,64,8,8,jacobi,1,0.359542,0.349125,0.369166,25
1,64,8,8,gk,1,0.250667,0.246333,0.255708,25
1,64,8,8,gk_vals,1,0.212916,0.209083,0.215916,25
1,64,8,8,cpu_vals,1,0.104000,0.089583,0.184583,25
1,64,8,8,gk_share,1,0.324208,0.321958,0.327000,25
1,64,8,8,gk_share_vals,1,0.289250,0.284334,0.293291,25
1,64,8,8,cpu,1,0.131708,0.122833,0.305583,25
1,1,8,8,jacobi,1,0.292667,0.285042,0.302583,25
1,1,8,8,gk,1,0.425459,0.401250,0.471417,25
1,1,8,8,gk_vals,1,0.187500,0.174458,0.220958,25
1,1,8,8,cpu_vals,1,0.005041,0.005000,0.005083,25
1,1,8,8,cpu,1,0.008666,0.008542,0.008875,25
1,64,192,192,jacobi,1,109.110750,109.091875,109.371209,5
1,64,192,192,block,1,37.566292,37.236000,37.632042,5
1,64,192,192,cpu,1,10.260584,10.138103,10.404355,15
1,64,192,192,bidiag,1,223.051542,222.942917,223.375000,5
1,64,192,192,bidiag_vals,1,155.091417,155.046000,155.172083,5
1,64,192,192,cpu_vals,1,5.599667,5.288667,5.672000,25
1,16,256,128,jacobi,1,5.650458,5.640709,5.655709,25
1,16,256,128,block,1,6.628000,6.587958,6.792041,23
1,16,256,128,qr,1,5.610333,5.593041,5.628250,25
1,16,256,128,qrblock,1,7.292583,7.203375,7.360583,21
1,16,256,128,cpu,1,3.507084,3.379958,3.550917,25
1,16,256,128,bidiag,1,44.134250,44.124791,44.386292,5
1,16,256,128,bidiag_vals,1,30.012500,30.003417,30.055792,5
1,16,256,128,cpu_vals,1,1.726500,1.695667,1.761334,25
1,4096,32,16,jacobi,1,5.036667,5.019750,5.054875,25
1,4096,32,16,qr,1,6.698062,6.537396,7.527292,22
1,4096,32,16,gk,1,3.278625,3.261167,3.290792,25
1,4096,32,16,gk_vals,1,1.463500,1.413875,1.514750,25
1,4096,32,16,cpu_vals,1,2.970791,2.472667,2.997083,25
1,4096,32,16,gk_share,1,3.852334,3.831417,3.887042,25
1,4096,32,16,gk_share_vals,1,1.678292,1.663458,1.690042,25
1,4096,32,16,cpu,1,6.989916,6.890719,7.114605,22
1,4,512,256,jacobi,1,46.757625,46.747417,46.764417,5
1,4,512,256,block,1,13.897916,13.820833,14.007521,11
1,4,512,256,qr,1,32.543333,32.519042,32.554750,5
1,4,512,256,qrblock,1,14.636667,14.518625,14.885396,11
1,4,512,256,cpu,1,5.885833,5.806125,5.931084,25
1,4,512,256,bidiag,1,26.134000,25.985459,26.529948,6
1,4,512,256,bidiag_vals,1,20.476188,20.023646,20.957521,8
1,4,512,256,cpu_vals,1,3.054250,3.039500,3.080458,25
1,16,8,8,jacobi,1,0.340042,0.334375,0.344500,25
1,16,8,8,gk,1,0.228584,0.223625,0.249875,25
1,16,8,8,gk_vals,1,0.197500,0.194084,0.199833,25
1,16,8,8,cpu_vals,1,0.044417,0.040542,0.045000,25
1,16,8,8,cpu,1,0.079709,0.077250,0.082667,25
1,16,128,8,jacobi,1,0.384625,0.369208,0.401667,25
1,16,128,8,qr,1,0.451542,0.444500,0.456792,25
1,16,128,8,gk,1,0.242042,0.238167,0.245875,25
1,16,128,8,gk_vals,1,0.206292,0.199084,0.209875,25
1,16,128,8,cpu_vals,1,0.084709,0.083458,0.091916,25
1,16,128,8,cpu,1,0.137500,0.106792,0.164500,25
1,16,40,40,jacobi,1,0.537917,0.530125,0.952000,25
1,16,40,40,block,1,2.508041,2.471583,2.539833,25
1,16,40,40,gk,1,0.867166,0.816583,0.913375,25
1,16,40,40,gk_vals,1,0.729500,0.696958,0.733166,25
1,16,40,40,cpu_vals,1,0.174917,0.141583,0.247125,25
1,16,40,40,cpu,1,0.246959,0.242917,0.250583,25
1,256,1024,128,jacobi,1,705.761708,705.406333,706.811895,3
1,256,1024,128,block,1,135.748541,135.630583,135.787167,5
1,256,1024,128,qr,1,158.100917,157.720125,159.198542,5
1,256,1024,128,qrblock,1,99.381209,99.197750,101.212875,5
1,256,1024,128,cpu,1,62.477458,62.070500,62.725542,5
1,256,1024,128,bidiag,1,894.226750,893.386062,898.940188,3
1,256,1024,128,bidiag_vals,1,667.754500,667.570854,668.067625,3
1,256,1024,128,cpu_vals,1,28.655854,28.572177,28.736344,6
1,4096,2048,64,qr,1,682.529333,681.349541,684.194562,3
1,4096,2048,64,qrblock,1,619.860208,612.661396,641.989583,3
1,4096,2048,64,cpu,1,503.516791,499.740646,505.506458,3
1,4096,64,32,jacobi,1,26.029375,25.946208,26.293229,6
1,4096,64,32,block,1,24.885792,24.779646,24.967541,7
1,4096,64,32,qr,1,27.759542,27.723271,27.821719,6
1,4096,64,32,qrblock,1,25.898209,25.782167,26.915687,6
1,4096,64,32,gk,1,15.284334,15.215864,15.358604,10
1,4096,64,32,gk_vals,1,7.940292,7.919688,7.953729,19
1,4096,64,32,cpu_vals,1,7.517896,7.467614,7.617885,20
1,4096,64,32,gk_share,1,11.023208,10.934240,11.111219,14
1,4096,64,32,gk_share_vals,1,4.786125,4.552292,4.860458,25
1,4096,64,32,cpu,1,21.167209,20.860604,21.443156,8
1,1024,40,40,jacobi,1,12.361166,12.284500,12.563834,13
1,1024,40,40,block,1,23.695041,23.641020,23.763083,7
1,1024,40,40,gk,1,4.825750,4.818625,4.834416,25
1,1024,40,40,gk_vals,1,2.190292,2.186625,2.192750,25
1,1024,40,40,cpu_vals,1,2.008375,1.988792,2.494000,25
1,1024,40,40,gk_share,1,4.215333,3.621250,4.310125,25
1,1024,40,40,gk_share_vals,1,1.669042,1.665167,1.678458,25
1,1024,40,40,cpu,1,6.697000,6.455271,6.902667,23
1,4,128,16,jacobi,1,0.597625,0.583083,0.613333,25
1,4,128,16,qr,1,0.470125,0.458375,0.481250,25
1,4,128,16,gk,1,0.358208,0.346875,0.372666,25
1,4,128,16,gk_vals,1,0.280042,0.266750,0.291750,25
1,4,128,16,cpu_vals,1,0.042375,0.041750,0.043208,25
1,4,128,16,cpu,1,0.065333,0.064000,0.068084,25
1,1024,256,128,jacobi,1,499.090458,495.329791,503.297541,3
1,1024,256,128,block,1,220.336000,219.040625,220.753666,5
1,1024,256,128,qr,1,486.754000,486.600208,486.947959,3
1,1024,256,128,qrblock,1,201.927417,201.705541,202.014000,5
1,1024,256,128,cpu,1,121.991250,119.704917,124.209250,5
1,4096,256,8,jacobi,1,4.823292,4.747917,4.887125,25
1,4096,256,8,qr,1,8.230750,8.060167,8.399125,19
1,4096,256,8,gk,1,5.241833,5.203375,5.310583,25
1,4096,256,8,gk_vals,1,1.841875,1.776666,2.177958,25
1,4096,256,8,cpu_vals,1,2.333125,2.043750,2.348416,25
1,4096,256,8,gk_share,1,3.804584,3.741000,3.954250,25
1,4096,256,8,gk_share_vals,1,1.771250,1.754208,1.812042,25
1,4096,256,8,cpu,1,4.698125,4.530584,4.758667,25
1,64,32,32,jacobi,1,0.807083,0.794667,1.054250,25
1,64,32,32,block,1,2.289292,2.258250,2.310541,25
1,64,32,32,gk,1,0.702875,0.698042,0.805375,25
1,64,32,32,gk_vals,1,0.497958,0.483458,0.537166,25
1,64,32,32,cpu_vals,1,0.204000,0.200875,0.215792,25
1,64,32,32,gk_share,1,0.886000,0.795333,0.893584,25
1,64,32,32,gk_share_vals,1,0.569292,0.567042,0.573083,25
1,64,32,32,cpu,1,0.396167,0.380666,0.481708,25
1,256,64,64,jacobi,1,10.788874,10.710625,11.605937,14
1,256,64,64,block,1,8.762167,8.709990,8.777927,18
1,256,64,64,gk,1,5.051791,5.028917,5.072500,25
1,256,64,64,gk_vals,1,2.376167,2.369750,2.381375,25
1,256,64,64,cpu_vals,1,1.324875,1.287458,1.881750,25
1,256,64,64,gk_share,1,3.393583,3.375250,3.415791,25
1,256,64,64,gk_share_vals,1,2.010917,1.983375,2.039291,25
1,256,64,64,cpu,1,4.094250,3.655042,4.189333,25
1,16,256,64,jacobi,1,1.532208,1.520958,1.573584,25
1,16,256,64,block,1,3.342292,3.276709,3.397250,25
1,16,256,64,qr,1,1.769875,1.754292,1.830208,25
1,16,256,64,qrblock,1,3.390042,3.367333,3.433458,25
1,16,256,64,gk,1,2.761125,2.716959,2.788917,25
1,16,256,64,gk_vals,1,2.009041,1.936208,2.022833,25
1,16,256,64,cpu_vals,1,0.413000,0.339167,0.582458,25
1,16,256,64,cpu,1,0.667625,0.653417,0.860500,25
1,4,256,256,jacobi,1,33.766541,33.759709,33.793041,5
1,4,256,256,block,1,13.995125,13.961146,14.121896,11
1,4,256,256,cpu,1,4.153875,4.120333,4.177083,25
1,4,256,256,bidiag,1,18.875687,18.836636,18.937218,8
1,4,256,256,bidiag_vals,1,13.694500,13.633708,13.747730,11
1,4,256,256,cpu_vals,1,2.298375,2.286375,2.312041,25
1,1024,48,48,jacobi,1,20.682251,20.519718,20.734792,8
1,1024,48,48,block,1,25.979437,25.950531,26.016313,6
1,1024,48,48,gk,1,7.187583,7.181917,7.194792,21
1,1024,48,48,gk_vals,1,3.255333,3.251791,3.261958,25
1,1024,48,48,cpu_vals,1,3.154167,2.750750,3.235084,25
1,1024,48,48,gk_share,1,5.141375,5.123542,5.161333,25
1,1024,48,48,gk_share_vals,1,2.182750,2.175917,2.196833,25
1,1024,48,48,cpu,1,8.992459,8.928000,9.049958,17
1,4,96,96,jacobi,1,2.190875,2.186167,2.203458,25
1,4,96,96,block,1,4.016291,3.902625,4.146209,25
1,4,96,96,cpu,1,0.689583,0.678417,0.694791,25
1,256,8,8,jacobi,1,0.612250,0.592708,0.618458,25
1,256,8,8,gk,1,0.261666,0.253167,0.467667,25
1,256,8,8,gk_vals,1,0.203708,0.188750,0.207834,25
1,256,8,8,cpu_vals,1,0.143750,0.140084,0.149375,25
1,256,8,8,gk_share,1,0.375542,0.367875,0.384250,25
1,256,8,8,gk_share_vals,1,0.336000,0.328791,0.342667,25
1,256,8,8,cpu,1,0.194583,0.192083,0.198375,25
1,4096,56,56,jacobi,1,113.909750,112.614084,114.064667,5
1,4096,56,56,block,1,107.431750,107.344208,107.871000,5
1,4096,56,56,gk,1,43.832708,43.801042,43.995500,5
1,4096,56,56,gk_vals,1,17.767583,17.759000,17.785084,9
1,4096,56,56,cpu_vals,1,13.602042,13.500042,13.642729,12
1,4096,56,56,gk_share,1,25.229791,24.513469,28.697114,6
1,4096,56,56,gk_share_vals,1,8.807958,8.796041,8.818208,17
1,4096,56,56,cpu,1,40.109041,40.049167,40.142042,5
1,64,256,32,jacobi,1,1.295500,1.248542,1.380875,25
1,64,256,32,block,1,2.608041,2.576292,2.626875,25
1,64,256,32,qr,1,1.570666,1.509125,1.595792,25
1,64,256,32,qrblock,1,2.728750,2.682625,2.767708,25
1,64,256,32,gk,1,1.725791,1.625334,1.744625,25
1,64,256,32,gk_vals,1,1.013375,0.966542,1.034500,25
1,64,256,32,cpu_vals,1,0.413000,0.369625,0.629292,25
1,64,256,32,gk_share,1,1.797875,1.755500,1.836458,25
1,64,256,32,gk_share_vals,1,1.025125,1.006708,1.108875,25
1,64,256,32,cpu,1,0.719292,0.706250,0.735583,25
1,1,64,64,jacobi,1,1.009958,0.978583,1.025875,25
1,1,64,64,block,1,2.935750,2.903542,3.084250,25
1,1,64,64,gk,1,1.694708,1.658833,1.701917,25
1,1,64,64,gk_vals,1,1.311583,1.274542,1.325208,25
1,1,64,64,cpu_vals,1,0.073333,0.072834,0.074083,25
1,1,64,64,cpu,1,0.196500,0.195750,0.199417,25
1,1,2048,128,jacobi,1,34.415625,34.407958,34.416667,5
1,1,2048,128,block,1,11.411834,11.274114,11.531093,14
1,1,2048,128,qr,1,6.560833,6.537667,6.585917,23
1,1,2048,128,qrblock,1,8.067208,7.982687,8.112604,19
1,1,2048,128,cpu,1,3.141291,3.133375,3.151458,25
1,1,2048,128,bidiag,1,5.558625,5.478750,5.604375,25
1,1,2048,128,bidiag_vals,1,4.383667,4.330667,4.414000,25
1,1,2048,128,cpu_vals,1,1.643125,1.637792,1.646292,25
1,16,56,56,jacobi,1,0.937042,0.880958,0.959709,25
1,16,56,56,block,1,2.909708,2.867958,2.951167,25
1,16,56,56,gk,1,1.447417,1.444583,1.457333,25
1,16,56,56,gk_vals,1,1.084583,1.058083,1.104833,25
1,16,56,56,cpu_vals,1,0.193375,0.189250,0.201834,25
1,16,56,56,cpu,1,0.333667,0.327000,0.337917,25
1,64,1024,128,jacobi,1,181.498375,181.254333,182.361083,5
1,64,1024,128,block,1,37.288042,37.131292,37.342042,5
1,64,1024,128,qr,1,44.028792,43.626208,44.091250,5
1,64,1024,128,qrblock,1,26.716105,26.668000,26.766240,6
1,64,1024,128,cpu,1,16.837167,16.628584,17.366500,9
1,64,1024,128,bidiag,1,224.626416,224.484000,225.163125,5
1,64,1024,128,bidiag_vals,1,167.660875,167.622959,167.877167,5
1,64,1024,128,cpu_vals,1,7.770021,7.473261,7.913572,20
1,1,2048,256,jacobi,1,148.034417,147.996333,148.047417,5
1,1,2048,256,block,1,22.540208,22.461208,22.586229,7
1,1,2048,256,qr,1,32.169083,32.157250,32.186625,5
1,1,2048,256,qrblock,1,16.079771,16.037385,16.295115,10
1,1,2048,256,cpu,1,8.957958,8.844833,8.994125,17
1,1,2048,256,bidiag,1,11.357125,11.336282,11.408448,14
1,1,2048,256,bidiag_vals,1,9.256334,9.205208,9.309166,17
1,1,2048,256,cpu_vals,1,4.129792,4.110083,4.137500,25
1,256,4,4,jacobi,1,0.339458,0.332791,0.343666,25
1,256,4,4,gk,1,0.336125,0.274042,0.359917,25
1,256,4,4,gk_vals,1,0.222375,0.200250,0.243208,25
1,256,4,4,cpu_vals,1,0.206084,0.120834,0.294125,25
1,256,4,4,gk_share,1,0.342125,0.337792,0.355292,25
1,256,4,4,gk_share_vals,1,0.294375,0.286459,0.297542,25
1,256,4,4,cpu,1,0.138041,0.135292,0.168583,25
1,1,1024,256,jacobi,1,85.311500,85.305083,85.332625,5
1,1,1024,256,block,1,15.564687,15.403458,15.730271,10
1,1,1024,256,qr,1,31.537000,31.525416,31.553416,5
1,1,1024,256,qrblock,1,13.864625,13.748271,14.113000,11
1,1,1024,256,cpu,1,6.451063,6.257187,6.536750,24
1,1,1024,256,bidiag,1,8.840458,8.753042,8.863708,17
1,1,1024,256,bidiag_vals,1,6.828145,6.792167,6.890521,22
1,1,1024,256,cpu_vals,1,2.982417,2.976666,2.986125,25
1,16,48,48,jacobi,1,0.785417,0.697083,0.793542,25
1,16,48,48,block,1,2.846417,2.807750,2.879375,25
1,16,48,48,gk,1,1.109208,1.062333,1.166541,25
1,16,48,48,gk_vals,1,0.855333,0.813084,0.897209,25
1,16,48,48,cpu_vals,1,0.167083,0.161000,0.172834,25
1,16,48,48,cpu,1,0.290666,0.286750,0.297167,25
1,1,128,16,jacobi,1,0.550333,0.532583,0.558458,25
1,1,128,16,qr,1,0.411084,0.400458,0.430916,25
1,1,128,16,gk,1,0.337917,0.316166,0.376292,25
1,1,128,16,gk_vals,1,0.257042,0.252542,0.263667,25
1,1,128,16,cpu_vals,1,0.013292,0.013250,0.013375,25
1,1,128,16,cpu,1,0.037209,0.030833,0.039834,25
1,16,128,128,jacobi,1,4.639375,4.635500,4.643625,25
1,16,128,128,block,1,7.265125,7.218333,7.328542,21
1,16,128,128,cpu,1,1.705583,1.680209,1.826917,25
1,16,128,128,bidiag,1,37.597292,37.586750,37.650583,5
1,16,128,128,bidiag_vals,1,24.770875,24.727562,24.794063,7
1,16,128,128,cpu_vals,1,1.120584,1.106208,1.302625,25
1,1024,192,192,jacobi,1,1656.780292,1656.487083,1657.590708,3
1,1024,192,192,block,1,602.009625,600.980209,602.152687,3
1,1024,192,192,cpu,1,137.442291,136.810542,138.754583,5
1,1024,512,256,qrblock,1,1391.550125,1390.852188,1391.741958,3
1,1024,512,256,cpu,1,436.470250,432.912479,436.596333,3
1,256,40,40,jacobi,1,3.719500,3.710458,3.737583,25
1,256,40,40,block,1,7.653167,7.625730,7.699625,20
1,256,40,40,gk,1,1.765333,1.707042,1.767000,25
1,256,40,40,gk_vals,1,0.970250,0.942167,0.977625,25
1,256,40,40,cpu_vals,1,0.650083,0.578917,0.695208,25
1,256,40,40,gk_share,1,1.165666,1.160792,1.170542,25
1,256,40,40,gk_share_vals,1,0.768083,0.761666,0.778166,25
1,256,40,40,cpu,1,1.659125,1.624166,1.685417,25
1,4096,256,32,jacobi,1,85.785292,85.738875,86.125667,5
1,4096,256,32,block,1,50.797417,50.514750,51.074791,5
1,4096,256,32,qr,1,45.027625,44.858917,45.296875,5
1,4096,256,32,qrblock,1,44.716333,44.631833,45.307458,5
1,4096,256,32,gk,1,35.636375,35.330041,35.691041,5
1,4096,256,32,gk_vals,1,18.452833,18.239354,19.786948,8
1,4096,256,32,cpu_vals,1,14.086750,14.000562,14.151854,11
1,4096,256,32,gk_share,1,31.488917,31.368500,32.819625,5
1,4096,256,32,gk_share_vals,1,16.434416,16.012645,16.756980,10
1,4096,256,32,cpu,1,31.471542,31.459666,31.776083,5
1,2,1792,1792,cpu,1,273.311500,273.249958,273.545750,5
1,2,1792,1792,bidiag,1,149.958208,149.575666,150.090167,5
1,2,1792,1792,bidiag_vals,1,120.861167,120.848500,120.899875,5
1,2,1792,1792,cpu_vals,1,147.684584,147.557209,148.223250,5
1,2,1792,1792,band,1,133.003208,129.966542,133.787458,5
1,2,1792,1792,band8_vals,1,82.761417,82.515125,82.907875,5
1,2,1792,1792,band_vals,1,72.677250,72.281375,73.370625,5
1,2,1792,1792,band32_vals,1,105.271958,104.985083,105.320666,5
1,1,512,32,jacobi,1,0.996792,0.627500,1.081208,25
1,1,512,32,block,1,2.814625,2.790250,2.923875,25
1,1,512,32,qr,1,0.610125,0.595500,0.617666,25
1,1,512,32,qrblock,1,2.214208,2.137791,2.369250,25
1,1,512,32,gk,1,1.073125,0.979959,1.080625,25
1,1,512,32,gk_vals,1,0.592917,0.590000,0.596584,25
1,1,512,32,cpu_vals,1,0.070833,0.070542,0.072708,25
1,1,512,32,cpu,1,0.158958,0.157625,0.159958,25
1,4,64,64,jacobi,1,1.043208,0.989750,1.208250,25
1,4,64,64,block,1,2.869583,2.846000,2.900500,25
1,4,64,64,gk,1,1.759375,1.721208,1.762041,25
1,4,64,64,gk_vals,1,1.330792,1.307709,1.355875,25
1,4,64,64,cpu_vals,1,0.102208,0.101166,0.102667,25
1,4,64,64,cpu,1,0.227625,0.226375,0.229417,25
1,4,128,64,jacobi,1,1.406792,1.095417,1.490958,25
1,4,128,64,block,1,2.680833,2.618291,2.739667,25
1,4,128,64,qr,1,1.310209,1.268792,1.367000,25
1,4,128,64,qrblock,1,2.811250,2.773291,2.863459,25
1,4,128,64,gk,1,2.185667,2.181250,2.188292,25
1,4,128,64,gk_vals,1,1.577292,1.570958,1.618875,25
1,4,128,64,cpu_vals,1,0.162667,0.159667,0.164208,25
1,4,128,64,cpu,1,0.341875,0.337375,0.345208,25
1,64,48,48,jacobi,1,1.684542,1.678041,1.690084,25
1,64,48,48,block,1,3.602958,3.576750,3.688916,25
1,64,48,48,gk,1,1.192333,1.141000,1.246417,25
1,64,48,48,gk_vals,1,0.898209,0.827958,0.918375,25
1,64,48,48,cpu_vals,1,0.290375,0.275542,0.644042,25
1,64,48,48,gk_share,1,1.308208,1.297625,1.344833,25
1,64,48,48,gk_share_vals,1,0.971459,0.917125,1.016667,25
1,64,48,48,cpu,1,0.689583,0.683250,0.698417,25
1,16,16,16,jacobi,1,0.535916,0.522208,0.542167,25
1,16,16,16,gk,1,0.434667,0.430416,0.458292,25
1,16,16,16,gk_vals,1,0.264333,0.249417,0.281250,25
1,16,16,16,cpu_vals,1,0.083667,0.064208,0.106542,25
1,16,16,16,cpu,1,0.109459,0.099958,0.124666,25
1,16,256,16,jacobi,1,0.415750,0.405417,0.782500,25
1,16,256,16,qr,1,0.553250,0.544584,0.594500,25
1,16,256,16,gk,1,0.387333,0.380458,0.390250,25
1,16,256,16,gk_vals,1,0.297000,0.288958,0.299333,25
1,16,256,16,cpu_vals,1,0.132292,0.116500,0.259667,25
1,16,256,16,cpu,1,0.189125,0.186833,0.193791,25
1,64,80,80,jacobi,1,5.118750,5.102250,5.128834,25
1,64,80,80,block,1,7.694438,7.569313,7.781937,20
1,64,80,80,gk,1,4.055541,4.053500,4.059792,25
1,64,80,80,gk_vals,1,2.614125,2.598875,2.617292,25
1,64,80,80,cpu_vals,1,1.016542,0.996125,1.060208,25
1,64,80,80,gk_share,1,2.948709,2.934250,2.970125,25
1,64,80,80,gk_share_vals,1,2.142625,2.103167,2.745333,25
1,64,80,80,cpu,1,1.899625,1.891208,1.906083,25
1,4096,128,32,jacobi,1,35.299000,35.201083,35.513416,5
1,4096,128,32,block,1,33.159209,33.143625,33.429208,5
1,4096,128,32,qr,1,32.395917,32.243458,33.121125,5
1,4096,128,32,qrblock,1,31.370375,31.332625,31.749834,5
1,4096,128,32,gk,1,25.600791,25.516114,25.643562,6
1,4096,128,32,gk_vals,1,13.529687,13.520532,13.545927,12
1,4096,128,32,cpu_vals,1,8.991333,8.965208,9.286750,17
1,4096,128,32,gk_share,1,15.595187,15.412740,15.741531,10
1,4096,128,32,gk_share_vals,1,6.014438,5.992114,6.110270,24
1,4096,128,32,cpu,1,24.819625,24.781292,25.111625,7
1,16,2048,256,jacobi,1,509.235750,509.028541,509.282646,3
1,16,2048,256,block,1,68.320042,68.221750,68.531875,5
1,16,2048,256,qr,1,74.486292,74.096709,75.019833,5
1,16,2048,256,qrblock,1,37.417833,37.415834,38.408000,5
1,16,2048,256,cpu,1,21.589333,19.523167,24.230521,7
1,16,2048,256,bidiag,1,166.363459,165.929542,167.383625,5
1,16,2048,256,bidiag_vals,1,139.457000,139.123708,139.654333,5
1,16,2048,256,cpu_vals,1,9.449479,9.349625,9.841469,16
1,16,256,256,jacobi,1,66.046250,66.019583,66.061042,5
1,16,256,256,block,1,24.719500,24.294500,24.806041,7
1,16,256,256,cpu,1,6.049583,6.018958,6.080083,25
1,16,256,256,bidiag,1,75.204125,75.158333,75.349375,5
1,16,256,256,bidiag_vals,1,53.156125,53.054750,53.227000,5
1,16,256,256,cpu_vals,1,3.341833,3.303208,3.839334,25
1,64,128,16,jacobi,1,0.997666,0.381250,1.058333,25
1,64,128,16,qr,1,0.699208,0.691542,0.715833,25
1,64,128,16,gk,1,0.401791,0.400083,0.406834,25
1,64,128,16,gk_vals,1,0.298959,0.292208,0.303500,25
1,64,128,16,cpu_vals,1,0.187708,0.183292,0.199875,25
1,64,128,16,gk_share,1,0.505042,0.502292,0.512708,25
1,64,128,16,gk_share_vals,1,0.394750,0.390708,0.398541,25
1,64,128,16,cpu,1,0.286875,0.284292,0.292000,25
1,4096,512,32,jacobi,1,196.709916,195.996208,199.031875,5
1,4096,512,32,block,1,86.165834,85.950458,86.348375,5
1,4096,512,32,qr,1,72.750125,72.199083,72.980250,5
1,4096,512,32,qrblock,1,70.115084,69.508167,70.466083,5
1,4096,512,32,gk,1,63.402417,63.246250,63.484084,5
1,4096,512,32,gk_vals,1,31.920375,31.638917,31.928583,5
1,4096,512,32,cpu_vals,1,21.557291,21.351125,22.651271,7
1,4096,512,32,gk_share,1,49.966833,49.614000,52.294792,5
1,4096,512,32,gk_share_vals,1,30.240001,28.331146,30.366792,6
1,4096,512,32,cpu,1,51.379250,47.696667,51.608417,5
1,1024,96,96,jacobi,1,194.252333,194.145042,195.573708,5
1,1024,96,96,block,1,86.528041,86.339291,86.709625,5
1,1024,96,96,cpu,1,39.214250,39.187791,39.644125,5
1,4,40,40,jacobi,1,0.879000,0.698333,0.976917,25
1,4,40,40,block,1,2.434333,2.411000,2.449042,25
1,4,40,40,gk,1,0.881000,0.801500,0.889208,25
1,4,40,40,gk_vals,1,0.698292,0.638250,0.716792,25
1,4,40,40,cpu_vals,1,0.059708,0.059375,0.061166,25
1,4,40,40,cpu,1,0.123500,0.121042,0.126625,25
1,1,512,64,jacobi,1,1.972167,1.968792,1.980458,25
1,1,512,64,block,1,3.966250,3.901792,4.004042,25
1,1,512,64,qr,1,1.315250,1.268083,1.373375,25
1,1,512,64,qrblock,1,2.918916,2.878875,2.996625,25
1,1,512,64,gk,1,2.402333,2.363667,2.406292,25
1,1,512,64,gk_vals,1,1.815084,1.810542,1.853667,25
1,1,512,64,cpu_vals,1,0.182166,0.181834,0.183833,25
1,1,512,64,cpu,1,0.426542,0.423167,0.429334,25
1,1024,4,4,jacobi,1,0.469750,0.462167,0.484167,25
1,1024,4,4,gk,1,0.244333,0.240792,0.255833,25
1,1024,4,4,gk_vals,1,0.202500,0.194916,0.206291,25
1,1024,4,4,cpu_vals,1,0.190584,0.182959,0.277375,25
1,1024,4,4,gk_share,1,0.366166,0.361458,0.373500,25
1,1024,4,4,gk_share_vals,1,0.317042,0.313875,0.325583,25
1,1024,4,4,cpu,1,0.245875,0.242208,0.247792,25
1,64,1024,256,jacobi,1,857.838625,857.672375,858.803541,3
1,64,1024,256,block,1,164.200667,164.140875,164.586750,5
1,64,1024,256,qr,1,283.045583,282.814875,283.288917,5
1,64,1024,256,qrblock,1,96.214250,95.904333,96.716042,5
1,64,1024,256,cpu,1,41.965584,41.893292,42.583958,5
1,64,1024,256,bidiag,1,502.157625,501.956563,502.836041,3
1,64,1024,256,bidiag_vals,1,402.233959,402.007938,402.338417,3
1,64,1024,256,cpu_vals,1,19.159688,19.146188,19.666490,8
1,1024,8,8,jacobi,1,0.568959,0.468708,1.488208,25
1,1024,8,8,gk,1,0.373416,0.370708,0.378667,25
1,1024,8,8,gk_vals,1,0.265958,0.264083,0.271250,25
1,1024,8,8,cpu_vals,1,0.271875,0.264708,0.303542,25
1,1024,8,8,gk_share,1,0.569083,0.554792,0.591750,25
1,1024,8,8,gk_share_vals,1,0.338042,0.330291,0.342833,25
1,1024,8,8,cpu,1,0.481083,0.429708,0.599833,25
1,256,64,16,jacobi,1,0.666166,0.659542,1.036833,25
1,256,64,16,qr,1,1.072167,1.068333,1.085708,25
1,256,64,16,gk,1,0.510750,0.506125,0.513750,25
1,256,64,16,gk_vals,1,0.329750,0.325958,0.332083,25
1,256,64,16,cpu_vals,1,0.280875,0.273583,0.305041,25
1,256,64,16,gk_share,1,0.564041,0.541584,0.571708,25
1,256,64,16,gk_share_vals,1,0.401250,0.398458,0.405042,25
1,256,64,16,cpu,1,0.598791,0.581667,0.665708,25
1,4,2048,256,jacobi,1,207.901084,207.854750,207.930250,5
1,4,2048,256,block,1,30.085333,30.067667,30.098959,5
1,4,2048,256,qr,1,35.461875,35.311792,35.726167,5
1,4,2048,256,qrblock,1,19.406667,19.365115,19.457344,8
1,4,2048,256,cpu,1,10.456625,10.132146,10.606583,15
1,4,2048,256,bidiag,1,42.227958,42.063833,42.357833,5
1,4,2048,256,bidiag_vals,1,35.603333,35.581458,35.891084,5
1,4,2048,256,cpu_vals,1,4.961084,4.909792,5.327958,25
1,16,256,8,jacobi,1,0.472417,0.464583,0.476625,25
1,16,256,8,qr,1,0.484500,0.474167,0.513333,25
1,16,256,8,gk,1,0.250541,0.248583,0.252417,25
1,16,256,8,gk_vals,1,0.213167,0.205875,0.215167,25
1,16,256,8,cpu_vals,1,0.100542,0.078333,0.113708,25
1,16,256,8,cpu,1,0.117167,0.104375,0.219042,25
1,1024,256,32,jacobi,1,21.166354,21.078927,21.557958,8
1,1024,256,32,block,1,14.398292,14.277855,14.511708,11
1,1024,256,32,qr,1,13.888167,13.676188,14.033438,11
1,1024,256,32,qrblock,1,14.048792,13.928938,14.142917,11
1,1024,256,32,gk,1,10.979792,10.921125,11.072646,14
1,1024,256,32,gk_vals,1,6.710209,6.606875,6.764667,23
1,1024,256,32,cpu_vals,1,3.848375,3.814375,3.900500,25
1,1024,256,32,gk_share,1,9.947125,9.538303,10.206594,16
1,1024,256,32,gk_share_vals,1,4.842000,4.784459,4.888292,25
1,1024,256,32,cpu,1,8.547792,8.450521,8.616323,18
1,16,32,16,jacobi,1,0.508333,0.497500,0.517875,25
1,16,32,16,qr,1,0.464375,0.458833,0.473166,25
1,16,32,16,gk,1,0.339791,0.331125,0.342375,25
1,16,32,16,gk_vals,1,0.271291,0.256750,0.277125,25
1,16,32,16,cpu_vals,1,0.092292,0.078500,0.139208,25
1,16,32,16,cpu,1,0.125917,0.118500,0.135041,25
1,1024,128,16,jacobi,1,2.555916,2.508875,2.596416,25
1,1024,128,16,qr,1,3.275083,3.106000,4.007375,25
1,1024,128,16,gk,1,2.058584,2.040166,2.076000,25
1,1024,128,16,gk_vals,1,0.981583,0.941625,0.993667,25
1,1024,128,16,cpu_vals,1,1.504667,0.984208,1.535167,25
1,1024,128,16,gk_share,1,1.706750,1.679750,1.713000,25
1,1024,128,16,gk_share_vals,1,0.933083,0.913208,0.938083,25
1,1024,128,16,cpu,1,2.925167,2.867750,2.946625,25
1,16,1024,32,jacobi,1,1.087916,1.026167,1.148542,25
1,16,1024,32,block,1,4.353208,4.276833,4.415250,25
1,16,1024,32,qr,1,1.202625,1.188958,1.245417,25
1,16,1024,32,qrblock,1,2.691792,2.669041,2.740958,25
1,16,1024,32,gk,1,1.782000,1.740291,1.812041,25
1,16,1024,32,gk_vals,1,1.082000,1.057375,1.091542,25
1,16,1024,32,cpu_vals,1,0.354750,0.312833,0.589917,25
1,16,1024,32,cpu,1,0.617750,0.585709,0.669166,25
1,4,1024,128,jacobi,1,19.671729,19.659313,19.676959,8
1,4,1024,128,block,1,9.069250,8.963209,9.121292,17
1,4,1024,128,qr,1,6.179875,5.636375,6.192584,25
1,4,1024,128,qrblock,1,7.592541,7.544583,7.771386,20
1,4,1024,128,cpu,1,2.694417,2.625292,2.776959,25
1,4,1024,128,bidiag,1,14.182750,14.109646,14.232499,11
1,4,1024,128,bidiag_vals,1,10.947625,10.924739,11.406511,14
1,4,1024,128,cpu_vals,1,1.472375,1.409833,1.494250,25
1,1,32,8,jacobi,1,0.299125,0.286875,0.308250,25
1,1,32,8,qr,1,0.550584,0.539125,0.565458,25
1,1,32,8,gk,1,0.249208,0.239583,0.263500,25
1,1,32,8,gk_vals,1,0.195750,0.183541,0.246042,25
1,1,32,8,cpu_vals,1,0.006042,0.006000,0.006084,25
1,1,32,8,cpu,1,0.011125,0.010417,0.011459,25
1,4096,64,64,jacobi,1,204.848541,204.691292,205.492792,5
1,4096,64,64,block,1,113.328584,113.261375,113.472208,5
1,4096,64,64,gk,1,63.932666,63.931250,64.006666,5
1,4096,64,64,gk_vals,1,28.209063,28.181511,28.225677,6
1,4096,64,64,cpu_vals,1,17.947541,17.843375,18.834167,9
1,4096,64,64,gk_share,1,33.401584,33.394834,33.925959,5
1,4096,64,64,gk_share_vals,1,12.168750,12.052042,12.333875,13
1,4096,64,64,cpu,1,52.894833,52.718500,53.383000,5
1,256,128,8,jacobi,1,0.929666,0.871166,0.953917,25
1,256,128,8,qr,1,0.767500,0.754083,0.794417,25
1,256,128,8,gk,1,0.379833,0.370334,0.386167,25
1,256,128,8,gk_vals,1,0.233417,0.221000,0.240542,25
1,256,128,8,cpu_vals,1,0.194791,0.189500,0.217041,25
1,256,128,8,gk_share,1,0.457500,0.451125,0.464750,25
1,256,128,8,gk_share_vals,1,0.353125,0.336583,0.366042,25
1,256,128,8,cpu,1,0.339292,0.326500,0.344791,25
1,1,256,32,jacobi,1,0.471292,0.450583,1.327000,25
1,1,256,32,block,1,2.170750,2.142917,2.255250,25
1,1,256,32,qr,1,0.567167,0.559750,0.576125,25
1,1,256,32,qrblock,1,2.278000,2.211208,2.510042,25
1,1,256,32,gk,1,1.079625,1.065416,1.131208,25
1,1,256,32,gk_vals,1,0.603083,0.600667,0.610667,25
1,1,256,32,cpu_vals,1,0.053291,0.053250,0.053500,25
1,1,256,32,cpu,1,0.116792,0.115084,0.118584,25
1,1024,80,80,jacobi,1,106.961625,106.827458,107.226333,5
1,1024,80,80,block,1,78.124916,77.984292,78.192166,5
1,1024,80,80,gk,1,38.093917,38.049583,38.160875,5
1,1024,80,80,gk_vals,1,16.315167,16.252239,16.368552,10
1,1024,80,80,cpu_vals,1,13.768792,13.278062,14.026063,11
1,1024,80,80,gk_share,1,18.077208,18.036833,18.101375,9
1,1024,80,80,gk_share_vals,1,9.250792,9.234042,9.339959,17
1,1024,80,80,cpu,1,25.830624,25.601239,25.919417,6
1,16,64,8,jacobi,1,0.380209,0.373167,0.386666,25
1,16,64,8,qr,1,0.451417,0.439542,0.457792,25
1,16,64,8,gk,1,0.245417,0.241459,0.250625,25
1,16,64,8,gk_vals,1,0.191208,0.188958,0.195042,25
1,16,64,8,cpu_vals,1,0.069834,0.059792,0.077583,25
1,16,64,8,cpu,1,0.075750,0.072708,0.080208,25
1,256,256,32,jacobi,1,5.094917,5.033417,5.155875,25
1,256,256,32,block,1,4.694667,4.640667,4.770709,25
1,256,256,32,qr,1,4.735292,4.599667,4.791459,25
1,256,256,32,qrblock,1,5.583417,5.323292,5.713250,25
1,256,256,32,gk,1,3.906375,3.575500,4.043834,25
1,256,256,32,gk_vals,1,2.058041,1.881083,2.938583,25
1,256,256,32,cpu_vals,1,1.159584,1.100833,1.565416,25
1,256,256,32,gk_share,1,3.655917,3.622583,3.712542,25
1,256,256,32,gk_share_vals,1,1.938667,1.822459,2.656958,25
1,256,256,32,cpu,1,2.690667,2.311375,2.836375,25
1,16,256,32,jacobi,1,1.514125,0.485333,1.581375,25
1,16,256,32,block,1,2.349875,2.320833,2.361875,25
1,16,256,32,qr,1,0.817000,0.787125,0.823292,25
1,16,256,32,qrblock,1,2.252875,2.230834,2.275708,25
1,16,256,32,gk,1,1.268709,1.254167,1.339542,25
1,16,256,32,gk_vals,1,0.784209,0.758958,0.805959,25
1,16,256,32,cpu_vals,1,0.204959,0.171833,0.240791,25
1,16,256,32,cpu,1,0.302917,0.278000,0.344041,25
1,4096,1024,32,jacobi,1,564.758834,564.739459,565.167688,3
1,4096,1024,32,block,1,162.380167,162.154708,167.168500,5
1,4096,1024,32,qr,1,120.213875,119.626875,125.466875,5
1,4096,1024,32,qrblock,1,122.072666,121.895542,122.175459,5
1,4096,1024,32,gk,1,110.644416,110.084792,111.238542,5
1,4096,1024,32,gk_vals,1,57.643584,57.521750,58.147416,5
1,4096,1024,32,cpu_vals,1,38.844916,38.619000,38.848875,5
1,4096,1024,32,gk_share,1,83.308833,83.235209,83.348750,5
1,4096,1024,32,gk_share_vals,1,47.353625,46.934458,47.690125,5
1,4096,1024,32,cpu,1,83.310667,83.124125,85.247625,5
1,64,512,512,jacobi,1,4147.377167,4146.348334,4148.091625,3
1,64,512,512,block,1,626.894167,626.668292,627.923271,3
1,64,512,512,cpu,1,99.953208,99.442625,99.982083,5
1,64,512,512,bidiag,1,632.428083,632.022291,633.632187,3
1,64,512,512,bidiag_vals,1,455.465416,455.044520,455.586604,3
1,64,512,512,cpu_vals,1,51.660959,50.984042,51.804209,5
1,64,512,512,band,1,730.850375,730.583687,735.656792,3
1,64,512,512,band8_vals,1,329.419834,329.368626,329.432647,3
1,64,512,512,band_vals,1,352.420333,352.263396,352.492187,3
1,64,512,512,band32_vals,1,566.258625,566.228542,566.272271,3
1,4,56,56,jacobi,1,0.904250,0.809709,1.165584,25
1,4,56,56,block,1,2.797542,2.771208,2.847042,25
1,4,56,56,gk,1,1.349709,1.340208,1.400250,25
1,4,56,56,gk_vals,1,1.052333,1.022209,1.092375,25
1,4,56,56,cpu_vals,1,0.085500,0.084375,0.086584,25
1,4,56,56,cpu,1,0.185250,0.182000,0.192541,25
1,1024,1024,128,jacobi,1,2841.925584,2841.593709,2843.419104,3
1,1024,1024,128,block,1,540.441958,539.890479,541.218562,3
1,1024,1024,128,qr,1,584.034792,583.721937,585.782438,3
1,1024,1024,128,qrblock,1,312.284625,311.619416,313.327479,3
1,1024,1024,128,cpu,1,233.414083,231.448375,234.546417,5
1,256,512,32,jacobi,1,11.852917,11.820375,11.884959,13
1,256,512,32,block,1,8.292625,8.216333,8.419187,19
1,256,512,32,qr,1,6.985980,6.757355,7.137844,22
1,256,512,32,qrblock,1,7.831291,7.688916,7.924406,20
1,256,512,32,gk,1,5.932000,5.674250,6.031083,25
1,256,512,32,gk_vals,1,4.018042,3.936250,4.040334,25
1,256,512,32,cpu_vals,1,1.997083,1.939042,2.087083,25
1,256,512,32,gk_share,1,5.453917,5.403708,5.524250,25
1,256,512,32,gk_share_vals,1,3.441625,3.393375,3.506917,25
1,256,512,32,cpu,1,3.912666,3.814792,4.119875,25
1,4,64,8,jacobi,1,0.344625,0.307000,0.356500,25
1,4,64,8,qr,1,0.400375,0.389709,0.405083,25
1,4,64,8,gk,1,0.229667,0.224375,0.268291,25
1,4,64,8,gk_vals,1,0.238917,0.200166,0.256459,25
1,4,64,8,cpu_vals,1,0.023375,0.020667,0.026250,25
1,4,64,8,cpu,1,0.030542,0.030292,0.031167,25
1,4,512,32,jacobi,1,0.607125,0.602667,0.650750,25
1,4,512,32,block,1,2.775458,2.754833,2.815542,25
1,4,512,32,qr,1,0.700209,0.693042,0.709167,25
1,4,512,32,qrblock,1,2.096500,2.085459,2.127500,25
1,4,512,32,gk,1,1.191459,1.146167,1.233500,25
1,4,512,32,gk_vals,1,0.723667,0.717667,0.726792,25
1,4,512,32,cpu_vals,1,0.134583,0.132125,0.136875,25
1,4,512,32,cpu,1,0.240958,0.239000,0.244834,25
1,16,16,8,jacobi,1,0.341083,0.325792,0.349333,25
1,16,16,8,qr,1,0.424083,0.412625,0.436292,25
1,16,16,8,gk,1,0.224792,0.217250,0.229625,25
1,16,16,8,gk_vals,1,0.197541,0.194834,0.199500,25
1,16,16,8,cpu_vals,1,0.058334,0.055292,0.058708,25
1,16,16,8,cpu,1,0.104542,0.085875,0.106583,25
1,1,512,512,jacobi,1,248.702750,248.692583,248.703000,5
1,1,512,512,block,1,32.028792,32.012625,32.148417,5
1,1,512,512,cpu,1,16.704583,16.295708,16.938209,9
1,1,512,512,bidiag,1,13.273042,13.211094,13.412636,12
1,1,512,512,bidiag_vals,1,8.888208,8.851917,8.939375,17
1,1,512,512,cpu_vals,1,7.727583,7.723051,7.737146,20
1,1,512,512,band,1,11.565979,11.149990,11.724386,14
1,1,512,512,band8_vals,1,8.348063,8.323844,8.375417,18
1,1,512,512,band_vals,1,9.203083,9.033083,9.289875,17
1,1,512,512,band32_vals,1,12.691063,12.667980,12.727292,12
1,4,1536,1536,cpu,1,223.869334,223.447291,228.020958,5
1,4,1536,1536,bidiag,1,219.409666,218.663625,220.302750,5
1,4,1536,1536,bidiag_vals,1,170.311208,170.098750,170.405250,5
1,4,1536,1536,cpu_vals,1,119.580375,119.309500,125.958833,5
1,4,1536,1536,band,1,204.033959,203.062250,206.694792,5
1,4,1536,1536,band8_vals,1,107.030791,106.787375,107.308792,5
1,4,1536,1536,band_vals,1,102.086458,101.818541,102.125667,5
1,4,1536,1536,band32_vals,1,147.597666,147.585083,147.691208,5
1,1024,64,64,jacobi,1,52.540291,52.085375,52.660708,5
1,1024,64,64,block,1,30.247125,30.164916,30.274042,5
1,1024,64,64,gk,1,17.393042,17.194333,17.604000,9
1,1024,64,64,gk_vals,1,7.747500,7.737739,7.771593,20
1,1024,64,64,cpu_vals,1,5.051208,5.030333,5.111541,25
1,1024,64,64,gk_share,1,8.955708,8.919125,8.984417,17
1,1024,64,64,gk_share_vals,1,3.759000,3.746500,3.775041,25
1,1024,64,64,cpu,1,14.385417,14.173396,14.466375,11
1,64,128,128,jacobi,1,32.464541,32.179791,32.743834,5
1,64,128,128,block,1,14.318584,14.283958,14.431812,11
1,64,128,128,cpu,1,6.029834,6.015583,6.484542,25
1,64,128,128,bidiag,1,149.989417,149.794041,150.248459,5
1,64,128,128,bidiag_vals,1,98.292334,97.871459,98.358917,5
1,64,128,128,cpu_vals,1,3.931958,3.857917,4.489917,25
1,4,512,16,jacobi,1,0.529333,0.432167,1.059541,25
1,4,512,16,qr,1,0.493708,0.489750,0.502417,25
1,4,512,16,gk,1,0.620250,0.612333,0.624208,25
1,4,512,16,gk_vals,1,0.342208,0.338375,0.346625,25
1,4,512,16,cpu_vals,1,0.068792,0.068083,0.069417,25
1,4,512,16,cpu,1,0.108667,0.106583,0.110375,25
1,4,192,192,jacobi,1,14.040459,14.037605,14.051521,11
1,4,192,192,block,1,9.781646,9.748823,9.904948,16
1,4,192,192,cpu,1,2.003000,1.994292,2.018333,25
1,4,192,192,bidiag,1,13.999542,13.903354,14.024417,11
1,4,192,192,bidiag_vals,1,9.956292,9.851094,9.971542,16
1,4,192,192,cpu_vals,1,1.118042,1.110416,1.127875,25
1,1024,64,8,jacobi,1,0.624750,0.616792,0.663959,25
1,1024,64,8,qr,1,1.179250,1.156791,1.194916,25
1,1024,64,8,gk,1,0.608917,0.606375,0.616000,25
1,1024,64,8,gk_vals,1,0.338250,0.333000,0.342500,25
1,1024,64,8,cpu_vals,1,0.449750,0.395958,0.624875,25
1,1024,64,8,gk_share,1,0.727834,0.706625,0.769750,25
1,1024,64,8,gk_share_vals,1,0.439625,0.430625,0.459333,25
1,1024,64,8,cpu,1,0.760875,0.700917,0.774583,25
1,1024,512,16,jacobi,1,11.483791,11.241750,11.673156,14
1,1024,512,16,qr,1,8.346958,8.316041,8.527969,18
1,1024,512,16,gk,1,8.090666,7.939792,8.179625,19
1,1024,512,16,gk_vals,1,4.565458,4.438792,4.638875,25
1,1024,512,16,cpu_vals,1,2.673667,2.643125,2.817167,25
1,1024,512,16,gk_share,1,6.434500,6.319624,6.574105,24
1,1024,512,16,gk_share_vals,1,3.481500,3.408000,3.540833,25
1,1024,512,16,cpu,1,5.179916,5.134125,5.227709,25
1,64,1024,64,jacobi,1,38.871667,38.827334,38.943292,5
1,64,1024,64,block,1,11.300271,11.237052,11.524458,14
1,64,1024,64,qr,1,9.563875,9.429500,9.684032,16
1,64,1024,64,qrblock,1,10.297792,10.179334,10.401270,15
1,64,1024,64,gk,1,9.197083,9.123291,9.472459,17
1,64,1024,64,gk_vals,1,6.781709,6.712521,6.850167,23
1,64,1024,64,cpu_vals,1,2.804667,2.746750,3.023125,25
1,64,1024,64,gk_share,1,9.028916,8.852041,9.415958,17
1,64,1024,64,gk_share_vals,1,6.147708,6.087917,6.218292,25
1,64,1024,64,cpu,1,5.585083,5.487416,5.826417,25
1,1,48,48,jacobi,1,0.744416,0.735166,0.963708,25
1,1,48,48,block,1,2.622667,2.595584,2.659917,25
1,1,48,48,gk,1,1.100083,1.071667,1.110334,25
1,1,48,48,gk_vals,1,0.851500,0.823750,0.893917,25
1,1,48,48,cpu_vals,1,0.037042,0.036833,0.038333,25
1,1,48,48,cpu,1,0.114458,0.113875,0.114917,25
1,4,32,8,jacobi,1,0.183708,0.173875,0.187583,25
1,4,32,8,qr,1,0.392500,0.385375,0.399125,25
1,4,32,8,gk,1,0.219167,0.214958,0.228625,25
1,4,32,8,gk_vals,1,0.245125,0.221666,0.259209,25
1,4,32,8,cpu_vals,1,0.023166,0.021042,0.024000,25
1,4,32,8,cpu,1,0.029666,0.027833,0.030541,25
1,16,128,64,jacobi,1,1.202916,1.148459,1.244917,25
1,16,128,64,block,1,2.870500,2.861791,2.906750,25
1,16,128,64,qr,1,1.582166,1.543250,1.635208,25
1,16,128,64,qrblock,1,3.271000,3.253083,3.316041,25
1,16,128,64,gk,1,2.611958,2.572958,2.624167,25
1,16,128,64,gk_vals,1,1.879417,1.835125,1.907833,25
1,16,128,64,cpu_vals,1,0.269958,0.263958,0.353750,25
1,16,128,64,cpu,1,0.509250,0.501791,0.703667,25
1,1024,24,24,jacobi,1,3.504541,3.497750,3.523042,25
1,1024,24,24,gk,1,1.808417,1.799250,1.842250,25
1,1024,24,24,gk_vals,1,0.848125,0.807125,0.895333,25
1,1024,24,24,cpu_vals,1,0.914959,0.900709,0.933708,25
1,1024,24,24,gk_share,1,1.461125,1.457625,1.471250,25
1,1024,24,24,gk_share_vals,1,0.849750,0.840708,0.852167,25
1,1024,24,24,cpu,1,2.525917,2.518042,2.536084,25
1,16,64,16,jacobi,1,0.558292,0.548417,0.564458,25
1,16,64,16,qr,1,0.475625,0.467333,0.489583,25
1,16,64,16,gk,1,0.340916,0.330000,0.350459,25
1,16,64,16,gk_vals,1,0.273875,0.259250,0.281292,25
1,16,64,16,cpu_vals,1,0.081834,0.077750,0.127666,25
1,16,64,16,cpu,1,0.134875,0.127583,0.146625,25
1,1024,32,32,jacobi,1,6.451208,6.435115,6.477844,24
1,1024,32,32,block,1,6.756166,6.620730,6.910042,23
1,1024,32,32,gk,1,2.604375,2.569042,2.620958,25
1,1024,32,32,gk_vals,1,1.327208,1.285750,1.350333,25
1,1024,32,32,cpu_vals,1,1.398208,1.345125,1.945166,25
1,1024,32,32,gk_share,1,2.337042,2.326167,2.512834,25
1,1024,32,32,gk_share_vals,1,1.150709,1.144500,1.159125,25
1,1024,32,32,cpu,1,4.045167,3.966791,4.602916,25
1,64,512,64,jacobi,1,11.462584,11.259146,11.522020,14
1,64,512,64,block,1,6.711250,6.636687,6.802833,23
1,64,512,64,qr,1,6.311875,6.262396,6.595636,24
1,64,512,64,qrblock,1,7.470250,7.184250,7.583958,21
1,64,512,64,gk,1,6.162709,6.058083,6.267708,25
1,64,512,64,gk_vals,1,4.710708,4.541250,4.749375,25
1,64,512,64,cpu_vals,1,1.803958,1.627833,1.864750,25
1,64,512,64,gk_share,1,5.866417,5.796084,5.939458,25
1,64,512,64,gk_share_vals,1,4.234917,4.135500,4.273375,25
1,64,512,64,cpu,1,3.363250,3.313417,3.496167,25
1,4,256,16,jacobi,1,0.746125,0.705209,0.798417,25
1,4,256,16,qr,1,0.455333,0.452125,0.462791,25
1,4,256,16,gk,1,0.362500,0.356917,0.366209,25
1,4,256,16,gk_vals,1,0.292458,0.288750,0.298834,25
1,4,256,16,cpu_vals,1,0.051792,0.051208,0.052542,25
1,4,256,16,cpu,1,0.075916,0.074375,0.077125,25
1,16,512,256,jacobi,1,96.009291,95.995875,96.043500,5
1,16,512,256,block,1,26.717645,26.681542,26.753813,6
1,16,512,256,qr,1,64.201042,63.931334,64.423791,5
1,16,512,256,qrblock,1,25.040375,24.898521,25.095709,7
1,16,512,256,cpu,1,8.912792,8.846792,8.963875,17
1,16,512,256,bidiag,1,107.033583,106.907292,107.468209,5
1,16,512,256,bidiag_vals,1,78.900083,78.595333,79.164208,5
1,16,512,256,cpu_vals,1,6.386458,5.689583,6.531500,25
1,1024,512,32,jacobi,1,48.021625,48.002000,48.978541,5
1,1024,512,32,block,1,22.991709,22.826104,23.179667,7
1,1024,512,32,qr,1,21.289042,21.249782,21.359333,8
1,1024,512,32,qrblock,1,21.853291,21.843771,22.054354,7
1,1024,512,32,gk,1,19.262042,19.059021,19.326073,8
1,1024,512,32,gk_vals,1,12.143000,11.730959,12.320125,13
1,1024,512,32,cpu_vals,1,5.810333,5.708208,5.910416,25
1,1024,512,32,gk_share,1,15.415687,15.103448,15.628125,10
1,1024,512,32,gk_share_vals,1,7.767062,7.731865,7.963552,20
1,1024,512,32,cpu,1,12.805291,12.638386,13.214230,12
1,256,2048,128,jacobi,1,1692.235500,1692.004895,1692.437937,3
1,256,2048,128,block,1,238.108833,237.689875,238.562250,5
1,256,2048,128,qr,1,214.399292,213.778750,216.379834,5
1,256,2048,128,qrblock,1,157.248000,156.454834,157.488292,5
1,256,2048,128,cpu,1,108.136500,108.095125,109.142375,5
1,256,2048,128,bidiag,1,1294.950583,1293.366833,1295.847791,3
1,256,2048,128,bidiag_vals,1,1069.770500,1068.554437,1073.424208,3
1,256,2048,128,cpu_vals,1,45.674667,45.601250,45.771125,5
1,256,256,256,jacobi,1,1115.215625,1114.924959,1115.940562,3
1,256,256,256,block,1,344.769166,343.960396,345.122874,3
1,256,256,256,cpu,1,77.840667,77.698416,78.040708,5
1,64,56,56,jacobi,1,2.185916,2.175791,2.193417,25
1,64,56,56,block,1,3.788500,3.703292,3.888667,25
1,64,56,56,gk,1,1.558875,1.555667,1.608708,25
1,64,56,56,gk_vals,1,1.075500,1.064750,1.124417,25
1,64,56,56,cpu_vals,1,0.346000,0.327542,0.661709,25
1,64,56,56,gk_share,1,1.664834,1.654125,1.711416,25
1,64,56,56,gk_share_vals,1,1.223666,1.187875,1.267042,25
1,64,56,56,cpu,1,0.807750,0.801125,0.823542,25
1,1,512,128,jacobi,1,9.987813,9.973917,9.991063,16
1,1,512,128,block,1,6.539833,6.502021,6.609271,23
1,1,512,128,qr,1,4.661667,4.659459,4.667250,25
1,1,512,128,qrblock,1,5.842250,5.770625,5.908625,25
1,1,512,128,cpu,1,1.656708,1.652500,1.674167,25
1,1,512,128,bidiag,1,3.409834,3.389875,3.427167,25
1,1,512,128,bidiag_vals,1,2.307459,2.303333,2.315042,25
1,1,512,128,cpu_vals,1,0.920750,0.915917,0.923959,25
1,256,80,80,jacobi,1,25.440146,25.350979,25.501657,6
1,256,80,80,block,1,19.719979,19.687208,19.757437,8
1,256,80,80,gk,1,10.596750,10.589000,10.625084,15
1,256,80,80,gk_vals,1,4.804292,4.798542,4.813333,25
1,256,80,80,cpu_vals,1,4.258833,3.921250,4.324792,25
1,256,80,80,gk_share,1,7.037125,6.913812,8.405198,20
1,256,80,80,gk_share_vals,1,3.507625,3.479875,4.526500,25
1,256,80,80,cpu,1,7.138041,7.003834,7.210083,21
1,64,256,128,jacobi,1,31.015458,30.730292,31.163209,5
1,64,256,128,block,1,14.721583,14.692854,14.726250,11
1,64,256,128,qr,1,34.254375,33.688125,34.404084,5
1,64,256,128,qrblock,1,17.052334,17.009292,17.310416,9
1,64,256,128,cpu,1,8.766334,8.701156,8.869907,18
1,64,256,128,bidiag,1,172.982333,171.945292,173.831333,5
1,64,256,128,bidiag_vals,1,118.831167,118.666667,118.863417,5
1,64,256,128,cpu_vals,1,5.499458,4.832917,6.510458,25
1,64,2048,64,jacobi,1,84.027875,83.898000,84.315792,5
1,64,2048,64,block,1,19.957166,19.898375,20.059875,8
1,64,2048,64,qr,1,15.198688,15.146770,15.373605,10
1,64,2048,64,qrblock,1,16.179937,16.111521,16.264344,10
1,64,2048,64,gk,1,15.505062,15.178104,15.857478,10
1,64,2048,64,gk_vals,1,11.810125,11.550083,12.261709,13
1,64,2048,64,cpu_vals,1,5.238375,5.160791,5.322166,25
1,64,2048,64,gk_share,1,14.398208,14.095166,14.751041,11
1,64,2048,64,gk_share_vals,1,9.678791,9.330792,10.092584,16
1,64,2048,64,cpu,1,10.122500,10.000312,10.213521,15
1,4096,40,40,jacobi,1,43.646958,43.411792,45.107250,5
1,4096,40,40,block,1,91.200833,91.061875,91.236833,5
1,4096,40,40,gk,1,18.242542,18.148000,18.274584,9
1,4096,40,40,gk_vals,1,7.374875,7.364709,7.388875,21
1,4096,40,40,cpu_vals,1,7.473125,7.448625,7.538792,21
1,4096,40,40,gk_share,1,12.904125,12.738031,13.009739,12
1,4096,40,40,gk_share_vals,1,4.458125,4.395708,4.489208,25
1,4096,40,40,cpu,1,23.846625,23.526584,24.106729,7
1,4096,48,48,jacobi,1,83.630458,83.520792,83.776875,5
1,4096,48,48,block,1,97.583458,97.479959,97.686333,5
1,4096,48,48,gk,1,27.363521,27.309729,27.497312,6
1,4096,48,48,gk_vals,1,11.585292,11.563833,11.602250,13
1,4096,48,48,cpu_vals,1,10.260916,10.178667,10.415146,15
1,4096,48,48,gk_share,1,18.037083,17.857750,18.228875,9
1,4096,48,48,gk_share_vals,1,6.405833,6.391729,6.447240,24
1,4096,48,48,cpu,1,33.696458,33.545625,34.208750,5
1,1,512,256,jacobi,1,46.399167,46.394542,46.411167,5
1,1,512,256,block,1,12.388250,12.215834,12.447333,13
1,1,512,256,qr,1,31.223583,31.205417,31.226042,5
1,1,512,256,qrblock,1,12.131958,12.100375,12.400041,13
1,1,512,256,cpu,1,5.395667,5.341292,5.488958,25
1,1,512,256,bidiag,1,7.544646,7.486614,7.633272,20
1,1,512,256,bidiag_vals,1,5.647125,5.602250,5.681458,25
1,1,512,256,cpu_vals,1,2.412792,2.409958,2.419167,25
1,256,56,56,jacobi,1,7.265792,7.240292,7.322708,21
1,256,56,56,block,1,8.381166,8.292354,8.408917,19
1,256,56,56,gk,1,3.325208,3.319542,3.334000,25
1,256,56,56,gk_vals,1,1.523459,1.486958,1.535334,25
1,256,56,56,cpu_vals,1,1.044209,1.001500,1.169458,25
1,256,56,56,gk_share,1,3.037834,3.015375,3.061125,25
1,256,56,56,gk_share_vals,1,1.637042,1.609917,1.665417,25
1,256,56,56,cpu,1,2.767541,2.738333,2.802875,25
1,64,1024,32,jacobi,1,7.951625,7.917521,8.016979,19
1,64,1024,32,block,1,5.751750,5.599292,5.827542,25
1,64,1024,32,qr,1,3.455958,3.374292,3.641583,25
1,64,1024,32,qrblock,1,4.790833,4.726000,4.838584,25
1,64,1024,32,gk,1,3.640666,3.588959,3.732417,25
1,64,1024,32,gk_vals,1,2.048042,1.956750,2.900708,25
1,64,1024,32,cpu_vals,1,1.388208,0.930708,1.416750,25
1,64,1024,32,gk_share,1,3.479708,3.414084,3.626541,25
1,64,1024,32,gk_share_vals,1,1.965334,1.856250,2.852458,25
1,64,1024,32,cpu,1,2.176625,1.740042,2.208292,25
1,4,2048,2048,cpu,1,775.015000,772.406000,775.446896,3
1,4,2048,2048,bidiag,1,408.651917,408.172834,409.363438,3
1,4,2048,2048,bidiag_vals,1,325.956250,325.925062,325.959125,3
1,4,2048,2048,cpu_vals,1,464.569166,453.367583,477.385771,3
1,4,2048,2048,band,1,319.653041,319.357708,320.160478,3
1,4,2048,2048,band8_vals,1,180.686417,180.294500,181.218833,5
1,4,2048,2048,band_vals,1,156.622917,155.537708,158.410500,5
1,4,2048,2048,band32_vals,1,220.654583,219.988916,221.280541,5
1,4,48,48,jacobi,1,0.777666,0.759000,1.257250,25
1,4,48,48,block,1,2.497458,2.487125,2.554208,25
1,4,48,48,gk,1,1.057125,1.054167,1.153125,25
1,4,48,48,gk_vals,1,0.871917,0.822208,0.894916,25
1,4,48,48,cpu_vals,1,0.071541,0.070875,0.072667,25
1,4,48,48,cpu,1,0.157375,0.154834,0.158792,25
1,64,64,16,jacobi,1,0.320292,0.317458,0.329041,25
1,64,64,16,qr,1,0.636292,0.620875,0.664834,25
1,64,64,16,gk,1,0.373917,0.370625,0.378166,25
1,64,64,16,gk_vals,1,0.287959,0.274250,0.290417,25
1,64,64,16,cpu_vals,1,0.171584,0.166208,0.195583,25
1,64,64,16,gk_share,1,0.471584,0.467834,0.476083,25
1,64,64,16,gk_share_vals,1,0.377208,0.375500,0.379750,25
1,64,64,16,cpu,1,0.259000,0.254167,0.265000,25
1,16,512,128,jacobi,1,13.784750,13.774812,13.804021,11
1,16,512,128,block,1,8.786854,8.643428,8.851635,18
1,16,512,128,qr,1,6.813063,6.706500,6.855656,22
1,16,512,128,qrblock,1,8.758521,8.687854,8.807781,18
1,16,512,128,cpu,1,3.624792,3.194084,3.688500,25
1,16,512,128,bidiag,1,47.582042,47.457333,47.605500,5
1,16,512,128,bidiag_vals,1,34.805250,34.676459,35.025250,5
1,16,512,128,cpu_vals,1,2.363958,2.026834,2.688625,25
1,4,32,16,jacobi,1,0.480625,0.461708,0.503041,25
1,4,32,16,qr,1,0.441708,0.431500,0.452417,25
1,4,32,16,gk,1,0.310292,0.296667,0.318833,25
1,4,32,16,gk_vals,1,0.253167,0.242375,0.261791,25
1,4,32,16,cpu_vals,1,0.029375,0.028125,0.030083,25
1,4,32,16,cpu,1,0.047666,0.047208,0.048000,25
1,256,48,48,jacobi,1,4.882708,4.876417,4.894875,25
1,256,48,48,block,1,7.861980,7.750791,8.037771,20
1,256,48,48,gk,1,2.344792,2.303375,2.349292,25
1,256,48,48,gk_vals,1,1.226667,1.214125,1.264916,25
1,256,48,48,cpu_vals,1,0.782875,0.763459,0.804292,25
1,256,48,48,gk_share,1,1.522458,1.509416,1.527625,25
1,256,48,48,gk_share_vals,1,1.095209,1.072625,1.111500,25
1,256,48,48,cpu,1,2.355042,2.328125,2.407042,25
1,1,1024,1024,jacobi,1,2875.496000,2875.253979,2875.647229,3
1,1,1024,1024,block,1,115.008792,114.992750,115.086708,5
1,1,1024,1024,cpu,1,77.522459,77.101959,77.692833,5
1,1,1024,1024,bidiag,1,33.661000,33.461250,33.817000,5
1,1,1024,1024,bidiag_vals,1,20.774000,20.738719,20.867750,8
1,1,1024,1024,cpu_vals,1,35.589375,35.561458,35.677958,5
1,1,1024,1024,band,1,27.694729,27.530250,27.919928,6
1,1,1024,1024,band8_vals,1,19.585396,19.356437,19.701771,8
1,1,1024,1024,band_vals,1,18.667709,18.583792,18.700709,9
1,1,1024,1024,band32_vals,1,27.447980,27.349177,27.525594,6
1,1,64,32,jacobi,1,0.455250,0.436583,0.473750,25
1,1,64,32,block,1,2.098708,2.041375,2.171125,25
1,1,64,32,qr,1,0.479958,0.470000,0.500291,25
1,1,64,32,qrblock,1,2.295125,2.188250,2.406708,25
1,1,64,32,gk,1,0.737500,0.682042,0.767166,25
1,1,64,32,gk_vals,1,0.517458,0.482208,0.556042,25
1,1,64,32,cpu_vals,1,0.026792,0.026625,0.026958,25
1,1,64,32,cpu,1,0.071458,0.071166,0.071709,25
1,4,1024,64,jacobi,1,4.575125,4.571334,4.585750,25
1,4,1024,64,block,1,5.502208,5.383917,5.550167,25
1,4,1024,64,qr,1,2.120791,2.080458,2.129625,25
1,4,1024,64,qrblock,1,3.642125,3.622125,3.658875,25
1,4,1024,64,gk,1,3.212416,3.187542,3.223917,25
1,4,1024,64,gk_vals,1,2.492292,2.478208,2.523958,25
1,4,1024,64,cpu_vals,1,0.564041,0.553375,0.577541,25
1,4,1024,64,cpu,1,1.124916,1.107875,1.132917,25
1,4,1024,1024,jacobi,1,4010.816125,4010.202000,4012.823125,3
1,4,1024,1024,block,1,294.858167,294.560334,295.044041,5
1,4,1024,1024,cpu,1,93.035916,92.864417,93.514459,5
1,4,1024,1024,bidiag,1,103.589541,103.115916,103.809709,5
1,4,1024,1024,bidiag_vals,1,76.534125,76.497334,76.635583,5
1,4,1024,1024,cpu_vals,1,41.555209,40.150333,43.528792,5
1,4,1024,1024,band,1,113.471708,113.099917,114.636667,5
1,4,1024,1024,band8_vals,1,57.664750,57.295334,57.678500,5
1,4,1024,1024,band_vals,1,58.850292,58.372917,58.858833,5
1,4,1024,1024,band32_vals,1,89.296250,88.897542,89.305667,5
1,1,768,768,jacobi,1,1016.474417,1016.400208,1016.511708,3
1,1,768,768,block,1,65.102583,65.096875,65.156542,5
1,1,768,768,cpu,1,33.430750,33.330792,33.658042,5
1,1,768,768,bidiag,1,22.166125,22.043750,22.402938,7
1,1,768,768,bidiag_vals,1,15.402980,15.388896,15.439240,10
1,1,768,768,cpu_vals,1,16.048709,15.999073,16.262344,10
1,1,768,768,band,1,19.129146,18.678729,19.217792,8
1,1,768,768,band8_vals,1,14.791750,14.456125,14.907687,11
1,1,768,768,band_vals,1,14.935125,14.904166,15.032167,11
1,1,768,768,band32_vals,1,21.139604,21.042917,21.181458,8
1,256,24,24,jacobi,1,1.196500,1.147833,1.248542,25
1,256,24,24,gk,1,0.611958,0.609250,0.619875,25
1,256,24,24,gk_vals,1,0.380208,0.371666,0.384416,25
1,256,24,24,cpu_vals,1,0.385625,0.320042,0.598625,25
1,256,24,24,gk_share,1,0.689667,0.682750,0.705125,25
1,256,24,24,gk_share_vals,1,0.485750,0.483666,0.491583,25
1,256,24,24,cpu,1,0.750083,0.731375,0.784083,25
1,16,80,80,jacobi,1,1.801417,1.792667,1.806709,25
1,16,80,80,block,1,4.350500,4.294042,4.412292,25
1,16,80,80,gk,1,2.616042,2.611458,2.625250,25
1,16,80,80,gk_vals,1,1.911500,1.886208,1.923625,25
1,16,80,80,cpu_vals,1,0.349500,0.329125,0.506834,25
1,16,80,80,cpu,1,0.561792,0.558042,0.854084,25
1,256,32,32,jacobi,1,1.935417,1.922583,1.942875,25
1,256,32,32,block,1,3.014917,2.998000,3.066083,25
1,256,32,32,gk,1,0.963666,0.959500,0.967584,25
1,256,32,32,gk_vals,1,0.522083,0.518875,0.525208,25
1,256,32,32,cpu_vals,1,0.479000,0.431292,0.663041,25
1,256,32,32,gk_share,1,0.878250,0.873625,0.884417,25
1,256,32,32,gk_share_vals,1,0.600375,0.596708,0.708166,25
1,256,32,32,cpu,1,1.114625,1.091416,1.135208,25
1,16,512,16,jacobi,1,0.420917,0.390042,1.088167,25
1,16,512,16,qr,1,0.665167,0.650375,0.677041,25
1,16,512,16,gk,1,0.806500,0.784458,0.825417,25
1,16,512,16,gk_vals,1,0.439459,0.429208,0.628875,25
1,16,512,16,cpu_vals,1,0.154167,0.145208,0.204083,25
1,16,512,16,cpu,1,0.241041,0.232708,0.256292,25
1,4096,64,16,jacobi,1,6.148583,6.103709,6.161292,25
1,4096,64,16,qr,1,8.953459,8.849000,9.105542,17
1,4096,64,16,gk,1,4.547208,4.531291,4.584000,25
1,4096,64,16,gk_vals,1,1.927041,1.922750,1.936750,25
1,4096,64,16,cpu_vals,1,3.191000,3.163000,3.315958,25
1,4096,64,16,gk_share,1,3.926916,3.914791,3.950583,25
1,4096,64,16,gk_share_vals,1,2.033083,2.021834,2.058583,25
1,4096,64,16,cpu,1,7.856604,7.738781,7.887709,20
1,16,512,64,jacobi,1,2.259708,2.254208,2.266500,25
1,16,512,64,block,1,4.253250,4.194042,4.321000,25
1,16,512,64,qr,1,2.103334,2.083708,2.143750,25
1,16,512,64,qrblock,1,3.798042,3.763750,3.824084,25
1,16,512,64,gk,1,3.304500,3.282250,3.341875,25
1,16,512,64,gk_vals,1,2.426625,2.386958,2.464667,25
1,16,512,64,cpu_vals,1,0.579625,0.513125,0.649792,25
1,16,512,64,cpu,1,1.123292,1.013500,1.276875,25
1,4,256,64,jacobi,1,1.457583,1.455291,1.464042,25
1,4,256,64,block,1,3.112792,3.017416,3.128625,25
1,4,256,64,qr,1,1.368000,1.341583,1.388208,25
1,4,256,64,qrblock,1,2.932042,2.879417,2.970500,25
1,4,256,64,gk,1,2.380208,2.335333,2.387042,25
1,4,256,64,gk_vals,1,1.757541,1.723500,1.775458,25
1,4,256,64,cpu_vals,1,0.225375,0.224208,0.227417,25
1,4,256,64,cpu,1,0.451500,0.448958,0.455000,25
1,64,32,8,jacobi,1,0.381125,0.378792,0.392584,25
1,64,32,8,qr,1,0.485500,0.466542,0.506125,25
1,64,32,8,gk,1,0.249375,0.246042,0.251625,25
1,64,32,8,gk_vals,1,0.211458,0.199084,0.215042,25
1,64,32,8,cpu_vals,1,0.187875,0.121292,0.242000,25
1,64,32,8,gk_share,1,0.343750,0.342666,0.345875,25
1,64,32,8,gk_share_vals,1,0.304750,0.300833,0.306125,25
1,64,32,8,cpu,1,0.170792,0.146333,0.260125,25
1,64,64,64,jacobi,1,2.795459,2.775250,2.807292,25
1,64,64,64,block,1,3.904625,3.800125,3.972250,25
1,64,64,64,gk,1,1.946625,1.942292,1.958375,25
1,64,64,64,gk_vals,1,1.361084,1.327084,1.393209,25
1,64,64,64,cpu_vals,1,0.457375,0.415375,0.554708,25
1,64,64,64,gk_share,1,2.057500,2.025209,2.092417,25
1,64,64,64,gk_share_vals,1,1.471250,1.426167,1.475916,25
1,64,64,64,cpu,1,1.027375,1.024917,1.040166,25
1,1,384,384,jacobi,1,106.437458,106.418375,106.473833,5
1,1,384,384,block,1,22.199667,22.163062,22.223063,7
1,1,384,384,cpu,1,7.491605,7.287969,7.855416,20
1,1,384,384,bidiag,1,9.426751,9.353417,9.509177,16
1,1,384,384,bidiag_vals,1,5.984833,5.968750,6.074333,25
1,1,384,384,cpu_vals,1,3.585917,3.580500,3.595416,25
1,1024,128,128,jacobi,1,485.688209,485.249396,486.268104,3
1,1024,128,128,block,1,188.723584,188.514458,188.799750,5
1,1024,128,128,cpu,1,77.636584,76.691792,77.685292,5
1,1,256,256,jacobi,1,33.070125,33.001875,33.076791,5
1,1,256,256,block,1,13.118562,12.952093,13.225073,12
1,1,256,256,cpu,1,3.914708,3.819666,3.959000,25
1,1,256,256,bidiag,1,5.634208,5.552500,5.665042,25
1,1,256,256,bidiag_vals,1,3.710791,3.707042,3.718250,25
1,1,256,256,cpu_vals,1,1.721375,1.718667,1.727166,25
1,256,128,32,jacobi,1,2.691875,2.679333,2.705166,25
1,256,128,32,block,1,3.629375,3.568917,3.666083,25
1,256,128,32,qr,1,2.898875,2.883667,3.031375,25
1,256,128,32,qrblock,1,3.861291,3.793041,4.904375,25
1,256,128,32,gk,1,2.263833,2.240750,2.275333,25
1,256,128,32,gk_vals,1,1.352042,1.300334,1.385000,25
1,256,128,32,cpu_vals,1,0.717542,0.702708,0.838334,25
1,256,128,32,gk_share,1,1.760125,1.734083,1.772417,25
1,256,128,32,gk_share_vals,1,1.149334,1.113708,1.166875,25
1,256,128,32,cpu,1,1.750416,1.712875,2.291708,25
1,4,64,16,jacobi,1,0.507458,0.497958,0.515208,25
1,4,64,16,qr,1,0.448291,0.440166,0.454458,25
1,4,64,16,gk,1,0.353208,0.349334,0.358917,25
1,4,64,16,gk_vals,1,0.284500,0.273625,0.290500,25
1,4,64,16,cpu_vals,1,0.042459,0.041875,0.043584,25
1,4,64,16,cpu,1,0.063333,0.061458,0.065291,25
1,1,40,40,jacobi,1,0.518625,0.513750,0.584916,25
1,1,40,40,block,1,2.501375,2.454125,2.570417,25
1,1,40,40,gk,1,0.821875,0.778250,0.862958,25
1,1,40,40,gk_vals,1,0.716792,0.678459,0.722583,25
1,1,40,40,cpu_vals,1,0.027167,0.027125,0.027375,25
1,1,40,40,cpu,1,0.086083,0.085833,0.086542,25
1,4096,16,16,jacobi,1,5.086417,5.063208,5.095583,25
1,4096,16,16,gk,1,2.419042,2.415417,2.425083,25
1,4096,16,16,gk_vals,1,1.273041,1.266167,1.303834,25
1,4096,16,16,cpu_vals,1,1.839458,1.711084,2.413750,25
1,4096,16,16,gk_share,1,3.108709,3.029125,3.736458,25
1,4096,16,16,gk_share_vals,1,1.683459,1.618500,1.693875,25
1,4096,16,16,cpu,1,4.649625,4.425083,4.752334,25
1,16,32,8,jacobi,1,0.323584,0.315125,0.335875,25
1,16,32,8,qr,1,0.443083,0.433916,0.452125,25
1,16,32,8,gk,1,0.236500,0.231708,0.267333,25
1,16,32,8,gk_vals,1,0.203917,0.196709,0.209834,25
1,16,32,8,cpu_vals,1,0.066291,0.063125,0.068958,25
1,16,32,8,cpu,1,0.076000,0.070542,0.086292,25
1,4,128,32,jacobi,1,0.380500,0.377375,1.181708,25
1,4,128,32,block,1,2.071750,2.004458,2.089708,25
1,4,128,32,qr,1,0.552125,0.549291,0.557708,25
1,4,128,32,qrblock,1,1.996750,1.976959,2.041208,25
1,4,128,32,gk,1,0.829791,0.740208,0.836291,25
1,4,128,32,gk_vals,1,0.528834,0.516042,0.542667,25
1,4,128,32,cpu_vals,1,0.068375,0.067875,0.068833,25
1,4,128,32,cpu,1,0.121250,0.119333,0.124958,25
1,256,1024,64,jacobi,1,154.780833,154.582000,155.240166,5
1,256,1024,64,block,1,32.185792,32.185584,32.706500,5
1,256,1024,64,qr,1,31.954209,31.739709,32.293166,5
1,256,1024,64,qrblock,1,31.130666,31.093750,31.667584,5
1,256,1024,64,gk,1,28.828312,28.636468,29.014625,6
1,256,1024,64,gk_vals,1,20.327625,20.104541,21.191792,8
1,256,1024,64,cpu_vals,1,9.297708,9.193916,9.459166,17
1,256,1024,64,gk_share,1,26.413521,26.302396,26.491709,6
1,256,1024,64,gk_share_vals,1,17.491750,17.175000,17.517208,9
1,256,1024,64,cpu,1,19.225542,19.069802,19.448584,8
1,1,32,32,jacobi,1,0.468791,0.361417,1.019292,25
1,1,32,32,block,1,2.355291,2.304125,2.422583,25
1,1,32,32,gk,1,0.715708,0.697125,0.721916,25
1,1,32,32,gk_vals,1,0.488125,0.463792,0.536875,25
1,1,32,32,cpu_vals,1,0.019500,0.019375,0.019750,25
1,1,32,32,cpu,1,0.060958,0.060708,0.061417,25
1,256,32,16,jacobi,1,0.598125,0.576375,1.346708,25
1,256,32,16,qr,1,1.007417,0.991500,1.071916,25
1,256,32,16,gk,1,0.431375,0.427709,0.433375,25
1,256,32,16,gk_vals,1,0.306750,0.303500,0.311583,25
1,256,32,16,cpu_vals,1,0.249958,0.247416,0.259042,25
1,256,32,16,gk_share,1,0.539125,0.536042,0.548250,25
1,256,32,16,gk_share_vals,1,0.400000,0.396583,0.405333,25
1,256,32,16,cpu,1,0.545334,0.528083,0.570541,25
1,4,2048,128,jacobi,1,42.290166,42.288458,42.348791,5
1,4,2048,128,block,1,14.214291,14.133146,14.243521,11
1,4,2048,128,qr,1,8.480166,7.823698,8.677719,18
1,4,2048,128,qrblock,1,9.374334,9.227417,9.508375,17
1,4,2048,128,cpu,1,4.237333,4.100666,4.294125,25
1,4,2048,128,bidiag,1,20.678270,20.579760,20.759052,8
1,4,2048,128,bidiag_vals,1,17.115333,16.964167,17.183167,9
1,4,2048,128,cpu_vals,1,2.523167,2.471916,2.550375,25
1,16,64,32,jacobi,1,1.108541,1.084792,1.146833,25
1,16,64,32,block,1,2.078750,2.048666,2.146250,25
1,16,64,32,qr,1,0.635209,0.627792,0.646625,25
1,16,64,32,qrblock,1,2.251542,2.239916,2.284417,25
1,16,64,32,gk,1,0.850959,0.796792,0.854833,25
1,16,64,32,gk_vals,1,0.538333,0.533958,0.539958,25
1,16,64,32,cpu_vals,1,0.159209,0.140166,0.263042,25
1,16,64,32,cpu,1,0.227500,0.221792,0.235667,25
1,16,128,32,jacobi,1,0.729792,0.627167,0.756333,25
1,16,128,32,block,1,2.062083,2.008125,2.099750,25
1,16,128,32,qr,1,0.679375,0.676875,0.689292,25
1,16,128,32,qrblock,1,2.103583,2.047583,2.149375,25
1,16,128,32,gk,1,0.885583,0.835000,0.888416,25
1,16,128,32,gk_vals,1,0.549625,0.547709,0.553000,25
1,16,128,32,cpu_vals,1,0.177541,0.171292,0.196292,25
1,16,128,32,cpu,1,0.262333,0.256542,0.265708,25
1,1,56,56,jacobi,1,0.875459,0.840000,1.421625,25
1,1,56,56,block,1,2.558625,2.502750,2.610542,25
1,1,56,56,gk,1,1.311416,1.271042,1.320667,25
1,1,56,56,gk_vals,1,1.039458,1.025000,1.079042,25
1,1,56,56,cpu_vals,1,0.049042,0.048958,0.049250,25
1,1,56,56,cpu,1,0.134291,0.132625,0.137958,25
1,4,256,32,jacobi,1,0.452666,0.441833,0.556250,25
1,4,256,32,block,1,2.203666,2.153667,2.252958,25
1,4,256,32,qr,1,0.589083,0.585375,0.594167,25
1,4,256,32,qrblock,1,2.022334,1.983167,2.087875,25
1,4,256,32,gk,1,1.093125,1.046083,1.148500,25
1,4,256,32,gk_vals,1,0.647958,0.641208,0.653583,25
1,4,256,32,cpu_vals,1,0.089166,0.088083,0.091042,25
1,4,256,32,cpu,1,0.159417,0.158083,0.162917,25
1,256,128,64,jacobi,1,12.332417,12.240511,12.561135,12
1,256,128,64,block,1,9.265292,9.191375,9.343209,17
1,256,128,64,qr,1,14.292000,13.988313,14.684083,11
1,256,128,64,qrblock,1,12.010000,11.962333,12.096667,13
1,256,128,64,gk,1,9.717605,9.560459,9.858708,16
1,256,128,64,gk_vals,1,5.642917,5.574167,5.732208,25
1,256,128,64,cpu_vals,1,2.336042,2.236375,2.698375,25
1,256,128,64,gk_share,1,8.253375,8.058125,8.431145,19
1,256,128,64,gk_share_vals,1,4.878750,4.706000,5.073708,25
1,256,128,64,cpu,1,5.847500,5.544792,5.984166,25
1,4,32,32,jacobi,1,0.355834,0.344750,1.048542,25
1,4,32,32,block,1,2.013041,1.967750,2.057000,25
1,4,32,32,gk,1,0.745708,0.698917,0.755375,25
1,4,32,32,gk_vals,1,0.494000,0.482292,0.523209,25
1,4,32,32,cpu_vals,1,0.050417,0.049250,0.051709,25
1,4,32,32,cpu,1,0.090667,0.089625,0.092958,25
1,256,1024,256,jacobi,1,3490.956208,3488.723500,3491.747583,3
1,256,1024,256,block,1,643.997667,643.820792,644.437917,3
1,256,1024,256,qr,1,1094.930917,1093.355041,1100.432521,3
1,256,1024,256,qrblock,1,398.672500,397.357916,399.057125,3
1,256,1024,256,cpu,1,160.298250,159.469042,161.670125,5
1,1024,128,8,jacobi,1,0.995041,0.966417,1.550666,25
1,1024,128,8,qr,1,1.630000,1.503625,2.175250,25
1,1024,128,8,gk,1,0.987459,0.954417,0.997250,25
1,1024,128,8,gk_vals,1,0.415375,0.409125,0.418125,25
1,1024,128,8,cpu_vals,1,0.737750,0.694167,0.813416,25
1,1024,128,8,gk_share,1,0.842083,0.822000,0.860042,25
1,1024,128,8,gk_share_vals,1,0.594708,0.591916,0.599958,25
1,1024,128,8,cpu,1,0.873958,0.867167,1.454042,25
1,1,1024,32,jacobi,1,0.961750,0.911667,1.195041,25
1,1,1024,32,block,1,4.195084,4.101750,4.232500,25
1,1,1024,32,qr,1,0.677833,0.669792,0.681000,25
1,1,1024,32,qrblock,1,2.119000,2.065500,2.325875,25
1,1,1024,32,gk,1,1.173584,1.111584,1.211125,25
1,1,1024,32,gk_vals,1,0.705792,0.701250,0.723875,25
1,1,1024,32,cpu_vals,1,0.110833,0.106750,0.111208,25
1,1,1024,32,cpu,1,0.224708,0.223292,0.228208,25
1,16,768,768,jacobi,1,3726.524375,3726.046938,3727.949167,3
1,16,768,768,block,1,527.174791,526.945770,527.595395,3
1,16,768,768,cpu,1,79.585375,79.042250,79.834208,5
1,16,768,768,bidiag,1,264.583292,264.070083,264.615458,5
1,16,768,768,bidiag_vals,1,195.252250,195.112209,195.358916,5
1,16,768,768,cpu_vals,1,49.465292,49.264458,50.066542,5
1,16,768,768,band,1,303.603417,302.435292,304.354646,3
1,16,768,768,band8_vals,1,144.035958,144.025000,144.607334,5
1,16,768,768,band_vals,1,151.301833,151.238666,151.315000,5
1,16,768,768,band32_vals,1,238.406417,238.339792,238.418417,5
1,16,1024,128,jacobi,1,37.873000,37.835250,37.938333,5
1,16,1024,128,block,1,13.120542,13.018802,13.175313,12
1,16,1024,128,qr,1,9.219666,8.987958,9.345542,17
1,16,1024,128,qrblock,1,10.937917,10.738459,10.999927,14
1,16,1024,128,cpu,1,4.998083,4.930833,5.048292,25
1,16,1024,128,bidiag,1,57.282750,57.249541,57.339083,5
1,16,1024,128,bidiag_vals,1,43.567417,42.744334,43.769791,5
1,16,1024,128,cpu_vals,1,2.968208,2.776792,3.269750,25
1,4,128,128,jacobi,1,4.544041,4.533792,4.551166,25
1,4,128,128,block,1,6.171458,6.033250,6.278083,25
1,4,128,128,cpu,1,1.367750,1.353375,1.447917,25
1,4,128,128,bidiag,1,9.361063,9.310062,9.412073,16
1,4,128,128,bidiag_vals,1,6.334208,6.265792,6.342313,24
1,4,128,128,cpu_vals,1,0.900417,0.890458,0.923041,25
1,4,16,16,jacobi,1,0.521375,0.497083,0.556667,25
1,4,16,16,gk,1,0.327042,0.320750,0.339375,25
1,4,16,16,gk_vals,1,0.254417,0.248458,0.264417,25
1,4,16,16,cpu_vals,1,0.023584,0.023333,0.023834,25
1,4,16,16,cpu,1,0.038667,0.038500,0.039459,25
1,1,1024,128,jacobi,1,19.460292,19.458510,19.468874,8
1,1,1024,128,block,1,8.739770,8.679281,8.804792,18
1,1,1024,128,qr,1,5.144959,5.138000,5.150084,25
1,1,1024,128,qrblock,1,6.397917,6.346000,6.441916,24
1,1,1024,128,cpu,1,2.153708,2.144125,2.169875,25
1,1,1024,128,bidiag,1,3.944083,3.932542,3.962917,25
1,1,1024,128,bidiag_vals,1,2.807708,2.804042,2.816833,25
1,1,1024,128,cpu_vals,1,1.152875,1.149167,1.157791,25
1,1,256,64,jacobi,1,1.360958,1.307417,1.400917,25
1,1,256,64,block,1,3.121250,3.070542,3.180916,25
1,1,256,64,qr,1,1.211125,1.157042,1.257000,25
1,1,256,64,qrblock,1,2.766250,2.734458,2.863209,25
1,1,256,64,gk,1,2.153875,2.150167,2.158667,25
1,1,256,64,gk_vals,1,1.555250,1.537500,1.595459,25
1,1,256,64,cpu_vals,1,0.127125,0.126042,0.127917,25
1,1,256,64,cpu,1,0.297958,0.296125,0.301208,25
1,4096,512,16,jacobi,1,45.313375,45.061000,45.403542,5
1,4096,512,16,qr,1,36.281625,36.244875,36.389542,5
1,4096,512,16,gk,1,34.328334,34.224458,34.433458,5
1,4096,512,16,gk_vals,1,20.517208,20.306469,20.807427,8
1,4096,512,16,cpu_vals,1,8.970416,8.884583,9.012459,17
1,4096,512,16,gk_share,1,23.126875,22.196521,23.498292,7
1,4096,512,16,gk_share_vals,1,11.216354,10.571959,11.475584,14
1,4096,512,16,cpu,1,19.033791,18.655990,19.910865,8
1,256,96,96,jacobi,1,45.835333,45.654334,45.850875,5
1,256,96,96,block,1,22.477083,22.390854,22.491312,7
1,256,96,96,cpu,1,10.993084,10.913437,11.071698,14
1,1024,16,8,jacobi,1,0.954917,0.895458,1.073292,25
1,1024,16,8,qr,1,0.938625,0.902833,0.994917,25
1,1024,16,8,gk,1,0.391166,0.389542,0.395750,25
1,1024,16,8,gk_vals,1,0.260542,0.257333,0.272250,25
1,1024,16,8,cpu_vals,1,0.395833,0.333208,0.576333,25
1,1024,16,8,gk_share,1,0.636833,0.619666,0.683292,25
1,1024,16,8,gk_share_vals,1,0.378209,0.373792,0.385792,25
1,1024,16,8,cpu,1,0.605875,0.553208,0.627125,25
1,4096,256,16,jacobi,1,14.921375,14.887354,15.090573,10
1,4096,256,16,qr,1,18.701583,18.569062,19.695479,8
1,4096,256,16,gk,1,12.781604,12.742562,12.852740,12
1,4096,256,16,gk_vals,1,5.065083,5.057291,5.074500,25
1,4096,256,16,cpu_vals,1,4.747417,4.715583,4.781708,25
1,4096,256,16,gk_share,1,8.530833,8.493938,8.592657,18
1,4096,256,16,gk_share_vals,1,3.321125,3.311542,3.329708,25
1,4096,256,16,cpu,1,12.055250,11.899292,12.155084,13
1,4,2048,64,jacobi,1,8.608583,8.603344,8.625105,18
1,4,2048,64,block,1,8.324604,8.223219,8.445479,18
1,4,2048,64,qr,1,3.433708,3.351750,3.489166,25
1,4,2048,64,qrblock,1,5.181208,5.049000,5.228042,25
1,4,2048,64,gk,1,4.491125,4.389584,4.564792,25
1,4,2048,64,gk_vals,1,3.616791,3.577708,3.690083,25
1,4,2048,64,cpu_vals,1,0.983000,0.966667,1.003666,25
1,4,2048,64,cpu,1,1.968083,1.943792,1.993250,25
1,4096,4,4,jacobi,1,1.107708,0.403042,1.122791,25
1,4096,4,4,gk,1,0.386500,0.383459,0.388250,25
1,4096,4,4,gk_vals,1,0.272583,0.266042,0.279584,25
1,4096,4,4,cpu_vals,1,0.590000,0.537542,0.611917,25
1,4096,4,4,gk_share,1,0.566417,0.558583,0.573167,25
1,4096,4,4,gk_share_vals,1,0.590542,0.553042,0.654708,25
1,4096,4,4,cpu,1,0.685083,0.678625,0.696875,25
1,1,512,16,jacobi,1,0.399083,0.349500,1.044667,25
1,1,512,16,qr,1,0.467166,0.462000,0.476542,25
1,1,512,16,gk,1,0.575375,0.563542,0.583625,25
1,1,512,16,gk_vals,1,0.297542,0.293791,0.300042,25
1,1,512,16,cpu_vals,1,0.035167,0.035125,0.035292,25
1,1,512,16,cpu,1,0.072416,0.071791,0.073000,25
1,256,512,256,jacobi,1,1728.328125,1727.284729,1729.795354,3
1,256,512,256,block,1,413.558000,413.209479,413.626896,3
1,256,512,256,qr,1,1071.225250,1070.724187,1074.438292,3
1,256,512,256,qrblock,1,350.161667,349.638896,350.438813,3
1,256,512,256,cpu,1,116.726917,115.211167,118.046250,5
1,4,128,8,jacobi,1,0.349250,0.342708,0.359958,25
1,4,128,8,qr,1,0.517333,0.423209,0.528000,25
1,4,128,8,gk,1,0.234334,0.229833,0.237292,25
1,4,128,8,gk_vals,1,0.203375,0.199959,0.246416,25
1,4,128,8,cpu_vals,1,0.018250,0.018042,0.020458,25
1,4,128,8,cpu,1,0.042709,0.041250,0.043959,25
1,64,256,16,jacobi,1,1.239208,0.462041,1.352583,25
1,64,256,16,qr,1,0.774917,0.764875,0.789583,25
1,64,256,16,gk,1,0.464333,0.459667,0.482375,25
1,64,256,16,gk_vals,1,0.303834,0.298458,0.310833,25
1,64,256,16,cpu_vals,1,0.198000,0.195167,0.202541,25
1,64,256,16,gk_share,1,0.564250,0.560916,0.572958,25
1,64,256,16,gk_share_vals,1,0.403000,0.400250,0.407750,25
1,64,256,16,cpu,1,0.326000,0.323375,0.335417,25
1,2,2048,2048,cpu,1,573.049666,572.213312,576.814354,3
1,2,2048,2048,bidiag,1,204.381917,204.351167,204.609709,5
1,2,2048,2048,bidiag_vals,1,163.928417,163.917416,164.051042,5
1,2,2048,2048,cpu_vals,1,275.916000,275.126000,276.020292,5
1,2,2048,2048,band,1,159.813250,159.418583,160.565625,5
1,2,2048,2048,band8_vals,1,102.327875,101.824458,102.871834,5
1,2,2048,2048,band_vals,1,87.987166,87.600292,89.526459,5
1,2,2048,2048,band32_vals,1,122.359625,122.223042,122.671250,5
1,16,64,64,jacobi,1,1.128792,1.079500,1.230875,25
1,16,64,64,block,1,2.954042,2.921125,2.997875,25
1,16,64,64,gk,1,1.793667,1.746917,1.800959,25
1,16,64,64,gk_vals,1,1.332500,1.315125,1.375709,25
1,16,64,64,cpu_vals,1,0.221083,0.216375,0.232833,25
1,16,64,64,cpu,1,0.406083,0.398209,0.475083,25
1,256,128,16,jacobi,1,0.922708,0.841667,0.934500,25
1,256,128,16,qr,1,1.225541,1.212417,1.243291,25
1,256,128,16,gk,1,0.728417,0.725250,0.734667,25
1,256,128,16,gk_vals,1,0.438500,0.433917,0.521500,25
1,256,128,16,cpu_vals,1,0.325459,0.308833,0.625541,25
1,256,128,16,gk_share,1,0.635333,0.630416,0.639292,25
1,256,128,16,gk_share_vals,1,0.430375,0.426125,0.434125,25
1,256,128,16,cpu,1,0.706750,0.685292,0.726291,25
1,16,512,32,jacobi,1,0.689042,0.668333,1.135917,25
1,16,512,32,block,1,2.890709,2.867416,2.915000,25
1,16,512,32,qr,1,0.931375,0.916208,0.943750,25
1,16,512,32,qrblock,1,2.380917,2.358000,2.405250,25
1,16,512,32,gk,1,1.477334,1.411000,1.498916,25
1,16,512,32,gk_vals,1,0.862292,0.844666,0.894209,25
1,16,512,32,cpu_vals,1,0.253917,0.226542,0.612458,25
1,16,512,32,cpu,1,0.406167,0.375875,0.470542,25
1,4,24,24,jacobi,1,0.772875,0.725208,0.804625,25
1,4,24,24,gk,1,0.502208,0.492125,0.512667,25
1,4,24,24,gk_vals,1,0.357208,0.351292,0.370917,25
1,4,24,24,cpu_vals,1,0.032500,0.031208,0.034000,25
1,4,24,24,cpu,1,0.062917,0.062417,0.063917,25
1,1024,512,128,jacobi,1,1257.998375,1256.551979,1258.617688,3
1,1024,512,128,block,1,327.791417,326.718126,328.173396,3
1,1024,512,128,qr,1,518.045750,512.765875,519.609729,3
1,1024,512,128,qrblock,1,237.635000,237.320917,240.202084,5
1,1024,512,128,cpu,1,159.456667,156.510292,163.608916,5
1,1024,1024,64,jacobi,1,621.869583,621.460854,621.887375,3
1,1024,1024,64,block,1,120.384209,120.287666,121.520500,5
1,1024,1024,64,qr,1,99.277458,98.851250,100.564500,5
1,1024,1024,64,qrblock,1,89.470042,88.898333,89.908750,5
1,1024,1024,64,gk,1,86.073833,86.061166,86.106625,5
1,1024,1024,64,gk_vals,1,47.063167,47.023041,47.225209,5
1,1024,1024,64,cpu_vals,1,33.897292,33.319084,33.920625,5
1,1024,1024,64,gk_share,1,70.050208,69.762958,71.732083,5
1,1024,1024,64,gk_share_vals,1,46.827042,43.224583,48.079000,5
1,1024,1024,64,cpu,1,68.772333,68.653500,69.505125,5
1,256,512,64,jacobi,1,34.887541,34.468791,35.040083,5
1,256,512,64,block,1,19.664541,19.578313,19.852709,8
1,256,512,64,qr,1,21.759167,21.644020,21.830396,7
1,256,512,64,qrblock,1,19.748209,19.720208,19.796531,8
1,256,512,64,gk,1,18.083208,17.983125,18.095667,9
1,256,512,64,gk_vals,1,12.056041,12.012666,12.227625,13
1,256,512,64,cpu_vals,1,5.662083,5.554000,5.738375,25
1,256,512,64,gk_share,1,16.092958,15.912417,16.290219,10
1,256,512,64,gk_share_vals,1,10.205208,10.067792,10.255334,15
1,256,512,64,cpu,1,11.433646,11.366573,11.720594,14
1,16,4,4,jacobi,1,0.264042,0.252167,0.270500,25
1,16,4,4,gk,1,0.288417,0.221125,0.300375,25
1,16,4,4,gk_vals,1,0.186958,0.175875,0.196250,25
1,16,4,4,cpu_vals,1,0.029334,0.028500,0.030958,25
1,16,4,4,cpu,1,0.042000,0.041750,0.043042,25
1,16,1024,1024,jacobi,1,9182.882791,9181.756750,9183.198874,3
1,16,1024,1024,block,1,1224.127000,1224.063395,1224.455583,3
1,16,1024,1024,cpu,1,304.146125,303.191646,306.084563,3
1,16,1024,1024,bidiag,1,406.979542,406.260896,407.115687,3
1,16,1024,1024,bidiag_vals,1,299.785959,299.733917,299.922167,3
1,16,1024,1024,cpu_vals,1,221.772875,221.084542,222.521375,5
1,16,1024,1024,band,1,461.741875,459.880604,462.136395,3
1,16,1024,1024,band8_vals,1,208.975958,208.926167,209.177250,5
1,16,1024,1024,band_vals,1,217.056750,216.921875,217.067333,5
1,16,1024,1024,band32_vals,1,335.906959,335.895250,335.996813,3
1,4,4,4,jacobi,1,0.238666,0.227583,0.253750,25
1,4,4,4,gk,1,0.279584,0.269500,0.289167,25
1,4,4,4,gk_vals,1,0.163875,0.155792,0.175083,25
1,4,4,4,cpu_vals,1,0.019292,0.018292,0.019708,25
1,4,4,4,cpu,1,0.024750,0.024166,0.025292,25
1,64,512,256,jacobi,1,442.262791,442.087354,443.395375,3
1,64,512,256,block,1,102.186459,102.179666,102.315792,5
1,64,512,256,qr,1,279.598250,278.815500,280.552666,5
1,64,512,256,qrblock,1,84.165375,84.071250,84.236833,5
1,64,512,256,cpu,1,31.110333,30.911042,31.215208,5
1,64,512,256,bidiag,1,424.088125,423.602521,424.847105,3
1,64,512,256,bidiag_vals,1,309.711958,309.049645,310.201312,3
1,64,512,256,cpu_vals,1,14.894979,14.664468,15.912052,10
1,1,128,32,jacobi,1,0.529583,0.388708,1.163833,25
1,1,128,32,block,1,2.103625,2.024834,2.183709,25
1,1,128,32,qr,1,0.531083,0.519083,0.540417,25
1,1,128,32,qrblock,1,2.304584,2.221708,2.413834,25
1,1,128,32,gk,1,0.822208,0.755167,0.830875,25
1,1,128,32,gk_vals,1,0.541750,0.528458,0.549667,25
1,1,128,32,cpu_vals,1,0.032167,0.031958,0.033125,25
1,1,128,32,cpu,1,0.090458,0.089292,0.092917,25
1,1,80,80,jacobi,1,1.545542,1.533750,1.590250,25
1,1,80,80,block,1,3.977625,3.893208,4.055042,25
1,1,80,80,gk,1,2.450708,2.446333,2.454333,25
1,1,80,80,gk_vals,1,1.828625,1.808500,1.842708,25
1,1,80,80,cpu_vals,1,0.194959,0.193750,0.196000,25
1,1,80,80,cpu,1,0.361375,0.356666,0.365375,25
1,16,1024,64,jacobi,1,5.181458,5.167834,5.210333,25
1,16,1024,64,block,1,6.407792,6.243417,6.513823,24
1,16,1024,64,qr,1,3.377958,3.328834,3.481583,25
1,16,1024,64,qrblock,1,5.074750,4.964125,5.238458,25
1,16,1024,64,gk,1,4.488083,4.461666,4.588125,25
1,16,1024,64,gk_vals,1,3.116583,3.008041,3.567875,25
1,16,1024,64,cpu_vals,1,0.963209,0.816625,1.438041,25
1,16,1024,64,cpu,1,1.715542,1.667708,2.181666,25
1,64,2048,256,jacobi,1,2418.349250,2416.635270,2419.041688,3
1,64,2048,256,block,1,278.203042,278.132458,278.525292,5
1,64,2048,256,qr,1,311.630500,311.165145,312.030916,3
1,64,2048,256,qrblock,1,137.092500,136.858041,137.235917,5
1,64,2048,256,cpu,1,70.464958,70.174333,70.521917,5
1,64,2048,256,bidiag,1,664.487292,664.348084,666.340542,3
1,64,2048,256,bidiag_vals,1,555.031625,552.556667,556.817063,3
1,64,2048,256,cpu_vals,1,30.764458,30.393208,30.825292,5
1,256,192,192,jacobi,1,415.813375,414.206354,416.568959,3
1,256,192,192,block,1,147.528208,147.477709,147.921875,5
1,256,192,192,cpu,1,37.300000,37.177625,37.645625,5
1,256,192,192,bidiag,1,891.463791,891.013750,892.716271,3
1,256,192,192,bidiag_vals,1,620.526625,620.071416,620.678521,3
1,256,192,192,cpu_vals,1,18.425333,18.365833,18.494375,9
1,64,64,8,jacobi,1,0.405000,0.399333,0.413583,25
1,64,64,8,qr,1,0.495334,0.483083,0.554250,25
1,64,64,8,gk,1,0.246000,0.243459,0.248583,25
1,64,64,8,gk_vals,1,0.213375,0.210542,0.221166,25
1,64,64,8,cpu_vals,1,0.180375,0.143958,0.265542,25
1,64,64,8,gk_share,1,0.343208,0.338125,0.347791,25
1,64,64,8,gk_share_vals,1,0.302292,0.295375,0.306792,25
1,64,64,8,cpu,1,0.163000,0.154750,0.168666,25
1,4,256,128,jacobi,1,5.373833,5.368875,5.379125,25
1,4,256,128,block,1,5.849208,5.786708,5.903083,25
1,4,256,128,qr,1,4.752625,4.740500,4.759875,25
1,4,256,128,qrblock,1,6.071250,5.979125,6.247708,25
1,4,256,128,cpu,1,1.902583,1.883917,1.913167,25
1,4,256,128,bidiag,1,10.790541,10.750469,10.887135,14
1,4,256,128,bidiag_vals,1,7.508750,7.497094,7.520927,20
1,4,256,128,cpu_vals,1,1.099166,1.081000,1.110667,25
1,256,256,128,jacobi,1,122.219083,118.686750,122.508709,5
1,256,256,128,block,1,56.210292,55.952208,56.410042,5
1,256,256,128,qr,1,122.999417,122.825542,123.019917,5
1,256,256,128,qrblock,1,55.141667,55.024750,55.954042,5
1,256,256,128,cpu,1,32.503375,32.434417,33.220250,5
1,256,256,128,bidiag,1,685.188542,684.863729,685.666250,3
1,256,256,128,bidiag_vals,1,471.694833,471.249375,471.730375,3
1,256,256,128,cpu_vals,1,17.422541,17.261583,17.440917,9
1,256,512,16,jacobi,1,2.710125,2.654500,2.774292,25
1,256,512,16,qr,1,2.329041,2.276625,3.392375,25
1,256,512,16,gk,1,3.094625,2.217250,3.271458,25
1,256,512,16,gk_vals,1,1.840958,1.765458,2.047708,25
1,256,512,16,cpu_vals,1,0.776292,0.743167,1.278875,25
1,256,512,16,gk_share,1,2.145041,2.118208,2.883875,25
1,256,512,16,gk_share_vals,1,1.811750,1.357958,1.902542,25
1,256,512,16,cpu,1,1.973875,1.902042,2.004917,25
1,64,2048,128,jacobi,1,417.225917,417.182417,417.268042,3
1,64,2048,128,block,1,66.508417,66.496458,66.535917,5
1,64,2048,128,qr,1,57.926917,57.875000,58.220417,5
1,64,2048,128,qrblock,1,42.822375,42.516500,43.400250,5
1,64,2048,128,cpu,1,29.041354,28.885010,29.456136,6
1,64,2048,128,bidiag,1,325.310458,324.632375,325.484729,3
1,64,2048,128,bidiag_vals,1,267.063291,266.740584,267.084667,5
1,64,2048,128,cpu_vals,1,12.163000,12.092833,12.294791,13
1,4096,128,128,jacobi,1,1946.371667,1946.302187,1953.083062,3
1,4096,128,128,block,1,755.258083,754.163542,756.067479,3
1,4096,128,128,cpu,1,296.106667,295.158708,300.066125,3
1,4,1280,1280,cpu,1,125.766917,124.894542,128.345250,5
1,4,1280,1280,bidiag,1,152.810333,152.715208,152.946209,5
1,4,1280,1280,bidiag_vals,1,116.614625,116.510500,116.804292,5
1,4,1280,1280,cpu_vals,1,58.569750,57.672625,58.864417,5
1,4,1280,1280,band,1,152.418625,151.530416,152.614625,5
1,4,1280,1280,band8_vals,1,79.846333,79.777583,81.038792,5
1,4,1280,1280,band_vals,1,79.359500,79.333375,79.701667,5
1,4,1280,1280,band32_vals,1,118.675875,118.412500,119.014583,5
1,64,256,8,jacobi,1,0.508125,0.500792,0.518250,25
1,64,256,8,qr,1,0.631250,0.605500,0.819375,25
1,64,256,8,gk,1,0.296500,0.292500,0.300584,25
1,64,256,8,gk_vals,1,0.208250,0.200458,0.218583,25
1,64,256,8,cpu_vals,1,0.170583,0.166042,0.244625,25
1,64,256,8,gk_share,1,0.354958,0.350583,0.359750,25
1,64,256,8,gk_share_vals,1,0.304167,0.298917,0.315167,25
1,64,256,8,cpu,1,0.230875,0.224917,0.238000,25
1,4,80,80,jacobi,1,1.635250,1.624917,1.647875,25
1,4,80,80,block,1,3.974917,3.888000,4.076917,25
1,4,80,80,gk,1,2.483125,2.480000,2.489958,25
1,4,80,80,gk_vals,1,1.841458,1.823583,1.849000,25
1,4,80,80,cpu_vals,1,0.242875,0.242084,0.249125,25
1,4,80,80,cpu,1,0.427542,0.423417,0.430459,25
1,1,1024,64,jacobi,1,4.423875,4.419209,4.431167,25
1,1,1024,64,block,1,5.075542,4.999375,5.174625,25
1,1,1024,64,qr,1,1.422375,1.417958,1.518834,25
1,1,1024,64,qrblock,1,2.811500,2.778500,2.859584,25
1,1,1024,64,gk,1,2.481958,2.472541,2.489000,25
1,1,1024,64,gk_vals,1,1.875542,1.859792,1.920666,25
1,1,1024,64,cpu_vals,1,0.265500,0.264417,0.267708,25
1,1,1024,64,cpu,1,0.588750,0.583125,0.594416,25
1,4,16,8,jacobi,1,0.331000,0.312167,0.346917,25
1,4,16,8,qr,1,0.402916,0.388167,0.454708,25
1,4,16,8,gk,1,0.219292,0.205666,0.225959,25
1,4,16,8,gk_vals,1,0.225459,0.171208,0.241625,25
1,4,16,8,cpu_vals,1,0.019709,0.019458,0.023167,25
1,4,16,8,cpu,1,0.024417,0.023708,0.026000,25
1,1,1536,1536,cpu,1,176.801959,176.675292,177.272125,5
1,1,1536,1536,bidiag,1,66.828500,66.686958,67.181833,5
1,1,1536,1536,bidiag_vals,1,45.019916,44.955750,45.119750,5
1,1,1536,1536,cpu_vals,1,84.549208,84.499625,84.603959,5
1,1,1536,1536,band,1,49.909209,49.447125,50.096083,5
1,1,1536,1536,band8_vals,1,34.759792,34.269958,34.867834,5
1,1,1536,1536,band_vals,1,32.020417,31.920166,32.096250,5
1,1,1536,1536,band32_vals,1,44.422542,44.299833,44.439958,5
1,1024,64,32,jacobi,1,7.435708,7.366625,7.468041,21
1,1024,64,32,block,1,7.240875,7.178833,7.331125,21
1,1024,64,32,qr,1,8.933625,8.856458,9.347625,17
1,1024,64,32,qrblock,1,9.038542,8.890166,9.362334,17
1,1024,64,32,gk,1,4.262542,4.254083,4.273875,25
1,1024,64,32,gk_vals,1,2.348458,2.341375,2.361000,25
1,1024,64,32,cpu_vals,1,1.994000,1.958625,2.520958,25
1,1024,64,32,gk_share,1,3.718458,3.686459,3.744958,25
1,1024,64,32,gk_share_vals,1,1.748792,1.744167,1.759292,25
1,1024,64,32,cpu,1,5.918292,5.438417,6.025167,25
1,64,128,64,jacobi,1,3.193792,3.171291,3.202125,25
1,64,128,64,block,1,3.931750,3.855458,4.011125,25
1,64,128,64,qr,1,3.757208,3.689667,3.898250,25
1,64,128,64,qrblock,1,4.727000,4.614833,4.796166,25
1,64,128,64,gk,1,3.315958,3.261834,3.464666,25
1,64,128,64,gk_vals,1,2.346208,2.294292,2.445041,25
1,64,128,64,cpu_vals,1,0.724500,0.716667,0.732625,25
1,64,128,64,gk_share,1,3.303625,3.291750,3.350625,25
1,64,128,64,gk_share_vals,1,2.374292,2.311500,2.457292,25
1,64,128,64,cpu,1,1.609709,1.594958,1.616167,25
1,2,1280,1280,cpu,1,117.270167,113.671542,117.507542,5
1,2,1280,1280,bidiag,1,77.265334,76.664875,77.794625,5
1,2,1280,1280,bidiag_vals,1,59.573084,59.535042,59.612042,5
1,2,1280,1280,cpu_vals,1,58.096667,55.555708,58.212417,5
1,2,1280,1280,band,1,75.614541,74.144042,75.982791,5
1,2,1280,1280,band8_vals,1,44.170083,44.157708,44.222000,5
1,2,1280,1280,band_vals,1,43.494250,43.424375,44.168250,5
1,2,1280,1280,band32_vals,1,63.029209,63.002791,63.259750,5
1,256,1024,32,jacobi,1,34.800334,34.540417,34.803375,5
1,256,1024,32,block,1,13.176604,13.100490,13.334541,12
1,256,1024,32,qr,1,11.694896,10.305834,11.765052,14
1,256,1024,32,qrblock,1,11.454458,11.287334,11.532084,13
1,256,1024,32,gk,1,10.369417,10.132666,11.119833,15
1,256,1024,32,gk_vals,1,6.863188,6.606323,7.213803,22
1,256,1024,32,cpu_vals,1,3.187500,3.097667,3.398541,25
1,256,1024,32,gk_share,1,9.399833,9.382542,9.459823,16
1,256,1024,32,gk_share_vals,1,5.756541,5.598209,5.992750,25
1,256,1024,32,cpu,1,6.244020,6.075031,6.370677,24
1,256,512,128,jacobi,1,309.907584,309.150354,310.153292,3
1,256,512,128,block,1,82.354958,82.327000,82.457750,5
1,256,512,128,qr,1,132.344667,132.317583,132.484000,5
1,256,512,128,qrblock,1,67.611916,67.535625,67.646541,5
1,256,512,128,cpu,1,42.175292,41.676167,42.282000,5
1,256,512,128,bidiag,1,760.042833,759.986312,761.352229,3
1,256,512,128,bidiag_vals,1,553.288750,551.410437,553.316042,3
1,256,512,128,cpu_vals,1,21.620125,21.238625,21.740375,7
1,64,40,40,jacobi,1,1.232417,1.223500,1.278459,25
1,64,40,40,block,1,3.541084,3.482000,3.596708,25
1,64,40,40,gk,1,0.927417,0.882542,0.980500,25
1,64,40,40,gk_vals,1,0.735875,0.721917,0.740334,25
1,64,40,40,cpu_vals,1,0.235917,0.215791,0.243417,25
1,64,40,40,gk_share,1,1.074666,1.042625,1.081125,25
1,64,40,40,gk_share_vals,1,0.827166,0.793208,0.832042,25
1,64,40,40,cpu,1,0.550417,0.523667,0.575125,25
1,1024,2048,64,jacobi,1,1316.449208,1316.120396,1317.723062,3
1,1024,2048,64,block,1,230.221959,229.091292,232.623667,5
1,1024,2048,64,qr,1,166.138667,165.992167,173.264000,5
1,1024,2048,64,qrblock,1,154.437916,154.180917,154.729333,5
1,1024,2048,64,gk,1,148.959708,147.822459,151.289958,5
1,1024,2048,64,gk_vals,1,85.172750,83.942291,85.379375,5
1,1024,2048,64,cpu_vals,1,62.679208,62.664084,62.910125,5
1,1024,2048,64,gk_share,1,123.562792,122.812959,125.592250,5
1,1024,2048,64,gk_share_vals,1,78.335458,76.054792,80.209000,5
1,1024,2048,64,cpu,1,129.061042,127.676417,129.212959,5
1,64,128,8,jacobi,1,0.465958,0.455208,0.556583,25
1,64,128,8,qr,1,0.546292,0.532791,0.570250,25
1,64,128,8,gk,1,0.264041,0.251292,0.266750,25
1,64,128,8,gk_vals,1,0.213250,0.207792,0.215417,25
1,64,128,8,cpu_vals,1,0.153958,0.145041,0.164125,25
1,64,128,8,gk_share,1,0.352750,0.350167,0.358833,25
1,64,128,8,gk_share_vals,1,0.307459,0.304125,0.309542,25
1,64,128,8,cpu,1,0.190417,0.186625,0.193500,25
1,1,256,16,jacobi,1,0.695041,0.438584,0.731334,25
1,1,256,16,qr,1,0.455208,0.453333,0.461500,25
1,1,256,16,gk,1,0.361958,0.357083,0.372500,25
1,1,256,16,gk_vals,1,0.280333,0.270417,0.288833,25
1,1,256,16,cpu_vals,1,0.017416,0.017334,0.017500,25
1,1,256,16,cpu,1,0.054375,0.053875,0.055083,25
1,64,512,128,jacobi,1,81.416458,80.562875,81.730584,5
1,64,512,128,block,1,20.723813,20.662875,20.810761,8
1,64,512,128,qr,1,37.194417,36.711167,37.420333,5
1,64,512,128,qrblock,1,19.761416,19.671312,20.097458,8
1,64,512,128,cpu,1,11.835625,11.421063,13.902781,12
1,64,512,128,bidiag,1,190.848541,190.743458,191.515625,5
1,64,512,128,bidiag_vals,1,137.781375,137.719125,138.423083,5
1,64,512,128,cpu_vals,1,6.184917,5.804792,6.575500,21
1,1024,32,8,jacobi,1,0.514791,0.509000,1.500666,25
1,1024,32,8,qr,1,0.995917,0.989625,1.008500,25
1,1024,32,8,gk,1,0.474292,0.469667,0.478375,25
1,1024,32,8,gk_vals,1,0.301708,0.298500,0.309250,25
1,1024,32,8,cpu_vals,1,0.364458,0.348167,0.629416,25
1,1024,32,8,gk_share,1,0.649958,0.633959,0.666250,25
1,1024,32,8,gk_share_vals,1,0.545958,0.417083,0.591083,25
1,1024,32,8,cpu,1,0.675125,0.631166,0.683208,25
1,4096,24,24,jacobi,1,12.203833,12.162750,12.236708,13
1,4096,24,24,gk,1,5.703625,5.689584,5.710416,25
1,4096,24,24,gk_vals,1,2.374584,2.327125,2.392542,25
1,4096,24,24,cpu_vals,1,3.581375,3.260917,3.690417,25
1,4096,24,24,gk_share,1,5.979416,5.828208,6.050125,25
1,4096,24,24,gk_share_vals,1,2.134708,2.101833,2.152750,25
1,4096,24,24,cpu,1,9.472313,9.340052,9.885636,16
1,256,2048,64,jacobi,1,328.089083,328.058959,329.152625,3
1,256,2048,64,block,1,58.006500,57.882833,58.394084,5
1,256,2048,64,qr,1,53.145500,53.141958,53.267125,5
1,256,2048,64,qrblock,1,53.887875,53.250292,54.078166,5
1,256,2048,64,gk,1,53.616167,53.609583,54.169750,5
1,256,2048,64,gk_vals,1,39.281625,38.765917,40.261917,5
1,256,2048,64,cpu_vals,1,17.169125,16.974625,17.422417,9
1,256,2048,64,gk_share,1,46.807417,46.750042,47.674417,5
1,256,2048,64,gk_share_vals,1,28.642688,28.498864,29.038698,6
1,256,2048,64,cpu,1,35.921708,35.499417,36.433083,5
1,1024,2048,128,qr,1,747.770291,738.876354,749.969499,3
1,1024,2048,128,qrblock,1,463.866875,462.469417,465.871375,3
1,1024,2048,128,cpu,1,409.352875,408.420896,410.316916,3
1,64,16,8,jacobi,1,0.382750,0.375125,0.388417,25
1,64,16,8,qr,1,0.478125,0.460583,0.491375,25
1,64,16,8,gk,1,0.257291,0.254667,0.259375,25
1,64,16,8,gk_vals,1,0.208792,0.205125,0.211875,25
1,64,16,8,cpu_vals,1,0.185666,0.125250,0.232916,25
1,64,16,8,gk_share,1,0.335334,0.332292,0.337417,25
1,64,16,8,gk_share_vals,1,0.296833,0.294750,0.300875,25
1,64,16,8,cpu,1,0.160083,0.133458,0.271500,25
1,16,2048,128,jacobi,1,88.073166,88.040833,88.104125,5
1,16,2048,128,block,1,21.192146,21.081625,21.201906,8
1,16,2048,128,qr,1,13.511833,13.311729,14.169104,11
1,16,2048,128,qrblock,1,16.782875,15.172198,17.011666,10
1,16,2048,128,cpu,1,8.626020,8.371104,9.738020,16
1,16,2048,128,bidiag,1,80.665959,80.585875,80.753166,5
1,16,2048,128,bidiag_vals,1,66.700041,66.558625,66.769167,5
1,16,2048,128,cpu_vals,1,3.620875,3.588916,3.695875,25
1,4096,32,32,jacobi,1,22.996583,22.964562,23.059729,7
1,4096,32,32,block,1,22.387291,22.312229,22.420896,7
1,4096,32,32,gk,1,9.320708,9.278916,9.348208,17
1,4096,32,32,gk_vals,1,4.179625,4.175375,4.182875,25
1,4096,32,32,cpu_vals,1,5.261375,5.214625,5.347292,25
1,4096,32,32,gk_share,1,7.224167,7.159459,7.424791,21
1,4096,32,32,gk_share_vals,1,3.552667,3.294334,3.594875,25
1,4096,32,32,cpu,1,15.493146,15.067448,15.750958,10
1,256,16,8,jacobi,1,0.611000,0.594917,0.630291,25
1,256,16,8,qr,1,0.567709,0.555875,0.574500,25
1,256,16,8,gk,1,0.248083,0.245667,0.249458,25
1,256,16,8,gk_vals,1,0.187209,0.183625,0.198625,25
1,256,16,8,cpu_vals,1,0.173000,0.167834,0.184459,25
1,256,16,8,gk_share,1,0.383083,0.379084,0.388666,25
1,256,16,8,gk_share_vals,1,0.340375,0.333417,0.350334,25
1,256,16,8,cpu,1,0.230583,0.226542,0.236125,25
1,4,256,8,jacobi,1,0.446625,0.439417,0.476375,25
1,4,256,8,qr,1,0.428167,0.392500,0.539250,25
1,4,256,8,gk,1,0.227625,0.220333,0.238625,25
1,4,256,8,gk_vals,1,0.179042,0.175083,0.191000,25
1,4,256,8,cpu_vals,1,0.028500,0.028167,0.028708,25
1,4,256,8,cpu,1,0.048333,0.047166,0.050416,25
1,256,16,16,jacobi,1,0.574375,0.565541,0.936750,25
1,256,16,16,gk,1,0.391250,0.387667,0.392500,25
1,256,16,16,gk_vals,1,0.275792,0.266875,0.281750,25
1,256,16,16,cpu_vals,1,0.247083,0.224375,0.644375,25
1,256,16,16,gk_share,1,0.505000,0.501959,0.511834,25
1,256,16,16,gk_share_vals,1,0.399458,0.375042,0.404250,25
1,256,16,16,cpu,1,0.401459,0.398916,0.407084,25
