pass,batch,M,N,backend,ok,ms,p25,p75,reps
0,256,96,96,jacobi,1,47.914500,47.896791,47.924875,5
0,256,96,96,block,1,22.433958,22.284896,22.542938,7
0,256,96,96,cpu,1,10.929001,10.901937,11.085114,14
0,1,1024,1024,jacobi,1,2822.953208,2822.329813,2826.938645,3
0,1,1024,1024,block,1,115.409500,115.405250,115.426958,5
0,1,1024,1024,cpu,1,78.431833,78.040959,78.480958,5
0,1,1024,1024,bidiag,1,55.339792,55.251958,55.380500,5
0,1,1024,1024,bidiag_vals,1,23.024541,22.962333,23.059980,7
0,1,1024,1024,cpu_vals,1,35.577375,35.530334,35.587542,5
0,1,1024,1024,band_vals,1,27.820042,27.687458,27.930313,6
0,4,1024,1024,jacobi,1,4041.233458,4037.452708,4047.868521,3
0,4,1024,1024,block,1,312.773500,305.857459,313.776792,3
0,4,1024,1024,cpu,1,93.698208,93.171959,97.037041,5
0,4,1024,1024,bidiag,1,146.124958,144.952875,146.983833,5
0,4,1024,1024,bidiag_vals,1,85.014417,84.938000,85.152875,5
0,4,1024,1024,cpu_vals,1,40.815541,40.776458,42.086000,5
0,4,1024,1024,band_vals,1,91.130750,90.746000,91.204666,5
0,256,64,32,jacobi,1,2.438750,2.429208,2.465584,25
0,256,64,32,block,1,3.061833,3.013125,3.091583,25
0,256,64,32,qr,1,2.831417,2.788416,2.879666,25
0,256,64,32,qrblock,1,3.477792,3.445583,3.523125,25
0,256,64,32,gk,1,1.527375,1.491791,1.548958,25
0,256,64,32,gk_vals,1,0.988500,0.940917,1.004417,25
0,256,64,32,cpu_vals,1,0.609417,0.584500,0.644959,25
0,256,64,32,gk_share,1,1.035833,1.026917,1.066042,25
0,256,64,32,gk_share_vals,1,0.664875,0.659458,0.676458,25
0,256,64,32,cpu,1,1.543375,1.515792,1.588834,25
0,1024,56,56,jacobi,1,29.366667,29.094199,29.876635,6
0,1024,56,56,block,1,28.802146,28.757073,28.946968,6
0,1024,56,56,gk,1,12.736312,12.436792,12.917635,12
0,1024,56,56,gk_vals,1,5.008125,4.967208,5.043625,25
0,1024,56,56,cpu_vals,1,3.788000,3.712166,4.111417,25
0,1024,56,56,gk_share,1,7.208084,7.091250,7.329834,21
0,1024,56,56,gk_share_vals,1,2.927542,2.886292,3.176583,25
0,1024,56,56,cpu,1,11.444312,11.230979,11.621437,14
0,4096,1024,32,jacobi,0,0,0,0,0
0,4096,1024,32,block,0,0,0,0,0
0,4096,1024,32,qr,0,0,0,0,0
0,4096,1024,32,qrblock,0,0,0,0,0
0,4096,1024,32,gk,0,0,0,0,0
0,4096,1024,32,gk_vals,0,0,0,0,0
0,4096,1024,32,cpu_vals,0,0,0,0,0
0,4096,1024,32,gk_share,0,0,0,0,0
0,4096,1024,32,gk_share_vals,0,0,0,0,0
0,4096,1024,32,cpu,0,0,0,0,0
0,16,1024,256,jacobi,1,175.842834,175.486583,175.905416,5
0,16,1024,256,block,1,38.174333,38.040167,38.185792,5
0,16,1024,256,qr,1,66.085667,66.073625,66.562250,5
0,16,1024,256,qrblock,1,29.376896,28.578135,29.438437,6
0,16,1024,256,cpu,1,15.754375,13.429479,16.284834,11
0,16,1024,256,bidiag,1,124.956708,124.247500,125.102083,5
0,16,1024,256,bidiag_vals,1,107.348542,107.347459,107.751833,5
0,16,1024,256,cpu_vals,1,7.652375,7.214500,7.935083,21
0,64,64,8,jacobi,1,0.410417,0.395417,0.422375,25
0,64,64,8,qr,1,0.659792,0.539292,0.739958,25
0,64,64,8,gk,1,0.246666,0.245334,0.249625,25
0,64,64,8,gk_vals,1,0.213000,0.208625,0.216750,25
0,64,64,8,cpu_vals,1,0.239458,0.133291,0.266875,25
0,64,64,8,gk_share,1,0.347417,0.344625,0.350750,25
0,64,64,8,gk_share_vals,1,0.309208,0.307416,0.310834,25
0,64,64,8,cpu,1,0.155666,0.154000,0.166792,25
0,16,768,768,jacobi,1,3703.375333,3697.206208,3707.130917,3
0,16,768,768,block,1,531.419250,530.946500,531.452459,3
0,16,768,768,cpu,1,80.067875,79.951959,80.767334,5
0,16,768,768,bidiag,1,278.643916,278.592542,278.773000,5
0,16,768,768,bidiag_vals,1,208.011833,207.925583,208.100250,5
0,16,768,768,cpu_vals,1,49.100000,48.037875,50.147958,5
0,16,768,768,band_vals,1,242.077709,242.023708,242.083416,5
0,4,512,16,jacobi,1,1.073500,0.404833,1.117791,25
0,4,512,16,qr,1,0.499416,0.491292,0.507500,25
0,4,512,16,gk,1,0.615875,0.610375,0.621375,25
0,4,512,16,gk_vals,1,0.341584,0.335167,0.345584,25
0,4,512,16,cpu_vals,1,0.069000,0.068083,0.070041,25
0,4,512,16,cpu,1,0.108375,0.106042,0.109459,25
0,256,256,256,jacobi,1,1113.834334,1112.883792,1120.966584,3
0,256,256,256,block,1,348.649375,348.464687,349.922604,3
0,256,256,256,cpu,1,78.767125,77.685041,79.496083,5
0,1024,48,48,jacobi,1,21.309875,21.074687,21.465427,8
0,1024,48,48,block,1,26.100876,25.865729,26.217396,6
0,1024,48,48,gk,1,7.206917,7.186875,7.226667,21
0,1024,48,48,gk_vals,1,3.262333,3.255916,3.275000,25
0,1024,48,48,cpu_vals,1,2.751833,2.637292,3.084833,25
0,1024,48,48,gk_share,1,5.202125,5.178792,5.217459,25
0,1024,48,48,gk_share_vals,1,2.223417,2.211959,2.237666,25
0,1024,48,48,cpu,1,9.015542,8.924042,9.029083,17
0,256,1024,128,jacobi,1,714.110167,713.267812,714.651792,3
0,256,1024,128,block,1,137.129375,137.108625,137.130875,5
0,256,1024,128,qr,1,158.592292,158.575667,161.918042,5
0,256,1024,128,qrblock,1,101.321375,101.064250,101.666250,5
0,256,1024,128,cpu,1,62.907167,62.524542,62.976958,5
0,256,1024,128,bidiag,1,859.546209,858.748438,861.819146,3
0,256,1024,128,bidiag_vals,1,690.281000,690.228521,690.498542,3
0,256,1024,128,cpu_vals,1,28.443125,28.312770,28.578604,6
0,64,128,64,jacobi,1,3.513500,3.503250,3.521750,25
0,64,128,64,block,1,3.949875,3.807708,4.031500,25
0,64,128,64,qr,1,4.069750,4.053333,4.080500,25
0,64,128,64,qrblock,1,4.587291,4.546125,4.731083,25
0,64,128,64,gk,1,3.293792,3.252083,3.450709,25
0,64,128,64,gk_vals,1,2.353791,2.295833,2.501667,25
0,64,128,64,cpu_vals,1,0.713709,0.697500,0.723333,25
0,64,128,64,gk_share,1,3.292291,3.282375,3.321333,25
0,64,128,64,gk_share_vals,1,2.341000,2.304000,2.589833,25
0,64,128,64,cpu,1,1.607167,1.598916,1.627250,25
0,4,16,8,jacobi,1,0.317125,0.278834,0.324334,25
0,4,16,8,qr,1,0.438666,0.391375,0.452083,25
0,4,16,8,gk,1,0.213959,0.203708,0.243250,25
0,4,16,8,gk_vals,1,0.202334,0.171209,0.227250,25
0,4,16,8,cpu_vals,1,0.019916,0.018916,0.021708,25
0,4,16,8,cpu,1,0.025709,0.024208,0.026542,25
0,1,128,8,jacobi,1,0.340333,0.332833,0.357417,25
0,1,128,8,qr,1,0.398000,0.382500,0.462833,25
0,1,128,8,gk,1,0.261041,0.252042,0.265125,25
0,1,128,8,gk_vals,1,0.235250,0.216125,0.260458,25
0,1,128,8,cpu_vals,1,0.007208,0.007166,0.007250,25
0,1,128,8,cpu,1,0.013791,0.013667,0.013916,25
0,64,192,192,jacobi,1,109.650667,109.439916,109.657667,5
0,64,192,192,block,1,37.456709,37.285458,37.515833,5
0,64,192,192,cpu,1,10.468667,10.256396,10.522354,15
0,64,192,192,bidiag,1,217.794625,217.774666,217.874000,5
0,64,192,192,bidiag_vals,1,164.882250,164.067291,166.663292,5
0,64,192,192,cpu_vals,1,5.188667,5.049333,5.537250,25
0,16,256,32,jacobi,1,0.519042,0.509041,0.588542,25
0,16,256,32,block,1,2.334708,2.314292,2.369375,25
0,16,256,32,qr,1,0.809583,0.796125,0.818834,25
0,16,256,32,qrblock,1,2.223292,2.188167,2.245625,25
0,16,256,32,gk,1,1.274250,1.235584,1.309584,25
0,16,256,32,gk_vals,1,0.761125,0.753250,0.821041,25
0,16,256,32,cpu_vals,1,0.175000,0.168916,0.205250,25
0,16,256,32,cpu,1,0.318625,0.288375,0.357542,25
0,256,256,16,jacobi,1,1.340834,1.288292,1.367041,25
0,256,256,16,qr,1,1.740167,1.611250,2.158333,25
0,256,256,16,gk,1,1.190416,1.175291,1.202708,25
0,256,256,16,gk_vals,1,0.584834,0.578500,0.587583,25
0,256,256,16,cpu_vals,1,0.518958,0.411125,0.654583,25
0,256,256,16,gk_share,1,0.936500,0.921750,1.005125,25
0,256,256,16,gk_share_vals,1,0.557958,0.554000,0.619333,25
0,256,256,16,cpu,1,0.882833,0.862042,1.424083,25
0,1,256,256,jacobi,1,33.992709,33.990875,34.331000,5
0,1,256,256,block,1,13.438333,13.301302,13.493355,12
0,1,256,256,cpu,1,3.998541,3.810750,4.124042,25
0,1,256,256,bidiag,1,6.810041,6.280104,6.963146,23
0,1,256,256,bidiag_vals,1,4.017667,3.948041,4.361916,25
0,1,256,256,cpu_vals,1,1.748750,1.738667,1.793709,25
0,256,64,8,jacobi,1,0.793625,0.325166,0.868583,25
0,256,64,8,qr,1,0.696625,0.676458,0.703250,25
0,256,64,8,gk,1,0.294833,0.292417,0.299917,25
0,256,64,8,gk_vals,1,0.214917,0.201292,0.217542,25
0,256,64,8,cpu_vals,1,0.212583,0.201209,0.237416,25
0,256,64,8,gk_share,1,0.431125,0.370958,0.462166,25
0,256,64,8,gk_share_vals,1,0.357708,0.327333,0.372833,25
0,256,64,8,cpu,1,0.360167,0.321375,0.662875,25
0,4096,1024,64,jacobi,0,0,0,0,0
0,4096,1024,64,block,0,0,0,0,0
0,4096,1024,64,qr,0,0,0,0,0
0,4096,1024,64,qrblock,0,0,0,0,0
0,4096,1024,64,gk,0,0,0,0,0
0,4096,1024,64,gk_vals,0,0,0,0,0
0,4096,1024,64,cpu_vals,0,0,0,0,0
0,4096,1024,64,gk_share,0,0,0,0,0
0,4096,1024,64,gk_share_vals,0,0,0,0,0
0,4096,1024,64,cpu,0,0,0,0,0
0,4,1024,64,jacobi,1,4.557667,4.544917,4.560708,25
0,4,1024,64,block,1,4.995166,4.937667,5.194041,25
0,4,1024,64,qr,1,2.134791,2.100208,2.164125,25
0,4,1024,64,qrblock,1,3.676375,3.629000,3.798541,25
0,4,1024,64,gk,1,3.234875,3.221334,3.277542,25
0,4,1024,64,gk_vals,1,2.499208,2.482625,2.533250,25
0,4,1024,64,cpu_vals,1,0.574042,0.567541,0.583459,25
0,4,1024,64,cpu,1,1.120333,1.102417,1.140875,25
0,64,512,128,jacobi,1,81.780000,81.315833,82.111167,5
0,64,512,128,block,1,21.026792,20.921480,21.077562,8
0,64,512,128,qr,1,38.075667,38.075166,38.214958,5
0,64,512,128,qrblock,1,20.300228,20.109594,20.495334,8
0,64,512,128,cpu,1,11.345000,11.189917,11.425437,14
0,64,512,128,bidiag,1,182.708208,182.463916,182.863583,5
0,64,512,128,bidiag_vals,1,141.957916,141.635584,142.158250,5
0,64,512,128,cpu_vals,1,6.119333,5.704500,6.165167,25
0,4,16,16,jacobi,1,0.524708,0.518875,0.541625,25
0,4,16,16,gk,1,0.467958,0.452375,0.496000,25
0,4,16,16,gk_vals,1,0.253500,0.246542,0.268375,25
0,4,16,16,cpu_vals,1,0.023875,0.023458,0.027000,25
0,4,16,16,cpu,1,0.042417,0.041542,0.044834,25
0,1024,128,128,jacobi,1,471.664125,470.619792,472.860625,3
0,1024,128,128,block,1,192.047166,191.163500,192.191000,5
0,1024,128,128,cpu,1,77.637458,77.174250,79.308417,5
0,4,48,48,jacobi,1,0.847333,0.815792,0.855959,25
0,4,48,48,block,1,2.482584,2.470125,2.506542,25
0,4,48,48,gk,1,1.108958,1.100083,1.152125,25
0,4,48,48,gk_vals,1,0.909375,0.858417,0.918417,25
0,4,48,48,cpu_vals,1,0.071208,0.070750,0.072667,25
0,4,48,48,cpu,1,0.157334,0.154959,0.158708,25
0,1,1024,32,jacobi,1,1.057875,0.960625,1.448667,25
0,1,1024,32,block,1,4.265709,4.145959,4.366417,25
0,1,1024,32,qr,1,0.690500,0.680250,0.695375,25
0,1,1024,32,qrblock,1,2.412792,2.092166,2.484875,25
0,1,1024,32,gk,1,1.147084,1.117250,1.174167,25
0,1,1024,32,gk_vals,1,0.707083,0.698625,0.718375,25
0,1,1024,32,cpu_vals,1,0.105541,0.105083,0.109834,25
0,1,1024,32,cpu,1,0.228583,0.226875,0.232625,25
0,4,768,768,jacobi,1,1312.811542,1310.880958,1313.981375,3
0,4,768,768,block,1,118.853958,118.617000,121.391042,5
0,4,768,768,cpu,1,40.584583,40.260541,40.605458,5
0,4,768,768,bidiag,1,79.474459,79.239417,80.021042,5
0,4,768,768,bidiag_vals,1,54.828625,54.825417,55.616125,5
0,4,768,768,cpu_vals,1,18.377125,18.250625,18.578250,9
0,4,768,768,band_vals,1,65.334292,65.289917,65.396209,5
0,1024,256,16,jacobi,1,4.116583,4.092583,4.149584,25
0,1024,256,16,qr,1,4.951541,4.904750,5.093042,25
0,1024,256,16,gk,1,3.473458,3.441834,3.516667,25
0,1024,256,16,gk_vals,1,1.516750,1.485959,1.543292,25
0,1024,256,16,cpu_vals,1,2.027750,1.864750,2.325417,25
0,1024,256,16,gk_share,1,2.689667,2.591000,2.769500,25
0,1024,256,16,gk_share_vals,1,1.148125,1.079875,1.255000,25
0,1024,256,16,cpu,1,3.677625,3.543875,3.950750,25
0,16,128,64,jacobi,1,1.297709,1.282541,1.328333,25
0,16,128,64,block,1,2.900708,2.860667,2.953666,25
0,16,128,64,qr,1,1.691709,1.657708,1.712417,25
0,16,128,64,qrblock,1,3.317292,3.274833,3.358250,25
0,16,128,64,gk,1,2.604084,2.585333,2.611916,25
0,16,128,64,gk_vals,1,1.884833,1.862750,1.893583,25
0,16,128,64,cpu_vals,1,0.325958,0.271625,0.508417,25
0,16,128,64,cpu,1,0.511958,0.503917,0.668500,25
0,4096,24,24,jacobi,1,14.267375,14.217208,14.335250,11
0,4096,24,24,gk,1,5.843208,5.822583,5.912292,25
0,4096,24,24,gk_vals,1,2.386958,2.362500,2.394250,25
0,4096,24,24,cpu_vals,1,3.674833,3.575500,3.766583,25
0,4096,24,24,gk_share,1,4.703500,4.625834,4.965084,25
0,4096,24,24,gk_share_vals,1,2.184458,2.126000,2.213583,25
0,4096,24,24,cpu,1,9.953666,9.791230,9.974719,16
0,256,32,16,jacobi,1,0.632625,0.628541,0.768250,25
0,256,32,16,qr,1,1.088500,1.039417,1.138541,25
0,256,32,16,gk,1,0.425292,0.417042,0.433375,25
0,256,32,16,gk_vals,1,0.297333,0.293083,0.300042,25
0,256,32,16,cpu_vals,1,0.268292,0.255292,0.574083,25
0,256,32,16,gk_share,1,0.557875,0.521083,0.612542,25
0,256,32,16,gk_share_vals,1,0.447666,0.419084,0.473333,25
0,256,32,16,cpu,1,0.559916,0.540875,0.620291,25
0,16,128,128,jacobi,1,5.068625,5.052958,5.077042,25
0,16,128,128,block,1,7.048854,6.993000,7.202896,22
0,16,128,128,cpu,1,1.695583,1.664042,1.779458,25
0,16,128,128,bidiag,1,35.826417,35.501292,35.851292,5
0,16,128,128,bidiag_vals,1,26.077125,26.000729,26.098052,6
0,16,128,128,cpu_vals,1,1.237167,1.124875,1.284375,25
0,16,80,80,jacobi,1,1.906375,1.899833,1.919208,25
0,16,80,80,block,1,4.273000,4.170458,4.346875,25
0,16,80,80,gk,1,2.646334,2.632666,2.656791,25
0,16,80,80,gk_vals,1,1.919666,1.907083,1.928667,25
0,16,80,80,cpu_vals,1,0.347167,0.329958,0.474250,25
0,16,80,80,cpu,1,0.599792,0.570583,0.866917,25
0,256,16,16,jacobi,1,0.650292,0.642875,0.750709,25
0,256,16,16,gk,1,0.395750,0.388792,0.403084,25
0,256,16,16,gk_vals,1,0.271333,0.261500,0.280125,25
0,256,16,16,cpu_vals,1,0.224709,0.215375,0.326917,25
0,256,16,16,gk_share,1,0.527792,0.512375,0.566250,25
0,256,16,16,gk_share_vals,1,0.407750,0.376000,0.424291,25
0,256,16,16,cpu,1,0.411250,0.405958,0.419125,25
0,1,128,32,jacobi,1,0.399750,0.379834,0.439667,25
0,1,128,32,block,1,1.987541,1.955750,2.080958,25
0,1,128,32,qr,1,0.537167,0.521250,0.547958,25
0,1,128,32,qrblock,1,2.056542,1.988959,2.215084,25
0,1,128,32,gk,1,0.791334,0.746875,0.822916,25
0,1,128,32,gk_vals,1,0.517250,0.507500,0.523875,25
0,1,128,32,cpu_vals,1,0.032666,0.032209,0.034167,25
0,1,128,32,cpu,1,0.090708,0.089583,0.094750,25
0,64,56,56,jacobi,1,2.473625,2.454875,2.516750,25
0,64,56,56,block,1,3.716917,3.621458,3.816709,25
0,64,56,56,gk,1,1.558042,1.542209,1.564167,25
0,64,56,56,gk_vals,1,1.113125,1.102000,1.117166,25
0,64,56,56,cpu_vals,1,0.394208,0.335417,0.579875,25
0,64,56,56,gk_share,1,1.668083,1.641041,1.691792,25
0,64,56,56,gk_share_vals,1,1.238083,1.213709,1.272833,25
0,64,56,56,cpu,1,0.833334,0.818000,0.849542,25
0,256,32,32,jacobi,1,2.213083,2.203583,2.313250,25
0,256,32,32,block,1,3.044916,3.015042,3.075541,25
0,256,32,32,gk,1,0.931334,0.915708,0.974417,25
0,256,32,32,gk_vals,1,0.530083,0.521958,0.535208,25
0,256,32,32,cpu_vals,1,0.461416,0.433834,0.573958,25
0,256,32,32,gk_share,1,0.886625,0.878916,0.903500,25
0,256,32,32,gk_share_vals,1,0.602833,0.595459,0.614084,25
0,256,32,32,cpu,1,1.126416,1.115583,1.157250,25
0,1,512,512,jacobi,1,263.341209,263.175334,263.489375,5
0,1,512,512,block,1,32.020375,31.986417,32.078666,5
0,1,512,512,cpu,1,16.982000,16.752250,17.120875,9
0,1,512,512,bidiag,1,16.697187,16.609990,16.778302,10
0,1,512,512,bidiag_vals,1,9.309708,9.001125,9.396042,17
0,1,512,512,cpu_vals,1,7.780104,7.768250,7.789115,20
0,1,512,512,band_vals,1,12.541354,12.485604,12.568489,12
0,4,256,32,jacobi,1,0.477667,0.471750,0.495375,25
0,4,256,32,block,1,2.230959,2.167834,2.266125,25
0,4,256,32,qr,1,0.615709,0.608375,0.633167,25
0,4,256,32,qrblock,1,2.012125,1.982000,2.038167,25
0,4,256,32,gk,1,1.080083,1.040625,1.098042,25
0,4,256,32,gk_vals,1,0.652125,0.636583,0.664375,25
0,4,256,32,cpu_vals,1,0.090167,0.088625,0.095541,25
0,4,256,32,cpu,1,0.160833,0.159292,0.166125,25
0,4,64,64,jacobi,1,1.046250,1.032459,1.075833,25
0,4,64,64,block,1,2.854458,2.819333,2.868625,25
0,4,64,64,gk,1,1.765875,1.728042,1.772625,25
0,4,64,64,gk_vals,1,1.334167,1.326541,1.347875,25
0,4,64,64,cpu_vals,1,0.102833,0.101583,0.106709,25
0,4,64,64,cpu,1,0.229500,0.227209,0.234125,25
0,16,128,16,jacobi,1,0.282083,0.272417,0.294709,25
0,16,128,16,qr,1,0.515792,0.501375,0.554792,25
0,16,128,16,gk,1,0.367125,0.359375,0.372542,25
0,16,128,16,gk_vals,1,0.293208,0.290583,0.297667,25
0,16,128,16,cpu_vals,1,0.097917,0.087292,0.123375,25
0,16,128,16,cpu,1,0.174958,0.164542,0.486166,25
0,4,2048,128,jacobi,1,42.446583,42.405583,42.471792,5
0,4,2048,128,block,1,14.176583,14.126375,14.243813,11
0,4,2048,128,qr,1,8.188667,8.116583,8.249000,19
0,4,2048,128,qrblock,1,9.025125,8.855375,9.145625,17
0,4,2048,128,cpu,1,4.114042,4.082791,4.126250,25
0,4,2048,128,bidiag,1,19.546520,19.136406,19.741791,8
0,4,2048,128,bidiag_vals,1,16.666083,16.574042,16.769125,9
0,4,2048,128,cpu_vals,1,2.429417,2.133333,2.464625,25
0,256,2048,256,qr,1,1223.519916,1222.515479,1224.696791,3
0,256,2048,256,qrblock,1,522.177584,521.645292,523.708375,3
0,256,2048,256,cpu,1,269.006833,268.429375,270.870083,5
0,4096,32,32,jacobi,1,26.928188,26.603573,27.201302,6
0,4096,32,32,block,1,22.414250,22.303292,22.641146,7
0,4096,32,32,gk,1,9.469687,9.222114,9.526239,16
0,4096,32,32,gk_vals,1,4.199584,4.180084,4.210000,25
0,4096,32,32,cpu_vals,1,5.372625,5.336417,5.430125,25
0,4096,32,32,gk_share,1,9.267834,9.078073,9.423803,16
0,4096,32,32,gk_share_vals,1,3.629541,3.525042,3.696542,25
0,4096,32,32,cpu,1,15.919250,15.865719,16.006552,10
0,256,56,56,jacobi,1,7.709125,7.671719,7.776677,20
0,256,56,56,block,1,8.371563,8.353146,8.441208,18
0,256,56,56,gk,1,3.347917,3.314000,3.379625,25
0,256,56,56,gk_vals,1,1.527833,1.517625,1.530583,25
0,256,56,56,cpu_vals,1,1.041208,1.005291,1.081084,25
0,256,56,56,gk_share,1,3.013333,2.995417,3.042333,25
0,256,56,56,gk_share_vals,1,1.618334,1.604292,1.696708,25
0,256,56,56,cpu,1,2.864375,2.774791,2.894625,25
0,64,1024,32,jacobi,1,8.085084,8.052542,8.151458,19
0,64,1024,32,block,1,5.834250,5.650833,5.916208,25
0,64,1024,32,qr,1,3.542750,3.163167,3.601958,25
0,64,1024,32,qrblock,1,4.497583,4.242958,4.682291,25
0,64,1024,32,gk,1,3.624917,3.295208,3.686917,25
0,64,1024,32,gk_vals,1,2.453375,2.008375,2.983708,25
0,64,1024,32,cpu_vals,1,1.327584,1.282667,1.343750,25
0,64,1024,32,gk_share,1,3.556291,3.386291,3.690792,25
0,64,1024,32,gk_share_vals,1,2.360666,1.903375,2.712792,25
0,64,1024,32,cpu,1,2.116917,2.077834,2.153375,25
0,16,96,96,jacobi,1,2.627166,2.615417,2.697334,25
0,16,96,96,block,1,4.685083,4.660084,4.717333,25
0,16,96,96,cpu,1,0.875833,0.857792,1.222833,25
0,1,128,64,jacobi,1,1.150500,1.131875,1.182500,25
0,1,128,64,block,1,2.639334,2.599792,2.720625,25
0,1,128,64,qr,1,1.265208,1.228959,1.293375,25
0,1,128,64,qrblock,1,2.728625,2.701375,2.777459,25
0,1,128,64,gk,1,2.081375,2.049125,2.089542,25
0,1,128,64,gk_vals,1,1.449833,1.442750,1.461333,25
0,1,128,64,cpu_vals,1,0.111500,0.109958,0.113292,25
0,1,128,64,cpu,1,0.272417,0.269334,0.276834,25
0,1,32,32,jacobi,1,0.343000,0.334583,0.349041,25
0,1,32,32,block,1,2.057083,1.932416,2.123459,25
0,1,32,32,gk,1,0.695708,0.641959,0.711125,25
0,1,32,32,gk_vals,1,0.451750,0.433375,0.470125,25
0,1,32,32,cpu_vals,1,0.020667,0.020583,0.020833,25
0,1,32,32,cpu,1,0.058542,0.058209,0.059500,25
0,1,8,8,jacobi,1,0.186125,0.174709,0.218875,25
0,1,8,8,gk,1,0.247542,0.214125,0.260833,25
0,1,8,8,gk_vals,1,0.188875,0.175042,0.232250,25
0,1,8,8,cpu_vals,1,0.005292,0.005042,0.005500,25
0,1,8,8,cpu,1,0.009667,0.009167,0.009834,25
0,1024,32,16,jacobi,1,1.757125,1.697709,1.764833,25
0,1024,32,16,qr,1,2.481959,2.425416,2.525959,25
0,1024,32,16,gk,1,1.117958,1.096459,1.159416,25
0,1024,32,16,gk_vals,1,0.539500,0.534000,0.544125,25
0,1024,32,16,cpu_vals,1,0.712458,0.688000,0.777666,25
0,1024,32,16,gk_share,1,1.327125,1.240291,1.360500,25
0,1024,32,16,gk_share_vals,1,0.947750,0.922916,0.962167,25
0,1024,32,16,cpu,1,1.835584,1.822833,1.901375,25
0,1024,128,32,jacobi,1,9.736645,9.624104,9.797188,16
0,1024,128,32,block,1,9.710125,9.555032,9.853719,16
0,1024,128,32,qr,1,10.978917,10.741906,11.245594,14
0,1024,128,32,qrblock,1,10.186583,10.068979,10.388208,15
0,1024,128,32,gk,1,6.889625,6.845427,6.931656,22
0,1024,128,32,gk_vals,1,3.669708,3.654458,3.680959,25
0,1024,128,32,cpu_vals,1,2.803375,2.439875,2.886417,25
0,1024,128,32,gk_share,1,4.386750,4.347125,4.492416,25
0,1024,128,32,gk_share_vals,1,2.022458,2.004209,2.042916,25
0,1024,128,32,cpu,1,6.781125,6.535583,6.889917,23
0,4096,16,8,jacobi,1,1.453333,1.430833,1.705625,25
0,4096,16,8,qr,1,2.275458,2.263417,2.331875,25
0,4096,16,8,gk,1,1.042666,0.998666,1.076958,25
0,4096,16,8,gk_vals,1,0.537500,0.529584,0.541791,25
0,4096,16,8,cpu_vals,1,1.071167,1.048291,1.145750,25
0,4096,16,8,gk_share,1,1.339500,1.327709,1.366083,25
0,4096,16,8,gk_share_vals,1,0.918833,0.909083,0.935333,25
0,4096,16,8,cpu,1,1.962625,1.925875,2.012292,25
0,256,4,4,jacobi,1,0.309292,0.293292,0.344875,25
0,256,4,4,gk,1,0.310583,0.306500,0.325958,25
0,256,4,4,gk_vals,1,0.188750,0.171250,0.225709,25
0,256,4,4,cpu_vals,1,0.169792,0.119084,0.257959,25
0,256,4,4,gk_share,1,0.327500,0.315209,0.349834,25
0,256,4,4,gk_share_vals,1,0.284916,0.274750,0.294375,25
0,256,4,4,cpu,1,0.141500,0.135833,0.145666,25
0,16,192,192,jacobi,1,18.129291,18.108459,18.149417,9
0,16,192,192,block,1,12.860250,12.737677,12.892667,12
0,16,192,192,cpu,1,3.287084,3.189708,3.512959,25
0,16,192,192,bidiag,1,54.478833,54.411084,54.546625,5
0,16,192,192,bidiag_vals,1,41.368500,41.320458,41.373917,5
0,16,192,192,cpu_vals,1,1.930667,1.525583,1.998958,25
0,256,24,24,jacobi,1,1.341333,1.327875,1.782167,25
0,256,24,24,gk,1,0.623750,0.620208,0.628958,25
0,256,24,24,gk_vals,1,0.389208,0.384875,0.392917,25
0,256,24,24,cpu_vals,1,0.335333,0.310750,0.581333,25
0,256,24,24,gk_share,1,0.697542,0.691875,0.748625,25
0,256,24,24,gk_share_vals,1,0.491708,0.483750,0.559458,25
0,256,24,24,cpu,1,0.794208,0.762041,0.833750,25
0,1024,16,16,jacobi,1,1.765042,1.753167,1.776958,25
0,1024,16,16,gk,1,0.874791,0.822250,0.895167,25
0,1024,16,16,gk_vals,1,0.471667,0.464208,0.475459,25
0,1024,16,16,cpu_vals,1,0.583083,0.538375,0.616125,25
0,1024,16,16,gk_share,1,0.953167,0.935750,0.981917,25
0,1024,16,16,gk_share_vals,1,0.680834,0.669083,0.699750,25
0,1024,16,16,cpu,1,1.207083,1.186209,1.263125,25
0,16,56,56,jacobi,1,1.132958,1.000833,1.205958,25
0,16,56,56,block,1,2.894083,2.872250,2.927375,25
0,16,56,56,gk,1,1.451833,1.441542,1.454375,25
0,16,56,56,gk_vals,1,1.088625,1.067708,1.109500,25
0,16,56,56,cpu_vals,1,0.193542,0.190041,0.217584,25
0,16,56,56,cpu,1,0.360708,0.330083,0.381334,25
0,64,256,64,jacobi,1,5.103250,5.071667,5.146500,25
0,64,256,64,block,1,4.724041,4.680583,4.809083,25
0,64,256,64,qr,1,4.779541,4.710125,5.252333,25
0,64,256,64,qrblock,1,5.470917,5.310875,5.692958,25
0,64,256,64,gk,1,4.087167,4.003167,4.399333,25
0,64,256,64,gk_vals,1,2.932042,2.834584,3.401458,25
0,64,256,64,cpu_vals,1,1.014792,0.996125,1.051333,25
0,64,256,64,gk_share,1,4.390375,4.011292,4.478833,25
0,64,256,64,gk_share_vals,1,2.773250,2.730667,2.800541,25
0,64,256,64,cpu,1,2.113292,2.090291,2.456583,25
0,1024,128,64,jacobi,1,61.943417,61.621792,62.845542,5
0,1024,128,64,block,1,33.740792,33.733958,33.841417,5
0,1024,128,64,qr,1,57.651375,56.711875,58.409375,5
0,1024,128,64,qrblock,1,35.180625,35.131292,35.652167,5
0,1024,128,64,gk,1,27.314395,27.137979,27.596813,6
0,1024,128,64,gk_vals,1,14.051458,13.816999,14.196438,11
0,1024,128,64,cpu_vals,1,8.211666,8.145250,8.335438,19
0,1024,128,64,gk_share,1,18.211416,17.846250,18.865291,9
0,1024,128,64,gk_share_vals,1,10.382375,10.265604,10.751583,15
0,1024,128,64,cpu,1,21.557521,20.872427,21.740490,8
0,4096,128,128,jacobi,1,1896.938375,1891.538146,1903.629500,3
0,4096,128,128,block,1,787.085000,783.885979,796.018666,3
0,4096,128,128,cpu,1,309.563000,308.087541,309.717604,3
0,4096,128,32,jacobi,1,36.755500,36.589125,37.354875,5
0,4096,128,32,block,1,34.167417,33.873750,34.219334,5
0,4096,128,32,qr,1,37.498125,37.414208,37.668291,5
0,4096,128,32,qrblock,1,31.999417,31.338208,32.575084,5
0,4096,128,32,gk,1,26.586292,26.479864,26.622968,6
0,4096,128,32,gk_vals,1,13.632458,13.529208,13.690792,11
0,4096,128,32,cpu_vals,1,9.546895,9.400333,9.653896,16
0,4096,128,32,gk_share,1,16.051313,15.849594,16.105719,10
0,4096,128,32,gk_share_vals,1,6.392500,6.330500,6.704667,23
0,4096,128,32,cpu,1,26.595771,26.420990,26.928522,6
0,1,2048,2048,cpu,1,452.983917,452.824084,453.624646,3
0,1,2048,2048,bidiag,1,248.338375,248.089834,248.525166,5
0,1,2048,2048,bidiag_vals,1,93.472083,93.440042,93.655625,5
0,1,2048,2048,cpu_vals,1,205.804291,205.668542,206.184792,5
0,1,2048,2048,band_vals,1,69.945042,69.715042,70.543542,5
0,4,1024,256,jacobi,1,105.876125,105.875000,105.881459,5
0,4,1024,256,block,1,19.747937,19.676281,19.921375,8
0,4,1024,256,qr,1,34.282500,34.265125,34.378125,5
0,4,1024,256,qrblock,1,16.106750,15.930958,16.374854,10
0,4,1024,256,cpu,1,7.832854,7.488375,7.902198,20
0,4,1024,256,bidiag,1,32.212417,31.413625,32.311375,5
0,4,1024,256,bidiag_vals,1,26.550000,26.477614,26.860416,6
0,4,1024,256,cpu_vals,1,3.895875,3.874375,3.929541,25
0,4,64,8,jacobi,1,0.332541,0.311709,0.607000,25
0,4,64,8,qr,1,0.396541,0.379416,0.418750,25
0,4,64,8,gk,1,0.211417,0.205166,0.215375,25
0,4,64,8,gk_vals,1,0.192375,0.181708,0.219334,25
0,4,64,8,cpu_vals,1,0.022542,0.019958,0.024583,25
0,4,64,8,cpu,1,0.031458,0.029542,0.033083,25
0,1024,512,64,jacobi,1,159.425084,156.383750,160.679417,5
0,1024,512,64,block,1,72.596042,72.595167,73.052584,5
0,1024,512,64,qr,1,77.210084,77.018583,79.333625,5
0,1024,512,64,qrblock,1,61.135250,60.752375,61.362500,5
0,1024,512,64,gk,1,55.058958,54.195375,55.726833,5
0,1024,512,64,gk_vals,1,30.235458,30.231667,30.453125,5
0,1024,512,64,cpu_vals,1,19.803417,19.352760,20.026063,8
0,1024,512,64,gk_share,1,41.282834,41.069167,41.812208,5
0,1024,512,64,gk_share_vals,1,25.766666,25.311146,25.872594,6
0,1024,512,64,cpu,1,42.359667,42.013625,42.572083,5
0,1024,40,40,jacobi,1,13.828625,13.674709,14.015375,11
0,1024,40,40,block,1,24.354125,24.227520,24.457709,7
0,1024,40,40,gk,1,4.898417,4.881667,4.928209,25
0,1024,40,40,gk_vals,1,2.205875,2.198708,2.228792,25
0,1024,40,40,cpu_vals,1,2.408459,2.240041,2.462166,25
0,1024,40,40,gk_share,1,3.915458,3.765125,4.423041,25
0,1024,40,40,gk_share_vals,1,1.740667,1.729333,1.763792,25
0,1024,40,40,cpu,1,6.690375,6.565104,6.921437,23
0,16,1024,128,jacobi,1,38.303542,38.298458,38.314292,5
0,16,1024,128,block,1,13.309126,13.212553,13.521594,12
0,16,1024,128,qr,1,9.011125,8.816083,9.270958,17
0,16,1024,128,qrblock,1,10.474375,10.225209,10.679771,15
0,16,1024,128,cpu,1,5.181208,5.015792,5.238709,25
0,16,1024,128,bidiag,1,54.485417,54.418625,54.516166,5
0,16,1024,128,bidiag_vals,1,44.417833,44.296458,44.580208,5
0,16,1024,128,cpu_vals,1,2.747250,2.381541,3.135625,25
0,1,128,128,jacobi,1,4.910084,4.886417,4.924292,25
0,1,128,128,block,1,6.007875,5.977875,6.110583,25
0,1,128,128,cpu,1,1.034292,1.028167,1.040333,25
0,1,128,128,bidiag,1,2.642625,2.605583,2.675333,25
0,1,128,128,bidiag_vals,1,1.754833,1.738500,1.791708,25
0,1,128,128,cpu_vals,1,0.634125,0.628209,0.638209,25
0,4096,32,8,jacobi,1,1.575333,1.543000,1.638333,25
0,4096,32,8,qr,1,2.767292,2.623458,2.842083,25
0,4096,32,8,gk,1,1.323292,1.279500,1.351584,25
0,4096,32,8,gk_vals,1,0.590042,0.585000,0.599541,25
0,4096,32,8,cpu_vals,1,1.291792,1.164125,1.658167,25
0,4096,32,8,gk_share,1,1.316208,1.303958,1.359125,25
0,4096,32,8,gk_share_vals,1,0.822209,0.805875,0.850500,25
0,4096,32,8,cpu,1,2.138417,2.099250,2.203875,25
0,16,128,32,jacobi,1,0.538667,0.437291,1.527708,25
0,16,128,32,block,1,2.043792,1.927083,2.092167,25
0,16,128,32,qr,1,0.688042,0.680166,0.707750,25
0,16,128,32,qrblock,1,2.077166,2.053250,2.151417,25
0,16,128,32,gk,1,0.837458,0.790125,0.865500,25
0,16,128,32,gk_vals,1,0.552000,0.545083,0.560125,25
0,16,128,32,cpu_vals,1,0.175416,0.168416,0.185375,25
0,16,128,32,cpu,1,0.261166,0.257500,0.273125,25
0,4,8,8,jacobi,1,0.316959,0.300875,0.330125,25
0,4,8,8,gk,1,0.433375,0.406667,0.442334,25
0,4,8,8,gk_vals,1,0.189000,0.183125,0.199125,25
0,4,8,8,cpu_vals,1,0.019417,0.017708,0.022083,25
0,4,8,8,cpu,1,0.022708,0.019458,0.024125,25
0,4,32,8,jacobi,1,0.311208,0.293250,0.325208,25
0,4,32,8,qr,1,0.393166,0.382208,0.415333,25
0,4,32,8,gk,1,0.210708,0.193958,0.216084,25
0,4,32,8,gk_vals,1,0.175333,0.171666,0.189250,25
0,4,32,8,cpu_vals,1,0.021584,0.020042,0.023667,25
0,4,32,8,cpu,1,0.026500,0.024250,0.028166,25
0,1,64,32,jacobi,1,0.507666,0.352375,1.063542,25
0,1,64,32,block,1,1.834959,1.809667,1.905000,25
0,1,64,32,qr,1,0.533167,0.528208,0.544125,25
0,1,64,32,qrblock,1,2.096042,1.948875,2.270333,25
0,1,64,32,gk,1,0.708000,0.670250,0.751209,25
0,1,64,32,gk_vals,1,0.479667,0.475667,0.508583,25
0,1,64,32,cpu_vals,1,0.027250,0.026875,0.028375,25
0,1,64,32,cpu,1,0.072125,0.070291,0.073750,25
0,1024,80,80,jacobi,1,108.747208,108.467375,109.272792,5
0,1024,80,80,block,1,79.836459,79.528375,80.134791,5
0,1024,80,80,gk,1,38.412875,37.746542,38.533916,5
0,1024,80,80,gk_vals,1,16.034396,15.857583,16.188104,10
0,1024,80,80,cpu_vals,1,14.475292,14.318271,14.776584,11
0,1024,80,80,gk_share,1,18.024584,17.826875,18.296084,9
0,1024,80,80,gk_share_vals,1,9.455292,9.233125,9.951750,15
0,1024,80,80,cpu,1,27.240042,26.967927,27.294031,6
0,2,1536,1536,cpu,1,206.339083,201.430875,208.503583,5
0,2,1536,1536,bidiag,1,183.234916,182.384375,183.611750,5
0,2,1536,1536,bidiag_vals,1,96.048417,96.044500,96.505084,5
0,2,1536,1536,cpu_vals,1,105.894167,101.263375,106.370792,5
0,2,1536,1536,band_vals,1,79.881375,79.033250,79.915500,5
0,16,16,8,jacobi,1,0.196333,0.189166,0.202833,25
0,16,16,8,qr,1,0.408417,0.394958,0.419625,25
0,16,16,8,gk,1,0.214625,0.203417,0.221958,25
0,16,16,8,gk_vals,1,0.190791,0.171750,0.194625,25
0,16,16,8,cpu_vals,1,0.058916,0.056208,0.062167,25
0,16,16,8,cpu,1,0.069583,0.063208,0.100625,25
0,16,8,8,jacobi,1,0.186209,0.164125,0.196875,25
0,16,8,8,gk,1,0.218792,0.194959,0.222083,25
0,16,8,8,gk_vals,1,0.188167,0.176125,0.197500,25
0,16,8,8,cpu_vals,1,0.045542,0.045000,0.048542,25
0,16,8,8,cpu,1,0.076792,0.050167,0.079333,25
0,256,8,8,jacobi,1,0.277917,0.268500,0.283084,25
0,256,8,8,gk,1,0.241458,0.236583,0.249166,25
0,256,8,8,gk_vals,1,0.208541,0.202416,0.211542,25
0,256,8,8,cpu_vals,1,0.144417,0.139083,0.155209,25
0,256,8,8,gk_share,1,0.395333,0.387000,0.399666,25
0,256,8,8,gk_share_vals,1,0.340209,0.306125,0.350292,25
0,256,8,8,cpu,1,0.194500,0.193084,0.196042,25
0,16,1024,1024,jacobi,1,9399.067000,9398.201500,9404.366854,3
0,16,1024,1024,block,1,1254.376250,1253.903271,1254.731896,3
0,16,1024,1024,cpu,1,320.449375,319.572354,320.458542,3
0,16,1024,1024,bidiag,1,500.558875,499.363563,502.686187,3
0,16,1024,1024,bidiag_vals,1,331.402750,331.316688,332.622958,3
0,16,1024,1024,cpu_vals,1,233.795375,233.491125,234.555042,5
0,16,1024,1024,band_vals,1,345.148500,344.327688,347.772187,3
0,64,64,16,jacobi,1,0.359458,0.348458,0.369209,25
0,64,64,16,qr,1,0.681500,0.645333,0.803042,25
0,64,64,16,gk,1,0.378167,0.368292,0.383709,25
0,64,64,16,gk_vals,1,0.286125,0.273625,0.292208,25
0,64,64,16,cpu_vals,1,0.179375,0.168833,0.220000,25
0,64,64,16,gk_share,1,0.508958,0.484000,0.586042,25
0,64,64,16,gk_share_vals,1,0.385542,0.377458,0.406541,25
0,64,64,16,cpu,1,0.272333,0.262000,0.288750,25
0,16,40,40,jacobi,1,0.595208,0.586166,0.633208,25
0,16,40,40,block,1,2.523750,2.500541,2.609000,25
0,16,40,40,gk,1,0.832417,0.818333,0.858334,25
0,16,40,40,gk_vals,1,0.648209,0.629375,0.681500,25
0,16,40,40,cpu_vals,1,0.138625,0.133083,0.149708,25
0,16,40,40,cpu,1,0.251041,0.241583,0.268292,25
0,1,512,256,jacobi,1,48.266625,48.236125,48.327750,5
0,1,512,256,block,1,12.220667,12.199916,12.327542,13
0,1,512,256,qr,1,32.067167,32.038292,32.642458,5
0,1,512,256,qrblock,1,12.938604,12.721260,13.055469,12
0,1,512,256,cpu,1,5.538000,5.383375,5.805000,25
0,1,512,256,bidiag,1,8.165125,8.082396,8.360167,19
0,1,512,256,bidiag_vals,1,5.695917,5.465792,5.926125,25
0,1,512,256,cpu_vals,1,2.427708,2.420000,2.448792,25
0,4096,40,40,jacobi,1,50.633875,50.583667,50.900500,5
0,4096,40,40,block,1,92.847000,92.740125,92.949000,5
0,4096,40,40,gk,1,18.830709,18.657250,19.020396,8
0,4096,40,40,gk_vals,1,7.461417,7.434625,7.492917,21
0,4096,40,40,cpu_vals,1,7.874834,7.780729,8.077125,19
0,4096,40,40,gk_share,1,16.404521,15.397198,16.936042,10
0,4096,40,40,gk_share_vals,1,5.834834,5.319416,6.334625,25
0,4096,40,40,cpu,1,27.122417,26.337146,27.765249,6
0,1024,256,8,jacobi,1,1.617084,1.566625,1.775333,25
0,1024,256,8,qr,1,2.585583,2.474125,2.720666,25
0,1024,256,8,gk,1,1.605458,1.564000,1.655208,25
0,1024,256,8,gk_vals,1,0.603583,0.591708,0.637667,25
0,1024,256,8,cpu_vals,1,0.795125,0.703875,1.161458,25
0,1024,256,8,gk_share,1,1.596125,1.329916,1.812375,25
0,1024,256,8,gk_share_vals,1,0.865459,0.831125,0.930666,25
0,1024,256,8,cpu,1,1.826417,1.765250,1.933958,25
0,256,128,32,jacobi,1,2.848417,2.811250,2.936708,25
0,256,128,32,block,1,3.787459,3.725625,3.870791,25
0,256,128,32,qr,1,3.393500,3.299208,3.482875,25
0,256,128,32,qrblock,1,4.054917,3.988250,4.305167,25
0,256,128,32,gk,1,2.362791,2.306958,2.475583,25
0,256,128,32,gk_vals,1,1.392542,1.357583,1.460875,25
0,256,128,32,cpu_vals,1,1.397875,1.317583,1.534000,25
0,256,128,32,gk_share,1,2.024750,1.821334,2.520250,25
0,256,128,32,gk_share_vals,1,1.437041,1.260625,1.528333,25
0,256,128,32,cpu,1,2.608084,2.386667,2.802875,25
0,1,16,16,jacobi,1,0.487916,0.333500,0.557083,25
0,1,16,16,gk,1,0.317875,0.312709,0.322125,25
0,1,16,16,gk_vals,1,0.243625,0.229416,0.254334,25
0,1,16,16,cpu_vals,1,0.009459,0.009333,0.009750,25
0,1,16,16,cpu,1,0.020125,0.019875,0.020375,25
0,1024,4,4,jacobi,1,0.334333,0.316042,0.349250,25
0,1024,4,4,gk,1,0.324208,0.318667,0.336083,25
0,1024,4,4,gk_vals,1,0.233458,0.207292,0.245250,25
0,1024,4,4,cpu_vals,1,0.201917,0.190833,0.421208,25
0,1024,4,4,gk_share,1,0.413250,0.399250,0.464125,25
0,1024,4,4,gk_share_vals,1,0.359000,0.349833,0.373541,25
0,1024,4,4,cpu,1,0.272709,0.262208,0.288875,25
0,4,1536,1536,cpu,1,240.247500,239.880208,241.586625,5
0,4,1536,1536,bidiag,1,310.248208,309.326479,315.810000,3
0,4,1536,1536,bidiag_vals,1,188.804291,188.331000,189.658625,5
0,4,1536,1536,cpu_vals,1,127.996250,127.841084,129.242667,5
0,4,1536,1536,band_vals,1,146.543416,146.539417,146.659167,5
0,256,128,16,jacobi,1,0.990667,0.983250,1.011542,25
0,256,128,16,qr,1,1.288792,1.274833,1.329041,25
0,256,128,16,gk,1,0.750084,0.739083,0.843167,25
0,256,128,16,gk_vals,1,0.445834,0.435417,0.515333,25
0,256,128,16,cpu_vals,1,0.329584,0.314042,0.601875,25
0,256,128,16,gk_share,1,0.637375,0.636417,0.643375,25
0,256,128,16,gk_share_vals,1,0.432625,0.429292,0.441667,25
0,256,128,16,cpu,1,0.721000,0.692292,0.746083,25
0,1,1024,256,jacobi,1,86.116292,86.087458,86.120500,5
0,1,1024,256,block,1,15.894979,15.847667,16.053750,10
0,1,1024,256,qr,1,31.461375,31.455083,31.494834,5
0,1,1024,256,qrblock,1,14.091250,13.930542,14.204500,11
0,1,1024,256,cpu,1,6.558541,6.317291,6.625177,24
0,1,1024,256,bidiag,1,9.536125,9.376687,9.754145,15
0,1,1024,256,bidiag_vals,1,7.102166,7.003917,7.248417,21
0,1,1024,256,cpu_vals,1,3.017041,3.002500,3.031875,25
0,64,512,16,jacobi,1,1.183042,0.661542,1.337750,25
0,64,512,16,qr,1,1.061917,1.030625,1.076292,25
0,64,512,16,gk,1,1.122916,1.102750,1.147042,25
0,64,512,16,gk_vals,1,0.631791,0.599792,0.665125,25
0,64,512,16,cpu_vals,1,0.288417,0.268917,0.584500,25
0,64,512,16,gk_share,1,1.224417,1.170292,1.596500,25
0,64,512,16,gk_share_vals,1,0.741750,0.716291,0.765417,25
0,64,512,16,cpu,1,0.502750,0.484333,0.526875,25
0,16,24,24,jacobi,1,0.818459,0.354667,0.892125,25
0,16,24,24,gk,1,0.508750,0.499833,0.514959,25
0,16,24,24,gk_vals,1,0.358792,0.352833,0.359875,25
0,16,24,24,cpu_vals,1,0.115708,0.090583,0.188375,25
0,16,24,24,cpu,1,0.160875,0.158125,0.164084,25
0,1,256,64,jacobi,1,1.442625,1.432250,1.452541,25
0,1,256,64,block,1,3.130750,3.077333,3.188167,25
0,1,256,64,qr,1,1.332667,1.302084,1.360667,25
0,1,256,64,qrblock,1,2.789541,2.751167,2.851458,25
0,1,256,64,gk,1,2.146666,2.128917,2.155583,25
0,1,256,64,gk_vals,1,1.548250,1.531084,1.571125,25
0,1,256,64,cpu_vals,1,0.126416,0.125584,0.127208,25
0,1,256,64,cpu,1,0.303333,0.299333,0.305667,25
0,64,512,256,jacobi,1,497.479542,496.481729,498.341105,3
0,64,512,256,block,1,104.787459,104.750791,105.117708,5
0,64,512,256,qr,1,277.062667,277.054291,279.900666,5
0,64,512,256,qrblock,1,85.952167,85.794834,85.986416,5
0,64,512,256,cpu,1,30.843333,30.662375,30.859833,5
0,64,512,256,bidiag,1,407.583083,407.256479,407.845895,3
0,64,512,256,bidiag_vals,1,325.184792,324.330812,325.893125,3
0,64,512,256,cpu_vals,1,14.845458,14.786001,14.999459,11
0,1,256,8,jacobi,1,0.429709,0.418333,0.452209,25
0,1,256,8,qr,1,0.383500,0.374375,0.392041,25
0,1,256,8,gk,1,0.257167,0.248834,0.266166,25
0,1,256,8,gk_vals,1,0.255458,0.241833,0.262416,25
0,1,256,8,cpu_vals,1,0.008958,0.008833,0.009333,25
0,1,256,8,cpu,1,0.017375,0.017166,0.018125,25
0,4,2048,256,jacobi,1,209.500292,209.454417,209.598458,5
0,4,2048,256,block,1,30.410417,30.358083,30.440292,5
0,4,2048,256,qr,1,35.239250,35.222042,35.816542,5
0,4,2048,256,qrblock,1,19.344625,19.284177,19.425469,8
0,4,2048,256,cpu,1,10.517375,10.420167,10.573980,15
0,4,2048,256,bidiag,1,41.833250,41.775209,42.626708,5
0,4,2048,256,bidiag_vals,1,36.552709,36.465708,36.690666,5
0,4,2048,256,cpu_vals,1,5.190417,5.173875,5.226833,25
0,4096,128,8,jacobi,1,2.915416,2.881541,2.957875,25
0,4096,128,8,qr,1,5.077666,5.048500,5.135083,25
0,4096,128,8,gk,1,2.875500,2.835584,2.894708,25
0,4096,128,8,gk_vals,1,1.125958,1.114750,1.170333,25
0,4096,128,8,cpu_vals,1,1.920875,1.530209,1.951708,25
0,4096,128,8,gk_share,1,2.808458,2.738958,2.841792,25
0,4096,128,8,gk_share_vals,1,1.304291,1.290083,1.336458,25
0,4096,128,8,cpu,1,3.562292,3.517084,3.620917,25
0,64,32,32,jacobi,1,0.882333,0.873416,0.889708,25
0,64,32,32,block,1,2.304000,2.268042,2.334000,25
0,64,32,32,gk,1,0.810125,0.761834,0.813708,25
0,64,32,32,gk_vals,1,0.490291,0.484291,0.507166,25
0,64,32,32,cpu_vals,1,0.208084,0.192334,0.224375,25
0,64,32,32,gk_share,1,0.901083,0.848334,0.909416,25
0,64,32,32,gk_share_vals,1,0.579541,0.574542,0.585334,25
0,64,32,32,cpu,1,0.393000,0.390000,0.401792,25
0,4,1024,128,jacobi,1,19.411625,19.404583,19.430532,8
0,4,1024,128,block,1,9.178333,9.130375,9.245500,17
0,4,1024,128,qr,1,6.589708,6.519604,6.638282,24
0,4,1024,128,qrblock,1,7.671542,7.523979,7.827698,20
0,4,1024,128,cpu,1,2.644833,2.590541,2.703209,25
0,4,1024,128,bidiag,1,13.891666,13.869312,14.249396,11
0,4,1024,128,bidiag_vals,1,11.860708,11.546125,12.020291,13
0,4,1024,128,cpu_vals,1,1.406916,1.380375,1.494416,25
0,1,80,80,jacobi,1,1.677625,1.647833,1.687000,25
0,1,80,80,block,1,3.867416,3.790875,3.911458,25
0,1,80,80,gk,1,2.452333,2.444625,2.460000,25
0,1,80,80,gk_vals,1,1.826208,1.811083,1.834208,25
0,1,80,80,cpu_vals,1,0.194083,0.193250,0.195917,25
0,1,80,80,cpu,1,0.366667,0.362833,0.370542,25
0,16,256,16,jacobi,1,0.321500,0.312417,0.923042,25
0,16,256,16,qr,1,0.561166,0.554792,0.578625,25
0,16,256,16,gk,1,0.385208,0.381708,0.390292,25
0,16,256,16,gk_vals,1,0.286250,0.270750,0.295959,25
0,16,256,16,cpu_vals,1,0.137250,0.126625,0.256958,25
0,16,256,16,cpu,1,0.193500,0.187417,0.197916,25
0,4,128,64,jacobi,1,1.247708,1.223792,1.263750,25
0,4,128,64,block,1,2.641791,2.595834,2.679625,25
0,4,128,64,qr,1,1.386291,1.363000,1.408209,25
0,4,128,64,qrblock,1,2.851541,2.777625,2.927250,25
0,4,128,64,gk,1,2.163125,2.145042,2.189000,25
0,4,128,64,gk_vals,1,1.552000,1.534250,1.568750,25
0,4,128,64,cpu_vals,1,0.165625,0.163250,0.168292,25
0,4,128,64,cpu,1,0.352291,0.346917,0.355250,25
0,64,40,40,jacobi,1,1.409416,1.341917,1.860292,25
0,64,40,40,block,1,3.461042,3.404542,3.492667,25
0,64,40,40,gk,1,0.933958,0.896583,0.966583,25
0,64,40,40,gk_vals,1,0.702042,0.643000,0.725708,25
0,64,40,40,cpu_vals,1,0.250542,0.239584,0.390916,25
0,64,40,40,gk_share,1,1.019084,0.994875,1.108834,25
0,64,40,40,gk_share_vals,1,0.790375,0.762750,0.837000,25
0,64,40,40,cpu,1,0.559084,0.548458,0.571750,25
0,256,32,8,jacobi,1,0.329167,0.318000,0.822917,25
0,256,32,8,qr,1,0.645167,0.626875,0.658291,25
0,256,32,8,gk,1,0.264875,0.258833,0.269458,25
0,256,32,8,gk_vals,1,0.207625,0.193792,0.214125,25
0,256,32,8,cpu_vals,1,0.187542,0.183250,0.193792,25
0,256,32,8,gk_share,1,0.415042,0.406083,0.429125,25
0,256,32,8,gk_share_vals,1,0.350292,0.307250,0.370083,25
0,256,32,8,cpu,1,0.266125,0.256125,0.286375,25
0,1,4096,4096,cpu,1,3566.855959,3555.649876,3665.283563,3
0,1,4096,4096,bidiag,1,1552.298167,1550.842646,1575.927896,3
0,1,4096,4096,bidiag_vals,1,757.526333,756.715479,758.074292,3
0,1,4096,4096,cpu_vals,1,2109.994375,2085.504979,2119.177209,3
0,1,4096,4096,band_vals,1,233.839292,233.739500,234.230750,5
0,4,4,4,jacobi,1,0.165750,0.148416,0.203916,25
0,4,4,4,gk,1,0.163042,0.156333,0.174667,25
0,4,4,4,gk_vals,1,0.164709,0.147500,0.194541,25
0,4,4,4,cpu_vals,1,0.016791,0.016375,0.018542,25
0,4,4,4,cpu,1,0.024625,0.022167,0.025084,25
0,1,256,16,jacobi,1,0.276958,0.271750,0.280167,25
0,1,256,16,qr,1,0.442583,0.434667,0.459583,25
0,1,256,16,gk,1,0.347583,0.335875,0.350667,25
0,1,256,16,gk_vals,1,0.257250,0.250583,0.267041,25
0,1,256,16,cpu_vals,1,0.017625,0.017500,0.017709,25
0,1,256,16,cpu,1,0.055291,0.054666,0.057375,25
0,4096,256,8,jacobi,1,4.797625,4.697750,4.862000,25
0,4096,256,8,qr,1,8.322480,8.271719,8.397031,18
0,4096,256,8,gk,1,5.114417,5.082208,5.150709,25
0,4096,256,8,gk_vals,1,1.861875,1.831666,2.044583,25
0,4096,256,8,cpu_vals,1,2.316167,2.105542,2.345167,25
0,4096,256,8,gk_share,1,4.547334,4.075458,4.962084,25
0,4096,256,8,gk_share_vals,1,1.840208,1.763166,1.862083,25
0,4096,256,8,cpu,1,5.047375,4.960083,5.136750,25
0,64,384,384,jacobi,1,1336.627583,1333.579625,1338.771458,3
0,64,384,384,block,1,285.707708,285.325292,287.166000,5
0,64,384,384,cpu,1,45.732708,45.533042,46.574333,5
0,64,384,384,bidiag,1,450.539917,450.348584,453.758126,3
0,64,384,384,bidiag_vals,1,350.556750,350.430792,351.341188,3
0,64,384,384,cpu_vals,1,23.546875,23.472041,23.667646,7
0,1,64,64,jacobi,1,1.079791,1.070792,1.095416,25
0,1,64,64,block,1,2.876500,2.843083,2.922041,25
0,1,64,64,gk,1,1.711416,1.700583,1.728333,25
0,1,64,64,gk_vals,1,1.300833,1.288500,1.339917,25
0,1,64,64,cpu_vals,1,0.072500,0.071000,0.074666,25
0,1,64,64,cpu,1,0.200125,0.198083,0.201708,25
0,1,32,8,jacobi,1,0.179625,0.171916,0.193917,25
0,1,32,8,qr,1,0.397459,0.387542,0.418917,25
0,1,32,8,gk,1,0.243959,0.208667,0.263709,25
0,1,32,8,gk_vals,1,0.179334,0.167041,0.228917,25
0,1,32,8,cpu_vals,1,0.005958,0.005916,0.006042,25
0,1,32,8,cpu,1,0.010375,0.010333,0.010500,25
0,16,4,4,jacobi,1,0.193667,0.175334,0.265166,25
0,16,4,4,gk,1,0.179292,0.169625,0.265792,25
0,16,4,4,gk_vals,1,0.180708,0.158958,0.206208,25
0,16,4,4,cpu_vals,1,0.030000,0.029458,0.036500,25
0,16,4,4,cpu,1,0.041875,0.041458,0.044166,25
0,1,1024,64,jacobi,1,4.513000,4.500542,4.522167,25
0,1,1024,64,block,1,5.038375,4.994541,5.073166,25
0,1,1024,64,qr,1,1.554959,1.545584,1.570916,25
0,1,1024,64,qrblock,1,2.867375,2.829125,2.936125,25
0,1,1024,64,gk,1,2.505083,2.498042,2.514708,25
0,1,1024,64,gk_vals,1,1.842084,1.838500,1.863500,25
0,1,1024,64,cpu_vals,1,0.269583,0.266916,0.271833,25
0,1,1024,64,cpu,1,0.598667,0.590167,0.602375,25
0,4096,64,8,jacobi,1,2.038250,2.010875,2.293292,25
0,4096,64,8,qr,1,3.503541,3.267875,3.843875,25
0,4096,64,8,gk,1,1.840667,1.828208,1.877500,25
0,4096,64,8,gk_vals,1,0.819417,0.779542,0.864375,25
0,4096,64,8,cpu_vals,1,1.762292,1.288375,1.851083,25
0,4096,64,8,gk_share,1,1.872541,1.828750,1.928542,25
0,4096,64,8,gk_share_vals,1,1.347125,1.172292,1.401375,25
0,4096,64,8,cpu,1,2.929375,2.897542,3.047958,25
0,256,512,128,jacobi,1,324.003625,323.821395,324.894896,3
0,256,512,128,block,1,86.421292,86.268583,86.450833,5
0,256,512,128,qr,1,136.673834,134.456666,138.583917,5
0,256,512,128,qrblock,1,71.089500,71.072916,71.314792,5
0,256,512,128,cpu,1,43.520625,43.440000,43.632250,5
0,256,512,128,bidiag,1,743.648875,742.632854,754.985666,3
0,256,512,128,bidiag_vals,1,596.604166,585.490374,603.962749,3
0,256,512,128,cpu_vals,1,22.771625,22.213208,22.891604,7
0,4,384,384,jacobi,1,127.720875,127.118792,127.732125,5
0,4,384,384,block,1,28.990208,28.910146,29.049927,6
0,4,384,384,cpu,1,8.723291,8.648135,8.804812,18
0,4,384,384,bidiag,1,29.982042,29.694343,30.059177,6
0,4,384,384,bidiag_vals,1,22.638959,22.615834,22.675521,7
0,4,384,384,cpu_vals,1,4.199959,4.162459,4.267042,25
0,256,512,64,jacobi,1,37.233042,36.294209,37.791167,5
0,256,512,64,block,1,20.191313,20.016135,20.357604,8
0,256,512,64,qr,1,22.693833,21.981979,24.018437,7
0,256,512,64,qrblock,1,20.235813,20.176312,20.437146,8
0,256,512,64,gk,1,18.210958,18.011208,18.338250,9
0,256,512,64,gk_vals,1,12.061875,11.855625,12.340000,13
0,256,512,64,cpu_vals,1,5.522167,5.380042,5.606417,25
0,256,512,64,gk_share,1,15.888708,15.812104,16.047625,10
0,256,512,64,gk_share_vals,1,10.099833,9.956938,10.263250,15
0,256,512,64,cpu,1,11.511125,11.408416,11.705584,13
0,64,128,8,jacobi,1,0.449250,0.434875,0.481750,25
0,64,128,8,qr,1,0.547000,0.540791,0.571167,25
0,64,128,8,gk,1,0.261959,0.258792,0.265500,25
0,64,128,8,gk_vals,1,0.213625,0.205250,0.216042,25
0,64,128,8,cpu_vals,1,0.240542,0.153000,0.321333,25
0,64,128,8,gk_share,1,0.357625,0.352042,0.360666,25
0,64,128,8,gk_share_vals,1,0.314625,0.311500,0.318375,25
0,64,128,8,cpu,1,0.193125,0.188375,0.201334,25
0,4,24,24,jacobi,1,0.790916,0.757583,0.856542,25
0,4,24,24,gk,1,0.499125,0.490875,0.507084,25
0,4,24,24,gk_vals,1,0.372458,0.353458,0.396667,25
0,4,24,24,cpu_vals,1,0.035292,0.033000,0.039541,25
0,4,24,24,cpu,1,0.062750,0.062333,0.063208,25
0,1024,64,32,jacobi,1,7.997417,7.974291,8.081584,19
0,1024,64,32,block,1,7.291708,7.119042,7.441333,21
0,1024,64,32,qr,1,9.770500,9.573906,10.050208,16
0,1024,64,32,qrblock,1,9.334042,9.215667,9.418709,17
0,1024,64,32,gk,1,4.264791,4.248584,4.286166,25
0,1024,64,32,gk_vals,1,2.353292,2.347667,2.360292,25
0,1024,64,32,cpu_vals,1,2.390666,1.987250,2.423459,25
0,1024,64,32,gk_share,1,3.462916,3.415875,3.531708,25
0,1024,64,32,gk_share_vals,1,1.656667,1.641458,1.697583,25
0,1024,64,32,cpu,1,5.910292,5.688750,5.999000,25
0,4,192,192,jacobi,1,15.376500,15.350719,15.406916,10
0,4,192,192,block,1,9.789813,9.718854,9.970729,16
0,4,192,192,cpu,1,2.013167,2.006625,2.021125,25
0,4,192,192,bidiag,1,13.684167,13.562687,13.730625,11
0,4,192,192,bidiag_vals,1,10.519708,10.386125,10.554771,15
0,4,192,192,cpu_vals,1,1.117792,1.111875,1.126375,25
0,64,512,512,jacobi,1,4478.460334,4454.962709,4512.767209,3
0,64,512,512,block,1,645.528792,644.784688,645.957167,3
0,64,512,512,cpu,1,101.563875,101.266416,102.310042,5
0,64,512,512,bidiag,1,630.569500,629.390479,630.595480,3
0,64,512,512,bidiag_vals,1,487.019791,486.794083,489.051833,3
0,64,512,512,cpu_vals,1,52.340333,51.965875,52.604625,5
0,64,512,512,band_vals,1,630.147667,617.958042,638.120230,3
0,1,192,192,jacobi,1,15.073334,15.007282,15.131979,10
0,1,192,192,block,1,9.148792,9.096083,9.329625,17
0,1,192,192,cpu,1,2.050000,2.008791,2.161417,25
0,1,192,192,bidiag,1,4.335791,4.287583,4.499875,25
0,1,192,192,bidiag_vals,1,2.869125,2.830000,2.926458,25
0,1,192,192,cpu_vals,1,0.912250,0.898458,0.934292,25
0,256,256,128,jacobi,1,136.139583,132.830334,136.579958,5
0,256,256,128,block,1,61.781375,61.737375,62.670750,5
0,256,256,128,qr,1,127.843166,126.009417,129.651542,5
0,256,256,128,qrblock,1,60.253791,60.014250,60.747958,5
0,256,256,128,cpu,1,33.177125,32.875250,33.343500,5
0,256,256,128,bidiag,1,651.263958,650.867687,653.254395,3
0,256,256,128,bidiag_vals,1,493.651458,493.310500,494.289312,3
0,256,256,128,cpu_vals,1,17.830541,17.429750,17.895458,9
0,64,2048,256,jacobi,1,2458.438833,2449.415104,2496.175208,3
0,64,2048,256,block,1,291.737041,291.560000,292.027917,5
0,64,2048,256,qr,1,315.866125,315.433917,319.487417,3
0,64,2048,256,qrblock,1,133.547834,133.177666,135.295334,5
0,64,2048,256,cpu,1,70.106792,69.993584,71.769250,5
0,64,2048,256,bidiag,1,648.860250,648.776083,649.172730,3
0,64,2048,256,bidiag_vals,1,569.531541,567.531541,571.837020,3
0,64,2048,256,cpu_vals,1,30.691583,30.549875,30.801000,5
0,16,2048,64,jacobi,1,19.650854,19.638177,19.686999,8
0,16,2048,64,block,1,10.425125,10.373958,10.521854,15
0,16,2048,64,qr,1,4.999125,4.896333,5.042416,25
0,16,2048,64,qrblock,1,6.814125,6.242688,6.972563,23
0,16,2048,64,gk,1,5.999333,5.655584,6.108500,25
0,16,2048,64,gk_vals,1,4.660500,4.448209,4.762416,25
0,16,2048,64,cpu_vals,1,1.689875,1.450208,1.721084,25
0,16,2048,64,cpu,1,3.121583,3.013375,3.171250,25
0,1,40,40,jacobi,1,0.533250,0.515208,0.937125,25
0,1,40,40,block,1,2.393542,2.357667,2.434791,25
0,1,40,40,gk,1,0.800875,0.766959,0.821208,25
0,1,40,40,gk_vals,1,0.677208,0.620291,0.700042,25
0,1,40,40,cpu_vals,1,0.027459,0.027250,0.030625,25
0,1,40,40,cpu,1,0.091708,0.088541,0.095292,25
0,16,512,128,jacobi,1,14.102291,14.009771,14.168000,11
0,16,512,128,block,1,8.737229,8.626271,8.814697,18
0,16,512,128,qr,1,7.201083,7.051458,7.358625,21
0,16,512,128,qrblock,1,8.268104,8.050177,8.610583,18
0,16,512,128,cpu,1,4.064750,3.648958,4.292458,25
0,16,512,128,bidiag,1,45.998167,45.916291,46.136333,5
0,16,512,128,bidiag_vals,1,36.156292,35.909875,36.444667,5
0,16,512,128,cpu_vals,1,2.072833,1.956125,2.159791,25
0,1024,512,256,qrblock,1,1510.884541,1496.266291,1521.046771,3
0,1024,512,256,cpu,1,450.019291,444.312978,450.508688,3
0,4,512,32,jacobi,1,0.743125,0.729084,1.520500,25
0,4,512,32,block,1,2.803292,2.770000,2.823125,25
0,4,512,32,qr,1,0.715250,0.710084,0.723041,25
0,4,512,32,qrblock,1,2.123834,2.102666,2.180000,25
0,4,512,32,gk,1,1.153458,1.135500,1.193708,25
0,4,512,32,gk_vals,1,0.722958,0.716167,0.727750,25
0,4,512,32,cpu_vals,1,0.136625,0.135000,0.138791,25
0,4,512,32,cpu,1,0.242125,0.239375,0.243791,25
0,4096,64,32,jacobi,1,28.337354,28.255593,28.419553,6
0,4096,64,32,block,1,25.396063,25.345041,25.482927,6
0,4096,64,32,qr,1,31.319875,31.067167,31.395291,5
0,4096,64,32,qrblock,1,27.596688,27.366719,27.598656,6
0,4096,64,32,gk,1,15.343187,15.318303,15.377468,10
0,4096,64,32,gk_vals,1,7.926083,7.905687,7.945646,19
0,4096,64,32,cpu_vals,1,7.542542,7.475292,7.755615,20
0,4096,64,32,gk_share,1,11.747250,11.536916,14.356552,12
0,4096,64,32,gk_share_vals,1,4.895333,4.688541,5.939125,25
0,4096,64,32,cpu,1,22.338167,21.984271,22.362750,7
0,16,64,32,jacobi,1,1.228417,0.771458,1.527125,25
0,16,64,32,block,1,2.055417,2.012250,2.084417,25
0,16,64,32,qr,1,0.635667,0.625000,0.656542,25
0,16,64,32,qrblock,1,2.255792,2.224917,2.328833,25
0,16,64,32,gk,1,0.834375,0.788000,0.841250,25
0,16,64,32,gk_vals,1,0.517250,0.498792,0.532125,25
0,16,64,32,cpu_vals,1,0.153500,0.143208,0.167000,25
0,16,64,32,cpu,1,0.224291,0.221666,0.232292,25
0,64,4,4,jacobi,1,0.273708,0.257500,0.284500,25
0,64,4,4,gk,1,0.226917,0.220000,0.232541,25
0,64,4,4,gk_vals,1,0.194584,0.179542,0.206709,25
0,64,4,4,cpu_vals,1,0.100125,0.069666,0.105083,25
0,64,4,4,gk_share,1,0.286792,0.262083,0.292500,25
0,64,4,4,gk_share_vals,1,0.131583,0.116792,0.140917,25
0,64,4,4,cpu,1,0.141667,0.103292,0.144042,25
0,64,16,16,jacobi,1,0.326500,0.319209,0.938625,25
0,64,16,16,gk,1,0.352375,0.349292,0.359334,25
0,64,16,16,gk_vals,1,0.264250,0.256833,0.270208,25
0,64,16,16,cpu_vals,1,0.142625,0.128792,0.194125,25
0,64,16,16,gk_share,1,0.448541,0.442625,0.455666,25
0,64,16,16,gk_share_vals,1,0.363833,0.357083,0.369542,25
0,64,16,16,cpu,1,0.184291,0.173583,0.206000,25
0,4096,256,32,jacobi,1,85.305542,84.746292,85.450750,5
0,4096,256,32,block,1,52.456458,52.406000,53.114875,5
0,4096,256,32,qr,1,49.267209,49.162250,49.548208,5
0,4096,256,32,qrblock,1,47.299791,47.198417,47.343208,5
0,4096,256,32,gk,1,39.299500,38.952958,40.324083,5
0,4096,256,32,gk_vals,1,18.965792,18.884333,19.815812,8
0,4096,256,32,cpu_vals,1,14.715959,14.195979,14.988542,11
0,4096,256,32,gk_share,1,32.042625,29.106834,32.410375,5
0,4096,256,32,gk_share_vals,1,16.592021,16.466240,16.739229,10
0,4096,256,32,cpu,1,33.997666,32.540166,34.772250,5
0,1,256,128,jacobi,1,5.662000,5.656208,5.679250,25
0,1,256,128,block,1,5.686834,5.609625,5.769583,25
0,1,256,128,qr,1,4.751375,4.747542,4.763458,25
0,1,256,128,qrblock,1,5.753583,5.638209,5.827834,25
0,1,256,128,cpu,1,1.347500,1.343166,1.352917,25
0,1,256,128,bidiag,1,2.951333,2.942167,2.968417,25
0,1,256,128,bidiag_vals,1,2.089500,2.086459,2.093916,25
0,1,256,128,cpu_vals,1,0.785208,0.782958,0.789792,25
0,4096,256,128,jacobi,1,2089.871375,2085.219792,2091.973063,3
0,4096,256,128,block,1,874.982458,871.728854,875.052937,3
0,4096,256,128,qr,1,1918.942000,1912.858270,1920.980687,3
0,4096,256,128,qrblock,1,812.966917,811.610125,814.914041,3
0,4096,256,128,cpu,1,463.741542,463.016521,466.550646,3
0,4096,8,8,jacobi,1,1.414125,1.396834,1.449208,25
0,4096,8,8,gk,1,0.919708,0.910000,0.944875,25
0,4096,8,8,gk_vals,1,0.497000,0.493083,0.561667,25
0,4096,8,8,cpu_vals,1,0.830375,0.799500,0.845417,25
0,4096,8,8,gk_share,1,0.957667,0.947083,0.971417,25
0,4096,8,8,gk_share_vals,1,0.630791,0.628083,0.642667,25
0,4096,8,8,cpu,1,1.455833,1.447500,1.464125,25
0,256,2048,64,jacobi,1,324.672291,324.581792,325.396708,3
0,256,2048,64,block,1,60.351833,59.862500,60.394917,5
0,256,2048,64,qr,1,55.459458,54.311584,55.616041,5
0,256,2048,64,qrblock,1,57.667208,56.481917,64.334375,5
0,256,2048,64,gk,1,53.217125,52.587667,53.419834,5
0,256,2048,64,gk_vals,1,36.292958,35.685625,37.227958,5
0,256,2048,64,cpu_vals,1,17.505417,17.146000,17.988333,9
0,256,2048,64,gk_share,1,47.505584,47.081083,49.384875,5
0,256,2048,64,gk_share_vals,1,29.434271,29.041229,29.620094,6
0,256,2048,64,cpu,1,35.724292,35.500834,36.319333,5
0,4,2048,2048,cpu,1,810.722250,800.656542,815.885500,3
0,4,2048,2048,bidiag,1,664.711375,664.036229,672.114396,3
0,4,2048,2048,bidiag_vals,1,353.896167,353.840563,354.180855,3
0,4,2048,2048,cpu_vals,1,468.561833,464.325958,495.039375,3
0,4,2048,2048,band_vals,1,218.836458,217.629791,220.208334,5
0,1024,2048,64,jacobi,0,0,0,0,0
0,1024,2048,64,block,0,0,0,0,0
0,1024,2048,64,qr,0,0,0,0,0
0,1024,2048,64,qrblock,0,0,0,0,0
0,1024,2048,64,gk,0,0,0,0,0
0,1024,2048,64,gk_vals,0,0,0,0,0
0,1024,2048,64,cpu_vals,0,0,0,0,0
0,1024,2048,64,gk_share,0,0,0,0,0
0,1024,2048,64,gk_share_vals,0,0,0,0,0
0,1024,2048,64,cpu,0,0,0,0,0
0,1024,1024,64,jacobi,1,624.891041,624.628750,625.067604,3
0,1024,1024,64,block,1,123.617084,122.712125,123.951416,5
0,1024,1024,64,qr,1,113.298083,112.911000,115.868375,5
0,1024,1024,64,qrblock,1,91.308792,90.388417,92.456083,5
0,1024,1024,64,gk,1,87.404792,86.872334,87.661417,5
0,1024,1024,64,gk_vals,1,48.058417,47.811459,48.477959,5
0,1024,1024,64,cpu_vals,1,33.554125,33.533917,33.737459,5
0,1024,1024,64,gk_share,1,69.880375,68.355333,72.231625,5
0,1024,1024,64,gk_share_vals,1,44.392334,41.539375,45.292875,5
0,1024,1024,64,cpu,1,70.682875,70.466000,70.897166,5
0,1024,64,64,jacobi,1,52.482417,51.004542,53.185500,5
0,1024,64,64,block,1,30.477208,30.353000,30.707792,5
0,1024,64,64,gk,1,17.393959,17.371916,17.417292,9
0,1024,64,64,gk_vals,1,7.808126,7.787094,7.820572,20
0,1024,64,64,cpu_vals,1,4.915958,4.834916,5.112791,25
0,1024,64,64,gk_share,1,9.332687,9.188230,10.086917,16
0,1024,64,64,gk_share_vals,1,3.855042,3.810792,3.911500,25
0,1024,64,64,cpu,1,14.434291,14.219667,14.526397,11
0,1,256,32,jacobi,1,0.783666,0.516916,0.863500,25
0,1,256,32,block,1,2.240000,2.154625,2.275459,25
0,1,256,32,qr,1,0.589875,0.584459,0.597250,25
0,1,256,32,qrblock,1,2.231458,2.135958,2.354625,25
0,1,256,32,gk,1,1.046333,1.011417,1.087708,25
0,1,256,32,gk_vals,1,0.603458,0.597875,0.609542,25
0,1,256,32,cpu_vals,1,0.053583,0.053541,0.053667,25
0,1,256,32,cpu,1,0.117000,0.114917,0.118541,25
0,64,2048,128,jacobi,1,453.798000,453.510833,457.685729,3
0,64,2048,128,block,1,67.931291,67.660708,68.004000,5
0,64,2048,128,qr,1,58.178708,58.059208,58.262833,5
0,64,2048,128,qrblock,1,43.029041,42.945375,43.105208,5
0,64,2048,128,cpu,1,28.818500,28.704573,29.418271,6
0,64,2048,128,bidiag,1,313.637709,313.325896,313.971834,3
0,64,2048,128,bidiag_vals,1,266.732250,266.125958,268.189042,5
0,64,2048,128,cpu_vals,1,12.168333,12.136292,12.300167,13
0,64,512,64,jacobi,1,11.257688,11.133427,11.311219,14
0,64,512,64,block,1,6.921687,6.832250,7.010427,22
0,64,512,64,qr,1,6.639625,6.574146,6.775583,23
0,64,512,64,qrblock,1,7.220958,6.984875,7.316167,21
0,64,512,64,gk,1,6.104292,5.964458,6.261167,25
0,64,512,64,gk_vals,1,4.596750,4.543541,4.700542,25
0,64,512,64,cpu_vals,1,1.714959,1.700291,1.738541,25
0,64,512,64,gk_share,1,5.945291,5.878917,6.071708,25
0,64,512,64,gk_share_vals,1,4.279000,4.179708,4.343542,25
0,64,512,64,cpu,1,3.313625,3.234417,3.521625,25
0,1,24,24,jacobi,1,0.746625,0.340000,0.789209,25
0,1,24,24,gk,1,0.509375,0.485375,0.539958,25
0,1,24,24,gk_vals,1,0.348125,0.343667,0.351083,25
0,1,24,24,cpu_vals,1,0.012791,0.012708,0.012958,25
0,1,24,24,cpu,1,0.034417,0.034334,0.034750,25
0,256,1024,256,jacobi,1,3925.186791,3924.005312,3927.188750,3
0,256,1024,256,block,1,656.444542,653.617188,657.996833,3
0,256,1024,256,qr,1,1133.000125,1130.645812,1138.727438,3
0,256,1024,256,qrblock,1,407.153541,405.953542,407.797125,3
0,256,1024,256,cpu,1,161.604125,160.595041,162.162625,5
0,4096,64,16,jacobi,1,7.029896,7.012437,7.078718,22
0,4096,64,16,qr,1,8.892834,8.801833,9.093041,17
0,4096,64,16,gk,1,4.608792,4.583250,4.642917,25
0,4096,64,16,gk_vals,1,1.936666,1.929375,1.995000,25
0,4096,64,16,cpu_vals,1,3.216042,2.818791,3.276917,25
0,4096,64,16,gk_share,1,5.762666,5.504125,6.111709,25
0,4096,64,16,gk_share_vals,1,2.117500,2.075833,2.298625,25
0,4096,64,16,cpu,1,8.033375,7.849042,8.354063,19
0,16,1024,64,jacobi,1,5.396709,5.333583,5.797292,25
0,16,1024,64,block,1,6.423083,6.312667,6.545542,24
0,16,1024,64,qr,1,3.552166,3.244625,3.875666,25
0,16,1024,64,qrblock,1,4.951250,4.739750,5.447584,25
0,16,1024,64,gk,1,4.199500,4.134792,4.750959,25
0,16,1024,64,gk_vals,1,3.131417,3.032584,3.625166,25
0,16,1024,64,cpu_vals,1,0.907458,0.867083,1.280708,25
0,16,1024,64,cpu,1,1.754291,1.674625,2.073042,25
0,64,256,16,jacobi,1,0.562333,0.514292,1.430584,25
0,64,256,16,qr,1,0.984792,0.902625,1.194792,25
0,64,256,16,gk,1,0.800084,0.722625,0.936084,25
0,64,256,16,gk_vals,1,0.311708,0.303166,0.325708,25
0,64,256,16,cpu_vals,1,0.265209,0.229250,0.622334,25
0,64,256,16,gk_share,1,0.667625,0.572417,0.708000,25
0,64,256,16,gk_share_vals,1,0.416125,0.408208,0.462667,25
0,64,256,16,cpu,1,0.361792,0.346375,0.379917,25
0,16,512,64,jacobi,1,2.269167,2.253875,2.471625,25
0,16,512,64,block,1,4.397583,4.270875,4.742083,25
0,16,512,64,qr,1,2.279167,2.204792,2.349291,25
0,16,512,64,qrblock,1,3.992625,3.844917,4.413625,25
0,16,512,64,gk,1,3.532583,3.371584,3.628333,25
0,16,512,64,gk_vals,1,2.436583,2.384125,2.549500,25
0,16,512,64,cpu_vals,1,0.625084,0.594125,0.669458,25
0,16,512,64,cpu,1,1.069083,1.034167,1.262792,25
0,1024,128,16,jacobi,1,2.894166,2.866583,2.984666,25
0,1024,128,16,qr,1,3.535375,3.422791,3.708625,25
0,1024,128,16,gk,1,2.104041,2.067875,2.200541,25
0,1024,128,16,gk_vals,1,0.915584,0.907708,0.924209,25
0,1024,128,16,cpu_vals,1,1.441375,1.054000,1.494208,25
0,1024,128,16,gk_share,1,1.870542,1.784625,2.013041,25
0,1024,128,16,gk_share_vals,1,1.075750,0.918917,1.132541,25
0,1024,128,16,cpu,1,2.889000,2.433666,2.939083,25
0,4,512,512,jacobi,1,326.757542,326.694875,326.856230,3
0,4,512,512,block,1,48.749708,48.556375,48.803250,5
0,4,512,512,cpu,1,19.020417,18.884791,19.347667,8
0,4,512,512,bidiag,1,44.820208,44.702167,45.262375,5
0,4,512,512,bidiag_vals,1,32.782875,32.723083,32.799292,5
0,4,512,512,cpu_vals,1,9.125125,9.048302,9.954813,16
0,4,512,512,band_vals,1,43.178750,42.667833,43.279666,5
0,4096,48,48,jacobi,1,85.180917,84.943167,86.588583,5
0,4096,48,48,block,1,99.503292,99.501458,99.759917,5
0,4096,48,48,gk,1,28.746896,28.620979,28.879094,6
0,4096,48,48,gk_vals,1,11.851375,11.815667,11.907542,13
0,4096,48,48,cpu_vals,1,10.929917,10.831000,11.114417,14
0,4096,48,48,gk_share,1,19.688625,19.121834,19.779823,8
0,4096,48,48,gk_share_vals,1,6.722541,6.523708,8.531375,21
0,4096,48,48,cpu,1,36.602125,35.833333,37.021541,5
0,16,32,16,jacobi,1,0.521541,0.517875,0.532958,25
0,16,32,16,qr,1,0.466916,0.463000,0.479583,25
0,16,32,16,gk,1,0.342125,0.337500,0.348166,25
0,16,32,16,gk_vals,1,0.253125,0.248541,0.272000,25
0,16,32,16,cpu_vals,1,0.140792,0.098584,0.143792,25
0,16,32,16,cpu,1,0.120541,0.112041,0.139208,25
0,1024,24,24,jacobi,1,4.021458,4.007959,4.047625,25
0,1024,24,24,gk,1,1.799583,1.785375,1.810875,25
0,1024,24,24,gk_vals,1,0.850458,0.834583,0.890708,25
0,1024,24,24,cpu_vals,1,0.905000,0.894042,0.919791,25
0,1024,24,24,gk_share,1,1.534083,1.519792,1.545792,25
0,1024,24,24,gk_share_vals,1,0.894000,0.885125,0.905292,25
0,1024,24,24,cpu,1,2.553291,2.529584,2.614583,25
0,1024,64,8,jacobi,1,0.667458,0.656875,0.759750,25
0,1024,64,8,qr,1,1.226500,1.211875,1.245917,25
0,1024,64,8,gk,1,0.617292,0.612666,0.625084,25
0,1024,64,8,gk_vals,1,0.337917,0.330584,0.342583,25
0,1024,64,8,cpu_vals,1,0.445541,0.389333,0.582542,25
0,1024,64,8,gk_share,1,0.773208,0.750084,0.819459,25
0,1024,64,8,gk_share_vals,1,0.431584,0.421792,0.592292,25
0,1024,64,8,cpu,1,0.702750,0.690166,0.767167,25
0,16,512,256,jacobi,1,94.029459,94.028584,94.042209,5
0,16,512,256,block,1,26.902022,26.858146,26.934396,6
0,16,512,256,qr,1,64.044041,63.567459,64.268583,5
0,16,512,256,qrblock,1,25.428292,25.342562,25.760927,6
0,16,512,256,cpu,1,8.857875,8.760708,8.916083,17
0,16,512,256,bidiag,1,105.015500,104.847542,105.336875,5
0,16,512,256,bidiag_vals,1,86.910541,86.622416,87.003250,5
0,16,512,256,cpu_vals,1,5.682583,5.349458,5.982042,25
0,64,512,32,jacobi,1,2.276208,2.261583,2.301667,25
0,64,512,32,block,1,3.673958,3.600542,3.739958,25
0,64,512,32,qr,1,2.085209,2.013042,2.127167,25
0,64,512,32,qrblock,1,3.235083,3.200083,3.821208,25
0,64,512,32,gk,1,2.180084,2.143750,2.253917,25
0,64,512,32,gk_vals,1,1.853500,1.681167,2.053750,25
0,64,512,32,cpu_vals,1,0.684291,0.596208,0.697083,25
0,64,512,32,gk_share,1,2.182167,2.151042,2.270417,25
0,64,512,32,gk_share_vals,1,1.530709,1.391208,1.698084,25
0,64,512,32,cpu,1,1.101084,1.043333,1.483042,25
0,1,1024,128,jacobi,1,18.441958,18.426250,18.453708,9
0,1,1024,128,block,1,8.854500,8.709000,8.927500,17
0,1,1024,128,qr,1,5.568334,5.534875,5.609250,25
0,1,1024,128,qrblock,1,6.549667,6.439604,6.618374,23
0,1,1024,128,cpu,1,2.162125,2.157750,2.175166,25
0,1,1024,128,bidiag,1,3.840791,3.816458,3.942250,25
0,1,1024,128,bidiag_vals,1,2.983750,2.966042,3.069916,25
0,1,1024,128,cpu_vals,1,1.162500,1.157834,1.165542,25
0,256,512,32,jacobi,1,11.775125,11.713541,11.808708,13
0,256,512,32,block,1,8.510125,8.440104,8.670635,18
0,256,512,32,qr,1,6.828646,6.700073,7.012406,22
0,256,512,32,qrblock,1,7.787208,7.559479,7.863708,20
0,256,512,32,gk,1,6.024709,5.873833,6.066875,25
0,256,512,32,gk_vals,1,3.901792,3.734084,4.029916,25
0,256,512,32,cpu_vals,1,2.042292,1.969583,2.082084,25
0,256,512,32,gk_share,1,5.600625,5.485667,5.652375,25
0,256,512,32,gk_share_vals,1,3.398959,3.327500,3.600000,25
0,256,512,32,cpu,1,4.033000,3.814125,4.382792,25
0,1,512,128,jacobi,1,10.244083,10.227854,10.285604,15
0,1,512,128,block,1,6.666250,6.616354,6.711105,23
0,1,512,128,qr,1,5.002042,4.995834,5.012125,25
0,1,512,128,qrblock,1,5.824042,5.590667,5.963458,25
0,1,512,128,cpu,1,1.684333,1.651959,1.846750,25
0,1,512,128,bidiag,1,3.317333,3.301667,3.355625,25
0,1,512,128,bidiag_vals,1,2.401000,2.394208,2.409750,25
0,1,512,128,cpu_vals,1,0.929042,0.925000,0.936750,25
0,16,512,512,jacobi,1,955.694791,954.430208,961.118938,3
0,16,512,512,block,1,164.837583,163.529916,164.934209,5
0,16,512,512,cpu,1,29.762437,28.228010,31.904114,6
0,16,512,512,bidiag,1,160.750709,160.726375,160.899542,5
0,16,512,512,bidiag_vals,1,122.586959,122.553375,122.750708,5
0,16,512,512,cpu_vals,1,18.332041,15.203125,18.485875,9
0,16,512,512,band_vals,1,153.267000,153.148042,153.283834,5
0,1024,8,8,jacobi,1,0.505958,0.500750,0.520875,25
0,1024,8,8,gk,1,0.367875,0.364375,0.372000,25
0,1024,8,8,gk_vals,1,0.266250,0.261083,0.269708,25
0,1024,8,8,cpu_vals,1,0.311000,0.280417,0.576208,25
0,1024,8,8,gk_share,1,0.631875,0.577625,0.657500,25
0,1024,8,8,gk_share_vals,1,0.393250,0.381375,0.403208,25
0,1024,8,8,cpu,1,0.473708,0.438250,0.484584,25
0,4,128,8,jacobi,1,0.214042,0.209875,0.234833,25
0,4,128,8,qr,1,0.419791,0.411167,0.429542,25
0,4,128,8,gk,1,0.240791,0.233042,0.243875,25
0,4,128,8,gk_vals,1,0.177000,0.171791,0.214167,25
0,4,128,8,cpu_vals,1,0.022334,0.020917,0.026167,25
0,4,128,8,cpu,1,0.045292,0.044041,0.045958,25
0,1,64,16,jacobi,1,0.207917,0.197000,0.222916,25
0,1,64,16,qr,1,0.429875,0.413958,0.443375,25
0,1,64,16,gk,1,0.342833,0.336709,0.349708,25
0,1,64,16,gk_vals,1,0.280334,0.269834,0.289375,25
0,1,64,16,cpu_vals,1,0.012667,0.012583,0.012875,25
0,1,64,16,cpu,1,0.031791,0.029333,0.037416,25
0,64,96,96,jacobi,1,8.561167,8.538574,8.578125,18
0,64,96,96,block,1,8.283375,8.213167,8.320666,19
0,64,96,96,cpu,1,2.965292,2.944333,3.006625,25
0,256,256,8,jacobi,1,0.574708,0.565041,0.666083,25
0,256,256,8,qr,1,0.965959,0.961000,0.979167,25
0,256,256,8,gk,1,0.518333,0.512250,0.519667,25
0,256,256,8,gk_vals,1,0.290208,0.287167,0.294208,25
0,256,256,8,cpu_vals,1,0.265459,0.247833,0.271541,25
0,256,256,8,gk_share,1,0.587750,0.577458,0.654250,25
0,256,256,8,gk_share_vals,1,0.459541,0.447750,0.490500,25
0,256,256,8,cpu,1,0.503542,0.482625,0.666083,25
0,1,96,96,jacobi,1,2.380042,2.373083,2.395959,25
0,1,96,96,block,1,4.032167,3.899375,4.166542,25
0,1,96,96,cpu,1,0.548500,0.545917,0.556333,25
0,256,256,32,jacobi,1,5.233291,5.147500,5.493167,25
0,256,256,32,block,1,4.829334,4.775833,4.905292,25
0,256,256,32,qr,1,4.598333,4.493042,4.822708,25
0,256,256,32,qrblock,1,5.488084,5.214916,5.691750,25
0,256,256,32,gk,1,3.969542,3.737375,4.208000,25
0,256,256,32,gk_vals,1,2.386834,2.082291,2.522708,25
0,256,256,32,cpu_vals,1,1.500125,1.141458,1.549292,25
0,256,256,32,gk_share,1,3.985208,3.844166,4.297667,25
0,256,256,32,gk_share_vals,1,2.365750,1.977792,2.583083,25
0,256,256,32,cpu,1,2.837459,2.745875,2.902125,25
0,256,16,8,jacobi,1,0.349916,0.340125,0.367709,25
0,256,16,8,qr,1,0.652292,0.606250,0.690834,25
0,256,16,8,gk,1,0.259167,0.246625,0.263750,25
0,256,16,8,gk_vals,1,0.198500,0.186792,0.214250,25
0,256,16,8,cpu_vals,1,0.170250,0.167833,0.178458,25
0,256,16,8,gk_share,1,0.435917,0.402250,0.470459,25
0,256,16,8,gk_share_vals,1,0.352750,0.312666,0.381833,25
0,256,16,8,cpu,1,0.238750,0.233208,0.247625,25
0,256,48,48,jacobi,1,6.024167,5.886834,6.141208,25
0,256,48,48,block,1,8.434417,8.212969,8.565636,18
0,256,48,48,gk,1,2.483250,2.383083,2.551542,25
0,256,48,48,gk_vals,1,1.233833,1.178917,1.256250,25
0,256,48,48,cpu_vals,1,0.849709,0.826250,0.886334,25
0,256,48,48,gk_share,1,1.629833,1.570542,1.706000,25
0,256,48,48,gk_share_vals,1,1.074750,1.017291,1.137042,25
0,256,48,48,cpu,1,2.563791,2.501917,2.675708,25
0,1024,1024,32,jacobi,1,144.474084,143.902667,146.003750,5
0,1024,1024,32,block,1,42.919375,42.157375,43.055500,5
0,1024,1024,32,qr,1,39.830625,39.695209,39.903500,5
0,1024,1024,32,qrblock,1,43.172750,42.654167,43.483500,5
0,1024,1024,32,gk,1,39.907167,39.738500,40.513125,5
0,1024,1024,32,gk_vals,1,24.644167,22.277729,26.166812,7
0,1024,1024,32,cpu_vals,1,10.557541,10.418312,10.732291,15
0,1024,1024,32,gk_share,1,23.764167,23.620312,24.274083,7
0,1024,1024,32,gk_share_vals,1,13.754083,13.473229,14.320813,11
0,1024,1024,32,cpu,1,22.966958,22.770979,23.559208,7
0,1,1536,1536,cpu,1,178.762916,178.486000,179.733750,5
0,1,1536,1536,bidiag,1,124.235750,123.849708,129.443542,5
0,1,1536,1536,bidiag_vals,1,50.466833,50.339625,50.632084,5
0,1,1536,1536,cpu_vals,1,85.872500,85.812292,86.051875,5
0,1,1536,1536,band_vals,1,44.492208,44.466458,44.769250,5
0,4,256,128,jacobi,1,5.768000,5.759416,5.783500,25
0,4,256,128,block,1,5.835500,5.705375,5.907375,25
0,4,256,128,qr,1,5.109291,5.099334,5.116208,25
0,4,256,128,qrblock,1,6.136500,6.044875,6.267959,25
0,4,256,128,cpu,1,1.900500,1.873167,1.913916,25
0,4,256,128,bidiag,1,10.240417,10.186270,10.334250,15
0,4,256,128,bidiag_vals,1,7.927458,7.852792,7.995812,19
0,4,256,128,cpu_vals,1,1.096583,1.087000,1.105458,25
0,64,256,32,jacobi,1,1.337750,1.327583,1.378042,25
0,64,256,32,block,1,2.603917,2.551625,2.673084,25
0,64,256,32,qr,1,1.641917,1.573709,1.657000,25
0,64,256,32,qrblock,1,2.724875,2.671791,2.776209,25
0,64,256,32,gk,1,1.717583,1.679917,1.742750,25
0,64,256,32,gk_vals,1,1.060250,0.999167,1.079958,25
0,64,256,32,cpu_vals,1,0.407917,0.369791,0.541708,25
0,64,256,32,gk_share,1,1.693625,1.667666,1.767000,25
0,64,256,32,gk_share_vals,1,1.077833,1.044000,1.154750,25
0,64,256,32,cpu,1,0.721125,0.706375,0.748083,25
0,4,256,8,jacobi,1,0.453542,0.441083,0.479875,25
0,4,256,8,qr,1,0.432958,0.423333,0.436250,25
0,4,256,8,gk,1,0.241792,0.236750,0.243750,25
0,4,256,8,gk_vals,1,0.183542,0.178166,0.196875,25
0,4,256,8,cpu_vals,1,0.027875,0.027375,0.028083,25
0,4,256,8,cpu,1,0.050959,0.049042,0.051875,25
0,4,128,32,jacobi,1,0.515958,0.405709,1.280625,25
0,4,128,32,block,1,2.066167,1.970208,2.099792,25
0,4,128,32,qr,1,0.573917,0.570792,0.583750,25
0,4,128,32,qrblock,1,1.981625,1.967833,2.002417,25
0,4,128,32,gk,1,0.803666,0.766541,0.821375,25
0,4,128,32,gk_vals,1,0.528708,0.504333,0.538584,25
0,4,128,32,cpu_vals,1,0.068375,0.067583,0.070333,25
0,4,128,32,cpu,1,0.122541,0.120292,0.125125,25
0,1,64,8,jacobi,1,0.325083,0.301167,0.334875,25
0,1,64,8,qr,1,0.391875,0.382709,0.425583,25
0,1,64,8,gk,1,0.233875,0.217167,0.253084,25
0,1,64,8,gk_vals,1,0.243583,0.202250,0.256667,25
0,1,64,8,cpu_vals,1,0.006500,0.006417,0.006583,25
0,1,64,8,cpu,1,0.012041,0.012000,0.012208,25
0,256,64,64,jacobi,1,13.273333,12.543688,13.698365,12
0,256,64,64,block,1,9.114167,9.026542,9.160000,17
0,256,64,64,gk,1,5.074292,5.040542,5.092583,25
0,256,64,64,gk_vals,1,2.384208,2.381417,2.392834,25
0,256,64,64,cpu_vals,1,1.335209,1.298125,1.594000,25
0,256,64,64,gk_share,1,3.412958,3.397708,3.454042,25
0,256,64,64,gk_share_vals,1,1.991208,1.978708,2.521750,25
0,256,64,64,cpu,1,3.711458,3.675625,4.120083,25
0,1024,64,16,jacobi,1,2.117500,2.104625,2.136042,25
0,1024,64,16,qr,1,2.791750,2.706958,2.912000,25
0,1024,64,16,gk,1,1.443375,1.417375,1.462375,25
0,1024,64,16,gk_vals,1,0.743584,0.706958,0.753667,25
0,1024,64,16,cpu_vals,1,0.879542,0.788000,1.318250,25
0,1024,64,16,gk_share,1,1.665666,1.634042,1.738000,25
0,1024,64,16,gk_share_vals,1,1.099250,0.987667,1.127208,25
0,1024,64,16,cpu,1,2.507834,2.031667,2.537708,25
0,16,48,48,jacobi,1,0.930041,0.816250,1.363500,25
0,16,48,48,block,1,2.867208,2.833250,2.880000,25
0,16,48,48,gk,1,1.117750,1.086708,1.169500,25
0,16,48,48,gk_vals,1,0.868250,0.845250,0.900125,25
0,16,48,48,cpu_vals,1,0.166541,0.162375,0.170208,25
0,16,48,48,cpu,1,0.298709,0.291542,0.307750,25
0,1,32,16,jacobi,1,0.458209,0.443333,0.489667,25
0,1,32,16,qr,1,0.442875,0.414875,0.450791,25
0,1,32,16,gk,1,0.305583,0.287541,0.325708,25
0,1,32,16,gk_vals,1,0.249209,0.242667,0.259208,25
0,1,32,16,cpu_vals,1,0.010584,0.010541,0.010709,25
0,1,32,16,cpu,1,0.031125,0.026417,0.031667,25
0,256,512,256,jacobi,1,1944.077292,1942.948584,1946.451375,3
0,256,512,256,block,1,425.666208,425.171854,426.035833,3
0,256,512,256,qr,1,1089.003459,1086.566251,1094.993729,3
0,256,512,256,qrblock,1,352.427250,351.586855,355.413937,3
0,256,512,256,cpu,1,117.566875,116.637791,118.431083,5
0,16,256,64,jacobi,1,1.617209,1.595375,1.630250,25
0,16,256,64,block,1,3.351083,3.316083,3.434542,25
0,16,256,64,qr,1,1.852709,1.811458,1.887334,25
0,16,256,64,qrblock,1,3.375958,3.364417,3.416208,25
0,16,256,64,gk,1,2.765375,2.755208,2.807917,25
0,16,256,64,gk_vals,1,1.983083,1.951042,2.006250,25
0,16,256,64,cpu_vals,1,0.397750,0.333084,0.439750,25
0,16,256,64,cpu,1,0.662125,0.650792,0.691667,25
0,1024,512,32,jacobi,1,47.617375,47.571458,48.901000,5
0,1024,512,32,block,1,23.848292,23.451709,24.080896,7
0,1024,512,32,qr,1,22.581708,22.494312,22.715459,7
0,1024,512,32,qrblock,1,23.367625,22.785542,23.968792,7
0,1024,512,32,gk,1,20.001792,19.786427,20.373250,8
0,1024,512,32,gk_vals,1,12.107000,11.845417,12.528417,13
0,1024,512,32,cpu_vals,1,5.840500,5.714250,6.111583,25
0,1024,512,32,gk_share,1,16.721792,15.946167,17.121521,10
0,1024,512,32,gk_share_vals,1,7.896667,7.819687,7.971312,19
0,1024,512,32,cpu,1,13.258563,13.116271,13.760041,12
0,16,64,8,jacobi,1,0.361916,0.358792,0.375833,25
0,16,64,8,qr,1,0.433250,0.422917,0.453584,25
0,16,64,8,gk,1,0.227916,0.216709,0.230167,25
0,16,64,8,gk_vals,1,0.191041,0.181916,0.205125,25
0,16,64,8,cpu_vals,1,0.076792,0.074500,0.079667,25
0,16,64,8,cpu,1,0.080792,0.074625,0.105375,25
0,4,128,16,jacobi,1,0.588458,0.259625,0.602625,25
0,4,128,16,qr,1,0.450709,0.433417,0.491833,25
0,4,128,16,gk,1,0.343333,0.330500,0.380209,25
0,4,128,16,gk_vals,1,0.257708,0.252250,0.267625,25
0,4,128,16,cpu_vals,1,0.042708,0.041333,0.044500,25
0,4,128,16,cpu,1,0.063708,0.062750,0.066000,25
0,64,32,8,jacobi,1,0.376667,0.369167,0.382542,25
0,64,32,8,qr,1,0.479042,0.459333,0.500125,25
0,64,32,8,gk,1,0.236125,0.234917,0.238209,25
0,64,32,8,gk_vals,1,0.198042,0.191041,0.208000,25
0,64,32,8,cpu_vals,1,0.148750,0.120917,0.254125,25
0,64,32,8,gk_share,1,0.338458,0.334791,0.349208,25
0,64,32,8,gk_share_vals,1,0.272166,0.263542,0.300416,25
0,64,32,8,cpu,1,0.150584,0.141167,0.196959,25
0,4096,512,64,jacobi,0,0,0,0,0
0,4096,512,64,block,0,0,0,0,0
0,4096,512,64,qr,0,0,0,0,0
0,4096,512,64,qrblock,0,0,0,0,0
0,4096,512,64,gk,0,0,0,0,0
0,4096,512,64,gk_vals,0,0,0,0,0
0,4096,512,64,cpu_vals,0,0,0,0,0
0,4096,512,64,gk_share,0,0,0,0,0
0,4096,512,64,gk_share_vals,0,0,0,0,0
0,4096,512,64,cpu,0,0,0,0,0
0,16,64,16,jacobi,1,0.521416,0.509375,0.534708,25
0,16,64,16,qr,1,0.445625,0.435375,0.479292,25
0,16,64,16,gk,1,0.313208,0.308208,0.335083,25
0,16,64,16,gk_vals,1,0.257208,0.250875,0.266083,25
0,16,64,16,cpu_vals,1,0.100333,0.082209,0.134417,25
0,16,64,16,cpu,1,0.145375,0.132542,0.168708,25
0,4096,80,80,jacobi,1,431.870125,427.471041,432.290437,3
0,4096,80,80,block,1,311.303166,310.125312,312.156437,3
0,4096,80,80,gk,1,150.339750,150.284667,150.433958,5
0,4096,80,80,gk_vals,1,62.275042,62.215000,62.494167,5
0,4096,80,80,cpu_vals,1,54.747208,54.125250,54.939625,5
0,4096,80,80,gk_share,1,66.160833,66.131167,66.238209,5
0,4096,80,80,gk_share_vals,1,33.825625,32.802583,33.903375,5
0,4096,80,80,cpu,1,105.659041,101.486167,106.780292,5
0,64,256,8,jacobi,1,0.539042,0.453250,0.597458,25
0,64,256,8,qr,1,0.623875,0.604583,0.638500,25
0,64,256,8,gk,1,0.289250,0.282000,0.296500,25
0,64,256,8,gk_vals,1,0.212000,0.201875,0.216833,25
0,64,256,8,cpu_vals,1,0.176416,0.162709,0.206250,25
0,64,256,8,gk_share,1,0.380583,0.374125,0.384083,25
0,64,256,8,gk_share_vals,1,0.311125,0.306084,0.313083,25
0,64,256,8,cpu,1,0.225833,0.213125,0.236625,25
0,4096,4,4,jacobi,1,0.784083,0.734083,0.826834,25
0,4096,4,4,gk,1,0.390417,0.386250,0.395625,25
0,4096,4,4,gk_vals,1,0.278833,0.275625,0.281750,25
0,4096,4,4,cpu_vals,1,0.486583,0.468416,0.546083,25
0,4096,4,4,gk_share,1,0.628959,0.596250,0.662833,25
0,4096,4,4,gk_share_vals,1,0.536667,0.517459,0.576833,25
0,4096,4,4,cpu,1,0.707541,0.685125,0.782167,25
0,64,128,128,jacobi,1,34.047166,33.042459,34.322667,5
0,64,128,128,block,1,14.467875,14.366562,14.559500,11
0,64,128,128,cpu,1,6.376146,6.058917,6.448469,24
0,64,128,128,bidiag,1,144.147709,143.848000,144.622708,5
0,64,128,128,bidiag_vals,1,103.513458,103.497250,103.586833,5
0,64,128,128,cpu_vals,1,4.307833,3.950500,4.395792,25
0,16,512,32,jacobi,1,0.800042,0.787375,0.814083,25
0,16,512,32,block,1,2.864959,2.843417,2.895125,25
0,16,512,32,qr,1,0.983541,0.968000,0.994500,25
0,16,512,32,qrblock,1,2.386375,2.371709,2.416833,25
0,16,512,32,gk,1,1.478208,1.435292,1.486084,25
0,16,512,32,gk_vals,1,0.879084,0.857083,0.887375,25
0,16,512,32,cpu_vals,1,0.263625,0.222875,0.547209,25
0,16,512,32,cpu,1,0.401167,0.370042,0.471208,25
0,16,384,384,jacobi,1,236.483709,236.464959,236.717708,5
0,16,384,384,block,1,67.729834,67.158250,67.933917,5
0,16,384,384,cpu,1,12.782604,12.754990,13.027604,12
0,16,384,384,bidiag,1,112.983417,112.849416,113.504000,5
0,16,384,384,bidiag_vals,1,88.505292,88.502416,88.906750,5
0,16,384,384,cpu_vals,1,7.183083,6.916625,7.413375,21
0,16,32,8,jacobi,1,0.367750,0.340459,0.816458,25
0,16,32,8,qr,1,0.411917,0.403917,0.421166,25
0,16,32,8,gk,1,0.229541,0.227250,0.233792,25
0,16,32,8,gk_vals,1,0.180250,0.175958,0.194542,25
0,16,32,8,cpu_vals,1,0.067500,0.065708,0.071125,25
0,16,32,8,cpu,1,0.093458,0.077708,0.104083,25
0,1,4,4,jacobi,1,0.242542,0.215792,0.254250,25
0,1,4,4,gk,1,0.261917,0.254875,0.273667,25
0,1,4,4,gk_vals,1,0.179000,0.175708,0.206542,25
0,1,4,4,cpu_vals,1,0.003834,0.003833,0.004208,25
0,1,4,4,cpu,1,0.003875,0.003833,0.004125,25
0,16,2048,256,jacobi,1,531.728875,531.497979,542.276625,3
0,16,2048,256,block,1,72.456583,72.148708,72.539417,5
0,16,2048,256,qr,1,74.486958,74.112209,74.570958,5
0,16,2048,256,qrblock,1,36.856000,36.325042,36.988250,5
0,16,2048,256,cpu,1,20.298562,20.187531,20.782490,8
0,16,2048,256,bidiag,1,161.668958,161.144416,161.923791,5
0,16,2048,256,bidiag_vals,1,137.231000,137.054500,137.935459,5
0,16,2048,256,cpu_vals,1,9.458854,9.249812,9.722135,16
0,256,80,80,jacobi,1,26.396791,26.252032,26.664990,6
0,256,80,80,block,1,20.306396,20.163803,20.422406,8
0,256,80,80,gk,1,10.908375,10.399500,11.224302,14
0,256,80,80,gk_vals,1,4.869042,4.822625,4.942625,25
0,256,80,80,cpu_vals,1,4.237792,3.974250,4.373250,25
0,256,80,80,gk_share,1,7.015083,6.934292,8.039792,21
0,256,80,80,gk_share_vals,1,3.570916,3.502875,4.618250,25
0,256,80,80,cpu,1,7.437416,7.224417,7.672625,21
0,256,512,16,jacobi,1,2.703542,2.637291,2.748667,25
0,256,512,16,qr,1,3.038042,2.406083,3.333292,25
0,256,512,16,gk,1,2.389875,2.277375,3.060958,25
0,256,512,16,gk_vals,1,2.172083,1.633542,2.267500,25
0,256,512,16,cpu_vals,1,1.243250,1.138708,1.276459,25
0,256,512,16,gk_share,1,2.296958,2.211666,3.091458,25
0,256,512,16,gk_share_vals,1,1.350500,1.267208,2.086125,25
0,256,512,16,cpu,1,1.879166,1.819833,1.906209,25
0,4,256,256,jacobi,1,34.844250,34.781000,34.859792,5
0,4,256,256,block,1,14.335167,14.233958,14.403605,11
0,4,256,256,cpu,1,4.178667,4.147042,4.192666,25
0,4,256,256,bidiag,1,18.807187,18.490177,19.008667,8
0,4,256,256,bidiag_vals,1,14.440583,14.410979,14.524854,11
0,4,256,256,cpu_vals,1,2.306417,2.296958,2.320333,25
0,4096,512,32,jacobi,1,191.289458,190.513208,193.864250,5
0,4096,512,32,block,1,88.140750,87.335625,89.379792,5
0,4096,512,32,qr,1,81.577458,77.067000,83.840125,5
0,4096,512,32,qrblock,1,76.131709,75.228708,76.969167,5
0,4096,512,32,gk,1,69.348375,68.273625,72.050250,5
0,4096,512,32,gk_vals,1,33.692708,33.674125,33.703375,5
0,4096,512,32,cpu_vals,1,23.104083,22.660355,23.676271,7
0,4096,512,32,gk_share,1,47.066125,46.833167,48.598417,5
0,4096,512,32,gk_share_vals,1,27.247250,25.810354,28.304459,6
0,4096,512,32,cpu,1,50.536209,49.425959,50.884416,5
0,4096,56,56,jacobi,1,105.556208,104.173750,105.612333,5
0,4096,56,56,block,1,108.223167,108.176292,108.431750,5
0,4096,56,56,gk,1,43.857542,43.774458,43.862833,5
0,4096,56,56,gk_vals,1,17.839792,17.820792,17.920292,9
0,4096,56,56,cpu_vals,1,14.211458,13.994937,14.429896,11
0,4096,56,56,gk_share,1,25.148063,25.089063,25.251968,6
0,4096,56,56,gk_share_vals,1,9.304583,8.927198,9.359916,16
0,4096,56,56,cpu,1,42.047167,41.769083,42.796916,5
0,1024,192,192,jacobi,1,1700.705375,1697.025708,1704.919355,3
0,1024,192,192,block,1,609.791375,609.460646,612.613020,3
0,1024,192,192,cpu,1,153.327958,141.276750,158.559125,5
0,64,8,8,jacobi,1,0.355541,0.335375,0.529042,25
0,64,8,8,gk,1,0.245708,0.236833,0.266000,25
0,64,8,8,gk_vals,1,0.186458,0.176000,0.198209,25
0,64,8,8,cpu_vals,1,0.134166,0.088625,0.194292,25
0,64,8,8,gk_share,1,0.339666,0.326083,0.345750,25
0,64,8,8,gk_share_vals,1,0.288584,0.264625,0.331167,25
0,64,8,8,cpu,1,0.140041,0.124917,0.263417,25
0,1,2048,256,jacobi,1,151.257166,150.487834,151.868750,5
0,1,2048,256,block,1,23.410125,23.327646,23.506854,7
0,1,2048,256,qr,1,33.248375,32.740125,33.249958,5
0,1,2048,256,qrblock,1,16.415270,16.338499,16.550449,10
0,1,2048,256,cpu,1,9.139333,8.967458,9.171209,17
0,1,2048,256,bidiag,1,12.123083,11.868083,12.357417,13
0,1,2048,256,bidiag_vals,1,9.444896,9.381114,9.503354,16
0,1,2048,256,cpu_vals,1,4.132291,4.116208,4.150291,25
0,64,1024,256,jacobi,1,1008.917625,1008.263729,1011.551729,3
0,64,1024,256,block,1,169.509333,169.077125,169.545166,5
0,64,1024,256,qr,1,284.759250,284.266250,288.118458,5
0,64,1024,256,qrblock,1,99.178000,99.109583,99.955708,5
0,64,1024,256,cpu,1,42.569959,41.799791,43.417084,5
0,64,1024,256,bidiag,1,486.086417,486.066688,486.686542,3
0,64,1024,256,bidiag_vals,1,413.982000,412.429667,426.835959,3
0,64,1024,256,cpu_vals,1,21.164584,19.715500,24.792020,7
0,64,32,16,jacobi,1,0.916666,0.856500,0.994916,25
0,64,32,16,qr,1,0.605000,0.585708,0.627708,25
0,64,32,16,gk,1,0.365708,0.359375,0.378750,25
0,64,32,16,gk_vals,1,0.286333,0.282084,0.292625,25
0,64,32,16,cpu_vals,1,0.149291,0.146708,0.161084,25
0,64,32,16,gk_share,1,0.463250,0.458125,0.471083,25
0,64,32,16,gk_share_vals,1,0.365584,0.361000,0.372166,25
0,64,32,16,cpu,1,0.235000,0.226917,0.244916,25
0,4096,256,16,jacobi,1,15.493958,15.368177,15.630959,10
0,4096,256,16,qr,1,19.871354,19.634063,20.022823,8
0,4096,256,16,gk,1,12.921646,12.756625,12.996083,12
0,4096,256,16,gk_vals,1,5.584708,5.375458,5.902666,25
0,4096,256,16,cpu_vals,1,5.070167,4.944833,5.255083,25
0,4096,256,16,gk_share,1,10.211417,10.018166,10.473500,15
0,4096,256,16,gk_share_vals,1,3.536333,3.355917,3.759833,25
0,4096,256,16,cpu,1,12.963521,12.773073,13.568823,12
0,1024,1024,256,qrblock,1,1629.548167,1607.685875,1630.666354,3
0,16,256,8,jacobi,1,0.453916,0.443875,0.473667,25
0,16,256,8,qr,1,0.467667,0.456042,0.494000,25
0,16,256,8,gk,1,0.243250,0.231584,0.245041,25
0,16,256,8,gk_vals,1,0.198916,0.189708,0.210708,25
0,16,256,8,cpu_vals,1,0.116666,0.096917,0.119542,25
0,16,256,8,cpu,1,0.117042,0.110083,0.125875,25
0,256,1024,64,jacobi,1,156.804583,156.180084,157.089583,5
0,256,1024,64,block,1,33.537458,33.497291,33.980083,5
0,256,1024,64,qr,1,34.151458,33.776250,34.402625,5
0,256,1024,64,qrblock,1,31.933875,31.690625,31.981917,5
0,256,1024,64,gk,1,30.522334,30.015875,30.545416,5
0,256,1024,64,gk_vals,1,19.920437,19.826563,20.749458,8
0,256,1024,64,cpu_vals,1,9.380958,9.305844,9.539803,16
0,256,1024,64,gk_share,1,27.280833,26.487958,27.500896,6
0,256,1024,64,gk_share_vals,1,16.973333,16.850167,17.189458,9
0,256,1024,64,cpu,1,19.325916,19.057916,19.607375,8
0,1024,16,8,jacobi,1,0.737167,0.612417,1.148709,25
0,1024,16,8,qr,1,0.976625,0.957667,1.004333,25
0,1024,16,8,gk,1,0.399250,0.397125,0.401667,25
0,1024,16,8,gk_vals,1,0.278167,0.272000,0.285500,25
0,1024,16,8,cpu_vals,1,0.405625,0.345125,0.555958,25
0,1024,16,8,gk_share,1,0.683667,0.669292,0.734875,25
0,1024,16,8,gk_share_vals,1,0.418291,0.407292,0.432125,25
0,1024,16,8,cpu,1,0.624334,0.612791,0.648792,25
0,4,80,80,jacobi,1,1.854042,1.845958,1.866250,25
0,4,80,80,block,1,3.882250,3.815750,3.966750,25
0,4,80,80,gk,1,2.488375,2.480417,2.504375,25
0,4,80,80,gk_vals,1,1.816750,1.792541,1.829125,25
0,4,80,80,cpu_vals,1,0.257834,0.248333,0.271417,25
0,4,80,80,cpu,1,0.438083,0.433750,0.447792,25
0,16,128,8,jacobi,1,0.232375,0.213708,0.817583,25
0,16,128,8,qr,1,0.443208,0.430500,0.450625,25
0,16,128,8,gk,1,0.233834,0.231833,0.237292,25
0,16,128,8,gk_vals,1,0.187833,0.179625,0.202459,25
0,16,128,8,cpu_vals,1,0.092334,0.071917,0.109167,25
0,16,128,8,cpu,1,0.117833,0.090791,0.172250,25
0,1024,128,8,jacobi,1,0.994208,0.953875,1.019791,25
0,1024,128,8,qr,1,1.700958,1.632708,2.122042,25
0,1024,128,8,gk,1,0.955208,0.912375,0.986667,25
0,1024,128,8,gk_vals,1,0.412708,0.408541,0.415875,25
0,1024,128,8,cpu_vals,1,0.627583,0.523792,0.681292,25
0,1024,128,8,gk_share,1,0.966917,0.931292,0.993875,25
0,1024,128,8,gk_share_vals,1,0.611333,0.591125,0.628042,25
0,1024,128,8,cpu,1,0.990375,0.899375,1.415709,25
0,1,48,48,jacobi,1,0.788666,0.741834,1.155500,25
0,1,48,48,block,1,2.493834,2.448750,2.546750,25
0,1,48,48,gk,1,1.039459,1.014041,1.057208,25
0,1,48,48,gk_vals,1,0.816875,0.766541,0.861709,25
0,1,48,48,cpu_vals,1,0.039250,0.037375,0.040708,25
0,1,48,48,cpu,1,0.116542,0.115416,0.119791,25
0,1024,2048,128,qr,1,725.474083,720.425354,726.216854,3
0,1024,2048,128,qrblock,1,460.778208,458.299313,461.723563,3
0,1024,2048,128,cpu,1,412.886416,410.400313,413.888417,3
0,1,3072,3072,cpu,1,1336.166500,1332.302146,1339.202333,3
0,1,3072,3072,bidiag,1,623.735917,623.209208,627.794333,3
0,1,3072,3072,bidiag_vals,1,293.359000,293.199083,293.701750,5
0,1,3072,3072,cpu_vals,1,741.502584,740.459563,750.270771,3
0,1,3072,3072,band_vals,1,130.737250,130.126500,131.218000,5
0,256,2048,128,jacobi,1,1840.104458,1834.999417,1845.203854,3
0,256,2048,128,block,1,241.593292,239.569333,242.688833,5
0,256,2048,128,qr,1,216.834292,215.491000,217.008584,5
0,256,2048,128,qrblock,1,159.790250,159.459625,159.877833,5
0,256,2048,128,cpu,1,108.937958,108.641375,109.405042,5
0,256,2048,128,bidiag,1,1265.264667,1264.479501,1266.092521,3
0,256,2048,128,bidiag_vals,1,1081.034292,1080.067708,1081.247355,3
0,256,2048,128,cpu_vals,1,45.859292,45.733125,45.878292,5
0,1024,32,8,jacobi,1,0.560042,0.549834,0.586208,25
0,1024,32,8,qr,1,1.027958,1.022709,1.042750,25
0,1024,32,8,gk,1,0.482750,0.479958,0.487167,25
0,1024,32,8,gk_vals,1,0.291417,0.287042,0.297834,25
0,1024,32,8,cpu_vals,1,0.356500,0.348625,0.561709,25
0,1024,32,8,gk_share,1,0.675750,0.661875,0.688750,25
0,1024,32,8,gk_share_vals,1,0.421875,0.406541,0.535084,25
0,1024,32,8,cpu,1,0.657709,0.605708,0.681792,25
0,4,128,128,jacobi,1,4.942042,4.936083,4.953334,25
0,4,128,128,block,1,6.294417,6.206229,6.362021,24
0,4,128,128,cpu,1,1.342417,1.334208,1.353292,25
0,4,128,128,bidiag,1,8.997250,8.913458,9.151209,17
0,4,128,128,bidiag_vals,1,6.545000,6.532063,6.631250,23
0,4,128,128,cpu_vals,1,0.917625,0.891791,0.926875,25
0,64,16,8,jacobi,1,0.395667,0.386292,0.400542,25
0,64,16,8,qr,1,0.480875,0.449750,0.670209,25
0,64,16,8,gk,1,0.246417,0.245042,0.248583,25
0,64,16,8,gk_vals,1,0.210375,0.203667,0.212375,25
0,64,16,8,cpu_vals,1,0.151458,0.110292,0.225875,25
0,64,16,8,gk_share,1,0.340792,0.339041,0.342833,25
0,64,16,8,gk_share_vals,1,0.299292,0.293416,0.306750,25
0,64,16,8,cpu,1,0.145084,0.136584,0.212416,25
0,4,56,56,jacobi,1,0.975416,0.929292,0.989042,25
0,4,56,56,block,1,2.826125,2.783583,2.878250,25
0,4,56,56,gk,1,1.350375,1.344959,1.396584,25
0,4,56,56,gk_vals,1,1.058625,1.048125,1.086042,25
0,4,56,56,cpu_vals,1,0.084625,0.083791,0.085667,25
0,4,56,56,cpu,1,0.182875,0.181375,0.186416,25
0,64,80,80,jacobi,1,5.725625,5.710875,5.746750,25
0,64,80,80,block,1,7.800729,7.758260,7.828708,20
0,64,80,80,gk,1,4.060167,4.051166,4.066041,25
0,64,80,80,gk_vals,1,2.616541,2.611458,2.623667,25
0,64,80,80,cpu_vals,1,1.033042,1.005125,1.069791,25
0,64,80,80,gk_share,1,2.960167,2.952167,2.970084,25
0,64,80,80,gk_share_vals,1,2.151334,2.079333,2.252417,25
0,64,80,80,cpu,1,1.891834,1.871833,1.908583,25
0,4096,96,96,jacobi,1,754.191500,753.300896,754.770104,3
0,4096,96,96,block,1,347.015541,346.507937,347.086875,3
0,4096,96,96,cpu,1,152.473959,149.867541,153.393958,5
0,4096,1024,128,qr,1,2372.607791,2371.816770,2373.179625,3
0,4096,1024,128,qrblock,1,1290.765417,1290.411812,1292.623251,3
0,4096,1024,128,cpu,1,928.921542,925.577396,930.579855,3
0,256,128,64,jacobi,1,14.491500,13.982646,15.347646,11
0,256,128,64,block,1,9.322917,9.299666,9.368208,17
0,256,128,64,qr,1,16.107584,14.940875,16.926104,10
0,256,128,64,qrblock,1,12.073959,11.982792,12.234208,13
0,256,128,64,gk,1,9.826667,9.703625,9.915948,16
0,256,128,64,gk_vals,1,5.724584,5.589875,5.883375,25
0,256,128,64,cpu_vals,1,2.263875,2.230584,2.591125,25
0,256,128,64,gk_share,1,7.918542,7.881541,7.941750,19
0,256,128,64,gk_share_vals,1,5.024667,4.694375,5.124042,25
0,256,128,64,cpu,1,5.632875,5.567000,5.941333,25
0,4096,16,16,jacobi,1,5.811625,5.798375,5.825000,25
0,4096,16,16,gk,1,2.478459,2.470375,2.485166,25
0,4096,16,16,gk_vals,1,1.265166,1.260000,1.267958,25
0,4096,16,16,cpu_vals,1,1.792125,1.711791,1.865334,25
0,4096,16,16,gk_share,1,3.951792,3.883333,4.057667,25
0,4096,16,16,gk_share_vals,1,1.387791,1.367708,1.577000,25
0,4096,16,16,cpu,1,4.568458,4.459333,4.691875,25
0,1024,256,256,jacobi,1,4473.657166,4466.627812,4475.776687,3
0,1024,256,256,block,1,1419.672834,1418.590105,1421.109500,3
0,1024,256,256,cpu,1,301.299667,294.828417,304.949291,3
0,4,2048,64,jacobi,1,8.647395,8.643750,8.661469,18
0,4,2048,64,block,1,8.268500,8.228312,8.307958,19
0,4,2048,64,qr,1,3.494958,3.417708,3.536250,25
0,4,2048,64,qrblock,1,5.165542,4.956875,5.195667,25
0,4,2048,64,gk,1,4.517916,4.439625,4.543959,25
0,4,2048,64,gk_vals,1,3.682083,3.600084,3.745708,25
0,4,2048,64,cpu_vals,1,0.980000,0.967708,0.989875,25
0,4,2048,64,cpu,1,1.952917,1.924666,1.987417,25
0,4,1024,32,jacobi,1,1.000125,0.978750,1.053000,25
0,4,1024,32,block,1,4.072208,4.020083,4.113833,25
0,4,1024,32,qr,1,0.855125,0.844083,0.866625,25
0,4,1024,32,qrblock,1,2.250000,2.223417,2.260208,25
0,4,1024,32,gk,1,1.314875,1.271542,1.359625,25
0,4,1024,32,gk_vals,1,0.854167,0.849708,0.865084,25
0,4,1024,32,cpu_vals,1,0.213125,0.208833,0.218583,25
0,4,1024,32,cpu,1,0.384250,0.378500,0.389708,25
0,64,1024,64,jacobi,1,38.856417,38.779917,38.993875,5
0,64,1024,64,block,1,11.558167,11.433833,11.618417,13
0,64,1024,64,qr,1,9.771500,9.681260,9.987917,16
0,64,1024,64,qrblock,1,10.183250,10.045063,10.256688,15
0,64,1024,64,gk,1,9.281166,9.084000,9.439917,17
0,64,1024,64,gk_vals,1,6.760229,6.694147,6.915926,22
0,64,1024,64,cpu_vals,1,2.720541,2.651291,2.873458,25
0,64,1024,64,gk_share,1,9.156875,8.986458,9.363209,17
0,64,1024,64,gk_share_vals,1,6.092334,5.978000,6.234709,25
0,64,1024,64,cpu,1,5.528292,5.454333,5.632625,25
0,16,256,128,jacobi,1,6.184834,6.169250,6.195584,25
0,16,256,128,block,1,6.782458,6.712791,6.963938,23
0,16,256,128,qr,1,5.925250,5.905875,5.957875,25
0,16,256,128,qrblock,1,7.457250,7.400166,7.571625,21
0,16,256,128,cpu,1,3.478958,3.399417,3.527708,25
0,16,256,128,bidiag,1,40.881791,40.848500,40.912375,5
0,16,256,128,bidiag_vals,1,31.550792,31.206084,31.635750,5
0,16,256,128,cpu_vals,1,1.803375,1.774375,1.837750,25
0,4096,128,16,jacobi,1,9.413708,9.375615,9.629625,16
0,4096,128,16,qr,1,12.225375,12.051583,12.758834,13
0,4096,128,16,gk,1,7.345958,7.331583,7.435000,21
0,4096,128,16,gk_vals,1,2.870958,2.866291,2.883458,25
0,4096,128,16,cpu_vals,1,3.664000,3.492834,3.702959,25
0,4096,128,16,gk_share,1,7.239875,7.160000,7.459344,20
0,4096,128,16,gk_share_vals,1,2.640042,2.417708,2.849250,25
0,4096,128,16,cpu,1,9.093875,8.996625,9.219625,17
0,1,512,32,jacobi,1,0.760625,0.731458,0.788500,25
0,1,512,32,block,1,2.792500,2.761542,2.863709,25
0,1,512,32,qr,1,0.636041,0.628333,0.645667,25
0,1,512,32,qrblock,1,2.328417,2.209375,2.360250,25
0,1,512,32,gk,1,1.005000,0.968042,1.066042,25
0,1,512,32,gk_vals,1,0.596333,0.593959,0.598750,25
0,1,512,32,cpu_vals,1,0.073917,0.073666,0.074250,25
0,1,512,32,cpu,1,0.157833,0.155625,0.160500,25
0,64,64,64,jacobi,1,3.227917,3.218750,3.234625,25
0,64,64,64,block,1,3.897292,3.846750,3.945917,25
0,64,64,64,gk,1,1.952083,1.947958,1.955125,25
0,64,64,64,gk_vals,1,1.361083,1.353250,1.371208,25
0,64,64,64,cpu_vals,1,0.437458,0.408125,0.571250,25
0,64,64,64,gk_share,1,2.049458,2.035583,2.081917,25
0,64,64,64,gk_share_vals,1,1.460584,1.452625,1.482250,25
0,64,64,64,cpu,1,1.035333,1.023583,1.045917,25
0,1024,512,128,jacobi,1,1269.376084,1267.670542,1269.410604,3
0,1024,512,128,block,1,330.269875,328.674062,331.184604,3
0,1024,512,128,qr,1,514.769584,514.514708,515.473334,3
0,1024,512,128,qrblock,1,242.109625,240.852791,245.709167,5
0,1024,512,128,cpu,1,157.714791,157.166500,157.914541,5
0,256,64,16,jacobi,1,0.823209,0.816833,0.989000,25
0,256,64,16,qr,1,1.121958,1.107084,1.148625,25
0,256,64,16,gk,1,0.510500,0.505708,0.513208,25
0,256,64,16,gk_vals,1,0.321167,0.318208,0.322209,25
0,256,64,16,cpu_vals,1,0.293875,0.275084,0.566375,25
0,256,64,16,gk_share,1,0.597833,0.592375,0.604334,25
0,256,64,16,gk_share_vals,1,0.405417,0.402792,0.408792,25
0,256,64,16,cpu,1,0.602917,0.589583,0.636916,25
0,1024,256,128,jacobi,1,517.276333,517.162270,519.262833,3
0,1024,256,128,block,1,221.475500,221.145541,221.874458,5
0,1024,256,128,qr,1,483.824917,482.901063,484.202146,3
0,1024,256,128,qrblock,1,202.604917,202.145042,204.411125,5
0,1024,256,128,cpu,1,119.296167,118.632917,119.621917,5
0,64,256,128,jacobi,1,31.216833,30.798250,31.277291,5
0,64,256,128,block,1,14.778875,14.753521,14.878291,11
0,64,256,128,qr,1,35.153375,34.757417,35.158333,5
0,64,256,128,qrblock,1,17.245875,17.139292,17.391792,9
0,64,256,128,cpu,1,8.753250,8.716594,8.856656,18
0,64,256,128,bidiag,1,162.671917,162.369667,162.796417,5
0,64,256,128,bidiag_vals,1,123.686125,123.550833,123.811291,5
0,64,256,128,cpu_vals,1,5.289375,4.903000,5.387125,25
0,1,2048,64,jacobi,1,8.531730,8.527104,8.544771,18
0,1,2048,64,block,1,7.789083,7.660635,7.869646,20
0,1,2048,64,qr,1,1.931084,1.926500,1.936375,25
0,1,2048,64,qrblock,1,3.127333,3.112000,3.150708,25
0,1,2048,64,gk,1,2.839250,2.835250,2.843458,25
0,1,2048,64,gk_vals,1,2.186875,2.181334,2.214417,25
0,1,2048,64,cpu_vals,1,0.440917,0.435875,0.444458,25
0,1,2048,64,cpu,1,0.899500,0.894625,0.905208,25
0,1,2048,128,jacobi,1,34.410917,34.402666,34.422041,5
0,1,2048,128,block,1,11.487979,11.430000,11.581969,14
0,1,2048,128,qr,1,6.929604,6.887042,6.946594,22
0,1,2048,128,qrblock,1,8.042750,7.871979,8.084000,19
0,1,2048,128,cpu,1,3.149125,3.141625,3.167458,25
0,1,2048,128,bidiag,1,5.418583,5.362750,5.464583,25
0,1,2048,128,bidiag_vals,1,4.407375,4.366375,4.455333,25
0,1,2048,128,cpu_vals,1,1.651583,1.645625,1.660125,25
0,4,512,128,jacobi,1,10.452167,10.446438,10.461146,15
0,4,512,128,block,1,7.004958,6.920865,7.106000,22
0,4,512,128,qr,1,5.654625,5.633500,5.675917,25
0,4,512,128,qrblock,1,6.609417,6.568084,6.712542,23
0,4,512,128,cpu,1,1.946625,1.912458,1.971458,25
0,4,512,128,bidiag,1,11.544958,11.499250,11.636083,13
0,4,512,128,bidiag_vals,1,9.171792,9.139250,9.240125,17
0,4,512,128,cpu_vals,1,1.182208,1.169958,1.215625,25
0,1,56,56,jacobi,1,0.937167,0.897250,1.125166,25
0,1,56,56,block,1,2.497833,2.480250,2.562334,25
0,1,56,56,gk,1,1.307042,1.299333,1.322417,25
0,1,56,56,gk_vals,1,1.031375,1.019792,1.055834,25
0,1,56,56,cpu_vals,1,0.051541,0.050000,0.052333,25
0,1,56,56,cpu,1,0.139750,0.138292,0.140875,25
0,4,64,32,jacobi,1,0.381500,0.372375,0.384917,25
0,4,64,32,block,1,2.035792,1.990958,2.090084,25
0,4,64,32,qr,1,0.579625,0.571042,0.589417,25
0,4,64,32,qrblock,1,2.154500,2.109000,2.194459,25
0,4,64,32,gk,1,0.755250,0.737500,0.795417,25
0,4,64,32,gk_vals,1,0.519041,0.510958,0.547708,25
0,4,64,32,cpu_vals,1,0.060417,0.058917,0.063667,25
0,4,64,32,cpu,1,0.106833,0.105834,0.108459,25
0,256,256,64,jacobi,1,25.966792,25.881417,26.044854,6
0,256,256,64,block,1,12.818375,12.759979,12.891687,12
0,256,256,64,qr,1,18.022250,16.692750,19.118084,9
0,256,256,64,qrblock,1,14.435917,14.275562,14.526875,11
0,256,256,64,gk,1,12.427375,12.301416,12.457000,13
0,256,256,64,gk_vals,1,7.616917,7.553323,7.858989,20
0,256,256,64,cpu_vals,1,3.352042,3.269959,3.438500,25
0,256,256,64,gk_share,1,10.590292,10.507209,10.687542,15
0,256,256,64,gk_share_vals,1,6.436791,6.409260,6.492636,24
0,256,256,64,cpu,1,7.655687,7.422980,7.953406,20
0,4096,2048,64,qr,1,709.708500,705.617896,723.071937,3
0,4096,2048,64,qrblock,1,624.344708,618.041125,625.971000,3
0,4096,2048,64,cpu,1,510.800708,507.176687,512.668875,3
0,1,384,384,jacobi,1,112.996125,112.977084,113.040708,5
0,1,384,384,block,1,22.412792,22.321458,22.437646,7
0,1,384,384,cpu,1,7.704438,7.433750,7.960229,20
0,1,384,384,bidiag,1,10.460709,10.413645,10.510834,15
0,1,384,384,bidiag_vals,1,6.317042,6.307261,6.400750,24
0,1,384,384,cpu_vals,1,3.639833,3.633792,3.653667,25
0,16,64,64,jacobi,1,1.227916,1.183416,1.235083,25
0,16,64,64,block,1,2.996333,2.913792,3.063833,25
0,16,64,64,gk,1,1.794333,1.788208,1.804500,25
0,16,64,64,gk_vals,1,1.334041,1.311459,1.351209,25
0,16,64,64,cpu_vals,1,0.218709,0.213791,0.258000,25
0,16,64,64,cpu,1,0.395208,0.392625,0.401167,25
0,64,128,32,jacobi,1,1.051125,1.004125,1.062042,25
0,64,128,32,block,1,2.153792,2.107708,2.301583,25
0,64,128,32,qr,1,1.328333,1.282167,1.358625,25
0,64,128,32,qrblock,1,2.378208,2.354000,2.418958,25
0,64,128,32,gk,1,0.984709,0.951125,0.994709,25
0,64,128,32,gk_vals,1,0.586333,0.582292,0.597750,25
0,64,128,32,cpu_vals,1,0.260416,0.253250,0.574292,25
0,64,128,32,gk_share,1,1.046000,1.018875,1.081666,25
0,64,128,32,gk_share_vals,1,0.663834,0.656541,0.673917,25
0,64,128,32,cpu,1,0.604834,0.560542,0.620084,25
0,64,256,256,jacobi,1,287.404916,287.403042,290.081041,5
0,64,256,256,block,1,83.789125,83.714917,83.975083,5
0,64,256,256,cpu,1,20.150125,19.987417,20.344667,8
0,64,256,256,bidiag,1,287.206708,287.103541,287.472208,5
0,64,256,256,bidiag_vals,1,224.472208,224.349041,224.494583,5
0,64,256,256,cpu_vals,1,10.797480,10.622364,11.005968,14
0,4096,512,16,jacobi,1,46.665542,46.574625,47.077375,5
0,4096,512,16,qr,1,37.146375,37.104708,37.963958,5
0,4096,512,16,gk,1,35.782625,35.498625,36.385209,5
0,4096,512,16,gk_vals,1,20.672688,20.391552,20.870895,8
0,4096,512,16,cpu_vals,1,8.919916,8.865750,9.021083,17
0,4096,512,16,gk_share,1,21.171104,20.935375,22.200978,8
0,4096,512,16,gk_share_vals,1,11.568209,11.361740,11.814938,14
0,4096,512,16,cpu,1,19.279812,19.098052,19.821938,8
0,64,24,24,jacobi,1,0.586750,0.567792,0.656500,25
0,64,24,24,gk,1,0.521625,0.518458,0.526292,25
0,64,24,24,gk_vals,1,0.359750,0.357500,0.361708,25
0,64,24,24,cpu_vals,1,0.158625,0.156000,0.173292,25
0,64,24,24,gk_share,1,0.624792,0.620417,0.634625,25
0,64,24,24,gk_share_vals,1,0.452958,0.450625,0.454333,25
0,64,24,24,cpu,1,0.280458,0.278750,0.286542,25
0,4,64,16,jacobi,1,0.313584,0.292333,0.521625,25
0,4,64,16,qr,1,0.470916,0.463500,0.509208,25
0,4,64,16,gk,1,0.355000,0.351792,0.364042,25
0,4,64,16,gk_vals,1,0.289542,0.285667,0.296541,25
0,4,64,16,cpu_vals,1,0.042792,0.042209,0.045250,25
0,4,64,16,cpu,1,0.063000,0.061875,0.063958,25
0,4,32,16,jacobi,1,0.474584,0.438625,0.515000,25
0,4,32,16,qr,1,0.427583,0.419792,0.429833,25
0,4,32,16,gk,1,0.316167,0.304791,0.322416,25
0,4,32,16,gk_vals,1,0.257958,0.243500,0.263709,25
0,4,32,16,cpu_vals,1,0.029625,0.026917,0.030208,25
0,4,32,16,cpu,1,0.047833,0.047333,0.048750,25
0,2,2048,2048,cpu,1,562.280500,555.361875,571.180271,3
0,2,2048,2048,bidiag,1,389.036166,388.002083,389.542124,3
0,2,2048,2048,bidiag_vals,1,178.039459,178.018541,178.104542,5
0,2,2048,2048,cpu_vals,1,292.444625,288.405334,293.900791,5
0,2,2048,2048,band_vals,1,117.921292,117.881250,118.106416,5
0,4096,512,128,qr,1,2073.047334,2070.426126,2073.569062,3
0,4096,512,128,qrblock,1,956.662000,953.585458,959.341875,3
0,4096,512,128,cpu,1,603.935584,600.545355,605.689188,3
0,64,64,32,jacobi,1,0.910875,0.868375,0.919167,25
0,64,64,32,block,1,2.192708,2.164667,2.304791,25
0,64,64,32,qr,1,1.207583,1.159541,1.253417,25
0,64,64,32,qrblock,1,2.495666,2.471459,2.524291,25
0,64,64,32,gk,1,0.856209,0.846625,0.898792,25
0,64,64,32,gk_vals,1,0.543417,0.539208,0.545625,25
0,64,64,32,cpu_vals,1,0.244125,0.229667,0.552709,25
0,64,64,32,gk_share,1,0.996209,0.957750,1.002208,25
0,64,64,32,gk_share_vals,1,0.640125,0.635042,0.677333,25
0,64,64,32,cpu,1,0.478667,0.463584,0.608417,25
0,4096,64,64,jacobi,1,200.364834,199.623167,200.475291,5
0,4096,64,64,block,1,113.979875,113.950125,114.032375,5
0,4096,64,64,gk,1,64.492250,64.359959,64.674459,5
0,4096,64,64,gk_vals,1,28.231937,28.189833,28.265823,6
0,4096,64,64,cpu_vals,1,17.874125,17.718542,18.090625,9
0,4096,64,64,gk_share,1,33.915291,33.861709,34.194291,5
0,4096,64,64,gk_share_vals,1,12.335208,12.083583,12.479791,13
0,4096,64,64,cpu,1,53.432917,52.976958,56.161542,5
0,256,128,8,jacobi,1,0.934125,0.390166,1.034125,25
0,256,128,8,qr,1,0.787750,0.775791,0.798875,25
0,256,128,8,gk,1,0.376500,0.374083,0.379125,25
0,256,128,8,gk_vals,1,0.242833,0.236833,0.249875,25
0,256,128,8,cpu_vals,1,0.214125,0.200750,0.267000,25
0,256,128,8,gk_share,1,0.473792,0.462791,0.513417,25
0,256,128,8,gk_share_vals,1,0.373125,0.364333,0.387208,25
0,256,128,8,cpu,1,0.349875,0.333709,0.378834,25
0,1,16,8,jacobi,1,0.288875,0.278167,0.306708,25
0,1,16,8,qr,1,0.412375,0.409500,0.427208,25
0,1,16,8,gk,1,0.256083,0.252334,0.269417,25
0,1,16,8,gk_vals,1,0.198250,0.179542,0.222709,25
0,1,16,8,cpu_vals,1,0.006000,0.006000,0.006125,25
0,1,16,8,cpu,1,0.010708,0.010625,0.010792,25
0,1,512,64,jacobi,1,2.070333,2.064708,2.077208,25
0,1,512,64,block,1,3.924458,3.861417,3.998459,25
0,1,512,64,qr,1,1.407125,1.395500,1.450583,25
0,1,512,64,qrblock,1,2.877167,2.845291,2.904833,25
0,1,512,64,gk,1,2.398333,2.355291,2.403000,25
0,1,512,64,gk_vals,1,1.794916,1.789583,1.803500,25
0,1,512,64,cpu_vals,1,0.191875,0.190208,0.193000,25
0,1,512,64,cpu,1,0.427875,0.425917,0.430625,25
0,4,512,64,jacobi,1,2.111958,2.109250,2.117875,25
0,4,512,64,block,1,3.862125,3.737666,3.954000,25
0,4,512,64,qr,1,1.731375,1.711834,1.773667,25
0,4,512,64,qrblock,1,3.184292,3.124708,3.228667,25
0,4,512,64,gk,1,2.709333,2.693959,2.725250,25
0,4,512,64,gk_vals,1,2.054958,2.035292,2.066084,25
0,4,512,64,cpu_vals,1,0.348250,0.346041,0.355500,25
0,4,512,64,cpu,1,0.691917,0.685875,0.700584,25
0,64,48,48,jacobi,1,1.870292,1.853958,1.900625,25
0,64,48,48,block,1,3.733250,3.620459,3.841417,25
0,64,48,48,gk,1,1.210084,1.180708,1.248667,25
0,64,48,48,gk_vals,1,0.900833,0.861583,0.918042,25
0,64,48,48,cpu_vals,1,0.291084,0.283750,0.299667,25
0,64,48,48,gk_share,1,1.351041,1.327375,1.376167,25
0,64,48,48,gk_share_vals,1,1.010750,0.963375,1.024625,25
0,64,48,48,cpu,1,0.685750,0.679500,0.696708,25
0,16,32,32,jacobi,1,1.195500,0.384875,1.225417,25
0,16,32,32,block,1,2.154792,2.116583,2.202041,25
0,16,32,32,gk,1,0.777500,0.771375,0.780208,25
0,16,32,32,gk_vals,1,0.489417,0.479833,0.514500,25
0,16,32,32,cpu_vals,1,0.116750,0.112083,0.142875,25
0,16,32,32,cpu,1,0.190042,0.186875,0.195625,25
0,256,128,128,jacobi,1,119.192375,118.494917,119.774833,5
0,256,128,128,block,1,48.054084,48.015916,48.067709,5
0,256,128,128,cpu,1,21.905958,21.637000,22.116521,7
0,256,128,128,bidiag,1,575.353250,573.608854,575.902500,3
0,256,128,128,bidiag_vals,1,411.257583,411.222188,411.702021,3
0,256,128,128,cpu_vals,1,14.426584,14.255542,14.574021,11
0,4096,256,64,jacobi,1,422.145792,421.725875,423.368355,3
0,4096,256,64,block,1,179.568042,176.874250,183.450334,5
0,4096,256,64,qr,1,256.543375,248.032917,257.062125,5
0,4096,256,64,qrblock,1,163.266875,162.272708,163.794000,5
0,4096,256,64,gk,1,148.444792,146.700834,149.654291,5
0,4096,256,64,gk_vals,1,68.826834,68.733375,69.130334,5
0,4096,256,64,cpu_vals,1,39.622209,38.957458,40.230084,5
0,4096,256,64,gk_share,1,86.494000,85.469958,86.647333,5
0,4096,256,64,gk_share_vals,1,43.209458,42.592291,45.274000,5
0,4096,256,64,cpu,1,102.648250,101.628709,111.455291,5
0,4,96,96,jacobi,1,2.400500,2.395958,2.402834,25
0,4,96,96,block,1,4.152709,4.117916,4.205167,25
0,4,96,96,cpu,1,0.694167,0.675916,0.702625,25
0,4,512,256,jacobi,1,48.208375,48.183917,48.222625,5
0,4,512,256,block,1,13.890708,13.743042,13.996709,11
0,4,512,256,qr,1,33.199750,33.196583,33.251125,5
0,4,512,256,qrblock,1,14.838417,14.749980,14.968083,11
0,4,512,256,cpu,1,5.925125,5.815125,5.988166,25
0,4,512,256,bidiag,1,26.474583,26.146552,26.891052,6
0,4,512,256,bidiag_vals,1,20.464875,20.405521,20.668635,8
0,4,512,256,cpu_vals,1,2.836334,2.819959,2.864000,25
0,1,128,16,jacobi,1,0.589916,0.578667,0.607500,25
0,1,128,16,qr,1,0.429791,0.423958,0.437041,25
0,1,128,16,gk,1,0.338417,0.325334,0.373917,25
0,1,128,16,gk_vals,1,0.261167,0.252334,0.267000,25
0,1,128,16,cpu_vals,1,0.013458,0.013375,0.013583,25
0,1,128,16,cpu,1,0.039542,0.030709,0.039792,25
0,4,32,32,jacobi,1,0.423416,0.369875,1.119250,25
0,4,32,32,block,1,2.035292,1.955958,2.089875,25
0,4,32,32,gk,1,0.718667,0.700916,0.754291,25
0,4,32,32,gk_vals,1,0.509917,0.474334,0.525375,25
0,4,32,32,cpu_vals,1,0.051209,0.050166,0.052583,25
0,4,32,32,cpu,1,0.091875,0.090458,0.093958,25
0,1024,512,16,jacobi,1,11.339229,11.258677,11.450417,14
0,1024,512,16,qr,1,8.576167,8.471469,8.694209,18
0,1024,512,16,gk,1,8.165250,8.030105,8.238395,19
0,1024,512,16,gk_vals,1,4.557792,4.510500,4.651375,25
0,1024,512,16,cpu_vals,1,2.614958,2.591833,2.769542,25
0,1024,512,16,gk_share,1,6.472062,5.920594,6.686677,24
0,1024,512,16,gk_share_vals,1,3.493917,3.425583,3.575416,25
0,1024,512,16,cpu,1,5.218083,5.194083,5.289500,25
0,1,512,16,jacobi,1,0.374375,0.361791,1.078417,25
0,1,512,16,qr,1,0.465667,0.453584,0.472333,25
0,1,512,16,gk,1,0.576208,0.572917,0.584084,25
0,1,512,16,gk_vals,1,0.296458,0.289959,0.302083,25
0,1,512,16,cpu_vals,1,0.035875,0.034167,0.036875,25
0,1,512,16,cpu,1,0.072125,0.070417,0.072542,25
0,4096,128,64,jacobi,1,283.511750,283.107458,283.970583,5
0,4096,128,64,block,1,129.075750,128.825708,129.087125,5
0,4096,128,64,qr,1,230.415792,229.971292,231.784917,5
0,4096,128,64,qrblock,1,136.144250,134.666750,136.149125,5
0,4096,128,64,gk,1,110.174833,109.952166,110.743458,5
0,4096,128,64,gk_vals,1,49.540625,49.435125,49.955833,5
0,4096,128,64,cpu_vals,1,29.661417,29.585625,29.853708,5
0,4096,128,64,gk_share,1,61.444250,61.393875,62.107750,5
0,4096,128,64,gk_share_vals,1,29.507334,29.050907,29.803355,6
0,4096,128,64,cpu,1,78.558167,77.656709,79.421333,5
0,1024,256,32,jacobi,1,21.374167,21.287813,21.783500,7
0,1024,256,32,block,1,14.734792,14.631292,14.846125,11
0,1024,256,32,qr,1,14.849500,14.692021,14.949209,11
0,1024,256,32,qrblock,1,14.384458,14.300688,14.418916,11
0,1024,256,32,gk,1,10.880917,10.808636,11.071302,14
0,1024,256,32,gk_vals,1,6.614458,6.510833,6.680271,23
0,1024,256,32,cpu_vals,1,3.866375,3.786041,3.976625,25
0,1024,256,32,gk_share,1,9.791145,8.997406,10.572489,16
0,1024,256,32,gk_share_vals,1,4.852334,4.782208,4.925250,25
0,1024,256,32,cpu,1,8.391374,8.317740,8.468667,18
0,16,2048,128,jacobi,1,87.085833,87.016042,87.110208,5
0,16,2048,128,block,1,21.179291,21.127677,21.283417,8
0,16,2048,128,qr,1,13.320480,13.235531,13.425364,12
0,16,2048,128,qrblock,1,14.711834,14.547208,14.880437,11
0,16,2048,128,cpu,1,8.286500,8.139563,8.441833,19
0,16,2048,128,bidiag,1,78.915667,78.594250,78.962208,5
0,16,2048,128,bidiag_vals,1,67.456125,66.977542,67.479375,5
0,16,2048,128,cpu_vals,1,4.409292,4.127834,4.788167,25
0,4096,32,16,jacobi,1,5.672333,5.657041,5.701333,25
0,4096,32,16,qr,1,7.249375,7.181042,7.361250,21
0,4096,32,16,gk,1,3.283750,3.275125,3.304416,25
0,4096,32,16,gk_vals,1,1.466666,1.457500,1.520125,25
0,4096,32,16,cpu_vals,1,2.832583,2.380292,2.853834,25
0,4096,32,16,gk_share,1,3.928792,3.912500,3.935250,25
0,4096,32,16,gk_share_vals,1,1.685417,1.669208,1.695958,25
0,4096,32,16,cpu,1,7.152480,7.059927,7.161823,22
0,256,384,384,jacobi,1,4678.482791,4677.032479,4680.332146,3
0,256,384,384,block,1,1143.654458,1141.841833,1144.423521,3
0,256,384,384,cpu,1,176.272500,172.403959,184.869958,5
0,1,768,768,jacobi,1,1055.986166,1044.689333,1061.167666,3
0,1,768,768,block,1,67.142333,66.003041,69.486833,5
0,1,768,768,cpu,1,33.983542,33.966292,34.270209,5
0,1,768,768,bidiag,1,29.938646,29.817532,30.198510,6
0,1,768,768,bidiag_vals,1,16.464583,16.416063,16.505729,10
0,1,768,768,cpu_vals,1,16.338958,16.319875,17.321708,9
0,1,768,768,band_vals,1,20.965145,20.475625,21.174927,8
0,256,40,40,jacobi,1,4.183458,4.145792,4.201417,25
0,256,40,40,block,1,7.628875,7.563052,7.743500,20
0,256,40,40,gk,1,1.724875,1.709167,1.776584,25
0,256,40,40,gk_vals,1,0.939250,0.929875,0.980250,25
0,256,40,40,cpu_vals,1,0.607916,0.586709,0.641042,25
0,256,40,40,gk_share,1,1.230792,1.204750,1.277542,25
0,256,40,40,gk_share_vals,1,0.821666,0.791875,0.861875,25
0,256,40,40,cpu,1,1.885833,1.804916,1.914792,25
0,1024,1024,128,jacobi,1,2896.738666,2896.666937,2919.524041,3
0,1024,1024,128,block,1,552.275250,551.694604,553.454167,3
0,1024,1024,128,qr,1,601.248667,596.660042,603.579438,3
0,1024,1024,128,qrblock,1,312.136500,309.325250,314.695271,3
0,1024,1024,128,cpu,1,242.415750,242.004833,243.734750,5
0,16,256,256,jacobi,1,66.984500,66.750542,67.202208,5
0,16,256,256,block,1,25.730104,25.683969,25.833990,6
0,16,256,256,cpu,1,6.223063,6.054479,6.428927,24
0,16,256,256,bidiag,1,75.248333,74.827791,75.621208,5
0,16,256,256,bidiag_vals,1,62.007375,61.883125,62.369250,5
0,16,256,256,cpu_vals,1,3.185750,2.991625,3.422542,25
0,1024,32,32,jacobi,1,7.604709,7.560980,7.663885,20
0,1024,32,32,block,1,7.216708,7.041500,7.308375,21
0,1024,32,32,gk,1,2.708125,2.674750,2.757000,25
0,1024,32,32,gk_vals,1,1.328541,1.292459,1.364209,25
0,1024,32,32,cpu_vals,1,1.456375,1.392333,1.911583,25
0,1024,32,32,gk_share,1,2.299125,2.205125,2.332666,25
0,1024,32,32,gk_share_vals,1,1.230000,1.195208,1.331042,25
0,1024,32,32,cpu,1,4.295666,4.080334,4.675708,25
0,4,40,40,jacobi,1,0.618084,0.582458,1.249916,25
0,4,40,40,block,1,2.434375,2.376875,2.577334,25
0,4,40,40,gk,1,0.826708,0.819334,0.839958,25
0,4,40,40,gk_vals,1,0.693042,0.635708,0.700875,25
0,4,40,40,cpu_vals,1,0.056333,0.054875,0.057458,25
0,4,40,40,cpu,1,0.123041,0.119375,0.126041,25
0,16,1024,32,jacobi,1,1.149833,1.107292,1.406166,25
0,16,1024,32,block,1,4.302542,4.200333,4.433333,25
0,16,1024,32,qr,1,1.230000,1.209458,1.249250,25
0,16,1024,32,qrblock,1,2.640417,2.611292,2.686459,25
0,16,1024,32,gk,1,1.763500,1.730917,1.794625,25
0,16,1024,32,gk_vals,1,1.070041,1.037125,1.107708,25
0,16,1024,32,cpu_vals,1,0.328708,0.308959,0.373250,25
0,16,1024,32,cpu,1,0.660541,0.621917,0.685250,25
0,64,2048,64,jacobi,1,82.667625,82.464625,82.778292,5
0,64,2048,64,block,1,20.190479,20.111979,20.247792,8
0,64,2048,64,qr,1,15.482208,15.384344,15.632854,10
0,64,2048,64,qrblock,1,16.093396,16.000500,16.461552,10
0,64,2048,64,gk,1,15.530792,15.322458,15.571729,10
0,64,2048,64,gk_vals,1,11.598042,11.481458,11.963208,13
0,64,2048,64,cpu_vals,1,5.132791,5.037958,5.183458,25
0,64,2048,64,gk_share,1,14.125916,13.913250,14.386709,11
0,64,2048,64,gk_share_vals,1,9.682271,9.366385,9.977469,16
0,64,2048,64,cpu,1,10.215292,10.073583,10.371938,15
0,16,512,16,jacobi,1,0.399750,0.395417,1.181666,25
0,16,512,16,qr,1,0.659416,0.647250,0.673333,25
0,16,512,16,gk,1,0.785666,0.780250,0.799375,25
0,16,512,16,gk_vals,1,0.442542,0.415375,0.576792,25
0,16,512,16,cpu_vals,1,0.140166,0.136459,0.147333,25
0,16,512,16,cpu,1,0.214958,0.205000,0.248291,25
0,4,256,64,jacobi,1,1.474125,1.468791,1.517333,25
0,4,256,64,block,1,3.128250,3.078166,3.183584,25
0,4,256,64,qr,1,1.511500,1.470000,1.551000,25
0,4,256,64,qrblock,1,2.955542,2.926125,3.026916,25
0,4,256,64,gk,1,2.377208,2.372958,2.380250,25
0,4,256,64,gk_vals,1,1.743708,1.721708,1.753458,25
0,4,256,64,cpu_vals,1,0.227792,0.225417,0.230000,25
0,4,256,64,cpu,1,0.458125,0.455500,0.463375,25
0,256,192,192,jacobi,1,403.479333,403.361896,403.701021,3
0,256,192,192,block,1,148.611625,148.443625,148.715625,5
0,256,192,192,cpu,1,37.198833,36.972875,37.597458,5
0,256,192,192,bidiag,1,868.167667,868.072917,869.024375,3
0,256,192,192,bidiag_vals,1,655.242750,654.978104,655.368854,3
0,256,192,192,cpu_vals,1,18.477333,18.431292,18.817834,9
0,1024,256,64,jacobi,1,105.777250,105.499583,105.863084,5
0,1024,256,64,block,1,45.803208,45.387500,45.833750,5
0,1024,256,64,qr,1,62.896250,62.597458,63.560709,5
0,1024,256,64,qrblock,1,42.600542,42.544875,42.618833,5
0,1024,256,64,gk,1,35.993000,35.702750,37.614959,5
0,1024,256,64,gk_vals,1,19.297729,19.204386,19.349260,8
0,1024,256,64,cpu_vals,1,11.026875,10.559177,11.314541,14
0,1024,256,64,gk_share,1,23.098500,23.011812,24.070334,7
0,1024,256,64,gk_share_vals,1,15.169729,15.083344,15.371551,10
0,1024,256,64,cpu,1,27.088875,26.648562,27.451062,6
0,256,1024,32,jacobi,1,34.677500,34.582791,34.840125,5
0,256,1024,32,block,1,13.371833,13.175739,13.547948,12
0,256,1024,32,qr,1,10.539416,10.512458,10.579854,15
0,256,1024,32,qrblock,1,11.188688,11.086969,11.306438,14
0,256,1024,32,gk,1,10.096333,10.032646,10.440771,15
0,256,1024,32,gk_vals,1,6.622542,6.450167,6.752500,23
0,256,1024,32,cpu_vals,1,3.066792,2.994417,3.231625,25
0,256,1024,32,gk_share,1,9.413521,9.133469,9.577281,16
0,256,1024,32,gk_share_vals,1,5.664750,5.556667,6.168583,25
0,256,1024,32,cpu,1,6.131916,6.015208,6.280125,25
0,1024,96,96,jacobi,1,189.425208,189.246250,189.908292,5
0,1024,96,96,block,1,86.613416,86.489584,86.626958,5
0,1024,96,96,cpu,1,40.017292,39.755791,41.629375,5
0,64,1024,128,jacobi,1,184.533084,184.015417,184.687375,5
0,64,1024,128,block,1,37.604000,37.562709,37.616041,5
0,64,1024,128,qr,1,44.565000,44.173125,44.624167,5
0,64,1024,128,qrblock,1,26.924521,26.874896,26.955771,6
0,64,1024,128,cpu,1,16.853750,16.757708,17.205833,9
0,64,1024,128,bidiag,1,216.101042,216.094458,216.107709,5
0,64,1024,128,bidiag_vals,1,173.710291,173.694750,173.878375,5
0,64,1024,128,cpu_vals,1,7.540667,7.467052,7.747396,20
0,16,16,16,jacobi,1,0.535292,0.525125,0.542083,25
0,16,16,16,gk,1,0.349625,0.345833,0.356667,25
0,16,16,16,gk_vals,1,0.265875,0.262875,0.268875,25
0,16,16,16,cpu_vals,1,0.106250,0.069167,0.109875,25
0,16,16,16,cpu,1,0.094583,0.092625,0.109166,25
0,64,128,16,jacobi,1,0.431000,0.422208,1.131292,25
0,64,128,16,qr,1,0.718250,0.709708,0.722458,25
0,64,128,16,gk,1,0.399833,0.398292,0.401958,25
0,64,128,16,gk_vals,1,0.294000,0.289208,0.300875,25
0,64,128,16,cpu_vals,1,0.188291,0.178458,0.523000,25
0,64,128,16,gk_share,1,0.500834,0.499625,0.504958,25
0,64,128,16,gk_share_vals,1,0.394542,0.392417,0.399000,25
0,64,128,16,cpu,1,0.286375,0.284250,0.292834,25
0,4,256,16,jacobi,1,0.558500,0.526584,0.806375,25
0,4,256,16,qr,1,0.473458,0.468167,0.507625,25
0,4,256,16,gk,1,0.362417,0.357875,0.367709,25
0,4,256,16,gk_vals,1,0.286708,0.271792,0.293167,25
0,4,256,16,cpu_vals,1,0.052291,0.051583,0.052667,25
0,4,256,16,cpu,1,0.075375,0.074167,0.076375,25
1,64,1024,32,jacobi,1,8.063666,8.016167,8.118583,19
1,64,1024,32,block,1,5.741916,5.669917,5.924417,25
1,64,1024,32,qr,1,3.495916,3.446709,3.532458,25
1,64,1024,32,qrblock,1,4.766083,4.679417,4.847042,25
1,64,1024,32,gk,1,3.613959,3.598167,3.785042,25
1,64,1024,32,gk_vals,1,2.032250,1.957583,2.796083,25
1,64,1024,32,cpu_vals,1,1.251333,0.911208,1.328959,25
1,64,1024,32,gk_share,1,3.524917,3.451875,3.647250,25
1,64,1024,32,gk_share_vals,1,2.009125,1.936542,2.644875,25
1,64,1024,32,cpu,1,2.055250,1.775208,2.105583,25
1,1024,256,64,jacobi,1,105.520042,105.511333,105.672125,5
1,1024,256,64,block,1,45.747167,45.518792,46.232917,5
1,1024,256,64,qr,1,64.014542,62.853250,64.463958,5
1,1024,256,64,qrblock,1,43.100583,42.614458,43.729042,5
1,1024,256,64,gk,1,38.326542,36.446208,38.340000,5
1,1024,256,64,gk_vals,1,19.178187,19.117563,19.290917,8
1,1024,256,64,cpu_vals,1,10.788000,10.605948,11.119208,14
1,1024,256,64,gk_share,1,25.375458,23.602146,25.891125,7
1,1024,256,64,gk_share_vals,1,15.191292,14.917833,15.373469,10
1,1024,256,64,cpu,1,27.056750,26.932854,28.050271,6
1,4096,96,96,jacobi,1,754.256625,753.831312,754.616854,3
1,4096,96,96,block,1,346.855250,346.330709,347.670396,3
1,4096,96,96,cpu,1,148.298792,147.831084,148.617042,5
1,256,1024,128,jacobi,1,711.114000,710.546271,711.792000,3
1,256,1024,128,block,1,137.807334,137.774125,137.886167,5
1,256,1024,128,qr,1,158.922125,158.041166,159.531375,5
1,256,1024,128,qrblock,1,101.252917,100.834875,101.406625,5
1,256,1024,128,cpu,1,63.289792,62.573208,63.479833,5
1,256,1024,128,bidiag,1,861.582292,861.161063,861.583750,3
1,256,1024,128,bidiag_vals,1,690.093833,689.615937,690.358750,3
1,256,1024,128,cpu_vals,1,28.403271,28.334698,28.508719,6
1,16,24,24,jacobi,1,0.558500,0.399583,0.917541,25
1,16,24,24,gk,1,0.519666,0.516708,0.728250,25
1,16,24,24,gk_vals,1,0.365375,0.358166,0.370709,25
1,16,24,24,cpu_vals,1,0.109708,0.086292,0.179583,25
1,16,24,24,cpu,1,0.158959,0.154583,0.165708,25
1,1,4096,4096,cpu,1,3666.029375,3640.588000,3669.987687,3
1,1,4096,4096,bidiag,1,1535.190709,1525.761626,1564.192229,3
1,1,4096,4096,bidiag_vals,1,732.903500,728.359083,737.268666,3
1,1,4096,4096,cpu_vals,1,1948.930208,1937.947083,1986.797542,3
1,1,4096,4096,band_vals,1,226.074625,226.047833,226.359334,5
1,256,64,32,jacobi,1,2.417250,2.411000,2.425583,25
1,256,64,32,block,1,3.043542,3.010417,3.097834,25
1,256,64,32,qr,1,2.853250,2.813333,2.878583,25
1,256,64,32,qrblock,1,3.501542,3.457083,3.527625,25
1,256,64,32,gk,1,1.539292,1.529417,1.572959,25
1,256,64,32,gk_vals,1,0.977458,0.954125,0.991417,25
1,256,64,32,cpu_vals,1,0.600959,0.574791,0.636042,25
1,256,64,32,gk_share,1,1.010000,1.007209,1.022334,25
1,256,64,32,gk_share_vals,1,0.664291,0.659666,0.667834,25
1,256,64,32,cpu,1,1.479000,1.462625,1.518583,25
1,16,32,32,jacobi,1,0.443916,0.424417,1.034667,25
1,16,32,32,block,1,2.177958,2.127375,2.225334,25
1,16,32,32,gk,1,0.778584,0.772083,0.781625,25
1,16,32,32,gk_vals,1,0.488208,0.478250,0.498292,25
1,16,32,32,cpu_vals,1,0.121625,0.111000,0.127333,25
1,16,32,32,cpu,1,0.186666,0.183792,0.192208,25
1,1024,32,8,jacobi,1,0.684959,0.669584,0.711709,25
1,1024,32,8,qr,1,1.048291,1.034375,1.068625,25
1,1024,32,8,gk,1,0.472708,0.469250,0.474875,25
1,1024,32,8,gk_vals,1,0.292708,0.290042,0.296250,25
1,1024,32,8,cpu_vals,1,0.430750,0.354042,0.575375,25
1,1024,32,8,gk_share,1,0.698750,0.680666,0.729917,25
1,1024,32,8,gk_share_vals,1,0.414959,0.407875,0.427583,25
1,1024,32,8,cpu,1,0.612334,0.599583,0.668792,25
1,64,32,16,jacobi,1,0.584625,0.321792,0.917666,25
1,64,32,16,qr,1,0.598042,0.588625,0.605625,25
1,64,32,16,gk,1,0.357459,0.355208,0.360459,25
1,64,32,16,gk_vals,1,0.286959,0.283292,0.291291,25
1,64,32,16,cpu_vals,1,0.150750,0.147709,0.155958,25
1,64,32,16,gk_share,1,0.457750,0.450917,0.471334,25
1,64,32,16,gk_share_vals,1,0.372125,0.360208,0.387875,25
1,64,32,16,cpu,1,0.237750,0.229541,0.246958,25
1,64,384,384,jacobi,1,1152.025167,1150.878230,1176.157792,3
1,64,384,384,block,1,275.397541,275.146250,275.792334,5
1,64,384,384,cpu,1,47.425333,47.102417,47.768167,5
1,64,384,384,bidiag,1,446.089167,445.668979,446.394917,3
1,64,384,384,bidiag_vals,1,349.624708,349.330062,349.978271,3
1,64,384,384,cpu_vals,1,23.537542,23.302146,23.681271,7
1,1,16,8,jacobi,1,0.335042,0.328125,0.346458,25
1,1,16,8,qr,1,0.427292,0.396167,0.581209,25
1,1,16,8,gk,1,0.258417,0.241458,0.266666,25
1,1,16,8,gk_vals,1,0.212750,0.200583,0.252750,25
1,1,16,8,cpu_vals,1,0.005958,0.005708,0.006000,25
1,1,16,8,cpu,1,0.010791,0.010667,0.011209,25
1,64,48,48,jacobi,1,1.882666,1.857042,1.910084,25
1,64,48,48,block,1,3.714917,3.664083,3.803041,25
1,64,48,48,gk,1,1.246500,1.202042,1.255125,25
1,64,48,48,gk_vals,1,0.919708,0.869292,0.924000,25
1,64,48,48,cpu_vals,1,0.293417,0.276458,0.583958,25
1,64,48,48,gk_share,1,1.327500,1.311125,1.358291,25
1,64,48,48,gk_share_vals,1,0.981750,0.970792,1.018417,25
1,64,48,48,cpu,1,0.690458,0.684708,0.701459,25
1,1,256,128,jacobi,1,5.653292,5.646625,5.666459,25
1,1,256,128,block,1,5.745708,5.653750,5.846167,25
1,1,256,128,qr,1,4.760250,4.752333,4.766500,25
1,1,256,128,qrblock,1,5.826209,5.725375,5.863375,25
1,1,256,128,cpu,1,1.347000,1.342042,1.353666,25
1,1,256,128,bidiag,1,2.969459,2.954333,2.980792,25
1,1,256,128,bidiag_vals,1,2.082083,2.080667,2.085458,25
1,1,256,128,cpu_vals,1,0.781833,0.776708,0.788083,25
1,256,128,64,jacobi,1,14.217167,13.779396,14.796480,11
1,256,128,64,block,1,9.416563,9.353397,9.437729,16
1,256,128,64,qr,1,16.886167,16.094896,16.967927,10
1,256,128,64,qrblock,1,12.172375,12.087917,12.320875,13
1,256,128,64,gk,1,9.881709,9.601844,10.071927,16
1,256,128,64,gk_vals,1,5.671292,5.551250,5.842916,25
1,256,128,64,cpu_vals,1,2.541625,2.246750,2.595625,25
1,256,128,64,gk_share,1,8.027500,7.929521,8.321604,19
1,256,128,64,gk_share_vals,1,4.757875,4.664250,5.052542,25
1,256,128,64,cpu,1,5.768708,5.559375,5.870834,25
1,4,256,16,jacobi,1,0.774333,0.310125,0.871833,25
1,4,256,16,qr,1,0.455458,0.452042,0.458959,25
1,4,256,16,gk,1,0.361667,0.359333,0.364042,25
1,4,256,16,gk_vals,1,0.277875,0.268208,0.285958,25
1,4,256,16,cpu_vals,1,0.052042,0.050875,0.053417,25
1,4,256,16,cpu,1,0.075333,0.073250,0.077291,25
1,4,1024,256,jacobi,1,105.349375,105.339958,105.389083,5
1,4,1024,256,block,1,19.814875,19.781791,19.843771,8
1,4,1024,256,qr,1,33.602792,33.339333,33.635709,5
1,4,1024,256,qrblock,1,16.338105,16.048521,16.515937,10
1,4,1024,256,cpu,1,7.657667,7.284531,7.693115,20
1,4,1024,256,bidiag,1,31.835375,31.793708,31.913083,5
1,4,1024,256,bidiag_vals,1,27.283854,27.062958,27.380406,6
1,4,1024,256,cpu_vals,1,3.869875,3.835750,4.053958,25
1,16,512,512,jacobi,1,838.029459,837.170458,839.524125,3
1,16,512,512,block,1,155.572041,155.332791,155.817667,5
1,16,512,512,cpu,1,27.861562,27.715593,28.097719,6
1,16,512,512,bidiag,1,159.591792,159.494208,159.966917,5
1,16,512,512,bidiag_vals,1,121.615125,121.585917,121.775750,5
1,16,512,512,cpu_vals,1,15.057833,14.923573,15.162666,10
1,16,512,512,band_vals,1,152.152375,152.126042,152.265334,5
1,16,96,96,jacobi,1,2.599167,2.594125,2.605208,25
1,16,96,96,block,1,4.695750,4.639167,4.749292,25
1,16,96,96,cpu,1,0.889792,0.858750,1.238583,25
1,16,64,32,jacobi,1,1.209000,0.423125,1.218375,25
1,16,64,32,block,1,2.074500,2.057708,2.093125,25
1,16,64,32,qr,1,0.629666,0.623250,0.636000,25
1,16,64,32,qrblock,1,2.251375,2.228417,2.305333,25
1,16,64,32,gk,1,0.795250,0.785333,0.841875,25
1,16,64,32,gk_vals,1,0.534417,0.531167,0.538167,25
1,16,64,32,cpu_vals,1,0.153125,0.139458,0.196209,25
1,16,64,32,cpu,1,0.223458,0.219542,0.229125,25
1,256,512,32,jacobi,1,11.825000,11.745916,11.985791,13
1,256,512,32,block,1,8.108500,7.935750,8.207624,19
1,256,512,32,qr,1,6.890458,6.730354,6.973156,22
1,256,512,32,qrblock,1,7.757604,7.583573,7.840646,20
1,256,512,32,gk,1,5.956625,5.908250,5.974291,25
1,256,512,32,gk_vals,1,3.951917,3.719625,4.012958,25
1,256,512,32,cpu_vals,1,1.916083,1.891250,1.931791,25
1,256,512,32,gk_share,1,5.457667,5.406250,5.542250,25
1,256,512,32,gk_share_vals,1,3.425375,3.355125,3.558583,25
1,256,512,32,cpu,1,3.864583,3.727709,4.080709,25
1,4,32,16,jacobi,1,0.439916,0.321667,0.480125,25
1,4,32,16,qr,1,0.457208,0.431208,0.506167,25
1,4,32,16,gk,1,0.321250,0.310333,0.323958,25
1,4,32,16,gk_vals,1,0.259500,0.255250,0.264583,25
1,4,32,16,cpu_vals,1,0.029458,0.028625,0.031167,25
1,4,32,16,cpu,1,0.048791,0.047958,0.049125,25
1,16,256,16,jacobi,1,0.616166,0.508666,0.885875,25
1,16,256,16,qr,1,0.553667,0.550708,0.565708,25
1,16,256,16,gk,1,0.386959,0.382500,0.388625,25
1,16,256,16,gk_vals,1,0.300833,0.299458,0.303209,25
1,16,256,16,cpu_vals,1,0.133458,0.114792,0.140958,25
1,16,256,16,cpu,1,0.189291,0.187750,0.193917,25
1,16,16,8,jacobi,1,0.320583,0.306917,0.338334,25
1,16,16,8,qr,1,0.395541,0.387167,0.407542,25
1,16,16,8,gk,1,0.196583,0.194667,0.201292,25
1,16,16,8,gk_vals,1,0.169208,0.165667,0.185833,25
1,16,16,8,cpu_vals,1,0.055375,0.054667,0.058042,25
1,16,16,8,cpu,1,0.071917,0.064625,0.099375,25
1,1024,1024,256,qrblock,1,1581.528833,1580.073646,1589.924208,3
1,256,384,384,jacobi,1,4722.601000,4719.931771,4730.274396,3
1,256,384,384,block,1,1143.149792,1142.273230,1144.326855,3
1,256,384,384,cpu,1,174.066334,173.573042,176.038084,5
1,64,256,256,jacobi,1,288.456667,287.567042,288.466958,5
1,64,256,256,block,1,82.942834,82.937709,83.044959,5
1,64,256,256,cpu,1,20.222500,20.100105,20.403281,8
1,64,256,256,bidiag,1,287.320375,287.314708,287.444667,5
1,64,256,256,bidiag_vals,1,224.350250,224.122250,224.946417,5
1,64,256,256,cpu_vals,1,10.877396,10.747958,11.084271,14
1,4,64,64,jacobi,1,1.130500,1.090209,1.400959,25
1,4,64,64,block,1,2.851916,2.844333,2.881208,25
1,4,64,64,gk,1,1.768750,1.764666,1.773791,25
1,4,64,64,gk_vals,1,1.370167,1.354083,1.388875,25
1,4,64,64,cpu_vals,1,0.098166,0.097459,0.099167,25
1,4,64,64,cpu,1,0.228750,0.225042,0.232834,25
1,1024,56,56,jacobi,1,27.972292,27.260261,28.565417,6
1,1024,56,56,block,1,28.324937,28.282239,28.336167,6
1,1024,56,56,gk,1,11.546000,11.513541,11.579417,13
1,1024,56,56,gk_vals,1,4.984292,4.961917,5.005125,25
1,1024,56,56,cpu_vals,1,3.909250,3.708042,3.964916,25
1,1024,56,56,gk_share,1,6.859604,6.815895,6.937145,22
1,1024,56,56,gk_share_vals,1,2.802959,2.778500,2.818250,25
1,1024,56,56,cpu,1,10.456333,10.289729,10.753417,15
1,1,24,24,jacobi,1,0.520208,0.470000,0.739750,25
1,1,24,24,gk,1,0.533334,0.505209,0.564042,25
1,1,24,24,gk_vals,1,0.356042,0.350708,0.363792,25
1,1,24,24,cpu_vals,1,0.013625,0.013584,0.013708,25
1,1,24,24,cpu,1,0.036417,0.036208,0.036833,25
1,16,2048,128,jacobi,1,87.192292,87.169000,87.225042,5
1,16,2048,128,block,1,20.841292,20.794115,20.992010,8
1,16,2048,128,qr,1,13.387667,13.197823,13.542927,12
1,16,2048,128,qrblock,1,14.731333,14.601146,14.831937,11
1,16,2048,128,cpu,1,8.274041,8.136646,8.420917,19
1,16,2048,128,bidiag,1,79.080708,78.450583,79.188333,5
1,16,2048,128,bidiag_vals,1,67.636833,67.527250,67.775875,5
1,16,2048,128,cpu_vals,1,3.753833,3.700667,3.820000,25
1,16,256,32,jacobi,1,0.514750,0.505791,0.799000,25
1,16,256,32,block,1,2.303250,2.243500,2.334792,25
1,16,256,32,qr,1,0.786750,0.775500,0.800250,25
1,16,256,32,qrblock,1,2.226917,2.190250,2.261959,25
1,16,256,32,gk,1,1.232167,1.214041,1.283667,25
1,16,256,32,gk_vals,1,0.786792,0.759458,0.825417,25
1,16,256,32,cpu_vals,1,0.169417,0.163625,0.211625,25
1,16,256,32,cpu,1,0.295333,0.283750,0.354250,25
1,256,2048,256,qr,1,1192.130625,1188.568833,1192.223062,3
1,256,2048,256,qrblock,1,527.873709,521.697250,530.307750,3
1,256,2048,256,cpu,1,267.286375,263.819208,267.439417,5
1,1,1024,32,jacobi,1,0.982708,0.937750,0.990500,25
1,1,1024,32,block,1,4.265500,4.166000,4.333750,25
1,1,1024,32,qr,1,0.693916,0.684875,0.698041,25
1,1,1024,32,qrblock,1,2.322459,2.161375,2.372167,25
1,1,1024,32,gk,1,1.183625,1.101792,1.201125,25
1,1,1024,32,gk_vals,1,0.708709,0.706916,0.711042,25
1,1,1024,32,cpu_vals,1,0.105500,0.104958,0.107083,25
1,1,1024,32,cpu,1,0.227334,0.224917,0.228917,25
1,16,128,64,jacobi,1,1.309083,1.276125,1.333334,25
1,16,128,64,block,1,2.882209,2.852708,2.975042,25
1,16,128,64,qr,1,1.671625,1.634917,1.697209,25
1,16,128,64,qrblock,1,3.284083,3.247583,3.373208,25
1,16,128,64,gk,1,2.592208,2.581542,2.597959,25
1,16,128,64,gk_vals,1,1.869375,1.840917,1.896792,25
1,16,128,64,cpu_vals,1,0.324375,0.264458,0.535041,25
1,16,128,64,cpu,1,0.512958,0.501750,0.679084,25
1,4096,1024,128,qr,1,2361.305875,2359.196709,2402.564938,3
1,4096,1024,128,qrblock,1,1356.201166,1316.865666,1383.649583,3
1,4096,1024,128,cpu,1,994.868167,980.955688,997.666146,3
1,64,128,16,jacobi,1,0.611792,0.574375,0.752291,25
1,64,128,16,qr,1,0.721917,0.708333,0.739917,25
1,64,128,16,gk,1,0.403583,0.399333,0.412125,25
1,64,128,16,gk_vals,1,0.290417,0.285917,0.297208,25
1,64,128,16,cpu_vals,1,0.182917,0.180208,0.186125,25
1,64,128,16,gk_share,1,0.496417,0.489083,0.502708,25
1,64,128,16,gk_share_vals,1,0.388042,0.382958,0.392375,25
1,64,128,16,cpu,1,0.292333,0.286416,0.297375,25
1,4096,512,16,jacobi,1,47.115125,46.961667,47.370666,5
1,4096,512,16,qr,1,37.184417,37.120166,37.281709,5
1,4096,512,16,gk,1,34.570041,34.528708,35.253875,5
1,4096,512,16,gk_vals,1,20.699979,20.530480,20.949625,8
1,4096,512,16,cpu_vals,1,8.948250,8.668417,9.073333,17
1,4096,512,16,gk_share,1,20.019396,19.337292,21.612489,8
1,4096,512,16,gk_share_vals,1,11.493313,11.075187,11.628739,14
1,4096,512,16,cpu,1,19.816105,19.257510,20.322657,8
1,256,128,16,jacobi,1,0.991709,0.986583,1.000750,25
1,256,128,16,qr,1,1.309084,1.269000,1.387041,25
1,256,128,16,gk,1,0.732584,0.727000,0.736042,25
1,256,128,16,gk_vals,1,0.431417,0.424500,0.443000,25
1,256,128,16,cpu_vals,1,0.326167,0.315041,0.409875,25
1,256,128,16,gk_share,1,0.636667,0.631709,0.644209,25
1,256,128,16,gk_share_vals,1,0.432666,0.429375,0.448292,25
1,256,128,16,cpu,1,0.691917,0.670583,0.712959,25
1,1,1024,64,jacobi,1,4.492666,4.487333,4.497083,25
1,1,1024,64,block,1,5.100208,5.025125,5.172250,25
1,1,1024,64,qr,1,1.569625,1.554917,1.609708,25
1,1,1024,64,qrblock,1,2.824000,2.784375,2.846084,25
1,1,1024,64,gk,1,2.488625,2.470791,2.491875,25
1,1,1024,64,gk_vals,1,1.867875,1.862542,1.916875,25
1,1,1024,64,cpu_vals,1,0.267250,0.266708,0.268875,25
1,1,1024,64,cpu,1,0.588125,0.584458,0.592416,25
1,1024,256,32,jacobi,1,21.976208,21.734875,22.052792,7
1,1024,256,32,block,1,14.708792,14.547980,14.728188,11
1,1024,256,32,qr,1,15.045583,14.874250,15.267093,10
1,1024,256,32,qrblock,1,14.290083,14.075999,14.442334,11
1,1024,256,32,gk,1,10.926770,10.860000,11.031969,14
1,1024,256,32,gk_vals,1,6.556375,6.464334,6.639959,23
1,1024,256,32,cpu_vals,1,3.864959,3.789250,3.966500,25
1,1024,256,32,gk_share,1,9.821792,9.322667,10.394583,15
1,1024,256,32,gk_share_vals,1,4.861875,4.783959,4.952208,25
1,1024,256,32,cpu,1,8.624562,8.501896,8.792677,18
1,1024,16,16,jacobi,1,1.767125,1.748292,1.788167,25
1,1024,16,16,gk,1,0.901875,0.874334,0.910083,25
1,1024,16,16,gk_vals,1,0.470833,0.463834,0.476833,25
1,1024,16,16,cpu_vals,1,0.548250,0.516250,0.597250,25
1,1024,16,16,gk_share,1,0.988958,0.936084,1.152375,25
1,1024,16,16,gk_share_vals,1,0.522875,0.516458,0.529166,25
1,1024,16,16,cpu,1,1.185792,1.152875,1.197667,25
1,4,768,768,jacobi,1,1269.112625,1268.049646,1270.872584,3
1,4,768,768,block,1,116.006625,115.914250,116.181250,5
1,4,768,768,cpu,1,40.273791,39.276834,40.822917,5
1,4,768,768,bidiag,1,75.289000,75.223250,75.423292,5
1,4,768,768,bidiag_vals,1,54.767208,54.751833,54.806375,5
1,4,768,768,cpu_vals,1,18.603417,18.264375,19.754073,8
1,4,768,768,band_vals,1,64.858417,64.795209,65.091417,5
1,16,512,32,jacobi,1,0.798625,0.792500,0.809208,25
1,16,512,32,block,1,2.869666,2.857667,2.902500,25
1,16,512,32,qr,1,0.967959,0.962375,0.983667,25
1,16,512,32,qrblock,1,2.418125,2.369167,2.436625,25
1,16,512,32,gk,1,1.490458,1.480875,1.503250,25
1,16,512,32,gk_vals,1,0.867208,0.838750,0.900500,25
1,16,512,32,cpu_vals,1,0.249500,0.223250,0.559250,25
1,16,512,32,cpu,1,0.454917,0.386667,0.482250,25
1,16,1024,256,jacobi,1,175.110875,175.092000,175.223667,5
1,16,1024,256,block,1,37.961458,37.823542,38.071833,5
1,16,1024,256,qr,1,67.135458,66.979208,67.489459,5
1,16,1024,256,qrblock,1,28.826166,28.446437,29.015021,6
1,16,1024,256,cpu,1,15.886000,13.715374,16.063021,11
1,16,1024,256,bidiag,1,123.631500,123.329250,124.143458,5
1,16,1024,256,bidiag_vals,1,106.284042,106.197083,106.312208,5
1,16,1024,256,cpu_vals,1,7.383792,7.226584,7.602291,21
1,64,192,192,jacobi,1,109.417958,109.290625,109.434375,5
1,64,192,192,block,1,37.417958,37.392542,37.655917,5
1,64,192,192,cpu,1,10.316291,10.223876,10.507855,15
1,64,192,192,bidiag,1,217.390750,217.368750,217.646416,5
1,64,192,192,bidiag_vals,1,163.692666,163.574958,163.748083,5
1,64,192,192,cpu_vals,1,5.445667,5.157542,5.521500,25
1,4096,128,64,jacobi,1,283.905542,283.201000,283.993875,5
1,4096,128,64,block,1,129.375083,129.206417,130.217166,5
1,4096,128,64,qr,1,229.459958,229.067542,229.479333,5
1,4096,128,64,qrblock,1,134.902791,134.350542,138.741791,5
1,4096,128,64,gk,1,110.375417,110.203625,111.609750,5
1,4096,128,64,gk_vals,1,49.306541,49.134667,49.593500,5
1,4096,128,64,cpu_vals,1,29.815895,29.795177,30.040271,6
1,4096,128,64,gk_share,1,62.367833,61.817500,63.504417,5
1,4096,128,64,gk_share_vals,1,28.568666,28.172136,29.123730,6
1,4096,128,64,cpu,1,78.479625,77.708458,78.719250,5
1,64,512,32,jacobi,1,2.276000,2.247000,2.289709,25
1,64,512,32,block,1,3.618791,3.577625,3.751875,25
1,64,512,32,qr,1,2.090625,2.035833,2.131584,25
1,64,512,32,qrblock,1,3.247834,3.193917,4.297084,25
1,64,512,32,gk,1,2.154750,2.127958,2.193791,25
1,64,512,32,gk_vals,1,1.691458,1.319250,1.728000,25
1,64,512,32,cpu_vals,1,0.641458,0.537584,0.711125,25
1,64,512,32,gk_share,1,2.174041,2.157209,2.539416,25
1,64,512,32,gk_share_vals,1,1.411375,1.373583,1.752000,25
1,64,512,32,cpu,1,1.060750,1.034916,1.459625,25
1,1,16,16,jacobi,1,0.516750,0.499042,0.533542,25
1,1,16,16,gk,1,0.327875,0.313084,0.357625,25
1,1,16,16,gk_vals,1,0.260291,0.245084,0.265167,25
1,1,16,16,cpu_vals,1,0.008625,0.008541,0.009041,25
1,1,16,16,cpu,1,0.019250,0.018709,0.019666,25
1,4,256,128,jacobi,1,5.752292,5.747083,5.757583,25
1,4,256,128,block,1,5.866584,5.780208,5.919750,25
1,4,256,128,qr,1,5.104500,5.097375,5.111084,25
1,4,256,128,qrblock,1,6.209708,6.086125,6.267334,25
1,4,256,128,cpu,1,1.900375,1.879334,1.911166,25
1,4,256,128,bidiag,1,10.141792,10.135917,10.161292,15
1,4,256,128,bidiag_vals,1,7.812459,7.788583,7.872615,20
1,4,256,128,cpu_vals,1,1.098292,1.085750,1.107041,25
1,256,512,16,jacobi,1,2.720333,2.640375,2.770125,25
1,256,512,16,qr,1,2.366792,2.330000,3.170083,25
1,256,512,16,gk,1,2.191333,2.166208,3.036667,25
1,256,512,16,gk_vals,1,1.811292,1.342417,2.087375,25
1,256,512,16,cpu_vals,1,0.799875,0.728750,1.230042,25
1,256,512,16,gk_share,1,2.184875,2.158541,2.250458,25
1,256,512,16,gk_share_vals,1,1.681500,1.229459,1.770083,25
1,256,512,16,cpu,1,1.850667,1.465875,1.911875,25
1,64,24,24,jacobi,1,0.533208,0.530583,0.549541,25
1,64,24,24,gk,1,0.524166,0.520459,0.530083,25
1,64,24,24,gk_vals,1,0.364292,0.358625,0.365375,25
1,64,24,24,cpu_vals,1,0.161333,0.158292,0.174125,25
1,64,24,24,gk_share,1,0.623625,0.619250,0.628500,25
1,64,24,24,gk_share_vals,1,0.451209,0.449750,0.455541,25
1,64,24,24,cpu,1,0.289959,0.283959,0.296292,25
1,1,128,64,jacobi,1,1.179042,1.156375,1.202209,25
1,1,128,64,block,1,2.851292,2.807542,2.963791,25
1,1,128,64,qr,1,1.317625,1.270666,1.328458,25
1,1,128,64,qrblock,1,2.895541,2.841792,2.921375,25
1,1,128,64,gk,1,2.090083,2.069167,2.106917,25
1,1,128,64,gk_vals,1,1.481375,1.471292,1.498500,25
1,1,128,64,cpu_vals,1,0.111916,0.111292,0.113959,25
1,1,128,64,cpu,1,0.270666,0.266750,0.272333,25
1,16,384,384,jacobi,1,234.514125,234.404000,234.543542,5
1,16,384,384,block,1,67.141792,67.104209,67.143125,5
1,16,384,384,cpu,1,12.774791,12.618802,12.852542,12
1,16,384,384,bidiag,1,112.847250,112.838250,113.010500,5
1,16,384,384,bidiag_vals,1,88.106208,88.105292,88.153625,5
1,16,384,384,cpu_vals,1,7.018167,6.818416,7.262042,21
1,64,16,16,jacobi,1,0.343458,0.326666,0.987917,25
1,64,16,16,gk,1,0.355959,0.352583,0.361541,25
1,64,16,16,gk_vals,1,0.259791,0.254709,0.271958,25
1,64,16,16,cpu_vals,1,0.139042,0.125583,0.205333,25
1,64,16,16,gk_share,1,0.445583,0.442958,0.448334,25
1,64,16,16,gk_share_vals,1,0.358542,0.357083,0.361208,25
1,64,16,16,cpu,1,0.183459,0.179292,0.190959,25
1,4096,80,80,jacobi,1,430.852709,430.042459,431.198563,3
1,4096,80,80,block,1,308.107416,307.883479,308.840916,3
1,4096,80,80,gk,1,149.960833,149.579625,150.000708,5
1,4096,80,80,gk_vals,1,62.000417,61.988250,62.055542,5
1,4096,80,80,cpu_vals,1,52.025167,51.869041,52.178375,5
1,4096,80,80,gk_share,1,67.690292,66.674791,67.832416,5
1,4096,80,80,gk_share_vals,1,33.663083,32.632375,33.801125,5
1,4096,80,80,cpu,1,97.649583,97.399208,99.885125,5
1,4096,64,16,jacobi,1,6.934708,6.903031,6.957750,22
1,4096,64,16,qr,1,9.531313,9.431916,9.598385,16
1,4096,64,16,gk,1,4.582042,4.529500,4.676875,25
1,4096,64,16,gk_vals,1,1.922584,1.910917,1.980667,25
1,4096,64,16,cpu_vals,1,3.121958,3.088250,3.151500,25
1,4096,64,16,gk_share,1,3.962125,3.945875,3.995250,25
1,4096,64,16,gk_share_vals,1,1.650334,1.631334,1.691750,25
1,4096,64,16,cpu,1,7.848292,7.816844,7.898385,20
1,1024,64,8,jacobi,1,0.674042,0.658209,1.919458,25
1,1024,64,8,qr,1,1.223625,1.212708,1.259792,25
1,1024,64,8,gk,1,0.611125,0.607125,0.621125,25
1,1024,64,8,gk_vals,1,0.341042,0.335500,0.344917,25
1,1024,64,8,cpu_vals,1,0.461583,0.394167,0.589875,25
1,1024,64,8,gk_share,1,0.761000,0.729333,0.786833,25
1,1024,64,8,gk_share_vals,1,0.433125,0.429291,0.440833,25
1,1024,64,8,cpu,1,0.715625,0.690750,0.769041,25
1,64,128,32,jacobi,1,1.058375,1.014458,1.067084,25
1,64,128,32,block,1,2.231125,2.118083,2.332584,25
1,64,128,32,qr,1,1.316042,1.261875,1.350791,25
1,64,128,32,qrblock,1,2.364708,2.338500,2.401667,25
1,64,128,32,gk,1,0.999500,0.994750,1.001541,25
1,64,128,32,gk_vals,1,0.590875,0.585959,0.592459,25
1,64,128,32,cpu_vals,1,0.260291,0.252916,0.560291,25
1,64,128,32,gk_share,1,1.057916,1.020750,1.075375,25
1,64,128,32,gk_share_vals,1,0.674208,0.664834,0.709000,25
1,64,128,32,cpu,1,0.528167,0.522791,0.536209,25
1,1,128,32,jacobi,1,0.493417,0.405750,1.296125,25
1,1,128,32,block,1,2.083417,1.969875,2.111667,25
1,1,128,32,qr,1,0.553375,0.539417,0.564834,25
1,1,128,32,qrblock,1,2.343417,2.219291,2.369250,25
1,1,128,32,gk,1,0.808458,0.770583,0.820875,25
1,1,128,32,gk_vals,1,0.521709,0.512750,0.542917,25
1,1,128,32,cpu_vals,1,0.032541,0.032333,0.032792,25
1,1,128,32,cpu,1,0.090250,0.089000,0.092541,25
1,16,1024,64,jacobi,1,5.265292,5.252541,5.274791,25
1,16,1024,64,block,1,6.352146,6.311344,6.410209,24
1,16,1024,64,qr,1,3.438834,3.400333,3.506750,25
1,16,1024,64,qrblock,1,5.076208,4.963500,5.230375,25
1,16,1024,64,gk,1,4.491917,4.471625,4.555583,25
1,16,1024,64,gk_vals,1,3.077375,3.036833,3.709875,25
1,16,1024,64,cpu_vals,1,1.245292,0.844625,1.298458,25
1,16,1024,64,cpu,1,2.024000,1.623500,2.089708,25
1,256,128,128,jacobi,1,118.164166,118.099083,119.021000,5
1,256,128,128,block,1,47.922833,47.883250,48.063167,5
1,256,128,128,cpu,1,21.669542,21.447042,22.004167,7
1,256,128,128,bidiag,1,577.275125,576.867500,577.978167,3
1,256,128,128,bidiag_vals,1,411.286666,410.910103,411.794375,3
1,256,128,128,cpu_vals,1,14.411625,14.326688,14.473605,11
1,1,192,192,jacobi,1,14.888875,14.880813,14.895396,11
1,1,192,192,block,1,9.551792,9.494667,9.578323,16
1,1,192,192,cpu,1,1.907083,1.894834,1.937042,25
1,1,192,192,bidiag,1,4.170125,4.132958,4.215250,25
1,1,192,192,bidiag_vals,1,2.785500,2.780459,2.822250,25
1,1,192,192,cpu_vals,1,0.850584,0.846583,0.858084,25
1,64,512,64,jacobi,1,11.324041,11.187625,11.431688,14
1,64,512,64,block,1,6.776272,6.699448,6.994094,22
1,64,512,64,qr,1,6.652167,6.566750,6.703854,23
1,64,512,64,qrblock,1,7.366625,7.200583,7.471875,21
1,64,512,64,gk,1,6.070292,5.961334,6.147792,25
1,64,512,64,gk_vals,1,4.573666,4.450167,4.682291,25
1,64,512,64,cpu_vals,1,1.730542,1.687084,1.799292,25
1,64,512,64,gk_share,1,5.955083,5.888417,6.067917,25
1,64,512,64,gk_share_vals,1,4.322250,4.216208,4.400291,25
1,64,512,64,cpu,1,3.294542,3.264625,3.463083,25
1,4096,64,8,jacobi,1,2.017458,1.958375,2.511042,25
1,4096,64,8,qr,1,3.198333,3.177166,3.286959,25
1,4096,64,8,gk,1,1.864334,1.836917,1.870500,25
1,4096,64,8,gk_vals,1,0.850459,0.806625,0.856959,25
1,4096,64,8,cpu_vals,1,1.732708,1.461541,1.775458,25
1,4096,64,8,gk_share,1,2.037250,2.028500,2.051875,25
1,4096,64,8,gk_share_vals,1,1.382792,1.367958,1.400000,25
1,4096,64,8,cpu,1,2.882375,2.858583,2.919416,25
1,64,128,8,jacobi,1,0.466459,0.453750,0.563458,25
1,64,128,8,qr,1,0.541292,0.531333,0.563166,25
1,64,128,8,gk,1,0.254292,0.251667,0.256917,25
1,64,128,8,gk_vals,1,0.197833,0.190583,0.211459,25
1,64,128,8,cpu_vals,1,0.256458,0.182208,0.325291,25
1,64,128,8,gk_share,1,0.351541,0.347333,0.356333,25
1,64,128,8,gk_share_vals,1,0.305292,0.302208,0.308542,25
1,64,128,8,cpu,1,0.193084,0.187167,0.199625,25
1,1,4,4,jacobi,1,0.240125,0.226291,0.279584,25
1,1,4,4,gk,1,0.201041,0.186125,0.258458,25
1,1,4,4,gk_vals,1,0.194958,0.177791,0.215208,25
1,1,4,4,cpu_vals,1,0.003917,0.003916,0.004250,25
1,1,4,4,cpu,1,0.003959,0.003958,0.004333,25
1,16,2048,64,jacobi,1,19.636042,19.609448,19.670031,8
1,16,2048,64,block,1,10.340458,10.244417,10.412354,15
1,16,2048,64,qr,1,4.987083,4.916459,5.082041,25
1,16,2048,64,qrblock,1,6.730459,6.625604,6.883062,23
1,16,2048,64,gk,1,6.050041,5.966167,6.100250,25
1,16,2048,64,gk_vals,1,4.628875,4.556875,4.665458,25
1,16,2048,64,cpu_vals,1,1.683792,1.440917,1.693667,25
1,16,2048,64,cpu,1,3.091333,3.048000,3.152875,25
1,1,3072,3072,cpu,1,1300.679750,1294.073688,1305.277917,3
1,1,3072,3072,bidiag,1,606.217500,605.452750,608.200084,3
1,1,3072,3072,bidiag_vals,1,280.659708,280.633209,280.905792,5
1,1,3072,3072,cpu_vals,1,721.087750,721.002271,721.390167,3
1,1,3072,3072,band_vals,1,127.013333,126.451708,127.372375,5
1,4096,512,128,qr,1,2064.969833,2062.451334,2086.725188,3
1,4096,512,128,qrblock,1,988.053750,986.112146,1007.529521,3
1,4096,512,128,cpu,1,620.115084,617.782542,621.092979,3
1,256,512,256,jacobi,1,1902.808625,1901.774875,1905.125875,3
1,256,512,256,block,1,425.675542,425.022312,425.735563,3
1,256,512,256,qr,1,1097.444917,1097.121459,1097.856229,3
1,256,512,256,qrblock,1,351.551375,350.217312,354.018896,3
1,256,512,256,cpu,1,118.296917,117.803083,119.120834,5
1,1,64,32,jacobi,1,0.369875,0.350625,1.107333,25
1,1,64,32,block,1,1.870125,1.784458,1.948042,25
1,1,64,32,qr,1,0.527333,0.521500,0.544708,25
1,1,64,32,qrblock,1,2.014209,1.922375,2.121667,25
1,1,64,32,gk,1,0.735958,0.700375,0.753042,25
1,1,64,32,gk_vals,1,0.496083,0.479625,0.505417,25
1,1,64,32,cpu_vals,1,0.028958,0.028875,0.029417,25
1,1,64,32,cpu,1,0.070333,0.070083,0.070541,25
1,1,1024,128,jacobi,1,18.449542,18.443416,18.468834,9
1,1,1024,128,block,1,8.673292,8.640156,8.782937,18
1,1,1024,128,qr,1,5.546000,5.533084,5.557667,25
1,1,1024,128,qrblock,1,6.385854,6.291688,6.477281,24
1,1,1024,128,cpu,1,2.159958,2.152000,2.176250,25
1,1,1024,128,bidiag,1,3.897125,3.841167,4.474458,25
1,1,1024,128,bidiag_vals,1,2.973333,2.949125,3.043250,25
1,1,1024,128,cpu_vals,1,1.172750,1.166750,1.179208,25
1,1,128,128,jacobi,1,4.920834,4.910125,4.938792,25
1,1,128,128,block,1,6.002042,5.926000,6.105625,25
1,1,128,128,cpu,1,1.035459,1.029125,1.042375,25
1,1,128,128,bidiag,1,2.639542,2.617708,2.656958,25
1,1,128,128,bidiag_vals,1,1.751583,1.740000,1.769292,25
1,1,128,128,cpu_vals,1,0.636333,0.632542,0.640375,25
1,4,512,512,jacobi,1,329.181625,328.933750,329.366459,3
1,4,512,512,block,1,49.041167,49.018417,49.163583,5
1,4,512,512,cpu,1,19.134187,18.793011,19.237677,8
1,4,512,512,bidiag,1,44.311208,44.233583,44.420458,5
1,4,512,512,bidiag_vals,1,32.539500,32.490625,32.547750,5
1,4,512,512,cpu_vals,1,8.974584,8.917833,9.020250,17
1,4,512,512,band_vals,1,41.310500,41.301667,41.385417,5
1,4096,128,16,jacobi,1,9.634270,9.497094,9.781052,16
1,4096,128,16,qr,1,12.326646,12.209646,12.943906,12
1,4096,128,16,gk,1,7.512000,7.380125,7.562375,21
1,4096,128,16,gk_vals,1,2.919916,2.871542,2.942958,25
1,4096,128,16,cpu_vals,1,3.738667,3.684584,3.824000,25
1,4096,128,16,gk_share,1,6.858021,6.487500,7.394209,22
1,4096,128,16,gk_share_vals,1,3.162791,3.003792,3.242417,25
1,4096,128,16,cpu,1,9.322084,9.284042,9.445791,17
1,1024,16,8,jacobi,1,0.550834,0.526250,1.637959,25
1,1024,16,8,qr,1,0.970833,0.959875,1.004292,25
1,1024,16,8,gk,1,0.400000,0.395875,0.402208,25
1,1024,16,8,gk_vals,1,0.275000,0.268167,0.277334,25
1,1024,16,8,cpu_vals,1,0.408334,0.335166,0.563750,25
1,1024,16,8,gk_share,1,0.687584,0.670292,0.728209,25
1,1024,16,8,gk_share_vals,1,0.413000,0.406917,0.454458,25
1,1024,16,8,cpu,1,0.619125,0.570459,0.635541,25
1,1,256,64,jacobi,1,1.449875,1.444208,1.464791,25
1,1,256,64,block,1,3.063042,3.013167,3.148250,25
1,1,256,64,qr,1,1.329250,1.298125,1.353125,25
1,1,256,64,qrblock,1,2.820583,2.772375,2.847334,25
1,1,256,64,gk,1,2.166125,2.153083,2.172959,25
1,1,256,64,gk_vals,1,1.516583,1.482417,1.528708,25
1,1,256,64,cpu_vals,1,0.127458,0.126792,0.129333,25
1,1,256,64,cpu,1,0.301291,0.298833,0.306500,25
1,4,512,128,jacobi,1,10.475791,10.471312,10.485938,15
1,4,512,128,block,1,6.824625,6.764573,6.961365,22
1,4,512,128,qr,1,5.707542,5.687125,5.714625,25
1,4,512,128,qrblock,1,6.588125,6.489791,6.741625,23
1,4,512,128,cpu,1,1.970709,1.921708,2.273250,25
1,4,512,128,bidiag,1,11.816833,11.749041,11.837833,13
1,4,512,128,bidiag_vals,1,9.324208,9.268291,9.408792,17
1,4,512,128,cpu_vals,1,1.160916,1.123167,1.169250,25
1,64,8,8,jacobi,1,0.237708,0.228125,0.267416,25
1,64,8,8,gk,1,0.235750,0.228042,0.267250,25
1,64,8,8,gk_vals,1,0.201542,0.193125,0.206042,25
1,64,8,8,cpu_vals,1,0.128250,0.093334,0.189916,25
1,64,8,8,gk_share,1,0.312209,0.307084,0.327041,25
1,64,8,8,gk_share_vals,1,0.284292,0.271875,0.294875,25
1,64,8,8,cpu,1,0.136750,0.128584,0.244833,25
1,1,8,8,jacobi,1,0.289833,0.281083,0.309250,25
1,1,8,8,gk,1,0.250959,0.247083,0.257541,25
1,1,8,8,gk_vals,1,0.215208,0.201250,0.239042,25
1,1,8,8,cpu_vals,1,0.005375,0.005333,0.005417,25
1,1,8,8,cpu,1,0.009042,0.008958,0.009375,25
1,4,384,384,jacobi,1,128.016042,127.999750,128.060292,5
1,4,384,384,block,1,29.174937,29.139573,29.221365,6
1,4,384,384,cpu,1,8.969417,8.941750,9.105666,17
1,4,384,384,bidiag,1,30.132250,29.767833,30.171334,5
1,4,384,384,bidiag_vals,1,22.813875,22.800688,22.887729,7
1,4,384,384,cpu_vals,1,4.195667,4.173792,4.356125,25
1,4,256,8,jacobi,1,0.232041,0.223792,0.239792,25
1,4,256,8,qr,1,0.425292,0.412750,0.431209,25
1,4,256,8,gk,1,0.241417,0.236042,0.244916,25
1,4,256,8,gk_vals,1,0.191334,0.179416,0.210167,25
1,4,256,8,cpu_vals,1,0.028583,0.028375,0.030041,25
1,4,256,8,cpu,1,0.050291,0.048167,0.051209,25
1,16,8,8,jacobi,1,0.181875,0.166833,0.188833,25
1,16,8,8,gk,1,0.199625,0.190875,0.214792,25
1,16,8,8,gk_vals,1,0.184000,0.172584,0.187917,25
1,16,8,8,cpu_vals,1,0.049125,0.047584,0.049958,25
1,16,8,8,cpu,1,0.081666,0.055958,0.082167,25
1,1024,32,16,jacobi,1,1.768541,1.751333,1.974167,25
1,1024,32,16,qr,1,2.446167,2.417416,2.466250,25
1,1024,32,16,gk,1,1.089583,1.036333,1.114083,25
1,1024,32,16,gk_vals,1,0.536959,0.528375,0.542666,25
1,1024,32,16,cpu_vals,1,0.708834,0.688417,0.756917,25
1,1024,32,16,gk_share,1,1.439417,1.259708,1.538958,25
1,1024,32,16,gk_share_vals,1,0.657083,0.634625,0.691500,25
1,1024,32,16,cpu,1,1.855334,1.823584,1.868209,25
1,16,40,40,jacobi,1,0.584834,0.579042,0.644042,25
1,16,40,40,block,1,2.510417,2.484250,2.555792,25
1,16,40,40,gk,1,0.880917,0.860750,0.898292,25
1,16,40,40,gk_vals,1,0.715875,0.651208,0.730292,25
1,16,40,40,cpu_vals,1,0.136666,0.129459,0.172167,25
1,16,40,40,cpu,1,0.244625,0.237500,0.254541,25
1,256,2048,128,jacobi,1,1886.176125,1883.341750,1886.233667,3
1,256,2048,128,block,1,245.597333,243.810750,246.067125,5
1,256,2048,128,qr,1,214.315791,214.018459,214.636750,5
1,256,2048,128,qrblock,1,149.917958,149.616709,150.611291,5
1,256,2048,128,cpu,1,110.002291,109.296542,110.697875,5
1,256,2048,128,bidiag,1,1226.633083,1226.067875,1226.755750,3
1,256,2048,128,bidiag_vals,1,1054.553709,1054.498292,1056.433980,3
1,256,2048,128,cpu_vals,1,46.940750,46.734708,46.946166,5
1,256,16,8,jacobi,1,0.371750,0.358167,0.822458,25
1,256,16,8,qr,1,0.588584,0.570084,0.611541,25
1,256,16,8,gk,1,0.248500,0.246500,0.251666,25
1,256,16,8,gk_vals,1,0.192291,0.186542,0.199375,25
1,256,16,8,cpu_vals,1,0.166000,0.161542,0.179875,25
1,256,16,8,gk_share,1,0.396292,0.385750,0.403709,25
1,256,16,8,gk_share_vals,1,0.346250,0.312167,0.350375,25
1,256,16,8,cpu,1,0.232375,0.224417,0.242333,25
1,1024,40,40,jacobi,1,13.821958,13.650354,14.014499,11
1,1024,40,40,block,1,24.325125,24.207521,24.381062,7
1,1024,40,40,gk,1,4.894167,4.861000,4.943083,25
1,1024,40,40,gk_vals,1,2.212708,2.178500,2.220916,25
1,1024,40,40,cpu_vals,1,2.372375,2.033708,2.477375,25
1,1024,40,40,gk_share,1,3.866083,3.787834,4.406667,25
1,1024,40,40,gk_share_vals,1,1.731916,1.715792,1.754041,25
1,1024,40,40,cpu,1,6.716458,6.600250,6.809854,23
1,2,2048,2048,cpu,1,617.846000,613.303146,618.001229,3
1,2,2048,2048,bidiag,1,386.286084,385.572688,387.028563,3
1,2,2048,2048,bidiag_vals,1,180.861583,180.842792,181.023166,5
1,2,2048,2048,cpu_vals,1,307.729125,294.680791,308.885063,3
1,2,2048,2048,band_vals,1,119.085542,118.558166,124.226708,5
1,1024,256,128,jacobi,1,535.548750,531.463500,536.070312,3
1,1024,256,128,block,1,226.216917,225.227875,226.803833,5
1,1024,256,128,qr,1,495.045416,491.501937,499.444166,3
1,1024,256,128,qrblock,1,207.892709,206.047875,209.033875,5
1,1024,256,128,cpu,1,120.954667,119.536000,121.611083,5
1,64,256,8,jacobi,1,0.536542,0.287792,0.933334,25
1,64,256,8,qr,1,0.633709,0.614458,0.650667,25
1,64,256,8,gk,1,0.294625,0.291709,0.296750,25
1,64,256,8,gk_vals,1,0.218250,0.210708,0.222959,25
1,64,256,8,cpu_vals,1,0.175375,0.162292,0.199333,25
1,64,256,8,gk_share,1,0.376417,0.366042,0.387375,25
1,64,256,8,gk_share_vals,1,0.311458,0.306125,0.315666,25
1,64,256,8,cpu,1,0.223375,0.218417,0.233167,25
1,64,32,32,jacobi,1,0.874500,0.832708,0.905083,25
1,64,32,32,block,1,2.308875,2.252584,2.323250,25
1,64,32,32,gk,1,0.806500,0.758750,0.812209,25
1,64,32,32,gk_vals,1,0.494291,0.483792,0.504250,25
1,64,32,32,cpu_vals,1,0.201084,0.193250,0.207125,25
1,64,32,32,gk_share,1,0.861500,0.811209,0.920500,25
1,64,32,32,gk_share_vals,1,0.585417,0.580833,0.587291,25
1,64,32,32,cpu,1,0.396334,0.390292,0.419959,25
1,1024,1024,64,jacobi,1,631.969083,631.494937,632.906667,3
1,1024,1024,64,block,1,124.315083,124.228334,124.547584,5
1,1024,1024,64,qr,1,113.390625,109.678959,113.517542,5
1,1024,1024,64,qrblock,1,90.217292,89.434250,90.910375,5
1,1024,1024,64,gk,1,86.817500,85.969083,93.683250,5
1,1024,1024,64,gk_vals,1,47.618083,47.582916,48.010833,5
1,1024,1024,64,cpu_vals,1,34.880291,34.687875,35.066750,5
1,1024,1024,64,gk_share,1,70.898500,69.630833,78.546875,5
1,1024,1024,64,gk_share_vals,0,0.000000,0.000000,0.000000,0
1,1024,1024,64,cpu,1,70.476166,69.986833,70.990916,5
1,1,1536,1536,cpu,1,179.216083,179.185333,179.465917,5
1,1,1536,1536,bidiag,1,120.269667,120.232250,120.951334,5
1,1,1536,1536,bidiag_vals,1,50.153083,50.092458,50.181542,5
1,1,1536,1536,cpu_vals,1,85.634500,85.581875,85.641708,5
1,1,1536,1536,band_vals,1,44.264167,44.234625,44.372750,5
1,4,256,256,jacobi,1,34.899250,34.873709,34.913125,5
1,4,256,256,block,1,14.199167,14.169875,14.380771,11
1,4,256,256,cpu,1,4.234041,4.187250,4.262875,25
1,4,256,256,bidiag,1,18.667000,18.628792,18.696583,9
1,4,256,256,bidiag_vals,1,14.584125,14.514375,14.639833,11
1,4,256,256,cpu_vals,1,2.025125,2.007792,2.046542,25
1,1024,48,48,jacobi,1,22.116250,21.489292,22.380917,7
1,1024,48,48,block,1,26.439604,26.064771,26.634968,6
1,1024,48,48,gk,1,7.362916,7.295792,7.392959,21
1,1024,48,48,gk_vals,1,3.276917,3.269792,3.302209,25
1,1024,48,48,cpu_vals,1,3.206041,3.143833,3.221875,25
1,1024,48,48,gk_share,1,5.279042,5.242625,5.360167,25
1,1024,48,48,gk_share_vals,1,2.291250,2.263500,2.310750,25
1,1024,48,48,cpu,1,9.479396,9.393406,9.542239,16
1,4,96,96,jacobi,1,2.402250,2.395042,2.405959,25
1,4,96,96,block,1,4.052292,3.985083,4.142875,25
1,4,96,96,cpu,1,0.701708,0.689750,0.705667,25
1,256,8,8,jacobi,1,0.288250,0.283625,0.309417,25
1,256,8,8,gk,1,0.245167,0.241000,0.256000,25
1,256,8,8,gk_vals,1,0.195542,0.184459,0.205791,25
1,256,8,8,cpu_vals,1,0.149583,0.145334,0.160834,25
1,256,8,8,gk_share,1,0.392375,0.383292,0.413584,25
1,256,8,8,gk_share_vals,1,0.332250,0.326625,0.340833,25
1,256,8,8,cpu,1,0.195458,0.191417,0.220292,25
1,4096,56,56,jacobi,1,120.403958,114.819625,120.726500,5
1,4096,56,56,block,1,116.652250,112.933208,117.583042,5
1,4096,56,56,gk,1,44.650416,44.523834,44.713959,5
1,4096,56,56,gk_vals,1,17.854792,17.746042,17.971167,9
1,4096,56,56,cpu_vals,1,14.539834,14.311937,14.720291,11
1,4096,56,56,gk_share,1,26.484145,26.260666,26.595750,6
1,4096,56,56,gk_share_vals,1,9.422251,9.193042,9.713958,16
1,4096,56,56,cpu,1,44.597750,44.354750,45.531500,5
1,1,64,64,jacobi,1,1.049959,1.039750,1.075917,25
1,1,64,64,block,1,2.834625,2.797500,2.869500,25
1,1,64,64,gk,1,1.699125,1.679875,1.715917,25
1,1,64,64,gk_vals,1,1.275875,1.263792,1.294250,25
1,1,64,64,cpu_vals,1,0.080833,0.076125,0.094333,25
1,1,64,64,cpu,1,0.210250,0.194333,0.233166,25
1,1,512,64,jacobi,1,2.071708,2.050500,2.087917,25
1,1,512,64,block,1,3.911959,3.849500,3.991916,25
1,1,512,64,qr,1,1.395000,1.381500,1.408875,25
1,1,512,64,qrblock,1,2.879625,2.859625,2.932833,25
1,1,512,64,gk,1,2.413166,2.391125,2.430667,25
1,1,512,64,gk_vals,1,1.767750,1.748375,1.783292,25
1,1,512,64,cpu_vals,1,0.195250,0.191542,0.197583,25
1,1,512,64,cpu,1,0.430583,0.429000,0.439542,25
1,16,56,56,jacobi,1,0.980000,0.954958,1.001125,25
1,16,56,56,block,1,2.961791,2.919000,3.026833,25
1,16,56,56,gk,1,1.444958,1.426666,1.453083,25
1,16,56,56,gk_vals,1,1.091208,1.086292,1.134083,25
1,16,56,56,cpu_vals,1,0.193375,0.189959,0.199000,25
1,16,56,56,cpu,1,0.363542,0.339875,0.375208,25
1,4,512,256,jacobi,1,48.366167,48.275416,48.369458,5
1,4,512,256,block,1,13.951000,13.897583,13.986396,11
1,4,512,256,qr,1,33.241500,33.175583,33.300250,5
1,4,512,256,qrblock,1,14.745083,14.214875,14.827146,11
1,4,512,256,cpu,1,5.986042,5.922125,6.047875,25
1,4,512,256,bidiag,1,25.102854,24.857208,25.258750,6
1,4,512,256,bidiag_vals,1,20.415917,20.311875,20.688635,8
1,4,512,256,cpu_vals,1,2.875916,2.855292,2.972958,25
1,256,4,4,jacobi,1,0.285916,0.281459,0.303459,25
1,256,4,4,gk,1,0.314125,0.308291,0.324291,25
1,256,4,4,gk_vals,1,0.197333,0.194667,0.199625,25
1,256,4,4,cpu_vals,1,0.154584,0.121375,0.245834,25
1,256,4,4,gk_share,1,0.335958,0.317833,0.354458,25
1,256,4,4,gk_share_vals,1,0.281500,0.270750,0.285541,25
1,256,4,4,cpu,1,0.139375,0.134583,0.144958,25
1,16,64,16,jacobi,1,0.366583,0.318833,0.553375,25
1,16,64,16,qr,1,0.508625,0.479542,0.552542,25
1,16,64,16,gk,1,0.354416,0.348833,0.356375,25
1,16,64,16,gk_vals,1,0.268375,0.258417,0.279500,25
1,16,64,16,cpu_vals,1,0.105167,0.085875,0.158625,25
1,16,64,16,cpu,1,0.128542,0.126167,0.148500,25
1,16,48,48,jacobi,1,0.871250,0.819125,0.884208,25
1,16,48,48,block,1,2.863292,2.837209,2.898833,25
1,16,48,48,gk,1,1.120875,1.070958,1.124459,25
1,16,48,48,gk_vals,1,0.855083,0.818042,0.881042,25
1,16,48,48,cpu_vals,1,0.167875,0.166291,0.172417,25
1,16,48,48,cpu,1,0.313375,0.304625,0.322042,25
1,4096,16,8,jacobi,1,1.965375,1.735666,2.100250,25
1,4096,16,8,qr,1,2.502917,2.431250,2.729959,25
1,4096,16,8,gk,1,1.068500,0.986125,1.164834,25
1,4096,16,8,gk_vals,1,0.570167,0.546625,0.657459,25
1,4096,16,8,cpu_vals,1,1.349541,1.273417,1.592042,25
1,4096,16,8,gk_share,1,1.865167,1.670708,2.065209,25
1,4096,16,8,gk_share_vals,1,1.151416,1.063333,1.258792,25
1,4096,16,8,cpu,1,2.281667,2.132500,2.532209,25
1,16,128,128,jacobi,1,5.132958,5.080625,5.365125,25
1,16,128,128,block,1,6.835458,6.755896,6.936479,22
1,16,128,128,cpu,1,1.851708,1.803791,1.938708,25
1,16,128,128,bidiag,1,35.382375,35.375750,35.757417,5
1,16,128,128,bidiag_vals,1,26.176437,26.042594,26.259406,6
1,16,128,128,cpu_vals,1,1.199667,1.112458,1.300875,25
1,1024,192,192,jacobi,1,1738.806875,1727.934084,1749.114208,3
1,1024,192,192,block,1,608.254875,606.270354,611.706187,3
1,1024,192,192,cpu,1,140.706500,139.742375,141.626625,5
1,1024,128,64,jacobi,1,64.497292,59.907875,70.595625,5
1,1024,128,64,block,1,35.119583,35.093792,35.192208,5
1,1024,128,64,qr,1,55.377875,54.829917,56.278417,5
1,1024,128,64,qrblock,1,35.915042,35.412917,36.408708,5
1,1024,128,64,gk,1,29.080188,28.575605,30.549646,6
1,1024,128,64,gk_vals,1,13.878334,13.831937,14.097042,11
1,1024,128,64,cpu_vals,1,8.092166,8.001000,8.177459,19
1,1024,128,64,gk_share,1,19.155771,17.974947,19.352291,8
1,1024,128,64,gk_share_vals,1,10.065417,9.237020,10.670333,15
1,1024,128,64,cpu,1,21.998084,21.915292,22.105646,7
1,256,40,40,jacobi,1,4.222458,4.177583,4.245792,25
1,256,40,40,block,1,7.929709,7.836521,7.984625,20
1,256,40,40,gk,1,1.779542,1.738000,1.829958,25
1,256,40,40,gk_vals,1,0.903875,0.887791,0.944792,25
1,256,40,40,cpu_vals,1,0.639208,0.619917,0.650084,25
1,256,40,40,gk_share,1,1.197667,1.169125,1.252041,25
1,256,40,40,gk_share_vals,1,0.784917,0.774583,0.817208,25
1,256,40,40,cpu,1,1.761875,1.713875,1.854833,25
1,16,16,16,jacobi,1,0.310875,0.243167,0.837834,25
1,16,16,16,gk,1,0.346625,0.337167,0.361292,25
1,16,16,16,gk_vals,1,0.270041,0.266750,0.272959,25
1,16,16,16,cpu_vals,1,0.082500,0.063291,0.112042,25
1,16,16,16,cpu,1,0.112625,0.099458,0.121791,25
1,16,192,192,jacobi,1,18.629375,18.547000,18.655333,9
1,16,192,192,block,1,13.263500,12.998219,13.383282,12
1,16,192,192,cpu,1,3.388666,3.283583,3.644292,25
1,16,192,192,bidiag,1,56.571125,54.789375,57.113875,5
1,16,192,192,bidiag_vals,1,40.964375,40.775417,40.967625,5
1,16,192,192,cpu_vals,1,1.747375,1.537875,2.033583,25
1,1024,256,256,jacobi,1,4485.074166,4480.797250,4486.782875,3
1,1024,256,256,block,1,1459.838625,1438.691104,1473.369708,3
1,1024,256,256,cpu,1,302.705542,296.141083,303.271355,3
1,1024,64,16,jacobi,1,2.106125,2.092541,2.133167,25
1,1024,64,16,qr,1,2.726292,2.689167,2.769000,25
1,1024,64,16,gk,1,1.451583,1.432917,1.461666,25
1,1024,64,16,gk_vals,1,0.743583,0.736167,0.746416,25
1,1024,64,16,cpu_vals,1,0.799875,0.779875,1.314250,25
1,1024,64,16,gk_share,1,1.507958,1.487583,1.538417,25
1,1024,64,16,gk_share_vals,1,0.978167,0.958584,0.986041,25
1,1024,64,16,cpu,1,2.101584,2.020792,2.531250,25
1,4096,128,8,jacobi,1,2.933292,2.914625,2.951542,25
1,4096,128,8,qr,1,5.411708,5.208375,5.597917,25
1,4096,128,8,gk,1,2.894166,2.880500,2.905833,25
1,4096,128,8,gk_vals,1,1.161333,1.105375,1.495458,25
1,4096,128,8,cpu_vals,1,1.916208,1.547917,1.970375,25
1,4096,128,8,gk_share,1,2.782458,2.769666,2.798250,25
1,4096,128,8,gk_share_vals,1,1.286125,1.279083,1.298541,25
1,4096,128,8,cpu,1,3.517959,3.447125,3.586250,25
1,256,256,32,jacobi,1,5.256834,5.218959,5.314708,25
1,256,256,32,block,1,4.781417,4.726125,4.804209,25
1,256,256,32,qr,1,4.912834,4.469833,5.013084,25
1,256,256,32,qrblock,1,5.545791,5.237750,5.663917,25
1,256,256,32,gk,1,3.792417,3.547708,3.940375,25
1,256,256,32,gk_vals,1,1.912417,1.829958,2.584750,25
1,256,256,32,cpu_vals,1,1.439375,1.093291,1.465750,25
1,256,256,32,gk_share,1,3.662459,3.569208,3.739084,25
1,256,256,32,gk_share_vals,1,1.861167,1.763791,1.959541,25
1,256,256,32,cpu,1,2.696750,2.323791,2.726459,25
1,256,512,128,jacobi,1,312.358083,311.957833,314.003625,3
1,256,512,128,block,1,83.156209,83.077625,83.156333,5
1,256,512,128,qr,1,133.522167,132.864292,133.657833,5
1,256,512,128,qrblock,1,67.753375,67.638750,67.771958,5
1,256,512,128,cpu,1,41.875000,41.419125,42.175542,5
1,256,512,128,bidiag,1,726.737917,726.247063,726.818750,3
1,256,512,128,bidiag_vals,1,568.665041,568.378916,568.990083,3
1,256,512,128,cpu_vals,1,21.535709,21.442583,21.685688,7
1,256,32,16,jacobi,1,0.630083,0.627583,0.648708,25
1,256,32,16,qr,1,1.144792,1.043917,1.153000,25
1,256,32,16,gk,1,0.429708,0.427083,0.432500,25
1,256,32,16,gk_vals,1,0.312500,0.308792,0.317750,25
1,256,32,16,cpu_vals,1,0.262709,0.252667,0.577791,25
1,256,32,16,gk_share,1,0.549791,0.545833,0.556333,25
1,256,32,16,gk_share_vals,1,0.409125,0.398875,0.424166,25
1,256,32,16,cpu,1,0.579917,0.555208,0.606583,25
1,4,16,8,jacobi,1,0.345041,0.325792,0.355708,25
1,4,16,8,qr,1,0.588583,0.412417,0.611500,25
1,4,16,8,gk,1,0.236375,0.221292,0.262083,25
1,4,16,8,gk_vals,1,0.197375,0.195208,0.238500,25
1,4,16,8,cpu_vals,1,0.019250,0.018000,0.021208,25
1,4,16,8,cpu,1,0.024333,0.023542,0.026709,25
1,256,512,64,jacobi,1,36.813334,36.459584,37.143375,5
1,256,512,64,block,1,19.904625,19.736677,20.057032,8
1,256,512,64,qr,1,23.593250,21.978562,24.399230,7
1,256,512,64,qrblock,1,20.020000,19.892697,20.052011,8
1,256,512,64,gk,1,18.059666,17.912792,18.248750,9
1,256,512,64,gk_vals,1,12.157625,12.024292,12.344125,13
1,256,512,64,cpu_vals,1,5.534750,5.444209,5.573750,25
1,256,512,64,gk_share,1,15.653438,15.545041,15.690646,10
1,256,512,64,gk_share_vals,1,10.100042,9.995166,10.180958,15
1,256,512,64,cpu,1,11.653208,11.504417,11.697250,13
1,1,96,96,jacobi,1,2.375500,2.369334,2.380250,25
1,1,96,96,block,1,4.062541,3.935042,4.140917,25
1,1,96,96,cpu,1,0.551083,0.547833,0.555041,25
1,4096,2048,64,qr,1,684.267000,679.421229,692.772875,3
1,4096,2048,64,qrblock,1,592.720583,592.671125,606.676833,3
1,4096,2048,64,cpu,1,516.001875,510.137250,516.587146,3
1,4,8,8,jacobi,1,0.332541,0.325625,0.344542,25
1,4,8,8,gk,1,0.233833,0.226875,0.260291,25
1,4,8,8,gk_vals,1,0.202834,0.190375,0.256125,25
1,4,8,8,cpu_vals,1,0.019334,0.018875,0.021084,25
1,4,8,8,cpu,1,0.022584,0.020709,0.024833,25
1,256,64,16,jacobi,1,0.806250,0.795417,0.834542,25
1,256,64,16,qr,1,1.109708,1.104791,1.144667,25
1,256,64,16,gk,1,0.504625,0.499500,0.508708,25
1,256,64,16,gk_vals,1,0.309333,0.307167,0.314250,25
1,256,64,16,cpu_vals,1,0.278625,0.273333,0.346333,25
1,256,64,16,gk_share,1,0.581833,0.548041,0.597333,25
1,256,64,16,gk_share_vals,1,0.409458,0.402250,0.435541,25
1,256,64,16,cpu,1,0.630041,0.621792,0.645208,25
1,4096,8,8,jacobi,1,1.419333,1.360917,2.415667,25
1,4096,8,8,gk,1,0.871875,0.850709,0.912208,25
1,4096,8,8,gk_vals,1,0.489833,0.481625,0.500666,25
1,4096,8,8,cpu_vals,1,0.844208,0.817875,0.892000,25
1,4096,8,8,gk_share,1,1.025166,0.994750,1.046875,25
1,4096,8,8,gk_share_vals,1,0.694166,0.668667,0.725041,25
1,4096,8,8,cpu,1,1.501792,1.435583,1.548417,25
1,64,80,80,jacobi,1,5.754041,5.733041,5.785209,25
1,64,80,80,block,1,7.748166,7.618364,7.829146,20
1,64,80,80,gk,1,4.082000,4.064625,4.203833,25
1,64,80,80,gk_vals,1,2.676083,2.651250,2.712833,25
1,64,80,80,cpu_vals,1,1.170917,1.126708,1.225333,25
1,64,80,80,gk_share,1,3.090709,3.056875,3.214625,25
1,64,80,80,gk_share_vals,1,2.809542,2.782542,2.912792,25
1,64,80,80,cpu,1,2.023084,1.979583,2.039333,25
1,16,128,32,jacobi,1,0.470542,0.436084,0.541208,25
1,16,128,32,block,1,2.088042,2.019375,2.119542,25
1,16,128,32,qr,1,0.690875,0.677625,0.697500,25
1,16,128,32,qrblock,1,2.087000,2.067583,2.115667,25
1,16,128,32,gk,1,0.839667,0.832084,0.848166,25
1,16,128,32,gk_vals,1,0.547875,0.540583,0.556375,25
1,16,128,32,cpu_vals,1,0.185500,0.181125,0.189958,25
1,16,128,32,cpu,1,0.277917,0.268625,0.294916,25
1,16,2048,256,jacobi,1,555.096250,554.437334,556.218354,3
1,16,2048,256,block,1,72.836667,72.385417,72.989959,5
1,16,2048,256,qr,1,74.060708,74.008208,74.370458,5
1,16,2048,256,qrblock,1,37.160000,36.817042,37.354292,5
1,16,2048,256,cpu,1,19.762583,19.699531,20.184104,8
1,16,2048,256,bidiag,1,160.904833,160.757167,162.358458,5
1,16,2048,256,bidiag_vals,1,141.278292,140.014459,141.494500,5
1,16,2048,256,cpu_vals,1,9.477167,9.360229,9.657916,16
1,256,1024,64,jacobi,1,157.801792,156.911209,158.030958,5
1,256,1024,64,block,1,33.575958,33.525667,33.917875,5
1,256,1024,64,qr,1,33.930375,33.559542,34.982667,5
1,256,1024,64,qrblock,1,30.658291,30.610708,31.470125,5
1,256,1024,64,gk,1,30.174959,30.149833,30.634708,5
1,256,1024,64,gk_vals,1,20.518729,19.964167,21.432896,8
1,256,1024,64,cpu_vals,1,9.296875,8.895750,9.463709,17
1,256,1024,64,gk_share,1,27.099458,26.279063,27.605761,6
1,256,1024,64,gk_share_vals,1,16.870583,16.730500,16.904959,9
1,256,1024,64,cpu,1,19.111688,18.991187,19.327490,8
1,64,64,8,jacobi,1,0.407542,0.382125,0.501167,25
1,64,64,8,qr,1,0.507250,0.487541,0.569583,25
1,64,64,8,gk,1,0.242292,0.239125,0.247042,25
1,64,64,8,gk_vals,1,0.204167,0.195292,0.211208,25
1,64,64,8,cpu_vals,1,0.235250,0.134500,0.277416,25
1,64,64,8,gk_share,1,0.348875,0.343292,0.356708,25
1,64,64,8,gk_share_vals,1,0.308334,0.303416,0.315667,25
1,64,64,8,cpu,1,0.166958,0.160958,0.199916,25
1,4,512,32,jacobi,1,0.733833,0.648750,0.757541,25
1,4,512,32,block,1,2.754541,2.726209,2.798875,25
1,4,512,32,qr,1,0.717208,0.706167,0.729375,25
1,4,512,32,qrblock,1,2.117708,2.082542,2.178833,25
1,4,512,32,gk,1,1.192625,1.159917,1.217167,25
1,4,512,32,gk_vals,1,0.698500,0.693375,0.702000,25
1,4,512,32,cpu_vals,1,0.136291,0.134375,0.139167,25
1,4,512,32,cpu,1,0.244042,0.240625,0.250166,25
1,1024,96,96,jacobi,1,195.113417,194.362459,195.357333,5
1,1024,96,96,block,1,88.088083,88.076125,88.096959,5
1,1024,96,96,cpu,1,41.752958,41.378542,41.892583,5
1,4,40,40,jacobi,1,0.579250,0.569541,0.669250,25
1,4,40,40,block,1,2.441459,2.408250,2.504917,25
1,4,40,40,gk,1,0.844333,0.792209,0.881250,25
1,4,40,40,gk_vals,1,0.697084,0.620750,0.707250,25
1,4,40,40,cpu_vals,1,0.059500,0.057250,0.061250,25
1,4,40,40,cpu,1,0.122375,0.119375,0.125917,25
1,1,2048,64,jacobi,1,8.563750,8.553646,8.577625,18
1,1,2048,64,block,1,7.695500,7.631792,7.787334,20
1,1,2048,64,qr,1,1.891417,1.868209,1.932000,25
1,1,2048,64,qrblock,1,3.204583,3.170417,3.249250,25
1,1,2048,64,gk,1,2.853583,2.825167,2.866500,25
1,1,2048,64,gk_vals,1,2.159792,2.124375,2.172542,25
1,1,2048,64,cpu_vals,1,0.443917,0.435875,0.449375,25
1,1,2048,64,cpu,1,0.916542,0.909708,0.926584,25
1,1024,4,4,jacobi,1,0.262958,0.248250,0.280750,25
1,1024,4,4,gk,1,0.239292,0.234875,0.244875,25
1,1024,4,4,gk_vals,1,0.207375,0.203500,0.210875,25
1,1024,4,4,cpu_vals,1,0.204084,0.178083,0.537125,25
1,1024,4,4,gk_share,1,0.397834,0.385166,0.410500,25
1,1024,4,4,gk_share_vals,1,0.337000,0.329166,0.344708,25
1,1024,4,4,cpu,1,0.249167,0.241459,0.265333,25
1,4096,256,64,jacobi,1,375.597917,374.832146,375.719729,3
1,4096,256,64,block,1,181.137792,180.510375,183.378625,5
1,4096,256,64,qr,1,256.611250,253.579500,258.614875,5
1,4096,256,64,qrblock,1,168.151958,166.442667,168.732417,5
1,4096,256,64,gk,1,151.609625,150.158542,151.750833,5
1,4096,256,64,gk_vals,1,70.909250,70.320708,71.210041,5
1,4096,256,64,cpu_vals,1,42.774167,40.649166,45.309334,5
1,4096,256,64,gk_share,1,84.080666,84.042042,84.817375,5
1,4096,256,64,gk_share_vals,1,45.228458,44.459833,45.761000,5
1,4096,256,64,cpu,1,108.750791,107.984084,108.926208,5
1,1024,8,8,jacobi,1,0.775125,0.516208,1.240791,25
1,1024,8,8,gk,1,0.360125,0.354542,0.367291,25
1,1024,8,8,gk_vals,1,0.256625,0.254166,0.261750,25
1,1024,8,8,cpu_vals,1,0.325125,0.310208,0.517458,25
1,1024,8,8,gk_share,1,0.659250,0.597167,0.703042,25
1,1024,8,8,gk_share_vals,1,0.381667,0.371917,0.404209,25
1,1024,8,8,cpu,1,0.495208,0.483458,0.519000,25
1,4,64,16,jacobi,1,0.444959,0.413625,0.508250,25
1,4,64,16,qr,1,0.450333,0.437292,0.482875,25
1,4,64,16,gk,1,0.349625,0.346375,0.354834,25
1,4,64,16,gk_vals,1,0.278375,0.269791,0.286458,25
1,4,64,16,cpu_vals,1,0.038625,0.037333,0.041541,25
1,4,64,16,cpu,1,0.059125,0.057833,0.061750,25
1,4,2048,256,jacobi,1,211.745333,211.631000,211.810083,5
1,4,2048,256,block,1,29.950584,29.887365,30.006708,6
1,4,2048,256,qr,1,36.614583,36.188500,36.616958,5
1,4,2048,256,qrblock,1,18.762708,18.497708,18.887584,9
1,4,2048,256,cpu,1,10.560125,10.521042,10.583917,15
1,4,2048,256,bidiag,1,41.265791,41.207334,41.457459,5
1,4,2048,256,bidiag_vals,1,34.592000,34.129500,35.370292,5
1,4,2048,256,cpu_vals,1,5.310541,5.269042,5.400750,25
1,1,256,8,jacobi,1,0.403042,0.393125,0.412375,25
1,1,256,8,qr,1,0.372375,0.354750,0.388375,25
1,1,256,8,gk,1,0.251583,0.219542,0.261000,25
1,1,256,8,gk_vals,1,0.193208,0.175166,0.248166,25
1,1,256,8,cpu_vals,1,0.009750,0.009708,0.009916,25
1,1,256,8,cpu,1,0.018375,0.018291,0.018500,25
1,4,128,64,jacobi,1,1.201250,1.188625,1.437292,25
1,4,128,64,block,1,2.623750,2.595500,2.680625,25
1,4,128,64,qr,1,1.343500,1.337000,1.364792,25
1,4,128,64,qrblock,1,2.780166,2.745375,2.811916,25
1,4,128,64,gk,1,2.136708,2.130417,2.147333,25
1,4,128,64,gk_vals,1,1.506000,1.502250,1.509458,25
1,4,128,64,cpu_vals,1,0.161167,0.159041,0.166208,25
1,4,128,64,cpu,1,0.344709,0.341709,0.348708,25
1,4096,256,8,jacobi,1,5.041250,4.881458,5.133916,25
1,4096,256,8,qr,1,8.346375,8.263614,8.539948,18
1,4096,256,8,gk,1,5.211584,5.101167,5.351125,25
1,4096,256,8,gk_vals,1,1.765084,1.752833,1.814625,25
1,4096,256,8,cpu_vals,1,2.344875,2.310375,2.536750,25
1,4096,256,8,gk_share,1,4.229750,4.117208,4.391542,25
1,4096,256,8,gk_share_vals,1,2.179917,1.985417,2.714791,25
1,4096,256,8,cpu,1,4.903167,4.766708,5.054791,25
1,4096,32,16,jacobi,1,5.785084,5.733542,5.851584,25
1,4096,32,16,qr,1,8.495083,8.444406,8.596896,18
1,4096,32,16,gk,1,3.331334,3.294708,3.383167,25
1,4096,32,16,gk_vals,1,1.417208,1.413084,1.442583,25
1,4096,32,16,cpu_vals,1,3.318042,3.242625,3.325250,25
1,4096,32,16,gk_share,1,4.096791,3.892500,4.455709,25
1,4096,32,16,gk_share_vals,1,1.889542,1.787167,2.124583,25
1,4096,32,16,cpu,1,7.477584,7.335625,7.584833,21
1,1024,256,8,jacobi,1,1.450417,1.438166,1.509250,25
1,1024,256,8,qr,1,2.360333,2.322583,2.518292,25
1,1024,256,8,gk,1,1.505042,1.474000,1.547209,25
1,1024,256,8,gk_vals,1,0.592250,0.584750,0.600250,25
1,1024,256,8,cpu_vals,1,0.712667,0.657042,0.747000,25
1,1024,256,8,gk_share,1,1.489625,1.280666,1.575916,25
1,1024,256,8,gk_share_vals,1,0.729750,0.639958,0.794917,25
1,1024,256,8,cpu,1,1.722375,1.695917,1.753334,25
1,16,512,128,jacobi,1,13.945000,13.888562,14.011729,11
1,16,512,128,block,1,8.868416,8.820792,8.922833,17
1,16,512,128,qr,1,7.099750,6.888552,7.210760,22
1,16,512,128,qrblock,1,8.337646,8.256490,8.593354,18
1,16,512,128,cpu,1,3.287000,3.229333,3.624708,25
1,16,512,128,bidiag,1,46.167375,45.941292,46.274250,5
1,16,512,128,bidiag_vals,1,36.041125,35.994500,36.073209,5
1,16,512,128,cpu_vals,1,2.108584,1.928250,2.217291,25
1,16,256,128,jacobi,1,6.212042,6.190166,6.226500,25
1,16,256,128,block,1,6.810833,6.739104,6.951833,22
1,16,256,128,qr,1,5.997500,5.979584,6.041833,25
1,16,256,128,qrblock,1,7.371500,7.305875,7.437792,21
1,16,256,128,cpu,1,2.436958,2.425667,2.467333,25
1,16,256,128,bidiag,1,41.033541,40.906625,41.205000,5
1,16,256,128,bidiag_vals,1,31.597959,31.536167,31.654708,5
1,16,256,128,cpu_vals,1,1.828292,1.786917,1.871125,25
1,4096,64,64,jacobi,1,200.697750,198.023084,200.743542,5
1,4096,64,64,block,1,115.703333,115.541417,115.983750,5
1,4096,64,64,gk,1,66.182459,65.826292,66.538000,5
1,4096,64,64,gk_vals,1,28.560772,28.452834,28.657646,6
1,4096,64,64,cpu_vals,1,18.805521,18.592823,19.070073,8
1,4096,64,64,gk_share,1,34.076208,33.933208,36.180792,5
1,4096,64,64,gk_share_vals,1,12.381687,12.253719,12.511698,12
1,4096,64,64,cpu,1,54.953833,54.736375,55.674958,5
1,64,512,16,jacobi,1,0.846834,0.786083,0.904208,25
1,64,512,16,qr,1,1.071625,1.044583,1.104417,25
1,64,512,16,gk,1,1.119625,1.105834,1.131333,25
1,64,512,16,gk_vals,1,0.674417,0.598084,0.736042,25
1,64,512,16,cpu_vals,1,0.317125,0.268167,0.588708,25
1,64,512,16,gk_share,1,1.195334,1.167000,2.029667,25
1,64,512,16,gk_share_vals,1,0.674583,0.647458,0.709250,25
1,64,512,16,cpu,1,0.514209,0.492625,0.592083,25
1,1024,80,80,jacobi,1,108.858250,107.538292,109.436542,5
1,1024,80,80,block,1,79.680625,79.546625,79.900166,5
1,1024,80,80,gk,1,37.912750,37.903667,38.188667,5
1,1024,80,80,gk_vals,1,15.886458,15.759333,16.099135,10
1,1024,80,80,cpu_vals,1,14.122875,14.017979,14.466104,11
1,1024,80,80,gk_share,1,18.126312,18.078750,18.782750,8
1,1024,80,80,gk_share_vals,1,9.441771,9.368833,9.494312,16
1,1024,80,80,cpu,1,27.658791,26.912302,27.855969,6
1,4,128,8,jacobi,1,0.371708,0.365167,0.387292,25
1,4,128,8,qr,1,0.421375,0.412167,0.442708,25
1,4,128,8,gk,1,0.234167,0.230833,0.239417,25
1,4,128,8,gk_vals,1,0.178583,0.169167,0.190542,25
1,4,128,8,cpu_vals,1,0.021167,0.019333,0.024625,25
1,4,128,8,cpu,1,0.041375,0.040125,0.043375,25
1,16,1024,32,jacobi,1,1.156750,1.112083,1.176625,25
1,16,1024,32,block,1,4.334334,4.284834,4.401291,25
1,16,1024,32,qr,1,1.241667,1.217291,1.267250,25
1,16,1024,32,qrblock,1,2.677750,2.638959,2.733834,25
1,16,1024,32,gk,1,1.771334,1.721167,1.829625,25
1,16,1024,32,gk_vals,1,1.157625,1.096458,1.477750,25
1,16,1024,32,cpu_vals,1,0.558542,0.488417,0.662208,25
1,16,1024,32,cpu,1,0.691708,0.613708,0.706291,25
1,1024,128,32,jacobi,1,9.778333,9.679271,9.942000,16
1,1024,128,32,block,1,9.750709,9.698771,10.025542,16
1,1024,128,32,qr,1,10.958125,10.706480,11.086448,14
1,1024,128,32,qrblock,1,10.376375,10.101084,10.502521,15
1,1024,128,32,gk,1,6.904979,6.866730,6.964323,22
1,1024,128,32,gk_vals,1,3.679542,3.670458,3.713917,25
1,1024,128,32,cpu_vals,1,2.872250,2.780500,2.895042,25
1,1024,128,32,gk_share,1,4.445083,4.376750,4.526834,25
1,1024,128,32,gk_share_vals,1,2.045583,2.032292,2.056375,25
1,1024,128,32,cpu,1,6.833916,6.681230,6.969646,23
1,1024,2048,64,jacobi,0,0,0,0,0
1,1024,2048,64,block,0,0,0,0,0
1,1024,2048,64,qr,0,0,0,0,0
1,1024,2048,64,qrblock,0,0,0,0,0
1,1024,2048,64,gk,0,0,0,0,0
1,1024,2048,64,gk_vals,0,0,0,0,0
1,1024,2048,64,cpu_vals,0,0,0,0,0
1,1024,2048,64,gk_share,0,0,0,0,0
1,1024,2048,64,gk_share_vals,0,0,0,0,0
1,1024,2048,64,cpu,0,0,0,0,0
1,64,512,512,jacobi,1,4359.168917,4358.613000,4360.270437,3
1,64,512,512,block,1,647.329875,647.209875,648.382417,3
1,64,512,512,cpu,1,103.122208,103.097584,103.214417,5
1,64,512,512,bidiag,1,636.026959,634.281167,636.100209,3
1,64,512,512,bidiag_vals,1,487.367625,487.213604,487.579104,3
1,64,512,512,cpu_vals,1,52.406459,52.220791,52.592625,5
1,64,512,512,band_vals,1,607.045666,606.417062,607.168312,3
1,4,56,56,jacobi,1,0.948417,0.923250,0.992208,25
1,4,56,56,block,1,2.845667,2.801542,2.885583,25
1,4,56,56,gk,1,1.354667,1.325292,1.363666,25
1,4,56,56,gk_vals,1,1.032833,1.001375,1.042416,25
1,4,56,56,cpu_vals,1,0.087208,0.085708,0.089458,25
1,4,56,56,cpu,1,0.188958,0.183459,0.192375,25
1,1024,1024,128,jacobi,1,2932.856333,2926.747063,2934.757312,3
1,1024,1024,128,block,1,541.543875,539.348354,543.350354,3
1,1024,1024,128,qr,1,584.336417,581.719042,594.039708,3
1,1024,1024,128,qrblock,1,311.064250,310.373396,311.209896,3
1,1024,1024,128,cpu,1,242.852000,241.342000,247.470750,5
1,4096,256,32,jacobi,1,82.863625,82.851500,82.961208,5
1,4096,256,32,block,1,52.429375,52.367084,52.735292,5
1,4096,256,32,qr,1,53.589750,50.417750,53.840625,5
1,4096,256,32,qrblock,1,48.006125,46.235166,48.076666,5
1,4096,256,32,gk,1,39.116750,38.816584,39.898125,5
1,4096,256,32,gk_vals,1,18.579375,18.497625,18.663167,9
1,4096,256,32,cpu_vals,1,14.531833,14.384791,14.824146,11
1,4096,256,32,gk_share,1,30.793042,30.195375,31.593375,5
1,4096,256,32,gk_share_vals,1,16.497355,16.339521,16.922178,10
1,4096,256,32,cpu,1,33.983625,33.801375,35.116208,5
1,1,128,8,jacobi,1,0.366417,0.344125,0.805000,25
1,1,128,8,qr,1,0.386833,0.375291,0.429417,25
1,1,128,8,gk,1,0.219625,0.210250,0.224708,25
1,1,128,8,gk_vals,1,0.177125,0.171625,0.192958,25
1,1,128,8,cpu_vals,1,0.007917,0.007834,0.008041,25
1,1,128,8,cpu,1,0.014542,0.014458,0.015000,25
1,1024,256,16,jacobi,1,4.290792,4.210167,4.392667,25
1,1024,256,16,qr,1,5.098875,4.960500,5.312583,25
1,1024,256,16,gk,1,3.507334,3.483542,3.571750,25
1,1024,256,16,gk_vals,1,1.498500,1.485333,1.510375,25
1,1024,256,16,cpu_vals,1,1.318708,1.282084,1.702958,25
1,1024,256,16,gk_share,1,2.409875,2.373625,2.575917,25
1,1024,256,16,gk_share_vals,1,1.318667,1.121916,1.370875,25
1,1024,256,16,cpu,1,3.568125,3.460500,3.646833,25
1,4,32,8,jacobi,1,0.328125,0.316667,0.592416,25
1,4,32,8,qr,1,0.396042,0.385458,0.422375,25
1,4,32,8,gk,1,0.200083,0.186667,0.218791,25
1,4,32,8,gk_vals,1,0.192750,0.179666,0.221542,25
1,4,32,8,cpu_vals,1,0.024167,0.021166,0.026459,25
1,4,32,8,cpu,1,0.024333,0.024083,0.025750,25
1,1,512,512,jacobi,1,264.466167,264.435458,264.484000,5
1,1,512,512,block,1,32.477583,32.242625,32.480041,5
1,1,512,512,cpu,1,16.821167,16.755375,17.008125,9
1,1,512,512,bidiag,1,16.552354,16.255041,16.687822,10
1,1,512,512,bidiag_vals,1,9.321000,9.054958,9.385875,17
1,1,512,512,cpu_vals,1,7.794354,7.784605,7.808708,20
1,1,512,512,band_vals,1,12.551062,12.310052,12.731969,12
1,4,2048,2048,cpu,1,828.042542,825.016813,837.932458,3
1,4,2048,2048,bidiag,1,670.733917,670.582792,671.297792,3
1,4,2048,2048,bidiag_vals,1,356.451458,356.250520,356.493999,3
1,4,2048,2048,cpu_vals,1,485.039916,480.112333,496.065750,3
1,4,2048,2048,band_vals,1,218.055458,218.032667,218.553750,5
1,1024,64,64,jacobi,1,52.591583,49.948000,54.415084,5
1,1024,64,64,block,1,30.387666,30.359292,30.413083,5
1,1024,64,64,gk,1,17.721917,17.476125,17.906000,9
1,1024,64,64,gk_vals,1,7.826687,7.762000,7.866948,20
1,1024,64,64,cpu_vals,1,5.025625,4.964125,5.171417,25
1,1024,64,64,gk_share,1,9.321104,9.191562,9.435229,16
1,1024,64,64,gk_share_vals,1,3.864500,3.850666,3.921375,25
1,1024,64,64,cpu,1,14.943833,14.606687,15.068542,11
1,64,128,128,jacobi,1,34.076583,33.807042,34.114584,5
1,64,128,128,block,1,14.596209,14.528500,14.631062,11
1,64,128,128,cpu,1,6.139958,6.073333,6.455542,25
1,64,128,128,bidiag,1,143.553750,143.505416,143.582083,5
1,64,128,128,bidiag_vals,1,104.277375,104.217792,104.440917,5
1,64,128,128,cpu_vals,1,4.033500,3.919584,4.450708,25
1,4,1024,64,jacobi,1,4.676833,4.653084,4.685542,25
1,4,1024,64,block,1,5.460792,5.378542,5.615875,25
1,4,1024,64,qr,1,2.181208,2.152042,2.205250,25
1,4,1024,64,qrblock,1,3.666167,3.630375,3.713250,25
1,4,1024,64,gk,1,3.213750,3.199125,3.228000,25
1,4,1024,64,gk_vals,1,2.477333,2.454250,2.501750,25
1,4,1024,64,cpu_vals,1,0.556667,0.549125,0.570000,25
1,4,1024,64,cpu,1,1.129292,1.113375,1.146042,25
1,4,192,192,jacobi,1,15.429917,15.416531,15.466812,10
1,4,192,192,block,1,9.765104,9.709407,9.790916,16
1,4,192,192,cpu,1,2.027500,2.017375,2.048458,25
1,4,192,192,bidiag,1,13.757000,13.662667,13.776188,11
1,4,192,192,bidiag_vals,1,10.589000,10.477604,10.614584,15
1,4,192,192,cpu_vals,1,1.118000,1.108500,1.133250,25
1,256,128,8,jacobi,1,0.388333,0.380875,0.404084,25
1,256,128,8,qr,1,0.798792,0.784208,0.814958,25
1,256,128,8,gk,1,0.377542,0.370875,0.380500,25
1,256,128,8,gk_vals,1,0.241083,0.234500,0.243416,25
1,256,128,8,cpu_vals,1,0.223916,0.210416,0.585000,25
1,256,128,8,gk_share,1,0.486875,0.471083,0.527667,25
1,256,128,8,gk_share_vals,1,0.351958,0.332125,0.373542,25
1,256,128,8,cpu,1,0.348417,0.343916,0.353708,25
1,4,512,16,jacobi,1,0.385125,0.377458,0.395125,25
1,4,512,16,qr,1,0.508583,0.497375,0.523667,25
1,4,512,16,gk,1,0.626375,0.619625,0.630542,25
1,4,512,16,gk_vals,1,0.348875,0.343875,0.353833,25
1,4,512,16,cpu_vals,1,0.070792,0.069542,0.073167,25
1,4,512,16,cpu,1,0.110333,0.107792,0.112750,25
1,1,2048,128,jacobi,1,34.613542,34.584458,34.629041,5
1,1,2048,128,block,1,11.466354,11.421636,11.548699,14
1,1,2048,128,qr,1,6.972666,6.521344,7.047166,22
1,1,2048,128,qrblock,1,8.237500,8.174187,8.350187,19
1,1,2048,128,cpu,1,3.184834,3.173084,3.197292,25
1,1,2048,128,bidiag,1,5.382959,5.319459,5.456208,25
1,1,2048,128,bidiag_vals,1,4.250250,3.922875,4.481375,25
1,1,2048,128,cpu_vals,1,1.664500,1.655292,1.673708,25
1,1,48,48,jacobi,1,0.766041,0.715208,0.793542,25
1,1,48,48,block,1,2.483584,2.455417,2.537041,25
1,1,48,48,gk,1,1.047125,1.024791,1.062500,25
1,1,48,48,gk_vals,1,0.834000,0.823875,0.867958,25
1,1,48,48,cpu_vals,1,0.037167,0.037084,0.040667,25
1,1,48,48,cpu,1,0.115000,0.113750,0.116875,25
1,1,64,8,jacobi,1,0.196500,0.179208,0.201333,25
1,1,64,8,qr,1,0.394292,0.376833,0.413833,25
1,1,64,8,gk,1,0.223375,0.211625,0.238750,25
1,1,64,8,gk_vals,1,0.191125,0.175917,0.205792,25
1,1,64,8,cpu_vals,1,0.006667,0.006625,0.006709,25
1,1,64,8,cpu,1,0.012291,0.012167,0.012500,25
1,256,1024,32,jacobi,1,35.951667,35.355417,36.221042,5
1,256,1024,32,block,1,13.301958,13.159854,13.469552,12
1,256,1024,32,qr,1,10.683312,10.468645,10.929917,14
1,256,1024,32,qrblock,1,11.171521,11.072114,11.398552,14
1,256,1024,32,gk,1,10.658708,10.444730,10.792708,15
1,256,1024,32,gk_vals,1,6.616000,6.306938,7.366542,23
1,256,1024,32,cpu_vals,1,3.032417,3.003750,3.148666,25
1,256,1024,32,gk_share,1,9.660334,9.329386,10.226032,16
1,256,1024,32,gk_share_vals,1,5.604833,5.507459,5.711709,25
1,256,1024,32,cpu,1,6.238875,6.144802,6.449041,24
1,1024,24,24,jacobi,1,4.053792,4.034833,4.099292,25
1,1024,24,24,gk,1,1.825000,1.807334,1.841292,25
1,1024,24,24,gk_vals,1,0.857792,0.846083,0.895250,25
1,1024,24,24,cpu_vals,1,0.955125,0.906417,1.008250,25
1,1024,24,24,gk_share,1,1.534291,1.516417,1.571042,25
1,1024,24,24,gk_share_vals,1,0.895791,0.883333,0.902416,25
1,1024,24,24,cpu,1,2.598917,2.540334,2.654209,25
1,4,128,16,jacobi,1,0.388667,0.351625,0.883833,25
1,4,128,16,qr,1,0.459000,0.446750,0.477500,25
1,4,128,16,gk,1,0.345958,0.343667,0.348000,25
1,4,128,16,gk_vals,1,0.278333,0.258625,0.283375,25
1,4,128,16,cpu_vals,1,0.045500,0.044708,0.046959,25
1,4,128,16,cpu,1,0.067166,0.063375,0.068500,25
1,1024,32,32,jacobi,1,7.394750,7.333041,7.452958,21
1,1024,32,32,block,1,7.020625,6.845667,7.139875,22
1,1024,32,32,gk,1,2.682792,2.664042,2.732250,25
1,1024,32,32,gk_vals,1,1.326666,1.304667,1.343958,25
1,1024,32,32,cpu_vals,1,1.871625,1.413625,1.936083,25
1,1024,32,32,gk_share,1,2.284500,2.235209,2.385667,25
1,1024,32,32,gk_share_vals,1,1.192833,1.184125,1.211167,25
1,1024,32,32,cpu,1,4.172708,4.060000,4.545458,25
1,256,256,64,jacobi,1,24.467625,23.564208,25.235604,7
1,256,256,64,block,1,12.756771,12.571687,12.954469,12
1,256,256,64,qr,1,18.942542,18.652823,19.568156,8
1,256,256,64,qrblock,1,14.467334,14.137896,14.633063,11
1,256,256,64,gk,1,12.574583,12.449928,12.681573,12
1,256,256,64,gk_vals,1,7.660854,7.516032,7.816729,20
1,256,256,64,cpu_vals,1,3.419166,3.177042,3.652417,25
1,256,256,64,gk_share,1,10.561125,10.240083,10.710833,15
1,256,256,64,gk_share_vals,1,6.467188,6.155156,6.555271,24
1,256,256,64,cpu,1,7.576958,7.384927,7.888136,20
1,1,2048,256,jacobi,1,148.911459,148.854750,149.143916,5
1,1,2048,256,block,1,22.676875,22.586125,22.793792,7
1,1,2048,256,qr,1,33.198500,33.192708,33.239959,5
1,1,2048,256,qrblock,1,16.091521,15.888375,16.488177,10
1,1,2048,256,cpu,1,9.126792,8.883667,9.164917,17
1,1,2048,256,bidiag,1,11.820209,11.656250,11.977875,13
1,1,2048,256,bidiag_vals,1,9.468041,9.140333,9.556771,16
1,1,2048,256,cpu_vals,1,4.167667,4.158875,4.187542,25
1,1,512,256,jacobi,1,48.252083,48.248834,48.291375,5
1,1,512,256,block,1,12.434584,12.364542,12.457375,13
1,1,512,256,qr,1,32.002292,31.957708,32.012375,5
1,1,512,256,qrblock,1,12.342125,12.255333,12.794980,12
1,1,512,256,cpu,1,5.424708,5.168125,5.503750,25
1,1,512,256,bidiag,1,8.282583,8.003480,8.381750,19
1,1,512,256,bidiag_vals,1,5.543667,5.425875,5.872250,25
1,1,512,256,cpu_vals,1,2.414209,2.404000,2.418708,25
1,1024,1024,32,jacobi,1,142.865292,142.455167,143.440916,5
1,1024,1024,32,block,1,40.993792,40.969541,41.329166,5
1,1024,1024,32,qr,1,38.949584,38.836666,40.321292,5
1,1024,1024,32,qrblock,1,43.889708,43.682959,43.918333,5
1,1024,1024,32,gk,1,38.028541,37.564875,39.324708,5
1,1024,1024,32,gk_vals,1,24.421500,21.771166,26.263396,7
1,1024,1024,32,cpu_vals,1,10.926542,10.839886,11.058885,14
1,1024,1024,32,gk_share,1,25.712312,25.212135,26.160052,6
1,1024,1024,32,gk_share_vals,1,14.316500,13.868666,14.360396,11
1,1024,1024,32,cpu,1,23.447083,23.216292,23.610333,7
1,1024,512,64,jacobi,1,157.226458,150.267417,158.239875,5
1,1024,512,64,block,1,72.350792,72.201416,72.616000,5
1,1024,512,64,qr,1,82.651292,81.352667,83.571750,5
1,1024,512,64,qrblock,1,59.775167,59.743667,60.246458,5
1,1024,512,64,gk,1,57.946084,57.770000,58.454458,5
1,1024,512,64,gk_vals,1,30.352125,30.009167,30.679000,5
1,1024,512,64,cpu_vals,1,19.515104,19.283271,19.763896,8
1,1024,512,64,gk_share,1,41.704666,41.356042,41.918833,5
1,1024,512,64,gk_share_vals,1,24.770708,24.459250,26.211771,7
1,1024,512,64,cpu,1,42.301792,42.146875,42.368750,5
1,64,56,56,jacobi,1,2.506625,2.464042,2.564125,25
1,64,56,56,block,1,3.748875,3.664750,3.926416,25
1,64,56,56,gk,1,1.556250,1.545459,1.567292,25
1,64,56,56,gk_vals,1,1.120709,1.111042,1.151500,25
1,64,56,56,cpu_vals,1,0.361041,0.336500,0.572958,25
1,64,56,56,gk_share,1,1.684084,1.662583,1.732500,25
1,64,56,56,gk_share_vals,1,1.224666,1.190000,1.263500,25
1,64,56,56,cpu,1,0.841792,0.809416,0.854625,25
1,4,1024,128,jacobi,1,19.549833,19.537010,19.556344,8
1,4,1024,128,block,1,9.163292,9.108291,9.274917,17
1,4,1024,128,qr,1,6.783791,6.523604,6.997417,23
1,4,1024,128,qrblock,1,7.843250,7.602302,8.038218,20
1,4,1024,128,cpu,1,2.671583,2.645750,2.767417,25
1,4,1024,128,bidiag,1,14.221958,14.037876,14.649251,11
1,4,1024,128,bidiag_vals,1,11.475166,11.324125,11.863875,13
1,4,1024,128,cpu_vals,1,1.395709,1.347000,1.422125,25
1,256,80,80,jacobi,1,26.223520,26.005469,26.781917,6
1,256,80,80,block,1,20.377167,20.224052,20.431594,8
1,256,80,80,gk,1,10.622916,9.954999,10.682042,15
1,256,80,80,gk_vals,1,4.829708,4.793875,4.852000,25
1,256,80,80,cpu_vals,1,4.239750,4.177667,4.316500,25
1,256,80,80,gk_share,1,6.963354,6.925188,7.031979,22
1,256,80,80,gk_share_vals,1,3.522250,3.471833,3.645583,25
1,256,80,80,cpu,1,7.242875,7.180333,7.349834,21
1,64,1024,256,jacobi,1,958.676583,957.210417,960.196312,3
1,64,1024,256,block,1,171.580250,171.536458,171.736708,5
1,64,1024,256,qr,1,291.626417,290.745750,292.131458,5
1,64,1024,256,qrblock,1,99.434125,99.380167,99.632709,5
1,64,1024,256,cpu,1,42.310667,42.009542,42.348458,5
1,64,1024,256,bidiag,1,490.195583,490.099354,490.376813,3
1,64,1024,256,bidiag_vals,1,409.335208,407.646479,411.678396,3
1,64,1024,256,cpu_vals,1,19.555021,19.448093,19.652072,8
1,64,2048,64,jacobi,1,84.243208,84.054125,84.449125,5
1,64,2048,64,block,1,20.322021,20.157375,20.454375,8
1,64,2048,64,qr,1,15.294000,15.071229,15.451875,10
1,64,2048,64,qrblock,1,15.789854,15.563385,15.935490,10
1,64,2048,64,gk,1,15.892688,15.461770,16.188583,10
1,64,2048,64,gk_vals,1,11.368583,11.169604,11.633583,14
1,64,2048,64,cpu_vals,1,5.014667,4.868000,5.090500,25
1,64,2048,64,gk_share,1,14.156917,13.760250,14.616979,11
1,64,2048,64,gk_share_vals,1,9.566271,9.189948,9.853927,16
1,64,2048,64,cpu,1,9.817604,9.605052,9.977688,16
1,4096,40,40,jacobi,1,52.161792,51.746917,52.517292,5
1,4096,40,40,block,1,92.237833,92.020542,92.612375,5
1,4096,40,40,gk,1,18.657542,18.453916,18.796084,9
1,4096,40,40,gk_vals,1,7.406375,7.392542,7.479708,21
1,4096,40,40,cpu_vals,1,7.757208,7.645781,8.077063,20
1,4096,40,40,gk_share,1,13.719292,13.127083,14.979354,11
1,4096,40,40,gk_share_vals,1,5.116167,4.944667,5.364375,25
1,4096,40,40,cpu,1,25.798020,25.428448,26.085375,6
1,4096,48,48,jacobi,1,82.535708,81.908416,83.336959,5
1,4096,48,48,block,1,98.949416,98.866917,99.174042,5
1,4096,48,48,gk,1,28.201354,28.048344,28.242021,6
1,4096,48,48,gk_vals,1,11.706791,11.674292,11.763000,13
1,4096,48,48,cpu_vals,1,10.846001,10.744490,10.939969,14
1,4096,48,48,gk_share,1,19.362917,19.014802,19.543521,8
1,4096,48,48,gk_share_vals,1,6.637208,6.554021,6.742729,22
1,4096,48,48,cpu,1,36.486875,35.349000,36.786625,5
1,4096,512,32,jacobi,1,185.194958,183.740500,185.344875,5
1,4096,512,32,block,1,88.280083,88.213458,88.822833,5
1,4096,512,32,qr,1,79.051959,78.809792,79.213667,5
1,4096,512,32,qrblock,1,72.201417,72.053000,72.248458,5
1,4096,512,32,gk,1,67.986958,67.063333,69.591917,5
1,4096,512,32,gk_vals,1,32.473875,32.415333,32.606584,5
1,4096,512,32,cpu_vals,1,23.382667,22.695708,23.820000,7
1,4096,512,32,gk_share,1,48.942917,48.147500,49.072875,5
1,4096,512,32,gk_share_vals,1,27.760896,27.612416,29.168782,6
1,4096,512,32,cpu,1,51.197167,51.163333,52.814375,5
1,256,56,56,jacobi,1,7.768209,7.683833,7.885927,20
1,256,56,56,block,1,8.485812,8.416125,8.651093,18
1,256,56,56,gk,1,3.372959,3.333417,3.387292,25
1,256,56,56,gk_vals,1,1.536292,1.518375,1.556666,25
1,256,56,56,cpu_vals,1,1.059958,1.006291,1.100417,25
1,256,56,56,gk_share,1,3.067208,3.016791,3.101375,25
1,256,56,56,gk_share_vals,1,1.627209,1.605208,2.015750,25
1,256,56,56,cpu,1,2.845625,2.810958,2.917041,25
1,1024,512,32,jacobi,1,45.708333,44.958000,46.030167,5
1,1024,512,32,block,1,24.003500,23.913896,24.054187,7
1,1024,512,32,qr,1,22.903084,22.806604,23.049250,7
1,1024,512,32,qrblock,1,22.860333,22.699687,23.437938,7
1,1024,512,32,gk,1,20.340146,19.672156,20.931813,8
1,1024,512,32,gk_vals,1,12.767062,12.377698,13.048219,12
1,1024,512,32,cpu_vals,1,6.173333,6.143000,6.296084,25
1,1024,512,32,gk_share,1,17.087625,15.456427,17.684927,10
1,1024,512,32,gk_share_vals,1,8.308604,8.079375,8.862927,18
1,1024,512,32,cpu,1,13.812000,13.722354,13.874605,11
1,64,16,8,jacobi,1,0.416500,0.246000,0.848541,25
1,64,16,8,qr,1,0.484583,0.462667,0.496375,25
1,64,16,8,gk,1,0.247250,0.242125,0.251042,25
1,64,16,8,gk_vals,1,0.206833,0.197875,0.216166,25
1,64,16,8,cpu_vals,1,0.142083,0.117833,0.228833,25
1,64,16,8,gk_share,1,0.342958,0.336584,0.351042,25
1,64,16,8,gk_share_vals,1,0.299500,0.294667,0.304375,25
1,64,16,8,cpu,1,0.165584,0.137167,0.214917,25
1,4,48,48,jacobi,1,0.801750,0.754875,0.860458,25
1,4,48,48,block,1,2.633917,2.513916,2.696834,25
1,4,48,48,gk,1,1.105375,1.100000,1.123833,25
1,4,48,48,gk_vals,1,0.864250,0.853416,0.890833,25
1,4,48,48,cpu_vals,1,0.072458,0.070625,0.073542,25
1,4,48,48,cpu,1,0.157208,0.155625,0.160959,25
1,16,128,16,jacobi,1,0.370292,0.352833,0.384541,25
1,16,128,16,qr,1,0.505250,0.497416,0.532875,25
1,16,128,16,gk,1,0.370000,0.363792,0.374292,25
1,16,128,16,gk_vals,1,0.294750,0.281500,0.298334,25
1,16,128,16,cpu_vals,1,0.114375,0.091708,0.172041,25
1,16,128,16,cpu,1,0.165292,0.157042,0.174041,25
1,16,512,64,jacobi,1,2.257125,2.246958,2.288583,25
1,16,512,64,block,1,4.234625,4.190459,4.377541,25
1,16,512,64,qr,1,2.180917,2.140042,2.206291,25
1,16,512,64,qrblock,1,3.818666,3.758666,3.968042,25
1,16,512,64,gk,1,3.305833,3.275042,3.336583,25
1,16,512,64,gk_vals,1,2.416833,2.385500,2.467875,25
1,16,512,64,cpu_vals,1,0.533250,0.501792,0.627625,25
1,16,512,64,cpu,1,1.143416,1.017791,1.249833,25
1,1,64,16,jacobi,1,0.514625,0.484042,0.595167,25
1,1,64,16,qr,1,0.418208,0.409416,0.453416,25
1,1,64,16,gk,1,0.326208,0.314709,0.340083,25
1,1,64,16,gk_vals,1,0.265917,0.251292,0.280041,25
1,1,64,16,cpu_vals,1,0.011833,0.011750,0.011916,25
1,1,64,16,cpu,1,0.037375,0.029750,0.038417,25
1,256,48,48,jacobi,1,5.642333,5.599875,5.699834,25
1,256,48,48,block,1,7.974791,7.824896,8.032833,19
1,256,48,48,gk,1,2.365791,2.315000,2.383000,25
1,256,48,48,gk_vals,1,1.206666,1.181041,1.243250,25
1,256,48,48,cpu_vals,1,0.805917,0.786292,0.811708,25
1,256,48,48,gk_share,1,1.554375,1.528709,1.571791,25
1,256,48,48,gk_share_vals,1,1.084917,1.027583,1.120042,25
1,256,48,48,cpu,1,2.455750,2.394500,2.513792,25
1,1,1024,1024,jacobi,1,2873.617959,2873.221479,2875.765979,3
1,1,1024,1024,block,1,118.413917,118.265667,118.564750,5
1,1,1024,1024,cpu,1,78.517084,78.087209,79.010875,5
1,1,1024,1024,bidiag,1,56.313500,56.205333,56.827291,5
1,1,1024,1024,bidiag_vals,1,23.634000,23.524916,23.726333,7
1,1,1024,1024,cpu_vals,1,35.828916,35.810750,35.842791,5
1,1,1024,1024,band_vals,1,27.931938,27.779104,28.271083,6
1,4096,64,32,jacobi,1,29.564229,29.420073,29.910542,6
1,4096,64,32,block,1,25.378875,25.333218,25.585656,6
1,4096,64,32,qr,1,32.632375,32.463834,32.787834,5
1,4096,64,32,qrblock,1,27.374333,27.059406,27.516448,6
1,4096,64,32,gk,1,15.676167,15.575709,15.823104,10
1,4096,64,32,gk_vals,1,8.034375,8.007354,8.082541,19
1,4096,64,32,cpu_vals,1,7.724667,7.605750,7.792458,20
1,4096,64,32,gk_share,1,12.781688,12.365334,14.516573,12
1,4096,64,32,gk_share_vals,1,5.533750,5.142375,5.895208,25
1,4096,64,32,cpu,1,22.718959,22.443375,22.795562,7
1,4,512,64,jacobi,1,2.116625,2.103250,2.146500,25
1,4,512,64,block,1,3.846333,3.756875,3.970083,25
1,4,512,64,qr,1,1.715417,1.704958,1.748916,25
1,4,512,64,qrblock,1,3.194542,3.137500,3.287292,25
1,4,512,64,gk,1,2.718000,2.700292,2.736459,25
1,4,512,64,gk_vals,1,2.035708,2.028250,2.051000,25
1,4,512,64,cpu_vals,1,0.350125,0.347875,0.355750,25
1,4,512,64,cpu,1,0.697125,0.692291,0.704584,25
1,4,1024,1024,jacobi,1,4247.886375,4246.759479,4276.781396,3
1,4,1024,1024,block,1,310.602125,310.368605,310.981730,3
1,4,1024,1024,cpu,1,93.739375,93.511541,93.859833,5
1,4,1024,1024,bidiag,1,142.833167,142.795042,143.186750,5
1,4,1024,1024,bidiag_vals,1,84.763875,84.730041,84.800625,5
1,4,1024,1024,cpu_vals,1,41.239750,40.615458,41.470417,5
1,4,1024,1024,band_vals,1,89.671000,89.434458,89.742417,5
1,1,768,768,jacobi,1,1042.708166,1042.550208,1043.065124,3
1,1,768,768,block,1,65.717583,65.678500,65.737000,5
1,1,768,768,cpu,1,33.984459,33.958417,34.418292,5
1,1,768,768,bidiag,1,29.684458,29.343719,29.842948,6
1,1,768,768,bidiag_vals,1,16.540813,16.491771,16.578625,10
1,1,768,768,cpu_vals,1,16.119999,16.086292,16.145573,10
1,1,768,768,band_vals,1,20.705583,20.513760,20.800604,8
1,256,24,24,jacobi,1,1.331500,1.300250,1.355583,25
1,256,24,24,gk,1,0.618500,0.610625,0.637375,25
1,256,24,24,gk_vals,1,0.377667,0.373292,0.384958,25
1,256,24,24,cpu_vals,1,0.348917,0.325291,0.586417,25
1,256,24,24,gk_share,1,0.703333,0.690958,0.741500,25
1,256,24,24,gk_share_vals,1,0.490333,0.484208,0.559500,25
1,256,24,24,cpu,1,0.754458,0.724584,0.793041,25
1,16,80,80,jacobi,1,1.908250,1.891625,1.925000,25
1,16,80,80,block,1,4.246792,4.185166,4.319917,25
1,16,80,80,gk,1,2.647459,2.627250,2.658167,25
1,16,80,80,gk_vals,1,1.918375,1.907083,1.926250,25
1,16,80,80,cpu_vals,1,0.393875,0.384625,0.437416,25
1,16,80,80,cpu,1,0.611209,0.589750,0.849875,25
1,256,32,32,jacobi,1,2.206583,2.183167,2.234750,25
1,256,32,32,block,1,3.030084,3.008417,3.101583,25
1,256,32,32,gk,1,0.924916,0.903083,0.967750,25
1,256,32,32,gk_vals,1,0.528083,0.524250,0.540083,25
1,256,32,32,cpu_vals,1,0.441625,0.431791,0.580959,25
1,256,32,32,gk_share,1,0.893209,0.883875,0.903958,25
1,256,32,32,gk_share_vals,1,0.601042,0.598000,0.609833,25
1,256,32,32,cpu,1,1.142292,1.123625,1.178166,25
1,4,64,32,jacobi,1,0.463750,0.447375,0.564667,25
1,4,64,32,block,1,2.037125,1.996625,2.102666,25
1,4,64,32,qr,1,0.586584,0.577000,0.601417,25
1,4,64,32,qrblock,1,2.162542,2.116125,2.188792,25
1,4,64,32,gk,1,0.749500,0.704500,0.793500,25
1,4,64,32,gk_vals,1,0.505292,0.500375,0.507834,25
1,4,64,32,cpu_vals,1,0.059166,0.058458,0.060000,25
1,4,64,32,cpu,1,0.111250,0.108375,0.113333,25
1,1024,128,16,jacobi,1,2.744958,2.731208,2.767459,25
1,1024,128,16,qr,1,3.418542,3.295542,3.581291,25
1,1024,128,16,gk,1,2.082291,2.053666,2.116042,25
1,1024,128,16,gk_vals,1,0.955584,0.945000,0.996125,25
1,1024,128,16,cpu_vals,1,1.445791,1.011458,1.501083,25
1,1024,128,16,gk_share,1,2.168750,2.017417,2.483625,25
1,1024,128,16,gk_share_vals,1,1.237417,0.827125,1.537583,25
1,1024,128,16,cpu,1,2.848917,2.414916,2.875833,25
1,64,256,64,jacobi,1,5.078458,5.057209,5.096250,25
1,64,256,64,block,1,4.771083,4.734250,4.843750,25
1,64,256,64,qr,1,5.143042,4.707625,5.239208,25
1,64,256,64,qrblock,1,5.677167,5.388583,5.827125,25
1,64,256,64,gk,1,4.378125,3.993709,4.493083,25
1,64,256,64,gk_vals,1,2.882250,2.837791,2.963208,25
1,64,256,64,cpu_vals,1,1.053000,1.023625,1.380708,25
1,64,256,64,gk_share,1,4.110500,4.054959,4.362917,25
1,64,256,64,gk_share_vals,1,2.803375,2.758166,2.835042,25
1,64,256,64,cpu,1,2.511166,2.085042,2.571541,25
1,16,64,8,jacobi,1,0.369959,0.357750,0.705042,25
1,16,64,8,qr,1,0.448208,0.439209,0.462292,25
1,16,64,8,gk,1,0.235250,0.230667,0.239459,25
1,16,64,8,gk_vals,1,0.201458,0.192459,0.207333,25
1,16,64,8,cpu_vals,1,0.065958,0.058125,0.072625,25
1,16,64,8,cpu,1,0.087417,0.075125,0.132458,25
1,64,64,64,jacobi,1,3.275541,3.250292,3.468708,25
1,64,64,64,block,1,3.843666,3.772875,3.916708,25
1,64,64,64,gk,1,1.962584,1.949000,1.980459,25
1,64,64,64,gk_vals,1,1.362125,1.348667,1.370291,25
1,64,64,64,cpu_vals,1,0.475875,0.421958,0.585750,25
1,64,64,64,gk_share,1,2.089167,2.057708,2.143333,25
1,64,64,64,gk_share_vals,1,1.473958,1.452166,1.497708,25
1,64,64,64,cpu,1,1.060458,1.050000,1.086542,25
1,1,384,384,jacobi,1,113.886875,113.871542,113.913292,5
1,1,384,384,block,1,22.483875,22.433917,22.499625,7
1,1,384,384,cpu,1,7.594438,7.415917,8.051979,20
1,1,384,384,bidiag,1,10.481167,10.050249,10.687021,15
1,1,384,384,bidiag_vals,1,6.393958,6.323407,6.426021,24
1,1,384,384,cpu_vals,1,3.626208,3.618875,3.641208,25
1,1024,128,128,jacobi,1,478.969083,478.532312,480.973458,3
1,1024,128,128,block,1,194.476375,193.666750,194.745500,5
1,1024,128,128,cpu,1,81.277209,81.196292,82.753916,5
1,1,256,256,jacobi,1,34.051541,34.028417,34.072083,5
1,1,256,256,block,1,13.019833,12.966771,13.134479,12
1,1,256,256,cpu,1,3.992416,3.847750,4.042584,25
1,1,256,256,bidiag,1,6.096000,6.002875,6.437042,25
1,1,256,256,bidiag_vals,1,3.976125,3.929500,4.022292,25
1,1,256,256,cpu_vals,1,1.749584,1.737417,1.763292,25
1,64,256,32,jacobi,1,1.362833,1.313708,1.384084,25
1,64,256,32,block,1,2.610958,2.569958,2.649250,25
1,64,256,32,qr,1,1.643542,1.604833,1.663334,25
1,64,256,32,qrblock,1,2.754917,2.699542,2.805000,25
1,64,256,32,gk,1,1.716500,1.676625,1.763334,25
1,64,256,32,gk_vals,1,0.985334,0.945375,1.039500,25
1,64,256,32,cpu_vals,1,0.391667,0.364833,0.562375,25
1,64,256,32,gk_share,1,1.776458,1.747875,1.871959,25
1,64,256,32,gk_share_vals,1,1.063666,1.033125,1.094667,25
1,64,256,32,cpu,1,0.742541,0.712208,0.774250,25
1,1,128,16,jacobi,1,0.380875,0.261709,0.401792,25
1,1,128,16,qr,1,0.433834,0.418250,0.450750,25
1,1,128,16,gk,1,0.332083,0.324250,0.342209,25
1,1,128,16,gk_vals,1,0.258625,0.250208,0.264292,25
1,1,128,16,cpu_vals,1,0.013292,0.013250,0.013416,25
1,1,128,16,cpu,1,0.040000,0.031417,0.040875,25
1,1,40,40,jacobi,1,0.949958,0.775000,1.097542,25
1,1,40,40,block,1,2.393917,2.359958,2.476666,25
1,1,40,40,gk,1,0.807750,0.783833,0.853667,25
1,1,40,40,gk_vals,1,0.629500,0.609209,0.695917,25
1,1,40,40,cpu_vals,1,0.027041,0.026916,0.027167,25
1,1,40,40,cpu,1,0.086708,0.085916,0.087000,25
1,4096,16,16,jacobi,1,5.829209,5.789583,5.865250,25
1,4096,16,16,gk,1,2.467333,2.438334,2.497959,25
1,4096,16,16,gk_vals,1,1.291667,1.271833,1.336958,25
1,4096,16,16,cpu_vals,1,1.903833,1.865625,2.276292,25
1,4096,16,16,gk_share,1,2.284625,2.259000,2.365292,25
1,4096,16,16,gk_share_vals,1,1.114667,1.098583,1.127750,25
1,4096,16,16,cpu,1,4.498125,4.419875,4.724792,25
1,4,64,8,jacobi,1,0.326417,0.313584,0.367167,25
1,4,64,8,qr,1,0.418667,0.393541,0.478417,25
1,4,64,8,gk,1,0.217084,0.212208,0.224750,25
1,4,64,8,gk_vals,1,0.193958,0.187292,0.200375,25
1,4,64,8,cpu_vals,1,0.023416,0.019958,0.024750,25
1,4,64,8,cpu,1,0.029834,0.029625,0.030875,25
1,1,256,32,jacobi,1,0.705250,0.622083,0.747125,25
1,1,256,32,block,1,2.202875,2.150667,2.267875,25
1,1,256,32,qr,1,0.598541,0.593000,0.608208,25
1,1,256,32,qrblock,1,2.061042,1.964000,2.222541,25
1,1,256,32,gk,1,1.026750,1.013875,1.055084,25
1,1,256,32,gk_vals,1,0.586958,0.583666,0.595875,25
1,1,256,32,cpu_vals,1,0.053416,0.053375,0.053625,25
1,1,256,32,cpu,1,0.115167,0.113625,0.118792,25
1,4096,4,4,jacobi,1,0.438000,0.418708,1.288834,25
1,4096,4,4,gk,1,0.389292,0.386500,0.397250,25
1,4096,4,4,gk_vals,1,0.275791,0.270542,0.282125,25
1,4096,4,4,cpu_vals,1,0.538459,0.484500,0.585625,25
1,4096,4,4,gk_share,1,0.618917,0.596125,0.699292,25
1,4096,4,4,gk_share_vals,1,0.512583,0.501209,0.590042,25
1,4096,4,4,cpu,1,0.702833,0.696333,0.784875,25
1,1,32,32,jacobi,1,0.733791,0.652292,0.863417,25
1,1,32,32,block,1,2.011084,1.970625,2.232333,25
1,1,32,32,gk,1,0.687583,0.639125,0.714167,25
1,1,32,32,gk_vals,1,0.455125,0.437792,0.496375,25
1,1,32,32,cpu_vals,1,0.019708,0.019500,0.019833,25
1,1,32,32,cpu,1,0.061500,0.060750,0.063542,25
1,64,64,16,jacobi,1,0.911833,0.346208,1.005625,25
1,64,64,16,qr,1,0.658291,0.643875,0.680375,25
1,64,64,16,gk,1,0.365625,0.359750,0.369042,25
1,64,64,16,gk_vals,1,0.277084,0.268500,0.287084,25
1,64,64,16,cpu_vals,1,0.171875,0.166042,0.176833,25
1,64,64,16,gk_share,1,0.483292,0.475084,0.507458,25
1,64,64,16,gk_share_vals,1,0.389166,0.382000,0.396666,25
1,64,64,16,cpu,1,0.263041,0.256250,0.284708,25
1,4,2048,128,jacobi,1,42.485250,42.436416,42.485917,5
1,4,2048,128,block,1,14.431000,14.237729,14.566645,11
1,4,2048,128,qr,1,8.275875,8.129604,8.339146,19
1,4,2048,128,qrblock,1,8.969083,8.616458,9.269000,17
1,4,2048,128,cpu,1,4.098667,4.070500,4.138041,25
1,4,2048,128,bidiag,1,19.745333,19.705115,19.866605,8
1,4,2048,128,bidiag_vals,1,16.728709,16.691083,16.911708,9
1,4,2048,128,cpu_vals,1,2.442458,2.070333,2.484334,25
1,4,128,32,jacobi,1,1.255167,0.413042,1.306333,25
1,4,128,32,block,1,2.072666,2.008917,2.099458,25
1,4,128,32,qr,1,0.592833,0.577750,0.602209,25
1,4,128,32,qrblock,1,2.016959,1.967125,2.102208,25
1,4,128,32,gk,1,0.786208,0.740083,0.824833,25
1,4,128,32,gk_vals,1,0.517208,0.508583,0.520791,25
1,4,128,32,cpu_vals,1,0.065250,0.064000,0.066542,25
1,4,128,32,cpu,1,0.130167,0.126250,0.133625,25
1,4,256,32,jacobi,1,0.809875,0.772041,0.898584,25
1,4,256,32,block,1,2.248541,2.193125,2.308458,25
1,4,256,32,qr,1,0.620250,0.611583,0.630209,25
1,4,256,32,qrblock,1,2.062458,2.035500,2.115833,25
1,4,256,32,gk,1,1.068292,1.041000,1.091334,25
1,4,256,32,gk_vals,1,0.646083,0.637667,0.656125,25
1,4,256,32,cpu_vals,1,0.091167,0.087291,0.093208,25
1,4,256,32,cpu,1,0.164208,0.161750,0.169958,25
1,1,56,56,jacobi,1,0.937792,0.894250,1.618750,25
1,1,56,56,block,1,2.463375,2.407750,2.549291,25
1,1,56,56,gk,1,1.303291,1.275584,1.312000,25
1,1,56,56,gk_vals,1,0.998375,0.973375,1.011166,25
1,1,56,56,cpu_vals,1,0.052416,0.050667,0.054291,25
1,1,56,56,cpu,1,0.136166,0.132834,0.137750,25
1,1,512,32,jacobi,1,0.608750,0.603083,0.650125,25
1,1,512,32,block,1,2.784667,2.753542,2.840125,25
1,1,512,32,qr,1,0.622125,0.614041,0.633000,25
1,1,512,32,qrblock,1,2.089792,2.014292,2.219084,25
1,1,512,32,gk,1,1.022041,0.999583,1.069375,25
1,1,512,32,gk_vals,1,0.577541,0.570333,0.585084,25
1,1,512,32,cpu_vals,1,0.071125,0.069916,0.072375,25
1,1,512,32,cpu,1,0.158167,0.157625,0.161625,25
1,4,32,32,jacobi,1,0.388125,0.379709,0.396833,25
1,4,32,32,block,1,1.947584,1.932083,1.983584,25
1,4,32,32,gk,1,0.718042,0.659333,0.750125,25
1,4,32,32,gk_vals,1,0.478458,0.467958,0.508708,25
1,4,32,32,cpu_vals,1,0.050292,0.049459,0.051625,25
1,4,32,32,cpu,1,0.092125,0.090208,0.095791,25
1,1024,2048,128,qr,1,737.231417,733.170480,741.590729,3
1,1024,2048,128,qrblock,1,465.923292,464.722083,469.007375,3
1,1024,2048,128,cpu,1,422.465584,419.391542,424.121479,3
1,256,256,8,jacobi,1,0.519333,0.502666,1.265375,25
1,256,256,8,qr,1,0.980917,0.964291,1.005000,25
1,256,256,8,gk,1,0.524666,0.520583,0.534750,25
1,256,256,8,gk_vals,1,0.287375,0.282166,0.292167,25
1,256,256,8,cpu_vals,1,0.266375,0.244125,0.584250,25
1,256,256,8,gk_share,1,0.583166,0.568542,0.598791,25
1,256,256,8,gk_share_vals,1,0.374541,0.368041,0.383917,25
1,256,256,8,cpu,1,0.453000,0.445084,0.458709,25
1,4096,1024,32,jacobi,0,0,0,0,0
1,4096,1024,32,block,0,0,0,0,0
1,4096,1024,32,qr,0,0,0,0,0
1,4096,1024,32,qrblock,0,0,0,0,0
1,4096,1024,32,gk,0,0,0,0,0
1,4096,1024,32,gk_vals,0,0,0,0,0
1,4096,1024,32,cpu_vals,0,0,0,0,0
1,4096,1024,32,gk_share,0,0,0,0,0
1,4096,1024,32,gk_share_vals,0,0,0,0,0
1,4096,1024,32,cpu,0,0,0,0,0
1,16,768,768,jacobi,1,3845.610000,3842.415542,3845.752729,3
1,16,768,768,block,1,545.702583,545.492125,545.760625,3
1,16,768,768,cpu,1,81.298042,81.249333,81.525500,5
1,16,768,768,bidiag,1,280.558500,279.604000,280.890958,5
1,16,768,768,bidiag_vals,1,211.958375,211.872125,212.155333,5
1,16,768,768,cpu_vals,1,51.201375,51.122000,51.846250,5
1,16,768,768,band_vals,1,245.405084,245.235042,245.517583,5
1,1,1024,256,jacobi,1,86.466708,86.397250,86.535666,5
1,1,1024,256,block,1,15.877333,15.601229,16.040136,10
1,1,1024,256,qr,1,31.491916,31.417208,31.596917,5
1,1,1024,256,qrblock,1,13.949917,13.892625,14.155584,11
1,1,1024,256,cpu,1,6.663292,6.524062,6.774938,23
1,1,1024,256,bidiag,1,9.246167,9.067542,9.513167,17
1,1,1024,256,bidiag_vals,1,7.121958,6.927625,7.200208,22
1,1,1024,256,cpu_vals,1,3.008084,2.996958,3.020875,25
1,4,128,128,jacobi,1,4.959791,4.943792,4.967167,25
1,4,128,128,block,1,6.069042,5.992208,6.216041,25
1,4,128,128,cpu,1,1.359833,1.343709,1.367833,25
1,4,128,128,bidiag,1,8.949750,8.927458,9.026625,17
1,4,128,128,bidiag_vals,1,6.678625,6.638521,6.727521,23
1,4,128,128,cpu_vals,1,0.920583,0.905167,0.937167,25
1,4,16,16,jacobi,1,0.226292,0.218125,0.246708,25
1,4,16,16,gk,1,0.316875,0.306375,0.325042,25
1,4,16,16,gk_vals,1,0.243875,0.238042,0.252458,25
1,4,16,16,cpu_vals,1,0.024208,0.023875,0.027833,25
1,4,16,16,cpu,1,0.044375,0.038584,0.045167,25
1,4096,256,128,jacobi,1,2141.297500,2136.326396,2144.327959,3
1,4096,256,128,block,1,877.602750,876.374646,878.237834,3
1,4096,256,128,qr,1,1973.029125,1963.649646,1977.175145,3
1,4096,256,128,qrblock,1,823.558334,822.418813,830.448042,3
1,4096,256,128,cpu,1,470.258042,468.473750,471.045063,3
1,1024,64,32,jacobi,1,8.026250,7.942063,8.135521,19
1,1024,64,32,block,1,7.437792,7.299791,7.498208,21
1,1024,64,32,qr,1,9.396605,9.328063,9.855895,16
1,1024,64,32,qrblock,1,8.759396,8.471562,8.899510,18
1,1024,64,32,gk,1,4.321791,4.299709,4.345708,25
1,1024,64,32,gk_vals,1,2.361542,2.349750,2.384750,25
1,1024,64,32,cpu_vals,1,2.438792,2.068375,2.460125,25
1,1024,64,32,gk_share,1,3.507417,3.458959,3.772417,25
1,1024,64,32,gk_share_vals,1,1.654125,1.635458,1.666917,25
1,1024,64,32,cpu,1,5.996583,5.852250,6.065625,25
1,4096,512,64,jacobi,0,0,0,0,0
1,4096,512,64,block,0,0,0,0,0
1,4096,512,64,qr,0,0,0,0,0
1,4096,512,64,qrblock,0,0,0,0,0
1,4096,512,64,gk,0,0,0,0,0
1,4096,512,64,gk_vals,0,0,0,0,0
1,4096,512,64,cpu_vals,0,0,0,0,0
1,4096,512,64,gk_share,0,0,0,0,0
1,4096,512,64,gk_share_vals,0,0,0,0,0
1,4096,512,64,cpu,0,0,0,0,0
1,256,32,8,jacobi,1,0.600584,0.589708,0.628709,25
1,256,32,8,qr,1,0.601875,0.591291,0.624833,25
1,256,32,8,gk,1,0.225292,0.209375,0.231583,25
1,256,32,8,gk_vals,1,0.172000,0.168791,0.175625,25
1,256,32,8,cpu_vals,1,0.213041,0.202292,0.222500,25
1,256,32,8,gk_share,1,0.558209,0.554125,0.585250,25
1,256,32,8,gk_share_vals,1,0.442958,0.426625,0.505209,25
1,256,32,8,cpu,1,0.266500,0.258375,0.272041,25
1,1024,512,16,jacobi,1,11.447229,11.324834,11.550343,14
1,1024,512,16,qr,1,8.551271,8.368572,8.632938,18
1,1024,512,16,gk,1,8.542479,8.323813,8.738427,18
1,1024,512,16,gk_vals,1,4.705416,4.488208,4.898583,25
1,1024,512,16,cpu_vals,1,2.648875,2.582959,2.810000,25
1,1024,512,16,gk_share,1,6.690167,6.491605,7.010979,23
1,1024,512,16,gk_share_vals,1,3.544250,3.387750,3.786292,25
1,1024,512,16,cpu,1,5.435959,5.355250,5.576959,25
1,16,512,16,jacobi,1,1.155458,0.415875,1.222667,25
1,16,512,16,qr,1,0.677417,0.651042,0.691166,25
1,16,512,16,gk,1,0.793125,0.781959,0.812583,25
1,16,512,16,gk_vals,1,0.432625,0.412333,0.474833,25
1,16,512,16,cpu_vals,1,0.147208,0.141917,0.158542,25
1,16,512,16,cpu,1,0.236584,0.216000,0.563875,25
1,64,4,4,jacobi,1,0.242083,0.226958,0.254791,25
1,64,4,4,gk,1,0.191208,0.178500,0.207458,25
1,64,4,4,gk_vals,1,0.164042,0.159875,0.179833,25
1,64,4,4,cpu_vals,1,0.102000,0.081042,0.107292,25
1,64,4,4,gk_share,1,0.162541,0.149458,0.179084,25
1,64,4,4,gk_share_vals,1,0.144541,0.128334,0.153750,25
1,64,4,4,cpu,1,0.079958,0.062500,0.142958,25
1,256,256,256,jacobi,1,1144.307583,1144.274729,1146.967208,3
1,256,256,256,block,1,355.885500,355.041396,356.034708,3
1,256,256,256,cpu,1,79.649583,79.513208,79.749250,5
1,256,96,96,jacobi,1,48.951333,48.946500,51.143833,5
1,256,96,96,block,1,22.527083,22.326000,22.742979,7
1,256,96,96,cpu,1,11.248541,11.147167,11.541750,14
1,64,96,96,jacobi,1,8.606708,8.599729,8.632260,18
1,64,96,96,block,1,8.220250,8.167666,8.264605,19
1,64,96,96,cpu,1,2.997708,2.958709,3.025583,25
1,256,256,16,jacobi,1,1.340333,1.292625,1.675000,25
1,256,256,16,qr,1,1.742542,1.673542,2.199166,25
1,256,256,16,gk,1,1.173958,1.112750,1.186209,25
1,256,256,16,gk_vals,1,0.581334,0.574917,0.592166,25
1,256,256,16,cpu_vals,1,0.550708,0.422458,0.916375,25
1,256,256,16,gk_share,1,0.944375,0.930250,0.970084,25
1,256,256,16,gk_share_vals,1,0.554542,0.544375,0.582083,25
1,256,256,16,cpu,1,0.927833,0.887708,1.402375,25
1,256,1024,256,jacobi,1,3936.491291,3934.695166,3945.334208,3
1,256,1024,256,block,1,663.028917,662.893417,663.836250,3
1,256,1024,256,qr,1,1122.456625,1120.248333,1123.201188,3
1,256,1024,256,qrblock,1,399.432917,397.987730,403.941521,3
1,256,1024,256,cpu,1,162.375166,162.314166,162.813458,5
1,4096,32,8,jacobi,1,1.578541,1.548958,1.620042,25
1,4096,32,8,qr,1,2.601291,2.578750,2.646750,25
1,4096,32,8,gk,1,1.334334,1.311709,1.365417,25
1,4096,32,8,gk_vals,1,0.589791,0.584125,0.600209,25
1,4096,32,8,cpu_vals,1,1.656125,1.155958,1.737625,25
1,4096,32,8,gk_share,1,1.438375,1.409083,1.470333,25
1,4096,32,8,gk_share_vals,1,0.891500,0.872750,0.930000,25
1,4096,32,8,cpu,1,2.222167,2.099916,2.572333,25
1,16,256,256,jacobi,1,66.496500,66.464541,66.515459,5
1,16,256,256,block,1,25.000583,24.918729,25.054583,7
1,16,256,256,cpu,1,6.141375,6.029208,6.292542,25
1,16,256,256,bidiag,1,72.582625,72.216708,72.757542,5
1,16,256,256,bidiag_vals,1,57.001500,56.978917,57.169000,5
1,16,256,256,cpu_vals,1,3.454292,3.242083,3.604709,25
1,256,64,64,jacobi,1,13.546000,11.964896,13.923188,12
1,256,64,64,block,1,9.089250,9.008417,9.161000,17
1,256,64,64,gk,1,5.128500,5.071791,5.179417,25
1,256,64,64,gk_vals,1,2.398916,2.385125,2.403917,25
1,256,64,64,cpu_vals,1,1.813667,1.305583,1.853500,25
1,256,64,64,gk_share,1,3.455375,3.438417,3.491583,25
1,256,64,64,gk_share_vals,1,2.103000,1.984875,2.528958,25
1,256,64,64,cpu,1,3.876500,3.719041,4.248792,25
1,1,256,16,jacobi,1,0.349875,0.345500,0.368375,25
1,1,256,16,qr,1,0.451291,0.441542,0.484792,25
1,1,256,16,gk,1,0.350833,0.348709,0.355750,25
1,1,256,16,gk_vals,1,0.256459,0.250917,0.259333,25
1,1,256,16,cpu_vals,1,0.018750,0.018708,0.018916,25
1,1,256,16,cpu,1,0.052458,0.051958,0.053625,25
1,4,256,64,jacobi,1,1.479250,1.470583,1.685708,25
1,4,256,64,block,1,3.086417,3.033834,3.115708,25
1,4,256,64,qr,1,1.509208,1.468541,1.564208,25
1,4,256,64,qrblock,1,2.947459,2.909792,2.994292,25
1,4,256,64,gk,1,2.383208,2.363958,2.397375,25
1,4,256,64,gk_vals,1,1.728875,1.718167,1.752958,25
1,4,256,64,cpu_vals,1,0.226542,0.224708,0.231042,25
1,4,256,64,cpu,1,0.457125,0.453083,0.464167,25
1,1,512,16,jacobi,1,0.492708,0.473459,0.566334,25
1,1,512,16,qr,1,0.492292,0.482042,0.496250,25
1,1,512,16,gk,1,0.571833,0.562833,0.578584,25
1,1,512,16,gk_vals,1,0.285417,0.276291,0.290875,25
1,1,512,16,cpu_vals,1,0.034000,0.033792,0.034333,25
1,1,512,16,cpu,1,0.072834,0.071542,0.074500,25
1,1024,128,8,jacobi,1,1.006334,0.972541,1.042416,25
1,1024,128,8,qr,1,1.719250,1.614333,2.137500,25
1,1024,128,8,gk,1,0.951417,0.885042,0.979708,25
1,1024,128,8,gk_vals,1,0.418583,0.411708,0.421875,25
1,1024,128,8,cpu_vals,1,0.614542,0.473541,0.982750,25
1,1024,128,8,gk_share,1,0.909042,0.884708,1.019959,25
1,1024,128,8,gk_share_vals,1,0.611041,0.596500,0.627084,25
1,1024,128,8,cpu,1,1.398875,0.920833,1.434333,25
1,16,64,64,jacobi,1,1.189000,1.180125,1.219709,25
1,16,64,64,block,1,2.984208,2.927792,3.041583,25
1,16,64,64,gk,1,1.802583,1.793625,1.833041,25
1,16,64,64,gk_vals,1,1.326292,1.299916,1.336667,25
1,16,64,64,cpu_vals,1,0.222625,0.217125,0.231792,25
1,16,64,64,cpu,1,0.435792,0.395416,0.477708,25
1,64,256,16,jacobi,1,0.486584,0.477584,0.588916,25
1,64,256,16,qr,1,0.798083,0.784292,0.810000,25
1,64,256,16,gk,1,0.464000,0.462208,0.473041,25
1,64,256,16,gk_vals,1,0.308375,0.306750,0.313167,25
1,64,256,16,cpu_vals,1,0.209125,0.196125,0.238792,25
1,64,256,16,gk_share,1,0.559917,0.552417,0.576209,25
1,64,256,16,gk_share_vals,1,0.402875,0.393541,0.410208,25
1,64,256,16,cpu,1,0.332167,0.328000,0.337417,25
1,4,1024,32,jacobi,1,1.222416,0.987042,1.376708,25
1,4,1024,32,block,1,4.117334,4.052750,4.209542,25
1,4,1024,32,qr,1,0.873750,0.866834,0.884084,25
1,4,1024,32,qrblock,1,2.245792,2.221708,2.286792,25
1,4,1024,32,gk,1,1.331792,1.297625,1.343125,25
1,4,1024,32,gk_vals,1,0.850458,0.844833,0.863583,25
1,4,1024,32,cpu_vals,1,0.216459,0.207250,0.218750,25
1,4,1024,32,cpu,1,0.392167,0.387458,0.395958,25
1,4,24,24,jacobi,1,0.464958,0.434458,0.486459,25
1,4,24,24,gk,1,0.513250,0.492584,0.859750,25
1,4,24,24,gk_vals,1,0.354292,0.346500,0.361958,25
1,4,24,24,cpu_vals,1,0.033125,0.031041,0.034833,25
1,4,24,24,cpu,1,0.063000,0.058041,0.063959,25
1,1024,512,128,jacobi,1,1302.108209,1301.498147,1305.085750,3
1,1024,512,128,block,1,335.059166,334.646583,335.763625,3
1,1024,512,128,qr,1,505.301459,501.465876,512.935500,3
1,1024,512,128,qrblock,1,239.223625,239.032916,241.294042,5
1,1024,512,128,cpu,1,160.236792,158.796083,162.380084,5
1,256,2048,64,jacobi,1,330.617416,330.584479,330.736312,3
1,256,2048,64,block,1,60.009334,60.004042,60.520584,5
1,256,2048,64,qr,1,55.229000,54.573916,55.369792,5
1,256,2048,64,qrblock,1,55.184625,54.577416,56.056291,5
1,256,2048,64,gk,1,54.718584,54.461208,55.210375,5
1,256,2048,64,gk_vals,1,39.037792,36.083000,39.267375,5
1,256,2048,64,cpu_vals,1,17.278166,16.947417,17.322041,9
1,256,2048,64,gk_share,1,50.111500,49.108708,50.808917,5
1,256,2048,64,gk_share_vals,1,29.076708,28.819708,30.951375,5
1,256,2048,64,cpu,1,35.164625,35.104209,35.191125,5
1,64,1024,64,jacobi,1,39.225375,39.108000,39.657458,5
1,64,1024,64,block,1,11.224583,11.047156,11.354240,14
1,64,1024,64,qr,1,9.416666,9.102208,9.505166,17
1,64,1024,64,qrblock,1,9.978125,9.768021,10.283500,15
1,64,1024,64,gk,1,8.723333,8.670875,8.959666,18
1,64,1024,64,gk_vals,1,6.652000,6.568313,6.834313,23
1,64,1024,64,cpu_vals,1,2.836583,2.664750,3.008958,25
1,64,1024,64,gk_share,1,8.779333,8.381792,8.921583,17
1,64,1024,64,gk_share_vals,1,5.931417,5.777667,6.185125,25
1,64,1024,64,cpu,1,5.405750,5.239708,5.767333,25
1,16,4,4,jacobi,1,0.266291,0.247584,0.297667,25
1,16,4,4,gk,1,0.290958,0.279208,0.312500,25
1,16,4,4,gk_vals,1,0.179625,0.173375,0.254167,25
1,16,4,4,cpu_vals,1,0.029542,0.029250,0.031583,25
1,16,4,4,cpu,1,0.041792,0.041666,0.042542,25
1,16,1024,1024,jacobi,1,9395.305416,9392.497020,9397.445791,3
1,16,1024,1024,block,1,1261.037291,1260.288000,1261.776771,3
1,16,1024,1024,cpu,1,318.365375,316.689854,320.332083,3
1,16,1024,1024,bidiag,1,496.633958,496.197187,496.713458,3
1,16,1024,1024,bidiag_vals,1,330.493959,330.115251,330.822125,3
1,16,1024,1024,cpu_vals,1,222.135292,221.307750,225.429959,5
1,16,1024,1024,band_vals,1,338.133417,337.833666,338.351562,3
1,4,4,4,jacobi,1,0.152500,0.146334,0.169250,25
1,4,4,4,gk,1,0.175750,0.163000,0.181000,25
1,4,4,4,gk_vals,1,0.166334,0.155792,0.197125,25
1,4,4,4,cpu_vals,1,0.019334,0.018084,0.020250,25
1,4,4,4,cpu,1,0.024958,0.024583,0.026042,25
1,64,512,256,jacobi,1,489.553500,485.843500,490.713354,3
1,64,512,256,block,1,105.339125,105.298416,105.496166,5
1,64,512,256,qr,1,283.253708,282.515208,284.260417,5
1,64,512,256,qrblock,1,85.991541,85.942958,86.331959,5
1,64,512,256,cpu,1,30.530250,30.326334,30.725000,5
1,64,512,256,bidiag,1,399.303791,398.891062,399.725437,3
1,64,512,256,bidiag_vals,1,319.561541,318.809437,320.229541,3
1,64,512,256,cpu_vals,1,14.865542,14.753312,15.026916,11
1,4096,128,32,jacobi,1,37.581833,37.540750,37.998375,5
1,4096,128,32,block,1,33.817917,33.767625,34.109875,5
1,4096,128,32,qr,1,36.268041,36.139750,36.817083,5
1,4096,128,32,qrblock,1,32.108000,31.878250,32.183458,5
1,4096,128,32,gk,1,26.222521,26.154510,26.240031,6
1,4096,128,32,gk_vals,1,13.525167,13.490104,13.552344,12
1,4096,128,32,cpu_vals,1,9.458792,9.421511,9.535594,16
1,4096,128,32,gk_share,1,15.968542,15.868521,16.803792,10
1,4096,128,32,gk_share_vals,1,6.243041,6.115833,6.403729,24
1,4096,128,32,cpu,1,26.328354,26.222375,26.646021,6
1,1,80,80,jacobi,1,1.690709,1.665084,1.709084,25
1,1,80,80,block,1,3.857875,3.774833,3.966000,25
1,1,80,80,gk,1,2.461583,2.430541,2.470916,25
1,1,80,80,gk_vals,1,1.815667,1.805583,1.829125,25
1,1,80,80,cpu_vals,1,0.192500,0.190125,0.193750,25
1,1,80,80,cpu,1,0.364125,0.362000,0.367417,25
1,4,2048,64,jacobi,1,8.700501,8.699177,8.707406,18
1,4,2048,64,block,1,8.201250,8.128709,8.315167,19
1,4,2048,64,qr,1,3.428000,3.137667,3.542500,25
1,4,2048,64,qrblock,1,5.184709,4.650917,5.281041,25
1,4,2048,64,gk,1,4.364125,4.116208,4.516375,25
1,4,2048,64,gk_vals,1,3.600125,3.317583,3.711208,25
1,4,2048,64,cpu_vals,1,0.993666,0.973750,1.005958,25
1,4,2048,64,cpu,1,1.987375,1.951000,2.015917,25
1,64,2048,256,jacobi,1,2449.490916,2448.422333,2459.173666,3
1,64,2048,256,block,1,286.384292,285.877167,286.584417,5
1,64,2048,256,qr,1,318.521000,317.577917,319.731375,3
1,64,2048,256,qrblock,1,133.316292,133.012334,133.845875,5
1,64,2048,256,cpu,1,70.726667,69.844583,72.547000,5
1,64,2048,256,bidiag,1,650.807083,647.886042,651.888396,3
1,64,2048,256,bidiag_vals,1,542.738791,542.252833,546.637917,3
1,64,2048,256,cpu_vals,1,31.360250,31.289875,31.380625,5
1,256,192,192,jacobi,1,436.791875,435.583875,439.942917,3
1,256,192,192,block,1,152.355333,151.988833,154.459667,5
1,256,192,192,cpu,1,37.859583,37.800208,38.008000,5
1,256,192,192,bidiag,1,873.746083,872.171000,873.954125,3
1,256,192,192,bidiag_vals,1,660.852375,660.692688,661.639021,3
1,256,192,192,cpu_vals,1,18.610875,18.342875,18.863542,9
1,16,128,8,jacobi,1,0.400959,0.380000,0.675750,25
1,16,128,8,qr,1,0.439625,0.432125,0.461833,25
1,16,128,8,gk,1,0.233125,0.229667,0.234292,25
1,16,128,8,gk_vals,1,0.197000,0.185416,0.205417,25
1,16,128,8,cpu_vals,1,0.084875,0.071917,0.092000,25
1,16,128,8,cpu,1,0.146458,0.103208,0.164292,25
1,1,512,128,jacobi,1,10.268542,10.263625,10.276167,15
1,1,512,128,block,1,6.524834,6.442354,6.678000,23
1,1,512,128,qr,1,5.019208,5.009500,5.029334,25
1,1,512,128,qrblock,1,5.814500,5.732916,5.924834,25
1,1,512,128,cpu,1,1.687250,1.677250,1.696500,25
1,1,512,128,bidiag,1,3.351584,3.322125,3.371459,25
1,1,512,128,bidiag_vals,1,2.412792,2.396875,2.469208,25
1,1,512,128,cpu_vals,1,0.924291,0.918458,0.930542,25
1,64,512,128,jacobi,1,84.702958,84.071833,84.725083,5
1,64,512,128,block,1,21.367708,20.910448,21.417583,8
1,64,512,128,qr,1,38.199042,38.131125,38.304417,5
1,64,512,128,qrblock,1,19.844042,19.700937,20.085854,8
1,64,512,128,cpu,1,11.400917,11.304250,11.634500,13
1,64,512,128,bidiag,1,183.434292,182.981417,183.637250,5
1,64,512,128,bidiag_vals,1,143.127625,143.083333,143.367250,5
1,64,512,128,cpu_vals,1,6.032395,5.763229,6.532666,24
1,64,64,32,jacobi,1,0.871042,0.820917,0.924083,25
1,64,64,32,block,1,2.208666,2.142584,2.268041,25
1,64,64,32,qr,1,1.200583,1.181583,1.255459,25
1,64,64,32,qrblock,1,2.523375,2.497084,2.554833,25
1,64,64,32,gk,1,0.850208,0.798666,0.888500,25
1,64,64,32,gk_vals,1,0.544833,0.539250,0.552416,25
1,64,64,32,cpu_vals,1,0.247291,0.232500,0.638958,25
1,64,64,32,gk_share,1,0.976417,0.946500,1.012542,25
1,64,64,32,gk_share_vals,1,0.654208,0.645458,0.692750,25
1,64,64,32,cpu,1,0.486833,0.478750,0.632167,25
1,64,2048,128,jacobi,1,461.887833,461.531667,462.844437,3
1,64,2048,128,block,1,68.619875,68.561208,68.737208,5
1,64,2048,128,qr,1,58.562291,58.549125,58.938042,5
1,64,2048,128,qrblock,1,41.534459,41.110792,42.067791,5
1,64,2048,128,cpu,1,29.449479,29.048323,29.735542,6
1,64,2048,128,bidiag,1,300.524167,300.242208,304.564917,3
1,64,2048,128,bidiag_vals,1,263.161750,262.971125,265.902291,5
1,64,2048,128,cpu_vals,1,12.456375,12.323958,12.543000,13
1,4096,128,128,jacobi,1,1913.674500,1913.355146,1917.796083,3
1,4096,128,128,block,1,757.248500,756.917895,759.410729,3
1,4096,128,128,cpu,1,309.879875,307.773312,310.123229,3
1,4,1536,1536,cpu,1,236.336750,233.702167,238.032417,5
1,4,1536,1536,bidiag,1,316.914375,316.607459,316.989979,3
1,4,1536,1536,bidiag_vals,1,187.887250,187.879333,187.997209,5
1,4,1536,1536,cpu_vals,1,122.208209,121.717875,122.639292,5
1,4,1536,1536,band_vals,1,147.428917,147.372458,147.656416,5
1,16,32,16,jacobi,1,0.246583,0.239333,0.254375,25
1,16,32,16,qr,1,0.482417,0.471875,0.499667,25
1,16,32,16,gk,1,0.347084,0.341792,0.352333,25
1,16,32,16,gk_vals,1,0.273166,0.262541,0.280083,25
1,16,32,16,cpu_vals,1,0.093333,0.072208,0.138792,25
1,16,32,16,cpu,1,0.133333,0.119084,0.244667,25
1,4,80,80,jacobi,1,1.860583,1.822958,1.873625,25
1,4,80,80,block,1,3.915417,3.868167,4.000042,25
1,4,80,80,gk,1,2.489959,2.481500,2.499666,25
1,4,80,80,gk_vals,1,1.830708,1.813875,1.837667,25
1,4,80,80,cpu_vals,1,0.244667,0.240667,0.247709,25
1,4,80,80,cpu,1,0.432584,0.427125,0.438833,25
1,4096,1024,64,jacobi,0,0,0,0,0
1,4096,1024,64,block,0,0,0,0,0
1,4096,1024,64,qr,0,0,0,0,0
1,4096,1024,64,qrblock,0,0,0,0,0
1,4096,1024,64,gk,0,0,0,0,0
1,4096,1024,64,gk_vals,0,0,0,0,0
1,4096,1024,64,cpu_vals,0,0,0,0,0
1,4096,1024,64,gk_share,0,0,0,0,0
1,4096,1024,64,gk_share_vals,0,0,0,0,0
1,4096,1024,64,cpu,0,0,0,0,0
1,1,32,8,jacobi,1,0.264208,0.255333,0.298708,25
1,1,32,8,qr,1,0.343166,0.325125,0.402750,25
1,1,32,8,gk,1,0.188542,0.178667,0.229917,25
1,1,32,8,gk_vals,1,0.171250,0.159958,0.200666,25
1,1,32,8,cpu_vals,1,0.006291,0.006209,0.006417,25
1,1,32,8,cpu,1,0.011333,0.011166,0.011500,25
1,1,2048,2048,cpu,1,450.061833,449.926709,450.371667,3
1,1,2048,2048,bidiag,1,248.647041,246.992125,249.347917,5
1,1,2048,2048,bidiag_vals,1,93.270417,93.230625,93.289333,5
1,1,2048,2048,cpu_vals,1,200.568958,200.462833,200.688125,5
1,1,2048,2048,band_vals,1,70.062458,69.574500,70.396541,5
1,256,128,32,jacobi,1,2.793250,2.759125,2.835709,25
1,256,128,32,block,1,3.669125,3.632500,3.751708,25
1,256,128,32,qr,1,3.154209,3.091709,3.683125,25
1,256,128,32,qrblock,1,4.042750,3.905458,4.424041,25
1,256,128,32,gk,1,2.276833,2.249542,2.300250,25
1,256,128,32,gk_vals,1,1.334459,1.313542,1.355791,25
1,256,128,32,cpu_vals,1,0.751542,0.722542,1.246875,25
1,256,128,32,gk_share,1,1.810875,1.790250,1.828958,25
1,256,128,32,gk_share_vals,1,1.128791,1.115875,1.168167,25
1,256,128,32,cpu,1,1.826917,1.786084,1.977583,25
1,16,256,64,jacobi,1,1.643000,1.628000,2.108000,25
1,16,256,64,block,1,3.343167,3.224916,3.379209,25
1,16,256,64,qr,1,1.829916,1.811000,1.870708,25
1,16,256,64,qrblock,1,3.406083,3.369792,3.452166,25
1,16,256,64,gk,1,2.793334,2.764875,2.827750,25
1,16,256,64,gk_vals,1,1.928667,1.921291,1.974792,25
1,16,256,64,cpu_vals,1,0.406833,0.349000,0.517875,25
1,16,256,64,cpu,1,0.734542,0.662125,0.876458,25
1,2,1536,1536,cpu,1,208.308125,208.143500,208.518375,5
1,2,1536,1536,bidiag,1,186.315917,186.270292,186.489458,5
1,2,1536,1536,bidiag_vals,1,97.270250,96.466292,99.061042,5
1,2,1536,1536,cpu_vals,1,102.894833,102.647500,103.263084,5
1,2,1536,1536,band_vals,1,83.165625,81.431083,83.394416,5
1,64,128,64,jacobi,1,3.604250,3.530250,3.712125,25
1,64,128,64,block,1,3.973000,3.893041,4.039542,25
1,64,128,64,qr,1,4.293708,4.203292,4.389833,25
1,64,128,64,qrblock,1,4.733667,4.618625,4.897167,25
1,64,128,64,gk,1,3.400834,3.340333,3.563917,25
1,64,128,64,gk_vals,1,2.347917,2.296542,2.472042,25
1,64,128,64,cpu_vals,1,0.726542,0.714458,0.744166,25
1,64,128,64,gk_share,1,3.402333,3.369167,3.456167,25
1,64,128,64,gk_share_vals,1,2.298625,2.258625,2.370958,25
1,64,128,64,cpu,1,1.665917,1.648375,1.684667,25
1,64,1024,128,jacobi,1,185.055708,184.728916,185.424250,5
1,64,1024,128,block,1,38.422166,37.999417,38.712292,5
1,64,1024,128,qr,1,44.194750,44.178041,44.682000,5
1,64,1024,128,qrblock,1,27.149958,27.119146,27.223739,6
1,64,1024,128,cpu,1,16.821083,16.795959,17.063833,9
1,64,1024,128,bidiag,1,216.924708,216.554667,216.942000,5
1,64,1024,128,bidiag_vals,1,173.919792,173.433875,173.925125,5
1,64,1024,128,cpu_vals,1,7.796833,7.676698,7.909573,20
1,64,40,40,jacobi,1,1.368834,1.349083,1.392417,25
1,64,40,40,block,1,3.584709,3.487542,3.688958,25
1,64,40,40,gk,1,0.914708,0.895625,0.978500,25
1,64,40,40,gk_vals,1,0.671666,0.648084,0.727250,25
1,64,40,40,cpu_vals,1,0.238542,0.226166,0.254792,25
1,64,40,40,gk_share,1,1.006709,0.984166,1.053791,25
1,64,40,40,gk_share_vals,1,0.817917,0.745208,0.841250,25
1,64,40,40,cpu,1,0.566917,0.543125,0.589209,25
1,256,256,128,jacobi,1,125.193833,124.978459,128.430042,5
1,256,256,128,block,1,59.304042,59.016417,59.445167,5
1,256,256,128,qr,1,122.677875,121.909583,123.293667,5
1,256,256,128,qrblock,1,57.923250,57.443208,58.437292,5
1,256,256,128,cpu,1,32.636917,32.629125,32.827792,5
1,256,256,128,bidiag,1,670.263417,669.181916,673.552625,3
1,256,256,128,bidiag_vals,1,506.689000,505.386854,508.645875,3
1,256,256,128,cpu_vals,1,17.952875,17.606666,18.019584,9
1,16,256,8,jacobi,1,0.469291,0.444333,0.484583,25
1,16,256,8,qr,1,0.506583,0.466833,0.547250,25
1,16,256,8,gk,1,0.241583,0.235458,0.244250,25
1,16,256,8,gk_vals,1,0.190416,0.184458,0.199292,25
1,16,256,8,cpu_vals,1,0.107250,0.095500,0.112084,25
1,16,256,8,cpu,1,0.123667,0.111291,0.149209,25
1,4096,256,16,jacobi,1,16.250500,16.069958,18.172208,9
1,4096,256,16,qr,1,20.673208,20.219907,20.852031,8
1,4096,256,16,gk,1,12.745812,12.629886,12.850969,12
1,4096,256,16,gk_vals,1,5.069292,5.059750,5.079917,25
1,4096,256,16,cpu_vals,1,4.694167,4.671583,4.707042,25
1,4096,256,16,gk_share,1,8.614584,8.524083,8.921375,17
1,4096,256,16,gk_share_vals,1,3.916875,3.776625,4.011458,25
1,4096,256,16,cpu,1,12.554166,12.416187,12.638250,12
1,16,1024,128,jacobi,1,38.529167,38.231333,38.681791,5
1,16,1024,128,block,1,13.656750,13.542791,13.715751,11
1,16,1024,128,qr,1,9.127291,9.011542,9.423792,17
1,16,1024,128,qrblock,1,11.030146,10.848125,11.209896,14
1,16,1024,128,cpu,1,5.015583,4.975000,5.071292,25
1,16,1024,128,bidiag,1,58.430334,58.056750,58.459416,5
1,16,1024,128,bidiag_vals,1,45.238875,44.911292,46.368875,5
1,16,1024,128,cpu_vals,1,2.858209,2.561375,3.092792,25
1,256,64,8,jacobi,1,0.823541,0.771959,0.877083,25
1,256,64,8,qr,1,0.695917,0.683458,0.711584,25
1,256,64,8,gk,1,0.302416,0.301000,0.304834,25
1,256,64,8,gk_vals,1,0.219166,0.213542,0.223125,25
1,256,64,8,cpu_vals,1,0.195959,0.191708,0.204791,25
1,256,64,8,gk_share,1,0.411708,0.351875,0.422708,25
1,256,64,8,gk_share_vals,1,0.363375,0.361166,0.366541,25
1,256,64,8,cpu,1,0.286500,0.283209,0.290791,25
1,4096,24,24,jacobi,1,14.145833,14.116374,14.192229,11
1,4096,24,24,gk,1,5.725291,5.711209,5.761041,25
1,4096,24,24,gk_vals,1,2.381459,2.376291,2.388250,25
1,4096,24,24,cpu_vals,1,3.287083,3.242875,3.573291,25
1,4096,24,24,gk_share,1,6.087041,6.014542,6.164291,25
1,4096,24,24,gk_share_vals,1,2.313500,2.272125,2.362500,25
1,4096,24,24,cpu,1,9.555750,9.459709,9.601011,16
1,64,256,128,jacobi,1,31.097959,31.030125,31.302042,5
1,64,256,128,block,1,14.829292,14.752583,15.041875,11
1,64,256,128,qr,1,34.810041,34.365500,35.193541,5
1,64,256,128,qrblock,1,17.339167,17.145083,17.422667,9
1,64,256,128,cpu,1,8.775604,8.628166,8.889364,18
1,64,256,128,bidiag,1,163.414500,163.336125,163.658917,5
1,64,256,128,bidiag_vals,1,123.964750,123.787167,124.398166,5
1,64,256,128,cpu_vals,1,5.399042,4.775416,6.269042,25
1,1024,512,256,qrblock,1,1388.906042,1388.074167,1391.324771,3
1,1024,512,256,cpu,1,442.600583,438.290083,444.144896,3
1,16,32,8,jacobi,1,0.348416,0.334500,0.361167,25
1,16,32,8,qr,1,0.543125,0.433125,0.608750,25
1,16,32,8,gk,1,0.231458,0.217291,0.234542,25
1,16,32,8,gk_vals,1,0.188875,0.182000,0.206291,25
1,16,32,8,cpu_vals,1,0.070292,0.068167,0.072458,25
1,16,32,8,cpu,1,0.094916,0.076209,0.127500,25
1,16,512,256,jacobi,1,93.857500,93.833125,93.882875,5
1,16,512,256,block,1,26.736229,26.695094,26.796896,6
1,16,512,256,qr,1,64.054541,63.648166,64.199917,5
1,16,512,256,qrblock,1,25.171479,25.088062,25.350802,6
1,16,512,256,cpu,1,8.765355,8.469864,8.837229,18
1,16,512,256,bidiag,1,104.311500,104.082709,104.349709,5
1,16,512,256,bidiag_vals,1,86.978875,86.849542,87.006084,5
1,16,512,256,cpu_vals,1,6.262250,5.717417,6.303542,25
1,4096,32,32,jacobi,1,26.820792,26.750208,26.854344,6
1,4096,32,32,block,1,22.369250,22.287167,22.508604,7
1,4096,32,32,gk,1,9.287000,9.251541,9.312625,17
1,4096,32,32,gk_vals,1,4.178459,4.171084,4.184666,25
1,4096,32,32,cpu_vals,1,5.304791,5.257875,5.368042,25
1,4096,32,32,gk_share,1,7.306708,7.127417,7.504250,21
1,4096,32,32,gk_share_vals,1,3.634333,3.504333,3.953708,25
1,4096,32,32,cpu,1,15.453604,15.371041,15.687218,10
1,64,32,8,jacobi,1,0.406750,0.397416,0.412125,25
1,64,32,8,qr,1,0.486958,0.462375,0.512125,25
1,64,32,8,gk,1,0.237459,0.231334,0.242209,25
1,64,32,8,gk_vals,1,0.201375,0.188875,0.209667,25
1,64,32,8,cpu_vals,1,0.118958,0.112709,0.132125,25
1,64,32,8,gk_share,1,0.342250,0.336750,0.347792,25
1,64,32,8,gk_share_vals,1,0.307250,0.304042,0.312042,25
1,64,32,8,cpu,1,0.157708,0.143417,0.189167,25
1,1,32,16,jacobi,1,0.274667,0.234666,0.466917,25
1,1,32,16,qr,1,0.422875,0.411125,0.435416,25
1,1,32,16,gk,1,0.334625,0.321541,0.348750,25
1,1,32,16,gk_vals,1,0.260166,0.252708,0.270792,25
1,1,32,16,cpu_vals,1,0.011083,0.010958,0.011250,25
1,1,32,16,cpu,1,0.030250,0.030125,0.030625,25
1,256,16,16,jacobi,1,0.690667,0.633667,0.744042,25
1,256,16,16,gk,1,0.387334,0.385542,0.390709,25
1,256,16,16,gk_vals,1,0.268958,0.249791,0.275625,25
1,256,16,16,cpu_vals,1,0.232041,0.211458,0.564584,25
1,256,16,16,gk_share,1,0.527500,0.523917,0.552291,25
1,256,16,16,gk_share_vals,1,0.420583,0.401458,0.428625,25
1,256,16,16,cpu,1,0.405125,0.401958,0.419709,25
