pass,batch,N,backend,ok,ms,p25,p75,reps
0,256,192,cpu,1,23.029792,22.968604,23.090979,2
0,256,192,tridiag,1,518.020563,515.748386,520.292740,2
0,256,192,tridiag_batch,1,15.839958,15.649583,16.185239,10
0,256,192,cpu_vals,1,11.260604,11.159614,11.393000,14
0,256,192,tridiag_vals,1,399.387958,396.842874,401.933042,2
0,256,192,tridiag_batch_vals,1,10.290542,10.076958,10.427667,15
0,4,2,simd,1,0.187291,0.164917,0.201250,25
0,4,2,tg,1,0.146375,0.129792,0.177417,25
0,4,2,ql,1,0.161416,0.137875,0.198041,25
0,4,2,cpu,1,0.006000,0.005458,0.007458,25
0,4,2,simd_vals,1,0.148125,0.136250,0.174000,25
0,4,2,tg_vals,1,0.149583,0.138083,0.196500,25
0,4,2,ql_vals,1,0.153584,0.140917,0.162041,25
0,4,2,cpu_vals,1,0.005000,0.003208,0.006917,25
0,1024,48,tg,1,14.687209,14.660062,14.713667,11
0,1024,48,block,1,21.996938,21.972260,22.021615,2
0,1024,48,ql,1,4.375083,4.370292,4.381416,25
0,1024,48,ql_share,1,3.347959,3.326375,3.360917,25
0,1024,48,cpu,1,5.540333,5.498417,6.031583,25
0,1024,48,tridiag_batch,1,8.050000,7.925250,8.214958,19
0,1024,48,tg_vals,1,12.988854,12.934073,13.017781,12
0,1024,48,block_vals,1,19.452646,19.415490,19.504021,8
0,1024,48,ql_vals,1,3.316250,3.311917,3.320375,25
0,1024,48,ql_share_vals,1,2.103292,2.072750,2.120416,25
0,1024,48,cpu_vals,1,2.931083,2.461167,2.972292,25
0,1024,48,tridiag_batch_vals,1,3.011084,2.989875,3.095291,25
0,1,768,cpu,1,15.396063,15.276146,15.529479,10
0,1,768,tridiag,1,12.320375,12.173958,12.579166,13
0,1,768,cpu_vals,1,9.665730,9.651875,9.690250,16
0,1,768,tridiag_vals,1,8.004917,7.956542,8.066395,19
0,1,768,band8_vals,1,9.989876,9.856511,10.044594,16
0,1,768,band_vals,1,9.138167,8.953167,9.361666,17
0,1,768,band32_vals,1,11.916083,11.885291,11.947791,13
0,1,768,band,1,11.879708,11.764959,11.989250,13
0,256,24,simd,1,0.885583,0.851833,0.892250,25
0,256,24,tg,1,0.789625,0.762500,0.804208,25
0,256,24,ql,1,0.357709,0.354333,0.371875,25
0,256,24,ql_share,1,0.487625,0.483792,0.491917,25
0,256,24,cpu,1,0.445958,0.444417,0.449083,25
0,256,24,simd_vals,1,0.790875,0.748291,0.807583,25
0,256,24,tg_vals,1,0.736459,0.687667,0.741125,25
0,256,24,ql_vals,1,0.195167,0.189666,0.203833,25
0,256,24,ql_share_vals,1,0.344458,0.339250,0.360250,25
0,256,24,cpu_vals,1,0.214417,0.208625,0.245834,25
0,2,8,simd,1,0.254459,0.202458,0.264042,25
0,2,8,tg,1,0.175750,0.149959,0.225500,25
0,2,8,ql,1,0.249875,0.205875,0.265500,25
0,2,8,cpu,1,0.007000,0.006916,0.007250,25
0,2,8,simd_vals,1,0.181917,0.148334,0.233792,25
0,2,8,tg_vals,1,0.164541,0.147208,0.177708,25
0,2,8,ql_vals,1,0.175333,0.149666,0.224125,25
0,2,8,cpu_vals,1,0.005000,0.004542,0.005500,25
0,32,192,cpu,1,3.913875,3.324042,3.954083,25
0,32,192,tridiag,1,63.908646,63.805407,64.011886,2
0,32,192,tridiag_batch,1,4.689291,4.354750,4.829625,25
0,32,192,cpu_vals,1,1.594791,1.572709,2.115708,25
0,32,192,tridiag_vals,1,49.637479,49.611802,49.663156,2
0,32,192,tridiag_batch_vals,1,2.525000,2.449459,2.621542,25
0,64,8,simd,1,0.163667,0.154875,0.170125,25
0,64,8,tg,1,0.160167,0.153542,0.171875,25
0,64,8,ql,1,0.173500,0.159875,0.183834,25
0,64,8,ql_share,1,0.165375,0.126708,0.294333,25
0,64,8,cpu,1,0.140625,0.072500,0.150500,25
0,64,8,simd_vals,1,0.167292,0.160208,0.200250,25
0,64,8,tg_vals,1,0.166292,0.158584,0.198666,25
0,64,8,ql_vals,1,0.157083,0.150375,0.161209,25
0,64,8,ql_share_vals,1,0.133000,0.128375,0.139625,25
0,64,8,cpu_vals,1,0.079250,0.078334,0.081458,25
0,512,32,simd,1,2.702167,2.686750,2.715292,25
0,512,32,tg,1,2.387208,2.385916,2.388792,25
0,512,32,block,1,4.379166,4.276167,4.443666,25
0,512,32,ql,1,0.885709,0.859625,0.908958,25
0,512,32,ql_share,1,1.041292,1.031583,1.047000,25
0,512,32,cpu,1,1.212750,1.204208,1.240209,25
0,512,32,simd_vals,1,2.699959,2.675000,2.702291,25
0,512,32,tg_vals,1,2.133667,2.112458,2.141916,25
0,512,32,block_vals,1,4.166417,4.041667,4.211459,25
0,512,32,ql_vals,1,0.273291,0.270833,0.278750,25
0,512,32,ql_share_vals,1,0.604541,0.586083,0.635834,25
0,512,32,cpu_vals,1,0.485334,0.478500,0.491333,25
0,128,8,simd,1,0.172583,0.162500,0.178750,25
0,128,8,tg,1,0.176583,0.174750,0.179209,25
0,128,8,ql,1,0.194125,0.188083,0.202125,25
0,128,8,ql_share,1,0.283250,0.279541,0.288708,25
0,128,8,cpu,1,0.090167,0.083625,0.101875,25
0,128,8,simd_vals,1,0.168500,0.155417,0.191541,25
0,128,8,tg_vals,1,0.169333,0.164958,0.173291,25
0,128,8,ql_vals,1,0.154708,0.149084,0.159750,25
0,128,8,ql_share_vals,1,0.268958,0.262833,0.274250,25
0,128,8,cpu_vals,1,0.117459,0.057166,0.152125,25
0,256,16,simd,1,0.349125,0.329459,0.372209,25
0,256,16,tg,1,0.323667,0.309750,0.332625,25
0,256,16,ql,1,0.258250,0.257375,0.267125,25
0,256,16,ql_share,1,0.411000,0.406750,0.421084,25
0,256,16,cpu,1,0.228416,0.226625,0.234750,25
0,256,16,simd_vals,1,0.310125,0.304209,0.328458,25
0,256,16,tg_vals,1,0.296541,0.292958,0.317542,25
0,256,16,ql_vals,1,0.175584,0.166250,0.185959,25
0,256,16,ql_share_vals,1,0.331625,0.325417,0.337333,25
0,256,16,cpu_vals,1,0.149459,0.146792,0.152542,25
0,512,2,simd,1,0.153875,0.148083,0.164750,25
0,512,2,tg,1,0.157208,0.150750,0.160041,25
0,512,2,ql,1,0.154667,0.144625,0.156541,25
0,512,2,ql_share,1,0.267500,0.259291,0.275125,25
0,512,2,cpu,1,0.171250,0.085625,0.176041,25
0,512,2,simd_vals,1,0.137542,0.126083,0.149333,25
0,512,2,tg_vals,1,0.136417,0.124791,0.144625,25
0,512,2,ql_vals,1,0.142416,0.131750,0.147041,25
0,512,2,ql_share_vals,1,0.261333,0.255167,0.278333,25
0,512,2,cpu_vals,1,0.074833,0.071208,0.078958,25
0,2,256,cpu,1,1.750333,1.725916,1.794875,25
0,2,256,tridiag,1,5.419125,5.406250,5.437750,25
0,2,256,cpu_vals,1,1.073791,1.068167,1.080541,25
0,2,256,tridiag_vals,1,4.586750,4.576834,4.593250,25
0,1,2048,cpu,1,197.398771,197.200657,197.596885,2
0,1,2048,tridiag,1,51.699333,50.894125,52.259042,5
0,1,2048,cpu_vals,1,80.804125,80.782688,80.825562,2
0,1,2048,tridiag_vals,1,35.850208,35.848500,35.882250,5
0,1,2048,band8_vals,1,48.509437,48.413947,48.604926,2
0,1,2048,band_vals,1,36.540166,36.481208,36.738458,5
0,1,2048,band32_vals,1,45.593916,45.416125,46.035042,5
0,1,2048,band,1,51.219125,50.831250,51.891958,5
0,1,8,simd,1,0.285791,0.272416,0.306583,25
0,1,8,tg,1,0.213666,0.157167,0.242375,25
0,1,8,ql,1,0.214292,0.164459,0.237416,25
0,1,8,cpu,1,0.002916,0.002875,0.003875,25
0,1,8,simd_vals,1,0.187750,0.154333,0.226584,25
0,1,8,tg_vals,1,0.170500,0.156500,0.216583,25
0,1,8,ql_vals,1,0.176750,0.155667,0.221625,25
0,1,8,cpu_vals,1,0.002125,0.002083,0.002834,25
0,4096,128,cpu,1,143.070250,141.968917,144.171584,2
0,4096,128,tridiag_batch,1,87.858000,87.650500,88.087542,5
0,4096,128,cpu_vals,1,72.321021,72.108698,72.533344,2
0,4096,128,tridiag_batch_vals,1,47.636541,47.577000,47.846709,5
0,128,512,cpu,1,112.942688,112.666802,113.218573,2
0,128,512,tridiag,1,718.394042,714.213792,722.574292,2
0,128,512,tridiag_batch,1,80.718125,80.677250,80.905958,5
0,128,512,cpu_vals,1,44.940250,44.641959,45.439416,5
0,128,512,tridiag_vals,1,555.061583,552.951729,557.171438,2
0,128,512,tridiag_batch_vals,1,63.354667,63.068896,63.640437,2
0,128,512,band8_vals,1,447.813146,447.696198,447.930094,2
0,128,512,band_vals,1,432.849312,432.453364,433.245260,2
0,128,512,band32_vals,1,624.429312,623.918531,624.940094,2
0,128,512,band,1,75.883584,75.410375,76.790125,5
0,4,12,simd,1,0.637625,0.420458,0.658209,25
0,4,12,tg,1,0.319500,0.283416,0.332375,25
0,4,12,ql,1,0.315625,0.301916,0.362875,25
0,4,12,cpu,1,0.036834,0.026375,0.063459,25
0,4,12,simd_vals,1,0.298208,0.289791,0.304583,25
0,4,12,tg_vals,1,0.254208,0.236166,0.267084,25
0,4,12,ql_vals,1,0.195958,0.173541,0.252417,25
0,4,12,cpu_vals,1,0.017458,0.015667,0.018250,25
0,16,128,cpu,1,1.073958,0.754833,1.110625,25
0,16,128,tridiag,1,21.984833,21.871104,22.098562,2
0,16,128,tridiag_batch,1,1.898875,1.852375,1.922959,25
0,16,128,cpu_vals,1,0.448750,0.443792,0.460125,25
0,16,128,tridiag_vals,1,15.948313,15.924011,15.971562,10
0,16,128,tridiag_batch_vals,1,1.342708,1.295541,1.375333,25
0,4096,8,simd,1,0.479875,0.476875,0.547083,25
0,4096,8,tg,1,0.490708,0.487709,0.550166,25
0,4096,8,ql,1,0.300250,0.290209,0.304208,25
0,4096,8,ql_share,1,0.541500,0.525042,0.599125,25
0,4096,8,cpu,1,0.733833,0.729375,0.785291,25
0,4096,8,simd_vals,1,0.459541,0.427666,0.487333,25
0,4096,8,tg_vals,1,0.476375,0.465292,0.513875,25
0,4096,8,ql_vals,1,0.195334,0.189250,0.203541,25
0,4096,8,ql_share_vals,1,0.468333,0.457166,0.491167,25
0,4096,8,cpu_vals,1,0.405625,0.398333,0.409541,25
0,128,192,cpu,1,11.934417,11.713958,12.085709,13
0,128,192,tridiag,1,261.031834,257.955979,264.107688,2
0,128,192,tridiag_batch,1,9.742917,9.620740,9.827959,16
0,128,192,cpu_vals,1,5.887375,5.752417,6.262166,25
0,128,192,tridiag_vals,1,203.891500,201.444354,206.338645,2
0,128,192,tridiag_batch_vals,1,6.099000,5.795958,6.321500,25
0,2,32,simd,1,1.686375,1.667000,1.728792,25
0,2,32,tg,1,0.336458,0.328084,0.346625,25
0,2,32,block,1,3.257083,3.237166,3.333750,25
0,2,32,ql,1,0.483834,0.453000,0.527792,25
0,2,32,cpu,1,0.041417,0.041083,0.043084,25
0,2,32,simd_vals,1,1.572916,1.550250,1.584125,25
0,2,32,tg_vals,1,0.316917,0.314334,0.331459,25
0,2,32,block_vals,1,3.244250,3.197292,3.267166,25
0,2,32,ql_vals,1,0.260958,0.252458,0.266375,25
0,2,32,cpu_vals,1,0.021250,0.020542,0.021875,25
0,1,12,simd,1,0.242541,0.225917,0.256333,25
0,1,12,tg,1,0.185000,0.177041,0.200167,25
0,1,12,ql,1,0.244625,0.201459,0.266542,25
0,1,12,cpu,1,0.005250,0.005125,0.005750,25
0,1,12,simd_vals,1,0.253666,0.222834,0.261167,25
0,1,12,tg_vals,1,0.238625,0.197500,0.260584,25
0,1,12,ql_vals,1,0.199583,0.165958,0.229041,25
0,1,12,cpu_vals,1,0.003042,0.002958,0.003916,25
0,16,64,tg,1,1.233084,1.228750,1.262709,25
0,16,64,block,1,3.243375,3.204667,3.296375,25
0,16,64,ql,1,1.371500,1.353125,1.410583,25
0,16,64,cpu,1,0.276791,0.271334,0.288750,25
0,16,64,tridiag_batch,1,1.082042,1.013916,1.097833,25
0,16,64,tg_vals,1,1.134333,1.108750,1.144250,25
0,16,64,block_vals,1,3.140958,3.117000,3.160834,25
0,16,64,ql_vals,1,1.118500,1.110291,1.161166,25
0,16,64,cpu_vals,1,0.179084,0.173875,0.186958,25
0,16,64,tridiag_batch_vals,1,0.646250,0.635041,0.652000,25
0,128,2,simd,1,0.133791,0.126916,0.139542,25
0,128,2,tg,1,0.136417,0.129125,0.139792,25
0,128,2,ql,1,0.130000,0.122958,0.135292,25
0,128,2,ql_share,1,0.142250,0.126416,0.163333,25
0,128,2,cpu,1,0.050667,0.047833,0.050917,25
0,128,2,simd_vals,1,0.134542,0.131875,0.143917,25
0,128,2,tg_vals,1,0.135750,0.124917,0.141708,25
0,128,2,ql_vals,1,0.144083,0.139375,0.147750,25
0,128,2,ql_share_vals,1,0.126542,0.123334,0.135583,25
0,128,2,cpu_vals,1,0.024333,0.024042,0.025458,25
0,2,2048,cpu,1,266.030916,265.361187,266.700646,2
0,2,2048,tridiag,1,88.407667,87.912958,88.579958,5
0,2,2048,cpu_vals,1,102.739729,99.529281,105.950177,2
0,2,2048,tridiag_vals,1,69.692042,69.691875,69.927625,5
0,2,2048,band8_vals,1,76.322791,74.281500,76.383250,5
0,2,2048,band_vals,1,59.802041,59.309750,60.025250,5
0,2,2048,band32_vals,1,73.329125,73.015375,73.788833,5
0,2,2048,band,1,102.972625,101.918542,103.007125,5
0,1,512,cpu,1,7.536521,7.392021,7.727729,20
0,1,512,tridiag,1,7.630354,7.521042,7.778542,20
0,1,512,cpu_vals,1,4.215583,4.205167,4.228333,25
0,1,512,tridiag_vals,1,5.103083,5.058208,5.146000,25
0,1,512,band8_vals,1,5.478750,5.433333,5.537084,25
0,1,512,band_vals,1,5.620667,5.519750,5.673000,25
0,1,512,band32_vals,1,7.198917,7.155625,7.658709,21
0,1,512,band,1,6.846542,6.666708,7.074614,22
0,16,96,tg,1,3.625459,3.620333,3.631750,25
0,16,96,block,1,5.024666,4.874583,5.124792,25
0,16,96,cpu,1,0.489125,0.486042,0.494125,25
0,16,96,tridiag_batch,1,1.466875,1.447542,1.517250,25
0,16,96,tg_vals,1,3.294208,3.287750,3.303791,25
0,16,96,block_vals,1,4.671375,4.556333,4.947125,25
0,16,96,cpu_vals,1,0.320666,0.311417,0.338042,25
0,16,96,tridiag_batch_vals,1,1.016875,0.988167,1.028791,25
0,4096,4,simd,1,0.252125,0.230750,0.256500,25
0,4096,4,tg,1,0.259916,0.253792,0.263625,25
0,4096,4,ql,1,0.181667,0.169709,0.190541,25
0,4096,4,ql_share,1,0.463084,0.407959,0.494833,25
0,4096,4,cpu,1,0.327458,0.324458,0.330208,25
0,4096,4,simd_vals,1,0.234583,0.216459,0.245208,25
0,4096,4,tg_vals,1,0.234917,0.225709,0.244125,25
0,4096,4,ql_vals,1,0.158500,0.156833,0.160416,25
0,4096,4,ql_share_vals,1,0.291625,0.284208,0.303667,25
0,4096,4,cpu_vals,1,0.221375,0.217375,0.224958,25
0,16,12,simd,1,0.256792,0.247791,0.273417,25
0,16,12,tg,1,0.190250,0.183042,0.201709,25
0,16,12,ql,1,0.220833,0.208834,0.247959,25
0,16,12,cpu,1,0.080041,0.053208,0.084334,25
0,16,12,simd_vals,1,0.249667,0.231375,0.261583,25
0,16,12,tg_vals,1,0.180917,0.177959,0.200208,25
0,16,12,ql_vals,1,0.167708,0.157292,0.176417,25
0,16,12,cpu_vals,1,0.037417,0.035875,0.037625,25
0,64,24,simd,1,0.799166,0.765542,0.822667,25
0,64,24,tg,1,0.324666,0.316083,0.341625,25
0,64,24,ql,1,0.323208,0.310917,0.332625,25
0,64,24,ql_share,1,0.439000,0.432458,0.447459,25
0,64,24,cpu,1,0.175750,0.173375,0.178917,25
0,64,24,simd_vals,1,0.760875,0.695375,0.766250,25
0,64,24,tg_vals,1,0.305500,0.301542,0.320250,25
0,64,24,ql_vals,1,0.179875,0.172792,0.193167,25
0,64,24,ql_share_vals,1,0.306000,0.297000,0.311875,25
0,64,24,cpu_vals,1,0.124042,0.114375,0.147959,25
0,128,768,cpu,1,287.574584,282.444375,289.706250,5
0,128,768,tridiag_batch,1,238.957750,236.878417,240.422709,5
0,128,768,cpu_vals,1,110.809958,110.530917,111.294333,5
0,128,768,tridiag_batch_vals,1,186.250000,184.120292,188.379708,2
0,16,16,simd,1,0.325417,0.317667,0.341458,25
0,16,16,tg,1,0.207917,0.204250,0.227834,25
0,16,16,ql,1,0.262541,0.249750,0.269375,25
0,16,16,cpu,1,0.126667,0.061375,0.139375,25
0,16,16,simd_vals,1,0.308459,0.294208,0.329042,25
0,16,16,tg_vals,1,0.202541,0.199334,0.218791,25
0,16,16,ql_vals,1,0.169166,0.165792,0.176042,25
0,16,16,cpu_vals,1,0.057500,0.041458,0.057958,25
0,4096,48,tg,1,58.143709,57.921625,58.365792,2
0,4096,48,block,1,83.771688,83.604885,83.938490,2
0,4096,48,ql,1,15.283021,15.269626,15.290844,10
0,4096,48,ql_share,1,10.555853,10.444698,10.717083,14
0,4096,48,cpu,1,21.711438,21.682406,21.740469,2
0,4096,48,tridiag_batch,1,20.614854,20.516302,20.713406,2
0,4096,48,tg_vals,1,50.896375,50.850313,50.942438,2
0,4096,48,block_vals,1,74.795479,74.729906,74.861052,2
0,4096,48,ql_vals,1,11.213229,11.189969,11.247604,14
0,4096,48,ql_share_vals,1,6.207000,6.143625,6.266354,24
0,4096,48,cpu_vals,1,9.583354,9.553323,9.712979,16
0,4096,48,tridiag_batch_vals,1,8.083666,7.882167,8.279875,19
0,64,1024,cpu,1,505.201125,495.294854,515.107396,2
0,64,1024,tridiag,1,844.635250,836.872791,852.397709,2
0,64,1024,tridiag_batch,1,288.960125,277.584917,291.252708,5
0,64,1024,cpu_vals,1,120.411375,119.952292,121.650000,5
0,64,1024,tridiag_vals,1,671.437126,668.545917,674.328334,2
0,64,1024,tridiag_batch_vals,1,211.089125,210.526854,211.651396,2
0,64,1024,band8_vals,1,562.467666,562.188562,562.746771,2
0,64,1024,band_vals,1,526.801041,526.408771,527.193312,2
0,64,1024,band32_vals,1,752.113938,750.874052,753.353823,2
0,64,1024,band,1,222.743750,222.374000,224.550417,5
0,4,8,simd,1,0.164792,0.160750,0.177042,25
0,4,8,tg,1,0.162875,0.159917,0.195042,25
0,4,8,ql,1,0.172708,0.166666,0.179791,25
0,4,8,cpu,1,0.014917,0.014750,0.015375,25
0,4,8,simd_vals,1,0.161625,0.156250,0.195375,25
0,4,8,tg_vals,1,0.161208,0.159708,0.169709,25
0,4,8,ql_vals,1,0.168542,0.145667,0.200291,25
0,4,8,cpu_vals,1,0.013333,0.011334,0.014500,25
0,2,2,simd,1,0.139250,0.131791,0.162833,25
0,2,2,tg,1,0.140959,0.128000,0.151625,25
0,2,2,ql,1,0.146625,0.131459,0.190709,25
0,2,2,cpu,1,0.002833,0.001917,0.003666,25
0,2,2,simd_vals,1,0.149292,0.137875,0.199125,25
0,2,2,tg_vals,1,0.138000,0.133708,0.148167,25
0,2,2,ql_vals,1,0.140500,0.131292,0.168125,25
0,2,2,cpu_vals,1,0.002625,0.001750,0.003166,25
0,4,16,simd,1,0.317792,0.304583,0.333000,25
0,4,16,tg,1,0.215083,0.201500,0.224833,25
0,4,16,ql,1,0.258375,0.252333,0.261291,25
0,4,16,cpu,1,0.019958,0.019625,0.020875,25
0,4,16,simd_vals,1,0.299209,0.291792,0.315542,25
0,4,16,tg_vals,1,0.210584,0.193792,0.232375,25
0,4,16,ql_vals,1,0.172958,0.159791,0.182084,25
0,4,16,cpu_vals,1,0.016041,0.015625,0.016709,25
0,2048,16,simd,1,1.252625,1.230625,1.268084,25
0,2048,16,tg,1,1.237416,1.197375,1.255791,25
0,2048,16,ql,1,0.754416,0.726792,0.768250,25
0,2048,16,ql_share,1,0.805583,0.783833,0.944459,25
0,2048,16,cpu,1,1.294583,1.284292,1.306208,25
0,2048,16,simd_vals,1,1.116208,1.095584,1.127375,25
0,2048,16,tg_vals,1,1.112458,1.085875,1.134542,25
0,2048,16,ql_vals,1,0.292791,0.286500,0.298250,25
0,2048,16,ql_share_vals,1,0.534583,0.525667,0.585666,25
0,2048,16,cpu_vals,1,0.592542,0.572459,0.622459,25
0,1024,192,cpu,1,86.038625,85.348521,86.728729,2
0,1024,192,tridiag_batch,1,54.236334,54.212541,54.737833,5
0,1024,192,cpu_vals,1,45.536459,44.932667,46.573334,5
0,1024,192,tridiag_batch_vals,1,35.128708,34.749375,35.202083,5
0,8,256,cpu,1,2.649917,2.633458,2.677125,25
0,8,256,tridiag,1,21.819167,21.786375,21.851958,2
0,8,256,cpu_vals,1,1.330667,1.320000,1.345458,25
0,8,256,tridiag_vals,1,17.350875,17.323250,17.421208,9
0,2048,2,simd,1,0.145375,0.138083,0.149583,25
0,2048,2,tg,1,0.146208,0.142583,0.157500,25
0,2048,2,ql,1,0.135042,0.129125,0.146458,25
0,2048,2,ql_share,1,0.278625,0.266958,0.288583,25
0,2048,2,cpu,1,0.130292,0.126083,0.152375,25
0,2048,2,simd_vals,1,0.140375,0.134666,0.152250,25
0,2048,2,tg_vals,1,0.144250,0.140250,0.150959,25
0,2048,2,ql_vals,1,0.137916,0.131042,0.148375,25
0,2048,2,ql_share_vals,1,0.281167,0.272291,0.285875,25
0,2048,2,cpu_vals,1,0.083000,0.079916,0.233875,25
0,512,12,simd,1,0.335542,0.326750,0.348875,25
0,512,12,tg,1,0.312459,0.304833,0.328542,25
0,512,12,ql,1,0.254834,0.244250,0.268375,25
0,512,12,ql_share,1,0.414584,0.398292,0.453167,25
0,512,12,cpu,1,0.261334,0.257833,0.265542,25
0,512,12,simd_vals,1,0.308333,0.299416,0.320541,25
0,512,12,tg_vals,1,0.299917,0.289625,0.314916,25
0,512,12,ql_vals,1,0.178875,0.169500,0.198375,25
0,512,12,ql_share_vals,1,0.326541,0.320625,0.339166,25
0,512,12,cpu_vals,1,0.160750,0.158708,0.164917,25
0,256,96,tg,1,36.280500,35.995375,36.565625,2
0,256,96,block,1,18.658917,18.637167,18.695667,9
0,256,96,cpu,1,5.773375,5.650958,6.101916,25
0,256,96,tridiag_batch,1,6.623083,6.224146,6.768167,23
0,256,96,tg_vals,1,32.503042,32.375896,32.630187,2
0,256,96,block_vals,1,17.083666,17.009583,17.155458,9
0,256,96,cpu_vals,1,3.470709,3.037667,3.504459,25
0,256,96,tridiag_batch_vals,1,2.998750,2.941125,3.499167,25
0,2,192,cpu,1,0.989167,0.984750,0.999375,25
0,2,192,tridiag,1,4.038167,3.999250,4.096917,25
0,2,192,cpu_vals,1,0.613583,0.609750,0.620042,25
0,2,192,tridiag_vals,1,3.368416,3.337958,3.412459,25
0,64,768,cpu,1,151.338063,151.221698,151.454427,2
0,64,768,tridiag,1,572.735375,571.700459,573.770292,2
0,64,768,tridiag_batch,1,119.983417,118.896125,120.679458,5
0,64,768,cpu_vals,1,59.080875,58.326792,59.340417,5
0,64,768,tridiag_vals,1,454.764687,453.596698,455.932676,2
0,64,768,tridiag_batch_vals,1,93.673624,93.417395,93.929854,2
0,64,768,band8_vals,1,385.183083,384.695333,385.670833,2
0,64,768,band_vals,1,366.945750,366.932625,366.958875,2
0,64,768,band32_vals,1,531.046563,531.017699,531.075427,2
0,64,768,band,1,109.298292,108.727000,109.513916,5
0,8,24,simd,1,0.761625,0.731709,0.782916,25
0,8,24,tg,1,0.259042,0.245250,0.266208,25
0,8,24,ql,1,0.319500,0.306541,0.336709,25
0,8,24,cpu,1,0.076792,0.061083,0.081083,25
0,8,24,simd_vals,1,0.689042,0.665584,0.719084,25
0,8,24,tg_vals,1,0.260541,0.254208,0.266166,25
0,8,24,ql_vals,1,0.174209,0.172417,0.184417,25
0,8,24,cpu_vals,1,0.038250,0.035666,0.043500,25
0,32,1024,cpu,1,249.714187,249.671323,249.757052,2
0,32,1024,tridiag,1,419.968479,419.214427,420.722531,2
0,32,1024,tridiag_batch,1,116.510500,112.120208,117.162833,5
0,32,1024,cpu_vals,1,66.572958,65.893875,67.182500,5
0,32,1024,tridiag_vals,1,340.567354,337.255323,343.879386,2
0,32,1024,tridiag_batch_vals,1,108.062375,107.761125,108.363625,2
0,32,1024,band8_vals,1,283.104770,282.635156,283.574385,2
0,32,1024,band_vals,1,263.857000,263.699458,264.014542,2
0,32,1024,band32_vals,1,379.004438,378.708490,379.300386,2
0,32,1024,band,1,116.421000,115.155375,116.498917,5
0,512,512,cpu,1,439.298083,438.525417,440.070750,2
0,512,512,tridiag_batch,1,296.675125,296.431250,299.868770,3
0,512,512,cpu_vals,1,182.599542,181.206166,184.823209,5
0,512,512,tridiag_batch_vals,1,227.090875,227.066208,227.890416,5
0,32,512,cpu,1,30.389041,30.354937,30.423146,2
0,32,512,tridiag,1,181.402021,181.044781,181.759261,2
0,32,512,tridiag_batch,1,24.426083,24.238959,24.677750,7
0,32,512,cpu_vals,1,14.035209,13.509083,14.480125,11
0,32,512,tridiag_vals,1,140.676521,140.305261,141.047781,2
0,32,512,tridiag_batch_vals,1,18.729417,18.032667,19.573958,9
0,32,512,band8_vals,1,114.447729,114.257948,114.637510,2
0,32,512,band_vals,1,110.443938,110.369719,110.518156,2
0,32,512,band32_vals,1,158.906709,158.874125,158.939292,2
0,32,512,band,1,22.584000,22.270792,22.768791,7
0,2048,256,cpu,1,324.788770,323.027864,326.549677,2
0,2048,256,tridiag_batch,1,192.483750,191.776417,193.570000,5
0,2048,256,cpu_vals,1,160.343209,158.928292,160.647125,5
0,2048,256,tridiag_batch_vals,1,134.514250,134.276125,134.982000,5
0,1,128,cpu,1,0.482958,0.478583,0.486833,25
0,1,128,tridiag,1,1.650000,1.632458,1.661375,25
0,1,128,cpu_vals,1,0.261250,0.259875,0.263875,25
0,1,128,tridiag_vals,1,1.110834,1.103125,1.116125,25
0,128,256,cpu,1,23.045146,23.000323,23.089968,2
0,128,256,tridiag,1,349.334875,349.180625,349.489125,2
0,128,256,tridiag_batch,1,15.364396,15.187511,15.602438,10
0,128,256,cpu_vals,1,10.952208,10.771990,11.166927,14
0,128,256,tridiag_vals,1,272.030125,271.084229,272.976021,2
0,128,256,tridiag_batch_vals,1,11.739334,11.484625,11.851208,13
0,512,64,tg,1,20.824562,20.597510,21.051615,2
0,512,64,block,1,12.942958,12.850428,12.989854,12
0,512,64,ql,1,6.077667,6.011625,6.094542,25
0,512,64,ql_share,1,4.042833,4.019125,4.089125,25
0,512,64,cpu,1,5.335500,5.128875,5.568708,25
0,512,64,tridiag_batch,1,6.077250,5.787708,6.279625,25
0,512,64,tg_vals,1,17.833875,17.643667,18.206083,9
0,512,64,block_vals,1,12.043958,11.962084,12.104958,13
0,512,64,ql_vals,1,4.080500,4.007292,4.366875,25
0,512,64,ql_share_vals,1,2.172375,2.094417,2.190750,25
0,512,64,cpu_vals,1,2.535416,2.043875,2.617667,25
0,512,64,tridiag_batch_vals,1,2.637333,2.607417,2.705833,25
0,16,4,simd,1,0.138000,0.131000,0.149625,25
0,16,4,tg,1,0.147917,0.135583,0.151917,25
0,16,4,ql,1,0.141208,0.135750,0.152208,25
0,16,4,cpu,1,0.015708,0.015666,0.016416,25
0,16,4,simd_vals,1,0.145625,0.136708,0.153375,25
0,16,4,tg_vals,1,0.146167,0.138917,0.149541,25
0,16,4,ql_vals,1,0.141333,0.132584,0.146208,25
0,16,4,cpu_vals,1,0.009541,0.009500,0.009625,25
0,32,256,cpu,1,6.801417,6.448583,7.006146,23
0,32,256,tridiag,1,87.728417,87.661271,87.795562,2
0,32,256,tridiag_batch,1,6.633542,6.229812,6.718875,23
0,32,256,cpu_vals,1,3.392208,2.915541,3.427500,25
0,32,256,tridiag_vals,1,68.318917,68.263001,68.374833,2
0,32,256,tridiag_batch_vals,1,4.153958,3.973125,4.228167,25
0,4096,96,block,1,296.549980,296.092073,297.007886,2
0,4096,96,cpu,1,82.248687,81.422198,83.075176,2
0,4096,96,tridiag_batch,1,56.878334,56.203542,57.119292,5
0,4096,96,block_vals,1,252.504375,249.800187,255.208563,2
0,4096,96,cpu_vals,1,45.780271,44.270719,47.289823,2
0,4096,96,tridiag_batch_vals,1,26.318376,25.751833,26.459323,6
0,1,24,simd,1,0.768042,0.743500,0.813750,25
0,1,24,tg,1,0.258792,0.247209,0.268709,25
0,1,24,ql,1,0.301459,0.299166,0.314083,25
0,1,24,cpu,1,0.023541,0.023500,0.023666,25
0,1,24,simd_vals,1,0.706625,0.676083,0.753125,25
0,1,24,tg_vals,1,0.259583,0.253916,0.262042,25
0,1,24,ql_vals,1,0.170834,0.168250,0.183708,25
0,1,24,cpu_vals,1,0.008667,0.008625,0.008916,25
0,16,2,simd,1,0.134292,0.127458,0.138750,25
0,16,2,tg,1,0.130250,0.126625,0.141584,25
0,16,2,ql,1,0.135750,0.125167,0.151667,25
0,16,2,cpu,1,0.008583,0.008334,0.008833,25
0,16,2,simd_vals,1,0.144292,0.125542,0.165791,25
0,16,2,tg_vals,1,0.127708,0.125333,0.140333,25
0,16,2,ql_vals,1,0.135709,0.130167,0.141875,25
0,16,2,cpu_vals,1,0.005417,0.005125,0.008709,25
0,128,64,tg,1,6.031041,5.919083,6.090458,25
0,128,64,block,1,5.369375,5.267833,5.451875,25
0,128,64,ql,1,2.488000,2.440667,2.511541,25
0,128,64,ql_share,1,2.632000,2.590375,2.662708,25
0,128,64,cpu,1,1.316375,1.307625,1.328917,25
0,128,64,tridiag_batch,1,1.820125,1.754042,1.889417,25
0,128,64,tg_vals,1,4.711291,4.680542,4.762750,25
0,128,64,block_vals,1,5.128167,5.086292,5.253583,25
0,128,64,ql_vals,1,1.978542,1.973916,1.992500,25
0,128,64,ql_share_vals,1,2.087667,2.068625,2.117333,25
0,128,64,cpu_vals,1,0.617625,0.586500,0.630167,25
0,128,64,tridiag_batch_vals,1,0.971542,0.947042,1.052167,25
0,2,16,simd,1,0.313334,0.304834,0.325208,25
0,2,16,tg,1,0.209292,0.198916,0.236417,25
0,2,16,ql,1,0.260917,0.252959,0.266125,25
0,2,16,cpu,1,0.019750,0.019083,0.021375,25
0,2,16,simd_vals,1,0.301042,0.289250,0.311583,25
0,2,16,tg_vals,1,0.202708,0.195208,0.212125,25
0,2,16,ql_vals,1,0.173791,0.159917,0.198875,25
0,2,16,cpu_vals,1,0.009916,0.009584,0.010208,25
0,16,192,cpu,1,2.291834,1.870833,2.351667,25
0,16,192,tridiag,1,32.242792,32.173792,32.311792,2
0,16,192,tridiag_batch,1,3.094750,3.029791,3.408417,25
0,16,192,cpu_vals,1,1.225958,0.859917,1.266500,25
0,16,192,tridiag_vals,1,25.199708,25.193813,25.205604,2
0,16,192,tridiag_batch_vals,1,2.170042,2.099125,2.220000,25
0,2048,48,tg,1,29.846542,29.774459,29.918625,2
0,2048,48,block,1,43.803646,43.796615,43.810677,2
0,2048,48,ql,1,8.071708,8.048646,8.098333,19
0,2048,48,ql_share,1,6.041187,5.915104,6.487969,24
0,2048,48,cpu,1,11.370750,11.292614,11.415219,14
0,2048,48,tridiag_batch,1,11.588875,11.359167,12.042333,13
0,2048,48,tg_vals,1,25.785646,25.757802,25.813489,2
0,2048,48,block_vals,1,39.510438,39.468177,39.552699,2
0,2048,48,ql_vals,1,5.974042,5.940291,5.998375,25
0,2048,48,ql_share_vals,1,3.383333,3.354375,3.407750,25
0,2048,48,cpu_vals,1,5.166917,4.931459,5.337375,25
0,2048,48,tridiag_batch_vals,1,4.716208,4.669542,5.242750,25
0,2,384,cpu,1,3.511542,3.464916,3.547583,25
0,2,384,tridiag,1,8.451605,8.430000,8.489541,18
0,2,384,cpu_vals,1,2.431375,2.426125,2.443250,25
0,2,384,tridiag_vals,1,7.429666,7.377875,7.472083,21
0,1,3072,cpu,1,628.729270,628.602718,628.855823,2
0,1,3072,tridiag,1,124.120542,122.527209,124.255584,5
0,1,3072,cpu_vals,1,210.317313,210.168052,210.466573,2
0,1,3072,tridiag_vals,1,89.410875,89.178417,89.522000,5
0,1,3072,band8_vals,1,97.862459,97.743667,97.981250,2
0,1,3072,band_vals,1,69.164166,68.978792,69.226375,5
0,1,3072,band32_vals,1,79.595000,79.329834,79.843959,5
0,1,3072,band,1,103.413500,102.077000,104.131458,5
0,512,96,tg,1,71.289854,71.250844,71.328864,2
0,512,96,block,1,37.668833,37.585541,37.752125,2
0,512,96,cpu,1,11.272542,11.155917,11.343489,14
0,512,96,tridiag_batch,1,9.832479,9.611885,10.185948,16
0,512,96,tg_vals,1,63.090938,62.504303,63.677573,2
0,512,96,block_vals,1,30.897834,30.811271,30.984396,2
0,512,96,cpu_vals,1,6.048208,5.948125,6.308959,25
0,512,96,tridiag_batch_vals,1,4.740334,4.559750,4.998333,25
0,64,16,simd,1,0.317917,0.312208,0.324667,25
0,64,16,tg,1,0.220000,0.211083,0.232209,25
0,64,16,ql,1,0.257125,0.252666,0.265458,25
0,64,16,ql_share,1,0.366584,0.360042,0.378917,25
0,64,16,cpu,1,0.122959,0.118208,0.126542,25
0,64,16,simd_vals,1,0.301250,0.298334,0.305333,25
0,64,16,tg_vals,1,0.213167,0.207500,0.217250,25
0,64,16,ql_vals,1,0.171542,0.169875,0.175709,25
0,64,16,ql_share_vals,1,0.277084,0.270541,0.288042,25
0,64,16,cpu_vals,1,0.077792,0.071209,0.187291,25
0,1,3584,cpu,1,1084.827313,1083.635344,1086.019281,2
0,1,3584,tridiag,1,188.525417,183.813875,191.995875,5
0,1,3584,cpu_vals,1,310.739854,310.735365,310.744344,2
0,1,3584,tridiag_vals,1,142.647229,138.688906,146.605552,2
0,1,3584,band8_vals,1,152.267896,151.553427,152.982364,2
0,1,3584,band_vals,1,97.013792,96.963708,97.067500,5
0,1,3584,band32_vals,1,100.877167,100.782333,101.004958,5
0,1,3584,band,1,147.321916,145.941917,150.595791,5
0,256,64,tg,1,10.741958,10.592469,11.228584,14
0,256,64,block,1,8.373916,8.195125,8.519156,18
0,256,64,ql,1,3.966125,3.926250,4.053375,25
0,256,64,ql_share,1,2.898875,2.841792,2.982000,25
0,256,64,cpu,1,3.070416,2.596375,3.159791,25
0,256,64,tridiag_batch,1,3.581625,3.155500,3.773916,25
0,256,64,tg_vals,1,9.487291,9.332416,9.737437,16
0,256,64,block_vals,1,8.226583,8.134249,8.292124,19
0,256,64,ql_vals,1,3.097834,3.026667,3.168917,25
0,256,64,ql_share_vals,1,2.361500,2.259416,2.600083,25
0,256,64,cpu_vals,1,1.126709,1.087250,1.678833,25
0,256,64,tridiag_batch_vals,1,1.494333,1.472750,1.556000,25
0,1,1536,cpu,1,81.869751,81.677417,82.062084,2
0,1,1536,tridiag,1,31.722583,31.559875,31.742666,5
0,1,1536,cpu_vals,1,43.074813,43.064656,43.084969,2
0,1,1536,tridiag_vals,1,21.682125,21.629083,21.863229,7
0,1,1536,band8_vals,1,26.532750,26.453229,26.659927,6
0,1,1536,band_vals,1,21.597833,21.400937,22.073813,7
0,1,1536,band32_vals,1,27.156854,27.043302,27.897469,6
0,1,1536,band,1,30.735500,30.297750,31.319584,5
0,1,2560,cpu,1,314.270521,313.440094,315.100948,2
0,1,2560,tridiag,1,80.886459,80.512042,81.098875,5
0,1,2560,cpu_vals,1,133.772709,133.754604,133.790813,2
0,1,2560,tridiag_vals,1,58.301042,58.279292,58.312917,5
0,1,2560,band8_vals,1,69.018937,69.017844,69.020031,2
0,1,2560,band_vals,1,49.884167,49.482125,50.018000,5
0,1,2560,band32_vals,1,60.203917,60.039792,60.303375,5
0,1,2560,band,1,72.202166,72.186291,72.580334,5
0,1,192,cpu,1,1.034000,1.019041,1.042084,25
0,1,192,tridiag,1,2.432500,2.421250,2.480125,25
0,1,192,cpu_vals,1,0.581833,0.579666,0.588125,25
0,1,192,tridiag_vals,1,1.782958,1.780167,1.802125,25
0,32,2,simd,1,0.136708,0.130250,0.144334,25
0,32,2,tg,1,0.135125,0.129500,0.146750,25
0,32,2,ql,1,0.133958,0.126459,0.147625,25
0,32,2,cpu,1,0.014667,0.014292,0.015375,25
0,32,2,simd_vals,1,0.136250,0.124375,0.147542,25
0,32,2,tg_vals,1,0.136584,0.131583,0.143291,25
0,32,2,ql_vals,1,0.131625,0.129958,0.135250,25
0,32,2,cpu_vals,1,0.009375,0.008792,0.009500,25
0,32,128,cpu,1,1.439750,1.430208,1.453041,25
0,32,128,tridiag,1,43.523770,43.498448,43.549093,2
0,32,128,tridiag_batch,1,2.244625,2.205917,2.279833,25
0,32,128,cpu_vals,1,0.735625,0.726542,0.752750,25
0,32,128,tridiag_vals,1,32.002167,31.930708,32.073625,2
0,32,128,tridiag_batch_vals,1,1.492708,1.474000,1.565416,25
0,1024,384,cpu,1,388.426854,388.002864,388.850843,2
0,1024,384,tridiag_batch,1,260.019458,257.454125,265.291750,5
0,1024,384,cpu_vals,1,242.518042,217.126333,274.261417,5
0,1024,384,tridiag_batch_vals,1,209.052375,206.920791,212.739875,5
0,4,128,cpu,1,0.775500,0.771416,0.780125,25
0,4,128,tridiag,1,6.946854,6.849521,7.008052,22
0,4,128,cpu_vals,1,0.431083,0.428834,0.435667,25
0,4,128,tridiag_vals,1,4.928042,4.866167,5.017958,25
0,256,12,simd,1,0.261875,0.256500,0.269750,25
0,256,12,tg,1,0.282791,0.261500,0.296708,25
0,256,12,ql,1,0.244584,0.231167,0.269792,25
0,256,12,ql_share,1,0.397250,0.377917,0.405417,25
0,256,12,cpu,1,0.176625,0.172375,0.186583,25
0,256,12,simd_vals,1,0.254083,0.246917,0.271000,25
0,256,12,tg_vals,1,0.257459,0.244292,0.283084,25
0,256,12,ql_vals,1,0.189042,0.172917,0.219500,25
0,256,12,ql_share_vals,1,0.313542,0.305875,0.318083,25
0,256,12,cpu_vals,1,0.122041,0.119875,0.126333,25
0,2,1536,cpu,1,86.735333,86.251229,87.219437,2
0,2,1536,tridiag,1,52.249667,51.968708,52.370041,5
0,2,1536,cpu_vals,1,54.160084,53.966334,54.353834,2
0,2,1536,tridiag_vals,1,41.554917,41.402333,41.558333,5
0,2,1536,band8_vals,1,42.815416,42.719166,43.058833,5
0,2,1536,band_vals,1,37.780542,37.618667,38.119625,5
0,2,1536,band32_vals,1,47.037042,46.908125,47.404250,5
0,2,1536,band,1,61.244834,60.849750,61.639750,5
0,16,1024,cpu,1,126.489291,125.565500,127.413083,2
0,16,1024,tridiag,1,215.927771,214.558948,217.296593,2
0,16,1024,tridiag_batch,1,67.171875,67.060667,68.117500,5
0,16,1024,cpu_vals,1,38.933166,37.704916,40.791958,5
0,16,1024,tridiag_vals,1,168.798520,168.141489,169.455552,2
0,16,1024,tridiag_batch_vals,1,59.307896,59.228906,59.386885,2
0,16,1024,band8_vals,1,144.916521,144.326990,145.506053,2
0,16,1024,band_vals,1,134.250229,133.740948,134.759511,2
0,16,1024,band32_vals,1,191.744895,191.599073,191.890718,2
0,16,1024,band,1,67.927250,67.378417,71.183292,5
0,64,48,tg,1,1.637208,1.614250,1.657542,25
0,64,48,block,1,4.548375,4.395250,4.621250,25
0,64,48,ql,1,0.960250,0.915833,0.981083,25
0,64,48,ql_share,1,1.081833,1.026542,1.104084,25
0,64,48,cpu,1,0.438917,0.436250,0.447416,25
0,64,48,tridiag_batch,1,1.233792,1.188750,1.283666,25
0,64,48,tg_vals,1,1.493042,1.475833,1.512250,25
0,64,48,block_vals,1,4.115625,3.981458,4.270833,25
0,64,48,ql_vals,1,0.786250,0.766583,0.818542,25
0,64,48,ql_share_vals,1,0.901208,0.885250,0.951125,25
0,64,48,cpu_vals,1,0.246959,0.240958,0.255167,25
0,64,48,tridiag_batch_vals,1,0.611709,0.598292,0.632375,25
0,4096,32,simd,1,23.296354,23.237844,23.354864,2
0,4096,32,tg,1,19.085521,18.757375,19.300448,8
0,4096,32,block,1,20.414187,20.196230,20.599740,8
0,4096,32,ql,1,4.947291,4.879375,5.057250,25
0,4096,32,ql_share,1,4.338125,4.280083,4.408000,25
0,4096,32,cpu,1,10.337834,10.023188,10.537542,15
0,4096,32,simd_vals,1,17.425083,17.236167,17.634959,9
0,4096,32,tg_vals,1,18.005500,17.837291,18.339417,9
0,4096,32,block_vals,1,19.814291,19.766875,19.831302,8
0,4096,32,ql_vals,1,1.271208,1.263167,1.287500,25
0,4096,32,ql_share_vals,1,1.709584,1.672166,1.822875,25
0,4096,32,cpu_vals,1,3.565500,3.522583,3.930417,25
0,2048,4,simd,1,0.221167,0.208750,0.228083,25
0,2048,4,tg,1,0.224334,0.213000,0.233083,25
0,2048,4,ql,1,0.177584,0.169250,0.197708,25
0,2048,4,ql_share,1,0.332750,0.324375,0.347667,25
0,2048,4,cpu,1,0.216375,0.212416,0.218375,25
0,2048,4,simd_vals,1,0.211084,0.201125,0.231083,25
0,2048,4,tg_vals,1,0.234916,0.213209,0.241208,25
0,2048,4,ql_vals,1,0.170042,0.153167,0.180333,25
0,2048,4,ql_share_vals,1,0.305459,0.295417,0.315917,25
0,2048,4,cpu_vals,1,0.158959,0.151541,0.162292,25
0,256,32,simd,1,2.074708,2.059041,2.118375,25
0,256,32,tg,1,1.709041,1.681000,1.747000,25
0,256,32,block,1,3.759291,3.710208,3.792667,25
0,256,32,ql,1,0.548792,0.531500,0.561333,25
0,256,32,ql_share,1,0.658250,0.652625,0.688375,25
0,256,32,cpu,1,0.660250,0.643583,0.683958,25
0,256,32,simd_vals,1,1.820417,1.783375,1.835292,25
0,256,32,tg_vals,1,1.490208,1.473291,1.522959,25
0,256,32,block_vals,1,3.611666,3.531167,3.736125,25
0,256,32,ql_vals,1,0.255875,0.231750,0.264375,25
0,256,32,ql_share_vals,1,0.390292,0.384125,0.409959,25
0,256,32,cpu_vals,1,0.298125,0.294875,0.305000,25
0,1,4,simd,1,0.175958,0.151542,0.221458,25
0,1,4,tg,1,0.185500,0.163541,0.248208,25
0,1,4,ql,1,0.167667,0.153625,0.201583,25
0,1,4,cpu,1,0.001625,0.001625,0.002208,25
0,1,4,simd_vals,1,0.148334,0.146000,0.171042,25
0,1,4,tg_vals,1,0.177875,0.156000,0.244625,25
0,1,4,ql_vals,1,0.156375,0.142667,0.213917,25
0,1,4,cpu_vals,1,0.001584,0.001542,0.001750,25
0,16,24,simd,1,0.808625,0.787250,0.842292,25
0,16,24,tg,1,0.256083,0.251375,0.267208,25
0,16,24,ql,1,0.330334,0.319459,0.343791,25
0,16,24,cpu,1,0.102542,0.090292,0.236500,25
0,16,24,simd_vals,1,0.744209,0.721792,0.770375,25
0,16,24,tg_vals,1,0.255667,0.252416,0.264334,25
0,16,24,ql_vals,1,0.200000,0.180125,0.216250,25
0,16,24,cpu_vals,1,0.049209,0.046625,0.073625,25
0,64,256,tg,1,427.335251,427.249334,427.421167,2
0,64,256,block,1,73.661396,73.153282,74.169511,2
0,64,256,cpu,1,12.125208,11.860791,12.231708,13
0,64,256,tridiag,1,175.678959,174.766313,176.591604,2
0,64,256,tridiag_batch,1,9.216667,8.984625,9.435291,17
0,64,256,tg_vals,1,258.292896,257.273157,259.312635,2
0,64,256,block_vals,1,58.623771,58.578844,58.668698,2
0,64,256,cpu_vals,1,5.522958,5.468917,5.587125,25
0,64,256,tridiag_vals,1,143.700646,143.528907,143.872386,2
0,64,256,tridiag_batch_vals,1,6.813334,6.514791,7.147312,22
0,8,192,cpu,1,1.435958,1.423791,1.456500,25
0,8,192,tridiag,1,16.050083,16.007771,16.086198,10
0,8,192,cpu_vals,1,0.753250,0.749500,0.775209,25
0,8,192,tridiag_vals,1,12.700730,12.616563,12.725062,12
0,1024,16,simd,1,0.850667,0.808875,0.861667,25
0,1024,16,tg,1,0.772792,0.725917,0.827875,25
0,1024,16,ql,1,0.429667,0.426000,0.434459,25
0,1024,16,ql_share,1,0.699000,0.673625,0.759625,25
0,1024,16,cpu,1,0.673875,0.624542,0.683709,25
0,1024,16,simd_vals,1,0.749375,0.732417,0.783417,25
0,1024,16,tg_vals,1,0.680208,0.669417,0.754709,25
0,1024,16,ql_vals,1,0.242291,0.222583,0.260375,25
0,1024,16,ql_share_vals,1,0.389167,0.370916,0.529458,25
0,1024,16,cpu_vals,1,0.326334,0.322875,0.332292,25
0,8,64,tg,1,1.226750,1.218041,1.237000,25
0,8,64,block,1,3.155833,3.127000,3.197500,25
0,8,64,ql,1,1.339958,1.319375,1.352416,25
0,8,64,cpu,1,0.252542,0.249042,0.294292,25
0,8,64,tg_vals,1,1.128584,1.098541,1.145291,25
0,8,64,block_vals,1,3.104083,3.064250,3.143833,25
0,8,64,ql_vals,1,1.111250,1.090375,1.125334,25
0,8,64,cpu_vals,1,0.125583,0.121833,0.144958,25
0,4096,192,cpu,1,347.621291,338.168458,357.074125,2
0,4096,192,tridiag_batch,1,229.429542,225.508500,236.271708,5
0,4096,192,cpu_vals,1,195.456396,182.509219,208.403573,2
0,4096,192,tridiag_batch_vals,1,135.946584,135.622083,136.967167,5
0,4096,12,simd,1,1.410875,1.378125,1.434166,25
0,4096,12,tg,1,1.409291,1.375917,1.444375,25
0,4096,12,ql,1,0.862917,0.841791,0.875667,25
0,4096,12,ql_share,1,0.981584,0.960125,1.020625,25
0,4096,12,cpu,1,1.780416,1.759791,1.792250,25
0,4096,12,simd_vals,1,1.234459,1.210375,1.272250,25
0,4096,12,tg_vals,1,1.257958,1.225625,1.295750,25
0,4096,12,ql_vals,1,0.411208,0.401833,0.431917,25
0,4096,12,ql_share_vals,1,0.633791,0.610083,0.649833,25
0,4096,12,cpu_vals,1,0.832250,0.828917,0.835584,25
0,64,2,simd,1,0.154333,0.139917,0.159750,25
0,64,2,tg,1,0.151542,0.140791,0.162541,25
0,64,2,ql,1,0.150916,0.137417,0.158875,25
0,64,2,ql_share,1,0.163291,0.149625,0.172375,25
0,64,2,cpu,1,0.044958,0.044583,0.045084,25
0,64,2,simd_vals,1,0.147000,0.142792,0.159834,25
0,64,2,tg_vals,1,0.160083,0.147459,0.173959,25
0,64,2,ql_vals,1,0.159875,0.145583,0.181084,25
0,64,2,ql_share_vals,1,0.160375,0.156459,0.170000,25
0,64,2,cpu_vals,1,0.025042,0.024917,0.025875,25
0,32,24,simd,1,0.777125,0.745125,0.806083,25
0,32,24,tg,1,0.275334,0.270791,0.306208,25
0,32,24,ql,1,0.342583,0.330000,0.351000,25
0,32,24,cpu,1,0.153500,0.149542,0.546584,25
0,32,24,simd_vals,1,0.713750,0.678708,0.742209,25
0,32,24,tg_vals,1,0.260792,0.253584,0.266625,25
0,32,24,ql_vals,1,0.186833,0.177292,0.208583,25
0,32,24,cpu_vals,1,0.111708,0.101375,0.270209,25
0,16,768,cpu,1,41.926833,40.867000,42.874958,5
0,16,768,tridiag,1,148.893292,148.494250,149.292333,2
0,16,768,tridiag_batch,1,38.202709,38.096167,38.774000,5
0,16,768,cpu_vals,1,21.030354,20.065563,21.261438,8
0,16,768,tridiag_vals,1,117.869541,115.844375,119.894708,2
0,16,768,tridiag_batch_vals,1,26.944583,26.417437,27.471729,2
0,16,768,band8_vals,1,98.036687,97.842448,98.230927,2
0,16,768,band_vals,1,94.041521,93.975782,94.107260,2
0,16,768,band32_vals,1,135.021437,134.971344,135.071531,2
0,16,768,band,1,36.523167,36.267625,36.579167,5
0,1024,8,simd,1,0.243750,0.229041,0.260417,25
0,1024,8,tg,1,0.234791,0.225209,0.253708,25
0,1024,8,ql,1,0.189541,0.179000,0.195708,25
0,1024,8,ql_share,1,0.346125,0.342125,0.366292,25
0,1024,8,cpu,1,0.256584,0.252666,0.260833,25
0,1024,8,simd_vals,1,0.223083,0.217500,0.231458,25
0,1024,8,tg_vals,1,0.220333,0.215166,0.246125,25
0,1024,8,ql_vals,1,0.156000,0.150708,0.164709,25
0,1024,8,ql_share_vals,1,0.297625,0.295042,0.315541,25
0,1024,8,cpu_vals,1,0.169041,0.167834,0.172333,25
0,64,96,tg,1,11.386250,11.217573,11.530875,14
0,64,96,block,1,8.191291,8.171729,8.267688,19
0,64,96,cpu,1,1.560834,1.535500,1.568500,25
0,64,96,tridiag_batch,1,2.374834,2.310750,2.442375,25
0,64,96,tg_vals,1,10.614667,10.549646,10.703042,15
0,64,96,block_vals,1,7.969583,7.859229,8.025437,19
0,64,96,cpu_vals,1,0.859959,0.843417,0.874167,25
0,64,96,tridiag_batch_vals,1,1.331041,1.289958,1.374125,25
0,16,512,cpu,1,16.384729,16.257896,16.537896,10
0,16,512,tridiag,1,90.463041,90.361916,90.564166,2
0,16,512,tridiag_batch,1,15.385625,14.852625,15.475343,10
0,16,512,cpu_vals,1,7.468709,7.279250,7.678792,21
0,16,512,tridiag_vals,1,70.511625,70.478625,70.544625,2
0,16,512,tridiag_batch_vals,1,10.787500,10.009011,11.809552,14
0,16,512,band8_vals,1,58.618708,58.561979,58.675437,2
0,16,512,band_vals,1,56.240750,56.164188,56.317312,2
0,16,512,band32_vals,1,80.693167,80.558542,80.827792,2
0,16,512,band,1,15.334250,15.197625,15.431615,10
0,4,64,tg,1,1.213375,1.178625,1.221209,25
0,4,64,block,1,3.174959,3.130875,3.194667,25
0,4,64,ql,1,1.325583,1.316500,1.332125,25
0,4,64,cpu,1,0.153416,0.151125,0.158875,25
0,4,64,tg_vals,1,1.124958,1.099792,1.139208,25
0,4,64,block_vals,1,3.116292,3.077875,3.140417,25
0,4,64,ql_vals,1,1.087292,1.071291,1.099750,25
0,4,64,cpu_vals,1,0.068417,0.067041,0.073333,25
0,1024,64,tg,1,40.217605,40.193469,40.241740,2
0,1024,64,block,1,24.949229,24.831364,25.067094,2
0,1024,64,ql,1,11.679583,11.513125,11.721750,13
0,1024,64,ql_share,1,6.398438,6.367719,6.446896,24
0,1024,64,cpu,1,9.962041,9.504385,10.391281,16
0,1024,64,tridiag_batch,1,10.080000,9.653583,10.385781,16
0,1024,64,tg_vals,1,34.553771,34.440344,34.667198,2
0,1024,64,block_vals,1,21.819750,21.745687,21.893812,2
0,1024,64,ql_vals,1,8.492417,8.461178,8.502823,18
0,1024,64,ql_share_vals,1,4.119416,3.383333,4.152750,25
0,1024,64,cpu_vals,1,4.643041,4.373375,4.699041,25
0,1024,64,tridiag_batch_vals,1,4.076791,4.054000,4.173375,25
0,1024,4,simd,1,0.177959,0.160750,0.201708,25
0,1024,4,tg,1,0.164959,0.157500,0.171541,25
0,1024,4,ql,1,0.154417,0.144542,0.168334,25
0,1024,4,ql_share,1,0.317000,0.308666,0.329625,25
0,1024,4,cpu,1,0.145209,0.139959,0.149500,25
0,1024,4,simd_vals,1,0.163959,0.156833,0.172083,25
0,1024,4,tg_vals,1,0.165625,0.155541,0.176541,25
0,1024,4,ql_vals,1,0.146583,0.140500,0.155833,25
0,1024,4,ql_share_vals,1,0.300458,0.288375,0.307625,25
0,1024,4,cpu_vals,1,0.117500,0.114458,0.122250,25
0,128,128,cpu,1,5.457083,5.231041,5.673458,25
0,128,128,tridiag,1,180.189666,178.026167,182.353166,2
0,128,128,tridiag_batch,1,5.614041,5.220542,5.817708,25
0,128,128,cpu_vals,1,3.075250,2.619125,3.104083,25
0,128,128,tridiag_vals,1,131.973062,129.397406,134.548719,2
0,128,128,tridiag_batch_vals,1,2.910458,2.855917,3.093083,25
0,256,4,simd,1,0.146958,0.142875,0.153959,25
0,256,4,tg,1,0.150250,0.145041,0.163375,25
0,256,4,ql,1,0.150833,0.139375,0.162292,25
0,256,4,ql_share,1,0.260083,0.255583,0.275250,25
0,256,4,cpu,1,0.119708,0.069125,0.209625,25
0,256,4,simd_vals,1,0.141583,0.137125,0.153750,25
0,256,4,tg_vals,1,0.145708,0.141875,0.154167,25
0,256,4,ql_vals,1,0.140875,0.129958,0.146916,25
0,256,4,ql_share_vals,1,0.236500,0.210083,0.253583,25
0,256,4,cpu_vals,1,0.110750,0.057250,0.116958,25
0,4,256,cpu,1,1.978459,1.944791,2.038833,25
0,4,256,tridiag,1,10.857312,10.806427,10.900239,14
0,4,256,cpu_vals,1,1.137250,1.127959,1.142125,25
0,4,256,tridiag_vals,1,8.831292,8.804042,8.859708,17
0,8,128,cpu,1,0.634375,0.629375,0.653583,25
0,8,128,tridiag,1,10.869563,10.838948,10.909833,14
0,8,128,cpu_vals,1,0.414875,0.406375,0.420333,25
0,8,128,tridiag_vals,1,8.102000,8.073916,8.118167,19
0,8,96,tg,1,3.608000,3.586458,3.620625,25
0,8,96,block,1,4.892542,4.707042,4.996875,25
0,8,96,cpu,1,0.398333,0.376959,0.428542,25
0,8,96,tg_vals,1,3.316792,3.311666,3.320166,25
0,8,96,block_vals,1,4.734750,4.515625,4.821459,25
0,8,96,cpu_vals,1,0.276542,0.270000,0.338708,25
0,64,12,simd,1,0.257208,0.245125,0.272584,25
0,64,12,tg,1,0.193125,0.182583,0.202166,25
0,64,12,ql,1,0.208125,0.204792,0.224250,25
0,64,12,ql_share,1,0.315459,0.309167,0.323125,25
0,64,12,cpu,1,0.106125,0.094833,0.278042,25
0,64,12,simd_vals,1,0.256042,0.244166,0.263583,25
0,64,12,tg_vals,1,0.190375,0.184250,0.197500,25
0,64,12,ql_vals,1,0.162042,0.153417,0.173834,25
0,64,12,ql_share_vals,1,0.181459,0.134500,0.256834,25
0,64,12,cpu_vals,1,0.137625,0.062084,0.141833,25
0,512,24,simd,1,1.415000,1.398958,1.419791,25
0,512,24,tg,1,1.153917,1.146875,1.161000,25
0,512,24,ql,1,0.550542,0.546833,0.559167,25
0,512,24,ql_share,1,0.835666,0.811917,0.871333,25
0,512,24,cpu,1,0.799875,0.782334,0.815708,25
0,512,24,simd_vals,1,1.277208,1.268334,1.282125,25
0,512,24,tg_vals,1,1.030042,1.014250,1.042167,25
0,512,24,ql_vals,1,0.245875,0.233084,0.257625,25
0,512,24,ql_share_vals,1,0.563083,0.419333,0.591916,25
0,512,24,cpu_vals,1,0.331167,0.327625,0.336625,25
0,256,768,cpu,1,622.121875,620.555958,670.948146,3
0,256,768,tridiag_batch,1,515.272500,513.629354,516.606813,3
0,256,768,cpu_vals,1,254.196917,233.912959,277.982625,3
0,256,768,tridiag_batch_vals,1,398.525750,394.709292,402.342209,2
0,4,512,cpu,1,9.504854,9.409468,9.703666,16
0,4,512,tridiag,1,26.031917,25.323208,26.740625,2
0,4,512,cpu_vals,1,5.597500,5.522625,5.931042,25
0,4,512,tridiag_vals,1,18.264209,18.244916,18.374291,9
0,4,512,band8_vals,1,16.166083,16.123948,16.300010,10
0,4,512,band_vals,1,15.505271,15.443104,15.598094,10
0,4,512,band32_vals,1,22.428771,22.079531,22.778011,2
0,4,512,band,1,8.797230,8.544562,8.958167,18
0,2048,192,cpu,1,171.445375,168.984770,173.905979,2
0,2048,192,tridiag_batch,1,117.982500,109.772833,118.378833,5
0,2048,192,cpu_vals,1,108.390708,107.936916,115.626042,5
0,2048,192,tridiag_batch_vals,1,72.761625,72.329541,72.819000,5
0,32,32,simd,1,1.704208,1.688958,1.720750,25
0,32,32,tg,1,0.413042,0.404042,0.429958,25
0,32,32,block,1,2.760625,2.725333,2.814542,25
0,32,32,ql,1,0.432000,0.420417,0.442375,25
0,32,32,cpu,1,0.197083,0.189083,0.220125,25
0,32,32,simd_vals,1,1.567750,1.550000,1.574834,25
0,32,32,tg_vals,1,0.402334,0.376375,0.409250,25
0,32,32,block_vals,1,2.710125,2.615625,2.773167,25
0,32,32,ql_vals,1,0.194667,0.186833,0.197667,25
0,32,32,cpu_vals,1,0.151500,0.121417,0.174167,25
0,128,384,cpu,1,55.788354,53.821094,57.755615,2
0,128,384,tridiag,1,535.174479,534.812365,535.536594,2
0,128,384,tridiag_batch,1,38.539875,38.393792,38.778791,5
0,128,384,cpu_vals,1,24.233459,24.184625,24.438916,7
0,128,384,tridiag_vals,1,417.302166,416.654604,417.949729,2
0,128,384,tridiag_batch_vals,1,30.212750,30.178666,30.474292,5
0,1024,256,cpu,1,163.487895,163.024614,163.951177,2
0,1024,256,tridiag_batch,1,99.030042,98.979833,99.197167,5
0,1024,256,cpu_vals,1,94.180583,89.849083,98.100292,5
0,1024,256,tridiag_batch_vals,1,72.845000,72.335125,73.046792,5
0,4,1024,cpu,1,64.032917,59.786751,68.279083,2
0,4,1024,tridiag,1,54.011729,53.866323,54.157135,2
0,4,1024,cpu_vals,1,22.029709,22.014083,22.473104,7
0,4,1024,tridiag_vals,1,42.989146,42.968073,43.010219,2
0,4,1024,band8_vals,1,40.302813,40.137552,40.468073,2
0,4,1024,band_vals,1,37.562687,37.490364,37.635010,2
0,4,1024,band32_vals,1,51.589666,51.522208,51.657125,2
0,4,1024,band,1,28.843250,28.671407,29.215438,6
0,512,16,simd,1,0.510084,0.506042,0.531791,25
0,512,16,tg,1,0.437292,0.430875,0.461375,25
0,512,16,ql,1,0.294417,0.289375,0.308083,25
0,512,16,ql_share,1,0.484625,0.460542,0.694459,25
0,512,16,cpu,1,0.388750,0.384750,0.393417,25
0,512,16,simd_vals,1,0.501500,0.472833,0.508334,25
0,512,16,tg_vals,1,0.445167,0.410583,0.475250,25
0,512,16,ql_vals,1,0.190833,0.180166,0.206208,25
0,512,16,ql_share_vals,1,0.342583,0.334375,0.359375,25
0,512,16,cpu_vals,1,0.215958,0.207667,0.227875,25
0,4,384,cpu,1,4.225250,4.179750,4.247375,25
0,4,384,tridiag,1,16.684083,16.642875,16.753875,9
0,4,384,cpu_vals,1,2.584500,2.575083,2.595875,25
0,4,384,tridiag_vals,1,13.864500,13.842875,13.885666,11
0,4,192,cpu,1,1.133000,1.119958,1.152125,25
0,4,192,tridiag,1,8.042000,8.018479,8.070188,19
0,4,192,cpu_vals,1,0.620083,0.618250,0.627875,25
0,4,192,tridiag_vals,1,6.464604,6.421260,6.495687,24
0,64,512,cpu,1,58.019604,57.495385,58.543822,2
0,64,512,tridiag,1,360.895708,360.329917,361.461500,2
0,64,512,tridiag_batch,1,42.801791,42.638458,42.818000,5
0,64,512,cpu_vals,1,23.541333,23.269958,23.807021,7
0,64,512,tridiag_vals,1,279.368270,278.829406,279.907135,2
0,64,512,tridiag_batch_vals,1,35.734979,35.627572,35.842386,2
0,64,512,band8_vals,1,226.700917,226.423500,226.978333,2
0,64,512,band_vals,1,219.492166,219.364104,219.620229,2
0,64,512,band32_vals,1,315.552229,315.389218,315.715239,2
0,64,512,band,1,41.576333,41.471417,41.677916,5
0,1024,128,cpu,1,38.181104,37.927302,38.434906,2
0,1024,128,tridiag_batch,1,24.441500,24.224396,24.669313,7
0,1024,128,cpu_vals,1,20.284729,20.036084,20.444375,8
0,1024,128,tridiag_batch_vals,1,13.079937,12.965000,13.370281,12
0,16,32,simd,1,1.710292,1.695208,1.720709,25
0,16,32,tg,1,0.336208,0.331792,0.348375,25
0,16,32,block,1,2.690625,2.659000,2.718959,25
0,16,32,ql,1,0.455750,0.425166,0.468375,25
0,16,32,cpu,1,0.143667,0.138167,0.170042,25
0,16,32,simd_vals,1,1.566875,1.541041,1.579375,25
0,16,32,tg_vals,1,0.327500,0.320208,0.329625,25
0,16,32,block_vals,1,2.689000,2.644291,2.726708,25
0,16,32,ql_vals,1,0.188208,0.182042,0.193333,25
0,16,32,cpu_vals,1,0.112375,0.060916,0.182000,25
0,512,256,cpu,1,89.969042,89.755979,90.182105,2
0,512,256,tridiag_batch,1,51.045792,50.901000,51.354417,5
0,512,256,cpu_vals,1,41.691125,41.564042,41.808375,5
0,512,256,tridiag_batch_vals,1,36.855375,36.421875,37.620167,5
0,256,8,simd,1,0.168042,0.164583,0.177791,25
0,256,8,tg,1,0.168042,0.165500,0.174458,25
0,256,8,ql,1,0.175333,0.168791,0.180959,25
0,256,8,ql_share,1,0.309416,0.300791,0.313334,25
0,256,8,cpu,1,0.122083,0.118167,0.131709,25
0,256,8,simd_vals,1,0.161792,0.156542,0.169042,25
0,256,8,tg_vals,1,0.165000,0.158125,0.167917,25
0,256,8,ql_vals,1,0.152791,0.150500,0.156291,25
0,256,8,ql_share_vals,1,0.257833,0.253208,0.264083,25
0,256,8,cpu_vals,1,0.102458,0.086750,0.253875,25
0,8,512,cpu,1,13.009438,12.875844,13.134334,12
0,8,512,tridiag,1,45.444437,45.432802,45.456073,2
0,8,512,cpu_vals,1,5.714792,5.623375,6.136583,25
0,8,512,tridiag_vals,1,35.584708,35.576833,35.592583,2
0,8,512,band8_vals,1,30.331625,30.310979,30.352271,2
0,8,512,band_vals,1,28.947854,28.922677,28.973032,2
0,8,512,band32_vals,1,41.637812,41.596947,41.678677,2
0,8,512,band,1,11.113729,10.938834,11.213062,14
0,512,384,cpu,1,205.401895,204.048218,206.755573,2
0,512,384,tridiag_batch,1,141.046750,140.658750,144.573625,5
0,512,384,cpu_vals,1,107.832541,99.726042,113.224833,5
0,512,384,tridiag_batch_vals,1,109.236209,107.288833,109.908833,5
0,8,2,simd,1,0.134917,0.131166,0.140042,25
0,8,2,tg,1,0.137875,0.134209,0.143583,25
0,8,2,ql,1,0.147042,0.130666,0.169875,25
0,8,2,cpu,1,0.012166,0.007542,0.017833,25
0,8,2,simd_vals,1,0.135833,0.129500,0.138667,25
0,8,2,tg_vals,1,0.134875,0.127333,0.140000,25
0,8,2,ql_vals,1,0.127334,0.125791,0.130375,25
0,8,2,cpu_vals,1,0.008000,0.003750,0.014208,25
0,4096,256,cpu,1,740.560813,689.237615,791.884011,2
0,4096,256,tridiag_batch,1,373.273541,369.430750,402.569062,3
0,4096,256,cpu_vals,1,370.102834,343.810042,389.716896,3
0,4096,256,tridiag_batch_vals,1,262.446208,259.897208,268.099708,5
0,128,1024,cpu,1,1176.143500,1101.912479,1250.374521,2
0,128,1024,tridiag_batch,1,585.474750,582.497000,595.698583,3
0,128,1024,cpu_vals,1,252.907083,229.096916,288.266198,4
0,128,1024,tridiag_batch_vals,1,451.904646,448.330532,455.478760,2
0,128,48,tg,1,2.557625,2.541625,2.623292,25
0,128,48,block,1,5.652417,5.606500,5.813416,25
0,128,48,ql,1,0.961792,0.932000,0.973541,25
0,128,48,ql_share,1,1.037750,1.018250,1.069417,25
0,128,48,cpu,1,0.802500,0.793791,0.842209,25
0,128,48,tridiag_batch,1,1.510750,1.452000,1.565333,25
0,128,48,tg_vals,1,2.370875,2.342458,2.415542,25
0,128,48,block_vals,1,5.525375,5.392083,5.623084,25
0,128,48,ql_vals,1,0.809417,0.754292,0.834833,25
0,128,48,ql_share_vals,1,0.922959,0.874000,0.956583,25
0,128,48,cpu_vals,1,0.384958,0.382084,0.389875,25
0,128,48,tridiag_batch_vals,1,0.720000,0.704667,0.731417,25
0,2048,96,tg,1,320.815500,318.144813,323.486188,2
0,2048,96,block,1,169.373917,168.324562,170.423271,2
0,2048,96,cpu,1,43.048854,42.766573,43.331135,2
0,2048,96,tridiag_batch,1,30.369583,30.354375,30.825375,5
0,2048,96,tg_vals,1,267.722562,263.127198,272.317926,2
0,2048,96,block_vals,1,139.355999,137.581854,141.130145,2
0,2048,96,cpu_vals,1,23.308000,23.192709,23.423291,2
0,2048,96,tridiag_batch_vals,1,15.755187,15.465854,16.018146,10
0,1,2,simd,1,0.132125,0.129041,0.158542,25
0,1,2,tg,1,0.148750,0.137500,0.195917,25
0,1,2,ql,1,0.176583,0.139083,0.241083,25
0,1,2,cpu,1,0.001167,0.001166,0.001209,25
0,1,2,simd_vals,1,0.148500,0.145208,0.192167,25
0,1,2,tg_vals,1,0.146041,0.137750,0.154291,25
0,1,2,ql_vals,1,0.150500,0.137958,0.186167,25
0,1,2,cpu_vals,1,0.001208,0.001167,0.001250,25
0,2,1024,cpu,1,35.890604,35.411240,36.369968,2
0,2,1024,tridiag,1,28.311292,28.181614,28.489500,6
0,2,1024,cpu_vals,1,20.207125,19.356604,21.051844,8
0,2,1024,tridiag_vals,1,22.098208,22.083042,22.161500,7
0,2,1024,band8_vals,1,23.118084,23.003417,23.362729,7
0,2,1024,band_vals,1,21.930875,21.508313,22.130875,7
0,2,1024,band32_vals,1,28.201229,28.167781,28.234677,2
0,2,1024,band,1,22.656917,22.326812,22.894666,7
0,4,24,simd,1,0.772250,0.749834,0.814791,25
0,4,24,tg,1,0.252542,0.248084,0.261167,25
0,4,24,ql,1,0.309500,0.304125,0.323917,25
0,4,24,cpu,1,0.033833,0.033084,0.036916,25
0,4,24,simd_vals,1,0.692459,0.680459,0.755500,25
0,4,24,tg_vals,1,0.256625,0.250792,0.266708,25
0,4,24,ql_vals,1,0.176333,0.174500,0.179666,25
0,4,24,cpu_vals,1,0.019000,0.018750,0.019958,25
0,1024,512,cpu,1,886.640333,860.802625,912.478042,2
0,1024,512,tridiag_batch,1,581.775125,577.622916,587.825271,3
0,1024,512,cpu_vals,1,339.717209,337.577334,363.629542,3
0,1024,512,tridiag_batch_vals,1,444.549813,442.591219,446.508406,2
0,8,16,simd,1,0.307125,0.302667,0.321000,25
0,8,16,tg,1,0.204666,0.200083,0.218583,25
0,8,16,ql,1,0.246709,0.243208,0.278667,25
0,8,16,cpu,1,0.034542,0.032875,0.044250,25
0,8,16,simd_vals,1,0.291000,0.286583,0.294333,25
0,8,16,tg_vals,1,0.202959,0.198167,0.208334,25
0,8,16,ql_vals,1,0.172666,0.166500,0.195875,25
0,8,16,cpu_vals,1,0.024750,0.022875,0.027792,25
0,2048,32,simd,1,11.044229,10.911395,11.300229,14
0,2048,32,tg,1,8.734395,8.668136,8.870208,18
0,2048,32,block,1,10.441750,10.386292,10.476146,15
0,2048,32,ql,1,2.306875,2.279833,2.360000,25
0,2048,32,ql_share,1,2.233250,2.209458,2.303667,25
0,2048,32,cpu,1,4.992042,4.739459,5.069792,25
0,2048,32,simd_vals,1,7.879208,7.842063,7.935979,19
0,2048,32,tg_vals,1,7.824834,7.766334,7.891323,20
0,2048,32,block_vals,1,9.885708,9.770802,10.010386,16
0,2048,32,ql_vals,1,0.728667,0.697708,0.750958,25
0,2048,32,ql_share_vals,1,0.952250,0.939583,0.986625,25
0,2048,32,cpu_vals,1,2.085750,1.764583,2.208375,25
0,1024,2,simd,1,0.149417,0.135500,0.163750,25
0,1024,2,tg,1,0.154292,0.141208,0.163625,25
0,1024,2,ql,1,0.148709,0.140125,0.165459,25
0,1024,2,ql_share,1,0.273208,0.266542,0.279708,25
0,1024,2,cpu,1,0.107208,0.092125,0.256834,25
0,1024,2,simd_vals,1,0.155167,0.144375,0.175667,25
0,1024,2,tg_vals,1,0.151333,0.142791,0.165000,25
0,1024,2,ql_vals,1,0.154042,0.136833,0.161916,25
0,1024,2,ql_share_vals,1,0.270584,0.257834,0.288292,25
0,1024,2,cpu_vals,1,0.153500,0.105791,0.156750,25
0,1024,24,simd,1,2.309833,2.271791,2.356583,25
0,1024,24,tg,1,2.107000,2.046625,2.143625,25
0,1024,24,ql,1,0.906209,0.872500,0.922083,25
0,1024,24,ql_share,1,0.906625,0.886583,0.916792,25
0,1024,24,cpu,1,1.492042,1.486875,1.516000,25
0,1024,24,simd_vals,1,2.067500,2.024042,2.132083,25
0,1024,24,tg_vals,1,1.886458,1.850750,1.930250,25
0,1024,24,ql_vals,1,0.324084,0.315208,0.345334,25
0,1024,24,ql_share_vals,1,0.589917,0.577000,0.621708,25
0,1024,24,cpu_vals,1,0.557750,0.549916,0.573083,25
0,1,4096,cpu,1,2290.136124,2288.743666,2291.528583,2
0,1,4096,tridiag,1,280.138229,275.404697,284.871761,2
0,1,4096,cpu_vals,1,475.926854,475.864782,475.988927,2
0,1,4096,tridiag_vals,1,209.182938,205.908115,212.457761,2
0,1,4096,band8_vals,1,200.119083,200.095645,200.142520,2
0,1,4096,band_vals,1,129.224000,129.173208,129.321875,5
0,1,4096,band32_vals,1,126.860000,126.323750,127.252041,5
0,1,4096,band,1,206.566417,206.189541,207.530458,5
0,1,256,tg,1,54.945291,54.937771,54.952812,2
0,1,256,block,1,11.641834,11.592625,11.706459,13
0,1,256,cpu,1,1.826834,1.731666,1.923791,25
0,1,256,tridiag,1,3.263333,3.233000,3.298250,25
0,1,256,tg_vals,1,54.170563,54.150156,54.190969,2
0,1,256,block_vals,1,11.271812,11.161782,11.307105,14
0,1,256,cpu_vals,1,1.048292,1.043500,1.059250,25
0,1,256,tridiag_vals,1,2.503416,2.489458,2.529709,25
0,128,96,tg,1,19.517187,19.320719,19.809010,8
0,128,96,block,1,11.096271,11.016240,11.156375,14
0,128,96,cpu,1,3.363583,2.950375,3.435083,25
0,128,96,tridiag_batch,1,3.918542,3.857833,4.052042,25
0,128,96,tg_vals,1,17.349583,17.132958,17.414958,9
0,128,96,block_vals,1,10.311667,10.218500,10.375937,15
0,128,96,cpu_vals,1,2.057667,1.598708,2.125834,25
0,128,96,tridiag_batch_vals,1,1.713917,1.671583,1.749416,25
0,4096,16,simd,1,2.186791,2.169375,2.231708,25
0,4096,16,tg,1,2.202000,2.184917,2.235042,25
0,4096,16,ql,1,1.126083,1.061292,1.162625,25
0,4096,16,ql_share,1,1.202958,1.191416,1.236666,25
0,4096,16,cpu,1,2.856208,2.523750,2.979583,25
0,4096,16,simd_vals,1,1.931500,1.913375,1.954708,25
0,4096,16,tg_vals,1,1.946917,1.931333,1.986667,25
0,4096,16,ql_vals,1,0.422834,0.413291,0.460625,25
0,4096,16,ql_share_vals,1,0.686541,0.660958,0.740083,25
0,4096,16,cpu_vals,1,1.082875,1.076542,1.605542,25
0,8,12,simd,1,0.239208,0.232208,0.253750,25
0,8,12,tg,1,0.188375,0.181916,0.199375,25
0,8,12,ql,1,0.214000,0.199792,0.234791,25
0,8,12,cpu,1,0.031750,0.028458,0.038167,25
0,8,12,simd_vals,1,0.226875,0.223459,0.239667,25
0,8,12,tg_vals,1,0.181500,0.176375,0.189541,25
0,8,12,ql_vals,1,0.151333,0.150125,0.156208,25
0,8,12,cpu_vals,1,0.018125,0.018083,0.018209,25
0,2,64,tg,1,1.200208,1.184250,1.219916,25
0,2,64,block,1,3.124583,3.106417,3.154833,25
0,2,64,ql,1,1.312375,1.289750,1.323334,25
0,2,64,cpu,1,0.151125,0.148292,0.158667,25
0,2,64,tg_vals,1,1.135041,1.105667,1.148000,25
0,2,64,block_vals,1,3.033916,3.010208,3.097042,25
0,2,64,ql_vals,1,1.085208,1.063750,1.093750,25
0,2,64,cpu_vals,1,0.064916,0.064125,0.069250,25
0,1,96,tg,1,3.602583,3.583041,3.612125,25
0,1,96,block,1,4.714750,4.544291,4.795083,25
0,1,96,cpu,1,0.277375,0.273667,0.284250,25
0,1,96,tg_vals,1,3.285708,3.267792,3.292167,25
0,1,96,block_vals,1,4.469958,4.425625,4.674625,25
0,1,96,cpu_vals,1,0.141208,0.141000,0.143916,25
0,512,48,tg,1,7.945292,7.874958,8.048291,19
0,512,48,block,1,12.028375,11.930792,12.078667,13
0,512,48,ql,1,2.344917,2.306000,2.380417,25
0,512,48,ql_share,1,1.898875,1.855750,1.988084,25
0,512,48,cpu,1,3.433750,3.350541,3.465875,25
0,512,48,tridiag_batch,1,4.327417,3.976833,4.447417,25
0,512,48,tg_vals,1,7.063375,6.974114,7.176812,22
0,512,48,block_vals,1,11.213083,11.187583,11.383833,14
0,512,48,ql_vals,1,1.770375,1.759417,1.792708,25
0,512,48,ql_share_vals,1,1.573166,1.535084,1.630042,25
0,512,48,cpu_vals,1,1.808250,1.265708,1.886166,25
0,512,48,tridiag_batch_vals,1,1.740708,1.702916,1.802791,25
0,16,256,cpu,1,3.432500,3.379875,3.868500,25
0,16,256,tridiag,1,43.860250,43.770145,43.950354,2
0,16,256,tridiag_batch,1,4.499500,4.468875,4.541750,25
0,16,256,cpu_vals,1,2.063459,1.793542,2.788541,25
0,16,256,tridiag_vals,1,34.441291,34.362521,34.520062,2
0,16,256,tridiag_batch_vals,1,3.151958,3.084958,3.357292,25
0,1,32,simd,1,1.488625,1.473834,1.506125,25
0,1,32,tg,1,0.304292,0.298709,0.318625,25
0,1,32,block,1,2.517083,2.410875,2.705666,25
0,1,32,ql,1,0.414458,0.408250,0.455917,25
0,1,32,cpu,1,0.035334,0.028708,0.035625,25
0,1,32,simd_vals,1,1.380667,1.367416,1.393834,25
0,1,32,tg_vals,1,0.295125,0.287250,0.306584,25
0,1,32,block_vals,1,2.579875,2.426166,2.680042,25
0,1,32,ql_vals,1,0.223083,0.188125,0.250625,25
0,1,32,cpu_vals,1,0.011625,0.011584,0.012458,25
0,32,96,tg,1,5.744958,5.723958,5.784541,25
0,32,96,block,1,5.255584,5.121916,5.377292,25
0,32,96,cpu,1,0.822042,0.816750,0.837916,25
0,32,96,tridiag_batch,1,1.699458,1.667792,1.756166,25
0,32,96,tg_vals,1,4.941000,4.913458,4.972375,25
0,32,96,block_vals,1,5.191250,5.046709,5.240125,25
0,32,96,cpu_vals,1,0.503333,0.498583,0.512875,25
0,32,96,tridiag_batch_vals,1,1.090792,1.041250,1.108708,25
0,32,768,cpu,1,79.326083,78.494875,79.372750,5
0,32,768,tridiag,1,293.748104,291.908802,295.587406,2
0,32,768,tridiag_batch,1,64.914667,64.351208,65.637708,5
0,32,768,cpu_vals,1,31.524959,31.380375,31.656125,5
0,32,768,tridiag_vals,1,227.981458,227.543021,228.419896,2
0,32,768,tridiag_batch_vals,1,48.074604,47.916427,48.232782,2
0,32,768,band8_vals,1,197.319646,195.573677,199.065614,2
0,32,768,band_vals,1,186.314083,185.694583,186.933583,2
0,32,768,band32_vals,1,270.613792,269.272917,271.954667,2
0,32,768,band,1,65.738708,65.413417,67.939084,5
0,2,24,simd,1,0.762542,0.739000,0.781292,25
0,2,24,tg,1,0.262833,0.254209,0.265875,25
0,2,24,ql,1,0.298083,0.296583,0.310583,25
0,2,24,cpu,1,0.037667,0.037334,0.039291,25
0,2,24,simd_vals,1,0.695042,0.664292,0.733250,25
0,2,24,tg_vals,1,0.247542,0.238792,0.261917,25
0,2,24,ql_vals,1,0.178875,0.167292,0.188500,25
0,2,24,cpu_vals,1,0.022291,0.022000,0.022792,25
0,2048,24,simd,1,3.801958,3.785125,3.836334,25
0,2048,24,tg,1,3.717292,3.686542,3.733500,25
0,2048,24,ql,1,1.445667,1.395916,1.452792,25
0,2048,24,ql_share,1,1.479125,1.472167,1.491209,25
0,2048,24,cpu,1,3.278500,2.987916,3.384334,25
0,2048,24,simd_vals,1,3.290709,3.260458,3.334709,25
0,2048,24,tg_vals,1,3.276792,3.256958,3.313792,25
0,2048,24,ql_vals,1,0.479292,0.462375,0.496458,25
0,2048,24,ql_share_vals,1,0.721833,0.699416,0.746042,25
0,2048,24,cpu_vals,1,1.661291,1.604916,1.684208,25
0,128,4,simd,1,0.142250,0.135541,0.153042,25
0,128,4,tg,1,0.145584,0.136084,0.153167,25
0,128,4,ql,1,0.146417,0.140416,0.157459,25
0,128,4,ql_share,1,0.246625,0.242000,0.251458,25
0,128,4,cpu,1,0.113958,0.052792,0.115917,25
0,128,4,simd_vals,1,0.140792,0.132500,0.149250,25
0,128,4,tg_vals,1,0.144042,0.138042,0.150000,25
0,128,4,ql_vals,1,0.138125,0.132667,0.142792,25
0,128,4,ql_share_vals,1,0.203125,0.153833,0.214834,25
0,128,4,cpu_vals,1,0.064167,0.063291,0.066333,25
0,16,48,tg,1,0.702000,0.669500,0.729208,25
0,16,48,block,1,3.180083,3.140500,3.241250,25
0,16,48,ql,1,0.852958,0.839750,0.885917,25
0,16,48,cpu,1,0.199125,0.195000,0.209250,25
0,16,48,tridiag_batch,1,0.827042,0.820417,0.863625,25
0,16,48,tg_vals,1,0.681500,0.641000,0.714125,25
0,16,48,block_vals,1,3.134667,3.077000,3.171250,25
0,16,48,ql_vals,1,0.748750,0.730375,0.786250,25
0,16,48,cpu_vals,1,0.144291,0.138875,0.148625,25
0,16,48,tridiag_batch_vals,1,0.494917,0.478792,0.571833,25
0,16,384,cpu,1,7.964583,7.901812,8.230438,19
0,16,384,tridiag,1,67.260208,67.119000,67.401416,2
0,16,384,tridiag_batch,1,8.835542,8.801791,9.229667,17
0,16,384,cpu_vals,1,4.147917,3.786125,4.177459,25
0,16,384,tridiag_vals,1,52.847104,52.809365,52.884844,2
0,16,384,tridiag_batch_vals,1,6.727833,6.484916,7.092230,23
0,16,8,simd,1,0.167542,0.159041,0.188583,25
0,16,8,tg,1,0.156666,0.152625,0.166917,25
0,16,8,ql,1,0.160167,0.156875,0.207375,25
0,16,8,cpu,1,0.037667,0.037459,0.040958,25
0,16,8,simd_vals,1,0.154000,0.146625,0.174291,25
0,16,8,tg_vals,1,0.154333,0.148542,0.167750,25
0,16,8,ql_vals,1,0.143000,0.137291,0.156833,25
0,16,8,cpu_vals,1,0.020542,0.020500,0.020791,25
0,2,768,cpu,1,15.853396,15.580604,16.101250,10
0,2,768,tridiag,1,19.441167,19.101739,19.764781,8
0,2,768,cpu_vals,1,10.270917,10.231938,10.420104,15
0,2,768,tridiag_vals,1,15.205146,15.166105,15.285042,10
0,2,768,band8_vals,1,15.672104,15.589833,15.826479,10
0,2,768,band_vals,1,15.025542,14.865250,15.116834,11
0,2,768,band32_vals,1,20.124104,20.007625,20.221937,8
0,2,768,band,1,12.831604,12.342438,12.911666,12
0,32,384,cpu,1,14.684500,14.653625,14.976729,11
0,32,384,tridiag,1,135.721688,135.122469,136.320906,2
0,32,384,tridiag_batch,1,13.839333,13.753459,14.225104,11
0,32,384,cpu_vals,1,7.228667,7.187959,7.658250,21
0,32,384,tridiag_vals,1,105.583354,105.201386,105.965323,2
0,32,384,tridiag_batch_vals,1,10.743167,10.424479,11.066489,14
0,1024,12,simd,1,0.474250,0.456375,0.489375,25
0,1024,12,tg,1,0.465583,0.458166,0.477417,25
0,1024,12,ql,1,0.322625,0.305791,0.326083,25
0,1024,12,ql_share,1,0.634833,0.595125,0.656125,25
0,1024,12,cpu,1,0.422708,0.406208,0.434625,25
0,1024,12,simd_vals,1,0.451708,0.423708,0.484833,25
0,1024,12,tg_vals,1,0.412584,0.402792,0.448875,25
0,1024,12,ql_vals,1,0.200292,0.197250,0.215791,25
0,1024,12,ql_share_vals,1,0.332542,0.325667,0.340792,25
0,1024,12,cpu_vals,1,0.246250,0.243583,0.252416,25
0,8,384,cpu,1,6.252458,6.078031,6.402052,24
0,8,384,tridiag,1,33.714146,33.710115,33.718178,2
0,8,384,cpu_vals,1,3.160125,3.091041,3.586042,25
0,8,384,tridiag_vals,1,26.928354,26.904240,26.952469,2
0,8,8,simd,1,0.161083,0.154084,0.174667,25
0,8,8,tg,1,0.161916,0.153291,0.176583,25
0,8,8,ql,1,0.170625,0.160583,0.176375,25
0,8,8,cpu,1,0.020750,0.018625,0.024458,25
0,8,8,simd_vals,1,0.157667,0.150750,0.168167,25
0,8,8,tg_vals,1,0.154000,0.150791,0.167250,25
0,8,8,ql_vals,1,0.148750,0.140208,0.163417,25
0,8,8,cpu_vals,1,0.011583,0.010792,0.018083,25
0,2,128,cpu,1,0.526584,0.521833,0.533584,25
0,2,128,tridiag,1,2.731167,2.687750,2.768083,25
0,2,128,cpu_vals,1,0.285125,0.284000,0.287209,25
0,2,128,tridiag_vals,1,2.112833,2.103875,2.117542,25
0,256,48,tg,1,4.261167,4.172500,4.345209,25
0,256,48,block,1,7.413000,7.308709,7.445208,21
0,256,48,ql,1,1.595250,1.588458,1.603500,25
0,256,48,ql_share,1,0.994542,0.988167,1.005417,25
0,256,48,cpu,1,1.497667,1.445917,1.533875,25
0,256,48,tridiag_batch,1,2.146458,2.108334,2.179625,25
0,256,48,tg_vals,1,3.733416,3.701958,3.783417,25
0,256,48,block_vals,1,7.069792,7.005052,7.126937,22
0,256,48,ql_vals,1,1.246334,1.227458,1.253791,25
0,256,48,ql_share_vals,1,0.853667,0.809625,0.894708,25
0,256,48,cpu_vals,1,0.688958,0.678875,0.700792,25
0,256,48,tridiag_batch_vals,1,1.053542,0.986583,1.106333,25
0,1,1024,cpu,1,33.104708,32.857541,33.351875,2
0,1,1024,tridiag,1,17.580250,17.016708,17.699083,9
0,1,1024,cpu_vals,1,18.240584,18.216833,18.300542,9
0,1,1024,tridiag_vals,1,11.714500,11.675833,11.749125,13
0,1,1024,band8_vals,1,13.956083,13.810854,14.063937,11
0,1,1024,band_vals,1,12.455375,12.287740,12.728604,12
0,1,1024,band32_vals,1,16.537000,16.470157,16.685958,10
0,1,1024,band,1,17.052834,16.619500,17.238333,9
0,8,48,tg,1,0.684916,0.667583,0.728125,25
0,8,48,block,1,3.137667,3.097500,3.176750,25
0,8,48,ql,1,0.859500,0.837167,0.877875,25
0,8,48,cpu,1,0.189791,0.186500,0.191584,25
0,8,48,tg_vals,1,0.693375,0.656125,0.716084,25
0,8,48,block_vals,1,3.085209,3.046625,3.161167,25
0,8,48,ql_vals,1,0.727792,0.689792,0.774084,25
0,8,48,cpu_vals,1,0.088958,0.088416,0.093000,25
0,4096,2,simd,1,0.157417,0.150875,0.171125,25
0,4096,2,tg,1,0.164500,0.151417,0.177542,25
0,4096,2,ql,1,0.146792,0.132791,0.156917,25
0,4096,2,ql_share,1,0.311291,0.293792,0.332458,25
0,4096,2,cpu,1,0.183917,0.181708,0.187333,25
0,4096,2,simd_vals,1,0.148958,0.140917,0.160333,25
0,4096,2,tg_vals,1,0.152209,0.150625,0.172209,25
0,4096,2,ql_vals,1,0.138042,0.132959,0.154417,25
0,4096,2,ql_share_vals,1,0.279792,0.275125,0.288125,25
0,4096,2,cpu_vals,1,0.126584,0.120583,0.130417,25
0,8,32,simd,1,1.710791,1.691250,1.725125,25
0,8,32,tg,1,0.331000,0.324125,0.342750,25
0,8,32,block,1,2.689625,2.655708,2.741750,25
0,8,32,ql,1,0.413500,0.407084,0.426625,25
0,8,32,cpu,1,0.077417,0.074083,0.084875,25
0,8,32,simd_vals,1,1.572500,1.540667,1.588666,25
0,8,32,tg_vals,1,0.322542,0.316792,0.332041,25
0,8,32,block_vals,1,2.608833,2.555542,2.671166,25
0,8,32,ql_vals,1,0.187166,0.182667,0.193333,25
0,8,32,cpu_vals,1,0.046917,0.042834,0.049375,25
0,4096,24,simd,1,7.245667,7.178208,7.381708,21
0,4096,24,tg,1,7.104104,7.057676,7.153166,22
0,4096,24,ql,1,2.552625,2.533167,2.634167,25
0,4096,24,ql_share,1,2.420834,2.364709,2.469333,25
0,4096,24,cpu,1,5.815500,5.737125,5.994208,25
0,4096,24,simd_vals,1,6.324813,6.282157,6.367750,24
0,4096,24,tg_vals,1,6.387271,6.339302,6.443073,24
0,4096,24,ql_vals,1,0.824167,0.796334,0.855500,25
0,4096,24,ql_share_vals,1,1.076959,1.025417,1.128500,25
0,4096,24,cpu_vals,1,2.366125,2.081042,2.501833,25
0,32,16,simd,1,0.308583,0.306416,0.323167,25
0,32,16,tg,1,0.212875,0.201792,0.225917,25
0,32,16,ql,1,0.261666,0.246375,0.271208,25
0,32,16,cpu,1,0.088000,0.077792,0.265417,25
0,32,16,simd_vals,1,0.299500,0.293167,0.303791,25
0,32,16,tg_vals,1,0.203875,0.196250,0.221000,25
0,32,16,ql_vals,1,0.170000,0.161875,0.182542,25
0,32,16,cpu_vals,1,0.109708,0.107917,0.115458,25
0,2048,384,cpu,1,809.877687,785.286219,834.469156,2
0,2048,384,tridiag_batch,1,535.262916,530.049520,537.682395,3
0,2048,384,cpu_vals,1,355.409500,352.718604,368.438604,3
0,2048,384,tridiag_batch_vals,1,398.085917,397.225334,402.730000,3
0,32,48,tg,1,0.949459,0.920708,0.960500,25
0,32,48,block,1,3.254625,3.169375,3.273750,25
0,32,48,ql,1,0.871041,0.839959,0.881417,25
0,32,48,cpu,1,0.287334,0.284208,0.293417,25
0,32,48,tridiag_batch,1,0.895791,0.879042,0.938625,25
0,32,48,tg_vals,1,0.857708,0.835583,0.889375,25
0,32,48,block_vals,1,3.164167,3.138250,3.200625,25
0,32,48,ql_vals,1,0.739583,0.708250,0.779625,25
0,32,48,cpu_vals,1,0.167417,0.164333,0.185958,25
0,32,48,tridiag_batch_vals,1,0.522125,0.517000,0.558208,25
0,32,8,simd,1,0.158833,0.151875,0.173334,25
0,32,8,tg,1,0.159459,0.148625,0.171833,25
0,32,8,ql,1,0.178125,0.161334,0.203542,25
0,32,8,cpu,1,0.075958,0.046417,0.079625,25
0,32,8,simd_vals,1,0.162375,0.156667,0.167084,25
0,32,8,tg_vals,1,0.160042,0.153625,0.172125,25
0,32,8,ql_vals,1,0.149958,0.144917,0.155875,25
0,32,8,cpu_vals,1,0.042667,0.040333,0.045583,25
0,128,24,simd,1,0.803875,0.756459,0.816917,25
0,128,24,tg,1,0.440458,0.427167,0.463541,25
0,128,24,ql,1,0.322458,0.314292,0.339750,25
0,128,24,ql_share,1,0.446417,0.435459,0.454875,25
0,128,24,cpu,1,0.268959,0.263667,0.275958,25
0,128,24,simd_vals,1,0.737916,0.696541,0.772541,25
0,128,24,tg_vals,1,0.446542,0.394125,0.476000,25
0,128,24,ql_vals,1,0.192084,0.178500,0.205333,25
0,128,24,ql_share_vals,1,0.297000,0.290625,0.304916,25
0,128,24,cpu_vals,1,0.155375,0.151041,0.166416,25
0,1,384,cpu,1,3.540042,3.520292,3.658625,25
0,1,384,tridiag,1,5.225333,5.180667,5.320167,25
0,1,384,cpu_vals,1,2.384292,2.375959,2.401042,25
0,1,384,tridiag_vals,1,4.115917,4.092125,4.201959,25
0,128,16,simd,1,0.387292,0.349875,0.407083,25
0,128,16,tg,1,0.245542,0.235792,0.260042,25
0,128,16,ql,1,0.261916,0.252792,0.269125,25
0,128,16,ql_share,1,0.374750,0.369416,0.380000,25
0,128,16,cpu,1,0.160750,0.157708,0.163625,25
0,128,16,simd_vals,1,0.302084,0.297583,0.309042,25
0,128,16,tg_vals,1,0.245792,0.226667,0.259542,25
0,128,16,ql_vals,1,0.168000,0.163334,0.184917,25
0,128,16,ql_share_vals,1,0.291208,0.288375,0.301958,25
0,128,16,cpu_vals,1,0.117375,0.105792,0.169833,25
0,64,384,cpu,1,27.248041,27.076656,27.584615,6
0,64,384,tridiag,1,270.068062,269.520656,270.615469,2
0,64,384,tridiag_batch,1,24.468209,24.236604,24.710750,7
0,64,384,cpu_vals,1,13.117250,12.957302,13.337167,12
0,64,384,tridiag_vals,1,209.332854,208.822177,209.843532,2
0,64,384,tridiag_batch_vals,1,20.408187,20.220719,20.595656,2
0,4,96,tg,1,3.616833,3.590917,3.627625,25
0,4,96,block,1,4.839417,4.736334,4.894208,25
0,4,96,cpu,1,0.320792,0.317208,0.323667,25
0,4,96,tg_vals,1,3.291375,3.271584,3.303500,25
0,4,96,block_vals,1,4.645083,4.459833,4.788625,25
0,4,96,cpu_vals,1,0.177167,0.175791,0.179875,25
0,512,4,simd,1,0.144500,0.140959,0.152292,25
0,512,4,tg,1,0.152625,0.149958,0.156958,25
0,512,4,ql,1,0.150834,0.145916,0.157792,25
0,512,4,ql_share,1,0.298834,0.286542,0.310250,25
0,512,4,cpu,1,0.182291,0.106625,0.409625,25
0,512,4,simd_vals,1,0.149208,0.142792,0.153708,25
0,512,4,tg_vals,1,0.149958,0.148834,0.155834,25
0,512,4,ql_vals,1,0.140417,0.135667,0.148250,25
0,512,4,ql_share_vals,1,0.282458,0.278208,0.292000,25
0,512,4,cpu_vals,1,0.137542,0.076959,0.223375,25
0,4,4,simd,1,0.141584,0.138834,0.145042,25
0,4,4,tg,1,0.148625,0.145292,0.153042,25
0,4,4,ql,1,0.160625,0.147584,0.221708,25
0,4,4,cpu,1,0.008208,0.007500,0.011333,25
0,4,4,simd_vals,1,0.151167,0.131083,0.184416,25
0,4,4,tg_vals,1,0.152167,0.139625,0.180459,25
0,4,4,ql_vals,1,0.138375,0.131708,0.142042,25
0,4,4,cpu_vals,1,0.007125,0.005708,0.008750,25
0,64,128,cpu,1,2.744042,2.714750,3.183416,25
0,64,128,tridiag,1,87.311312,87.291760,87.330865,2
0,64,128,tridiag_batch,1,3.191708,3.143167,3.227584,25
0,64,128,cpu_vals,1,1.372166,1.354541,1.907333,25
0,64,128,tridiag_vals,1,63.917479,63.917407,63.917552,2
0,64,128,tridiag_batch_vals,1,1.827958,1.784000,1.899917,25
0,4,2048,cpu,1,382.087125,374.193708,389.980541,2
0,4,2048,tridiag,1,175.727625,175.411792,176.042250,5
0,4,2048,cpu_vals,1,113.231500,111.872458,120.165250,5
0,4,2048,tridiag_vals,1,145.422104,142.404156,148.440052,2
0,4,2048,band8_vals,1,132.476021,132.015198,132.936844,2
0,4,2048,band_vals,1,103.799958,103.560416,105.515708,5
0,4,2048,band32_vals,1,130.607250,130.551625,130.828333,5
0,4,2048,band,1,216.732375,211.523291,218.970666,5
0,2,12,simd,1,0.225375,0.221541,0.228750,25
0,2,12,tg,1,0.181458,0.176667,0.188417,25
0,2,12,ql,1,0.231334,0.199583,0.254375,25
0,2,12,cpu,1,0.014166,0.012375,0.014625,25
0,2,12,simd_vals,1,0.247208,0.208333,0.258750,25
0,2,12,tg_vals,1,0.174667,0.166750,0.184125,25
0,2,12,ql_vals,1,0.158334,0.150917,0.168542,25
0,2,12,cpu_vals,1,0.006917,0.006875,0.008375,25
0,256,384,cpu,1,102.395938,102.152594,102.639281,2
0,256,384,tridiag_batch,1,77.902292,75.281208,77.948500,5
0,256,384,cpu_vals,1,48.453334,48.352167,48.571542,5
0,256,384,tridiag_batch_vals,1,58.735625,58.474334,59.002291,5
0,8,768,cpu,1,30.884646,30.881386,30.887906,2
0,8,768,tridiag,1,73.130667,72.873959,73.387376,2
0,8,768,cpu_vals,1,13.948292,13.712626,13.973958,11
0,8,768,tridiag_vals,1,57.636271,57.631198,57.641344,2
0,8,768,band8_vals,1,52.134062,51.928531,52.339594,2
0,8,768,band_vals,1,48.193104,48.147010,48.239198,2
0,8,768,band32_vals,1,69.737042,69.559021,69.915063,2
0,8,768,band,1,23.828250,23.605041,23.945750,7
0,64,192,cpu,1,6.391208,6.283260,6.666792,24
0,64,192,tridiag,1,131.815542,130.185396,133.445688,2
0,64,192,tridiag_batch,1,6.683083,6.182834,6.894083,23
0,64,192,cpu_vals,1,3.479500,3.070209,3.545125,25
0,64,192,tridiag_vals,1,105.448583,102.788209,108.108958,2
0,64,192,tridiag_batch_vals,1,3.940958,3.692416,4.022125,25
0,4,1536,cpu,1,151.567709,132.303958,170.831459,2
0,4,1536,tridiag,1,108.670750,108.260500,111.043250,5
0,4,1536,cpu_vals,1,58.022542,55.939333,59.442500,5
0,4,1536,tridiag_vals,1,83.268375,82.431875,84.104875,2
0,4,1536,band8_vals,1,81.394063,81.174198,81.613927,2
0,4,1536,band_vals,1,69.423583,68.042458,69.713167,5
0,4,1536,band32_vals,1,87.992104,87.063552,88.920656,2
0,4,1536,band,1,133.161313,132.667302,133.655323,2
0,512,8,simd,1,0.184125,0.179958,0.210500,25
0,512,8,tg,1,0.180542,0.173125,0.183458,25
0,512,8,ql,1,0.171333,0.166666,0.176334,25
0,512,8,ql_share,1,0.354584,0.342333,0.432041,25
0,512,8,cpu,1,0.163458,0.160875,0.166375,25
0,512,8,simd_vals,1,0.177042,0.170250,0.179417,25
0,512,8,tg_vals,1,0.173834,0.170042,0.187333,25
0,512,8,ql_vals,1,0.145416,0.142959,0.156667,25
0,512,8,ql_share_vals,1,0.294042,0.290166,0.318833,25
0,512,8,cpu_vals,1,0.120459,0.116167,0.127166,25
0,256,512,cpu,1,224.136542,221.999083,226.274000,2
0,256,512,tridiag_batch,1,162.962041,161.585584,164.228416,5
0,256,512,cpu_vals,1,89.785083,89.081041,89.885000,5
0,256,512,tridiag_batch_vals,1,131.931417,129.567854,134.294979,2
0,64,32,simd,1,1.731625,1.712375,1.777250,25
0,64,32,tg,1,0.549125,0.539625,0.560584,25
0,64,32,block,1,2.871583,2.782625,3.080792,25
0,64,32,ql,1,0.456083,0.441041,0.510916,25
0,64,32,ql_share,1,0.556917,0.548958,0.599167,25
0,64,32,cpu,1,0.240792,0.229667,0.250458,25
0,64,32,simd_vals,1,1.572333,1.561084,1.584916,25
0,64,32,tg_vals,1,0.514250,0.505708,0.533333,25
0,64,32,block_vals,1,2.816833,2.740041,2.998625,25
0,64,32,ql_vals,1,0.197459,0.193625,0.204709,25
0,64,32,ql_share_vals,1,0.292375,0.282459,0.313875,25
0,64,32,cpu_vals,1,0.146916,0.142208,0.147791,25
0,2,4,simd,1,0.145500,0.140000,0.153209,25
0,2,4,tg,1,0.146166,0.143625,0.156250,25
0,2,4,ql,1,0.144041,0.136416,0.150250,25
0,2,4,cpu,1,0.004333,0.003750,0.004917,25
0,2,4,simd_vals,1,0.141333,0.131916,0.149042,25
0,2,4,tg_vals,1,0.145542,0.140792,0.152792,25
0,2,4,ql_vals,1,0.139250,0.133375,0.142542,25
0,2,4,cpu_vals,1,0.003708,0.002958,0.003916,25
0,4,48,tg,1,0.689042,0.669459,0.710375,25
0,4,48,block,1,3.172375,3.096791,3.333709,25
0,4,48,ql,1,0.858250,0.833666,0.891041,25
0,4,48,cpu,1,0.092042,0.089625,0.096542,25
0,4,48,tg_vals,1,0.702833,0.681791,0.713958,25
0,4,48,block_vals,1,3.131167,3.055291,3.326292,25
0,4,48,ql_vals,1,0.714084,0.693584,0.746125,25
0,4,48,cpu_vals,1,0.045416,0.044916,0.046000,25
0,2,512,cpu,1,7.728667,7.627968,7.913375,20
0,2,512,tridiag,1,12.305000,12.225291,12.384042,13
0,2,512,cpu_vals,1,4.409375,4.384708,4.417833,25
0,2,512,tridiag_vals,1,9.576833,9.527937,9.842448,16
0,2,512,band8_vals,1,9.192584,9.090583,9.221125,17
0,2,512,band_vals,1,8.757500,8.699604,8.807199,18
0,2,512,band32_vals,1,12.347959,12.257959,12.615083,13
0,2,512,band,1,7.184959,7.003458,7.541792,21
0,1,48,tg,1,0.705875,0.676917,0.740375,25
0,1,48,block,1,3.146334,3.082667,3.281083,25
0,1,48,ql,1,0.828208,0.801667,0.855625,25
0,1,48,cpu,1,0.076083,0.075917,0.076625,25
0,1,48,tg_vals,1,0.677125,0.655333,0.711792,25
0,1,48,block_vals,1,3.132375,3.014458,3.311208,25
0,1,48,ql_vals,1,0.727250,0.686042,0.754292,25
0,1,48,cpu_vals,1,0.033916,0.033792,0.034083,25
0,256,256,cpu,1,44.085583,44.057958,44.113208,2
0,256,256,tridiag,1,717.356833,716.750500,717.963167,2
0,256,256,tridiag_batch,1,29.339375,28.366156,29.802156,6
0,256,256,cpu_vals,1,21.081333,20.935031,21.365417,8
0,256,256,tridiag_vals,1,560.930917,560.374125,561.487708,2
0,256,256,tridiag_batch_vals,1,20.929187,20.699416,21.144020,8
0,2048,64,tg,1,79.665729,79.308532,80.022927,2
0,2048,64,block,1,50.200021,49.419031,50.981010,2
0,2048,64,ql,1,22.308709,21.952250,22.665167,2
0,2048,64,ql_share,1,11.809458,11.459166,12.182042,13
0,2048,64,cpu,1,24.502125,22.683312,25.335187,7
0,2048,64,tridiag_batch,1,21.136625,19.578291,22.398699,8
0,2048,64,tg_vals,1,69.795145,69.785302,69.804989,2
0,2048,64,block_vals,1,45.190687,45.149073,45.232302,2
0,2048,64,ql_vals,1,16.316917,16.131000,16.663906,10
0,2048,64,ql_share_vals,1,7.398125,7.267166,7.640083,21
0,2048,64,cpu_vals,1,12.281958,12.230667,12.447458,13
0,2048,64,tridiag_batch_vals,1,9.358000,8.947167,9.480292,17
0,1,64,tg,1,1.304625,1.206792,1.367709,25
0,1,64,block,1,3.348167,3.249625,3.385917,25
0,1,64,ql,1,1.300667,1.290541,1.310959,25
0,1,64,cpu,1,0.214333,0.212042,0.220916,25
0,1,64,tg_vals,1,1.112084,1.106291,1.126750,25
0,1,64,block_vals,1,3.291500,3.222542,3.357959,25
0,1,64,ql_vals,1,1.065125,1.053167,1.081000,25
0,1,64,cpu_vals,1,0.079417,0.079083,0.081250,25
0,2048,128,cpu,1,87.251167,80.452917,94.049416,2
0,2048,128,tridiag_batch,1,46.970083,46.829500,49.425625,5
0,2048,128,cpu_vals,1,42.126437,41.137344,43.115531,2
0,2048,128,tridiag_batch_vals,1,26.009854,25.845635,26.340041,6
0,4,32,simd,1,1.714000,1.703667,1.722125,25
0,4,32,tg,1,0.329291,0.326875,0.339166,25
0,4,32,block,1,2.749291,2.657083,2.875292,25
0,4,32,ql,1,0.420750,0.413334,0.448750,25
0,4,32,cpu,1,0.049209,0.046417,0.055083,25
0,4,32,simd_vals,1,1.539750,1.518875,1.552292,25
0,4,32,tg_vals,1,0.325500,0.313125,0.338125,25
0,4,32,block_vals,1,2.763292,2.628208,2.924708,25
0,4,32,ql_vals,1,0.187542,0.185833,0.201875,25
0,4,32,cpu_vals,1,0.023708,0.022833,0.025000,25
0,2048,12,simd,1,0.724125,0.714625,0.774917,25
0,2048,12,tg,1,0.746250,0.727625,0.772125,25
0,2048,12,ql,1,0.468875,0.453708,0.482208,25
0,2048,12,ql_share,1,0.684875,0.629334,0.742000,25
0,2048,12,cpu,1,0.808083,0.757959,0.825459,25
0,2048,12,simd_vals,1,0.687709,0.663208,0.736000,25
0,2048,12,tg_vals,1,0.687209,0.667917,0.712042,25
0,2048,12,ql_vals,1,0.251375,0.244458,0.254958,25
0,2048,12,ql_share_vals,1,0.508417,0.426417,0.553000,25
0,2048,12,cpu_vals,1,0.403042,0.384167,0.423375,25
0,1,16,simd,1,0.316417,0.306833,0.324292,25
0,1,16,tg,1,0.208167,0.201041,0.229583,25
0,1,16,ql,1,0.225458,0.211458,0.246958,25
0,1,16,cpu,1,0.008750,0.008625,0.009167,25
0,1,16,simd_vals,1,0.299083,0.288041,0.304458,25
0,1,16,tg_vals,1,0.206750,0.197250,0.218417,25
0,1,16,ql_vals,1,0.175833,0.159209,0.212708,25
0,1,16,cpu_vals,1,0.004167,0.004166,0.004208,25
0,64,4,simd,1,0.142625,0.140333,0.154625,25
0,64,4,tg,1,0.147542,0.140917,0.157959,25
0,64,4,ql,1,0.148584,0.143583,0.154666,25
0,64,4,ql_share,1,0.123916,0.111709,0.134292,25
0,64,4,cpu,1,0.058875,0.056417,0.060792,25
0,64,4,simd_vals,1,0.146417,0.139291,0.152334,25
0,64,4,tg_vals,1,0.145000,0.137958,0.147542,25
0,64,4,ql_vals,1,0.138417,0.133333,0.144042,25
0,64,4,ql_share_vals,1,0.123000,0.118458,0.127083,25
0,64,4,cpu_vals,1,0.034417,0.032625,0.035250,25
0,512,128,cpu,1,20.186978,19.910063,20.642281,8
0,512,128,tridiag,1,705.703855,704.331302,707.076407,2
0,512,128,tridiag_batch,1,14.300625,13.911479,14.585125,11
0,512,128,cpu_vals,1,10.101584,10.016417,10.229000,15
0,512,128,tridiag_vals,1,518.483125,516.520709,520.445541,2
0,512,128,tridiag_batch_vals,1,7.167625,7.077000,7.288667,21
0,128,12,simd,1,0.248917,0.239583,0.253334,25
0,128,12,tg,1,0.188666,0.179500,0.200292,25
0,128,12,ql,1,0.218125,0.205208,0.230708,25
0,128,12,ql_share,1,0.324542,0.316084,0.335000,25
0,128,12,cpu,1,0.127542,0.125083,0.132500,25
0,128,12,simd_vals,1,0.255667,0.228083,0.263375,25
0,128,12,tg_vals,1,0.188958,0.183208,0.192209,25
0,128,12,ql_vals,1,0.153791,0.150625,0.172750,25
0,128,12,ql_share_vals,1,0.273250,0.268542,0.284458,25
0,128,12,cpu_vals,1,0.107208,0.088875,0.275125,25
0,8,4,simd,1,0.155417,0.142209,0.165292,25
0,8,4,tg,1,0.148125,0.137791,0.164417,25
0,8,4,ql,1,0.147500,0.141708,0.155167,25
0,8,4,cpu,1,0.014375,0.012417,0.016542,25
0,8,4,simd_vals,1,0.144792,0.140250,0.160250,25
0,8,4,tg_vals,1,0.141625,0.135000,0.154125,25
0,8,4,ql_vals,1,0.142416,0.131666,0.151375,25
0,8,4,cpu_vals,1,0.010500,0.006042,0.012250,25
0,32,4,simd,1,0.165167,0.155500,0.184209,25
0,32,4,tg,1,0.163625,0.154792,0.182208,25
0,32,4,ql,1,0.155083,0.137541,0.186750,25
0,32,4,cpu,1,0.030750,0.028333,0.031333,25
0,32,4,simd_vals,1,0.144792,0.137666,0.164208,25
0,32,4,tg_vals,1,0.145375,0.135959,0.155083,25
0,32,4,ql_vals,1,0.145959,0.129209,0.157792,25
0,32,4,cpu_vals,1,0.017500,0.017333,0.017625,25
0,32,64,tg,1,1.792083,1.779875,1.819041,25
0,32,64,block,1,3.314583,3.285416,3.399125,25
0,32,64,ql,1,1.355458,1.344084,1.374834,25
0,32,64,cpu,1,0.439750,0.435500,0.457125,25
0,32,64,tridiag_batch,1,1.163500,1.130708,1.187625,25
0,32,64,tg_vals,1,1.617792,1.605125,1.638916,25
0,32,64,block_vals,1,3.252041,3.211166,3.263875,25
0,32,64,ql_vals,1,1.122792,1.110583,1.144542,25
0,32,64,cpu_vals,1,0.241875,0.236416,0.254667,25
0,32,64,tridiag_batch_vals,1,0.713167,0.685458,0.771041,25
0,1024,96,tg,1,141.149625,140.935563,141.363687,2
0,1024,96,block,1,76.355980,76.244261,76.467698,2
0,1024,96,cpu,1,22.586209,22.432792,22.739625,2
0,1024,96,tridiag_batch,1,16.738125,16.505959,16.820208,9
0,1024,96,tg_vals,1,124.607084,123.942188,125.271979,2
0,1024,96,block_vals,1,65.011646,64.917323,65.105968,2
0,1024,96,cpu_vals,1,11.761417,11.692875,11.782000,13
0,1024,96,tridiag_batch_vals,1,7.779917,7.708208,8.066208,19
0,2,48,tg,1,0.689291,0.665250,0.743583,25
0,2,48,block,1,3.048709,3.020125,3.100791,25
0,2,48,ql,1,0.856042,0.831708,0.907083,25
0,2,48,cpu,1,0.087084,0.085916,0.091625,25
0,2,48,tg_vals,1,0.666750,0.633500,0.714375,25
0,2,48,block_vals,1,2.998208,2.982250,3.053792,25
0,2,48,ql_vals,1,0.724458,0.693458,0.768959,25
0,2,48,cpu_vals,1,0.045166,0.044209,0.047709,25
0,4096,64,tg,1,159.036645,158.990677,159.082614,2
0,4096,64,block,1,95.472000,95.053000,95.891000,2
0,4096,64,ql,1,42.899479,42.382531,43.416427,2
0,4096,64,ql_share,1,22.371584,21.783229,23.729021,7
0,4096,64,cpu,1,37.835209,37.685834,37.984584,2
0,4096,64,tridiag_batch,1,28.497625,28.458459,28.536792,2
0,4096,64,tg_vals,1,136.073458,135.931396,136.215520,2
0,4096,64,block_vals,1,84.017500,84.001854,84.033146,2
0,4096,64,ql_vals,1,30.992230,30.952094,31.032365,2
0,4096,64,ql_share_vals,1,11.208625,11.149188,11.320271,14
0,4096,64,cpu_vals,1,16.357229,15.946219,16.585594,10
0,4096,64,tridiag_batch_vals,1,12.132041,12.067292,12.288917,13
0,32,12,simd,1,0.237292,0.233958,0.244666,25
0,32,12,tg,1,0.190916,0.185292,0.208542,25
0,32,12,ql,1,0.216459,0.204667,0.225625,25
0,32,12,cpu,1,0.103208,0.069916,0.161000,25
0,32,12,simd_vals,1,0.230000,0.224917,0.254333,25
0,32,12,tg_vals,1,0.177500,0.173833,0.189458,25
0,32,12,ql_vals,1,0.158084,0.153333,0.169500,25
0,32,12,cpu_vals,1,0.072000,0.043709,0.074541,25
0,8,1024,cpu,1,87.547937,84.134802,90.961073,2
0,8,1024,tridiag,1,108.332521,108.075094,108.589948,2
0,8,1024,cpu_vals,1,26.174959,25.923593,26.456479,6
0,8,1024,tridiag_vals,1,84.621521,84.592510,84.650531,2
0,8,1024,band8_vals,1,79.782521,78.334510,81.230531,2
0,8,1024,band_vals,1,69.925938,69.600594,70.251281,2
0,8,1024,band32_vals,1,98.751458,98.717437,98.785479,2
0,8,1024,band,1,44.065083,43.745334,44.372500,5
0,4,768,cpu,1,20.439125,20.199000,20.783521,8
0,4,768,tridiag,1,37.083770,36.892781,37.274760,2
0,4,768,cpu_vals,1,11.477333,11.293458,11.629437,14
0,4,768,tridiag_vals,1,29.463230,29.435448,29.491011,2
0,4,768,band8_vals,1,27.907770,27.880343,27.935198,2
0,4,768,band_vals,1,26.132729,26.015261,26.250198,2
0,4,768,band32_vals,1,36.688875,36.578812,36.798938,2
0,4,768,band,1,16.946500,16.489417,17.021417,9
0,2,96,tg,1,3.610542,3.594708,3.619500,25
0,2,96,block,1,4.740208,4.606750,4.810792,25
0,2,96,cpu,1,0.296958,0.295000,0.301625,25
0,2,96,tg_vals,1,3.283417,3.264333,3.300625,25
0,2,96,block_vals,1,4.510791,4.430416,4.620041,25
0,2,96,cpu_vals,1,0.161416,0.159750,0.165791,25
0,64,64,tg,1,3.210917,3.167000,3.249208,25
0,64,64,block,1,3.787250,3.720833,3.935208,25
0,64,64,ql,1,1.390417,1.367208,1.399459,25
0,64,64,ql_share,1,1.513916,1.463083,1.529917,25
0,64,64,cpu,1,0.698333,0.689083,0.722833,25
0,64,64,tridiag_batch,1,1.378375,1.347833,1.401083,25
0,64,64,tg_vals,1,2.878625,2.855375,2.906250,25
0,64,64,block_vals,1,3.729708,3.648834,3.781041,25
0,64,64,ql_vals,1,1.114042,1.090167,1.122042,25
0,64,64,ql_share_vals,1,1.233042,1.219541,1.246833,25
0,64,64,cpu_vals,1,0.322083,0.317084,0.336792,25
0,64,64,tridiag_batch_vals,1,0.778667,0.762458,0.801583,25
0,2048,8,simd,1,0.304584,0.296708,0.318125,25
0,2048,8,tg,1,0.322125,0.310583,0.329791,25
0,2048,8,ql,1,0.221417,0.216417,0.233417,25
0,2048,8,ql_share,1,0.537292,0.513792,0.563583,25
0,2048,8,cpu,1,0.421083,0.418583,0.474959,25
0,2048,8,simd_vals,1,0.285583,0.281583,0.291333,25
0,2048,8,tg_vals,1,0.288791,0.285250,0.298625,25
0,2048,8,ql_vals,1,0.166792,0.158500,0.177875,25
0,2048,8,ql_share_vals,1,0.335708,0.329042,0.354208,25
0,2048,8,cpu_vals,1,0.260833,0.257834,0.264334,25
0,256,128,cpu,1,10.138833,10.008624,10.482541,15
0,256,128,tridiag,1,359.070479,355.105948,363.035010,2
0,256,128,tridiag_batch,1,8.236000,8.122250,8.380375,19
0,256,128,cpu_vals,1,5.159375,5.093708,5.494625,25
0,256,128,tridiag_vals,1,262.406166,258.533958,266.278375,2
0,256,128,tridiag_batch_vals,1,4.197791,4.097125,4.323500,25
0,256,2,simd,1,0.132667,0.127292,0.140708,25
0,256,2,tg,1,0.142834,0.131458,0.150042,25
0,256,2,ql,1,0.134083,0.125459,0.138167,25
0,256,2,ql_share,1,0.248875,0.243709,0.259042,25
0,256,2,cpu,1,0.091625,0.084417,0.095167,25
0,256,2,simd_vals,1,0.142458,0.131500,0.157541,25
0,256,2,tg_vals,1,0.139417,0.130834,0.145833,25
0,256,2,ql_vals,1,0.132459,0.122083,0.136208,25
0,256,2,ql_share_vals,1,0.214875,0.203125,0.242542,25
0,256,2,cpu_vals,1,0.042375,0.041125,0.044208,25
0,512,192,cpu,1,46.083979,45.998365,46.169594,2
0,512,192,tridiag_batch,1,28.763771,28.433948,29.123844,6
0,512,192,cpu_vals,1,23.723709,23.220021,23.874792,7
0,512,192,tridiag_batch_vals,1,19.087083,18.661885,19.264719,8
0,128,32,simd,1,1.753458,1.724917,1.774292,25
0,128,32,tg,1,0.942250,0.905625,0.963833,25
0,128,32,block,1,2.987041,2.896667,3.034959,25
0,128,32,ql,1,0.458791,0.439417,0.512375,25
0,128,32,ql_share,1,0.558625,0.548084,0.568000,25
0,128,32,cpu,1,0.389291,0.375084,0.408875,25
0,128,32,simd_vals,1,1.602583,1.580375,1.609834,25
0,128,32,tg_vals,1,0.869375,0.838791,0.880000,25
0,128,32,block_vals,1,2.923583,2.843417,2.957417,25
0,128,32,ql_vals,1,0.210583,0.202541,0.219375,25
0,128,32,ql_share_vals,1,0.316791,0.312583,0.325417,25
0,128,32,cpu_vals,1,0.198833,0.194833,0.201958,25
0,1024,32,simd,1,4.957792,4.931500,5.017834,25
0,1024,32,tg,1,4.442125,4.402209,4.482583,25
0,1024,32,block,1,6.230875,6.128708,6.356250,25
0,1024,32,ql,1,1.232375,1.173208,1.241208,25
0,1024,32,ql_share,1,1.274875,1.264583,1.299542,25
0,1024,32,cpu,1,2.862583,2.354708,2.936750,25
0,1024,32,simd_vals,1,4.539792,4.489541,4.553125,25
0,1024,32,tg_vals,1,3.919708,3.871916,3.934958,25
0,1024,32,block_vals,1,5.973667,5.909792,6.000125,25
0,1024,32,ql_vals,1,0.419209,0.391000,0.441208,25
0,1024,32,ql_share_vals,1,0.628000,0.600083,0.667625,25
0,1024,32,cpu_vals,1,0.948584,0.919458,1.433000,25
1,256,128,cpu,1,10.262583,10.052250,10.498500,15
1,256,128,tridiag,1,355.809792,352.415834,359.203751,2
1,256,128,tridiag_batch,1,8.382209,8.135687,8.472916,18
1,256,128,cpu_vals,1,5.470708,5.111542,5.510792,25
1,256,128,tridiag_vals,1,261.045584,257.501500,264.589667,2
1,256,128,tridiag_batch_vals,1,4.327709,4.198458,4.459500,25
1,4,512,cpu,1,8.194417,8.036417,8.312604,19
1,4,512,tridiag,1,23.184917,23.109167,23.260667,2
1,4,512,cpu_vals,1,5.251333,4.788500,5.497000,25
1,4,512,tridiag_vals,1,18.218375,18.168208,18.226958,9
1,4,512,band8_vals,1,16.398708,16.368000,16.444333,10
1,4,512,band_vals,1,15.626250,15.522834,15.690751,10
1,4,512,band32_vals,1,21.952250,21.910417,21.994083,2
1,4,512,band,1,8.700083,8.411208,8.796053,18
1,512,4,simd,1,0.155125,0.149459,0.162834,25
1,512,4,tg,1,0.151125,0.148750,0.158750,25
1,512,4,ql,1,0.143958,0.138542,0.150375,25
1,512,4,ql_share,1,0.302625,0.296792,0.324542,25
1,512,4,cpu,1,0.107417,0.097625,0.199667,25
1,512,4,simd_vals,1,0.150750,0.145125,0.166875,25
1,512,4,tg_vals,1,0.148959,0.139500,0.154875,25
1,512,4,ql_vals,1,0.144333,0.138791,0.148375,25
1,512,4,ql_share_vals,1,0.281958,0.260000,0.285709,25
1,512,4,cpu_vals,1,0.132791,0.067625,0.227916,25
1,4096,12,simd,1,1.306041,1.299292,1.319125,25
1,4096,12,tg,1,1.312417,1.268667,1.321709,25
1,4096,12,ql,1,0.794292,0.764875,0.828250,25
1,4096,12,ql_share,1,0.854042,0.849583,0.879542,25
1,4096,12,cpu,1,1.482583,1.476042,1.492166,25
1,4096,12,simd_vals,1,1.177667,1.164875,1.194583,25
1,4096,12,tg_vals,1,1.184917,1.154750,1.207208,25
1,4096,12,ql_vals,1,0.349750,0.339291,0.361541,25
1,4096,12,ql_share_vals,1,0.566833,0.550792,0.592250,25
1,4096,12,cpu_vals,1,0.702542,0.687708,0.727500,25
1,1024,8,simd,1,0.229125,0.221416,0.252042,25
1,1024,8,tg,1,0.239750,0.221750,0.257791,25
1,1024,8,ql,1,0.184958,0.177958,0.200166,25
1,1024,8,ql_share,1,0.384875,0.344625,0.484334,25
1,1024,8,cpu,1,0.257292,0.252875,0.261083,25
1,1024,8,simd_vals,1,0.219750,0.213041,0.250583,25
1,1024,8,tg_vals,1,0.226958,0.215125,0.248541,25
1,1024,8,ql_vals,1,0.153417,0.146125,0.160334,25
1,1024,8,ql_share_vals,1,0.301208,0.290791,0.307834,25
1,1024,8,cpu_vals,1,0.170000,0.167459,0.180875,25
1,512,64,tg,1,20.876521,20.849573,20.903469,2
1,512,64,block,1,12.923770,12.907886,12.992021,12
1,512,64,ql,1,6.059459,5.963084,6.157417,25
1,512,64,ql_share,1,4.057500,4.015334,4.089792,25
1,512,64,cpu,1,5.228750,5.135000,5.362500,25
1,512,64,tridiag_batch,1,6.039375,5.796916,6.320875,25
1,512,64,tg_vals,1,17.909042,17.616625,18.043667,9
1,512,64,block_vals,1,11.998667,11.974708,12.088709,13
1,512,64,ql_vals,1,4.172541,4.018458,4.648208,25
1,512,64,ql_share_vals,1,2.160459,2.112208,2.184542,25
1,512,64,cpu_vals,1,2.587750,2.146458,2.600250,25
1,512,64,tridiag_batch_vals,1,2.691875,2.629375,2.767250,25
1,1,3584,cpu,1,1096.774271,1094.569906,1098.978635,2
1,1,3584,tridiag,1,187.945416,186.596833,189.968291,5
1,1,3584,cpu_vals,1,312.032521,311.839156,312.225886,2
1,1,3584,tridiag_vals,1,142.201229,139.371614,145.030844,2
1,1,3584,band8_vals,1,153.771708,153.444917,154.098500,2
1,1,3584,band_vals,1,97.629625,97.454458,97.669417,5
1,1,3584,band32_vals,1,101.997625,101.768500,102.163958,5
1,1,3584,band,1,152.654709,147.905125,154.745750,5
1,1024,32,simd,1,5.418875,5.264667,5.985666,25
1,1024,32,tg,1,4.849250,4.816500,4.948292,25
1,1024,32,block,1,6.800917,6.722438,6.938875,23
1,1024,32,ql,1,1.341958,1.281083,1.375625,25
1,1024,32,ql_share,1,1.392583,1.343916,1.556292,25
1,1024,32,cpu,1,2.929459,2.474000,3.018500,25
1,1024,32,simd_vals,1,4.921125,4.844791,4.963875,25
1,1024,32,tg_vals,1,4.261375,4.202833,4.342875,25
1,1024,32,block_vals,1,6.444187,6.370292,6.621187,24
1,1024,32,ql_vals,1,0.452959,0.419250,0.489250,25
1,1024,32,ql_share_vals,1,0.639750,0.596708,0.679458,25
1,1024,32,cpu_vals,1,0.975583,0.937583,1.466959,25
1,256,384,cpu,1,104.044813,103.768885,104.320740,2
1,256,384,tridiag_batch,1,78.158292,76.180791,78.419708,5
1,256,384,cpu_vals,1,59.253875,58.193500,59.316375,5
1,256,384,tridiag_batch_vals,1,59.275292,59.213709,59.370208,5
1,4096,16,simd,1,2.190958,2.184917,2.240584,25
1,4096,16,tg,1,2.200292,2.185667,2.227709,25
1,4096,16,ql,1,1.124750,1.096750,1.144417,25
1,4096,16,ql_share,1,1.231959,1.207542,1.274916,25
1,4096,16,cpu,1,2.545334,2.531625,2.912875,25
1,4096,16,simd_vals,1,1.931917,1.907417,1.958834,25
1,4096,16,tg_vals,1,1.955250,1.926792,2.004250,25
1,4096,16,ql_vals,1,0.434208,0.413958,0.482666,25
1,4096,16,ql_share_vals,1,0.682500,0.663209,0.714334,25
1,4096,16,cpu_vals,1,1.103833,1.013792,1.585792,25
1,2,2048,cpu,1,339.535812,305.211177,373.860448,2
1,2,2048,tridiag,1,88.715125,88.535875,89.176667,5
1,2,2048,cpu_vals,1,109.038292,108.735646,109.340938,2
1,2,2048,tridiag_vals,1,70.788333,70.768458,70.789083,5
1,2,2048,band8_vals,1,76.205125,75.605334,77.110375,5
1,2,2048,band_vals,1,60.578875,60.286917,60.945542,5
1,2,2048,band32_vals,1,74.182875,74.088750,75.494375,5
1,2,2048,band,1,106.300292,103.776750,106.507542,5
1,512,32,simd,1,2.705333,2.669292,2.725791,25
1,512,32,tg,1,2.403334,2.383875,2.422416,25
1,512,32,block,1,4.336875,4.280208,4.434834,25
1,512,32,ql,1,0.858500,0.803291,0.891500,25
1,512,32,ql_share,1,1.070250,1.046958,1.177833,25
1,512,32,cpu,1,1.395041,1.364625,1.423125,25
1,512,32,simd_vals,1,2.658250,2.651667,2.712417,25
1,512,32,tg_vals,1,2.126458,2.109459,2.160750,25
1,512,32,block_vals,1,4.112833,4.050125,4.232333,25
1,512,32,ql_vals,1,0.272041,0.265166,0.278375,25
1,512,32,ql_share_vals,1,0.605125,0.580500,0.626959,25
1,512,32,cpu_vals,1,0.490958,0.482792,0.495584,25
1,1,512,cpu,1,7.511042,7.271875,7.758833,20
1,1,512,tridiag,1,7.574354,7.398917,7.837104,20
1,1,512,cpu_vals,1,4.251792,4.237584,4.271542,25
1,1,512,tridiag_vals,1,5.156708,5.107834,5.191917,25
1,1,512,band8_vals,1,5.610166,5.536833,5.676041,25
1,1,512,band_vals,1,5.587291,5.452666,5.663625,25
1,1,512,band32_vals,1,7.278000,7.248250,7.699584,21
1,1,512,band,1,7.401354,7.210333,7.886656,20
1,128,192,cpu,1,11.928583,11.696334,12.097208,13
1,128,192,tridiag,1,260.292854,259.463886,261.121823,2
1,128,192,tridiag_batch,1,9.352250,9.234990,9.580396,16
1,128,192,cpu_vals,1,6.113959,5.855667,6.253459,25
1,128,192,tridiag_vals,1,207.700250,203.439875,211.960625,2
1,128,192,tridiag_batch_vals,1,6.084708,5.824458,6.380875,25
1,128,4,simd,1,0.138125,0.133125,0.143625,25
1,128,4,tg,1,0.141667,0.138791,0.146834,25
1,128,4,ql,1,0.150625,0.141083,0.160916,25
1,128,4,ql_share,1,0.251166,0.244917,0.270500,25
1,128,4,cpu,1,0.109500,0.060375,0.115791,25
1,128,4,simd_vals,1,0.137708,0.129125,0.139750,25
1,128,4,tg_vals,1,0.145000,0.137542,0.148917,25
1,128,4,ql_vals,1,0.140500,0.134792,0.143750,25
1,128,4,ql_share_vals,1,0.121667,0.116917,0.142291,25
1,128,4,cpu_vals,1,0.062333,0.060958,0.064792,25
1,128,384,cpu,1,51.823729,51.625198,52.022261,2
1,128,384,tridiag,1,535.501062,535.391260,535.610865,2
1,128,384,tridiag_batch,1,38.755958,38.348041,38.896292,5
1,128,384,cpu_vals,1,24.846334,24.454750,25.316750,7
1,128,384,tridiag_vals,1,416.303395,416.232781,416.374010,2
1,128,384,tridiag_batch_vals,1,30.111334,29.957750,30.574500,5
1,2048,24,simd,1,3.802917,3.781042,3.826125,25
1,2048,24,tg,1,3.725250,3.692959,3.766875,25
1,2048,24,ql,1,1.449209,1.441000,1.467458,25
1,2048,24,ql_share,1,1.467500,1.465209,1.484125,25
1,2048,24,cpu,1,3.254750,2.904334,3.397875,25
1,2048,24,simd_vals,1,3.318417,3.266500,3.355750,25
1,2048,24,tg_vals,1,3.300208,3.244500,3.341584,25
1,2048,24,ql_vals,1,0.484291,0.453291,0.523500,25
1,2048,24,ql_share_vals,1,0.711292,0.698500,0.749417,25
1,2048,24,cpu_vals,1,1.545042,1.080500,1.602209,25
1,128,128,cpu,1,5.276500,5.209083,5.716041,25
1,128,128,tridiag,1,180.477645,177.566948,183.388343,2
1,128,128,tridiag_batch,1,5.599291,5.173375,5.830667,25
1,128,128,cpu_vals,1,2.648500,2.587000,3.061584,25
1,128,128,tridiag_vals,1,133.846354,130.725323,136.967386,2
1,128,128,tridiag_batch_vals,1,2.816042,2.726709,2.983958,25
1,32,1024,cpu,1,256.425042,255.541021,257.309062,2
1,32,1024,tridiag,1,424.127938,422.979406,425.276469,2
1,32,1024,tridiag_batch,1,115.148000,115.080333,115.429625,5
1,32,1024,cpu_vals,1,70.455000,67.140708,71.486000,5
1,32,1024,tridiag_vals,1,340.182750,337.165687,343.199813,2
1,32,1024,tridiag_batch_vals,1,110.019354,109.682781,110.355927,2
1,32,1024,band8_vals,1,283.762917,283.382771,284.143063,2
1,32,1024,band_vals,1,264.296834,264.067563,264.526104,2
1,32,1024,band32_vals,1,391.468667,386.085125,396.852208,2
1,32,1024,band,1,124.538750,121.896375,125.196208,5
1,128,32,simd,1,1.744291,1.729875,1.799667,25
1,128,32,tg,1,0.915167,0.900375,0.967834,25
1,128,32,block,1,2.994583,2.934417,3.594333,25
1,128,32,ql,1,0.435791,0.426750,0.445625,25
1,128,32,ql_share,1,0.569375,0.540416,0.583541,25
1,128,32,cpu,1,0.411583,0.405458,0.422042,25
1,128,32,simd_vals,1,1.581792,1.541042,1.616209,25
1,128,32,tg_vals,1,0.834166,0.812833,0.848542,25
1,128,32,block_vals,1,2.982416,2.902875,3.514167,25
1,128,32,ql_vals,1,0.202041,0.196916,0.216667,25
1,128,32,ql_share_vals,1,0.316042,0.308667,0.336458,25
1,128,32,cpu_vals,1,0.206000,0.199292,0.209875,25
1,512,8,simd,1,0.192792,0.177875,0.204500,25
1,512,8,tg,1,0.183916,0.182417,0.196667,25
1,512,8,ql,1,0.176458,0.170333,0.182959,25
1,512,8,ql_share,1,0.349167,0.339959,0.368917,25
1,512,8,cpu,1,0.164667,0.161416,0.169875,25
1,512,8,simd_vals,1,0.185667,0.175834,0.191250,25
1,512,8,tg_vals,1,0.176750,0.170833,0.192167,25
1,512,8,ql_vals,1,0.155708,0.147541,0.164542,25
1,512,8,ql_share_vals,1,0.288875,0.280375,0.301666,25
1,512,8,cpu_vals,1,0.121625,0.118042,0.126625,25
1,32,192,cpu,1,3.596708,3.506792,3.973667,25
1,32,192,tridiag,1,71.196167,71.092167,71.300166,2
1,32,192,tridiag_batch,1,4.192125,4.013917,4.510167,25
1,32,192,cpu_vals,1,2.071833,1.620542,2.138916,25
1,32,192,tridiag_vals,1,54.877145,54.671114,55.083177,2
1,32,192,tridiag_batch_vals,1,2.673167,2.547250,2.884083,25
1,64,1024,cpu,1,536.757500,532.264292,541.250708,2
1,64,1024,tridiag,1,869.126584,868.057334,870.195834,2
1,64,1024,tridiag_batch,1,284.376500,282.774708,288.614459,5
1,64,1024,cpu_vals,1,117.505125,117.276167,118.954083,5
1,64,1024,tridiag_vals,1,672.467646,669.426989,675.508302,2
1,64,1024,tridiag_batch_vals,1,213.034063,211.964052,214.104073,2
1,64,1024,band8_vals,1,562.892708,561.995666,563.789749,2
1,64,1024,band_vals,1,527.768417,526.839666,528.697167,2
1,64,1024,band32_vals,1,760.062375,757.645375,762.479375,2
1,64,1024,band,1,228.013083,226.314375,228.801125,5
1,64,12,simd,1,0.254125,0.242792,0.263208,25
1,64,12,tg,1,0.196541,0.185125,0.208667,25
1,64,12,ql,1,0.222166,0.208209,0.245000,25
1,64,12,ql_share,1,0.310167,0.297250,0.315875,25
1,64,12,cpu,1,0.122542,0.108875,0.280000,25
1,64,12,simd_vals,1,0.254500,0.226667,0.264333,25
1,64,12,tg_vals,1,0.187833,0.178292,0.197834,25
1,64,12,ql_vals,1,0.164167,0.159375,0.183667,25
1,64,12,ql_share_vals,1,0.222541,0.206209,0.229583,25
1,64,12,cpu_vals,1,0.093834,0.062000,0.149583,25
1,4,2048,cpu,1,409.690021,387.793073,431.586969,2
1,4,2048,tridiag,1,176.733708,174.890667,177.276542,5
1,4,2048,cpu_vals,1,113.758417,112.479083,115.251375,5
1,4,2048,tridiag_vals,1,145.277333,142.207146,148.347521,2
1,4,2048,band8_vals,1,132.010917,131.446583,132.189334,5
1,4,2048,band_vals,1,102.292042,101.620208,102.391209,5
1,4,2048,band32_vals,1,131.358125,131.240792,132.933709,5
1,4,2048,band,1,208.856458,207.365250,213.145542,5
1,512,256,cpu,1,91.568084,90.911938,92.224229,2
1,512,256,tridiag_batch,1,52.434458,51.108792,53.453500,5
1,512,256,cpu_vals,1,42.322791,41.066166,42.623709,5
1,512,256,tridiag_batch_vals,1,37.075000,36.562959,37.321417,5
1,4096,24,simd,1,7.204625,7.156125,7.220875,21
1,4096,24,tg,1,7.125583,7.087875,7.160594,22
1,4096,24,ql,1,2.558500,2.536125,2.629292,25
1,4096,24,ql_share,1,2.396209,2.368958,2.440792,25
1,4096,24,cpu,1,5.742250,5.673750,5.874375,25
1,4096,24,simd_vals,1,6.368729,6.275791,6.391260,24
1,4096,24,tg_vals,1,6.266084,6.246052,6.311042,24
1,4096,24,ql_vals,1,0.779333,0.744458,0.809750,25
1,4096,24,ql_share_vals,1,1.054625,1.039250,1.075708,25
1,4096,24,cpu_vals,1,2.346250,2.076708,2.444417,25
1,1,768,cpu,1,14.968937,14.873625,15.483489,10
1,1,768,tridiag,1,12.460792,12.132292,12.486833,13
1,1,768,cpu_vals,1,9.749667,9.730761,9.780583,16
1,1,768,tridiag_vals,1,8.079083,8.020646,8.107041,19
1,1,768,band8_vals,1,9.823062,9.676417,10.060375,16
1,1,768,band_vals,1,8.856041,8.662125,9.167500,17
1,1,768,band32_vals,1,11.973833,11.732541,12.000583,13
1,1,768,band,1,12.112209,12.018125,12.399833,13
1,32,32,simd,1,1.702750,1.688125,1.732667,25
1,32,32,tg,1,0.406375,0.385125,0.435500,25
1,32,32,block,1,2.672500,2.612375,2.719750,25
1,32,32,ql,1,0.415417,0.410750,0.425708,25
1,32,32,cpu,1,0.160125,0.155167,0.173958,25
1,32,32,simd_vals,1,1.580209,1.545750,1.587292,25
1,32,32,tg_vals,1,0.378625,0.364125,0.407625,25
1,32,32,block_vals,1,2.640000,2.611708,2.717250,25
1,32,32,ql_vals,1,0.187625,0.184584,0.202167,25
1,32,32,cpu_vals,1,0.147958,0.108375,0.243750,25
1,512,96,tg,1,71.599604,71.429240,71.769969,2
1,512,96,block,1,37.820667,37.806146,37.835187,2
1,512,96,cpu,1,11.270875,11.152646,11.351917,14
1,512,96,tridiag_batch,1,9.721146,9.397709,9.961500,16
1,512,96,tg_vals,1,62.475771,62.200157,62.751385,2
1,512,96,block_vals,1,31.149062,31.112990,31.185135,2
1,512,96,cpu_vals,1,5.966709,5.928458,5.998875,25
1,512,96,tridiag_batch_vals,1,4.604916,4.434584,4.976625,25
1,2048,256,cpu,1,325.345709,324.449604,326.241813,2
1,2048,256,tridiag_batch,1,190.179333,189.781333,192.170375,5
1,2048,256,cpu_vals,1,155.370625,153.816625,155.607125,5
1,2048,256,tridiag_batch_vals,1,134.279625,134.230209,134.861542,5
1,64,192,cpu,1,6.370042,6.206365,6.555781,24
1,64,192,tridiag,1,130.552771,129.891719,131.213823,2
1,64,192,tridiag_batch,1,6.727833,6.417584,7.017833,23
1,64,192,cpu_vals,1,3.487750,3.053042,3.514792,25
1,64,192,tridiag_vals,1,106.128563,103.066844,109.190281,2
1,64,192,tridiag_batch_vals,1,3.977667,3.834458,3.987875,25
1,4,1536,cpu,1,144.843458,124.703479,164.983438,2
1,4,1536,tridiag,1,101.894167,101.655583,102.366666,5
1,4,1536,cpu_vals,1,60.364500,60.009500,68.136250,5
1,4,1536,tridiag_vals,1,81.429937,81.413323,81.446552,2
1,4,1536,band8_vals,1,78.101499,77.469020,78.733979,2
1,4,1536,band_vals,1,67.063333,66.347125,68.515042,5
1,4,1536,band32_vals,1,86.542563,86.249365,86.835761,2
1,4,1536,band,1,129.988792,129.166375,131.649833,5
1,64,384,cpu,1,28.900791,27.968583,29.265031,6
1,64,384,tridiag,1,268.075438,267.212865,268.938010,2
1,64,384,tridiag_batch,1,24.859875,24.689521,25.252771,7
1,64,384,cpu_vals,1,13.351333,13.144177,13.654541,12
1,64,384,tridiag_vals,1,214.095000,211.699854,216.490145,2
1,64,384,tridiag_batch_vals,1,21.532250,21.484834,21.579666,2
1,16,768,cpu,1,42.164084,42.146333,42.450958,5
1,16,768,tridiag,1,153.564646,152.382136,154.747156,2
1,16,768,tridiag_batch,1,37.262333,37.053167,37.414500,5
1,16,768,cpu_vals,1,19.092458,18.926782,19.349927,8
1,16,768,tridiag_vals,1,119.575249,117.392208,121.758291,2
1,16,768,tridiag_batch_vals,1,28.705687,28.371156,29.040219,2
1,16,768,band8_vals,1,101.559000,99.489625,103.628375,2
1,16,768,band_vals,1,95.231334,93.813021,96.649646,2
1,16,768,band32_vals,1,138.107229,135.954823,140.259636,2
1,16,768,band,1,37.953792,37.420584,37.980458,5
1,512,12,simd,1,0.331042,0.321625,0.350834,25
1,512,12,tg,1,0.317458,0.300084,0.342875,25
1,512,12,ql,1,0.242459,0.228375,0.260750,25
1,512,12,ql_share,1,0.449708,0.420916,0.600250,25
1,512,12,cpu,1,0.265834,0.260166,0.270000,25
1,512,12,simd_vals,1,0.307959,0.302000,0.325167,25
1,512,12,tg_vals,1,0.293458,0.289208,0.298417,25
1,512,12,ql_vals,1,0.167250,0.163708,0.187125,25
1,512,12,ql_share_vals,1,0.319208,0.314292,0.342000,25
1,512,12,cpu_vals,1,0.164916,0.161459,0.167291,25
1,1,2560,cpu,1,320.502667,317.796271,323.209062,2
1,1,2560,tridiag,1,80.760125,80.635166,81.360708,5
1,1,2560,cpu_vals,1,133.476937,133.240614,133.713260,2
1,1,2560,tridiag_vals,1,58.326042,58.258542,58.415458,5
1,1,2560,band8_vals,1,69.150791,69.119750,69.181833,2
1,1,2560,band_vals,1,50.132833,49.457959,50.171083,5
1,1,2560,band32_vals,1,60.620709,60.108250,60.900584,5
1,1,2560,band,1,72.698375,72.660625,72.889792,5
1,32,512,cpu,1,30.375833,30.354375,30.379250,5
1,32,512,tridiag,1,181.771917,181.736271,181.807563,2
1,32,512,tridiag_batch,1,24.746167,24.634062,24.829625,7
1,32,512,cpu_vals,1,13.731583,13.565354,13.833750,11
1,32,512,tridiag_vals,1,141.643979,141.419094,141.868865,2
1,32,512,tridiag_batch_vals,1,18.892542,18.393604,19.201531,8
1,32,512,band8_vals,1,115.781563,115.490448,116.072677,2
1,32,512,band_vals,1,111.480146,111.000739,111.959553,2
1,32,512,band32_vals,1,159.861479,159.276698,160.446260,2
1,32,512,band,1,23.697167,23.480604,24.174479,7
1,2048,16,simd,1,1.261208,1.245083,1.266541,25
1,2048,16,tg,1,1.253167,1.245834,1.262458,25
1,2048,16,ql,1,0.737250,0.723917,0.765250,25
1,2048,16,ql_share,1,0.790167,0.781834,0.816916,25
1,2048,16,cpu,1,1.295125,1.204542,1.303667,25
1,2048,16,simd_vals,1,1.106250,1.088625,1.126166,25
1,2048,16,tg_vals,1,1.120916,1.090125,1.136750,25
1,2048,16,ql_vals,1,0.285208,0.283750,0.293625,25
1,2048,16,ql_share_vals,1,0.548709,0.522375,0.568000,25
1,2048,16,cpu_vals,1,0.599833,0.574958,0.625459,25
1,16,1024,cpu,1,130.396834,128.941979,131.851688,2
1,16,1024,tridiag,1,219.685021,216.750823,222.619218,2
1,16,1024,tridiag_batch,1,67.091250,66.805042,67.251250,5
1,16,1024,cpu_vals,1,34.050125,33.715333,35.242708,5
1,16,1024,tridiag_vals,1,169.563709,169.258854,169.868563,2
1,16,1024,tridiag_batch_vals,1,58.930333,58.870499,58.990167,2
1,16,1024,band8_vals,1,145.300542,145.026334,145.574750,2
1,16,1024,band_vals,1,135.874334,135.434333,136.314334,2
1,16,1024,band32_vals,1,193.810666,193.340083,194.281250,2
1,16,1024,band,1,66.823250,66.741541,67.860041,5
1,512,384,cpu,1,205.498750,202.800104,208.197396,2
1,512,384,tridiag_batch,1,145.735208,145.554875,146.426416,5
1,512,384,cpu_vals,1,99.006375,97.755917,102.263375,5
1,512,384,tridiag_batch_vals,1,108.232166,106.775916,108.523041,5
1,1024,2,simd,1,0.134042,0.128000,0.143208,25
1,1024,2,tg,1,0.135167,0.124083,0.141750,25
1,1024,2,ql,1,0.132916,0.129083,0.139250,25
1,1024,2,ql_share,1,0.277083,0.274542,0.288834,25
1,1024,2,cpu,1,0.198750,0.097000,0.342875,25
1,1024,2,simd_vals,1,0.133125,0.125167,0.139875,25
1,1024,2,tg_vals,1,0.134541,0.128417,0.138625,25
1,1024,2,ql_vals,1,0.129875,0.122416,0.133042,25
1,1024,2,ql_share_vals,1,0.250333,0.235000,0.277291,25
1,1024,2,cpu_vals,1,0.155041,0.101500,0.158042,25
1,1024,24,simd,1,2.255583,2.226750,2.258166,25
1,1024,24,tg,1,2.038834,1.999875,2.047208,25
1,1024,24,ql,1,0.861417,0.857417,0.900750,25
1,1024,24,ql_share,1,0.879458,0.870209,0.886333,25
1,1024,24,cpu,1,1.486916,1.429667,1.501666,25
1,1024,24,simd_vals,1,2.029791,2.021291,2.067458,25
1,1024,24,tg_vals,1,1.833750,1.819042,1.836208,25
1,1024,24,ql_vals,1,0.313125,0.309125,0.328083,25
1,1024,24,ql_share_vals,1,0.580291,0.554500,0.602208,25
1,1024,24,cpu_vals,1,0.593125,0.557542,0.633833,25
1,32,256,cpu,1,6.666000,6.491770,7.010937,23
1,32,256,tridiag,1,86.695312,86.452677,86.937948,2
1,32,256,tridiag_batch,1,6.684875,6.581167,6.787042,23
1,32,256,cpu_vals,1,3.420708,3.389666,3.501708,25
1,32,256,tridiag_vals,1,68.077438,67.740344,68.414531,2
1,32,256,tridiag_batch_vals,1,4.172625,4.017500,4.458417,25
1,256,24,simd,1,0.816000,0.786875,0.831750,25
1,256,24,tg,1,0.746708,0.716000,0.766542,25
1,256,24,ql,1,0.349625,0.346709,0.356250,25
1,256,24,ql_share,1,0.483833,0.463917,0.489916,25
1,256,24,cpu,1,0.464750,0.446416,0.475083,25
1,256,24,simd_vals,1,0.741250,0.729708,0.757250,25
1,256,24,tg_vals,1,0.656291,0.644625,0.676209,25
1,256,24,ql_vals,1,0.195833,0.183375,0.206792,25
1,256,24,ql_share_vals,1,0.333000,0.317375,0.343250,25
1,256,24,cpu_vals,1,0.214083,0.211083,0.226625,25
1,2048,2,simd,1,0.135833,0.130875,0.150459,25
1,2048,2,tg,1,0.140167,0.130583,0.147750,25
1,2048,2,ql,1,0.129833,0.123833,0.133250,25
1,2048,2,ql_share,1,0.270375,0.264458,0.283541,25
1,2048,2,cpu,1,0.129959,0.125333,0.131459,25
1,2048,2,simd_vals,1,0.131125,0.126750,0.142166,25
1,2048,2,tg_vals,1,0.139875,0.134208,0.144958,25
1,2048,2,ql_vals,1,0.137583,0.128458,0.145459,25
1,2048,2,ql_share_vals,1,0.271000,0.256875,0.284000,25
1,2048,2,cpu_vals,1,0.086416,0.082416,0.174333,25
1,512,16,simd,1,0.522125,0.496209,0.611833,25
1,512,16,tg,1,0.443875,0.436167,0.461709,25
1,512,16,ql,1,0.294417,0.286834,0.297833,25
1,512,16,ql_share,1,0.499334,0.472375,0.693625,25
1,512,16,cpu,1,0.388208,0.384500,0.397708,25
1,512,16,simd_vals,1,0.471375,0.457167,0.489084,25
1,512,16,tg_vals,1,0.400583,0.391541,0.469792,25
1,512,16,ql_vals,1,0.183916,0.174000,0.192917,25
1,512,16,ql_share_vals,1,0.354250,0.342542,0.365208,25
1,512,16,cpu_vals,1,0.219708,0.203833,0.224709,25
1,1024,4,simd,1,0.189500,0.179750,0.196959,25
1,1024,4,tg,1,0.191792,0.186667,0.201458,25
1,1024,4,ql,1,0.160292,0.152083,0.176209,25
1,1024,4,ql_share,1,0.307875,0.297958,0.323500,25
1,1024,4,cpu,1,0.135250,0.133167,0.139875,25
1,1024,4,simd_vals,1,0.151750,0.145458,0.157834,25
1,1024,4,tg_vals,1,0.163209,0.153125,0.176500,25
1,1024,4,ql_vals,1,0.154250,0.135916,0.186792,25
1,1024,4,ql_share_vals,1,0.325042,0.310375,0.367709,25
1,1024,4,cpu_vals,1,0.170875,0.147375,0.519208,25
1,8,768,cpu,1,30.874709,30.318375,31.740458,5
1,8,768,tridiag,1,74.720563,74.288678,75.152448,2
1,8,768,cpu_vals,1,14.399000,14.276187,14.861875,11
1,8,768,tridiag_vals,1,58.588667,57.932855,59.244479,2
1,8,768,band8_vals,1,52.199792,51.412542,52.987042,2
1,8,768,band_vals,1,50.715041,50.473437,50.956646,2
1,8,768,band32_vals,1,72.168063,72.048928,72.287199,2
1,8,768,band,1,25.185417,25.011750,25.443115,6
1,2,1024,cpu,1,35.618730,34.823219,36.414240,2
1,2,1024,tridiag,1,27.797479,27.090240,28.156219,6
1,2,1024,cpu_vals,1,19.542063,19.303844,21.126010,8
1,2,1024,tridiag_vals,1,21.840166,21.802104,21.850521,7
1,2,1024,band8_vals,1,25.780292,24.819979,25.913584,7
1,2,1024,band_vals,1,22.520166,21.676105,22.746209,7
1,2,1024,band32_vals,1,28.643958,28.510749,28.777166,2
1,2,1024,band,1,22.781083,22.644208,23.464520,7
1,128,48,tg,1,2.452709,2.436667,2.479542,25
1,128,48,block,1,4.944708,4.900167,5.134417,25
1,128,48,ql,1,0.859875,0.832958,0.894750,25
1,128,48,ql_share,1,1.000750,0.966334,1.065750,25
1,128,48,cpu,1,0.797333,0.784125,0.816958,25
1,128,48,tridiag_batch,1,1.396000,1.363791,1.476791,25
1,128,48,tg_vals,1,2.212958,2.205500,2.225375,25
1,128,48,block_vals,1,4.938958,4.874041,4.968500,25
1,128,48,ql_vals,1,0.744667,0.740042,0.749875,25
1,128,48,ql_share_vals,1,0.931625,0.917791,0.963875,25
1,128,48,cpu_vals,1,0.500916,0.429084,0.613667,25
1,128,48,tridiag_batch_vals,1,0.705209,0.681583,0.886250,25
1,256,256,cpu,1,47.394813,46.922990,47.866635,2
1,256,256,tridiag,1,708.255480,707.445615,709.065344,2
1,256,256,tridiag_batch,1,28.426313,28.157323,28.690208,6
1,256,256,cpu_vals,1,20.502854,20.432927,20.578563,8
1,256,256,tridiag_vals,1,546.505771,544.128302,548.883240,2
1,256,256,tridiag_batch_vals,1,21.041083,20.878156,21.194615,8
1,128,768,cpu,1,303.349625,300.446708,307.435771,3
1,128,768,tridiag_batch,1,261.756209,244.563917,263.836792,5
1,128,768,cpu_vals,1,114.833250,111.623042,126.864083,5
1,128,768,tridiag_batch_vals,1,190.749813,188.994740,192.504885,2
1,16,512,cpu,1,16.289104,15.810969,16.444886,10
1,16,512,tridiag,1,91.456771,90.341198,92.572344,2
1,16,512,tridiag_batch,1,15.573459,15.470875,15.675740,10
1,16,512,cpu_vals,1,7.335875,7.267542,7.530292,21
1,16,512,tridiag_vals,1,69.560042,69.538251,69.581833,2
1,16,512,tridiag_batch_vals,1,12.063667,12.006708,12.108833,13
1,16,512,band8_vals,1,59.032604,58.411552,59.653656,2
1,16,512,band_vals,1,56.502208,56.428396,56.576021,2
1,16,512,band32_vals,1,79.771104,79.740864,79.801344,2
1,16,512,band,1,16.515354,15.759969,16.716063,10
1,256,192,cpu,1,22.718750,22.618813,22.818687,2
1,256,192,tridiag,1,516.049333,513.941437,518.157229,2
1,256,192,tridiag_batch,1,15.841437,15.611542,16.064187,10
1,256,192,cpu_vals,1,11.077687,11.027093,11.302833,14
1,256,192,tridiag_vals,1,398.302730,396.315490,400.289969,2
1,256,192,tridiag_batch_vals,1,10.275833,9.934271,10.414104,15
1,4096,64,tg,1,152.239583,151.201833,153.277333,2
1,4096,64,block,1,94.202417,93.987188,94.417646,2
1,4096,64,ql,1,41.395145,41.365635,41.424656,2
1,4096,64,ql_share,1,22.007333,21.788542,22.241146,7
1,4096,64,cpu,1,39.690770,37.928885,41.452656,2
1,4096,64,tridiag_batch,1,28.398938,28.313583,28.789261,6
1,4096,64,tg_vals,1,135.481417,133.687750,137.275083,2
1,4096,64,block_vals,1,86.512500,86.082354,86.942645,2
1,4096,64,ql_vals,1,30.937208,30.557396,31.317021,2
1,4096,64,ql_share_vals,1,11.780667,11.676333,11.944333,13
1,4096,64,cpu_vals,1,15.620230,15.546636,15.754719,10
1,4096,64,tridiag_batch_vals,1,11.902041,11.825917,12.491208,13
1,64,256,tg,1,422.325938,421.767510,422.884365,2
1,64,256,block,1,69.749750,69.053541,70.445959,2
1,64,256,cpu,1,12.325125,12.229750,12.423625,13
1,64,256,tridiag,1,178.413688,175.427740,181.399636,2
1,64,256,tridiag_batch,1,9.386667,9.280323,10.285532,16
1,64,256,tg_vals,1,260.374646,255.756802,264.992490,2
1,64,256,block_vals,1,53.734187,53.731135,53.737239,2
1,64,256,cpu_vals,1,5.501209,5.422084,5.645458,25
1,64,256,tridiag_vals,1,141.035208,137.649104,144.421312,2
1,64,256,tridiag_batch_vals,1,7.082417,6.814437,7.277094,22
1,128,256,cpu,1,22.602688,22.510886,22.694489,2
1,128,256,tridiag,1,352.499271,351.977927,353.020614,2
1,128,256,tridiag_batch,1,15.830396,15.656010,16.093365,10
1,128,256,cpu_vals,1,10.525917,10.195459,10.718083,15
1,128,256,tridiag_vals,1,273.725958,271.205646,276.246271,2
1,128,256,tridiag_batch_vals,1,11.787292,11.668167,11.840041,13
1,128,96,tg,1,18.884084,18.644125,19.085573,8
1,128,96,block,1,11.085500,11.044021,11.147677,14
1,128,96,cpu,1,3.357500,2.921375,3.366417,25
1,128,96,tridiag_batch,1,4.008625,3.978916,4.156334,25
1,128,96,tg_vals,1,17.743875,17.548708,17.815708,9
1,128,96,block_vals,1,10.400500,10.345584,10.460875,15
1,128,96,cpu_vals,1,1.587916,1.574167,2.093167,25
1,128,96,tridiag_batch_vals,1,1.685417,1.610666,1.724417,25
1,512,2,simd,1,0.137958,0.133375,0.150667,25
1,512,2,tg,1,0.142458,0.130167,0.148500,25
1,512,2,ql,1,0.143792,0.137792,0.150708,25
1,512,2,ql_share,1,0.250000,0.244167,0.261833,25
1,512,2,cpu,1,0.168666,0.073875,0.182291,25
1,512,2,simd_vals,1,0.145166,0.127000,0.156625,25
1,512,2,tg_vals,1,0.137625,0.131750,0.140417,25
1,512,2,ql_vals,1,0.141583,0.139000,0.147709,25
1,512,2,ql_share_vals,1,0.255000,0.250250,0.264917,25
1,512,2,cpu_vals,1,0.078292,0.073500,0.079625,25
1,1024,256,cpu,1,168.154063,166.471553,169.836573,2
1,1024,256,tridiag_batch,1,99.414166,98.230458,100.537084,5
1,1024,256,cpu_vals,1,80.591334,79.363875,83.555709,5
1,1024,256,tridiag_batch_vals,1,69.343750,69.159875,69.743417,5
1,2048,64,tg,1,74.417271,74.302907,74.531635,2
1,2048,64,block,1,48.626146,48.406385,48.845906,2
1,2048,64,ql,1,21.382146,21.380948,21.383343,2
1,2048,64,ql_share,1,11.589291,11.267083,11.781083,13
1,2048,64,cpu,1,18.898979,18.712469,19.304292,8
1,2048,64,tridiag_batch,1,15.573854,15.358125,15.661052,10
1,2048,64,tg_vals,1,65.300187,65.255469,65.344906,2
1,2048,64,block_vals,1,43.174833,43.131541,43.218125,2
1,2048,64,ql_vals,1,16.385354,16.355406,16.401542,10
1,2048,64,ql_share_vals,1,5.928417,5.856084,5.965667,25
1,2048,64,cpu_vals,1,8.025834,7.957625,8.143584,19
1,2048,64,tridiag_batch_vals,1,6.608208,6.520437,6.693937,23
1,256,96,tg,1,36.085020,35.930156,36.239885,2
1,256,96,block,1,18.911459,18.714500,19.037760,8
1,256,96,cpu,1,6.175916,5.939208,6.432750,25
1,256,96,tridiag_batch,1,6.733750,6.595354,6.806416,23
1,256,96,tg_vals,1,32.277250,32.062875,32.491625,2
1,256,96,block_vals,1,17.324250,17.153375,17.493208,9
1,256,96,cpu_vals,1,3.225708,3.158333,3.523625,25
1,256,96,tridiag_batch_vals,1,3.034208,2.998584,3.184209,25
1,512,512,cpu,1,463.669479,451.198260,476.140698,2
1,512,512,tridiag_batch,1,306.805792,302.077000,308.790021,3
1,512,512,cpu_vals,1,178.592000,174.856250,179.810208,5
1,512,512,tridiag_batch_vals,1,237.644375,235.813187,239.475562,2
1,2,1536,cpu,1,92.306021,90.995323,93.616719,2
1,2,1536,tridiag,1,53.669958,52.989500,53.885125,5
1,2,1536,cpu_vals,1,54.028646,53.848782,54.208511,2
1,2,1536,tridiag_vals,1,42.623125,42.109583,43.066417,5
1,2,1536,band8_vals,1,44.565917,43.434791,45.191208,5
1,2,1536,band_vals,1,41.153417,40.348959,41.653000,5
1,2,1536,band32_vals,1,49.614125,49.355250,49.770792,5
1,2,1536,band,1,65.755125,65.090208,69.944209,5
1,256,4,simd,1,0.135333,0.133750,0.143375,25
1,256,4,tg,1,0.136500,0.125875,0.154417,25
1,256,4,ql,1,0.142667,0.134167,0.154292,25
1,256,4,ql_share,1,0.230042,0.223334,0.242750,25
1,256,4,cpu,1,0.150709,0.080667,0.216167,25
1,256,4,simd_vals,1,0.130375,0.126500,0.137625,25
1,256,4,tg_vals,1,0.135500,0.129000,0.137209,25
1,256,4,ql_vals,1,0.135208,0.126542,0.141208,25
1,256,4,ql_share_vals,1,0.222833,0.212958,0.233459,25
1,256,4,cpu_vals,1,0.119875,0.052291,0.121042,25
1,32,384,cpu,1,15.060312,14.954344,15.369740,10
1,32,384,tridiag,1,137.599104,136.484656,138.713552,2
1,32,384,tridiag_batch,1,14.327334,14.174771,14.438084,11
1,32,384,cpu_vals,1,7.297875,7.180833,7.483958,21
1,32,384,tridiag_vals,1,106.336062,105.700094,106.972031,2
1,32,384,tridiag_batch_vals,1,10.675646,10.500021,11.381812,14
1,64,768,cpu,1,155.869416,155.205833,156.533000,2
1,64,768,tridiag,1,581.656229,581.076489,582.235969,2
1,64,768,tridiag_batch,1,117.424625,117.215333,120.327084,5
1,64,768,cpu_vals,1,61.005459,58.952709,65.339334,5
1,64,768,tridiag_vals,1,465.201771,462.513386,467.890156,2
1,64,768,tridiag_batch_vals,1,93.359854,93.049740,93.669968,2
1,64,768,band8_vals,1,392.469271,391.878073,393.060469,2
1,64,768,band_vals,1,376.837333,376.531812,377.142854,2
1,64,768,band32_vals,1,537.841647,534.087928,541.595365,2
1,64,768,band,1,111.719958,110.578583,113.176083,5
1,2,768,cpu,1,15.975396,15.479656,16.371927,10
1,2,768,tridiag,1,20.198084,19.929917,20.466250,2
1,2,768,cpu_vals,1,10.448895,10.305479,10.934448,14
1,2,768,tridiag_vals,1,15.067729,15.001739,15.180229,10
1,2,768,band8_vals,1,15.537980,15.368469,15.830614,10
1,2,768,band_vals,1,14.738750,14.509604,14.832584,11
1,2,768,band32_vals,1,20.635896,20.381052,20.890740,2
1,2,768,band,1,12.665875,12.427636,12.984928,12
1,256,32,simd,1,1.838750,1.827375,1.855334,25
1,256,32,tg,1,1.475500,1.463167,1.511792,25
1,256,32,block,1,3.367333,3.314833,3.399292,25
1,256,32,ql,1,0.497042,0.487750,0.505209,25
1,256,32,ql_share,1,0.580167,0.556084,0.602958,25
1,256,32,cpu,1,0.665292,0.650291,0.679792,25
1,256,32,simd_vals,1,1.669917,1.644917,1.678167,25
1,256,32,tg_vals,1,1.378417,1.370417,1.390375,25
1,256,32,block_vals,1,3.239917,3.194208,3.279750,25
1,256,32,ql_vals,1,0.210791,0.206417,0.221250,25
1,256,32,ql_share_vals,1,0.330833,0.305458,0.374541,25
1,256,32,cpu_vals,1,0.305209,0.302792,0.310916,25
1,1024,192,cpu,1,87.162958,86.775208,87.550708,2
1,1024,192,tridiag_batch,1,54.439750,53.827750,55.050166,5
1,1024,192,cpu_vals,1,46.678125,45.975458,51.515083,5
1,1024,192,tridiag_batch_vals,1,35.465417,34.880459,35.969500,5
1,2048,32,simd,1,11.248750,10.887625,11.455312,14
1,2048,32,tg,1,8.338188,8.224083,8.557458,18
1,2048,32,block,1,9.539187,9.478865,9.618709,16
1,2048,32,ql,1,2.140459,2.083125,2.174083,25
1,2048,32,ql_share,1,2.324209,2.196375,2.967250,25
1,2048,32,cpu,1,5.613416,5.305209,5.796167,25
1,2048,32,simd_vals,1,7.657730,7.595864,7.788302,20
1,2048,32,tg_vals,1,7.306333,7.260459,7.358292,21
1,2048,32,block_vals,1,9.114375,9.052417,9.119750,17
1,2048,32,ql_vals,1,0.582792,0.563875,0.597500,25
1,2048,32,ql_share_vals,1,0.939291,0.916709,1.011375,25
1,2048,32,cpu_vals,1,2.087125,1.757000,2.196375,25
1,256,64,tg,1,10.596709,10.393583,11.061021,15
1,256,64,block,1,7.789750,7.739615,7.915354,20
1,256,64,ql,1,3.649375,3.569750,3.678917,25
1,256,64,ql_share,1,2.698333,2.658916,2.813667,25
1,256,64,cpu,1,2.708791,2.606375,3.089625,25
1,256,64,tridiag_batch,1,3.483542,3.038666,3.647458,25
1,256,64,tg_vals,1,9.157584,8.911958,9.313375,17
1,256,64,block_vals,1,7.454583,7.393261,7.583000,20
1,256,64,ql_vals,1,2.878958,2.839792,2.919292,25
1,256,64,ql_share_vals,1,2.212833,2.141083,2.527333,25
1,256,64,cpu_vals,1,1.661333,1.185458,1.745417,25
1,256,64,tridiag_batch_vals,1,1.455917,1.410333,1.515000,25
1,256,48,tg,1,4.214584,4.171792,4.430625,25
1,256,48,block,1,7.433167,7.339375,7.524834,21
1,256,48,ql,1,1.591667,1.569042,1.597375,25
1,256,48,ql_share,1,0.991584,0.986250,1.021000,25
1,256,48,cpu,1,1.495417,1.474584,1.525459,25
1,256,48,tridiag_batch,1,2.137084,2.092125,2.165625,25
1,256,48,tg_vals,1,3.731583,3.685542,3.756750,25
1,256,48,block_vals,1,7.070500,7.003500,7.345792,21
1,256,48,ql_vals,1,1.232875,1.217792,1.259958,25
1,256,48,ql_share_vals,1,0.848459,0.803375,0.899709,25
1,256,48,cpu_vals,1,0.691042,0.679083,0.725833,25
1,256,48,tridiag_batch_vals,1,1.014083,0.971416,1.063417,25
1,256,768,cpu,1,575.804041,565.920000,582.308979,3
1,256,768,tridiag_batch,1,476.005000,471.404166,501.673938,3
1,256,768,cpu_vals,1,211.156041,210.142750,212.530542,5
1,256,768,tridiag_batch_vals,1,379.040083,378.186104,379.894062,2
1,8,512,cpu,1,13.141938,13.051948,13.186593,12
1,8,512,tridiag,1,44.945271,44.923115,44.967427,2
1,8,512,cpu_vals,1,5.738250,5.612000,6.099791,25
1,8,512,tridiag_vals,1,35.125355,35.123865,35.126844,2
1,8,512,band8_vals,1,30.010771,29.982719,30.038823,2
1,8,512,band_vals,1,28.568458,28.565729,28.571187,2
1,8,512,band32_vals,1,41.155333,41.149020,41.161645,2
1,8,512,band,1,11.428333,11.303802,11.576208,14
1,1,3072,cpu,1,598.366396,597.780969,598.951823,2
1,1,3072,tridiag,1,121.280750,120.020875,121.709833,5
1,1,3072,cpu_vals,1,206.176479,206.019115,206.333844,2
1,1,3072,tridiag_vals,1,87.295854,87.039385,87.552323,2
1,1,3072,band8_vals,1,94.338729,94.251635,94.425823,2
1,1,3072,band_vals,1,66.763667,66.715291,66.851750,5
1,1,3072,band32_vals,1,77.146625,77.002084,77.370541,5
1,1,3072,band,1,101.247041,100.984583,101.694958,5
1,64,512,cpu,1,56.662104,56.330198,56.994010,2
1,64,512,tridiag,1,360.606563,357.998448,363.214677,2
1,64,512,tridiag_batch,1,42.575166,42.567083,42.672250,5
1,64,512,cpu_vals,1,23.603708,23.529521,23.725250,7
1,64,512,tridiag_vals,1,280.763750,278.122292,283.405209,2
1,64,512,tridiag_batch_vals,1,35.537604,35.515281,35.559927,2
1,64,512,band8_vals,1,224.244417,224.093438,224.395396,2
1,64,512,band_vals,1,216.036313,215.832156,216.240469,2
1,64,512,band32_vals,1,312.433063,312.403177,312.462948,2
1,64,512,band,1,42.651459,42.637458,42.837750,5
1,32,768,cpu,1,76.147041,75.783792,76.309875,5
1,32,768,tridiag,1,288.350625,285.984916,290.716334,2
1,32,768,tridiag_batch,1,63.625459,63.583709,63.647375,5
1,32,768,cpu_vals,1,33.007666,32.818750,33.304708,5
1,32,768,tridiag_vals,1,228.546687,225.861802,231.231572,2
1,32,768,tridiag_batch_vals,1,49.132688,48.412615,49.852760,2
1,32,768,band8_vals,1,190.748896,190.677448,190.820343,2
1,32,768,band_vals,1,182.697083,182.575396,182.818770,2
1,32,768,band32_vals,1,263.562729,263.461823,263.663635,2
1,32,768,band,1,64.933542,64.896792,65.008417,5
1,128,512,cpu,1,113.964354,113.955844,113.972865,2
1,128,512,tridiag,1,717.787896,714.949739,720.626053,2
1,128,512,tridiag_batch,1,80.625500,80.581125,80.848375,5
1,128,512,cpu_vals,1,45.094792,44.450250,45.580000,5
1,128,512,tridiag_vals,1,556.534167,554.074646,558.993687,2
1,128,512,tridiag_batch_vals,1,62.758562,62.545365,62.971760,2
1,128,512,band8_vals,1,448.727709,448.469292,448.986125,2
1,128,512,band_vals,1,431.870605,431.557344,432.183865,2
1,128,512,band32_vals,1,623.805896,623.687865,623.923927,2
1,128,512,band,1,75.635291,74.981750,75.797000,5
1,2,512,cpu,1,7.470625,7.250125,7.559010,20
1,2,512,tridiag,1,11.638417,11.462000,11.826750,13
1,2,512,cpu_vals,1,4.371458,4.358667,4.390167,25
1,2,512,tridiag_vals,1,9.455896,9.439166,9.479802,16
1,2,512,band8_vals,1,9.251500,9.193250,9.284791,17
1,2,512,band_vals,1,8.708437,8.684896,8.724646,18
1,2,512,band32_vals,1,12.065500,12.042750,12.076750,13
1,2,512,band,1,7.317084,7.031166,7.456167,21
1,1024,12,simd,1,0.477250,0.458417,0.499667,25
1,1024,12,tg,1,0.475875,0.469916,0.544458,25
1,1024,12,ql,1,0.307334,0.304875,0.315625,25
1,1024,12,ql_share,1,0.637000,0.601041,0.665083,25
1,1024,12,cpu,1,0.425083,0.420875,0.428625,25
1,1024,12,simd_vals,1,0.455584,0.449666,0.503083,25
1,1024,12,tg_vals,1,0.427709,0.405666,0.453333,25
1,1024,12,ql_vals,1,0.208084,0.202500,0.216250,25
1,1024,12,ql_share_vals,1,0.341500,0.327625,0.493459,25
1,1024,12,cpu_vals,1,0.244708,0.241458,0.249209,25
1,4096,32,simd,1,23.010521,22.916136,23.104906,2
1,4096,32,tg,1,15.728124,15.719959,15.765292,10
1,4096,32,block,1,16.714417,16.637250,16.851959,9
1,4096,32,ql,1,3.867375,3.857125,3.870833,25
1,4096,32,ql_share,1,3.635291,3.626209,3.726916,25
1,4096,32,cpu,1,9.180167,9.134458,9.202708,17
1,4096,32,simd_vals,1,14.204958,14.195104,14.223354,11
1,4096,32,tg_vals,1,13.960334,13.950396,13.976937,11
1,4096,32,block_vals,1,14.951250,14.900313,15.042917,11
1,4096,32,ql_vals,1,1.011000,0.968416,1.048791,25
1,4096,32,ql_share_vals,1,1.494125,1.474541,1.521584,25
1,4096,32,cpu_vals,1,3.417500,3.403125,3.434583,25
1,1024,64,tg,1,38.327250,38.190167,38.464334,2
1,1024,64,block,1,23.937272,23.852803,24.021740,2
1,1024,64,ql,1,10.853812,10.837385,10.860136,14
1,1024,64,ql_share,1,6.251521,6.241042,6.278511,24
1,1024,64,cpu,1,9.923583,9.786188,9.996844,16
1,1024,64,tridiag_batch,1,9.490729,9.260593,9.859083,16
1,1024,64,tg_vals,1,33.342084,33.233229,33.450938,2
1,1024,64,block_vals,1,20.886730,20.865282,20.908177,2
1,1024,64,ql_vals,1,8.323625,8.307855,8.329272,19
1,1024,64,ql_share_vals,1,4.088709,3.099791,4.134125,25
1,1024,64,cpu_vals,1,4.414875,3.992083,4.446000,25
1,1024,64,tridiag_batch_vals,1,3.889750,3.814167,3.993625,25
1,128,24,simd,1,0.803583,0.791166,0.839791,25
1,128,24,tg,1,0.469583,0.449333,0.508625,25
1,128,24,ql,1,0.322292,0.315250,0.334708,25
1,128,24,ql_share,1,0.444791,0.439875,0.451833,25
1,128,24,cpu,1,0.260000,0.254917,0.262750,25
1,128,24,simd_vals,1,0.771542,0.725625,0.779500,25
1,128,24,tg_vals,1,0.448083,0.441500,0.478000,25
1,128,24,ql_vals,1,0.180542,0.177041,0.193791,25
1,128,24,ql_share_vals,1,0.308209,0.305875,0.312416,25
1,128,24,cpu_vals,1,0.153125,0.150750,0.160292,25
1,512,48,tg,1,7.694000,7.655167,7.812365,20
1,512,48,block,1,11.837500,11.821208,11.856541,13
1,512,48,ql,1,2.337375,2.331083,2.344084,25
1,512,48,ql_share,1,1.847083,1.839334,1.859459,25
1,512,48,cpu,1,3.401042,2.792708,3.439208,25
1,512,48,tridiag_batch,1,4.797084,4.727333,4.908166,25
1,512,48,tg_vals,1,6.825146,6.792282,6.957209,22
1,512,48,block_vals,1,11.195542,11.152271,11.244636,14
1,512,48,ql_vals,1,1.779959,1.769167,1.785667,25
1,512,48,ql_share_vals,1,1.633000,1.593417,1.670500,25
1,512,48,cpu_vals,1,1.849583,1.251584,1.871292,25
1,512,48,tridiag_batch_vals,1,1.702541,1.662250,1.720708,25
1,2048,384,cpu,1,742.049104,740.109115,743.989094,2
1,2048,384,tridiag_batch,1,503.506583,502.670854,507.806770,3
1,2048,384,cpu_vals,1,343.127958,343.034291,346.053520,3
1,2048,384,tridiag_batch_vals,1,390.372125,389.629666,392.536916,3
1,4096,2,simd,1,0.261209,0.237250,0.268583,25
1,4096,2,tg,1,0.156042,0.152916,0.174333,25
1,4096,2,ql,1,0.135417,0.132584,0.140042,25
1,4096,2,ql_share,1,0.293167,0.286000,0.299042,25
1,4096,2,cpu,1,0.184000,0.179500,0.186750,25
1,4096,2,simd_vals,1,0.146750,0.144125,0.161334,25
1,4096,2,tg_vals,1,0.150833,0.150042,0.151375,25
1,4096,2,ql_vals,1,0.141875,0.139375,0.159875,25
1,4096,2,ql_share_vals,1,0.271291,0.260084,0.281917,25
1,4096,2,cpu_vals,1,0.126625,0.121459,0.129250,25
1,1024,384,cpu,1,376.163958,375.257584,377.070333,2
1,1024,384,tridiag_batch,1,252.001291,251.904500,252.327375,5
1,1024,384,cpu_vals,1,180.605416,180.082708,181.167875,5
1,1024,384,tridiag_batch_vals,1,195.630250,195.422959,196.143916,5
1,64,128,cpu,1,3.194500,2.682375,3.263083,25
1,64,128,tridiag,1,87.012333,86.917229,87.107437,2
1,64,128,tridiag_batch,1,3.210584,3.154792,3.962834,25
1,64,128,cpu_vals,1,1.352333,1.338500,1.846791,25
1,64,128,tridiag_vals,1,63.397146,63.371823,63.422469,2
1,64,128,tridiag_batch_vals,1,1.847167,1.808875,1.857875,25
1,256,16,simd,1,0.340625,0.333584,0.347959,25
1,256,16,tg,1,0.321833,0.314167,0.327000,25
1,256,16,ql,1,0.259667,0.256792,0.268250,25
1,256,16,ql_share,1,0.418125,0.411542,0.425333,25
1,256,16,cpu,1,0.235834,0.227000,0.270292,25
1,256,16,simd_vals,1,0.316416,0.312959,0.323250,25
1,256,16,tg_vals,1,0.303334,0.297291,0.310583,25
1,256,16,ql_vals,1,0.178834,0.167583,0.187083,25
1,256,16,ql_share_vals,1,0.326541,0.320500,0.334542,25
1,256,16,cpu_vals,1,0.147542,0.145167,0.149209,25
1,1,4096,cpu,1,2224.424812,2215.941677,2232.907948,2
1,1,4096,tridiag,1,273.256146,267.795614,278.716678,2
1,1,4096,cpu_vals,1,463.039312,463.038281,463.040344,2
1,1,4096,tridiag_vals,1,200.757729,197.395094,204.120364,2
1,1,4096,band8_vals,1,194.591645,194.454635,194.728656,2
1,1,4096,band_vals,1,124.751250,124.192208,124.827583,5
1,1,4096,band32_vals,1,123.867541,123.655958,124.227917,5
1,1,4096,band,1,200.985250,200.416667,201.786250,5
1,1,1024,cpu,1,33.011083,32.921334,33.100833,2
1,1,1024,tridiag,1,17.759833,17.390667,17.823250,9
1,1,1024,cpu_vals,1,17.980042,17.961750,17.999084,9
1,1,1024,tridiag_vals,1,11.513896,11.486083,11.546312,14
1,1,1024,band8_vals,1,14.496209,14.185291,14.556521,11
1,1,1024,band_vals,1,12.720437,12.621281,12.941542,12
1,1,1024,band32_vals,1,16.399417,16.347386,16.485551,10
1,1,1024,band,1,17.491792,16.742958,17.702708,9
1,4,768,cpu,1,20.302604,20.133427,20.346010,8
1,4,768,tridiag,1,36.659646,36.502282,36.817011,2
1,4,768,cpu_vals,1,11.108021,11.075073,11.150177,14
1,4,768,tridiag_vals,1,28.934250,28.908438,28.960062,2
1,4,768,band8_vals,1,27.047688,26.944427,27.150948,2
1,4,768,band_vals,1,25.797604,25.643093,25.952115,2
1,4,768,band32_vals,1,36.415229,36.340302,36.490156,2
1,4,768,band,1,18.182625,18.145042,18.404709,9
1,512,192,cpu,1,45.616229,45.310656,45.921802,2
1,512,192,tridiag_batch,1,28.799188,28.493198,29.005771,6
1,512,192,cpu_vals,1,23.236083,22.186896,23.409375,7
1,512,192,tridiag_batch_vals,1,19.224625,19.026792,19.487396,8
1,16,384,cpu,1,7.796625,7.781417,8.138427,20
1,16,384,tridiag,1,66.096791,66.026875,66.166708,2
1,16,384,tridiag_batch,1,10.230667,9.723313,10.544020,15
1,16,384,cpu_vals,1,4.126875,3.748417,4.144541,25
1,16,384,tridiag_vals,1,52.240291,52.230166,52.250416,2
1,16,384,tridiag_batch_vals,1,7.323042,7.130208,7.436792,21
1,1,2048,cpu,1,194.422771,194.363802,194.481740,2
1,1,2048,tridiag,1,52.421791,51.657708,52.779291,5
1,1,2048,cpu_vals,1,80.743250,80.706813,80.779687,2
1,1,2048,tridiag_vals,1,35.866375,35.864667,35.867709,5
1,1,2048,band8_vals,1,47.767730,47.627594,47.907865,2
1,1,2048,band_vals,1,37.719667,37.226709,38.131167,5
1,1,2048,band32_vals,1,45.135959,44.794542,45.185917,5
1,1,2048,band,1,49.575416,49.512291,50.262792,5
1,1,1536,cpu,1,80.587980,80.223094,80.952865,2
1,1,1536,tridiag,1,30.416250,30.229250,30.606334,5
1,1,1536,cpu_vals,1,42.353271,42.333427,42.373114,2
1,1,1536,tridiag_vals,1,21.232479,21.175156,21.257427,8
1,1,1536,band8_vals,1,25.724875,25.351437,26.072313,6
1,1,1536,band_vals,1,21.259625,21.100459,21.576916,7
1,1,1536,band32_vals,1,26.275208,26.192823,26.635094,6
1,1,1536,band,1,30.048083,29.992958,30.666959,5
1,2048,4,simd,1,0.187250,0.182583,0.191916,25
1,2048,4,tg,1,0.194500,0.188958,0.198333,25
1,2048,4,ql,1,0.166292,0.150583,0.178333,25
1,2048,4,ql_share,1,0.302625,0.297000,0.309334,25
1,2048,4,cpu,1,0.196083,0.190750,0.200041,25
1,2048,4,simd_vals,1,0.183875,0.179709,0.191083,25
1,2048,4,tg_vals,1,0.187209,0.181625,0.192625,25
1,2048,4,ql_vals,1,0.150834,0.144917,0.160750,25
1,2048,4,ql_share_vals,1,0.286333,0.281167,0.294916,25
1,2048,4,cpu_vals,1,0.144750,0.141042,0.149042,25
1,64,8,simd,1,0.161291,0.154334,0.193292,25
1,64,8,tg,1,0.167000,0.163125,0.181250,25
1,64,8,ql,1,0.176208,0.164334,0.181166,25
1,64,8,ql_share,1,0.144375,0.131458,0.156792,25
1,64,8,cpu,1,0.151417,0.107875,0.156750,25
1,64,8,simd_vals,1,0.161459,0.153958,0.167875,25
1,64,8,tg_vals,1,0.164208,0.158416,0.169542,25
1,64,8,ql_vals,1,0.151791,0.144000,0.156167,25
1,64,8,ql_share_vals,1,0.124208,0.119209,0.133250,25
1,64,8,cpu_vals,1,0.080791,0.078917,0.082916,25
