pass,batch,M,N,backend,ok,ms,p25,p75,reps
0,4,4,4,jacobi,1,0.258667,0.237084,0.274208,25
0,4,4,4,gk,1,0.198125,0.183708,0.202083,25
0,4,4,4,gk_vals,1,0.224541,0.197833,0.251667,25
0,4,4,4,cpu_vals,1,0.017916,0.016750,0.018416,25
0,4,4,4,cpu,1,0.016250,0.014792,0.017833,25
0,4096,16,8,jacobi,1,1.173417,1.133250,1.659167,25
0,4096,16,8,qr,1,1.716916,1.684958,1.751333,25
0,4096,16,8,gk,1,0.463875,0.461833,0.466417,25
0,4096,16,8,gk_vals,1,0.272416,0.261792,0.280125,25
0,4096,16,8,cpu_vals,1,1.020458,0.985125,1.050584,25
0,4096,16,8,gk_share,1,0.802333,0.800041,0.863625,25
0,4096,16,8,gk_share_vals,1,0.700083,0.615250,0.714250,25
0,4096,16,8,cpu,1,1.823167,1.794750,1.848583,25
0,256,512,32,jacobi,1,11.061375,10.844718,11.169438,14
0,256,512,32,block,1,7.688771,7.046094,7.902792,20
0,256,512,32,qr,1,3.638375,3.579833,3.675208,25
0,256,512,32,qrblock,1,4.600875,4.571667,4.653000,25
0,256,512,32,gk,1,2.782000,2.720000,2.803916,25
0,256,512,32,gk_vals,1,1.470667,1.424875,1.484875,25
0,256,512,32,cpu_vals,1,1.919291,1.874667,2.025375,25
0,256,512,32,gk_share,1,2.479041,2.429791,2.823542,25
0,256,512,32,gk_share_vals,1,1.173500,1.142292,1.287000,25
0,256,512,32,cpu,1,3.626833,3.588500,3.643000,25
0,256,512,32,bidiag_batch,1,3.826708,3.775833,3.987917,25
0,256,512,32,bidiag_batch_vals,1,1.784250,1.740959,1.846333,25
0,1,8,8,jacobi,1,0.289541,0.264834,0.307167,25
0,1,8,8,gk,1,0.256375,0.237875,0.266958,25
0,1,8,8,gk_vals,1,0.183584,0.177166,0.201291,25
0,1,8,8,cpu_vals,1,0.004583,0.004542,0.004625,25
0,1,8,8,cpu,1,0.005791,0.005750,0.005792,25
0,4,512,32,jacobi,1,0.533292,0.527958,0.561166,25
0,4,512,32,block,1,2.742875,2.709416,2.813333,25
0,4,512,32,qr,1,0.655041,0.647542,0.668334,25
0,4,512,32,qrblock,1,2.075750,2.038542,2.101834,25
0,4,512,32,gk,1,1.006125,0.946833,1.009625,25
0,4,512,32,gk_vals,1,0.439750,0.432000,0.448500,25
0,4,512,32,cpu_vals,1,0.127417,0.124208,0.130167,25
0,4,512,32,cpu,1,0.217042,0.214583,0.218833,25
0,1,512,256,cpu,1,4.416208,4.314667,4.476584,25
0,1,512,256,bidiag,1,7.524833,7.411531,7.630073,20
0,1,512,256,bidiag_vals,1,5.620750,5.590416,5.661625,25
0,1,512,256,cpu_vals,1,2.384833,2.379500,2.389833,25
0,1024,512,256,cpu,1,424.042125,423.087000,424.997250,2
0,1024,512,256,bidiag_batch,1,280.592500,278.888979,290.582146,3
0,1024,512,256,bidiag_batch_vals,1,132.599458,132.529708,139.990208,5
0,1024,512,256,cpu_vals,1,207.261417,204.840917,207.554334,5
0,64,2048,256,cpu,1,74.128500,71.966208,74.397333,5
0,64,2048,256,bidiag,1,464.898104,459.728781,470.067427,2
0,64,2048,256,bidiag_vals,1,361.795042,356.177916,367.412167,2
0,64,2048,256,cpu_vals,1,30.866625,30.734708,31.767125,5
0,64,2048,256,bidiag_batch,1,57.233458,56.654417,57.334875,5
0,64,2048,256,bidiag_batch_vals,1,30.099917,30.057875,30.407792,5
0,4096,32,32,jacobi,1,21.787645,21.687781,21.887510,2
0,4096,32,32,block,1,21.358396,21.286469,21.430323,2
0,4096,32,32,gk,1,5.211750,5.201958,5.221667,25
0,4096,32,32,gk_vals,1,1.948041,1.934292,1.951459,25
0,4096,32,32,cpu_vals,1,5.220417,5.182250,5.259500,25
0,4096,32,32,gk_share,1,5.262958,5.191541,5.345209,25
0,4096,32,32,gk_share_vals,1,2.176375,2.164708,2.200583,25
0,4096,32,32,cpu,1,14.894417,14.766542,14.917687,11
0,4096,32,32,bidiag_batch,1,17.715208,17.693208,17.910291,9
0,4096,32,32,bidiag_batch_vals,1,7.678479,7.508854,7.864386,20
0,256,256,64,jacobi,1,24.977229,24.791781,25.162677,2
0,256,256,64,block,1,12.147250,11.940709,12.186708,13
0,256,256,64,qr,1,11.827250,11.605958,12.747875,13
0,256,256,64,qrblock,1,9.832166,9.711813,9.867959,16
0,256,256,64,gk,1,7.520167,7.477552,7.573042,20
0,256,256,64,gk_vals,1,3.963583,3.922958,4.008125,25
0,256,256,64,cpu_vals,1,3.345250,3.248666,3.436625,25
0,256,256,64,gk_share,1,5.366000,5.335959,5.389666,25
0,256,256,64,gk_share_vals,1,3.395500,3.335291,4.593250,25
0,256,256,64,cpu,1,7.335917,7.235959,7.479333,21
0,256,256,64,bidiag_batch,1,7.774209,7.718990,7.864333,20
0,256,256,64,bidiag_batch_vals,1,3.305958,3.253417,3.466500,25
0,256,512,256,cpu,1,116.068770,114.868114,117.269427,2
0,256,512,256,bidiag_batch,1,76.260042,73.063459,76.345250,5
0,256,512,256,bidiag_batch_vals,1,37.045458,36.795834,37.697166,5
0,256,512,256,cpu_vals,1,55.022166,55.017521,55.026812,2
0,64,256,64,jacobi,1,4.748292,4.741875,4.757125,25
0,64,256,64,block,1,4.407250,4.375334,4.475459,25
0,64,256,64,qr,1,3.341625,3.304209,3.403416,25
0,64,256,64,qrblock,1,4.283041,4.150375,4.303875,25
0,64,256,64,gk,1,3.039333,2.940666,3.054792,25
0,64,256,64,gk_vals,1,2.013666,2.002792,2.055209,25
0,64,256,64,cpu_vals,1,1.336750,0.974542,1.408917,25
0,64,256,64,gk_share,1,3.083459,2.982000,3.108000,25
0,64,256,64,gk_share_vals,1,2.260667,2.238000,2.313250,25
0,64,256,64,cpu,1,2.402167,2.002959,2.438583,25
0,64,256,64,bidiag_batch,1,2.878042,2.827625,2.951084,25
0,64,256,64,bidiag_batch_vals,1,1.581333,1.552667,1.605500,25
0,4,1792,1792,cpu,1,431.835062,380.125656,483.544469,2
0,4,1792,1792,bidiag,1,297.720500,297.305750,307.879396,3
0,4,1792,1792,bidiag_vals,1,244.832979,243.026636,246.639323,2
0,4,1792,1792,cpu_vals,1,204.909437,203.361219,206.457656,2
0,4,1792,1792,band,1,268.071875,265.899750,271.849625,5
0,4,1792,1792,band8_vals,1,144.814916,144.343042,146.979834,5
0,4,1792,1792,band_vals,1,134.225417,134.057125,134.464208,5
0,4,1792,1792,band32_vals,1,190.694292,190.578480,190.810104,2
0,1,64,32,jacobi,1,0.291750,0.284292,0.298875,25
0,1,64,32,block,1,2.046625,1.956709,2.139333,25
0,1,64,32,qr,1,0.519916,0.512625,0.527042,25
0,1,64,32,qrblock,1,2.165875,2.069083,2.266416,25
0,1,64,32,gk,1,0.705125,0.665500,0.749958,25
0,1,64,32,gk_vals,1,0.494417,0.477791,0.533167,25
0,1,64,32,cpu_vals,1,0.026250,0.026125,0.026459,25
0,1,64,32,cpu,1,0.068708,0.068542,0.069084,25
0,1,80,80,jacobi,1,1.484417,1.469333,1.511625,25
0,1,80,80,block,1,3.827708,3.769042,3.932291,25
0,1,80,80,gk,1,2.417125,2.401875,2.424459,25
0,1,80,80,gk_vals,1,1.816167,1.797291,1.825625,25
0,1,80,80,cpu_vals,1,0.185792,0.184959,0.186083,25
0,1,80,80,cpu,1,0.348917,0.344250,0.351541,25
0,1024,16,16,jacobi,1,1.415750,1.354000,1.427208,25
0,1024,16,16,gk,1,0.454250,0.448542,0.458042,25
0,1024,16,16,gk_vals,1,0.260917,0.249125,0.267417,25
0,1024,16,16,cpu_vals,1,0.510542,0.502375,0.539083,25
0,1024,16,16,gk_share,1,0.726500,0.720292,0.735083,25
0,1024,16,16,gk_share_vals,1,0.542500,0.518500,0.555333,25
0,1024,16,16,cpu,1,1.117583,1.066000,1.129333,25
0,4,32,8,jacobi,1,0.289041,0.245041,0.315208,25
0,4,32,8,qr,1,0.439625,0.430791,0.461292,25
0,4,32,8,gk,1,0.250584,0.196334,0.265208,25
0,4,32,8,gk_vals,1,0.167458,0.149459,0.216417,25
0,4,32,8,cpu_vals,1,0.019417,0.018250,0.020250,25
0,4,32,8,cpu,1,0.022167,0.021292,0.022292,25
0,16,192,192,cpu,1,3.049792,3.013833,3.131666,25
0,16,192,192,bidiag,1,55.887230,55.854907,55.919552,2
0,16,192,192,bidiag_vals,1,38.946021,38.855885,39.036156,2
0,16,192,192,cpu_vals,1,1.591833,1.532708,2.055083,25
0,16,192,192,bidiag_batch,1,4.152000,4.113208,4.414750,25
0,16,192,192,bidiag_batch_vals,1,2.414042,2.360834,2.803333,25
0,256,512,512,cpu,1,382.417334,381.855480,386.816792,3
0,256,512,512,bidiag_batch,1,334.589500,333.470312,347.077396,3
0,256,512,512,bidiag_batch_vals,1,96.497958,96.237125,102.781625,5
0,256,512,512,cpu_vals,1,195.764792,195.663917,195.865667,2
0,4,64,8,jacobi,1,0.277500,0.261584,0.286416,25
0,4,64,8,qr,1,0.387875,0.381583,0.401250,25
0,4,64,8,gk,1,0.256208,0.238750,0.264000,25
0,4,64,8,gk_vals,1,0.180167,0.171916,0.248292,25
0,4,64,8,cpu_vals,1,0.023000,0.021083,0.024500,25
0,4,64,8,cpu,1,0.021834,0.021042,0.024625,25
0,1024,48,48,jacobi,1,19.616333,19.366490,19.813615,8
0,1024,48,48,block,1,24.733937,24.726739,24.741136,2
0,1024,48,48,gk,1,6.398979,6.380646,6.406604,24
0,1024,48,48,gk_vals,1,3.143458,3.118792,3.149625,25
0,1024,48,48,cpu_vals,1,3.069709,2.741625,3.088625,25
0,1024,48,48,gk_share,1,4.635375,4.590250,4.701083,25
0,1024,48,48,gk_share_vals,1,2.161417,2.140709,2.172042,25
0,1024,48,48,cpu,1,8.798625,8.745427,8.840917,18
0,1024,48,48,bidiag_batch,1,13.232604,12.954073,13.430500,12
0,1024,48,48,bidiag_batch_vals,1,5.016375,4.884791,5.300208,25
0,1,512,512,cpu,1,12.858625,12.736948,13.092354,12
0,1,512,512,bidiag,1,12.996771,12.854437,13.126073,12
0,1,512,512,bidiag_vals,1,8.853083,8.827333,8.948333,17
0,1,512,512,cpu_vals,1,7.708251,7.697875,7.724573,20
0,1,512,512,band,1,11.443145,11.190969,11.628542,14
0,1,512,512,band8_vals,1,8.467230,8.449500,8.506500,18
0,1,512,512,band_vals,1,8.957125,8.925584,9.021958,17
0,1,512,512,band32_vals,1,12.844188,12.825990,12.857374,12
0,64,128,32,jacobi,1,0.835917,0.818833,0.856292,25
0,64,128,32,block,1,2.089791,2.072875,2.104875,25
0,64,128,32,qr,1,1.196084,1.174875,1.250250,25
0,64,128,32,qrblock,1,2.366125,2.335333,2.413458,25
0,64,128,32,gk,1,0.866666,0.843792,0.913834,25
0,64,128,32,gk_vals,1,0.545750,0.534166,0.563625,25
0,64,128,32,cpu_vals,1,0.254541,0.252541,0.258542,25
0,64,128,32,gk_share,1,0.990500,0.987959,0.997084,25
0,64,128,32,gk_share_vals,1,0.651292,0.647916,0.670084,25
0,64,128,32,cpu,1,0.489458,0.482875,0.521500,25
0,64,128,32,bidiag_batch,1,1.592542,1.574958,1.635125,25
0,64,128,32,bidiag_batch_vals,1,0.784375,0.767625,0.875625,25
0,4,1024,1024,cpu,1,82.740916,74.111750,91.370083,2
0,4,1024,1024,bidiag,1,108.572688,105.830323,111.315053,2
0,4,1024,1024,bidiag_vals,1,76.516708,76.498437,76.534979,2
0,4,1024,1024,cpu_vals,1,43.281833,41.649666,45.162708,5
0,4,1024,1024,band,1,44.770250,44.316834,44.948125,5
0,4,1024,1024,band8_vals,1,59.233229,59.030031,59.436427,2
0,4,1024,1024,band_vals,1,59.596978,59.455635,59.738322,2
0,4,1024,1024,band32_vals,1,91.278646,91.209802,91.347490,2
0,4096,128,128,jacobi,1,1938.483833,1931.871646,1945.096021,2
0,4096,128,128,block,1,742.949563,734.706511,751.192615,2
0,4096,128,128,cpu,1,288.393104,288.325010,288.461198,2
0,4096,128,128,bidiag_batch,1,144.719167,143.452833,154.705459,5
0,4096,128,128,bidiag_batch_vals,1,77.250167,77.065500,77.519166,5
0,4096,128,128,cpu_vals,1,198.742812,197.117447,200.368177,2
0,4,1024,128,jacobi,1,19.550000,19.547094,19.555708,8
0,4,1024,128,block,1,9.143458,8.999417,9.256250,17
0,4,1024,128,qr,1,5.349583,5.337125,5.372541,25
0,4,1024,128,qrblock,1,6.645958,6.543521,6.758563,23
0,4,1024,128,cpu,1,2.625667,2.569292,2.772125,25
0,4,1024,128,bidiag,1,14.100625,14.068021,14.193375,11
0,4,1024,128,bidiag_vals,1,11.544833,10.981011,11.650251,14
0,4,1024,128,cpu_vals,1,1.451583,1.420250,1.503625,25
0,64,16,8,jacobi,1,0.199500,0.187458,0.210667,25
0,64,16,8,qr,1,0.454042,0.442417,0.490292,25
0,64,16,8,gk,1,0.190208,0.174291,0.195750,25
0,64,16,8,gk_vals,1,0.156667,0.146833,0.159958,25
0,64,16,8,cpu_vals,1,0.165500,0.084292,0.214416,25
0,64,16,8,gk_share,1,0.295333,0.292917,0.300042,25
0,64,16,8,gk_share_vals,1,0.270500,0.264125,0.272792,25
0,64,16,8,cpu,1,0.216458,0.119500,0.381875,25
0,256,128,64,jacobi,1,11.849958,11.585760,14.870959,12
0,256,128,64,block,1,8.795791,8.737604,8.846865,18
0,256,128,64,qr,1,11.467667,11.154084,12.122709,13
0,256,128,64,qrblock,1,9.115750,9.069916,9.180292,17
0,256,128,64,gk,1,6.685333,6.650875,6.703479,23
0,256,128,64,gk_vals,1,3.448208,3.411583,3.471584,25
0,256,128,64,cpu_vals,1,2.556084,2.274416,2.590417,25
0,256,128,64,gk_share,1,4.616459,4.563500,4.653125,25
0,256,128,64,gk_share_vals,1,2.918125,2.846459,3.710125,25
0,256,128,64,cpu,1,5.473208,5.409458,5.631167,25
0,256,128,64,bidiag_batch,1,7.400959,7.302125,7.689542,21
0,256,128,64,bidiag_batch_vals,1,2.865458,2.777167,2.952166,25
0,4,48,48,jacobi,1,0.679042,0.648083,0.726417,25
0,4,48,48,block,1,2.482792,2.456166,2.516958,25
0,4,48,48,gk,1,1.069625,1.057583,1.115041,25
0,4,48,48,gk_vals,1,0.838792,0.825500,0.886459,25
0,4,48,48,cpu_vals,1,0.061750,0.061292,0.062583,25
0,4,48,48,cpu,1,0.138500,0.133917,0.141166,25
0,256,24,24,jacobi,1,1.106459,1.049417,1.154833,25
0,256,24,24,gk,1,0.449708,0.443166,0.464625,25
0,256,24,24,gk_vals,1,0.259417,0.256958,0.268333,25
0,256,24,24,cpu_vals,1,0.312542,0.307834,0.323125,25
0,256,24,24,gk_share,1,0.579083,0.573209,0.582791,25
0,256,24,24,gk_share_vals,1,0.404834,0.401041,0.409584,25
0,256,24,24,cpu,1,0.682333,0.672500,0.702417,25
0,16,2048,128,jacobi,1,87.360396,87.156907,87.563885,2
0,16,2048,128,block,1,21.254750,21.253333,21.256166,2
0,16,2048,128,qr,1,7.785416,7.773292,7.820364,20
0,16,2048,128,qrblock,1,9.809479,9.742521,9.914448,16
0,16,2048,128,cpu,1,8.218583,8.157312,8.292625,19
0,16,2048,128,bidiag,1,57.760563,57.678803,57.842323,2
0,16,2048,128,bidiag_vals,1,43.435666,43.420604,43.450729,2
0,16,2048,128,cpu_vals,1,3.942792,3.884584,3.995125,25
0,16,2048,128,bidiag_batch,1,5.950334,5.920250,6.635083,25
0,16,2048,128,bidiag_batch_vals,1,3.767125,3.744083,3.806083,25
0,1,512,32,jacobi,1,0.532416,0.524084,0.572792,25
0,1,512,32,block,1,2.777625,2.749667,2.800291,25
0,1,512,32,qr,1,0.599584,0.591292,0.602958,25
0,1,512,32,qrblock,1,2.197333,2.043084,2.345292,25
0,1,512,32,gk,1,0.844417,0.792375,0.886708,25
0,1,512,32,gk_vals,1,0.362166,0.357584,0.369083,25
0,1,512,32,cpu_vals,1,0.070292,0.070042,0.070542,25
0,1,512,32,cpu,1,0.144209,0.143584,0.144708,25
0,4096,32,16,jacobi,1,4.463333,4.453291,4.479375,25
0,4096,32,16,qr,1,5.637041,5.618916,5.692458,25
0,4096,32,16,gk,1,1.739209,1.730667,1.774167,25
0,4096,32,16,gk_vals,1,0.846083,0.789625,0.851125,25
0,4096,32,16,cpu_vals,1,2.463709,2.436084,2.805125,25
0,4096,32,16,gk_share,1,3.461583,3.267417,3.502791,25
0,4096,32,16,gk_share_vals,1,1.416000,1.376167,1.432750,25
0,4096,32,16,cpu,1,6.682208,6.600792,6.743125,23
0,4096,512,16,jacobi,1,41.250730,40.298240,42.203219,2
0,4096,512,16,qr,1,14.897833,14.817626,14.910146,11
0,4096,512,16,gk,1,12.142125,11.932625,12.315125,13
0,4096,512,16,gk_vals,1,5.745875,5.630750,5.809709,25
0,4096,512,16,cpu_vals,1,8.891292,8.803666,8.997166,17
0,4096,512,16,gk_share,1,14.099375,13.690562,14.615937,11
0,4096,512,16,gk_share_vals,1,7.284875,7.169667,7.349291,21
0,4096,512,16,cpu,1,17.174583,16.852792,17.256500,9
0,256,128,32,jacobi,1,2.425042,2.410333,2.432667,25
0,256,128,32,block,1,3.390958,3.371084,3.463959,25
0,256,128,32,qr,1,2.475375,2.447667,2.500833,25
0,256,128,32,qrblock,1,3.386250,3.368583,3.408666,25
0,256,128,32,gk,1,1.974375,1.936875,2.006750,25
0,256,128,32,gk_vals,1,1.265792,1.244667,1.284959,25
0,256,128,32,cpu_vals,1,0.730458,0.685125,1.199375,25
0,256,128,32,gk_share,1,1.585625,1.566708,1.612375,25
0,256,128,32,gk_share_vals,1,1.122375,1.073667,1.154750,25
0,256,128,32,cpu,1,1.577125,1.567375,1.644583,25
0,256,128,32,bidiag_batch,1,2.891958,2.870041,2.933959,25
0,256,128,32,bidiag_batch_vals,1,1.217875,1.179083,1.277041,25
0,64,64,32,jacobi,1,0.776625,0.744542,0.786791,25
0,64,64,32,block,1,2.205667,2.176709,2.293750,25
0,64,64,32,qr,1,1.102500,1.065875,1.161208,25
0,64,64,32,qrblock,1,2.479917,2.466000,2.524000,25
0,64,64,32,gk,1,0.787333,0.768167,0.835750,25
0,64,64,32,gk_vals,1,0.519083,0.499083,0.543417,25
0,64,64,32,cpu_vals,1,0.236250,0.233500,0.244667,25
0,64,64,32,gk_share,1,0.947333,0.852292,0.955667,25
0,64,64,32,gk_share_vals,1,0.612708,0.610250,0.616875,25
0,64,64,32,cpu,1,0.438791,0.435958,0.444542,25
0,64,64,32,bidiag_batch,1,1.499083,1.485416,1.524375,25
0,64,64,32,bidiag_batch_vals,1,0.759333,0.723667,0.845291,25
0,64,64,64,jacobi,1,2.680541,2.678208,2.698750,25
0,64,64,64,block,1,3.666375,3.641000,3.759834,25
0,64,64,64,gk,1,1.830916,1.819625,1.837083,25
0,64,64,64,gk_vals,1,1.301500,1.282958,1.319041,25
0,64,64,64,cpu_vals,1,0.409333,0.401959,0.449625,25
0,64,64,64,gk_share,1,1.959959,1.945792,1.964959,25
0,64,64,64,gk_share_vals,1,1.435500,1.414750,1.446458,25
0,64,64,64,cpu,1,0.963042,0.954000,0.983791,25
0,64,64,64,bidiag_batch,1,1.957167,1.910083,1.986125,25
0,64,64,64,bidiag_batch_vals,1,1.157500,1.120084,1.166708,25
0,64,1024,128,jacobi,1,178.426355,178.215990,178.636719,2
0,64,1024,128,block,1,36.536187,36.515990,36.556385,2
0,64,1024,128,qr,1,35.039917,35.038000,35.041833,2
0,64,1024,128,qrblock,1,17.557750,17.316250,17.731792,9
0,64,1024,128,cpu,1,16.361896,16.231229,16.597406,10
0,64,1024,128,bidiag,1,229.239125,225.952646,232.525604,2
0,64,1024,128,bidiag_vals,1,173.740917,171.502333,175.979501,2
0,64,1024,128,cpu_vals,1,7.701270,7.517157,7.882291,20
0,64,1024,128,bidiag_batch,1,10.792770,10.569657,10.968166,14
0,64,1024,128,bidiag_batch_vals,1,5.293833,5.238833,5.332167,25
0,64,256,256,jacobi,1,293.329125,291.719688,294.938562,2
0,64,256,256,block,1,84.264770,83.871552,84.657989,2
0,64,256,256,cpu,1,20.786958,20.732521,20.841396,2
0,64,256,256,bidiag,1,305.939875,305.699521,306.180230,2
0,64,256,256,bidiag_vals,1,219.179604,216.970615,221.388593,2
0,64,256,256,cpu_vals,1,10.461292,10.353729,10.664250,15
0,64,256,256,bidiag_batch,1,16.026834,15.717250,16.110990,10
0,64,256,256,bidiag_batch_vals,1,8.616229,8.437740,9.181281,18
0,4,512,16,jacobi,1,0.322041,0.313458,0.342916,25
0,4,512,16,qr,1,0.492958,0.484833,0.503875,25
0,4,512,16,gk,1,0.622750,0.611875,0.661917,25
0,4,512,16,gk_vals,1,0.293666,0.290583,0.299208,25
0,4,512,16,cpu_vals,1,0.060416,0.059625,0.061958,25
0,4,512,16,cpu,1,0.091875,0.089833,0.093708,25
0,1,1536,1536,cpu,1,132.427813,132.094885,132.760740,2
0,1,1536,1536,bidiag,1,67.838959,67.327042,69.146500,5
0,1,1536,1536,bidiag_vals,1,46.993375,46.530187,47.456563,2
0,1,1536,1536,cpu_vals,1,85.616625,85.565145,85.668104,2
0,1,1536,1536,band,1,50.862125,50.215042,51.691459,5
0,1,1536,1536,band8_vals,1,36.842583,36.805375,37.320084,5
0,1,1536,1536,band_vals,1,34.495042,33.269625,34.537958,5
0,1,1536,1536,band32_vals,1,46.474874,46.081020,46.868729,2
0,1024,256,8,jacobi,1,0.974250,0.953166,1.016459,25
0,1024,256,8,qr,1,2.135083,2.086792,2.184084,25
0,1024,256,8,gk,1,1.042583,1.000792,1.070666,25
0,1024,256,8,gk_vals,1,0.517542,0.484584,0.526333,25
0,1024,256,8,cpu_vals,1,1.049708,0.636958,1.160667,25
0,1024,256,8,gk_share,1,0.926458,0.907417,0.950166,25
0,1024,256,8,gk_share_vals,1,0.599750,0.577625,0.643250,25
0,1024,256,8,cpu,1,1.503625,1.117542,1.513750,25
0,4096,128,8,jacobi,1,1.934500,1.915583,2.112042,25
0,4096,128,8,qr,1,3.009959,2.965916,3.084000,25
0,4096,128,8,gk,1,2.028708,2.017792,2.041750,25
0,4096,128,8,gk_vals,1,0.982875,0.929291,1.003709,25
0,4096,128,8,cpu_vals,1,1.909250,1.535875,1.946458,25
0,4096,128,8,gk_share,1,1.846958,1.822292,1.906542,25
0,4096,128,8,gk_share_vals,1,1.153208,1.126250,1.214083,25
0,4096,128,8,cpu,1,3.148333,3.119792,3.205708,25
0,64,192,192,cpu,1,9.996458,9.950979,10.184958,15
0,64,192,192,bidiag,1,227.109813,226.390949,227.828677,2
0,64,192,192,bidiag_vals,1,157.489625,157.151813,157.827437,2
0,64,192,192,cpu_vals,1,5.407208,5.069667,5.501750,25
0,64,192,192,bidiag_batch,1,10.429333,10.137375,10.545500,15
0,64,192,192,bidiag_batch_vals,1,5.293208,5.186250,5.466958,25
0,256,1024,64,jacobi,1,156.047042,155.885021,156.209062,2
0,256,1024,64,block,1,30.625020,30.412823,30.837218,2
0,256,1024,64,qr,1,19.234813,18.586281,19.883344,2
0,256,1024,64,qrblock,1,15.874167,15.839614,16.072010,10
0,256,1024,64,gk,1,14.010292,13.809333,14.150834,11
0,256,1024,64,gk_vals,1,8.015041,7.990125,8.131042,19
0,256,1024,64,cpu_vals,1,9.103208,8.969833,9.220291,17
0,256,1024,64,gk_share,1,9.759458,9.670979,10.027959,15
0,256,1024,64,gk_share_vals,1,6.189166,6.035687,6.993875,23
0,256,1024,64,cpu,1,18.402417,18.130666,18.561208,9
0,256,1024,64,bidiag_batch,1,12.712625,12.401376,13.129302,12
0,256,1024,64,bidiag_batch_vals,1,5.734333,5.681917,5.750209,25
0,1,192,192,cpu,1,1.699625,1.671042,1.712334,25
0,1,192,192,bidiag,1,4.107042,4.046667,4.181834,25
0,1,192,192,bidiag_vals,1,2.665250,2.635500,2.713375,25
0,1,192,192,cpu_vals,1,0.838125,0.831584,0.855041,25
0,4,64,16,jacobi,1,0.195375,0.188458,0.213792,25
0,4,64,16,qr,1,0.427291,0.418375,0.440458,25
0,4,64,16,gk,1,0.305417,0.295458,0.339917,25
0,4,64,16,gk_vals,1,0.256625,0.246416,0.261250,25
0,4,64,16,cpu_vals,1,0.024500,0.024083,0.025542,25
0,4,64,16,cpu,1,0.044291,0.043875,0.045250,25
0,1024,16,8,jacobi,1,0.461125,0.421750,0.537083,25
0,1024,16,8,qr,1,0.841292,0.825375,0.886542,25
0,1024,16,8,gk,1,0.253583,0.250333,0.257208,25
0,1024,16,8,gk_vals,1,0.174208,0.168250,0.188916,25
0,1024,16,8,cpu_vals,1,0.354333,0.351042,0.359000,25
0,1024,16,8,gk_share,1,0.558542,0.543417,0.587875,25
0,1024,16,8,gk_share_vals,1,0.511292,0.480125,0.527709,25
0,1024,16,8,cpu,1,0.539167,0.519167,0.585417,25
0,1,128,8,jacobi,1,0.210375,0.202292,0.232500,25
0,1,128,8,qr,1,0.415375,0.393375,0.435250,25
0,1,128,8,gk,1,0.190459,0.181250,0.203125,25
0,1,128,8,gk_vals,1,0.168000,0.164292,0.215334,25
0,1,128,8,cpu_vals,1,0.006542,0.006500,0.006583,25
0,1,128,8,cpu,1,0.010583,0.010541,0.010625,25
0,1024,56,56,jacobi,1,25.738584,25.320625,26.156542,2
0,1024,56,56,block,1,27.321521,27.234219,27.408823,2
0,1024,56,56,gk,1,10.646917,10.587417,10.666396,15
0,1024,56,56,gk_vals,1,4.871083,4.851292,4.901500,25
0,1024,56,56,cpu_vals,1,3.705500,3.656291,4.047708,25
0,1024,56,56,gk_share,1,6.115479,6.065594,6.166719,24
0,1024,56,56,gk_share_vals,1,2.763167,2.730583,2.795167,25
0,1024,56,56,cpu,1,10.441250,10.337708,10.491687,15
0,1024,56,56,bidiag_batch,1,14.094167,13.659959,14.270521,11
0,1024,56,56,bidiag_batch_vals,1,6.089500,5.928041,6.287917,25
0,256,512,64,jacobi,1,33.544188,33.022781,34.065594,2
0,256,512,64,block,1,18.435375,18.126583,18.726209,9
0,256,512,64,qr,1,14.878167,13.835999,16.113917,10
0,256,512,64,qrblock,1,11.472208,11.365271,11.591032,14
0,256,512,64,gk,1,9.560688,9.383375,9.642688,16
0,256,512,64,gk_vals,1,5.011708,4.973458,5.031000,25
0,256,512,64,cpu_vals,1,5.380250,5.332792,5.498833,25
0,256,512,64,gk_share,1,6.618917,6.563209,6.738698,22
0,256,512,64,gk_share_vals,1,4.083750,4.051792,4.123667,25
0,256,512,64,cpu,1,11.064438,10.857813,11.275510,14
0,256,512,64,bidiag_batch,1,8.338750,8.273188,8.579729,18
0,256,512,64,bidiag_batch_vals,1,3.789042,3.732584,3.838667,25
0,1,2048,128,jacobi,1,34.450292,34.449875,34.450708,2
0,1,2048,128,block,1,11.353063,11.318375,11.557813,14
0,1,2048,128,qr,1,5.141167,5.108959,5.165166,25
0,1,2048,128,qrblock,1,6.439875,6.241146,6.520865,24
0,1,2048,128,cpu,1,3.083625,3.079041,3.112333,25
0,1,2048,128,bidiag,1,4.011709,3.978375,4.047792,25
0,1,2048,128,bidiag_vals,1,2.890000,2.856125,2.935375,25
0,1,2048,128,cpu_vals,1,1.636334,1.628416,1.645084,25
0,4096,24,24,jacobi,1,11.602583,11.591709,11.737459,13
0,4096,24,24,gk,1,3.881375,3.826958,3.935958,25
0,4096,24,24,gk_vals,1,1.479875,1.460167,1.508375,25
0,4096,24,24,cpu_vals,1,3.497292,3.252667,3.597583,25
0,4096,24,24,gk_share,1,3.669041,3.663500,3.720334,25
0,4096,24,24,gk_share_vals,1,1.545667,1.538667,1.582834,25
0,4096,24,24,cpu,1,9.338625,9.228792,9.450208,17
0,1,128,128,jacobi,1,4.473500,4.461250,4.487125,25
0,1,128,128,block,1,6.045208,5.947666,6.124458,25
0,1,128,128,cpu,1,1.008542,1.001417,1.018750,25
0,1,128,128,bidiag,1,2.764500,2.725708,2.805417,25
0,1,128,128,bidiag_vals,1,1.650917,1.641042,1.711209,25
0,1,128,128,cpu_vals,1,0.620709,0.616292,0.624000,25
0,1,256,64,jacobi,1,1.312875,1.288667,1.320917,25
0,1,256,64,block,1,3.046584,3.008000,3.108125,25
0,1,256,64,qr,1,1.173041,1.135334,1.192042,25
0,1,256,64,qrblock,1,2.730792,2.701125,2.786208,25
0,1,256,64,gk,1,2.126416,2.109917,2.138083,25
0,1,256,64,gk_vals,1,1.515625,1.505000,1.526084,25
0,1,256,64,cpu_vals,1,0.117167,0.116833,0.118083,25
0,1,256,64,cpu,1,0.280917,0.278583,0.284667,25
0,16,256,64,jacobi,1,1.436208,1.415209,1.442833,25
0,16,256,64,block,1,3.222917,3.178916,3.314667,25
0,16,256,64,qr,1,1.657667,1.588584,1.712291,25
0,16,256,64,qrblock,1,3.235791,3.201875,3.301875,25
0,16,256,64,gk,1,2.655875,2.579792,2.711208,25
0,16,256,64,gk_vals,1,1.899250,1.874625,1.915166,25
0,16,256,64,cpu_vals,1,0.371667,0.359000,0.385083,25
0,16,256,64,cpu,1,0.615209,0.602708,0.642625,25
0,16,256,64,bidiag_batch,1,2.099750,2.062542,2.127042,25
0,16,256,64,bidiag_batch_vals,1,1.312542,1.266375,1.339875,25
0,16,80,80,jacobi,1,1.731542,1.725792,1.738792,25
0,16,80,80,block,1,4.205750,4.160792,4.302542,25
0,16,80,80,gk,1,2.551375,2.541125,2.562792,25
0,16,80,80,gk_vals,1,1.892667,1.877584,1.900208,25
0,16,80,80,cpu_vals,1,0.366958,0.354125,0.376208,25
0,16,80,80,cpu,1,0.531333,0.519000,0.573125,25
0,16,80,80,bidiag_batch,1,1.800667,1.759083,1.825834,25
0,16,80,80,bidiag_batch_vals,1,1.084541,1.069416,1.109625,25
0,256,16,16,jacobi,1,0.518333,0.508542,0.533750,25
0,256,16,16,gk,1,0.276625,0.267209,0.289000,25
0,256,16,16,gk_vals,1,0.193542,0.189208,0.210000,25
0,256,16,16,cpu_vals,1,0.212250,0.207875,0.220667,25
0,256,16,16,gk_share,1,0.423041,0.413708,0.430708,25
0,256,16,16,gk_share_vals,1,0.343708,0.336667,0.354083,25
0,256,16,16,cpu,1,0.364041,0.359708,0.392334,25
0,64,32,32,jacobi,1,0.720291,0.653375,0.741375,25
0,64,32,32,block,1,2.223125,2.168792,2.263125,25
0,64,32,32,gk,1,0.499167,0.482834,0.561084,25
0,64,32,32,gk_vals,1,0.265500,0.255916,0.277958,25
0,64,32,32,cpu_vals,1,0.208625,0.191250,0.217166,25
0,64,32,32,gk_share,1,0.583167,0.574459,0.591167,25
0,64,32,32,gk_share_vals,1,0.380833,0.377459,0.386041,25
0,64,32,32,cpu,1,0.351625,0.344125,0.376042,25
0,64,32,32,bidiag_batch,1,1.076875,1.058750,1.089417,25
0,64,32,32,bidiag_batch_vals,1,0.536459,0.497708,0.597208,25
0,64,56,56,jacobi,1,2.078209,2.025416,2.086417,25
0,64,56,56,block,1,3.665833,3.581625,3.729208,25
0,64,56,56,gk,1,1.454417,1.449459,1.475292,25
0,64,56,56,gk_vals,1,1.083291,1.071875,1.101167,25
0,64,56,56,cpu_vals,1,0.325084,0.321334,0.340708,25
0,64,56,56,gk_share,1,1.557708,1.551833,1.568375,25
0,64,56,56,gk_share_vals,1,1.176959,1.161083,1.195666,25
0,64,56,56,cpu,1,0.754583,0.738000,0.771416,25
0,64,56,56,bidiag_batch,1,1.688959,1.676666,1.704167,25
0,64,56,56,bidiag_batch_vals,1,0.997041,0.976584,1.013791,25
0,16,64,16,jacobi,1,0.198333,0.193750,0.210083,25
0,16,64,16,qr,1,0.458167,0.446917,0.468208,25
0,16,64,16,gk,1,0.306417,0.299333,0.313584,25
0,16,64,16,gk_vals,1,0.251542,0.247292,0.258459,25
0,16,64,16,cpu_vals,1,0.067083,0.061292,0.074208,25
0,16,64,16,cpu,1,0.115209,0.108625,0.122250,25
0,256,32,32,jacobi,1,1.814000,1.791375,1.846291,25
0,256,32,32,block,1,2.934000,2.887666,2.972042,25
0,256,32,32,gk,1,0.599875,0.596709,0.661250,25
0,256,32,32,gk_vals,1,0.313416,0.307166,0.323333,25
0,256,32,32,cpu_vals,1,0.437667,0.432916,0.444542,25
0,256,32,32,gk_share,1,0.669125,0.665250,0.679000,25
0,256,32,32,gk_share_vals,1,0.443667,0.417458,0.451417,25
0,256,32,32,cpu,1,1.044000,1.018958,1.064500,25
0,256,32,32,bidiag_batch,1,2.090625,2.060500,2.162375,25
0,256,32,32,bidiag_batch_vals,1,0.856416,0.847709,0.877584,25
0,1,32,32,jacobi,1,0.303416,0.278250,0.321250,25
0,1,32,32,block,1,2.061792,1.857875,2.214958,25
0,1,32,32,gk,1,0.449042,0.415125,0.480375,25
0,1,32,32,gk_vals,1,0.262458,0.253667,0.271083,25
0,1,32,32,cpu_vals,1,0.018833,0.018708,0.019042,25
0,1,32,32,cpu,1,0.057208,0.057084,0.057625,25
0,64,512,16,jacobi,1,0.549375,0.513000,0.787042,25
0,64,512,16,qr,1,0.819916,0.799167,0.835958,25
0,64,512,16,gk,1,0.843875,0.829750,0.867291,25
0,64,512,16,gk_vals,1,0.445541,0.437958,0.457667,25
0,64,512,16,cpu_vals,1,0.286333,0.281500,0.291541,25
0,64,512,16,gk_share,1,0.954416,0.941833,0.971125,25
0,64,512,16,gk_share_vals,1,0.535250,0.528334,0.546500,25
0,64,512,16,cpu,1,0.436541,0.425250,0.445583,25
0,16,56,56,jacobi,1,0.832708,0.796375,0.874125,25
0,16,56,56,block,1,2.862833,2.851334,2.915417,25
0,16,56,56,gk,1,1.396625,1.377833,1.406791,25
0,16,56,56,gk_vals,1,1.073209,1.048375,1.099709,25
0,16,56,56,cpu_vals,1,0.180125,0.176375,0.185083,25
0,16,56,56,cpu,1,0.303875,0.297583,0.335542,25
0,16,56,56,bidiag_batch,1,1.265958,1.252375,1.339583,25
0,16,56,56,bidiag_batch_vals,1,0.775709,0.761250,0.871500,25
0,16,128,128,jacobi,1,4.537959,4.527875,4.550250,25
0,16,128,128,block,1,7.036666,6.978531,7.125188,22
0,16,128,128,cpu,1,1.668625,1.634667,1.743916,25
0,16,128,128,bidiag,1,37.790979,37.760927,37.821032,2
0,16,128,128,bidiag_vals,1,24.880750,24.811750,24.949750,2
0,16,128,128,cpu_vals,1,1.093291,1.077500,1.106417,25
0,16,128,128,bidiag_batch,1,2.289375,2.270875,2.318666,25
0,16,128,128,bidiag_batch_vals,1,1.714042,1.673542,1.753000,25
0,4,192,192,cpu,1,1.789375,1.751209,1.799666,25
0,4,192,192,bidiag,1,13.970584,13.887833,14.049854,11
0,4,192,192,bidiag_vals,1,9.939395,9.925906,9.999021,16
0,4,192,192,cpu_vals,1,1.109375,1.098833,1.118084,25
0,64,1024,64,jacobi,1,38.070459,37.628854,38.512063,2
0,64,1024,64,block,1,10.442750,10.329313,10.542604,15
0,64,1024,64,qr,1,4.853292,4.826709,4.897292,25
0,64,1024,64,qrblock,1,5.789875,5.766000,5.851500,25
0,64,1024,64,gk,1,4.641667,4.629541,4.699375,25
0,64,1024,64,gk_vals,1,3.292500,3.267292,3.335041,25
0,64,1024,64,cpu_vals,1,2.859292,2.674000,3.012958,25
0,64,1024,64,gk_share,1,4.435166,4.382208,4.533041,25
0,64,1024,64,gk_share_vals,1,3.169291,3.143875,3.261625,25
0,64,1024,64,cpu,1,5.354292,5.079000,5.539583,25
0,64,1024,64,bidiag_batch,1,4.333875,4.304958,4.387500,25
0,64,1024,64,bidiag_batch_vals,1,2.428875,2.396000,2.511125,25
0,4,64,64,jacobi,1,0.943250,0.917208,0.980292,25
0,4,64,64,block,1,2.822958,2.771875,2.870417,25
0,4,64,64,gk,1,1.725250,1.701250,1.737542,25
0,4,64,64,gk_vals,1,1.321209,1.310041,1.339291,25
0,4,64,64,cpu_vals,1,0.094459,0.093125,0.097875,25
0,4,64,64,cpu,1,0.213833,0.209916,0.217125,25
0,4,16,16,jacobi,1,0.192875,0.180417,0.215792,25
0,4,16,16,gk,1,0.249916,0.239667,0.260875,25
0,4,16,16,gk_vals,1,0.190584,0.183000,0.201291,25
0,4,16,16,cpu_vals,1,0.019417,0.019000,0.020333,25
0,4,16,16,cpu,1,0.032250,0.031375,0.033666,25
0,256,56,56,jacobi,1,6.699041,6.654604,6.823688,23
0,256,56,56,block,1,8.282750,8.176520,8.357188,19
0,256,56,56,gk,1,3.051625,3.023541,3.089500,25
0,256,56,56,gk_vals,1,1.461625,1.441917,1.480542,25
0,256,56,56,cpu_vals,1,2.009792,1.073917,2.157791,25
0,256,56,56,gk_share,1,2.806750,2.775167,3.004250,25
0,256,56,56,gk_share_vals,1,1.602959,1.585042,1.624458,25
0,256,56,56,cpu,1,2.664875,2.624958,2.808958,25
0,256,56,56,bidiag_batch,1,4.208000,3.935417,4.379417,25
0,256,56,56,bidiag_batch_vals,1,1.710875,1.680084,1.798500,25
0,256,1024,32,jacobi,1,33.971834,33.910813,34.032854,2
0,256,1024,32,block,1,11.857334,11.560792,12.171584,13
0,256,1024,32,qr,1,5.253166,5.222250,5.290125,25
0,256,1024,32,qrblock,1,6.113250,6.066084,6.252084,25
0,256,1024,32,gk,1,4.381375,4.303125,4.437542,25
0,256,1024,32,gk_vals,1,2.322584,2.310042,2.368750,25
0,256,1024,32,cpu_vals,1,3.098667,3.061000,3.138583,25
0,256,1024,32,gk_share,1,3.658500,3.558125,3.746792,25
0,256,1024,32,gk_share_vals,1,1.845500,1.802083,1.911792,25
0,256,1024,32,cpu,1,5.740292,5.670667,5.781958,25
0,256,1024,32,bidiag_batch,1,5.189042,5.103208,5.457416,25
0,256,1024,32,bidiag_batch_vals,1,2.363250,2.280000,2.410500,25
0,4,16,8,jacobi,1,0.242500,0.225834,0.250333,25
0,4,16,8,qr,1,0.431917,0.369958,0.457417,25
0,4,16,8,gk,1,0.171959,0.166958,0.178041,25
0,4,16,8,gk_vals,1,0.156667,0.151834,0.162792,25
0,4,16,8,cpu_vals,1,0.018709,0.018333,0.019417,25
0,4,16,8,cpu,1,0.019750,0.018750,0.021750,25
0,4096,256,64,jacobi,1,326.490813,326.155406,326.826219,2
0,4096,256,64,block,1,178.869542,175.339375,182.399708,2
0,4096,256,64,qr,1,212.431146,210.586989,214.275302,2
0,4096,256,64,qrblock,1,137.481438,134.050449,140.912427,2
0,4096,256,64,gk,1,103.603896,102.054157,105.153635,2
0,4096,256,64,gk_vals,1,48.825437,48.339656,49.311219,2
0,4096,256,64,cpu_vals,1,41.284812,40.642760,41.926864,2
0,4096,256,64,gk_share,1,61.506542,60.016250,62.934375,5
0,4096,256,64,gk_share_vals,1,25.660875,25.160844,26.015406,6
0,4096,256,64,cpu,1,101.227417,100.170125,102.284708,2
0,4096,256,64,bidiag_batch,1,72.108625,69.784917,73.129916,5
0,4096,256,64,bidiag_batch_vals,1,30.882000,30.693375,31.481292,5
0,64,40,40,jacobi,1,1.158333,1.124750,1.170791,25
0,64,40,40,block,1,3.385583,3.299500,3.534875,25
0,64,40,40,gk,1,0.855833,0.807458,0.865000,25
0,64,40,40,gk_vals,1,0.695125,0.640375,0.713458,25
0,64,40,40,cpu_vals,1,0.230417,0.224791,0.244750,25
0,64,40,40,gk_share,1,0.972417,0.919708,0.993833,25
0,64,40,40,gk_share_vals,1,0.752125,0.708416,0.810875,25
0,64,40,40,cpu,1,0.497208,0.475750,0.613792,25
0,64,40,40,bidiag_batch,1,1.334542,1.295333,1.417458,25
0,64,40,40,bidiag_batch_vals,1,0.649958,0.634083,0.660208,25
0,16,512,512,cpu,1,27.914687,27.767333,28.240072,6
0,16,512,512,bidiag,1,160.695000,159.998375,161.391625,2
0,16,512,512,bidiag_vals,1,117.533209,117.048271,118.018146,2
0,16,512,512,cpu_vals,1,15.665188,15.566698,15.947447,10
0,16,512,512,band,1,27.354104,27.118834,27.380656,6
0,16,512,512,band8_vals,1,88.825312,88.500844,89.149781,2
0,16,512,512,band_vals,1,94.360375,94.261666,94.459083,2
0,16,512,512,band32_vals,1,151.250000,150.883062,151.616938,2
0,16,512,512,bidiag_batch,1,27.315250,26.983542,27.646490,6
0,16,512,512,bidiag_batch_vals,1,12.678750,12.302167,12.922812,12
0,256,96,96,jacobi,1,46.319646,45.640261,46.999032,2
0,256,96,96,block,1,21.668438,21.620261,21.716615,2
0,256,96,96,cpu,1,10.661459,10.559791,10.762375,15
0,256,96,96,bidiag_batch,1,10.190416,9.943271,10.439270,15
0,256,96,96,bidiag_batch_vals,1,4.168291,4.063292,4.404292,25
0,256,96,96,cpu_vals,1,6.659542,6.250125,6.773917,23
0,1024,256,32,jacobi,1,18.424791,17.993375,18.496292,9
0,1024,256,32,block,1,13.184916,12.906166,13.307031,12
0,1024,256,32,qr,1,9.201500,9.135416,9.302125,17
0,1024,256,32,qrblock,1,9.462354,9.318000,9.545969,16
0,1024,256,32,gk,1,5.324167,5.251584,5.378166,25
0,1024,256,32,gk_vals,1,2.599083,2.527125,2.643333,25
0,1024,256,32,cpu_vals,1,3.874833,3.806833,3.925541,25
0,1024,256,32,gk_share,1,4.840709,4.732000,5.167875,25
0,1024,256,32,gk_share_vals,1,2.316458,2.258334,2.554791,25
0,1024,256,32,cpu,1,8.149417,8.039750,8.284354,19
0,1024,256,32,bidiag_batch,1,10.751917,10.376490,10.951541,14
0,1024,256,32,bidiag_batch_vals,1,5.136125,4.172875,6.056541,25
0,16,4,4,jacobi,1,0.162791,0.156750,0.191500,25
0,16,4,4,gk,1,0.177458,0.173000,0.200208,25
0,16,4,4,gk_vals,1,0.159667,0.154333,0.177542,25
0,16,4,4,cpu_vals,1,0.026750,0.026500,0.028500,25
0,16,4,4,cpu,1,0.035750,0.035334,0.036209,25
0,16,512,16,jacobi,1,0.410625,0.392083,0.447791,25
0,16,512,16,qr,1,0.611375,0.601750,0.633459,25
0,16,512,16,gk,1,0.719166,0.701084,0.729625,25
0,16,512,16,gk_vals,1,0.371084,0.366667,0.384959,25
0,16,512,16,cpu_vals,1,0.168000,0.151042,0.178959,25
0,16,512,16,cpu,1,0.216167,0.211833,0.220792,25
0,16,64,8,jacobi,1,0.263792,0.244000,0.271167,25
0,16,64,8,qr,1,0.444292,0.415875,0.501542,25
0,16,64,8,gk,1,0.195334,0.190125,0.199583,25
0,16,64,8,gk_vals,1,0.173208,0.162625,0.183666,25
0,16,64,8,cpu_vals,1,0.065417,0.062334,0.067916,25
0,16,64,8,cpu,1,0.068208,0.055916,0.079541,25
0,256,32,16,jacobi,1,0.480958,0.467209,0.502916,25
0,256,32,16,qr,1,0.948583,0.915250,0.990334,25
0,256,32,16,gk,1,0.292292,0.279750,0.297709,25
0,256,32,16,gk_vals,1,0.193792,0.187916,0.201959,25
0,256,32,16,cpu_vals,1,0.282625,0.275459,0.289292,25
0,256,32,16,gk_share,1,0.425542,0.382417,0.456750,25
0,256,32,16,gk_share_vals,1,0.299334,0.289458,0.350292,25
0,256,32,16,cpu,1,0.553958,0.533709,0.576792,25
0,256,512,16,jacobi,1,2.305916,2.244542,2.362916,25
0,256,512,16,qr,1,1.536791,1.512375,1.633417,25
0,256,512,16,gk,1,1.366084,1.355875,1.398458,25
0,256,512,16,gk_vals,1,0.725500,0.711291,0.806250,25
0,256,512,16,cpu_vals,1,1.227916,1.196708,1.255042,25
0,256,512,16,gk_share,1,1.340791,1.313750,1.501916,25
0,256,512,16,gk_share_vals,1,0.814417,0.747541,0.878458,25
0,256,512,16,cpu,1,1.702583,1.288833,1.764000,25
0,1,768,768,cpu,1,26.075021,26.058323,26.091718,2
0,1,768,768,bidiag,1,21.559167,21.530980,21.774812,7
0,1,768,768,bidiag_vals,1,15.830687,15.435615,15.865479,10
0,1,768,768,cpu_vals,1,16.208334,16.190573,16.219490,10
0,1,768,768,band,1,18.923958,18.287740,19.168824,8
0,1,768,768,band8_vals,1,15.087687,14.981896,15.272375,10
0,1,768,768,band_vals,1,15.069063,14.987625,15.313708,10
0,1,768,768,band32_vals,1,21.533209,21.465250,21.601167,2
0,4,512,128,jacobi,1,10.060333,10.029438,10.081209,15
0,4,512,128,block,1,6.740458,6.629124,6.795958,23
0,4,512,128,qr,1,5.238917,5.206500,5.255000,25
0,4,512,128,qrblock,1,6.408979,6.306927,6.471365,24
0,4,512,128,cpu,1,1.893167,1.864791,1.924167,25
0,4,512,128,bidiag,1,11.949875,11.909917,12.049833,13
0,4,512,128,bidiag_vals,1,8.682187,8.660844,8.740677,18
0,4,512,128,cpu_vals,1,1.272917,1.263834,1.283666,25
0,16,96,96,jacobi,1,2.201625,2.180209,2.209166,25
0,16,96,96,block,1,4.569042,4.440834,4.669708,25
0,16,96,96,cpu,1,0.812083,0.804792,1.189875,25
0,16,96,96,bidiag_batch,1,2.083291,2.054667,2.137167,25
0,16,96,96,bidiag_batch_vals,1,1.342333,1.323500,1.360958,25
0,16,96,96,cpu_vals,1,0.528125,0.489625,0.687541,25
0,1024,40,40,jacobi,1,11.745208,11.651416,11.887375,13
0,1024,40,40,block,1,23.219313,23.175510,23.263115,2
0,1024,40,40,gk,1,4.223250,4.186541,4.235500,25
0,1024,40,40,gk_vals,1,2.083958,2.068792,2.103042,25
0,1024,40,40,cpu_vals,1,2.358292,1.890042,2.401292,25
0,1024,40,40,gk_share,1,3.929042,3.852875,3.950500,25
0,1024,40,40,gk_share_vals,1,1.629750,1.623292,1.639792,25
0,1024,40,40,cpu,1,6.317167,6.207698,6.456563,24
0,1024,40,40,bidiag_batch,1,10.101542,9.918395,10.483708,15
0,1024,40,40,bidiag_batch_vals,1,3.848334,3.810000,4.022417,25
0,256,64,32,jacobi,1,1.987459,1.942958,2.009917,25
0,256,64,32,block,1,2.866166,2.836209,2.895416,25
0,256,64,32,qr,1,2.318209,2.271208,2.344416,25
0,256,64,32,qrblock,1,3.134958,3.100667,3.155625,25
0,256,64,32,gk,1,1.358625,1.307500,1.366125,25
0,256,64,32,gk_vals,1,0.866667,0.847458,0.930500,25
0,256,64,32,cpu_vals,1,0.608708,0.587500,0.640792,25
0,256,64,32,gk_share,1,0.887583,0.879875,0.893166,25
0,256,64,32,gk_share_vals,1,0.648708,0.621125,0.656583,25
0,256,64,32,cpu,1,1.373458,1.361792,1.424250,25
0,256,64,32,bidiag_batch,1,2.717416,2.676208,2.751959,25
0,256,64,32,bidiag_batch_vals,1,1.191459,1.136250,1.204792,25
0,64,256,32,jacobi,1,1.106583,1.097375,1.116500,25
0,64,256,32,block,1,2.487959,2.444416,2.531458,25
0,64,256,32,qr,1,1.212584,1.186333,1.284083,25
0,64,256,32,qrblock,1,2.316917,2.293875,2.376334,25
0,64,256,32,gk,1,1.171666,1.157667,1.189042,25
0,64,256,32,gk_vals,1,0.571292,0.554084,0.575084,25
0,64,256,32,cpu_vals,1,0.376125,0.368792,0.381625,25
0,64,256,32,gk_share,1,1.392334,1.336125,1.423833,25
0,64,256,32,gk_share_vals,1,0.725125,0.706792,0.734375,25
0,64,256,32,cpu,1,0.656125,0.645500,0.674125,25
0,64,256,32,bidiag_batch,1,1.709209,1.622625,1.720750,25
0,64,256,32,bidiag_batch_vals,1,0.800875,0.786375,0.900292,25
0,1024,128,128,jacobi,1,490.603375,487.336771,493.869979,2
0,1024,128,128,block,1,190.728916,188.493228,192.964604,2
0,1024,128,128,cpu,1,76.686916,76.174541,77.199292,2
0,1024,128,128,bidiag_batch,1,38.902500,38.815791,38.920500,5
0,1024,128,128,bidiag_batch_vals,1,20.396708,20.263260,20.420896,8
0,1024,128,128,cpu_vals,1,52.286459,52.130772,52.442146,2
0,4,256,32,jacobi,1,0.435791,0.406167,0.458500,25
0,4,256,32,block,1,2.144375,2.120458,2.239959,25
0,4,256,32,qr,1,0.575583,0.568583,0.582958,25
0,4,256,32,qrblock,1,2.002542,1.978583,2.026875,25
0,4,256,32,gk,1,0.930750,0.842000,0.944709,25
0,4,256,32,gk_vals,1,0.353416,0.348417,0.354709,25
0,4,256,32,cpu_vals,1,0.082125,0.079833,0.084792,25
0,4,256,32,cpu,1,0.139375,0.138292,0.140750,25
0,16,1024,128,jacobi,1,37.408646,37.396948,37.420344,2
0,16,1024,128,block,1,12.926834,12.777000,13.031573,12
0,16,1024,128,qr,1,5.961959,5.946334,5.998625,25
0,16,1024,128,qrblock,1,7.933500,7.800458,7.993063,19
0,16,1024,128,cpu,1,5.690042,5.469250,5.862709,25
0,16,1024,128,bidiag,1,56.041562,55.737552,56.345573,2
0,16,1024,128,bidiag_vals,1,42.415188,42.387406,42.442969,2
0,16,1024,128,cpu_vals,1,2.874000,2.772292,3.183625,25
0,16,1024,128,bidiag_batch,1,4.821958,4.705000,5.161792,25
0,16,1024,128,bidiag_batch_vals,1,2.899333,2.895459,2.910667,25
0,64,384,384,cpu,1,43.553583,43.487375,43.777375,5
0,64,384,384,bidiag,1,463.264375,461.985750,464.543000,2
0,64,384,384,bidiag_vals,1,334.908125,332.792396,337.023854,2
0,64,384,384,cpu_vals,1,23.889708,23.774583,24.016312,7
0,64,384,384,bidiag_batch,1,39.506167,39.474167,39.788291,5
0,64,384,384,bidiag_batch_vals,1,18.732959,18.609625,19.036552,8
0,4,8,8,jacobi,1,0.272542,0.261833,0.284417,25
0,4,8,8,gk,1,0.271833,0.237292,0.349708,25
0,4,8,8,gk_vals,1,0.255791,0.226333,0.277208,25
0,4,8,8,cpu_vals,1,0.017208,0.016875,0.017542,25
0,4,8,8,cpu,1,0.015334,0.015208,0.015542,25
0,16,2048,256,cpu,1,19.015417,18.914844,19.275927,8
0,16,2048,256,bidiag,1,118.569125,115.940687,121.197563,2
0,16,2048,256,bidiag_vals,1,87.840834,87.820000,87.861667,2
0,16,2048,256,cpu_vals,1,9.702271,9.476520,9.993125,16
0,16,2048,256,bidiag_batch,1,17.624583,17.610291,17.710125,9
0,16,2048,256,bidiag_batch_vals,1,10.179917,9.300021,10.282417,16
0,1024,128,16,jacobi,1,2.067375,2.055583,2.098166,25
0,1024,128,16,qr,1,2.305625,2.285708,2.357834,25
0,1024,128,16,gk,1,1.593125,1.586375,1.633417,25
0,1024,128,16,gk_vals,1,0.881125,0.846666,0.903916,25
0,1024,128,16,cpu_vals,1,1.401750,0.928458,1.488292,25
0,1024,128,16,gk_share,1,1.428208,1.413250,1.436458,25
0,1024,128,16,gk_share_vals,1,0.834333,0.796292,0.849291,25
0,1024,128,16,cpu,1,2.575542,2.169333,2.612125,25
0,1024,80,80,jacobi,1,105.014125,104.812541,105.215708,2
0,1024,80,80,block,1,76.272250,76.090854,76.453646,2
0,1024,80,80,gk,1,35.724646,35.717948,35.731343,2
0,1024,80,80,gk_vals,1,16.018708,15.959979,16.055729,10
0,1024,80,80,cpu_vals,1,13.716625,13.676250,14.178000,11
0,1024,80,80,gk_share,1,16.875709,16.817333,16.988542,9
0,1024,80,80,gk_share_vals,1,9.212833,9.141917,9.251500,17
0,1024,80,80,cpu,1,25.428354,25.380656,25.476052,2
0,1024,80,80,bidiag_batch,1,20.370521,20.307625,20.452208,8
0,1024,80,80,bidiag_batch_vals,1,9.528000,9.324416,9.568074,16
0,1,2048,2048,cpu,1,322.368500,321.947250,322.789750,2
0,1,2048,2048,bidiag,1,124.243562,120.687594,127.799531,2
0,1,2048,2048,bidiag_vals,1,84.745667,84.580875,84.910459,2
0,1,2048,2048,cpu_vals,1,203.159625,201.486833,204.832417,2
0,1,2048,2048,band,1,78.420417,77.934583,78.848542,5
0,1,2048,2048,band8_vals,1,63.006958,62.677042,63.108083,5
0,1,2048,2048,band_vals,1,51.726000,51.484000,52.255375,5
0,1,2048,2048,band32_vals,1,74.007896,73.586052,74.429740,2
0,1,64,64,jacobi,1,0.952292,0.938500,0.993041,25
0,1,64,64,block,1,2.806959,2.783959,2.887167,25
0,1,64,64,gk,1,1.667041,1.642500,1.679292,25
0,1,64,64,gk_vals,1,1.292125,1.274791,1.326167,25
0,1,64,64,cpu_vals,1,0.062417,0.062125,0.063708,25
0,1,64,64,cpu,1,0.183125,0.182333,0.185875,25
0,4,24,24,jacobi,1,0.246750,0.238500,0.251000,25
0,4,24,24,gk,1,0.390458,0.358166,0.446625,25
0,4,24,24,gk_vals,1,0.252709,0.246834,0.268042,25
0,4,24,24,cpu_vals,1,0.025333,0.024833,0.025833,25
0,4,24,24,cpu,1,0.049167,0.048875,0.050125,25
0,16,8,8,jacobi,1,0.163417,0.156125,0.182208,25
0,16,8,8,gk,1,0.194250,0.183542,0.207917,25
0,16,8,8,gk_vals,1,0.245000,0.183417,0.263209,25
0,16,8,8,cpu_vals,1,0.042083,0.036542,0.043708,25
0,16,8,8,cpu,1,0.070417,0.042709,0.075083,25
0,256,8,8,jacobi,1,0.238167,0.221125,0.256583,25
0,256,8,8,gk,1,0.179458,0.174667,0.184709,25
0,256,8,8,gk_vals,1,0.161625,0.149375,0.177500,25
0,256,8,8,cpu_vals,1,0.129625,0.127791,0.135791,25
0,256,8,8,gk_share,1,0.333625,0.327917,0.340542,25
0,256,8,8,gk_share_vals,1,0.310917,0.308083,0.317625,25
0,256,8,8,cpu,1,0.171875,0.168375,0.188583,25
0,4,128,32,jacobi,1,0.328583,0.318666,0.338708,25
0,4,128,32,block,1,2.008750,1.985083,2.074750,25
0,4,128,32,qr,1,0.526917,0.520792,0.538833,25
0,4,128,32,qrblock,1,1.929583,1.921875,1.974417,25
0,4,128,32,gk,1,0.802708,0.748667,0.805375,25
0,4,128,32,gk_vals,1,0.532542,0.505250,0.563792,25
0,4,128,32,cpu_vals,1,0.059167,0.058625,0.059667,25
0,4,128,32,cpu,1,0.107417,0.105792,0.108417,25
0,1,128,16,jacobi,1,0.242583,0.222834,0.257500,25
0,1,128,16,qr,1,0.416416,0.402166,0.423000,25
0,1,128,16,gk,1,0.338417,0.312834,0.397750,25
0,1,128,16,gk_vals,1,0.256583,0.248750,0.260958,25
0,1,128,16,cpu_vals,1,0.012708,0.012666,0.012750,25
0,1,128,16,cpu,1,0.035875,0.028584,0.036166,25
0,16,40,40,jacobi,1,0.513917,0.505958,0.554250,25
0,16,40,40,block,1,2.464417,2.434125,2.493458,25
0,16,40,40,gk,1,0.871791,0.821917,0.878167,25
0,16,40,40,gk_vals,1,0.673459,0.641417,0.711167,25
0,16,40,40,cpu_vals,1,0.156625,0.121750,0.190792,25
0,16,40,40,cpu,1,0.219125,0.214209,0.228791,25
0,16,40,40,bidiag_batch,1,1.071458,1.002208,1.106208,25
0,16,40,40,bidiag_batch_vals,1,0.560167,0.544833,0.584292,25
0,1024,2048,128,qr,1,661.172521,654.493240,667.851802,2
0,1024,2048,128,qrblock,1,404.229916,401.898978,406.560854,2
0,1024,2048,128,cpu,1,400.190209,399.389042,400.991375,2
0,1024,2048,128,bidiag_batch,1,233.733958,233.156875,234.920291,5
0,1024,2048,128,bidiag_batch_vals,1,126.992875,126.636750,128.394292,5
0,1024,2048,128,cpu_vals,1,170.641333,170.607750,171.416000,5
0,4096,40,40,jacobi,1,43.170396,42.856406,43.484386,2
0,4096,40,40,block,1,88.904395,88.867302,88.941489,2
0,4096,40,40,gk,1,15.723688,15.713177,15.737687,10
0,4096,40,40,gk_vals,1,7.106542,7.092052,7.112625,22
0,4096,40,40,cpu_vals,1,7.477000,7.414208,7.512125,21
0,4096,40,40,gk_share,1,11.059812,11.013239,11.088438,14
0,4096,40,40,gk_share_vals,1,4.617916,4.574125,4.643042,25
0,4096,40,40,cpu,1,23.326563,23.206427,23.446698,2
0,4096,40,40,bidiag_batch,1,25.420354,25.412115,25.428593,2
0,4096,40,40,bidiag_batch_vals,1,10.550250,10.394125,10.630125,15
0,4,64,32,jacobi,1,0.411750,0.391750,0.425875,25
0,4,64,32,block,1,2.120666,2.077958,2.236041,25
0,4,64,32,qr,1,0.541708,0.528083,0.558459,25
0,4,64,32,qrblock,1,2.280791,2.245625,2.307584,25
0,4,64,32,gk,1,0.739625,0.692625,0.772250,25
0,4,64,32,gk_vals,1,0.508875,0.479792,0.536459,25
0,4,64,32,cpu_vals,1,0.042834,0.042292,0.045042,25
0,4,64,32,cpu,1,0.090625,0.084417,0.095459,25
0,4,768,768,cpu,1,28.722313,28.187261,29.361458,6
0,4,768,768,bidiag,1,66.920437,66.584198,67.256677,2
0,4,768,768,bidiag_vals,1,51.584896,51.567719,51.602073,2
0,4,768,768,cpu_vals,1,18.245292,18.205583,18.287750,9
0,4,768,768,band,1,26.817062,26.567708,26.855760,6
0,4,768,768,band8_vals,1,41.841563,41.735240,41.947886,2
0,4,768,768,band_vals,1,43.405021,43.386510,43.423531,2
0,4,768,768,band32_vals,1,65.863709,65.812896,65.914521,2
0,4096,2048,64,qr,1,838.777604,697.095573,980.459636,2
0,4096,2048,64,qrblock,1,515.039125,511.519583,518.558666,2
0,4096,2048,64,cpu,1,487.578749,485.081208,490.076291,2
0,4096,2048,64,bidiag_batch,1,339.329583,329.581833,362.145813,3
0,4096,2048,64,bidiag_batch_vals,1,157.954458,157.782084,162.897958,5
0,4096,2048,64,cpu_vals,1,240.400166,240.198042,242.653708,5
0,1,16,16,jacobi,1,0.257292,0.233917,0.426208,25
0,1,16,16,gk,1,0.338167,0.315833,0.376250,25
0,1,16,16,gk_vals,1,0.258750,0.224875,0.272584,25
0,1,16,16,cpu_vals,1,0.007875,0.007833,0.007916,25
0,1,16,16,cpu,1,0.015750,0.015666,0.015834,25
0,1024,4,4,jacobi,1,0.208542,0.202291,0.230041,25
0,1024,4,4,gk,1,0.164041,0.157125,0.171709,25
0,1024,4,4,gk_vals,1,0.155208,0.151917,0.157625,25
0,1024,4,4,cpu_vals,1,0.180792,0.178125,0.184000,25
0,1024,4,4,gk_share,1,0.350625,0.341875,0.357291,25
0,1024,4,4,gk_share_vals,1,0.315875,0.304875,0.327167,25
0,1024,4,4,cpu,1,0.220666,0.218791,0.224125,25
0,64,768,768,cpu,1,298.749063,296.897531,300.600594,2
0,64,768,768,bidiag_batch,1,179.852333,178.149666,180.386917,5
0,64,768,768,bidiag_batch_vals,1,66.901792,66.439916,67.305542,5
0,64,768,768,cpu_vals,1,176.338812,176.050510,176.627114,2
0,1,256,128,jacobi,1,5.252291,5.246375,5.257542,25
0,1,256,128,block,1,5.682667,5.584375,5.758250,25
0,1,256,128,qr,1,4.312292,4.305375,4.315042,25
0,1,256,128,qrblock,1,5.818666,5.724125,5.860417,25
0,1,256,128,cpu,1,1.334125,1.328334,1.338792,25
0,1,256,128,bidiag,1,3.053750,3.047917,3.065041,25
0,1,256,128,bidiag_vals,1,1.982458,1.979500,1.989958,25
0,1,256,128,cpu_vals,1,0.774584,0.767875,0.777708,25
0,16,2048,64,jacobi,1,19.231021,19.209010,19.239875,8
0,16,2048,64,block,1,9.955625,9.869281,10.103010,16
0,16,2048,64,qr,1,2.500125,2.485500,2.545917,25
0,16,2048,64,qrblock,1,4.150750,4.109791,4.226084,25
0,16,2048,64,gk,1,3.608958,3.562792,3.668625,25
0,16,2048,64,gk_vals,1,2.694250,2.665250,2.744959,25
0,16,2048,64,cpu_vals,1,1.796459,1.463917,1.919000,25
0,16,2048,64,cpu,1,2.997250,2.816666,3.069750,25
0,16,2048,64,bidiag_batch,1,3.003292,2.986666,3.032583,25
0,16,2048,64,bidiag_batch_vals,1,1.842291,1.797709,1.868458,25
0,4096,512,128,qr,1,1933.732166,1929.964166,1937.500167,2
0,4096,512,128,qrblock,1,835.057792,827.333396,842.782188,2
0,4096,512,128,cpu,1,593.393646,590.726532,596.060761,2
0,4096,512,128,bidiag_batch,1,290.520084,280.751272,302.042730,3
0,4096,512,128,bidiag_batch_vals,1,125.580416,125.568042,129.043750,5
0,4096,512,128,cpu_vals,1,310.727083,310.590874,310.863292,2
0,16,512,64,jacobi,1,2.129916,2.127584,2.131958,25
0,16,512,64,block,1,4.029292,4.000625,4.155792,25
0,16,512,64,qr,1,1.734834,1.712000,1.769708,25
0,16,512,64,qrblock,1,3.254209,3.191125,3.311625,25
0,16,512,64,gk,1,2.808834,2.707792,2.820542,25
0,16,512,64,gk_vals,1,1.960292,1.939791,2.012416,25
0,16,512,64,cpu_vals,1,0.535625,0.522666,0.541916,25
0,16,512,64,cpu,1,1.039708,0.934167,1.180167,25
0,16,512,64,bidiag_batch,1,2.206292,2.166208,2.259083,25
0,16,512,64,bidiag_batch_vals,1,1.333000,1.303292,1.361833,25
0,4096,1024,64,jacobi,1,2473.448208,2462.854125,2484.042291,2
0,4096,1024,64,block,1,497.168083,476.319417,518.016750,2
0,4096,1024,64,qr,1,323.519105,311.366802,335.671407,2
0,4096,1024,64,qrblock,1,247.116459,239.200292,255.032625,2
0,4096,1024,64,gk,1,217.372979,208.339886,226.406072,2
0,4096,1024,64,gk_vals,1,136.726917,125.613937,147.839896,2
0,4096,1024,64,cpu_vals,1,126.897854,126.789615,127.006094,2
0,4096,1024,64,gk_share,1,152.666500,148.836834,153.849375,5
0,4096,1024,64,gk_share_vals,1,66.223208,65.492542,68.960917,5
0,4096,1024,64,cpu,1,254.344146,254.096198,254.592093,2
0,4096,1024,64,bidiag_batch,1,152.071458,150.504709,152.188333,5
0,4096,1024,64,bidiag_batch_vals,1,67.287375,67.140625,67.293042,5
0,16,32,8,jacobi,1,0.240000,0.211792,0.262875,25
0,16,32,8,qr,1,0.407541,0.388000,0.427500,25
0,16,32,8,gk,1,0.236208,0.173125,0.260958,25
0,16,32,8,gk_vals,1,0.146291,0.143375,0.197208,25
0,16,32,8,cpu_vals,1,0.057625,0.057125,0.059542,25
0,16,32,8,cpu,1,0.105250,0.085834,0.109959,25
0,2,1536,1536,cpu,1,147.067479,146.901781,147.233177,2
0,2,1536,1536,bidiag,1,110.014083,108.394750,110.095084,5
0,2,1536,1536,bidiag_vals,1,86.800833,86.789145,86.812521,2
0,2,1536,1536,cpu_vals,1,102.329854,101.739427,102.920281,2
0,2,1536,1536,band,1,97.542125,96.766625,98.032083,5
0,2,1536,1536,band8_vals,1,60.389083,60.311375,60.389959,5
0,2,1536,1536,band_vals,1,56.511000,56.386000,56.725542,5
0,2,1536,1536,band32_vals,1,80.176938,80.122344,80.231531,2
0,16,24,24,jacobi,1,0.355000,0.344500,0.389833,25
0,16,24,24,gk,1,0.436584,0.395584,0.480333,25
0,16,24,24,gk_vals,1,0.244958,0.222792,0.265291,25
0,16,24,24,cpu_vals,1,0.167042,0.077417,0.174666,25
0,16,24,24,cpu,1,0.132042,0.130083,0.135625,25
0,64,512,512,cpu,1,99.888520,99.735031,100.042010,2
0,64,512,512,bidiag,1,634.788792,633.081979,636.495604,2
0,64,512,512,bidiag_vals,1,459.409813,456.772198,462.047427,2
0,64,512,512,cpu_vals,1,51.521895,51.337364,51.706427,2
0,64,512,512,band,1,74.173375,74.106083,74.465250,5
0,64,512,512,band8_vals,1,337.483563,337.303094,337.664031,2
0,64,512,512,band_vals,1,359.953542,359.867083,360.040001,2
0,64,512,512,band32_vals,1,579.473708,579.202417,579.745000,2
0,64,512,512,bidiag_batch,1,74.292375,74.105542,74.393000,5
0,64,512,512,bidiag_batch_vals,1,30.049542,30.032125,30.100000,5
0,1,4096,4096,cpu,1,2855.036917,2849.321417,2860.752417,2
0,1,4096,4096,bidiag,1,839.799417,836.636041,842.962792,2
0,1,4096,4096,bidiag_vals,1,711.103709,709.154542,713.052875,2
0,1,4096,4096,cpu_vals,1,1916.710084,1914.338167,1919.082000,2
0,1,4096,4096,band,1,342.074958,339.633916,356.207791,3
0,1,4096,4096,band8_vals,1,298.809542,297.673292,299.945792,2
0,1,4096,4096,band_vals,1,194.416541,194.415000,194.608750,5
0,1,4096,4096,band32_vals,1,206.074792,205.315542,206.309625,5
0,4,256,64,jacobi,1,1.447708,1.418334,1.494000,25
0,4,256,64,block,1,3.113750,3.039334,3.159333,25
0,4,256,64,qr,1,1.348000,1.303084,1.389417,25
0,4,256,64,qrblock,1,2.892334,2.870750,2.958625,25
0,4,256,64,gk,1,2.345416,2.334583,2.349333,25
0,4,256,64,gk_vals,1,1.745875,1.729792,1.782500,25
0,4,256,64,cpu_vals,1,0.217125,0.215708,0.218583,25
0,4,256,64,cpu,1,0.428375,0.424333,0.431583,25
0,16,128,32,jacobi,1,0.350375,0.345250,0.364834,25
0,16,128,32,block,1,2.051166,1.958916,2.078333,25
0,16,128,32,qr,1,0.650833,0.646208,0.656583,25
0,16,128,32,qrblock,1,2.051666,2.029792,2.084584,25
0,16,128,32,gk,1,0.809125,0.784208,0.839708,25
0,16,128,32,gk_vals,1,0.507458,0.501125,0.521167,25
0,16,128,32,cpu_vals,1,0.161792,0.157750,0.179625,25
0,16,128,32,cpu,1,0.239041,0.234250,0.242625,25
0,16,128,32,bidiag_batch,1,1.187166,1.171583,1.262541,25
0,16,128,32,bidiag_batch_vals,1,0.617250,0.538083,0.630500,25
0,4,128,8,jacobi,1,0.233167,0.209458,0.258208,25
0,4,128,8,qr,1,0.389667,0.378750,0.398334,25
0,4,128,8,gk,1,0.195959,0.191042,0.201083,25
0,4,128,8,gk_vals,1,0.182541,0.171500,0.212167,25
0,4,128,8,cpu_vals,1,0.020916,0.019792,0.024375,25
0,4,128,8,cpu,1,0.027042,0.024917,0.027666,25
0,1024,64,16,jacobi,1,1.648750,1.642166,1.683000,25
0,1024,64,16,qr,1,2.003333,1.960667,2.047167,25
0,1024,64,16,gk,1,1.146250,1.142291,1.157333,25
0,1024,64,16,gk_vals,1,0.653125,0.606708,0.689584,25
0,1024,64,16,cpu_vals,1,0.851917,0.766083,1.289250,25
0,1024,64,16,gk_share,1,1.124917,1.094334,1.143042,25
0,1024,64,16,gk_share_vals,1,0.749708,0.745167,0.761042,25
0,1024,64,16,cpu,1,1.899417,1.877916,2.347667,25
0,16,512,256,cpu,1,8.619312,8.543417,9.003563,18
0,16,512,256,bidiag,1,110.041603,107.909697,112.173510,2
0,16,512,256,bidiag_vals,1,78.654917,78.405667,78.904166,2
0,16,512,256,cpu_vals,1,4.481917,4.436250,4.584625,25
0,16,512,256,bidiag_batch,1,10.064209,9.822562,10.190583,15
0,16,512,256,bidiag_batch_vals,1,4.891000,4.837625,4.922875,25
0,1024,2048,64,jacobi,1,1293.228792,1293.175229,1293.282355,2
0,1024,2048,64,block,1,240.000437,225.133365,254.867510,2
0,1024,2048,64,qr,1,124.797687,123.002219,126.593156,2
0,1024,2048,64,qrblock,1,111.995750,108.095292,115.896209,2
0,1024,2048,64,gk,1,98.805333,98.199833,99.410833,2
0,1024,2048,64,gk_vals,1,64.197375,64.176833,64.217917,2
0,1024,2048,64,cpu_vals,1,63.723250,62.740959,64.705541,2
0,1024,2048,64,gk_share,1,74.057875,71.458250,74.622125,5
0,1024,2048,64,gk_share_vals,1,36.005000,35.628708,36.617000,5
0,1024,2048,64,cpu,1,124.262917,124.148730,124.377105,2
0,1024,2048,64,bidiag_batch,1,85.182625,84.619333,85.966125,5
0,1024,2048,64,bidiag_batch_vals,1,41.937500,41.297209,42.166542,5
0,2,2048,2048,cpu,1,421.759063,421.292406,422.225719,2
0,2,2048,2048,bidiag,1,201.542750,201.255333,203.420000,5
0,2,2048,2048,bidiag_vals,1,171.272271,169.530303,173.014239,2
0,2,2048,2048,cpu_vals,1,325.183188,302.638573,347.727802,2
0,2,2048,2048,band,1,159.799708,156.610000,160.198167,5
0,2,2048,2048,band8_vals,1,101.652125,101.438916,102.830375,5
0,2,2048,2048,band_vals,1,89.708792,89.692541,90.125750,5
0,2,2048,2048,band32_vals,1,123.798687,123.407322,124.190052,2
0,4,512,64,jacobi,1,1.956459,1.941042,1.970416,25
0,4,512,64,block,1,3.817833,3.760500,3.878500,25
0,4,512,64,qr,1,1.608625,1.561750,1.619333,25
0,4,512,64,qrblock,1,3.148250,3.123083,3.240083,25
0,4,512,64,gk,1,2.658125,2.644333,2.665958,25
0,4,512,64,gk_vals,1,2.023875,2.007667,2.037916,25
0,4,512,64,cpu_vals,1,0.332167,0.328709,0.337541,25
0,4,512,64,cpu,1,0.656250,0.652417,0.663625,25
0,4096,128,32,jacobi,1,32.027688,31.785303,32.270074,2
0,4096,128,32,block,1,29.938521,29.811885,30.065157,2
0,4096,128,32,qr,1,25.468958,25.394729,25.543187,2
0,4096,128,32,qrblock,1,24.144896,24.098573,24.191218,2
0,4096,128,32,gk,1,21.745771,21.727552,21.763990,2
0,4096,128,32,gk_vals,1,12.931271,12.911938,12.959615,12
0,4096,128,32,cpu_vals,1,8.881875,8.826041,8.967625,17
0,4096,128,32,gk_share,1,12.724063,12.712208,12.833479,12
0,4096,128,32,gk_share_vals,1,6.019334,5.990833,6.030875,25
0,4096,128,32,cpu,1,24.205208,23.983875,24.426542,2
0,4096,128,32,bidiag_batch,1,25.051251,24.859855,25.242646,2
0,4096,128,32,bidiag_batch_vals,1,9.684666,9.566562,9.785302,16
0,1,256,8,jacobi,1,0.273791,0.195792,0.395792,25
0,1,256,8,qr,1,0.373083,0.365625,0.390959,25
0,1,256,8,gk,1,0.262500,0.248750,0.275084,25
0,1,256,8,gk_vals,1,0.258542,0.244625,0.263916,25
0,1,256,8,cpu_vals,1,0.008667,0.008667,0.008750,25
0,1,256,8,cpu,1,0.015042,0.015000,0.015084,25
0,4096,256,256,cpu,1,1095.357417,1089.945980,1100.768855,2
0,4096,256,256,bidiag_batch,1,658.330541,642.715416,676.712437,3
0,4096,256,256,bidiag_batch_vals,1,335.778542,334.121959,344.180063,3
0,4096,256,256,cpu_vals,1,546.685896,545.916052,547.455740,2
0,1,1024,1024,cpu,1,56.830709,56.826979,56.834438,2
0,1,1024,1024,bidiag,1,33.145042,32.960416,33.464625,5
0,1,1024,1024,bidiag_vals,1,20.739188,20.685229,20.749885,8
0,1,1024,1024,cpu_vals,1,35.783666,35.762541,35.804791,2
0,1,1024,1024,band,1,27.499146,27.339208,27.696646,6
0,1,1024,1024,band8_vals,1,19.570271,19.483323,19.695750,8
0,1,1024,1024,band_vals,1,19.424708,19.270417,19.439323,8
0,1,1024,1024,band32_vals,1,27.856730,27.850115,27.863344,2
0,256,4,4,jacobi,1,0.258542,0.251458,0.265875,25
0,256,4,4,gk,1,0.174542,0.167167,0.203500,25
0,256,4,4,gk_vals,1,0.157375,0.153500,0.165958,25
0,256,4,4,cpu_vals,1,0.200917,0.106625,0.251209,25
0,256,4,4,gk_share,1,0.305125,0.296542,0.314791,25
0,256,4,4,gk_share_vals,1,0.264917,0.262000,0.267583,25
0,256,4,4,cpu,1,0.117333,0.115542,0.119417,25
0,1,1024,128,jacobi,1,19.421063,19.415322,19.430208,8
0,1,1024,128,block,1,8.739084,8.638177,8.814896,18
0,1,1024,128,qr,1,5.088292,5.085125,5.094500,25
0,1,1024,128,qrblock,1,6.471896,6.399510,6.513948,24
0,1,1024,128,cpu,1,2.094208,2.090792,2.107458,25
0,1,1024,128,bidiag,1,3.884791,3.878125,3.913875,25
0,1,1024,128,bidiag_vals,1,2.804916,2.798875,2.807834,25
0,1,1024,128,cpu_vals,1,1.144458,1.141166,1.150709,25
0,4096,64,16,jacobi,1,5.251209,5.241583,5.264834,25
0,4096,64,16,qr,1,5.938000,5.927042,5.984375,25
0,4096,64,16,gk,1,3.618917,3.613208,3.632667,25
0,4096,64,16,gk_vals,1,1.769000,1.758917,1.774083,25
0,4096,64,16,cpu_vals,1,3.114958,3.089333,3.137250,25
0,4096,64,16,gk_share,1,3.726375,3.656958,3.784125,25
0,4096,64,16,gk_share_vals,1,1.824750,1.797084,1.838625,25
0,4096,64,16,cpu,1,7.299250,7.044208,7.366042,21
0,4096,192,192,cpu,0,0.000000,0.000000,0.000000,0
0,4096,192,192,bidiag_batch,1,330.425375,326.705541,340.944666,3
0,4096,192,192,bidiag_batch_vals,1,208.388542,205.077042,209.387667,5
0,4096,192,192,cpu_vals,1,254.776917,253.762583,255.372292,5
0,4096,512,64,jacobi,1,531.609166,528.731396,534.486937,2
0,4096,512,64,block,1,271.097604,269.684656,272.510552,2
0,4096,512,64,qr,1,253.889521,243.612177,264.166864,2
0,4096,512,64,qrblock,1,185.408584,173.032229,197.784938,2
0,4096,512,64,gk,1,127.256563,125.243906,129.269219,2
0,4096,512,64,gk_vals,1,61.686020,61.657718,61.714323,2
0,4096,512,64,cpu_vals,1,72.850646,72.765323,72.935969,2
0,4096,512,64,gk_share,1,88.061625,85.919583,89.199833,5
0,4096,512,64,gk_share_vals,1,38.893875,37.780584,39.415167,5
0,4096,512,64,cpu,1,152.960833,151.689979,154.231687,2
0,4096,512,64,bidiag_batch,1,90.869000,87.013042,91.893417,5
0,4096,512,64,bidiag_batch_vals,1,39.622000,39.566625,39.715375,5
0,16,64,32,jacobi,1,0.312375,0.304458,0.324500,25
0,16,64,32,block,1,2.028666,1.960833,2.071041,25
0,16,64,32,qr,1,0.578833,0.570708,0.590542,25
0,16,64,32,qrblock,1,2.209417,2.184625,2.238666,25
0,16,64,32,gk,1,0.771708,0.760666,0.809709,25
0,16,64,32,gk_vals,1,0.496417,0.492208,0.517250,25
0,16,64,32,cpu_vals,1,0.132417,0.125041,0.135209,25
0,16,64,32,cpu,1,0.203000,0.200333,0.205875,25
0,16,64,32,bidiag_batch,1,1.135625,1.119584,1.191584,25
0,16,64,32,bidiag_batch_vals,1,0.569875,0.518375,0.616750,25
0,4,32,16,jacobi,1,0.196417,0.188209,0.205000,25
0,4,32,16,qr,1,0.424083,0.415459,0.444042,25
0,4,32,16,gk,1,0.248750,0.239875,0.281667,25
0,4,32,16,gk_vals,1,0.264042,0.255333,0.270750,25
0,4,32,16,cpu_vals,1,0.022208,0.021833,0.024291,25
0,4,32,16,cpu,1,0.036375,0.035250,0.039292,25
0,1024,256,256,cpu,1,291.600396,289.680927,293.519865,2
0,1024,256,256,bidiag_batch,1,195.611334,195.058334,196.355875,5
0,1024,256,256,bidiag_batch_vals,1,94.500417,94.248917,97.582375,5
0,1024,256,256,cpu_vals,1,141.674417,141.219916,142.128917,2
0,1,40,40,jacobi,1,0.521583,0.516208,0.556833,25
0,1,40,40,block,1,2.596542,2.493708,2.667708,25
0,1,40,40,gk,1,0.841250,0.795917,0.843375,25
0,1,40,40,gk_vals,1,0.698750,0.651375,0.702334,25
0,1,40,40,cpu_vals,1,0.028375,0.028250,0.028500,25
0,1,40,40,cpu,1,0.081875,0.081584,0.082250,25
0,1,512,64,jacobi,1,1.935208,1.931541,1.938958,25
0,1,512,64,block,1,3.949666,3.907042,3.999875,25
0,1,512,64,qr,1,1.303333,1.291959,1.344833,25
0,1,512,64,qrblock,1,2.868334,2.860000,2.980958,25
0,1,512,64,gk,1,2.375125,2.369083,2.383958,25
0,1,512,64,gk_vals,1,1.786583,1.782375,1.789125,25
0,1,512,64,cpu_vals,1,0.183416,0.180458,0.184416,25
0,1,512,64,cpu,1,0.400042,0.398875,0.401542,25
0,16,1024,64,jacobi,1,4.970875,4.961000,4.982708,25
0,16,1024,64,block,1,6.202334,6.131166,6.262209,25
0,16,1024,64,qr,1,2.005916,1.934208,2.009625,25
0,16,1024,64,qrblock,1,3.556083,3.489458,3.585625,25
0,16,1024,64,gk,1,3.047542,2.986792,3.084500,25
0,16,1024,64,gk_vals,1,2.192917,2.180333,2.211333,25
0,16,1024,64,cpu_vals,1,0.888750,0.822833,1.289042,25
0,16,1024,64,cpu,1,1.998958,1.531333,2.017208,25
0,16,1024,64,bidiag_batch,1,2.461208,2.403708,2.650833,25
0,16,1024,64,bidiag_batch_vals,1,1.451708,1.416167,1.500292,25
0,4096,64,32,jacobi,1,23.826375,23.688917,23.963833,2
0,4096,64,32,block,1,22.946167,22.850729,23.041605,2
0,4096,64,32,qr,1,23.578458,23.533104,23.623812,2
0,4096,64,32,qrblock,1,22.018958,22.003104,22.034812,2
0,4096,64,32,gk,1,12.984417,12.973146,12.997708,12
0,4096,64,32,gk_vals,1,7.603000,7.594167,7.621573,20
0,4096,64,32,cpu_vals,1,7.342208,7.279209,7.402833,21
0,4096,64,32,gk_share,1,9.711834,9.496354,9.744062,16
0,4096,64,32,gk_share_vals,1,4.700250,4.670000,4.776292,25
0,4096,64,32,cpu,1,20.458542,20.365625,20.551458,2
0,4096,64,32,bidiag_batch,1,22.756667,22.633625,22.879708,2
0,4096,64,32,bidiag_batch_vals,1,9.240959,8.993542,9.332791,17
0,1,1024,32,jacobi,1,0.907500,0.875667,0.926542,25
0,1,1024,32,block,1,4.255625,4.165000,4.327750,25
0,1,1024,32,qr,1,0.647375,0.642958,0.650167,25
0,1,1024,32,qrblock,1,2.267542,2.100708,2.375334,25
0,1,1024,32,gk,1,0.983000,0.948500,0.989625,25
0,1,1024,32,gk_vals,1,0.433541,0.424334,0.438125,25
0,1,1024,32,cpu_vals,1,0.110083,0.105042,0.110458,25
0,1,1024,32,cpu,1,0.208459,0.205333,0.210417,25
0,1024,128,32,jacobi,1,8.414083,8.377813,8.439271,18
0,1024,128,32,block,1,9.092833,8.606500,9.243875,17
0,1024,128,32,qr,1,7.574854,7.549489,7.599416,20
0,1024,128,32,qrblock,1,7.859438,7.804083,7.901865,20
0,1024,128,32,gk,1,5.835375,5.825416,5.858334,25
0,1024,128,32,gk_vals,1,3.524208,3.513750,3.536584,25
0,1024,128,32,cpu_vals,1,2.744750,2.712958,2.820084,25
0,1024,128,32,gk_share,1,3.718625,3.683458,3.956791,25
0,1024,128,32,gk_share_vals,1,1.882041,1.872000,1.902208,25
0,1024,128,32,cpu,1,6.333792,6.123197,6.427958,24
0,1024,128,32,bidiag_batch,1,9.518584,9.361782,10.058865,16
0,1024,128,32,bidiag_batch_vals,1,3.284750,3.217084,3.457709,25
0,256,64,16,jacobi,1,0.562375,0.560625,0.566458,25
0,256,64,16,qr,1,0.975209,0.955875,1.045750,25
0,256,64,16,gk,1,0.417916,0.413166,0.502917,25
0,256,64,16,gk_vals,1,0.264208,0.261083,0.274000,25
0,256,64,16,cpu_vals,1,0.280000,0.275416,0.288416,25
0,256,64,16,gk_share,1,0.490417,0.485458,0.492042,25
0,256,64,16,gk_share_vals,1,0.396958,0.393208,0.399292,25
0,256,64,16,cpu,1,0.583916,0.572667,0.644166,25
0,64,4,4,jacobi,1,0.226458,0.214084,0.234250,25
0,64,4,4,gk,1,0.243625,0.220291,0.263625,25
0,64,4,4,gk_vals,1,0.149084,0.137917,0.203250,25
0,64,4,4,cpu_vals,1,0.097500,0.084959,0.098709,25
0,64,4,4,gk_share,1,0.271792,0.263667,0.275875,25
0,64,4,4,gk_share_vals,1,0.123292,0.113542,0.156334,25
0,64,4,4,cpu,1,0.124333,0.071500,0.143000,25
0,64,16,16,jacobi,1,0.256125,0.251834,0.263167,25
0,64,16,16,gk,1,0.257792,0.255000,0.267541,25
0,64,16,16,gk_vals,1,0.201583,0.190416,0.211292,25
0,64,16,16,cpu_vals,1,0.137542,0.111750,0.219292,25
0,64,16,16,gk_share,1,0.377125,0.373750,0.381333,25
0,64,16,16,gk_share_vals,1,0.301709,0.297708,0.305208,25
0,64,16,16,cpu,1,0.153875,0.151333,0.155667,25
0,1024,512,32,jacobi,1,45.586896,45.506906,45.666886,2
0,1024,512,32,block,1,20.457187,20.390760,20.523615,2
0,1024,512,32,qr,1,11.360271,11.297406,11.406823,14
0,1024,512,32,qrblock,1,11.749500,11.725500,11.810083,13
0,1024,512,32,gk,1,7.807792,7.767604,7.845812,20
0,1024,512,32,gk_vals,1,3.862959,3.836875,3.892042,25
0,1024,512,32,cpu_vals,1,5.918750,5.726167,6.057333,25
0,1024,512,32,gk_share,1,8.335396,8.059448,10.419719,16
0,1024,512,32,gk_share_vals,1,4.166041,4.135625,4.238916,25
0,1024,512,32,cpu,1,11.979625,11.724417,12.094042,13
0,1024,512,32,bidiag_batch,1,12.493313,12.251343,13.238792,12
0,1024,512,32,bidiag_batch_vals,1,4.954459,4.836667,5.092500,25
0,64,2048,64,jacobi,1,82.945792,82.451146,83.440438,2
0,64,2048,64,block,1,18.309459,18.119750,18.544625,9
0,64,2048,64,qr,1,7.908375,7.898354,7.929958,19
0,64,2048,64,qrblock,1,8.892042,8.817625,9.024084,17
0,64,2048,64,gk,1,7.746875,7.681625,7.847468,20
0,64,2048,64,gk_vals,1,5.633667,5.623334,5.657292,25
0,64,2048,64,cpu_vals,1,5.137166,5.068334,5.189958,25
0,64,2048,64,gk_share,1,7.266375,6.903500,7.361209,21
0,64,2048,64,gk_share_vals,1,5.174750,5.024792,5.260583,25
0,64,2048,64,cpu,1,9.852542,9.687708,10.074834,15
0,64,2048,64,bidiag_batch,1,6.973146,6.894969,7.108240,22
0,64,2048,64,bidiag_batch_vals,1,3.828500,3.783875,3.849208,25
0,1024,32,8,jacobi,1,0.420459,0.416000,0.516375,25
0,1024,32,8,qr,1,0.965500,0.880542,0.994959,25
0,1024,32,8,gk,1,0.297167,0.292084,0.302666,25
0,1024,32,8,gk_vals,1,0.204041,0.199542,0.225500,25
0,1024,32,8,cpu_vals,1,0.368958,0.365417,0.371042,25
0,1024,32,8,gk_share,1,0.539000,0.526667,0.565500,25
0,1024,32,8,gk_share_vals,1,0.503625,0.474334,0.523500,25
0,1024,32,8,cpu,1,0.568125,0.552458,0.623125,25
0,16,256,128,jacobi,1,5.482250,5.475250,5.484084,25
0,16,256,128,block,1,6.744417,6.656771,6.774083,23
0,16,256,128,qr,1,5.096708,5.040916,5.136958,25
0,16,256,128,qrblock,1,7.314333,7.283125,7.380083,21
0,16,256,128,cpu,1,2.394417,2.370750,2.417125,25
0,16,256,128,bidiag,1,42.640125,42.542813,42.737437,2
0,16,256,128,bidiag_vals,1,29.414062,29.400156,29.427969,2
0,16,256,128,cpu_vals,1,1.536875,1.302625,1.556125,25
0,16,256,128,bidiag_batch,1,3.317834,3.274334,3.876958,25
0,16,256,128,bidiag_batch_vals,1,2.261500,2.221125,2.317333,25
0,4096,8,8,jacobi,1,1.198875,1.162417,1.237166,25
0,4096,8,8,gk,1,0.341875,0.339583,0.343459,25
0,4096,8,8,gk_vals,1,0.252292,0.234333,0.267958,25
0,4096,8,8,cpu_vals,1,0.806542,0.793500,0.815417,25
0,4096,8,8,gk_share,1,0.772958,0.755125,0.788459,25
0,4096,8,8,gk_share_vals,1,0.569584,0.554666,0.671500,25
0,4096,8,8,cpu,1,1.372084,1.295833,1.386916,25
0,16,256,32,jacobi,1,0.440167,0.429208,0.504709,25
0,16,256,32,block,1,2.245750,2.190875,2.288167,25
0,16,256,32,qr,1,0.755541,0.740166,0.767750,25
0,16,256,32,qrblock,1,2.205459,2.174667,2.233750,25
0,16,256,32,gk,1,1.034625,1.026750,1.078125,25
0,16,256,32,gk_vals,1,0.471959,0.465708,0.505666,25
0,16,256,32,cpu_vals,1,0.202833,0.195125,0.241875,25
0,16,256,32,cpu,1,0.283250,0.281167,0.303750,25
0,16,256,32,bidiag_batch,1,1.263792,1.253542,1.303416,25
0,16,256,32,bidiag_batch_vals,1,0.664333,0.603792,0.901250,25
0,64,1024,1024,cpu,1,1162.849230,1159.209698,1166.488761,2
0,64,1024,1024,bidiag_batch,1,381.454333,379.724104,392.961354,3
0,64,1024,1024,bidiag_batch_vals,1,146.554417,145.883000,149.296959,5
0,64,1024,1024,cpu_vals,1,829.450229,821.196115,837.704344,2
0,4,2048,64,jacobi,1,8.466166,8.411188,8.488062,18
0,4,2048,64,block,1,8.119666,8.103250,8.246396,19
0,4,2048,64,qr,1,2.094959,2.085958,2.145334,25
0,4,2048,64,qrblock,1,3.656625,3.609833,3.701917,25
0,4,2048,64,gk,1,3.225959,3.151084,3.241250,25
0,4,2048,64,gk_vals,1,2.490792,2.440042,2.523375,25
0,4,2048,64,cpu_vals,1,0.967875,0.954167,0.996917,25
0,4,2048,64,cpu,1,1.878458,1.858375,1.889000,25
0,1,56,56,jacobi,1,0.822291,0.775625,0.850083,25
0,1,56,56,block,1,2.529708,2.511542,2.590875,25
0,1,56,56,gk,1,1.291208,1.280958,1.331166,25
0,1,56,56,gk_vals,1,1.011125,0.968583,1.017625,25
0,1,56,56,cpu_vals,1,0.052042,0.051958,0.052167,25
0,1,56,56,cpu,1,0.135500,0.135167,0.136167,25
0,1024,64,64,jacobi,1,41.299500,41.255250,41.343750,2
0,1024,64,64,block,1,28.985501,28.939355,29.031646,2
0,1024,64,64,gk,1,15.737459,15.724771,15.767323,10
0,1024,64,64,gk_vals,1,7.607542,7.591073,7.618749,20
0,1024,64,64,cpu_vals,1,5.014084,4.824917,5.099542,25
0,1024,64,64,gk_share,1,8.306708,8.227406,8.498947,18
0,1024,64,64,gk_share_vals,1,3.653666,3.649375,3.684250,25
0,1024,64,64,cpu,1,13.448979,13.240260,13.613594,12
0,1024,64,64,bidiag_batch,1,14.263292,14.150709,14.615833,11
0,1024,64,64,bidiag_batch_vals,1,6.118875,6.064958,6.304708,25
0,256,1024,256,cpu,1,158.614938,158.211198,159.018677,2
0,256,1024,256,bidiag_batch,1,102.528542,99.347875,104.979667,5
0,256,1024,256,bidiag_batch_vals,1,52.808500,52.687084,52.928750,5
0,256,1024,256,cpu_vals,1,71.955938,71.941427,71.970448,2
0,1,512,16,jacobi,1,0.342834,0.302000,0.996625,25
0,1,512,16,qr,1,0.454084,0.447625,0.457000,25
0,1,512,16,gk,1,0.510542,0.503709,0.537875,25
0,1,512,16,gk_vals,1,0.262042,0.247875,0.267750,25
0,1,512,16,cpu_vals,1,0.034459,0.034416,0.034542,25
0,1,512,16,cpu,1,0.060417,0.060250,0.060708,25
0,64,512,64,jacobi,1,10.822999,10.713000,10.959760,14
0,64,512,64,block,1,6.450938,6.305937,6.551979,24
0,64,512,64,qr,1,3.753125,3.718083,3.814250,25
0,64,512,64,qrblock,1,4.605208,4.526583,4.678833,25
0,64,512,64,gk,1,3.483167,3.413625,3.531917,25
0,64,512,64,gk_vals,1,2.466542,2.382834,2.489625,25
0,64,512,64,cpu_vals,1,1.947583,1.613292,2.020625,25
0,64,512,64,gk_share,1,3.488084,3.419625,3.528209,25
0,64,512,64,gk_share_vals,1,2.640375,2.578750,2.670583,25
0,64,512,64,cpu,1,3.541208,3.193375,3.595708,25
0,64,512,64,bidiag_batch,1,3.286083,3.269375,3.298958,25
0,64,512,64,bidiag_batch_vals,1,1.771958,1.721750,1.790291,25
0,1,24,24,jacobi,1,0.661500,0.256542,0.733209,25
0,1,24,24,gk,1,0.342833,0.328292,0.370750,25
0,1,24,24,gk_vals,1,0.249625,0.245708,0.270334,25
0,1,24,24,cpu_vals,1,0.012833,0.012750,0.012958,25
0,1,24,24,cpu,1,0.032916,0.032750,0.033125,25
0,1024,64,32,jacobi,1,6.850292,6.698166,6.886896,23
0,1024,64,32,block,1,6.571083,6.521625,6.603542,23
0,1024,64,32,qr,1,6.741666,6.725396,6.765313,23
0,1024,64,32,qrblock,1,7.069500,6.903166,7.121385,22
0,1024,64,32,gk,1,3.715167,3.704209,3.727083,25
0,1024,64,32,gk_vals,1,2.203958,2.177500,2.219667,25
0,1024,64,32,cpu_vals,1,2.431750,1.956125,2.518958,25
0,1024,64,32,gk_share,1,3.385125,2.990792,4.012084,25
0,1024,64,32,gk_share_vals,1,1.533833,1.530334,1.543958,25
0,1024,64,32,cpu,1,5.444292,5.118417,5.649542,25
0,1024,64,32,bidiag_batch,1,9.124958,8.927375,9.441166,17
0,1024,64,32,bidiag_batch_vals,1,3.012792,2.979666,3.117500,25
0,64,128,16,jacobi,1,0.315667,0.305458,0.320500,25
0,64,128,16,qr,1,0.680291,0.667458,0.699292,25
0,64,128,16,gk,1,0.338666,0.331542,0.360750,25
0,64,128,16,gk_vals,1,0.263833,0.247084,0.271584,25
0,64,128,16,cpu_vals,1,0.166667,0.163875,0.172166,25
0,64,128,16,gk_share,1,0.451958,0.448625,0.456209,25
0,64,128,16,gk_share_vals,1,0.368916,0.365250,0.375166,25
0,64,128,16,cpu,1,0.251500,0.250208,0.252584,25
0,256,256,256,cpu,1,76.264416,75.934021,76.594812,2
0,256,256,256,bidiag_batch,1,49.073708,48.682667,49.142208,5
0,256,256,256,bidiag_batch_vals,1,26.841625,26.756844,26.922750,6
0,256,256,256,cpu_vals,1,38.777230,38.534219,39.020240,2
0,1,64,16,jacobi,1,0.252541,0.245292,0.269166,25
0,1,64,16,qr,1,0.451917,0.440541,0.461500,25
0,1,64,16,gk,1,0.405208,0.382375,0.442334,25
0,1,64,16,gk_vals,1,0.277333,0.272291,0.287333,25
0,1,64,16,cpu_vals,1,0.011666,0.011583,0.011708,25
0,1,64,16,cpu,1,0.031542,0.031417,0.031750,25
0,64,256,16,jacobi,1,0.366458,0.347500,0.370833,25
0,64,256,16,qr,1,0.704541,0.698708,0.720000,25
0,64,256,16,gk,1,0.386167,0.376917,0.392833,25
0,64,256,16,gk_vals,1,0.257583,0.254583,0.267917,25
0,64,256,16,cpu_vals,1,0.184500,0.181833,0.186625,25
0,64,256,16,gk_share,1,0.485334,0.482250,0.487167,25
0,64,256,16,gk_share_vals,1,0.372750,0.372083,0.375000,25
0,64,256,16,cpu,1,0.279458,0.277875,0.280917,25
0,16,256,16,jacobi,1,0.282000,0.272500,0.293666,25
0,16,256,16,qr,1,0.520083,0.515250,0.528792,25
0,16,256,16,gk,1,0.330750,0.321542,0.340208,25
0,16,256,16,gk_vals,1,0.258167,0.244583,0.264208,25
0,16,256,16,cpu_vals,1,0.124208,0.115708,0.256708,25
0,16,256,16,cpu,1,0.168958,0.163416,0.206125,25
0,256,384,384,cpu,1,168.910584,167.586375,170.068750,5
0,256,384,384,bidiag_batch,1,135.244167,134.976916,135.389875,5
0,256,384,384,bidiag_batch_vals,1,52.885542,52.613417,53.084333,5
0,256,384,384,cpu_vals,1,89.451480,88.515177,90.387782,2
0,4096,48,48,jacobi,1,78.356687,76.906031,79.807344,2
0,4096,48,48,block,1,99.139229,97.579489,100.698969,2
0,4096,48,48,gk,1,24.772833,24.335729,25.209937,2
0,4096,48,48,gk_vals,1,11.227521,11.211011,11.258760,14
0,4096,48,48,cpu_vals,1,10.626146,10.270594,11.342365,14
0,4096,48,48,gk_share,1,15.671812,15.606042,15.739979,10
0,4096,48,48,gk_share_vals,1,6.519917,6.453646,6.541605,23
0,4096,48,48,cpu,1,33.835458,33.796875,33.874041,2
0,4096,48,48,bidiag_batch,1,32.716084,31.520250,33.911917,2
0,4096,48,48,bidiag_batch_vals,1,13.588041,13.307177,13.659906,12
0,256,128,8,jacobi,1,0.284709,0.264166,0.286541,25
0,256,128,8,qr,1,0.698917,0.677625,0.715416,25
0,256,128,8,gk,1,0.277750,0.273709,0.291625,25
0,256,128,8,gk_vals,1,0.206209,0.201958,0.212542,25
0,256,128,8,cpu_vals,1,0.201167,0.198750,0.205708,25
0,256,128,8,gk_share,1,0.385583,0.378917,0.388208,25
0,256,128,8,gk_share_vals,1,0.327834,0.321750,0.333542,25
0,256,128,8,cpu,1,0.287000,0.280334,0.305833,25
0,1024,24,24,jacobi,1,3.277000,3.216750,3.295333,25
0,1024,24,24,gk,1,1.226042,1.198792,1.266125,25
0,1024,24,24,gk_vals,1,0.523584,0.513250,0.542291,25
0,1024,24,24,cpu_vals,1,0.962625,0.954834,0.980542,25
0,1024,24,24,gk_share,1,1.318959,1.296250,1.390292,25
0,1024,24,24,gk_share_vals,1,0.750375,0.723584,0.967459,25
0,1024,24,24,cpu,1,2.678125,2.630375,2.711458,25
0,1,32,8,jacobi,1,0.252833,0.247500,0.266500,25
0,1,32,8,qr,1,0.543167,0.490875,0.557791,25
0,1,32,8,gk,1,0.182333,0.161042,0.244375,25
0,1,32,8,gk_vals,1,0.170750,0.156250,0.214209,25
0,1,32,8,cpu_vals,1,0.005792,0.005750,0.005834,25
0,1,32,8,cpu,1,0.008333,0.008250,0.008375,25
0,4,512,256,cpu,1,5.053375,5.010208,5.099625,25
0,4,512,256,bidiag,1,25.464188,25.227719,25.700656,2
0,4,512,256,bidiag_vals,1,20.208188,19.995750,20.286532,8
0,4,512,256,cpu_vals,1,3.058959,3.040875,3.073917,25
0,4,1024,256,cpu,1,6.508541,6.316844,6.566312,24
0,4,1024,256,bidiag,1,27.009417,26.977041,27.041792,2
0,4,1024,256,bidiag_vals,1,21.260687,21.118635,21.402739,2
0,4,1024,256,cpu_vals,1,3.816750,3.568833,3.843208,25
0,1,2048,256,cpu,1,7.868834,7.802750,7.926063,19
0,1,2048,256,bidiag,1,8.113792,8.016167,8.164020,19
0,1,2048,256,bidiag_vals,1,6.013333,5.971291,6.076750,25
0,1,2048,256,cpu_vals,1,4.159833,4.126209,4.192625,25
0,1,2048,64,jacobi,1,8.427437,8.417093,8.529208,18
0,1,2048,64,block,1,7.784187,7.692677,7.815958,20
0,1,2048,64,qr,1,1.741125,1.703500,1.798125,25
0,1,2048,64,qrblock,1,3.122667,3.104709,3.179750,25
0,1,2048,64,gk,1,2.783167,2.759417,2.786458,25
0,1,2048,64,gk_vals,1,2.174209,2.152541,2.211292,25
0,1,2048,64,cpu_vals,1,0.423958,0.422500,0.429166,25
0,1,2048,64,cpu,1,0.853625,0.849625,0.870792,25
0,64,256,128,jacobi,1,29.711937,29.550094,29.873781,2
0,64,256,128,block,1,14.313875,14.262458,14.386062,11
0,64,256,128,qr,1,30.682645,30.462364,30.902927,2
0,64,256,128,qrblock,1,14.045875,13.902104,14.113813,11
0,64,256,128,cpu,1,8.536917,8.385074,8.858823,18
0,64,256,128,bidiag,1,182.369000,177.933084,186.804916,2
0,64,256,128,bidiag_vals,1,123.539896,121.868885,125.210906,2
0,64,256,128,cpu_vals,1,4.773792,4.722041,5.166542,25
0,64,256,128,bidiag_batch,1,7.203958,7.134083,7.260792,21
0,64,256,128,bidiag_batch_vals,1,3.385000,3.362875,3.451500,25
0,1024,384,384,cpu,1,635.647625,633.212875,637.610979,3
0,1024,384,384,bidiag_batch,1,524.654875,520.513541,533.170333,3
0,1024,384,384,bidiag_batch_vals,1,208.845208,208.426875,209.538417,5
0,1024,384,384,cpu_vals,1,336.107291,335.765687,336.448896,2
0,1024,8,8,jacobi,1,0.537458,0.525875,0.609875,25
0,1024,8,8,gk,1,0.218625,0.212709,0.229500,25
0,1024,8,8,gk_vals,1,0.173458,0.171167,0.178375,25
0,1024,8,8,cpu_vals,1,0.292416,0.289583,0.294625,25
0,1024,8,8,gk_share,1,0.522917,0.514292,0.538583,25
0,1024,8,8,gk_share_vals,1,0.364667,0.352417,0.372792,25
0,1024,8,8,cpu,1,0.437208,0.398667,0.557750,25
0,64,32,8,jacobi,1,0.306375,0.294500,0.313916,25
0,64,32,8,qr,1,0.431792,0.422708,0.458667,25
0,64,32,8,gk,1,0.176083,0.172375,0.181417,25
0,64,32,8,gk_vals,1,0.156417,0.152083,0.166750,25
0,64,32,8,cpu_vals,1,0.236291,0.111166,0.242167,25
0,64,32,8,gk_share,1,0.285792,0.284083,0.291792,25
0,64,32,8,gk_share_vals,1,0.261166,0.255459,0.264084,25
0,64,32,8,cpu,1,0.123250,0.121291,0.125667,25
0,16,256,8,jacobi,1,0.252125,0.202291,0.395583,25
0,16,256,8,qr,1,0.440750,0.433125,0.469834,25
0,16,256,8,gk,1,0.205666,0.195667,0.222291,25
0,16,256,8,gk_vals,1,0.176417,0.173750,0.181000,25
0,16,256,8,cpu_vals,1,0.108500,0.073167,0.112917,25
0,16,256,8,cpu,1,0.092125,0.090084,0.097583,25
0,64,96,96,jacobi,1,7.549271,7.542376,7.599709,20
0,64,96,96,block,1,8.231333,8.165250,8.308354,19
0,64,96,96,cpu,1,2.867458,2.839917,2.886792,25
0,64,96,96,bidiag_batch,1,3.456959,3.404583,3.492459,25
0,64,96,96,bidiag_batch_vals,1,1.674541,1.648250,1.724375,25
0,64,96,96,cpu_vals,1,1.685084,1.675334,1.692333,25
0,4096,64,8,jacobi,1,1.397041,1.347792,1.414042,25
0,4096,64,8,qr,1,2.228250,2.191167,2.273750,25
0,4096,64,8,gk,1,1.374000,1.362292,1.381375,25
0,4096,64,8,gk_vals,1,0.730583,0.696500,0.758334,25
0,4096,64,8,cpu_vals,1,1.701583,1.296541,1.725917,25
0,4096,64,8,gk_share,1,1.591166,1.545959,1.648625,25
0,4096,64,8,gk_share_vals,1,1.020750,1.014083,1.030917,25
0,4096,64,8,cpu,1,2.559375,2.371708,2.691916,25
0,1,96,96,jacobi,1,2.136000,2.114750,2.142833,25
0,1,96,96,block,1,4.178791,4.066166,4.240250,25
0,1,96,96,cpu,1,0.528042,0.524667,0.533250,25
0,64,512,32,jacobi,1,1.948708,1.939958,1.961416,25
0,64,512,32,block,1,3.457000,3.404375,3.525042,25
0,64,512,32,qr,1,1.479167,1.404041,1.508208,25
0,64,512,32,qrblock,1,2.592875,2.566416,2.605666,25
0,64,512,32,gk,1,1.461708,1.370209,1.469500,25
0,64,512,32,gk_vals,1,0.696208,0.685291,0.798000,25
0,64,512,32,cpu_vals,1,0.693833,0.677708,0.983667,25
0,64,512,32,gk_share,1,1.580000,1.523041,1.595500,25
0,64,512,32,gk_share_vals,1,0.796250,0.792500,0.801541,25
0,64,512,32,cpu,1,0.991666,0.973125,1.430625,25
0,64,512,32,bidiag_batch,1,1.836208,1.766750,1.865292,25
0,64,512,32,bidiag_batch_vals,1,0.882333,0.871292,0.972709,25
0,1,1792,1792,cpu,1,163.204646,162.749907,163.659385,2
0,1,1792,1792,bidiag,1,90.804812,90.535885,91.073740,2
0,1,1792,1792,bidiag_vals,1,63.903771,63.481761,64.325782,2
0,1,1792,1792,cpu_vals,1,106.966729,106.941802,106.991656,2
0,1,1792,1792,band,1,63.237583,62.916500,65.955875,5
0,1,1792,1792,band8_vals,1,50.713291,49.944416,50.904167,5
0,1,1792,1792,band_vals,1,43.619625,43.301083,43.741000,5
0,1,1792,1792,band32_vals,1,64.200063,63.917969,64.482156,2
0,256,48,48,jacobi,1,4.647250,4.620333,4.663459,25
0,256,48,48,block,1,7.758833,7.706698,7.857021,20
0,256,48,48,gk,1,2.126625,2.075708,2.143291,25
0,256,48,48,gk_vals,1,1.162250,1.129834,1.174833,25
0,256,48,48,cpu_vals,1,0.768750,0.751125,0.816000,25
0,256,48,48,gk_share,1,1.323875,1.320417,1.330083,25
0,256,48,48,gk_share_vals,1,1.019375,0.953583,1.048458,25
0,256,48,48,cpu,1,2.216375,2.186083,2.244666,25
0,256,48,48,bidiag_batch,1,4.102333,4.049625,4.206708,25
0,256,48,48,bidiag_batch_vals,1,1.432750,1.408500,1.480208,25
0,256,2048,256,cpu,1,261.261855,260.812282,261.711427,2
0,256,2048,256,bidiag_batch,1,201.949166,200.497375,203.577583,5
0,256,2048,256,bidiag_batch_vals,1,108.789042,106.869833,112.263875,5
0,256,2048,256,cpu_vals,1,116.466708,115.600333,116.735750,5
0,4096,128,64,jacobi,1,285.251313,284.954656,285.547969,2
0,4096,128,64,block,1,124.997251,122.315896,127.678605,2
0,4096,128,64,qr,1,206.295687,205.146677,207.444698,2
0,4096,128,64,qrblock,1,120.190270,117.462656,122.917885,2
0,4096,128,64,gk,1,80.441605,79.595782,81.287427,2
0,4096,128,64,gk_vals,1,38.885708,38.700395,39.071020,2
0,4096,128,64,cpu_vals,1,30.749105,30.241115,31.257094,2
0,4096,128,64,gk_share,1,48.071167,47.202833,48.188000,5
0,4096,128,64,gk_share_vals,1,19.640229,19.490084,19.818031,8
0,4096,128,64,cpu,1,82.716500,78.622917,86.810084,2
0,4096,128,64,bidiag_batch,1,57.758458,57.699292,57.957709,5
0,4096,128,64,bidiag_batch_vals,1,26.101958,25.893333,26.310583,2
0,16,512,128,jacobi,1,13.796500,13.707354,14.159771,11
0,16,512,128,block,1,8.405541,8.294406,8.527344,18
0,16,512,128,qr,1,5.420166,5.379458,5.466833,25
0,16,512,128,qrblock,1,7.023416,6.872625,7.153760,22
0,16,512,128,cpu,1,3.597417,3.181417,3.637833,25
0,16,512,128,bidiag,1,52.945792,50.594000,55.297584,2
0,16,512,128,bidiag_vals,1,35.568792,35.148001,35.989584,2
0,16,512,128,cpu_vals,1,1.917958,1.657834,2.113166,25
0,16,512,128,bidiag_batch,1,3.656750,3.613458,3.873958,25
0,16,512,128,bidiag_batch_vals,1,2.375375,2.330000,2.423958,25
0,16,768,768,cpu,1,82.296188,80.934385,83.657990,2
0,16,768,768,bidiag,1,267.133479,266.789677,267.477281,2
0,16,768,768,bidiag_vals,1,199.862500,199.135854,200.589146,2
0,16,768,768,cpu_vals,1,48.723395,48.445989,49.000802,2
0,16,768,768,band,1,54.419084,54.375541,55.436708,5
0,16,768,768,band8_vals,1,150.293916,149.790271,150.797562,2
0,16,768,768,band_vals,1,156.855813,156.763427,156.948198,2
0,16,768,768,band32_vals,1,247.366250,247.332812,247.399687,2
0,16,768,768,bidiag_batch,1,54.508416,54.391167,54.679041,5
0,16,768,768,bidiag_batch_vals,1,28.894438,28.725500,29.374500,6
0,256,2048,64,jacobi,1,327.957791,327.915812,327.999771,2
0,256,2048,64,block,1,57.115167,56.971021,57.259312,2
0,256,2048,64,qr,1,33.279479,31.946656,34.612302,2
0,256,2048,64,qrblock,1,28.471646,28.187261,28.756032,2
0,256,2048,64,gk,1,26.111979,25.962052,26.261906,2
0,256,2048,64,gk_vals,1,17.149333,16.992500,17.460833,9
0,256,2048,64,cpu_vals,1,17.127083,17.011333,17.327292,9
0,256,2048,64,gk_share,1,18.450063,18.267812,18.700136,8
0,256,2048,64,gk_share_vals,1,12.061208,11.865500,12.361792,13
0,256,2048,64,cpu,1,33.910333,33.835479,33.985187,2
0,256,2048,64,bidiag_batch,1,23.321958,22.650959,23.992728,7
0,256,2048,64,bidiag_batch_vals,1,11.459917,11.352823,11.558740,14
0,4096,1024,128,qr,1,2385.430709,2284.769000,2486.092417,2
0,4096,1024,128,qrblock,1,1751.183896,1553.687114,1948.680677,2
0,4096,1024,128,cpu,1,961.817146,950.714740,972.919553,2
0,4096,1024,128,bidiag_batch,1,625.223125,577.681875,672.872896,3
0,4096,1024,128,bidiag_batch_vals,1,213.737125,210.030042,352.836000,3
0,4096,1024,128,cpu_vals,1,406.894959,406.211000,419.061980,3
0,64,64,8,jacobi,1,0.271000,0.247125,0.304250,25
0,64,64,8,qr,1,0.457708,0.442042,0.506750,25
0,64,64,8,gk,1,0.192875,0.191291,0.199250,25
0,64,64,8,gk_vals,1,0.172625,0.169292,0.176125,25
0,64,64,8,cpu_vals,1,0.178625,0.110250,0.252959,25
0,64,64,8,gk_share,1,0.308000,0.305541,0.313208,25
0,64,64,8,gk_share_vals,1,0.260125,0.250292,0.278958,25
0,64,64,8,cpu,1,0.136666,0.133292,0.138708,25
0,1,256,32,jacobi,1,0.435916,0.387709,0.466291,25
0,1,256,32,block,1,2.139416,2.110875,2.206459,25
0,1,256,32,qr,1,0.526833,0.517792,0.537334,25
0,1,256,32,qrblock,1,2.220375,2.106584,2.317250,25
0,1,256,32,gk,1,0.821958,0.787625,0.884709,25
0,1,256,32,gk_vals,1,0.325542,0.317750,0.331000,25
0,1,256,32,cpu_vals,1,0.052791,0.052666,0.052958,25
0,1,256,32,cpu,1,0.095750,0.095292,0.104250,25
0,16,16,8,jacobi,1,0.284292,0.270417,0.297250,25
0,16,16,8,qr,1,0.392500,0.387167,0.407625,25
0,16,16,8,gk,1,0.184292,0.175417,0.200458,25
0,16,16,8,gk_vals,1,0.216750,0.157667,0.239667,25
0,16,16,8,cpu_vals,1,0.052250,0.052000,0.054083,25
0,16,16,8,cpu,1,0.094084,0.080375,0.096625,25
0,1,1024,64,jacobi,1,4.372750,4.369875,4.376541,25
0,1,1024,64,block,1,5.114709,5.008875,5.239541,25
0,1,1024,64,qr,1,1.457208,1.442541,1.500459,25
0,1,1024,64,qrblock,1,2.748584,2.727375,2.858875,25
0,1,1024,64,gk,1,2.460333,2.456709,2.463041,25
0,1,1024,64,gk_vals,1,1.864667,1.856875,1.869083,25
0,1,1024,64,cpu_vals,1,0.259750,0.259291,0.261458,25
0,1,1024,64,cpu,1,0.563916,0.563125,0.565334,25
0,1,32,16,jacobi,1,0.273625,0.232666,0.410167,25
0,1,32,16,qr,1,0.398292,0.383250,0.403375,25
0,1,32,16,gk,1,0.259459,0.243500,0.269166,25
0,1,32,16,gk_vals,1,0.247625,0.200000,0.259250,25
0,1,32,16,cpu_vals,1,0.009584,0.009541,0.009625,25
0,1,32,16,cpu,1,0.027291,0.024375,0.027541,25
0,16,48,48,jacobi,1,0.684959,0.656542,0.744208,25
0,16,48,48,block,1,2.800667,2.754291,2.848417,25
0,16,48,48,gk,1,1.072417,1.049708,1.084750,25
0,16,48,48,gk_vals,1,0.850625,0.828125,0.882125,25
0,16,48,48,cpu_vals,1,0.164667,0.158167,0.184625,25
0,16,48,48,cpu,1,0.268208,0.265625,0.280042,25
0,16,48,48,bidiag_batch,1,1.205125,1.164125,1.228375,25
0,16,48,48,bidiag_batch_vals,1,0.644666,0.628917,0.672167,25
0,16,128,8,jacobi,1,0.252917,0.225541,0.261375,25
0,16,128,8,qr,1,0.410625,0.399292,0.435584,25
0,16,128,8,gk,1,0.196042,0.192375,0.199000,25
0,16,128,8,gk_vals,1,0.173375,0.170625,0.178084,25
0,16,128,8,cpu_vals,1,0.076625,0.055417,0.078292,25
0,16,128,8,cpu,1,0.143166,0.123709,0.148583,25
0,64,512,256,cpu,1,30.700750,30.685187,30.716313,2
0,64,512,256,bidiag,1,429.098437,427.492136,430.704739,2
0,64,512,256,bidiag_vals,1,326.864374,322.603458,331.125291,2
0,64,512,256,cpu_vals,1,14.606250,14.559062,14.864480,11
0,64,512,256,bidiag_batch,1,23.137084,22.827083,23.273605,7
0,64,512,256,bidiag_batch_vals,1,11.868792,11.681833,12.017250,13
0,1024,256,64,jacobi,1,105.324270,103.697906,106.950635,2
0,1024,256,64,block,1,42.776521,42.660615,42.892427,2
0,1024,256,64,qr,1,47.156396,45.066053,49.246740,2
0,1024,256,64,qrblock,1,31.853855,31.527302,32.180407,2
0,1024,256,64,gk,1,25.613187,25.372010,25.854365,2
0,1024,256,64,gk_vals,1,12.708833,12.697250,12.734531,12
0,1024,256,64,cpu_vals,1,11.227688,10.772406,11.416208,14
0,1024,256,64,gk_share,1,15.485854,15.304281,15.816771,10
0,1024,256,64,gk_share_vals,1,7.457854,7.401365,7.775958,20
0,1024,256,64,cpu,1,26.128979,25.983136,26.274823,2
0,1024,256,64,bidiag_batch,1,21.218896,21.032281,21.405510,2
0,1024,256,64,bidiag_batch_vals,1,9.513854,9.244083,10.016615,16
0,64,1024,256,cpu,1,40.567479,40.372448,40.762511,2
0,64,1024,256,bidiag,1,430.151542,428.372812,431.930271,2
0,64,1024,256,bidiag_vals,1,336.142084,331.550688,340.733479,2
0,64,1024,256,cpu_vals,1,18.853041,18.673688,19.124167,8
0,64,1024,256,bidiag_batch,1,30.524250,29.852417,30.600458,5
0,64,1024,256,bidiag_batch_vals,1,15.767522,15.493031,15.853032,10
0,256,16,8,jacobi,1,0.251875,0.239250,0.256833,25
0,256,16,8,qr,1,0.631833,0.607667,0.658625,25
0,256,16,8,gk,1,0.186417,0.179750,0.199875,25
0,256,16,8,gk_vals,1,0.153917,0.150292,0.173458,25
0,256,16,8,cpu_vals,1,0.155417,0.152792,0.157875,25
0,256,16,8,gk_share,1,0.343542,0.338209,0.351625,25
0,256,16,8,gk_share_vals,1,0.306583,0.303166,0.316042,25
0,256,16,8,cpu,1,0.202792,0.200791,0.204125,25
0,64,32,16,jacobi,1,0.253250,0.251125,0.271583,25
0,64,32,16,qr,1,0.545959,0.526458,0.561625,25
0,64,32,16,gk,1,0.251667,0.250125,0.262333,25
0,64,32,16,gk_vals,1,0.184625,0.179666,0.191166,25
0,64,32,16,cpu_vals,1,0.139459,0.135417,0.159542,25
0,64,32,16,gk_share,1,0.383084,0.376250,0.386500,25
0,64,32,16,gk_share_vals,1,0.299084,0.296625,0.302041,25
0,64,32,16,cpu,1,0.204833,0.201875,0.213750,25
0,1,3072,3072,cpu,1,1049.217000,1048.860312,1049.573688,2
0,1,3072,3072,bidiag,1,341.529021,338.017198,345.040844,2
0,1,3072,3072,bidiag_vals,1,270.086729,268.807052,271.366407,2
0,1,3072,3072,cpu_vals,1,712.453147,711.487740,713.418553,2
0,1,3072,3072,band,1,167.016250,165.185959,172.869458,5
0,1,3072,3072,band8_vals,1,143.304458,141.985375,144.623541,2
0,1,3072,3072,band_vals,1,101.144875,100.685417,102.228083,5
0,1,3072,3072,band32_vals,1,128.559583,128.452292,128.605708,5
0,4096,256,8,jacobi,1,2.960625,2.954000,2.975458,25
0,4096,256,8,qr,1,6.439625,6.353854,6.739875,23
0,4096,256,8,gk,1,3.417666,3.414709,3.427958,25
0,4096,256,8,gk_vals,1,1.500959,1.479125,1.510625,25
0,4096,256,8,cpu_vals,1,2.272959,2.242791,2.316709,25
0,4096,256,8,gk_share,1,3.204042,3.152292,3.261917,25
0,4096,256,8,gk_share_vals,1,1.752667,1.738333,1.774833,25
0,4096,256,8,cpu,1,4.029875,4.001125,4.060542,25
0,256,256,8,jacobi,1,0.350125,0.344208,0.354000,25
0,256,256,8,qr,1,0.939708,0.924250,0.959500,25
0,256,256,8,gk,1,0.400084,0.397375,0.435584,25
0,256,256,8,gk_vals,1,0.251583,0.243167,0.258375,25
0,256,256,8,cpu_vals,1,0.261584,0.254125,0.280292,25
0,256,256,8,gk_share,1,0.425917,0.411750,0.484000,25
0,256,256,8,gk_share_vals,1,0.309292,0.306917,0.325542,25
0,256,256,8,cpu,1,0.370583,0.368416,0.374833,25
0,4096,80,80,jacobi,1,420.039979,419.619072,420.460885,2
0,4096,80,80,block,1,305.154979,301.923843,308.386115,2
0,4096,80,80,gk,1,143.571271,141.234781,145.907760,2
0,4096,80,80,gk_vals,1,61.283688,61.266386,61.300990,2
0,4096,80,80,cpu_vals,1,52.442125,52.369062,52.515188,2
0,4096,80,80,gk_share,1,62.876125,62.658167,62.986708,5
0,4096,80,80,gk_share_vals,1,31.783417,31.526042,32.225125,5
0,4096,80,80,cpu,1,94.538438,94.144115,94.932761,2
0,4096,80,80,bidiag_batch,1,63.371750,62.986416,64.649541,5
0,4096,80,80,bidiag_batch_vals,1,31.032333,30.938250,31.359333,5
0,1024,64,8,jacobi,1,0.716667,0.648125,0.758667,25
0,1024,64,8,qr,1,1.097000,1.047583,1.131959,25
0,1024,64,8,gk,1,0.489333,0.485000,0.580833,25
0,1024,64,8,gk_vals,1,0.276083,0.270958,0.289792,25
0,1024,64,8,cpu_vals,1,0.422875,0.420250,0.427958,25
0,1024,64,8,gk_share,1,0.590250,0.581458,0.602375,25
0,1024,64,8,gk_share_vals,1,0.531125,0.508125,0.562958,25
0,1024,64,8,cpu,1,0.653583,0.633667,0.686625,25
0,4096,4,4,jacobi,1,0.520125,0.365375,0.568542,25
0,4096,4,4,gk,1,0.262125,0.258458,0.276958,25
0,4096,4,4,gk_vals,1,0.192750,0.179292,0.210958,25
0,4096,4,4,cpu_vals,1,0.517792,0.462709,0.552750,25
0,4096,4,4,gk_share,1,0.494916,0.487875,0.524542,25
0,4096,4,4,gk_share_vals,1,0.456166,0.429209,0.479792,25
0,4096,4,4,cpu,1,0.657959,0.639666,0.744917,25
0,64,128,128,jacobi,1,32.684417,32.608083,32.760751,2
0,64,128,128,block,1,14.055959,13.973001,14.210438,11
0,64,128,128,cpu,1,5.869292,5.825708,6.243000,25
0,64,128,128,bidiag,1,155.287959,152.731813,157.844104,2
0,64,128,128,bidiag_vals,1,97.940521,97.915135,97.965906,2
0,64,128,128,cpu_vals,1,4.338625,3.876500,4.441875,25
0,64,128,128,bidiag_batch,1,5.424334,5.358209,5.484959,25
0,64,128,128,bidiag_batch_vals,1,2.363125,2.334708,2.412958,25
0,4,1024,64,jacobi,1,4.504584,4.491958,4.508375,25
0,4,1024,64,block,1,5.466959,5.392583,5.531458,25
0,4,1024,64,qr,1,1.980292,1.964625,2.019417,25
0,4,1024,64,qrblock,1,3.583750,3.563208,3.647500,25
0,4,1024,64,gk,1,3.142208,3.131375,3.158708,25
0,4,1024,64,gk_vals,1,2.506083,2.486208,2.531458,25
0,4,1024,64,cpu_vals,1,0.560833,0.550834,0.567958,25
0,4,1024,64,cpu,1,1.073375,1.061000,1.091250,25
0,1,384,384,cpu,1,6.225896,6.075000,6.373729,24
0,1,384,384,bidiag,1,9.306542,9.019333,9.367209,17
0,1,384,384,bidiag_vals,1,5.953167,5.949708,5.962208,25
0,1,384,384,cpu_vals,1,3.581208,3.575834,3.592209,25
0,4,2048,2048,cpu,1,725.431499,693.804645,757.058354,2
0,4,2048,2048,bidiag,1,406.691625,405.294938,412.554459,3
0,4,2048,2048,bidiag_vals,1,330.605458,329.050854,332.160062,2
0,4,2048,2048,cpu_vals,1,469.281375,466.732020,471.830730,2
0,4,2048,2048,band,1,323.385333,319.849938,327.646333,3
0,4,2048,2048,band8_vals,1,179.485958,179.444625,180.271958,5
0,4,2048,2048,band_vals,1,159.868916,159.794250,160.500958,5
0,4,2048,2048,band32_vals,1,224.134750,223.555334,224.714167,2
0,1,4,4,jacobi,1,0.258500,0.231875,0.279167,25
0,1,4,4,gk,1,0.200208,0.187084,0.210750,25
0,1,4,4,gk_vals,1,0.196959,0.178667,0.210083,25
0,1,4,4,cpu_vals,1,0.003333,0.003292,0.003334,25
0,1,4,4,cpu,1,0.003500,0.003459,0.003500,25
0,4,2048,256,cpu,1,9.285875,9.203333,9.712615,16
0,4,2048,256,bidiag,1,28.983041,28.955083,29.011000,2
0,4,2048,256,bidiag_vals,1,22.837000,22.675292,22.998708,2
0,4,2048,256,cpu_vals,1,5.206958,5.168958,5.549791,25
0,256,80,80,jacobi,1,24.964667,24.903792,25.025542,2
0,256,80,80,block,1,19.192459,19.164427,19.238062,8
0,256,80,80,gk,1,10.021375,10.005687,10.034104,15
0,256,80,80,gk_vals,1,4.709250,4.703250,4.730667,25
0,256,80,80,cpu_vals,1,4.136416,3.887792,4.243958,25
0,256,80,80,gk_share,1,6.405500,6.389417,6.427416,24
0,256,80,80,gk_share_vals,1,3.455667,3.425750,4.524292,25
0,256,80,80,cpu,1,6.917126,6.862302,6.999791,22
0,256,80,80,bidiag_batch,1,7.994625,7.951812,8.084041,19
0,256,80,80,bidiag_batch_vals,1,3.197875,3.015792,3.615625,25
0,4096,128,16,jacobi,1,6.834729,6.810520,6.866928,22
0,4096,128,16,qr,1,7.029396,6.941427,7.165177,22
0,4096,128,16,gk,1,5.403625,5.400750,5.407667,25
0,4096,128,16,gk_vals,1,2.565500,2.561125,2.571125,25
0,4096,128,16,cpu_vals,1,3.559458,3.539458,3.588292,25
0,4096,128,16,gk_share,1,4.435583,3.941834,4.512250,25
0,4096,128,16,gk_share_vals,1,2.582458,2.465916,2.633709,25
0,4096,128,16,cpu,1,8.441479,8.406302,8.500823,18
0,1,256,256,jacobi,1,33.011854,33.001865,33.021844,2
0,1,256,256,block,1,13.227249,13.083990,13.275313,12
0,1,256,256,cpu,1,3.036166,2.958958,3.073875,25
0,1,256,256,bidiag,1,5.642875,5.567292,5.695500,25
0,1,256,256,bidiag_vals,1,3.704875,3.696000,3.809417,25
0,1,256,256,cpu_vals,1,1.709708,1.704042,1.717417,25
0,4096,1024,32,jacobi,1,546.540396,545.345781,547.735011,2
0,4096,1024,32,block,1,161.429042,153.526126,169.331958,2
0,4096,1024,32,qr,1,67.956166,67.795458,70.511917,5
0,4096,1024,32,qrblock,1,69.702291,68.381625,75.962667,5
0,4096,1024,32,gk,1,55.404875,55.016084,55.509834,5
0,4096,1024,32,gk_vals,1,28.170980,28.104240,28.237719,2
0,4096,1024,32,cpu_vals,1,38.667104,38.631115,38.703094,2
0,4096,1024,32,gk_share,1,49.618791,48.051666,52.374708,5
0,4096,1024,32,gk_share_vals,1,20.977355,20.728458,21.266406,8
0,4096,1024,32,cpu,1,77.279416,76.998041,77.560792,2
0,4096,1024,32,bidiag_batch,1,60.718917,60.097041,60.957584,5
0,4096,1024,32,bidiag_batch_vals,1,24.683500,24.535459,24.966438,7
0,4096,56,56,jacobi,1,110.358604,109.385302,111.331906,2
0,4096,56,56,block,1,105.481375,105.443084,105.519666,2
0,4096,56,56,gk,1,39.665520,39.639698,39.691343,2
0,4096,56,56,gk_vals,1,17.280167,17.274292,17.312625,9
0,4096,56,56,cpu_vals,1,13.577834,13.496084,13.652646,12
0,4096,56,56,gk_share,1,21.926500,21.658604,21.989438,7
0,4096,56,56,gk_share_vals,1,9.221792,9.010750,9.282125,17
0,4096,56,56,cpu,1,38.946083,38.792791,39.099374,2
0,4096,56,56,bidiag_batch,1,33.401125,33.273000,33.529250,2
0,4096,56,56,bidiag_batch_vals,1,16.631292,16.444020,16.757938,10
0,1024,192,192,cpu,1,131.733791,131.547021,131.920562,2
0,1024,192,192,bidiag_batch,1,90.869083,90.467791,90.983583,5
0,1024,192,192,bidiag_batch_vals,1,51.572375,51.421083,51.699708,5
0,1024,192,192,cpu_vals,1,66.416354,66.374636,66.458073,2
0,64,8,8,jacobi,1,0.259750,0.204292,0.315541,25
0,64,8,8,gk,1,0.205333,0.196959,0.225708,25
0,64,8,8,gk_vals,1,0.173875,0.171916,0.193750,25
0,64,8,8,cpu_vals,1,0.099542,0.071667,0.172541,25
0,64,8,8,gk_share,1,0.289083,0.285625,0.294667,25
0,64,8,8,gk_share_vals,1,0.276000,0.271708,0.284500,25
0,64,8,8,cpu,1,0.251250,0.116291,0.282625,25
0,1024,1024,256,cpu,1,588.042666,587.779916,588.305416,2
0,1024,1024,256,bidiag_batch,1,397.160583,388.894354,411.744604,3
0,1024,1024,256,bidiag_batch_vals,1,199.761209,196.525041,204.004958,5
0,1024,1024,256,cpu_vals,1,269.950291,269.577000,273.312000,5
0,16,512,32,jacobi,1,0.579125,0.566709,0.583708,25
0,16,512,32,block,1,2.821208,2.792375,2.862375,25
0,16,512,32,qr,1,0.824875,0.822416,0.834042,25
0,16,512,32,qrblock,1,2.270833,2.237750,2.294958,25
0,16,512,32,gk,1,1.065709,1.055250,1.107875,25
0,16,512,32,gk_vals,1,0.528000,0.523041,0.534291,25
0,16,512,32,cpu_vals,1,0.251875,0.245959,0.276083,25
0,16,512,32,cpu,1,0.353292,0.344792,0.362667,25
0,16,512,32,bidiag_batch,1,1.302541,1.293167,1.318042,25
0,16,512,32,bidiag_batch_vals,1,0.661959,0.654250,0.678250,25
0,16,1024,256,cpu,1,11.929458,11.680333,12.255708,13
0,16,1024,256,bidiag,1,110.401708,107.829313,112.974104,2
0,16,1024,256,bidiag_vals,1,82.051521,82.024177,82.078865,2
0,16,1024,256,cpu_vals,1,5.999750,5.931125,6.277291,25
0,16,1024,256,bidiag_batch,1,12.566229,12.367625,12.727614,12
0,16,1024,256,bidiag_batch_vals,1,6.407917,6.391365,6.447406,24
0,1024,128,8,jacobi,1,0.631375,0.623375,0.738709,25
0,1024,128,8,qr,1,1.123833,1.102167,1.148250,25
0,1024,128,8,gk,1,0.744625,0.738459,0.749542,25
0,1024,128,8,gk_vals,1,0.343458,0.330708,0.353750,25
0,1024,128,8,cpu_vals,1,0.671125,0.446209,0.989416,25
0,1024,128,8,gk_share,1,0.701334,0.689917,0.707750,25
0,1024,128,8,gk_share_vals,1,0.540542,0.511167,0.547375,25
0,1024,128,8,cpu,1,0.834458,0.764792,1.289792,25
0,4,128,16,jacobi,1,0.426417,0.285541,0.490708,25
0,4,128,16,qr,1,0.433292,0.429709,0.438833,25
0,4,128,16,gk,1,0.308041,0.304084,0.318333,25
0,4,128,16,gk_vals,1,0.247208,0.235458,0.256417,25
0,4,128,16,cpu_vals,1,0.028875,0.028209,0.032042,25
0,4,128,16,cpu,1,0.046667,0.046209,0.047250,25
0,1024,128,64,jacobi,1,70.513458,70.281499,70.745417,2
0,1024,128,64,block,1,31.602208,31.500375,31.704042,2
0,1024,128,64,qr,1,50.543875,50.429855,50.657896,2
0,1024,128,64,qrblock,1,28.656042,28.541958,28.770125,2
0,1024,128,64,gk,1,21.328395,21.311448,21.345343,2
0,1024,128,64,gk_vals,1,10.619042,10.572334,10.635666,15
0,1024,128,64,cpu_vals,1,7.857521,7.831969,7.908042,20
0,1024,128,64,gk_share,1,12.169250,12.127792,12.387417,13
0,1024,128,64,gk_share_vals,1,6.000875,5.966708,6.039458,25
0,1024,128,64,cpu,1,19.815334,19.561385,20.082344,8
0,1024,128,64,bidiag_batch,1,18.278541,17.944625,18.527375,9
0,1024,128,64,bidiag_batch_vals,1,8.026708,7.907250,8.539834,19
0,256,64,8,jacobi,1,0.252375,0.242917,0.261917,25
0,256,64,8,qr,1,0.653625,0.632000,0.668875,25
0,256,64,8,gk,1,0.237041,0.224542,0.253750,25
0,256,64,8,gk_vals,1,0.179166,0.176125,0.184584,25
0,256,64,8,cpu_vals,1,0.189542,0.185458,0.195500,25
0,256,64,8,gk_share,1,0.354709,0.351583,0.363792,25
0,256,64,8,gk_share_vals,1,0.318875,0.310959,0.323584,25
0,256,64,8,cpu,1,0.246917,0.244500,0.249125,25
0,1024,1024,32,jacobi,1,137.830458,137.570687,138.090229,2
0,1024,1024,32,block,1,34.384562,33.744739,35.024385,2
0,1024,1024,32,qr,1,17.327625,17.235625,17.355667,9
0,1024,1024,32,qrblock,1,17.455333,17.391541,17.592625,9
0,1024,1024,32,gk,1,13.760375,13.677375,13.804979,11
0,1024,1024,32,gk_vals,1,7.347292,7.301625,7.398500,21
0,1024,1024,32,cpu_vals,1,10.364375,10.250062,10.526875,15
0,1024,1024,32,gk_share,1,14.679416,12.924000,15.134104,11
0,1024,1024,32,gk_share_vals,1,8.743167,8.336947,8.893896,18
0,1024,1024,32,cpu,1,20.893708,20.505125,21.282292,2
0,1024,1024,32,bidiag_batch,1,16.983750,16.783875,18.986000,9
0,1024,1024,32,bidiag_batch_vals,1,7.228709,7.165333,7.326375,21
0,256,256,128,jacobi,1,120.955376,120.199521,121.711230,2
0,256,256,128,block,1,53.963687,53.950698,53.976676,2
0,256,256,128,qr,1,113.556104,112.636219,114.475989,2
0,256,256,128,qrblock,1,45.221104,45.156156,45.286052,2
0,256,256,128,cpu,1,31.254334,31.095125,31.413542,2
0,256,256,128,bidiag,1,686.163687,683.828739,688.498635,2
0,256,256,128,bidiag_vals,1,473.849145,471.258135,476.440156,2
0,256,256,128,cpu_vals,1,17.387292,17.163291,17.554750,9
0,256,256,128,bidiag_batch,1,17.796708,17.690458,17.977958,9
0,256,256,128,bidiag_batch_vals,1,8.196125,8.160104,8.317687,19
0,2,1792,1792,cpu,1,223.653209,213.403375,233.903042,2
0,2,1792,1792,bidiag,1,148.187584,148.116583,148.305542,5
0,2,1792,1792,bidiag_vals,1,126.745271,124.961427,128.529114,2
0,2,1792,1792,cpu_vals,1,150.000208,149.999249,150.001167,2
0,2,1792,1792,band,1,128.445750,127.205416,129.725417,5
0,2,1792,1792,band8_vals,1,82.780167,82.643459,82.789042,5
0,2,1792,1792,band_vals,1,73.837792,73.796791,74.950042,5
0,2,1792,1792,band32_vals,1,105.722104,105.698906,105.745302,2
0,4,80,80,jacobi,1,1.638083,1.606875,1.646334,25
0,4,80,80,block,1,3.937958,3.833958,3.978583,25
0,4,80,80,gk,1,2.437375,2.423875,2.440875,25
0,4,80,80,gk_vals,1,1.815417,1.803125,1.826083,25
0,4,80,80,cpu_vals,1,0.234709,0.232167,0.237125,25
0,4,80,80,cpu,1,0.404000,0.400125,0.409625,25
0,256,32,8,jacobi,1,0.245875,0.219666,0.266416,25
0,256,32,8,qr,1,0.603708,0.591750,0.618084,25
0,256,32,8,gk,1,0.180375,0.176250,0.188958,25
0,256,32,8,gk_vals,1,0.156666,0.153250,0.170959,25
0,256,32,8,cpu_vals,1,0.173000,0.171916,0.174584,25
0,256,32,8,gk_share,1,0.335208,0.331500,0.348500,25
0,256,32,8,gk_share_vals,1,0.313292,0.302209,0.323500,25
0,256,32,8,cpu,1,0.225125,0.220167,0.227291,25
0,1,64,8,jacobi,1,0.285417,0.249500,0.289792,25
0,1,64,8,qr,1,0.383334,0.375000,0.425541,25
0,1,64,8,gk,1,0.256750,0.250875,0.267209,25
0,1,64,8,gk_vals,1,0.245083,0.186833,0.261584,25
0,1,64,8,cpu_vals,1,0.006000,0.005958,0.006042,25
0,1,64,8,cpu,1,0.009541,0.009500,0.009584,25
0,1,48,48,jacobi,1,0.719375,0.681833,0.727958,25
0,1,48,48,block,1,2.595541,2.542542,2.722250,25
0,1,48,48,gk,1,1.084542,1.037209,1.093958,25
0,1,48,48,gk_vals,1,0.841333,0.828583,0.883792,25
0,1,48,48,cpu_vals,1,0.036750,0.036667,0.036875,25
0,1,48,48,cpu,1,0.111125,0.110292,0.112333,25
0,256,2048,128,jacobi,1,1713.327354,1710.678240,1715.976469,2
0,256,2048,128,block,1,238.418312,233.872489,242.964135,2
0,256,2048,128,qr,1,164.453104,158.544302,170.361906,2
0,256,2048,128,qrblock,1,90.024709,89.850354,90.199063,2
0,256,2048,128,cpu,1,106.877875,106.615062,107.140687,2
0,256,2048,128,bidiag,1,927.892251,922.268605,933.515896,2
0,256,2048,128,bidiag_vals,1,697.623667,696.241229,699.006104,2
0,256,2048,128,cpu_vals,1,46.278521,46.215240,46.341802,2
0,256,2048,128,bidiag_batch,1,62.037292,60.208417,62.103208,5
0,256,2048,128,bidiag_batch_vals,1,33.751834,33.673250,33.766208,5
0,1,1280,1280,cpu,1,75.344708,75.269979,75.419438,2
0,1,1280,1280,bidiag,1,47.204916,47.117375,47.232166,5
0,1,1280,1280,bidiag_vals,1,31.369209,31.291458,31.389125,5
0,1,1280,1280,cpu_vals,1,48.466147,48.414928,48.517365,2
0,1,1280,1280,band,1,37.341250,36.105209,37.855333,5
0,1,1280,1280,band8_vals,1,26.996812,26.833927,27.386166,6
0,1,1280,1280,band_vals,1,25.789292,25.470302,26.158719,6
0,1,1280,1280,band32_vals,1,36.286646,36.230552,36.342740,2
0,64,2048,128,jacobi,1,420.328667,419.861042,420.796292,2
0,64,2048,128,block,1,64.294146,64.247427,64.340864,2
0,64,2048,128,qr,1,41.599896,41.498718,41.701073,2
0,64,2048,128,qrblock,1,25.561625,25.555583,25.567667,2
0,64,2048,128,cpu,1,28.298000,28.219562,28.376438,2
0,64,2048,128,bidiag,1,236.349146,233.302010,239.396281,2
0,64,2048,128,bidiag_vals,1,180.766063,178.536406,182.995719,2
0,64,2048,128,cpu_vals,1,12.193125,12.156250,12.324042,13
0,64,2048,128,bidiag_batch,1,18.259334,18.215375,18.420625,9
0,64,2048,128,bidiag_batch_vals,1,10.081875,10.068396,10.135667,15
0,1,16,8,jacobi,1,0.273833,0.268083,0.293625,25
0,1,16,8,qr,1,0.395084,0.390416,0.432625,25
0,1,16,8,gk,1,0.255042,0.213375,0.263958,25
0,1,16,8,gk_vals,1,0.174208,0.163541,0.215417,25
0,1,16,8,cpu_vals,1,0.005041,0.005000,0.005083,25
0,1,16,8,cpu,1,0.007042,0.007000,0.007125,25
0,4,128,128,jacobi,1,4.474125,4.471500,4.478166,25
0,4,128,128,block,1,6.104458,5.978500,6.200125,25
0,4,128,128,cpu,1,1.300292,1.289166,1.315375,25
0,4,128,128,bidiag,1,9.317916,9.284958,9.411583,17
0,4,128,128,bidiag_vals,1,6.208458,6.200083,6.305208,25
0,4,128,128,cpu_vals,1,0.913208,0.890042,0.923667,25
0,4,1536,1536,cpu,1,181.888041,179.104208,182.295916,5
0,4,1536,1536,bidiag,1,217.663875,217.256250,218.792875,5
0,4,1536,1536,bidiag_vals,1,175.285209,173.646417,176.924000,2
0,4,1536,1536,cpu_vals,1,118.132292,117.963584,119.574500,5
0,4,1536,1536,band,1,206.489208,204.504125,206.520792,5
0,4,1536,1536,band8_vals,1,108.104167,107.844666,108.448292,5
0,4,1536,1536,band_vals,1,104.755791,104.471625,104.811208,5
0,4,1536,1536,band32_vals,1,150.175500,150.143563,150.207437,2
0,4,56,56,jacobi,1,0.857375,0.820375,0.871833,25
0,4,56,56,block,1,2.799584,2.777916,2.875250,25
0,4,56,56,gk,1,1.312417,1.305042,1.320584,25
0,4,56,56,gk_vals,1,1.033292,1.006667,1.066834,25
0,4,56,56,cpu_vals,1,0.076833,0.075792,0.079667,25
0,4,56,56,cpu,1,0.164750,0.159875,0.167000,25
0,64,80,80,jacobi,1,4.938167,4.935833,4.939667,25
0,64,80,80,block,1,7.614333,7.535105,7.724812,20
0,64,80,80,gk,1,3.890667,3.888583,3.893541,25
0,64,80,80,gk_vals,1,2.567292,2.564500,2.572709,25
0,64,80,80,cpu_vals,1,1.019125,0.998542,1.031417,25
0,64,80,80,gk_share,1,2.791417,2.770333,2.824458,25
0,64,80,80,gk_share_vals,1,2.704666,2.697417,2.711291,25
0,64,80,80,cpu,1,1.791542,1.783458,1.804209,25
0,64,80,80,bidiag_batch,1,2.823959,2.742375,2.920583,25
0,64,80,80,bidiag_batch_vals,1,1.332125,1.274458,1.346791,25
0,4096,96,96,jacobi,1,778.678896,774.398448,782.959344,2
0,4096,96,96,block,1,340.048250,336.827666,343.268834,2
0,4096,96,96,cpu,1,144.059521,143.641907,144.477135,2
0,4096,96,96,bidiag_batch,1,85.006208,84.756792,86.213375,5
0,4096,96,96,bidiag_batch_vals,1,44.911792,44.814584,45.265917,5
0,4096,96,96,cpu_vals,1,84.404813,84.180448,84.629177,2
0,1024,1024,128,jacobi,1,2842.272937,2833.978969,2850.566906,2
0,1024,1024,128,block,1,540.859167,529.142063,552.576271,2
0,1024,1024,128,qr,1,518.412396,515.756614,521.068177,2
0,1024,1024,128,qrblock,1,237.667500,234.876146,240.458855,2
0,1024,1024,128,cpu,1,228.203125,227.654834,228.751417,2
0,1024,1024,128,bidiag_batch,1,112.051375,111.239500,113.579959,5
0,1024,1024,128,bidiag_batch_vals,1,52.007250,51.937833,52.134458,5
0,1024,1024,128,cpu_vals,1,105.595833,105.400875,105.790791,2
0,4096,512,32,jacobi,1,192.825833,192.163271,193.488396,2
0,4096,512,32,block,1,78.534146,78.307490,78.760802,2
0,4096,512,32,qr,1,43.622250,42.742438,44.502063,2
0,4096,512,32,qrblock,1,41.228396,41.113011,41.343781,2
0,4096,512,32,gk,1,28.646187,28.530031,28.732156,6
0,4096,512,32,gk_vals,1,13.656583,13.592437,13.703562,11
0,4096,512,32,cpu_vals,1,21.963333,21.272917,22.653749,2
0,4096,512,32,gk_share,1,29.532375,28.252750,29.852812,6
0,4096,512,32,gk_share_vals,1,11.247875,10.983167,11.675916,13
0,4096,512,32,cpu,1,43.684584,43.577104,43.792063,2
0,4096,512,32,bidiag_batch,1,38.636375,38.049958,39.222791,2
0,4096,512,32,bidiag_batch_vals,1,15.567625,15.497719,15.873886,10
0,4096,16,16,jacobi,1,4.694334,4.630000,4.740292,25
0,4096,16,16,gk,1,1.146375,1.140833,1.192500,25
0,4096,16,16,gk_vals,1,0.513500,0.502417,0.531334,25
0,4096,16,16,cpu_vals,1,1.827917,1.805500,1.894542,25
0,4096,16,16,gk_share,1,2.650334,2.365041,2.665208,25
0,4096,16,16,gk_share_vals,1,1.171000,1.164084,1.181417,25
0,4096,16,16,cpu,1,4.304666,4.245917,4.454500,25
0,256,256,16,jacobi,1,1.067625,1.039834,1.082500,25
0,256,256,16,qr,1,1.197917,1.178750,1.208542,25
0,256,256,16,gk,1,0.956167,0.946750,0.963750,25
0,256,256,16,gk_vals,1,0.514917,0.498333,0.543125,25
0,256,256,16,cpu_vals,1,0.453375,0.389917,0.908375,25
0,256,256,16,gk_share,1,0.759333,0.732583,0.801667,25
0,256,256,16,gk_share_vals,1,0.538083,0.533250,0.544125,25
0,256,256,16,cpu,1,0.800125,0.744917,0.839500,25
0,2,1280,1280,cpu,1,82.600208,82.327375,83.220292,5
0,2,1280,1280,bidiag,1,76.124958,76.047458,76.222542,5
0,2,1280,1280,bidiag_vals,1,59.800249,59.771604,59.828895,2
0,2,1280,1280,cpu_vals,1,57.040125,56.152916,57.820500,5
0,2,1280,1280,band,1,74.724708,74.435125,74.835917,5
0,2,1280,1280,band8_vals,1,45.369792,45.160875,45.473250,5
0,2,1280,1280,band_vals,1,43.985292,43.884375,44.036083,5
0,2,1280,1280,band32_vals,1,64.381938,64.269573,64.494303,2
0,256,64,64,jacobi,1,10.450500,10.373937,10.916021,15
0,256,64,64,block,1,8.748188,8.677302,8.841719,18
0,256,64,64,gk,1,4.688041,4.663333,4.698292,25
0,256,64,64,gk_vals,1,2.322042,2.311250,2.326875,25
0,256,64,64,cpu_vals,1,1.286292,1.235625,1.344083,25
0,256,64,64,gk_share,1,3.106000,3.087917,3.127750,25
0,256,64,64,gk_share_vals,1,1.972750,1.930375,1.994083,25
0,256,64,64,cpu,1,3.531292,3.499708,3.922208,25
0,256,64,64,bidiag_batch,1,5.627541,5.587459,5.772375,25
0,256,64,64,bidiag_batch_vals,1,2.067292,2.016833,2.115459,25
0,16,1024,32,jacobi,1,0.953708,0.943000,0.994417,25
0,16,1024,32,block,1,4.284000,4.207500,4.412208,25
0,16,1024,32,qr,1,0.939833,0.929250,0.943541,25
0,16,1024,32,qrblock,1,2.384083,2.349209,2.412292,25
0,16,1024,32,gk,1,1.222250,1.210042,1.233042,25
0,16,1024,32,gk_vals,1,0.618292,0.612667,0.622709,25
0,16,1024,32,cpu_vals,1,0.360542,0.353958,0.412666,25
0,16,1024,32,cpu,1,0.520000,0.510875,0.528208,25
0,16,1024,32,bidiag_batch,1,1.415167,1.411292,1.429500,25
0,16,1024,32,bidiag_batch_vals,1,0.710042,0.695000,0.732083,25
0,64,512,128,jacobi,1,79.015625,78.729750,79.301500,2
0,64,512,128,block,1,20.333854,20.185739,20.481969,2
0,64,512,128,qr,1,32.029188,31.969011,32.089365,2
0,64,512,128,qrblock,1,14.481291,14.374542,14.518875,11
0,64,512,128,cpu,1,11.060354,10.960458,11.365865,14
0,64,512,128,bidiag,1,193.948353,191.752072,196.144635,2
0,64,512,128,bidiag_vals,1,142.831271,140.021177,145.641364,2
0,64,512,128,cpu_vals,1,6.048417,5.644542,6.123958,25
0,64,512,128,bidiag_batch,1,8.063625,7.989604,8.135896,19
0,64,512,128,bidiag_batch_vals,1,3.817875,3.773542,3.893625,25
0,4,384,384,cpu,1,6.592542,6.498646,6.771333,23
0,4,384,384,bidiag,1,28.443375,28.412062,28.474688,2
0,4,384,384,bidiag_vals,1,21.456958,21.410500,21.503417,2
0,4,384,384,cpu_vals,1,4.147209,4.125291,4.255750,25
0,4096,256,16,jacobi,1,11.318792,11.305584,11.334708,13
0,4096,256,16,qr,1,9.501271,9.452177,9.524177,16
0,4096,256,16,gk,1,9.248292,9.243292,9.252750,17
0,4096,256,16,gk_vals,1,4.477667,4.472333,4.481208,25
0,4096,256,16,cpu_vals,1,4.693459,4.599750,4.752083,25
0,4096,256,16,gk_share,1,5.729375,5.704917,5.759625,25
0,4096,256,16,gk_share_vals,1,2.783958,2.769708,2.803875,25
0,4096,256,16,cpu,1,10.709187,10.569073,10.859990,14
0,16,64,64,jacobi,1,1.041917,1.027875,1.068375,25
0,16,64,64,block,1,2.931625,2.868500,2.994708,25
0,16,64,64,gk,1,1.738750,1.731417,1.746167,25
0,16,64,64,gk_vals,1,1.308500,1.280792,1.360959,25
0,16,64,64,cpu_vals,1,0.208750,0.204292,0.212750,25
0,16,64,64,cpu,1,0.355625,0.352583,0.364916,25
0,16,64,64,bidiag_batch,1,1.472125,1.445708,1.510334,25
0,16,64,64,bidiag_batch_vals,1,0.994334,0.973709,1.023166,25
0,1024,1024,64,jacobi,1,616.486584,614.536229,618.436938,2
0,1024,1024,64,block,1,128.647999,123.194916,134.101083,2
0,1024,1024,64,qr,1,66.408959,65.911583,66.906334,2
0,1024,1024,64,qrblock,1,54.579333,54.352624,54.806041,2
0,1024,1024,64,gk,1,50.865542,48.433167,52.096000,5
0,1024,1024,64,gk_vals,1,28.699271,28.486823,28.911719,2
0,1024,1024,64,cpu_vals,1,33.218104,33.137219,33.298989,2
0,1024,1024,64,gk_share,1,39.121625,38.712708,39.230000,5
0,1024,1024,64,gk_share_vals,1,18.150625,18.033542,18.256334,9
0,1024,1024,64,cpu,1,66.883001,66.585480,67.180521,2
0,1024,1024,64,bidiag_batch,1,40.507625,39.299792,42.105541,5
0,1024,1024,64,bidiag_batch_vals,1,18.872687,18.454021,19.336646,8
0,1024,512,16,jacobi,1,9.860625,9.627573,9.968834,16
0,1024,512,16,qr,1,4.293166,4.222792,4.315458,25
0,1024,512,16,gk,1,3.491375,3.460708,3.552250,25
0,1024,512,16,gk_vals,1,1.713792,1.660291,1.735958,25
0,1024,512,16,cpu_vals,1,2.707792,2.569375,2.754042,25
0,1024,512,16,gk_share,1,3.789333,3.669500,4.986417,25
0,1024,512,16,gk_share_vals,1,2.053667,2.006084,2.104792,25
0,1024,512,16,cpu,1,4.670916,4.651167,4.731417,25
0,16,256,256,cpu,1,6.236083,5.984917,6.309292,25
0,16,256,256,bidiag,1,78.381584,76.613146,80.150021,2
0,16,256,256,bidiag_vals,1,53.710542,53.672834,53.748250,2
0,16,256,256,cpu_vals,1,3.317292,3.280250,3.545666,25
0,16,256,256,bidiag_batch,1,7.522855,7.389365,7.705604,20
0,16,256,256,bidiag_batch_vals,1,4.014042,3.975875,4.068500,25
0,4,256,16,jacobi,1,0.252833,0.243834,0.265500,25
0,4,256,16,qr,1,0.436750,0.427916,0.455000,25
0,4,256,16,gk,1,0.325042,0.317208,0.334541,25
0,4,256,16,gk_vals,1,0.261167,0.251584,0.265084,25
0,4,256,16,cpu_vals,1,0.043208,0.042667,0.043541,25
0,4,256,16,cpu,1,0.063167,0.060791,0.065042,25
0,64,24,24,jacobi,1,0.459209,0.446000,0.481750,25
0,64,24,24,gk,1,0.360958,0.349958,0.370917,25
0,64,24,24,gk_vals,1,0.255000,0.250833,0.268958,25
0,64,24,24,cpu_vals,1,0.148750,0.144875,0.155042,25
0,64,24,24,gk_share,1,0.480375,0.478500,0.488125,25
0,64,24,24,gk_share_vals,1,0.346167,0.342833,0.352209,25
0,64,24,24,cpu,1,0.263417,0.252167,0.270416,25
0,64,256,8,jacobi,1,0.213791,0.199584,0.227000,25
0,64,256,8,qr,1,0.626833,0.616875,0.642125,25
0,64,256,8,gk,1,0.235833,0.222958,0.253750,25
0,64,256,8,gk_vals,1,0.187167,0.180750,0.191750,25
0,64,256,8,cpu_vals,1,0.199417,0.169334,0.404542,25
0,64,256,8,gk_share,1,0.323750,0.321542,0.330833,25
0,64,256,8,gk_share_vals,1,0.288875,0.285625,0.292958,25
0,64,256,8,cpu,1,0.182042,0.180042,0.191250,25
0,64,128,8,jacobi,1,0.180042,0.174833,0.185500,25
0,64,128,8,qr,1,0.553958,0.547916,0.568917,25
0,64,128,8,gk,1,0.205459,0.200250,0.213916,25
0,64,128,8,gk_vals,1,0.175666,0.169125,0.178917,25
0,64,128,8,cpu_vals,1,0.229709,0.130000,0.286459,25
0,64,128,8,gk_share,1,0.317667,0.308000,0.321291,25
0,64,128,8,gk_share_vals,1,0.252792,0.250667,0.258333,25
0,64,128,8,cpu,1,0.163667,0.157709,0.171708,25
0,16,1024,1024,cpu,1,302.469562,297.718197,307.220927,2
0,16,1024,1024,bidiag,1,408.522125,406.105708,410.938542,2
0,16,1024,1024,bidiag_vals,1,305.345501,303.818021,306.872980,2
0,16,1024,1024,cpu_vals,1,219.517376,219.288480,219.746271,2
0,16,1024,1024,band,1,112.501000,111.316125,129.191958,5
0,16,1024,1024,band8_vals,1,214.515646,214.312198,214.719093,2
0,16,1024,1024,band_vals,1,220.685709,220.620688,220.750729,2
0,16,1024,1024,band32_vals,1,342.697749,342.686208,342.709291,2
0,16,1024,1024,bidiag_batch,1,111.888917,111.766458,112.565375,5
0,16,1024,1024,bidiag_batch_vals,1,52.677667,52.490667,53.854417,5
0,1024,512,128,jacobi,1,1250.538521,1247.566010,1253.511031,2
0,1024,512,128,block,1,321.298812,318.138010,324.459614,2
0,1024,512,128,qr,1,479.389146,473.865406,484.912886,2
0,1024,512,128,qrblock,1,196.245042,193.678312,198.811771,2
0,1024,512,128,cpu,1,152.562792,152.557333,152.568250,2
0,1024,512,128,bidiag_batch,1,72.628833,68.900542,74.585708,5
0,1024,512,128,bidiag_batch_vals,1,32.575584,32.434875,32.577041,5
0,1024,512,128,cpu_vals,1,79.617729,79.212844,80.022615,2
0,1024,256,16,jacobi,1,3.160875,3.145917,3.176792,25
0,1024,256,16,qr,1,3.031667,2.972291,3.056333,25
0,1024,256,16,gk,1,2.579666,2.574875,2.589667,25
0,1024,256,16,gk_vals,1,1.337042,1.330917,1.343916,25
0,1024,256,16,cpu_vals,1,1.663000,1.243291,1.763250,25
0,1024,256,16,gk_share,1,1.753458,1.744042,1.763584,25
0,1024,256,16,gk_share_vals,1,1.003708,0.988958,1.012000,25
0,1024,256,16,cpu,1,3.186667,2.754625,3.248541,25
0,4096,64,64,jacobi,1,202.683188,201.812281,203.554094,2
0,4096,64,64,block,1,113.527125,111.882521,115.171729,2
0,4096,64,64,gk,1,58.929728,58.911947,58.947510,2
0,4096,64,64,gk_vals,1,27.661938,27.650635,27.673240,2
0,4096,64,64,cpu_vals,1,17.714333,17.639333,18.155125,9
0,4096,64,64,gk_share,1,30.185333,29.896375,30.288000,5
0,4096,64,64,gk_share_vals,1,12.242666,12.213750,12.314958,13
0,4096,64,64,cpu,1,51.093312,50.847594,51.339031,2
0,4096,64,64,bidiag_batch,1,42.434042,42.373521,42.494562,2
0,4096,64,64,bidiag_batch_vals,1,20.751834,20.750708,20.752959,2
0,4096,32,8,jacobi,1,1.111292,1.083666,1.142750,25
0,4096,32,8,qr,1,1.857417,1.837209,1.922459,25
0,4096,32,8,gk,1,0.610375,0.602709,0.615750,25
0,4096,32,8,gk_vals,1,0.388375,0.380417,0.412250,25
0,4096,32,8,cpu_vals,1,1.094375,1.059333,1.141250,25
0,4096,32,8,gk_share,1,0.883125,0.872792,0.893042,25
0,4096,32,8,gk_share_vals,1,0.643625,0.638542,0.646833,25
0,4096,32,8,cpu,1,1.967667,1.945875,2.399791,25
0,4,1280,1280,cpu,1,96.499334,92.346458,97.237958,5
0,4,1280,1280,bidiag,1,159.445083,151.226375,161.039542,5
0,4,1280,1280,bidiag_vals,1,123.519104,122.546698,124.491511,2
0,4,1280,1280,cpu_vals,1,57.833792,57.670292,62.615417,5
0,4,1280,1280,band,1,153.983541,152.900875,154.026875,5
0,4,1280,1280,band8_vals,1,82.190896,82.057844,82.323948,2
0,4,1280,1280,band_vals,1,81.569271,81.520510,81.618031,2
0,4,1280,1280,band32_vals,1,121.060396,120.647157,121.473636,2
0,16,128,64,jacobi,1,1.141459,1.133041,1.171792,25
0,16,128,64,block,1,2.884750,2.808167,2.961209,25
0,16,128,64,qr,1,1.527083,1.506000,1.538584,25
0,16,128,64,qrblock,1,3.187000,3.143584,3.224500,25
0,16,128,64,gk,1,2.541167,2.532292,2.554917,25
0,16,128,64,gk_vals,1,1.884458,1.866333,1.915834,25
0,16,128,64,cpu_vals,1,0.302667,0.292125,0.330792,25
0,16,128,64,cpu,1,0.511042,0.468333,0.528500,25
0,16,128,64,bidiag_batch,1,1.998500,1.972000,2.038500,25
0,16,128,64,bidiag_batch_vals,1,1.251959,1.183833,1.267791,25
0,64,128,64,jacobi,1,3.009250,3.005625,3.012458,25
0,64,128,64,block,1,3.787625,3.708334,3.863584,25
0,64,128,64,qr,1,3.128084,3.122625,3.140416,25
0,64,128,64,qrblock,1,3.950166,3.919666,3.993083,25
0,64,128,64,gk,1,2.692042,2.674291,2.698000,25
0,64,128,64,gk_vals,1,1.868958,1.859333,1.881958,25
0,64,128,64,cpu_vals,1,0.695917,0.690291,0.713792,25
0,64,128,64,gk_share,1,2.901375,2.861292,2.927000,25
0,64,128,64,gk_share_vals,1,2.126250,2.071000,2.139125,25
0,64,128,64,cpu,1,1.536083,1.522875,1.548500,25
0,64,128,64,bidiag_batch,1,2.661083,2.618833,2.686958,25
0,64,128,64,bidiag_batch_vals,1,1.469750,1.437917,1.517541,25
0,64,48,48,jacobi,1,1.599875,1.596042,1.603833,25
0,64,48,48,block,1,3.569500,3.505417,3.653541,25
0,64,48,48,gk,1,1.121084,1.111875,1.164542,25
0,64,48,48,gk_vals,1,0.878250,0.835667,0.888000,25
0,64,48,48,cpu_vals,1,0.337375,0.284959,0.569417,25
0,64,48,48,gk_share,1,1.270625,1.233667,1.283292,25
0,64,48,48,gk_share_vals,1,0.999583,0.947709,1.013334,25
0,64,48,48,cpu,1,0.631541,0.623208,0.641208,25
0,64,48,48,bidiag_batch,1,1.557791,1.507750,1.592625,25
0,64,48,48,bidiag_batch_vals,1,0.772292,0.748750,0.801792,25
0,16,32,32,jacobi,1,0.304459,0.299708,0.316041,25
0,16,32,32,block,1,2.144041,2.116042,2.171125,25
0,16,32,32,gk,1,0.481917,0.467666,0.505042,25
0,16,32,32,gk_vals,1,0.266250,0.261250,0.276542,25
0,16,32,32,cpu_vals,1,0.096042,0.089875,0.108834,25
0,16,32,32,cpu,1,0.169417,0.165833,0.178375,25
0,16,32,32,bidiag_batch,1,0.847084,0.833625,0.870958,25
0,16,32,32,bidiag_batch_vals,1,0.485333,0.427125,0.545000,25
0,4,256,128,jacobi,1,5.313250,5.309042,5.316250,25
0,4,256,128,block,1,5.834625,5.747666,5.878917,25
0,4,256,128,qr,1,4.702709,4.691709,4.711750,25
0,4,256,128,qrblock,1,6.091334,6.011125,6.193084,25
0,4,256,128,cpu,1,1.867875,1.841708,1.880292,25
0,4,256,128,bidiag,1,10.689500,10.678187,10.724083,15
0,4,256,128,bidiag_vals,1,7.451250,7.443041,7.534625,21
0,4,256,128,cpu_vals,1,1.081750,1.072167,1.087541,25
0,4096,256,128,jacobi,1,2039.192792,2025.539563,2052.846021,2
0,4096,256,128,block,1,867.841521,850.405156,885.277885,2
0,4096,256,128,qr,1,1863.835396,1863.794011,1863.876782,2
0,4096,256,128,qrblock,1,754.040479,743.632552,764.448406,2
0,4096,256,128,cpu,1,455.335708,454.542374,456.129041,2
0,4096,256,128,bidiag_batch,1,214.656167,214.505500,215.015583,5
0,4096,256,128,bidiag_batch_vals,1,105.083709,105.059708,109.211541,5
0,4096,256,128,cpu_vals,1,247.835146,247.086135,248.584157,2
0,256,128,128,jacobi,1,112.022354,111.845365,112.199343,2
0,256,128,128,block,1,47.871938,47.783219,47.960656,2
0,256,128,128,cpu,1,21.570124,21.395041,21.745208,2
0,256,128,128,bidiag,1,604.937771,604.292094,605.583448,2
0,256,128,128,bidiag_vals,1,398.404270,397.201656,399.606885,2
0,256,128,128,cpu_vals,1,14.322500,14.268250,14.566104,11
0,256,128,128,bidiag_batch,1,12.431646,12.375500,12.900219,12
0,256,128,128,bidiag_batch_vals,1,5.917875,5.901084,5.939833,25
0,4,2048,128,jacobi,1,42.236625,42.210687,42.262563,2
0,4,2048,128,block,1,14.093708,14.061521,14.198729,11
0,4,2048,128,qr,1,6.226042,5.926010,6.621271,22
0,4,2048,128,qrblock,1,6.827271,6.782406,6.887261,22
0,4,2048,128,cpu,1,4.664250,4.002875,4.850916,25
0,4,2048,128,bidiag,1,15.152083,15.041167,15.445479,10
0,4,2048,128,bidiag_vals,1,11.533334,11.492667,11.658500,13
0,4,2048,128,cpu_vals,1,2.450000,2.036167,2.509667,25
0,4,128,64,jacobi,1,1.102958,1.074708,1.109333,25
0,4,128,64,block,1,2.606125,2.584875,2.685875,25
0,4,128,64,qr,1,1.297458,1.255541,1.336750,25
0,4,128,64,qrblock,1,2.768375,2.739000,2.867083,25
0,4,128,64,gk,1,2.163917,2.131334,2.172583,25
0,4,128,64,gk_vals,1,1.548417,1.496916,1.577500,25
0,4,128,64,cpu_vals,1,0.151375,0.150500,0.153583,25
0,4,128,64,cpu,1,0.320125,0.318000,0.323792,25
0,4,96,96,jacobi,1,2.141750,2.132333,2.146750,25
0,4,96,96,block,1,3.972792,3.909334,4.125333,25
0,4,96,96,cpu,1,0.666166,0.653084,0.676541,25
0,256,1024,128,jacobi,1,708.115479,707.718468,708.512490,2
0,256,1024,128,block,1,138.965666,135.910437,142.020896,2
0,256,1024,128,qr,1,126.962813,123.917823,130.007802,2
0,256,1024,128,qrblock,1,60.668271,60.620594,60.715948,2
0,256,1024,128,cpu,1,62.186437,61.941177,62.431698,2
0,256,1024,128,bidiag,1,899.126583,898.439271,899.813895,2
0,256,1024,128,bidiag_vals,1,682.705021,678.946448,686.463594,2
0,256,1024,128,cpu_vals,1,28.735188,28.717802,28.752573,2
0,256,1024,128,bidiag_batch,1,32.182583,31.549708,32.516458,5
0,256,1024,128,bidiag_batch_vals,1,14.910667,14.739999,15.007208,11
0,16,32,16,jacobi,1,0.187042,0.182167,0.208167,25
0,16,32,16,qr,1,0.458292,0.443625,0.478375,25
0,16,32,16,gk,1,0.258042,0.247625,0.275625,25
0,16,32,16,gk_vals,1,0.172625,0.171125,0.183834,25
0,16,32,16,cpu_vals,1,0.071041,0.061333,0.123667,25
0,16,32,16,cpu,1,0.095958,0.092750,0.103167,25
0,4,32,32,jacobi,1,0.280000,0.276875,0.289792,25
0,4,32,32,block,1,1.886875,1.862792,1.920500,25
0,4,32,32,gk,1,0.472209,0.437791,0.508291,25
0,4,32,32,gk_vals,1,0.263416,0.250750,0.274875,25
0,4,32,32,cpu_vals,1,0.035334,0.034375,0.037041,25
0,4,32,32,cpu,1,0.069834,0.068833,0.071167,25
0,1,256,16,jacobi,1,0.256167,0.242666,0.270083,25
0,1,256,16,qr,1,0.420917,0.413542,0.428750,25
0,1,256,16,gk,1,0.307667,0.298959,0.367500,25
0,1,256,16,gk_vals,1,0.256250,0.246584,0.271875,25
0,1,256,16,cpu_vals,1,0.016875,0.016875,0.018167,25
0,1,256,16,cpu,1,0.043917,0.039584,0.044167,25
0,16,128,16,jacobi,1,0.253625,0.248625,0.262083,25
0,16,128,16,qr,1,0.499750,0.483708,0.513916,25
0,16,128,16,gk,1,0.335000,0.320083,0.365000,25
0,16,128,16,gk_vals,1,0.251292,0.248542,0.256125,25
0,16,128,16,cpu_vals,1,0.082834,0.078250,0.187959,25
0,16,128,16,cpu,1,0.126291,0.107958,0.171334,25
0,4,1024,32,jacobi,1,0.907458,0.902417,0.921667,25
0,4,1024,32,block,1,4.004125,3.949416,4.081000,25
0,4,1024,32,qr,1,0.813166,0.807792,0.824208,25
0,4,1024,32,qrblock,1,2.193500,2.181292,2.220584,25
0,4,1024,32,gk,1,1.078083,1.066000,1.137834,25
0,4,1024,32,gk_vals,1,0.557375,0.553459,0.564417,25
0,4,1024,32,cpu_vals,1,0.196000,0.192250,0.198834,25
0,4,1024,32,cpu,1,0.343958,0.337250,0.353125,25
0,1,128,32,jacobi,1,0.322750,0.318083,0.339834,25
0,1,128,32,block,1,1.977625,1.950583,2.070125,25
0,1,128,32,qr,1,0.521667,0.512791,0.533000,25
0,1,128,32,qrblock,1,2.104000,1.912959,2.245792,25
0,1,128,32,gk,1,0.762584,0.741042,0.797750,25
0,1,128,32,gk_vals,1,0.517833,0.496167,0.547250,25
0,1,128,32,cpu_vals,1,0.031833,0.031750,0.032041,25
0,1,128,32,cpu,1,0.079541,0.078958,0.082250,25
0,256,512,128,jacobi,1,318.443063,317.596573,319.289553,2
0,256,512,128,block,1,82.063875,81.870709,82.257042,2
0,256,512,128,qr,1,115.341104,113.790073,116.892135,2
0,256,512,128,qrblock,1,48.552583,48.511188,48.593979,2
0,256,512,128,cpu,1,41.425376,41.264042,41.586709,2
0,256,512,128,bidiag,1,769.338771,768.468823,770.208719,2
0,256,512,128,bidiag_vals,1,558.253500,554.859312,561.647687,2
0,256,512,128,cpu_vals,1,21.861187,21.811948,21.910427,2
0,256,512,128,bidiag_batch,1,20.792603,20.554532,21.033490,8
0,256,512,128,bidiag_batch_vals,1,9.688854,9.645198,9.820750,16
0,4,256,8,jacobi,1,0.176500,0.172708,0.191084,25
0,4,256,8,qr,1,0.397167,0.387791,0.404750,25
0,4,256,8,gk,1,0.197833,0.193042,0.207125,25
0,4,256,8,gk_vals,1,0.172417,0.169125,0.177458,25
0,4,256,8,cpu_vals,1,0.026834,0.023750,0.028000,25
0,4,256,8,cpu,1,0.030292,0.029375,0.033125,25
0,16,384,384,cpu,1,12.732250,12.699031,12.861730,12
0,16,384,384,bidiag,1,116.991375,115.680000,118.302750,2
0,16,384,384,bidiag_vals,1,84.390521,84.269448,84.511594,2
0,16,384,384,cpu_vals,1,7.350542,7.303416,7.385792,21
0,16,384,384,bidiag_batch,1,14.347791,14.263063,14.513875,11
0,16,384,384,bidiag_batch_vals,1,7.241500,6.931916,7.323333,21
0,4,512,512,cpu,1,13.584125,13.385062,13.815771,11
0,4,512,512,bidiag,1,40.221688,40.086490,40.356885,2
0,4,512,512,bidiag_vals,1,30.502771,30.314989,30.690552,2
0,4,512,512,cpu_vals,1,9.042708,8.989708,9.078791,17
0,4,512,512,band,1,13.364479,13.258688,13.993802,12
0,4,512,512,band8_vals,1,24.668896,24.613553,24.724239,2
0,4,512,512,band_vals,1,26.180875,26.162875,26.198875,2
0,4,512,512,band32_vals,1,40.650854,40.598031,40.703677,2
0,256,40,40,jacobi,1,3.559125,3.550042,3.579083,25
0,256,40,40,block,1,7.473000,7.399875,7.546083,21
0,256,40,40,gk,1,1.594625,1.590166,1.609250,25
0,256,40,40,gk_vals,1,0.892833,0.885833,0.943125,25
0,256,40,40,cpu_vals,1,0.584541,0.575834,0.587667,25
0,256,40,40,gk_share,1,1.016709,1.014500,1.025708,25
0,256,40,40,gk_share_vals,1,0.749958,0.732708,0.778792,25
0,256,40,40,cpu,1,1.579917,1.570000,1.601042,25
0,256,40,40,bidiag_batch,1,2.763750,2.686416,2.805417,25
0,256,40,40,bidiag_batch_vals,1,1.169834,1.150292,1.206166,25
0,1,512,128,jacobi,1,9.961792,9.953177,9.973312,16
0,1,512,128,block,1,6.524042,6.479917,6.663604,23
0,1,512,128,qr,1,4.628291,4.615708,4.640375,25
0,1,512,128,qrblock,1,5.776000,5.711084,5.890792,25
0,1,512,128,cpu,1,1.638250,1.627375,1.644292,25
0,1,512,128,bidiag,1,3.398666,3.371875,3.450834,25
0,1,512,128,bidiag_vals,1,2.314500,2.288208,2.333708,25
0,1,512,128,cpu_vals,1,0.913417,0.910500,0.918833,25
0,4,256,256,cpu,1,3.357208,3.322125,3.387709,25
0,4,256,256,bidiag,1,18.828479,18.734219,18.877188,8
0,4,256,256,bidiag_vals,1,13.727875,13.688000,13.802104,11
0,4,256,256,cpu_vals,1,2.011250,1.994500,2.209458,25
0,1024,32,32,jacobi,1,6.178542,6.054875,6.230833,25
0,1024,32,32,block,1,6.553958,6.440480,6.617708,23
0,1024,32,32,gk,1,1.654084,1.614458,1.669375,25
0,1024,32,32,gk_vals,1,0.694708,0.658833,0.726584,25
0,1024,32,32,cpu_vals,1,1.386708,1.365542,1.454292,25
0,1024,32,32,gk_share,1,1.805334,1.762834,1.817792,25
0,1024,32,32,gk_share_vals,1,0.863917,0.851875,0.890500,25
0,1024,32,32,cpu,1,3.967334,3.863667,4.371958,25
0,1024,32,32,bidiag_batch,1,7.744874,7.636000,7.860333,20
0,1024,32,32,bidiag_batch_vals,1,2.548500,2.481667,2.622417,25
0,4,40,40,jacobi,1,0.481708,0.468875,0.501542,25
0,4,40,40,block,1,2.362833,2.351125,2.407000,25
0,4,40,40,gk,1,0.797917,0.765375,0.819333,25
0,4,40,40,gk_vals,1,0.671459,0.587166,0.688416,25
0,4,40,40,cpu_vals,1,0.043583,0.042958,0.052250,25
0,4,40,40,cpu,1,0.098542,0.097250,0.105041,25
0,256,256,32,jacobi,1,4.589250,4.475792,4.737667,25
0,256,256,32,block,1,4.390625,4.316250,4.431375,25
0,256,256,32,qr,1,2.893041,2.847708,2.941208,25
0,256,256,32,qrblock,1,3.635125,3.599958,3.705458,25
0,256,256,32,gk,1,1.964000,1.946416,2.000708,25
0,256,256,32,gk_vals,1,0.973334,0.957584,1.031000,25
0,256,256,32,cpu_vals,1,1.404333,1.080250,1.470542,25
0,256,256,32,gk_share,1,1.747083,1.710042,1.792292,25
0,256,256,32,gk_share_vals,1,0.897208,0.859959,0.966292,25
0,256,256,32,cpu,1,2.470792,2.150500,2.531083,25
0,256,256,32,bidiag_batch,1,3.324416,3.231334,3.414542,25
0,256,256,32,bidiag_batch_vals,1,1.436000,1.402250,1.502041,25
0,1024,512,64,jacobi,1,133.672645,133.492427,133.852864,2
0,1024,512,64,block,1,67.037374,66.812520,67.262229,2
0,1024,512,64,qr,1,55.527271,54.839489,56.215052,2
0,1024,512,64,qrblock,1,38.690105,38.563532,38.816677,2
0,1024,512,64,gk,1,32.529292,32.319729,32.738855,2
0,1024,512,64,gk_vals,1,16.682625,16.634750,17.006917,9
0,1024,512,64,cpu_vals,1,19.400500,19.002843,19.625822,8
0,1024,512,64,gk_share,1,25.086042,24.430979,25.799792,6
0,1024,512,64,gk_share_vals,1,11.500375,11.417458,12.053750,13
0,1024,512,64,cpu,1,39.166792,39.040417,39.293167,2
0,1024,512,64,bidiag_batch,1,26.294958,26.183042,28.825969,6
0,1024,512,64,bidiag_batch_vals,1,11.486250,11.472792,11.562334,13
0,256,128,16,jacobi,1,0.767083,0.741958,0.786500,25
0,256,128,16,qr,1,1.068333,1.028541,1.123875,25
0,256,128,16,gk,1,0.597000,0.592792,0.603959,25
0,256,128,16,gk_vals,1,0.367250,0.357750,0.397958,25
0,256,128,16,cpu_vals,1,0.352792,0.346292,0.405375,25
0,256,128,16,gk_share,1,0.552625,0.542541,0.560500,25
0,256,128,16,gk_share_vals,1,0.417250,0.410208,0.423541,25
0,256,128,16,cpu,1,0.642334,0.618334,0.662625,25
0,64,1024,32,jacobi,1,7.648896,7.623635,7.682145,20
0,64,1024,32,block,1,5.488500,5.363000,5.552375,25
0,64,1024,32,qr,1,1.859083,1.805666,1.907958,25
0,64,1024,32,qrblock,1,3.080541,3.011458,3.168042,25
0,64,1024,32,gk,1,1.915500,1.856208,2.008708,25
0,64,1024,32,gk_vals,1,1.025084,1.000958,1.036500,25
0,64,1024,32,cpu_vals,1,1.258792,0.912375,1.324958,25
0,64,1024,32,gk_share,1,1.975625,1.891459,2.193625,25
0,64,1024,32,gk_share_vals,1,1.138083,1.107125,1.205125,25
0,64,1024,32,cpu,1,1.698750,1.639000,2.043875,25
0,64,1024,32,bidiag_batch,1,2.207458,2.179958,2.241625,25
0,64,1024,32,bidiag_batch_vals,1,1.060833,1.044000,1.084542,25
0,256,192,192,cpu,1,36.984730,36.944907,37.024552,2
0,256,192,192,bidiag,1,900.609312,899.572969,901.645656,2
0,256,192,192,bidiag_vals,1,626.206062,624.698823,627.713302,2
0,256,192,192,cpu_vals,1,18.470083,18.430333,18.572667,9
0,256,192,192,bidiag_batch,1,25.358521,25.017614,25.841459,6
0,256,192,192,bidiag_batch_vals,1,15.253667,15.126625,15.487489,10
0,1,128,64,jacobi,1,1.011250,0.990375,1.020667,25
0,1,128,64,block,1,2.614791,2.586666,2.664625,25
0,1,128,64,qr,1,1.172000,1.146125,1.180584,25
0,1,128,64,qrblock,1,2.683542,2.647667,2.735291,25
0,1,128,64,gk,1,2.049500,2.018375,2.059958,25
0,1,128,64,gk_vals,1,1.436042,1.412875,1.448667,25
0,1,128,64,cpu_vals,1,0.105375,0.105083,0.106709,25
0,1,128,64,cpu,1,0.252459,0.251583,0.259750,25
0,4096,256,32,jacobi,1,74.568500,74.499000,74.638000,2
0,4096,256,32,block,1,45.890938,45.868031,45.913844,2
0,4096,256,32,qr,1,32.545666,32.369062,32.722271,2
0,4096,256,32,qrblock,1,31.107563,30.728865,31.486261,2
0,4096,256,32,gk,1,18.009291,17.897708,18.248584,9
0,4096,256,32,gk_vals,1,8.033959,8.004063,8.161042,19
0,4096,256,32,cpu_vals,1,14.383125,14.266500,14.747646,11
0,4096,256,32,gk_share,1,17.866125,17.544417,18.278250,9
0,4096,256,32,gk_share_vals,1,9.237000,8.697417,9.547417,17
0,4096,256,32,cpu,1,30.890521,30.434198,31.346844,2
0,4096,256,32,bidiag_batch,1,30.736000,30.190895,31.281104,2
0,4096,256,32,bidiag_batch_vals,1,11.985542,11.787666,12.127291,13
0,1024,96,96,jacobi,1,194.433500,193.224708,195.642291,2
0,1024,96,96,block,1,84.769334,84.729792,84.808875,2
0,1024,96,96,cpu,1,39.644020,39.233281,40.054760,2
0,1024,96,96,bidiag_batch,1,25.174376,24.995021,25.185730,6
0,1024,96,96,bidiag_batch_vals,1,12.471375,12.410625,12.575167,13
0,1024,96,96,cpu_vals,1,22.801792,22.653250,22.950333,2
0,1024,256,128,jacobi,1,514.167104,510.707156,517.627052,2
0,1024,256,128,block,1,221.151813,218.328052,223.975573,2
0,1024,256,128,qr,1,449.721375,446.747834,452.694916,2
0,1024,256,128,qrblock,1,185.685542,184.264417,187.106667,2
0,1024,256,128,cpu,1,118.637833,118.527042,118.748625,2
0,1024,256,128,bidiag_batch,1,56.574333,56.171375,57.279334,5
0,1024,256,128,bidiag_batch_vals,1,26.906438,26.884000,27.057656,6
0,1024,256,128,cpu_vals,1,63.909063,63.696344,64.121781,2
0,16,16,16,jacobi,1,0.200209,0.194041,0.209250,25
0,16,16,16,gk,1,0.257708,0.251791,0.265084,25
0,16,16,16,gk_vals,1,0.212292,0.188291,0.267500,25
0,16,16,16,cpu_vals,1,0.097125,0.062000,0.100875,25
0,16,16,16,cpu,1,0.102750,0.092000,0.236375,25
0,1,1024,256,cpu,1,5.537708,5.502417,5.637459,25
0,1,1024,256,bidiag,1,7.645041,7.605000,7.739468,20
0,1,1024,256,bidiag_vals,1,5.700917,5.681083,5.743167,25
0,1,1024,256,cpu_vals,1,2.998292,2.983875,3.007500,25
0,1024,32,16,jacobi,1,1.377500,1.344875,1.497542,25
0,1024,32,16,qr,1,1.910375,1.866291,1.941125,25
0,1024,32,16,gk,1,0.601708,0.597125,0.609042,25
0,1024,32,16,gk_vals,1,0.312458,0.304042,0.328333,25
0,1024,32,16,cpu_vals,1,0.678416,0.665875,0.715959,25
0,1024,32,16,gk_share,1,1.037000,0.923916,1.085583,25
0,1024,32,16,gk_share_vals,1,0.579917,0.549750,0.618458,25
0,1024,32,16,cpu,1,1.745042,1.723500,1.779125,25
0,64,64,16,jacobi,1,0.259042,0.255000,0.291125,25
0,64,64,16,qr,1,0.656000,0.645166,0.662208,25
0,64,64,16,gk,1,0.318708,0.307792,0.327542,25
0,64,64,16,gk_vals,1,0.257458,0.252125,0.264250,25
0,64,64,16,cpu_vals,1,0.154791,0.152083,0.162625,25
0,64,64,16,gk_share,1,0.430000,0.427834,0.431584,25
0,64,64,16,gk_share_vals,1,0.352209,0.346416,0.356667,25
0,64,64,16,cpu,1,0.231625,0.226375,0.237000,25
1,256,256,16,jacobi,1,1.032709,0.974208,1.043958,25
1,256,256,16,qr,1,1.211833,1.187583,1.230167,25
1,256,256,16,gk,1,0.924458,0.911458,0.963375,25
1,256,256,16,gk_vals,1,0.504500,0.491750,0.516042,25
1,256,256,16,cpu_vals,1,0.865667,0.448250,1.057750,25
1,256,256,16,gk_share,1,0.770000,0.741375,0.805375,25
1,256,256,16,gk_share_vals,1,0.525417,0.522625,0.534583,25
1,256,256,16,cpu,1,1.317583,0.803416,1.365917,25
1,64,2048,128,jacobi,1,470.296042,469.646834,470.945250,2
1,64,2048,128,block,1,65.870375,65.794729,65.946021,2
1,64,2048,128,qr,1,42.899437,42.622844,43.176031,2
1,64,2048,128,qrblock,1,26.458854,26.425656,26.492052,2
1,64,2048,128,cpu,1,28.404271,28.253261,28.555281,2
1,64,2048,128,bidiag,1,234.716437,233.825344,235.607531,2
1,64,2048,128,bidiag_vals,1,183.672292,179.784563,187.560021,2
1,64,2048,128,cpu_vals,1,12.205833,12.133584,12.257792,13
1,64,2048,128,bidiag_batch,1,18.880938,18.499156,19.396917,8
1,64,2048,128,bidiag_batch_vals,1,10.414000,10.366958,10.458833,15
1,64,256,8,jacobi,1,0.198167,0.192292,0.209292,25
1,64,256,8,qr,1,0.635083,0.621750,0.646333,25
1,64,256,8,gk,1,0.241875,0.232000,0.250709,25
1,64,256,8,gk_vals,1,0.183292,0.172958,0.193417,25
1,64,256,8,cpu_vals,1,0.152042,0.149375,0.205834,25
1,64,256,8,gk_share,1,0.323875,0.319584,0.334125,25
1,64,256,8,gk_share_vals,1,0.287666,0.282625,0.289792,25
1,64,256,8,cpu,1,0.180042,0.174875,0.181917,25
1,1024,64,16,jacobi,1,1.648167,1.623083,1.676750,25
1,1024,64,16,qr,1,1.989292,1.967000,2.015000,25
1,1024,64,16,gk,1,1.141708,1.131750,1.153709,25
1,1024,64,16,gk_vals,1,0.679625,0.632500,0.691083,25
1,1024,64,16,cpu_vals,1,0.828875,0.771125,0.876792,25
1,1024,64,16,gk_share,1,1.110458,1.053833,1.354125,25
1,1024,64,16,gk_share_vals,1,0.705791,0.689792,0.720125,25
1,1024,64,16,cpu,1,1.927916,1.886583,2.375000,25
1,256,256,32,jacobi,1,4.566625,4.501584,4.684250,25
1,256,256,32,block,1,4.353667,4.265667,4.436333,25
1,256,256,32,qr,1,2.956792,2.852709,2.974791,25
1,256,256,32,qrblock,1,3.675917,3.587041,3.731375,25
1,256,256,32,gk,1,1.946542,1.917250,1.983125,25
1,256,256,32,gk_vals,1,1.019958,0.974000,1.075500,25
1,256,256,32,cpu_vals,1,1.443917,1.096167,1.516291,25
1,256,256,32,gk_share,1,1.729167,1.704292,1.753334,25
1,256,256,32,gk_share_vals,1,0.926000,0.861125,0.961334,25
1,256,256,32,cpu,1,2.521583,2.484458,2.582000,25
1,256,256,32,bidiag_batch,1,3.350375,3.224375,3.415333,25
1,256,256,32,bidiag_batch_vals,1,1.436291,1.390916,1.473583,25
1,16,2048,128,jacobi,1,88.723062,88.671114,88.775011,2
1,16,2048,128,block,1,21.102666,20.937229,21.268104,2
1,16,2048,128,qr,1,7.832999,7.801292,7.883188,20
1,16,2048,128,qrblock,1,9.812625,9.741844,9.875521,16
1,16,2048,128,cpu,1,8.248000,8.027584,8.480062,18
1,16,2048,128,bidiag,1,58.334083,58.234042,58.434124,2
1,16,2048,128,bidiag_vals,1,44.153292,44.145313,44.161271,2
1,16,2048,128,cpu_vals,1,4.168833,3.986375,4.959834,25
1,16,2048,128,bidiag_batch,1,6.368229,6.208656,6.630959,24
1,16,2048,128,bidiag_batch_vals,1,3.838500,3.790208,3.882584,25
1,1024,1024,32,jacobi,1,138.509625,138.222063,138.797188,2
1,1024,1024,32,block,1,36.174958,36.036146,36.313770,2
1,1024,1024,32,qr,1,17.723541,17.487250,17.942500,9
1,1024,1024,32,qrblock,1,18.019875,17.833791,18.168792,9
1,1024,1024,32,gk,1,14.185959,14.073355,14.396771,11
1,1024,1024,32,gk_vals,1,7.576125,7.516500,7.651573,20
1,1024,1024,32,cpu_vals,1,10.885687,10.776000,10.955364,14
1,1024,1024,32,gk_share,1,14.855166,13.827792,15.911084,10
1,1024,1024,32,gk_share_vals,1,7.013272,6.686958,7.483782,22
1,1024,1024,32,cpu,1,21.067042,20.950313,21.183771,2
1,1024,1024,32,bidiag_batch,1,17.516916,16.896458,18.206084,9
1,1024,1024,32,bidiag_batch_vals,1,7.368875,7.194959,7.440417,21
1,1024,2048,64,jacobi,1,1315.316626,1313.609334,1317.023917,2
1,1024,2048,64,block,1,233.278645,223.458073,243.099218,2
1,1024,2048,64,qr,1,136.191562,130.973301,141.409823,2
1,1024,2048,64,qrblock,1,113.384792,108.920375,117.849208,2
1,1024,2048,64,gk,1,99.311916,98.911250,99.712583,2
1,1024,2048,64,gk_vals,1,65.936250,65.632792,66.239708,2
1,1024,2048,64,cpu_vals,1,62.922334,62.814667,63.030000,2
1,1024,2048,64,gk_share,1,72.537291,70.242042,74.879708,5
1,1024,2048,64,gk_share_vals,1,36.037958,35.758541,36.185458,5
1,1024,2048,64,cpu,1,125.019104,124.467614,125.570594,2
1,1024,2048,64,bidiag_batch,1,85.469209,84.937625,86.652791,5
1,1024,2048,64,bidiag_batch_vals,1,42.032625,41.911708,42.090417,5
1,4096,32,32,jacobi,1,23.045104,22.805947,23.284260,2
1,4096,32,32,block,1,21.310626,21.094230,21.527021,2
1,4096,32,32,gk,1,5.371625,5.285583,5.469916,25
1,4096,32,32,gk_vals,1,1.952750,1.943584,2.073958,25
1,4096,32,32,cpu_vals,1,5.335125,5.269625,5.540333,25
1,4096,32,32,gk_share,1,5.426958,5.333500,5.741166,25
1,4096,32,32,gk_share_vals,1,2.255625,2.229917,2.355792,25
1,4096,32,32,cpu,1,15.702458,15.468916,15.804667,10
1,4096,32,32,bidiag_batch,1,18.271125,18.048500,18.526500,9
1,4096,32,32,bidiag_batch_vals,1,7.369979,7.217333,8.071104,20
1,4096,64,16,jacobi,1,5.401000,5.302708,5.512542,25
1,4096,64,16,qr,1,5.973000,5.943459,6.034166,25
1,4096,64,16,gk,1,3.627458,3.605000,3.688541,25
1,4096,64,16,gk_vals,1,1.750791,1.734834,1.780209,25
1,4096,64,16,cpu_vals,1,3.198792,2.820709,3.230958,25
1,4096,64,16,gk_share,1,3.431459,3.374209,3.753208,25
1,4096,64,16,gk_share_vals,1,1.802833,1.743500,1.857166,25
1,4096,64,16,cpu,1,7.717771,7.521219,7.806729,20
1,256,24,24,jacobi,1,1.103750,1.055500,1.109542,25
1,256,24,24,gk,1,0.452209,0.446292,0.457875,25
1,256,24,24,gk_vals,1,0.256542,0.254458,0.276834,25
1,256,24,24,cpu_vals,1,0.318666,0.312958,0.330750,25
1,256,24,24,gk_share,1,0.570583,0.549667,0.575708,25
1,256,24,24,gk_share_vals,1,0.394000,0.365083,0.406250,25
1,256,24,24,cpu,1,0.705459,0.679333,0.720500,25
1,64,1024,32,jacobi,1,7.689604,7.599177,7.731874,20
1,64,1024,32,block,1,5.423625,5.350875,5.545708,25
1,64,1024,32,qr,1,1.847000,1.810750,1.869750,25
1,64,1024,32,qrblock,1,3.067583,3.029834,3.120416,25
1,64,1024,32,gk,1,1.846709,1.815334,1.968000,25
1,64,1024,32,gk_vals,1,1.004708,0.950125,1.070167,25
1,64,1024,32,cpu_vals,1,0.921334,0.902917,1.275167,25
1,64,1024,32,gk_share,1,1.959958,1.915042,2.146917,25
1,64,1024,32,gk_share_vals,1,1.166958,1.090667,1.273084,25
1,64,1024,32,cpu,1,2.016083,1.932417,2.049041,25
1,64,1024,32,bidiag_batch,1,2.208625,2.178583,2.255500,25
1,64,1024,32,bidiag_batch_vals,1,1.074083,1.054750,1.113375,25
1,1,1024,1024,cpu,1,58.432083,58.181708,58.682458,2
1,1,1024,1024,bidiag,1,33.860750,33.770500,33.885333,5
1,1,1024,1024,bidiag_vals,1,21.260167,21.206656,21.336094,8
1,1,1024,1024,cpu_vals,1,36.396250,36.178250,36.614250,2
1,1,1024,1024,band,1,28.357125,28.000458,28.614480,6
1,1,1024,1024,band8_vals,1,20.009916,19.793229,20.359136,8
1,1,1024,1024,band_vals,1,20.028375,19.928156,20.068864,8
1,1,1024,1024,band32_vals,1,28.453021,28.308031,28.598011,2
1,4096,256,64,jacobi,1,334.461125,333.683646,335.238604,2
1,4096,256,64,block,1,181.449708,177.514188,185.385229,2
1,4096,256,64,qr,1,211.963563,208.960323,214.966802,2
1,4096,256,64,qrblock,1,137.772084,133.503459,142.040709,2
1,4096,256,64,gk,1,104.353521,101.849594,106.857448,2
1,4096,256,64,gk_vals,1,47.382041,47.212062,47.552021,2
1,4096,256,64,cpu_vals,1,40.413625,40.354188,40.473062,2
1,4096,256,64,gk_share,1,58.497416,56.331500,61.756250,5
1,4096,256,64,gk_share_vals,1,25.333896,24.721291,25.621000,6
1,4096,256,64,cpu,1,97.741854,97.386927,98.096781,2
1,4096,256,64,bidiag_batch,1,69.420583,68.029458,70.460458,5
1,4096,256,64,bidiag_batch_vals,1,31.737458,31.644000,32.274166,5
1,1024,512,64,jacobi,1,129.833125,129.699854,129.966396,2
1,1024,512,64,block,1,67.653751,67.511480,67.796021,2
1,1024,512,64,qr,1,58.907146,58.859719,58.954573,2
1,1024,512,64,qrblock,1,39.362645,39.257323,39.467968,2
1,1024,512,64,gk,1,32.245458,32.194479,32.296438,2
1,1024,512,64,gk_vals,1,16.591500,16.394458,16.704709,10
1,1024,512,64,cpu_vals,1,19.268646,19.016239,19.564510,8
1,1024,512,64,gk_share,1,24.528500,23.987666,24.835083,7
1,1024,512,64,gk_share_vals,1,11.271104,11.023250,11.486990,14
1,1024,512,64,cpu,1,41.205584,40.934333,41.476834,2
1,1024,512,64,bidiag_batch,1,25.926020,24.713802,27.183645,6
1,1024,512,64,bidiag_batch_vals,1,11.452875,11.407854,11.558917,14
1,1024,384,384,cpu,1,667.379000,647.719604,687.038396,2
1,1024,384,384,bidiag_batch,1,520.511583,518.528125,537.779166,3
1,1024,384,384,bidiag_batch_vals,1,202.194959,202.064667,211.817625,5
1,1024,384,384,cpu_vals,1,331.796499,331.322458,332.270541,2
1,4096,512,32,jacobi,1,191.970229,191.762135,192.178323,2
1,4096,512,32,block,1,79.206500,78.881875,79.531125,2
1,4096,512,32,qr,1,42.084854,42.063407,42.106302,2
1,4096,512,32,qrblock,1,41.633105,41.373782,41.892427,2
1,4096,512,32,gk,1,29.078688,28.987792,29.567271,6
1,4096,512,32,gk_vals,1,13.863708,13.809708,13.927104,11
1,4096,512,32,cpu_vals,1,21.850583,21.206271,22.494895,2
1,4096,512,32,gk_share,1,28.719979,28.139344,29.594490,6
1,4096,512,32,gk_share_vals,1,11.977834,11.602791,12.225917,13
1,4096,512,32,cpu,1,45.155687,44.798176,45.513198,2
1,4096,512,32,bidiag_batch,1,39.055270,38.542468,39.568073,2
1,4096,512,32,bidiag_batch_vals,1,15.940312,15.440156,16.071531,10
1,1024,128,16,jacobi,1,2.068791,2.058708,2.075333,25
1,1024,128,16,qr,1,2.244041,2.214667,2.262708,25
1,1024,128,16,gk,1,1.588375,1.585541,1.617167,25
1,1024,128,16,gk_vals,1,0.887292,0.839042,0.897875,25
1,1024,128,16,cpu_vals,1,1.456417,1.401667,1.500625,25
1,1024,128,16,gk_share,1,1.412875,1.403917,1.423083,25
1,1024,128,16,gk_share_vals,1,0.826834,0.805917,0.838750,25
1,1024,128,16,cpu,1,2.604042,2.247042,2.666959,25
1,64,512,16,jacobi,1,0.505833,0.498125,0.511583,25
1,64,512,16,qr,1,0.804750,0.789166,0.815541,25
1,64,512,16,gk,1,0.823583,0.817291,0.841125,25
1,64,512,16,gk_vals,1,0.444375,0.440375,0.452292,25
1,64,512,16,cpu_vals,1,0.283666,0.280334,0.286833,25
1,64,512,16,gk_share,1,0.969375,0.964541,0.979958,25
1,64,512,16,gk_share_vals,1,0.557917,0.536542,0.564875,25
1,64,512,16,cpu,1,0.430667,0.413333,0.584459,25
1,64,256,64,jacobi,1,4.752041,4.734750,4.774333,25
1,64,256,64,block,1,4.536333,4.468291,4.655084,25
1,64,256,64,qr,1,3.377542,3.282250,3.388167,25
1,64,256,64,qrblock,1,4.253417,4.176625,4.321208,25
1,64,256,64,gk,1,2.996166,2.932167,3.044459,25
1,64,256,64,gk_vals,1,2.041542,2.022000,2.065291,25
1,64,256,64,cpu_vals,1,0.990125,0.972375,1.330833,25
1,64,256,64,gk_share,1,3.102958,2.999750,3.138083,25
1,64,256,64,gk_share_vals,1,2.268917,2.241958,2.286417,25
1,64,256,64,cpu,1,2.416000,2.007791,2.479792,25
1,64,256,64,bidiag_batch,1,2.888042,2.852958,2.921459,25
1,64,256,64,bidiag_batch_vals,1,1.565958,1.539459,1.598500,25
1,4096,512,64,jacobi,1,529.859562,529.813802,529.905323,2
1,4096,512,64,block,1,274.183605,273.053386,275.313823,2
1,4096,512,64,qr,1,257.007542,244.297791,269.717292,2
1,4096,512,64,qrblock,1,164.025354,155.463989,172.586719,2
1,4096,512,64,gk,1,128.258667,127.059688,129.457646,2
1,4096,512,64,gk_vals,1,61.330458,61.263437,61.397479,2
1,4096,512,64,cpu_vals,1,71.313521,70.862698,71.764344,2
1,4096,512,64,gk_share,1,92.992667,88.197500,99.615792,5
1,4096,512,64,gk_share_vals,1,38.559083,37.349792,40.476834,5
1,4096,512,64,cpu,1,151.504041,150.818125,152.189958,2
1,4096,512,64,bidiag_batch,1,90.234042,86.674791,90.582917,5
1,4096,512,64,bidiag_batch_vals,1,41.018000,40.766750,41.078250,5
1,1024,512,16,jacobi,1,9.667313,9.586636,9.884375,16
1,1024,512,16,qr,1,4.587125,4.473875,5.047167,25
1,1024,512,16,gk,1,3.587250,3.538292,3.657250,25
1,1024,512,16,gk_vals,1,1.684458,1.649334,1.720125,25
1,1024,512,16,cpu_vals,1,2.558667,2.524375,2.620209,25
1,1024,512,16,gk_share,1,3.808584,3.756500,5.188958,25
1,1024,512,16,gk_share_vals,1,2.096542,2.053417,2.293583,25
1,1024,512,16,cpu,1,5.103542,4.923625,6.470292,25
1,256,16,8,jacobi,1,0.297666,0.286500,0.315416,25
1,256,16,8,qr,1,0.648500,0.617750,0.715000,25
1,256,16,8,gk,1,0.194458,0.180250,0.203041,25
1,256,16,8,gk_vals,1,0.161625,0.154250,0.166459,25
1,256,16,8,cpu_vals,1,0.153958,0.151792,0.161458,25
1,256,16,8,gk_share,1,0.338625,0.318375,0.348083,25
1,256,16,8,gk_share_vals,1,0.300917,0.294083,0.315000,25
1,256,16,8,cpu,1,0.213083,0.202625,0.219625,25
1,4096,24,24,jacobi,1,11.892291,11.803167,11.999042,13
1,4096,24,24,gk,1,3.894542,3.823583,4.050667,25
1,4096,24,24,gk_vals,1,1.471042,1.462208,1.504875,25
1,4096,24,24,cpu_vals,1,3.284000,3.221375,3.698959,25
1,4096,24,24,gk_share,1,3.736209,3.666375,4.248166,25
1,4096,24,24,gk_share_vals,1,1.565833,1.547750,1.580459,25
1,4096,24,24,cpu,1,9.722063,9.627896,9.795292,16
1,64,32,32,jacobi,1,0.686625,0.637042,0.726625,25
1,64,32,32,block,1,2.220500,2.187167,2.367500,25
1,64,32,32,gk,1,0.497750,0.472708,0.509334,25
1,64,32,32,gk_vals,1,0.268000,0.263458,0.276709,25
1,64,32,32,cpu_vals,1,0.192250,0.189542,0.199750,25
1,64,32,32,gk_share,1,0.588000,0.576292,0.597500,25
1,64,32,32,gk_share_vals,1,0.380875,0.378208,0.390333,25
1,64,32,32,cpu,1,0.350500,0.335917,0.440542,25
1,64,32,32,bidiag_batch,1,1.094667,1.078083,1.160791,25
1,64,32,32,bidiag_batch_vals,1,0.524291,0.500959,0.593292,25
1,256,256,8,jacobi,1,0.353709,0.345333,0.358125,25
1,256,256,8,qr,1,0.947833,0.936792,0.995167,25
1,256,256,8,gk,1,0.392459,0.386792,0.394584,25
1,256,256,8,gk_vals,1,0.253000,0.244875,0.271000,25
1,256,256,8,cpu_vals,1,0.252917,0.251041,0.257959,25
1,256,256,8,gk_share,1,0.448542,0.425417,0.460250,25
1,256,256,8,gk_share_vals,1,0.351708,0.344709,0.356792,25
1,256,256,8,cpu,1,0.377584,0.370875,0.384167,25
1,1,2048,2048,cpu,1,323.410833,322.200749,324.620917,2
1,1,2048,2048,bidiag,1,130.134208,124.741354,135.527062,2
1,1,2048,2048,bidiag_vals,1,87.573146,86.998114,88.148177,2
1,1,2048,2048,cpu_vals,1,199.354729,198.045843,200.663614,2
1,1,2048,2048,band,1,79.842458,78.927000,80.393708,5
1,1,2048,2048,band8_vals,1,63.980833,63.678583,64.773125,5
1,1,2048,2048,band_vals,1,53.935875,53.732542,54.116291,5
1,1,2048,2048,band32_vals,1,75.888666,75.677854,76.099479,2
1,1024,256,64,jacobi,1,88.906000,85.664104,92.147896,2
1,1024,256,64,block,1,43.109521,42.732489,43.486552,2
1,1024,256,64,qr,1,53.663938,53.426781,53.901094,2
1,1024,256,64,qrblock,1,33.004834,32.935313,33.074354,2
1,1024,256,64,gk,1,25.722479,25.612052,25.832906,2
1,1024,256,64,gk_vals,1,12.935479,12.823187,13.079396,12
1,1024,256,64,cpu_vals,1,11.069458,10.867740,11.332927,14
1,1024,256,64,gk_share,1,16.935750,15.823167,17.239667,9
1,1024,256,64,gk_share_vals,1,7.927667,7.749042,8.746104,19
1,1024,256,64,cpu,1,25.989292,25.683854,26.294729,2
1,1024,256,64,bidiag_batch,1,20.660542,20.585979,20.735104,2
1,1024,256,64,bidiag_batch_vals,1,9.371958,9.166885,9.788802,16
1,16,768,768,cpu,1,80.993917,80.377313,81.610521,2
1,16,768,768,bidiag,1,270.797917,269.970521,271.625313,2
1,16,768,768,bidiag_vals,1,204.008500,203.504500,204.512500,2
1,16,768,768,cpu_vals,1,47.153229,45.776511,48.529948,2
1,16,768,768,band,1,55.961167,54.842416,56.005958,5
1,16,768,768,band8_vals,1,151.384395,149.565302,153.203489,2
1,16,768,768,band_vals,1,159.842875,158.612333,161.073417,2
1,16,768,768,band32_vals,1,248.877020,246.159593,251.594448,2
1,16,768,768,bidiag_batch,1,55.797500,55.528917,56.419500,5
1,16,768,768,bidiag_batch_vals,1,29.003437,28.771760,29.362240,6
1,16,256,256,cpu,1,6.267417,6.031000,6.342708,25
1,16,256,256,bidiag,1,76.723667,76.568583,76.878750,2
1,16,256,256,bidiag_vals,1,55.152605,55.099157,55.206052,2
1,16,256,256,cpu_vals,1,3.705000,3.289917,3.770333,25
1,16,256,256,bidiag_batch,1,7.257208,7.116000,7.399541,21
1,16,256,256,bidiag_batch_vals,1,4.016667,3.884292,4.192375,25
1,256,128,32,jacobi,1,2.434000,2.415959,2.504583,25
1,256,128,32,block,1,3.521083,3.418209,3.585625,25
1,256,128,32,qr,1,2.460584,2.426500,2.514750,25
1,256,128,32,qrblock,1,3.377167,3.339458,3.406583,25
1,256,128,32,gk,1,2.033875,2.012208,2.072625,25
1,256,128,32,gk_vals,1,1.258083,1.243750,1.295333,25
1,256,128,32,cpu_vals,1,0.827334,0.712000,1.212667,25
1,256,128,32,gk_share,1,1.595750,1.555459,1.603209,25
1,256,128,32,gk_share_vals,1,1.109792,1.091834,1.126458,25
1,256,128,32,cpu,1,1.649584,1.598166,2.100500,25
1,256,128,32,bidiag_batch,1,2.849416,2.768750,2.881583,25
1,256,128,32,bidiag_batch_vals,1,1.209875,1.192500,1.268333,25
1,16,512,256,cpu,1,8.769542,8.548583,9.088948,18
1,16,512,256,bidiag,1,111.725375,108.327083,115.123666,2
1,16,512,256,bidiag_vals,1,79.572499,79.346854,79.798145,2
1,16,512,256,cpu_vals,1,4.763917,4.466625,4.826500,25
1,16,512,256,bidiag_batch,1,9.871520,9.451511,10.046688,16
1,16,512,256,bidiag_batch_vals,1,4.983667,4.875500,5.092208,25
1,4,512,512,cpu,1,13.607125,13.536959,13.689312,11
1,4,512,512,bidiag,1,40.222687,40.191823,40.253552,2
1,4,512,512,bidiag_vals,1,30.753438,30.734678,30.772199,2
1,4,512,512,cpu_vals,1,8.948333,8.929000,8.984959,17
1,4,512,512,band,1,13.944250,13.696458,14.242605,11
1,4,512,512,band8_vals,1,24.351979,24.138552,24.565406,2
1,4,512,512,band_vals,1,26.589855,26.351177,26.828532,2
1,4,512,512,band32_vals,1,40.865020,40.469385,41.260656,2
1,1024,128,8,jacobi,1,0.746750,0.711667,0.750042,25
1,1024,128,8,qr,1,1.131333,1.111875,1.144583,25
1,1024,128,8,gk,1,0.746875,0.701542,0.750750,25
1,1024,128,8,gk_vals,1,0.340375,0.327959,0.352709,25
1,1024,128,8,cpu_vals,1,0.627791,0.486084,0.961792,25
1,1024,128,8,gk_share,1,0.689042,0.680834,0.698541,25
1,1024,128,8,gk_share_vals,1,0.536916,0.525792,0.636125,25
1,1024,128,8,cpu,1,1.277750,0.786666,1.344042,25
1,16,1024,64,jacobi,1,5.088417,5.003542,5.154750,25
1,16,1024,64,block,1,6.304563,6.176312,6.380031,24
1,16,1024,64,qr,1,1.942334,1.886708,1.965209,25
1,16,1024,64,qrblock,1,3.593750,3.513333,3.717334,25
1,16,1024,64,gk,1,3.071750,2.997500,3.108500,25
1,16,1024,64,gk_vals,1,2.289667,2.208791,2.322333,25
1,16,1024,64,cpu_vals,1,0.924459,0.840875,1.311375,25
1,16,1024,64,cpu,1,1.948708,1.574750,2.034291,25
1,16,1024,64,bidiag_batch,1,2.488167,2.397083,2.517541,25
1,16,1024,64,bidiag_batch_vals,1,1.444250,1.412792,1.513791,25
1,256,128,8,jacobi,1,0.267833,0.258250,0.278958,25
1,256,128,8,qr,1,0.700625,0.688375,0.716333,25
1,256,128,8,gk,1,0.291458,0.280709,0.296917,25
1,256,128,8,gk_vals,1,0.201416,0.196250,0.211750,25
1,256,128,8,cpu_vals,1,0.206833,0.203250,0.212084,25
1,256,128,8,gk_share,1,0.370792,0.332542,0.376041,25
1,256,128,8,gk_share_vals,1,0.325625,0.314084,0.333667,25
1,256,128,8,cpu,1,0.290334,0.288375,0.295167,25
1,256,8,8,jacobi,1,0.255000,0.246333,0.262208,25
1,256,8,8,gk,1,0.187666,0.177167,0.208000,25
1,256,8,8,gk_vals,1,0.154292,0.148834,0.179625,25
1,256,8,8,cpu_vals,1,0.131500,0.129792,0.135000,25
1,256,8,8,gk_share,1,0.326542,0.313583,0.332833,25
1,256,8,8,gk_share_vals,1,0.304000,0.293625,0.313500,25
1,256,8,8,cpu,1,0.168875,0.166916,0.171791,25
1,1024,1024,64,jacobi,1,619.730479,617.382239,622.078719,2
1,1024,1024,64,block,1,128.415542,126.238542,130.592541,2
1,1024,1024,64,qr,1,75.795687,73.717781,77.873594,2
1,1024,1024,64,qrblock,1,56.672396,55.862052,57.482739,2
1,1024,1024,64,gk,1,53.579042,52.243292,54.052792,5
1,1024,1024,64,gk_vals,1,29.484855,29.435615,29.534094,2
1,1024,1024,64,cpu_vals,1,33.436917,33.113500,33.760333,2
1,1024,1024,64,gk_share,1,40.462458,39.914917,40.553625,5
1,1024,1024,64,gk_share_vals,1,18.478500,18.203333,18.940875,9
1,1024,1024,64,cpu,1,67.486063,67.057427,67.914698,2
1,1024,1024,64,bidiag_batch,1,42.751667,41.486000,42.958833,5
1,1024,1024,64,bidiag_batch_vals,1,19.376062,19.299823,19.644000,8
1,256,32,32,jacobi,1,1.810334,1.786208,1.827625,25
1,256,32,32,block,1,3.010292,2.895250,3.176625,25
1,256,32,32,gk,1,0.596500,0.588750,0.612709,25
1,256,32,32,gk_vals,1,0.317084,0.309750,0.331167,25
1,256,32,32,cpu_vals,1,0.441375,0.437042,0.449833,25
1,256,32,32,gk_share,1,0.667375,0.661875,0.679750,25
1,256,32,32,gk_share_vals,1,0.444625,0.412291,0.459292,25
1,256,32,32,cpu,1,1.047750,1.037292,1.076750,25
1,256,32,32,bidiag_batch,1,2.112167,2.041000,2.142291,25
1,256,32,32,bidiag_batch_vals,1,0.875250,0.853834,0.927625,25
1,1,3072,3072,cpu,1,1122.880541,1121.617250,1124.143833,2
1,1,3072,3072,bidiag,1,370.526584,367.214417,373.838750,2
1,1,3072,3072,bidiag_vals,1,291.698812,289.461135,293.936489,2
1,1,3072,3072,cpu_vals,1,776.989916,775.139771,778.840062,2
1,1,3072,3072,band,1,169.323083,165.767292,173.739958,5
1,1,3072,3072,band8_vals,1,147.903854,146.909157,148.898552,2
1,1,3072,3072,band_vals,1,107.365916,106.182916,107.408958,5
1,1,3072,3072,band32_vals,1,134.093167,133.615250,134.175209,5
1,256,2048,64,jacobi,1,336.197250,336.163583,336.230917,2
1,256,2048,64,block,1,55.484146,55.395323,55.572969,2
1,256,2048,64,qr,1,30.232708,30.064125,30.401291,2
1,256,2048,64,qrblock,1,27.236854,27.051677,27.422031,2
1,256,2048,64,gk,1,25.197604,24.947885,25.673230,6
1,256,2048,64,gk_vals,1,16.684000,16.670458,17.174709,9
1,256,2048,64,cpu_vals,1,17.177208,17.149333,17.223667,9
1,256,2048,64,gk_share,1,18.107563,17.905792,18.964146,8
1,256,2048,64,gk_share_vals,1,11.847292,11.486541,11.923375,13
1,256,2048,64,cpu,1,33.880750,33.780395,33.981104,2
1,256,2048,64,bidiag_batch,1,23.242542,22.644979,24.731396,7
1,256,2048,64,bidiag_batch_vals,1,11.635334,11.418375,11.684084,13
1,64,16,8,jacobi,1,0.165459,0.155000,0.175708,25
1,64,16,8,qr,1,0.435083,0.423458,0.457125,25
1,64,16,8,gk,1,0.181959,0.172208,0.193083,25
1,64,16,8,gk_vals,1,0.148167,0.141458,0.161833,25
1,64,16,8,cpu_vals,1,0.112542,0.080125,0.213625,25
1,64,16,8,gk_share,1,0.286791,0.279292,0.294917,25
1,64,16,8,gk_share_vals,1,0.261375,0.247625,0.265459,25
1,64,16,8,cpu,1,0.120458,0.116334,0.152750,25
1,1024,24,24,jacobi,1,3.282958,3.269208,3.346833,25
1,1024,24,24,gk,1,1.257500,1.229000,1.280708,25
1,1024,24,24,gk_vals,1,0.530291,0.514458,0.566000,25
1,1024,24,24,cpu_vals,1,0.879917,0.867208,0.890958,25
1,1024,24,24,gk_share,1,1.273709,1.264417,1.304333,25
1,1024,24,24,gk_share_vals,1,0.701875,0.692916,0.751792,25
1,1024,24,24,cpu,1,2.438125,2.422708,2.471833,25
1,256,512,16,jacobi,1,2.292708,2.249833,2.347500,25
1,256,512,16,qr,1,1.552458,1.486875,1.598125,25
1,256,512,16,gk,1,1.371375,1.325417,1.434000,25
1,256,512,16,gk_vals,1,0.810000,0.710375,0.828834,25
1,256,512,16,cpu_vals,1,1.163500,0.750083,1.230333,25
1,256,512,16,gk_share,1,1.373792,1.313291,1.460833,25
1,256,512,16,gk_share_vals,1,0.820209,0.793417,0.839500,25
1,256,512,16,cpu,1,1.369667,1.276500,1.731084,25
1,64,2048,256,cpu,1,70.329334,70.246250,72.235583,5
1,64,2048,256,bidiag,1,464.392229,462.331719,466.452740,2
1,64,2048,256,bidiag_vals,1,362.496062,356.786260,368.205865,2
1,64,2048,256,cpu_vals,1,31.205208,31.048583,31.255625,5
1,64,2048,256,bidiag_batch,1,55.790541,54.655500,55.915416,5
1,64,2048,256,bidiag_batch_vals,1,29.548938,29.174979,30.253428,6
1,64,512,512,cpu,1,101.144333,100.305583,101.983083,2
1,64,512,512,bidiag,1,744.632791,697.727729,791.537854,2
1,64,512,512,bidiag_vals,1,494.268271,487.820261,500.716281,2
1,64,512,512,cpu_vals,1,52.191771,52.027823,52.355718,2
1,64,512,512,band,1,75.440917,74.775625,76.793000,5
1,64,512,512,band8_vals,1,351.068500,349.776166,352.360834,2
1,64,512,512,band_vals,1,372.237146,370.826302,373.647989,2
1,64,512,512,band32_vals,1,602.353708,601.979521,602.727895,2
1,64,512,512,bidiag_batch,1,74.978542,74.476291,76.056333,5
1,64,512,512,bidiag_batch_vals,1,30.667625,30.467542,30.977167,5
1,1024,80,80,jacobi,1,105.768312,105.014677,106.521947,2
1,1024,80,80,block,1,78.865896,78.474615,79.257177,2
1,1024,80,80,gk,1,36.280896,36.202907,36.358885,2
1,1024,80,80,gk_vals,1,15.762562,15.627073,15.894260,10
1,1024,80,80,cpu_vals,1,14.687542,14.357875,14.797584,11
1,1024,80,80,gk_share,1,16.458375,16.396093,16.852209,10
1,1024,80,80,gk_share_vals,1,9.175000,9.030334,9.496802,16
1,1024,80,80,cpu,1,26.435667,26.342396,26.528938,2
1,1024,80,80,bidiag_batch,1,20.317229,20.085948,20.618406,8
1,1024,80,80,bidiag_batch_vals,1,9.290208,9.060750,9.556667,17
1,64,128,128,jacobi,1,32.492938,32.038281,32.947594,2
1,64,128,128,block,1,14.090583,14.000854,14.173646,11
1,64,128,128,cpu,1,5.866500,5.822458,6.245875,25
1,64,128,128,bidiag,1,155.720208,154.115749,157.324667,2
1,64,128,128,bidiag_vals,1,100.308396,99.585261,101.031531,2
1,64,128,128,cpu_vals,1,3.883875,3.810417,4.044042,25
1,64,128,128,bidiag_batch,1,5.289625,4.952042,5.431542,25
1,64,128,128,bidiag_batch_vals,1,2.405542,2.381416,2.465708,25
1,4096,512,16,jacobi,1,40.067541,39.033104,41.101979,2
1,4096,512,16,qr,1,15.121396,14.975302,15.551302,10
1,4096,512,16,gk,1,12.010959,11.745959,12.079000,13
1,4096,512,16,gk_vals,1,5.742625,5.615875,5.855209,25
1,4096,512,16,cpu_vals,1,8.880958,8.775875,9.102833,17
1,4096,512,16,gk_share,1,13.369229,13.325625,13.666417,12
1,4096,512,16,gk_share_vals,1,7.159667,7.100083,7.343875,21
1,4096,512,16,cpu,1,18.218708,18.123208,18.743958,9
1,1,512,512,cpu,1,12.935479,12.727552,13.039406,12
1,1,512,512,bidiag,1,13.140917,12.841760,13.429948,12
1,1,512,512,bidiag_vals,1,8.862458,8.743333,9.125042,17
1,1,512,512,cpu_vals,1,7.765625,7.753031,7.785708,20
1,1,512,512,band,1,11.439042,11.259625,11.832500,13
1,1,512,512,band8_vals,1,9.848771,9.429604,10.136313,16
1,1,512,512,band_vals,1,9.253125,8.975083,9.392208,17
1,1,512,512,band32_vals,1,12.931937,12.887698,13.301281,12
1,16,384,384,cpu,1,12.757791,12.721635,12.810396,12
1,16,384,384,bidiag,1,122.329604,119.090364,125.568844,2
1,16,384,384,bidiag_vals,1,84.954437,84.248844,85.660031,2
1,16,384,384,cpu_vals,1,7.376792,7.269791,7.444709,21
1,16,384,384,bidiag_batch,1,14.687917,14.463729,15.199063,11
1,16,384,384,bidiag_batch_vals,1,7.561875,7.173459,7.704291,21
1,64,256,128,jacobi,1,32.974062,32.865260,33.082864,2
1,64,256,128,block,1,14.432375,14.286563,14.525271,11
1,64,256,128,qr,1,31.702146,31.457678,31.946615,2
1,64,256,128,qrblock,1,13.877583,13.807458,14.111125,11
1,64,256,128,cpu,1,8.827750,8.515625,9.345083,17
1,64,256,128,bidiag,1,177.155604,175.809927,178.501281,2
1,64,256,128,bidiag_vals,1,119.984146,118.853240,121.115052,2
1,64,256,128,cpu_vals,1,4.725125,4.706416,5.184250,25
1,64,256,128,bidiag_batch,1,7.090708,6.717240,7.164084,22
1,64,256,128,bidiag_batch_vals,1,3.432292,3.417500,3.488500,25
1,64,1024,64,jacobi,1,38.405625,38.271021,38.540230,2
1,64,1024,64,block,1,10.621500,10.367500,10.970063,15
1,64,1024,64,qr,1,4.891833,4.842500,5.045375,25
1,64,1024,64,qrblock,1,5.952250,5.821042,6.080458,25
1,64,1024,64,gk,1,4.655791,4.616417,4.697542,25
1,64,1024,64,gk_vals,1,3.313250,3.293875,3.404084,25
1,64,1024,64,cpu_vals,1,2.751625,2.656667,3.015209,25
1,64,1024,64,gk_share,1,4.492500,4.412084,4.554417,25
1,64,1024,64,gk_share_vals,1,3.190459,3.162000,3.222166,25
1,64,1024,64,cpu,1,5.389166,5.151417,5.636625,25
1,64,1024,64,bidiag_batch,1,4.290583,4.251250,4.372833,25
1,64,1024,64,bidiag_batch_vals,1,2.449875,2.416459,2.513125,25
1,256,2048,256,cpu,1,269.634167,268.199979,271.068354,2
1,256,2048,256,bidiag_batch,1,204.379917,200.037917,207.450291,5
1,256,2048,256,bidiag_batch_vals,1,111.256834,105.994291,111.399875,5
1,256,2048,256,cpu_vals,1,118.735125,118.662333,119.609375,5
1,256,1024,64,jacobi,1,157.268167,156.044208,158.492125,2
1,256,1024,64,block,1,30.747375,30.565938,30.928812,2
1,256,1024,64,qr,1,17.103500,16.824458,18.226250,9
1,256,1024,64,qrblock,1,15.280354,15.232823,15.616395,10
1,256,1024,64,gk,1,13.852167,13.788562,14.000291,11
1,256,1024,64,gk_vals,1,8.230750,8.157584,8.264875,19
1,256,1024,64,cpu_vals,1,9.056000,8.934792,9.255125,17
1,256,1024,64,gk_share,1,9.732584,9.606052,9.960250,16
1,256,1024,64,gk_share_vals,1,6.032041,5.906584,6.114000,25
1,256,1024,64,cpu,1,18.246375,18.005042,18.354334,9
1,256,1024,64,bidiag_batch,1,12.636000,12.453177,12.762083,12
1,256,1024,64,bidiag_batch_vals,1,5.779791,5.734917,5.899791,25
1,256,256,64,jacobi,1,23.488250,22.829896,24.146604,2
1,256,256,64,block,1,12.220417,12.037166,12.327583,13
1,256,256,64,qr,1,12.195500,11.607625,12.439291,13
1,256,256,64,qrblock,1,9.769396,9.691750,9.952760,16
1,256,256,64,gk,1,7.474271,7.435229,7.545875,20
1,256,256,64,gk_vals,1,3.979708,3.952500,4.011917,25
1,256,256,64,cpu_vals,1,3.338125,3.209417,3.492917,25
1,256,256,64,gk_share,1,5.409459,5.330584,5.593250,25
1,256,256,64,gk_share_vals,1,3.409459,3.328916,4.510292,25
1,256,256,64,cpu,1,7.105083,6.973667,7.339292,21
1,256,256,64,bidiag_batch,1,7.596271,7.336292,7.736334,20
1,256,256,64,bidiag_batch_vals,1,3.260916,3.214500,3.354042,25
1,4096,64,8,jacobi,1,1.638291,1.406166,1.825250,25
1,4096,64,8,qr,1,2.231250,2.206750,2.345584,25
1,4096,64,8,gk,1,1.375250,1.362916,1.408000,25
1,4096,64,8,gk_vals,1,0.709250,0.691625,0.758916,25
1,4096,64,8,cpu_vals,1,1.716375,1.245083,1.774166,25
1,4096,64,8,gk_share,1,1.426792,1.398833,1.460666,25
1,4096,64,8,gk_share_vals,1,0.914083,0.901500,0.928583,25
1,4096,64,8,cpu,1,2.694875,2.319750,2.756583,25
1,64,1024,256,cpu,1,41.526375,41.374625,41.678125,2
1,64,1024,256,bidiag,1,433.897542,433.094126,434.700958,2
1,64,1024,256,bidiag_vals,1,342.969354,339.926406,346.012302,2
1,64,1024,256,cpu_vals,1,19.691083,19.504865,19.737302,8
1,64,1024,256,bidiag_batch,1,31.871125,31.492875,31.964250,5
1,64,1024,256,bidiag_batch_vals,1,16.337083,15.806260,16.488687,10
1,64,192,192,cpu,1,9.952646,9.728656,10.220521,16
1,64,192,192,bidiag,1,228.823792,227.195667,230.451917,2
1,64,192,192,bidiag_vals,1,161.427062,160.552656,162.301469,2
1,64,192,192,cpu_vals,1,5.423833,5.201458,5.542750,25
1,64,192,192,bidiag_batch,1,10.774917,10.173083,11.020958,15
1,64,192,192,bidiag_batch_vals,1,5.485292,5.319666,5.537417,25
1,1024,256,32,jacobi,1,18.025125,17.977625,18.810875,9
1,1024,256,32,block,1,13.159084,13.012917,13.278302,12
1,1024,256,32,qr,1,8.984959,8.823000,9.095958,17
1,1024,256,32,qrblock,1,9.358125,9.233667,9.554000,17
1,1024,256,32,gk,1,5.297167,5.215292,5.381958,25
1,1024,256,32,gk_vals,1,2.548458,2.503292,2.599042,25
1,1024,256,32,cpu_vals,1,3.875958,3.744416,3.953834,25
1,1024,256,32,gk_share,1,6.723750,6.044209,8.937416,21
1,1024,256,32,gk_share_vals,1,2.980500,2.850958,3.215542,25
1,1024,256,32,cpu,1,7.958291,7.881458,8.047625,19
1,1024,256,32,bidiag_batch,1,10.682854,10.615281,11.019469,14
1,1024,256,32,bidiag_batch_vals,1,4.072958,3.973625,4.119334,25
1,256,64,16,jacobi,1,0.707208,0.599292,0.902500,25
1,256,64,16,qr,1,0.978166,0.937666,1.015667,25
1,256,64,16,gk,1,0.412916,0.408666,0.468833,25
1,256,64,16,gk_vals,1,0.269708,0.260500,0.276917,25
1,256,64,16,cpu_vals,1,0.293625,0.288292,0.302750,25
1,256,64,16,gk_share,1,0.495916,0.462250,0.522292,25
1,256,64,16,gk_share_vals,1,0.402667,0.358666,0.417125,25
1,256,64,16,cpu,1,0.577958,0.560000,0.612875,25
1,64,512,256,cpu,1,30.080126,30.017417,30.142834,2
1,64,512,256,bidiag,1,430.791709,428.362646,433.220771,2
1,64,512,256,bidiag_vals,1,320.533875,318.150688,322.917062,2
1,64,512,256,cpu_vals,1,14.698541,14.600250,14.745188,11
1,64,512,256,bidiag_batch,1,22.732000,22.344417,23.040375,7
1,64,512,256,bidiag_batch_vals,1,11.345437,11.162479,11.687864,14
1,1,1280,1280,cpu,1,76.439687,75.990031,76.889344,2
1,1,1280,1280,bidiag,1,48.203000,47.754042,48.255208,5
1,1,1280,1280,bidiag_vals,1,31.274875,31.241000,31.588417,5
1,1,1280,1280,cpu_vals,1,48.767646,48.715323,48.819968,2
1,1,1280,1280,band,1,37.303000,37.144792,37.402584,5
1,1,1280,1280,band8_vals,1,27.700896,27.403271,27.950209,6
1,1,1280,1280,band_vals,1,26.937875,26.705146,27.233010,6
1,1,1280,1280,band32_vals,1,37.656896,37.258114,38.055677,2
1,4096,1024,64,jacobi,1,2539.408188,2530.089323,2548.727052,2
1,4096,1024,64,block,1,523.130063,485.761156,560.498969,2
1,4096,1024,64,qr,1,320.543625,311.645125,329.442125,2
1,4096,1024,64,qrblock,1,249.434958,240.036917,258.833000,2
1,4096,1024,64,gk,1,258.452022,251.536678,265.367365,2
1,4096,1024,64,gk_vals,1,131.844125,126.420604,137.267646,2
1,4096,1024,64,cpu_vals,1,128.346875,127.784625,128.909125,2
1,4096,1024,64,gk_share,1,153.966083,145.208875,158.057584,5
1,4096,1024,64,gk_share_vals,1,69.106542,68.463125,70.210375,5
1,4096,1024,64,cpu,1,256.421291,256.298146,256.544437,2
1,4096,1024,64,bidiag_batch,1,156.838583,156.161458,157.316958,5
1,4096,1024,64,bidiag_batch_vals,1,70.774375,70.754500,70.808500,5
1,4,1536,1536,cpu,1,189.650417,186.345625,192.873709,5
1,4,1536,1536,bidiag,1,220.549958,219.194542,222.927750,5
1,4,1536,1536,bidiag_vals,1,181.114083,179.787625,182.440542,2
1,4,1536,1536,cpu_vals,1,122.723834,122.204209,132.092834,5
1,4,1536,1536,band,1,212.013625,208.765083,214.021041,5
1,4,1536,1536,band8_vals,1,111.969209,111.400750,112.230750,5
1,4,1536,1536,band_vals,1,105.919000,105.808083,106.165792,5
1,4,1536,1536,band32_vals,1,156.112334,154.750938,157.473729,2
1,256,64,32,jacobi,1,1.998500,1.936375,2.015625,25
1,256,64,32,block,1,2.896208,2.862375,2.994958,25
1,256,64,32,qr,1,2.330041,2.293959,2.383833,25
1,256,64,32,qrblock,1,3.258375,3.200166,3.349125,25
1,256,64,32,gk,1,1.369125,1.342375,1.380542,25
1,256,64,32,gk_vals,1,0.894209,0.876834,0.919916,25
1,256,64,32,cpu_vals,1,0.598000,0.592458,0.612834,25
1,256,64,32,gk_share,1,0.887875,0.884041,0.894208,25
1,256,64,32,gk_share_vals,1,0.654959,0.630125,0.665209,25
1,256,64,32,cpu,1,1.420875,1.388416,1.458542,25
1,256,64,32,bidiag_batch,1,2.732208,2.681625,2.783667,25
1,256,64,32,bidiag_batch_vals,1,1.143208,1.103875,1.212292,25
1,16,2048,64,jacobi,1,19.444292,19.389656,19.468386,8
1,16,2048,64,block,1,10.306042,10.233646,10.362792,15
1,16,2048,64,qr,1,2.545125,2.440416,2.622584,25
1,16,2048,64,qrblock,1,4.258083,4.203833,4.348041,25
1,16,2048,64,gk,1,3.647917,3.595333,3.680459,25
1,16,2048,64,gk_vals,1,2.705416,2.664709,2.759875,25
1,16,2048,64,cpu_vals,1,1.822208,1.505250,1.846500,25
1,16,2048,64,cpu,1,3.086000,2.991041,3.162208,25
1,16,2048,64,bidiag_batch,1,2.969166,2.935208,3.064375,25
1,16,2048,64,bidiag_batch_vals,1,1.828167,1.749334,1.870083,25
1,16,512,512,cpu,1,27.693000,27.595740,27.935479,6
1,16,512,512,bidiag,1,160.952188,159.550969,162.353406,2
1,16,512,512,bidiag_vals,1,122.638792,121.070938,124.206646,2
1,16,512,512,cpu_vals,1,15.762687,15.399396,16.208563,10
1,16,512,512,band,1,27.247291,26.979115,27.492188,6
1,16,512,512,band8_vals,1,89.856063,89.574031,90.138094,2
1,16,512,512,band_vals,1,96.225562,96.187760,96.263364,2
1,16,512,512,band32_vals,1,153.625667,153.625542,153.625792,2
1,16,512,512,bidiag_batch,1,27.513625,26.871906,27.850781,6
1,16,512,512,bidiag_batch_vals,1,12.291666,12.149250,12.528458,13
1,64,256,256,jacobi,1,297.758354,295.062365,300.454344,2
1,64,256,256,block,1,85.253541,84.412208,86.094875,2
1,64,256,256,cpu,1,19.836146,19.705260,19.967031,2
1,64,256,256,bidiag,1,306.817208,305.485166,308.149249,2
1,64,256,256,bidiag_vals,1,216.971833,215.693062,218.250604,2
1,64,256,256,cpu_vals,1,10.878229,10.645604,11.043855,14
1,64,256,256,bidiag_batch,1,15.958042,15.526416,16.044531,10
1,64,256,256,bidiag_batch_vals,1,8.364959,8.158687,8.449604,19
1,4,768,768,cpu,1,29.174896,28.851604,29.688969,6
1,4,768,768,bidiag,1,68.166646,68.082010,68.251282,2
1,4,768,768,bidiag_vals,1,53.220687,53.065385,53.375989,2
1,4,768,768,cpu_vals,1,19.364708,18.410458,19.586271,8
1,4,768,768,band,1,26.663438,26.612740,26.885448,6
1,4,768,768,band8_vals,1,42.725750,42.698687,42.752812,2
1,4,768,768,band_vals,1,44.463250,43.983125,44.943375,2
1,4,768,768,band32_vals,1,67.767791,67.150521,68.385062,2
1,2,2048,2048,cpu,1,451.240813,449.974656,452.506969,2
1,2,2048,2048,bidiag,1,218.005167,214.498604,221.511730,2
1,2,2048,2048,bidiag_vals,1,180.785000,179.838959,181.731042,2
1,2,2048,2048,cpu_vals,1,304.778583,302.334833,307.222334,2
1,2,2048,2048,band,1,163.356334,160.726041,164.526625,5
1,2,2048,2048,band8_vals,1,104.525291,103.724166,106.571542,5
1,2,2048,2048,band_vals,1,94.584417,93.475375,94.726916,5
1,2,2048,2048,band32_vals,1,129.023896,128.799198,129.248594,2
1,4,1792,1792,cpu,1,427.781104,370.913261,484.648948,2
1,4,1792,1792,bidiag,1,307.307417,304.131479,310.820000,3
1,4,1792,1792,bidiag_vals,1,249.407562,248.966177,249.848948,2
1,4,1792,1792,cpu_vals,1,227.478813,226.460156,228.497469,2
1,4,1792,1792,band,1,273.201292,267.416041,275.075292,5
1,4,1792,1792,band8_vals,1,149.946084,148.572875,150.278375,5
1,4,1792,1792,band_vals,1,135.312667,134.949584,137.737542,5
1,4,1792,1792,band32_vals,1,195.189834,193.059271,197.320396,2
1,16,1024,1024,cpu,1,307.382271,303.261114,311.503427,2
1,16,1024,1024,bidiag,1,421.294791,420.305250,422.284333,2
1,16,1024,1024,bidiag_vals,1,312.828251,312.695021,312.961480,2
1,16,1024,1024,cpu_vals,1,227.009479,226.436532,227.582427,2
1,16,1024,1024,band,1,117.319375,115.839916,120.439708,5
1,16,1024,1024,band8_vals,1,223.313541,222.928729,223.698354,2
1,16,1024,1024,band_vals,1,230.914188,230.437177,231.391198,2
1,16,1024,1024,band32_vals,1,358.592938,358.135010,359.050865,2
1,16,1024,1024,bidiag_batch,1,111.776458,111.490000,112.462125,5
1,16,1024,1024,bidiag_batch_vals,1,54.560125,53.790875,55.524000,5
1,256,128,16,jacobi,1,0.783000,0.738542,0.788125,25
1,256,128,16,qr,1,1.092625,1.043083,1.136708,25
1,256,128,16,gk,1,0.597500,0.593666,0.601958,25
1,256,128,16,gk_vals,1,0.392542,0.362541,0.413167,25
1,256,128,16,cpu_vals,1,0.345875,0.341791,0.350042,25
1,256,128,16,gk_share,1,0.557958,0.552792,0.561042,25
1,256,128,16,gk_share_vals,1,0.423834,0.395083,0.431833,25
1,256,128,16,cpu,1,0.652833,0.636250,0.668250,25
1,16,1024,256,cpu,1,12.061000,11.957666,12.214916,13
1,16,1024,256,bidiag,1,110.930021,109.683094,112.176948,2
1,16,1024,256,bidiag_vals,1,85.030520,85.015177,85.045864,2
1,16,1024,256,cpu_vals,1,6.187375,6.050334,6.334417,25
1,16,1024,256,bidiag_batch,1,12.603521,12.481166,12.955896,12
1,16,1024,256,bidiag_batch_vals,1,6.441771,6.384105,6.497531,24
1,1024,192,192,cpu,1,134.630416,133.912771,135.348062,2
1,1024,192,192,bidiag_batch,1,92.005458,91.805459,93.977125,5
1,1024,192,192,bidiag_batch_vals,1,52.943958,52.598417,53.003917,5
1,1024,192,192,cpu_vals,1,68.328000,66.019458,70.071834,5
1,256,56,56,jacobi,1,6.958250,6.935447,6.990072,22
1,256,56,56,block,1,8.094792,8.075563,8.288979,19
1,256,56,56,gk,1,3.042958,3.034167,3.052500,25
1,256,56,56,gk_vals,1,1.468791,1.441000,1.477667,25
1,256,56,56,cpu_vals,1,1.014042,0.976583,1.092083,25
1,256,56,56,gk_share,1,2.764542,2.750042,2.784667,25
1,256,56,56,gk_share_vals,1,1.568041,1.544500,1.597584,25
1,256,56,56,cpu,1,2.657000,2.622458,2.749208,25
1,256,56,56,bidiag_batch,1,4.420167,3.931083,4.586500,25
1,256,56,56,bidiag_batch_vals,1,1.784500,1.682042,1.879917,25
1,256,512,32,jacobi,1,10.442042,10.208521,10.671063,15
1,256,512,32,block,1,7.481584,7.174479,7.909813,20
1,256,512,32,qr,1,3.723917,3.624417,3.781208,25
1,256,512,32,qrblock,1,4.637667,4.591375,4.710208,25
1,256,512,32,gk,1,2.752209,2.688792,2.840166,25
1,256,512,32,gk_vals,1,1.438417,1.404208,1.487625,25
1,256,512,32,cpu_vals,1,1.917542,1.719125,1.996500,25
1,256,512,32,gk_share,1,2.500500,2.429875,2.604708,25
1,256,512,32,gk_share_vals,1,1.166125,1.151292,1.268291,25
1,256,512,32,cpu,1,3.632042,3.531250,3.729791,25
1,256,512,32,bidiag_batch,1,3.874792,3.753917,4.011958,25
1,256,512,32,bidiag_batch_vals,1,1.815333,1.765333,1.839917,25
1,256,32,8,jacobi,1,0.263375,0.249542,0.274625,25
1,256,32,8,qr,1,0.661958,0.634667,0.693000,25
1,256,32,8,gk,1,0.181542,0.176917,0.197417,25
1,256,32,8,gk_vals,1,0.152917,0.147833,0.175459,25
1,256,32,8,cpu_vals,1,0.176292,0.169333,0.185417,25
1,256,32,8,gk_share,1,0.327541,0.309750,0.348250,25
1,256,32,8,gk_share_vals,1,0.302875,0.295125,0.313375,25
1,256,32,8,cpu,1,0.232292,0.226042,0.262375,25
1,64,32,16,jacobi,1,0.287500,0.281792,0.304875,25
1,64,32,16,qr,1,0.560167,0.538916,0.596500,25
1,64,32,16,gk,1,0.254667,0.250500,0.261125,25
1,64,32,16,gk_vals,1,0.177500,0.170958,0.188916,25
1,64,32,16,cpu_vals,1,0.132625,0.129250,0.140875,25
1,64,32,16,gk_share,1,0.374625,0.366667,0.384500,25
1,64,32,16,gk_share_vals,1,0.290750,0.288291,0.293625,25
1,64,32,16,cpu,1,0.204292,0.198000,0.227083,25
1,1,1536,1536,cpu,1,130.130125,130.036000,130.224250,2
1,1,1536,1536,bidiag,1,66.672355,66.404761,66.939948,2
1,1,1536,1536,bidiag_vals,1,46.022750,45.624625,46.420875,2
1,1,1536,1536,cpu_vals,1,84.948125,84.820188,85.076062,2
1,1,1536,1536,band,1,50.493084,49.703958,50.508916,5
1,1,1536,1536,band8_vals,1,37.298125,37.054708,37.876583,5
1,1,1536,1536,band_vals,1,33.993250,33.459958,34.218250,5
1,1,1536,1536,band32_vals,1,46.665188,46.573073,46.757302,2
1,1024,512,32,jacobi,1,42.509500,42.112187,42.906813,2
1,1024,512,32,block,1,21.627271,21.464198,21.790344,2
1,1024,512,32,qr,1,11.940250,11.838875,12.014333,13
1,1024,512,32,qrblock,1,12.458709,12.366292,12.624427,12
1,1024,512,32,gk,1,8.272208,8.197605,8.393000,19
1,1024,512,32,gk_vals,1,4.031834,3.917500,4.146917,25
1,1024,512,32,cpu_vals,1,6.106500,6.044167,6.195250,25
1,1024,512,32,gk_share,1,8.332334,7.750333,8.994625,19
1,1024,512,32,gk_share_vals,1,5.158167,4.789542,5.349541,25
1,1024,512,32,cpu,1,12.479125,12.410833,12.707417,13
1,1024,512,32,bidiag_batch,1,12.804917,12.224396,13.155074,12
1,1024,512,32,bidiag_batch_vals,1,5.033500,4.921750,5.193208,25
1,64,384,384,cpu,1,44.529875,44.289208,44.864209,5
1,64,384,384,bidiag,1,469.593562,465.024302,474.162823,2
1,64,384,384,bidiag_vals,1,340.330917,339.827021,340.834812,2
1,64,384,384,cpu_vals,1,23.709917,23.558166,24.037833,7
1,64,384,384,bidiag_batch,1,40.122708,40.029459,40.284208,5
1,64,384,384,bidiag_batch_vals,1,18.877938,18.307469,19.387302,8
1,256,16,16,jacobi,1,1.000291,0.996084,1.145917,25
1,256,16,16,gk,1,0.380458,0.374250,0.396834,25
1,256,16,16,gk_vals,1,0.255291,0.247750,0.267041,25
1,256,16,16,cpu_vals,1,0.223083,0.220750,0.224542,25
1,256,16,16,gk_share,1,0.473042,0.464250,0.478208,25
1,256,16,16,gk_share_vals,1,0.367250,0.359791,0.378875,25
1,256,16,16,cpu,1,0.363334,0.359250,0.368167,25
1,1024,40,40,jacobi,1,11.912625,11.582792,12.161875,13
1,1024,40,40,block,1,24.177480,24.156157,24.198802,2
1,1024,40,40,gk,1,4.346833,4.299333,4.493042,25
1,1024,40,40,gk_vals,1,2.106291,2.096750,2.165500,25
1,1024,40,40,cpu_vals,1,2.395791,2.003041,2.446291,25
1,1024,40,40,gk_share,1,3.852958,3.405667,3.997208,25
1,1024,40,40,gk_share_vals,1,1.649375,1.638750,1.707291,25
1,1024,40,40,cpu,1,6.548479,6.294916,6.700510,24
1,1024,40,40,bidiag_batch,1,9.759083,9.207000,9.935917,16
1,1024,40,40,bidiag_batch_vals,1,3.391041,3.341000,3.506958,25
1,64,512,64,jacobi,1,9.961958,9.662271,10.322938,15
1,64,512,64,block,1,6.577500,6.450520,6.696396,23
1,64,512,64,qr,1,3.806875,3.759541,3.926667,25
1,64,512,64,qrblock,1,4.681959,4.603375,4.752708,25
1,64,512,64,gk,1,3.500666,3.455166,3.547458,25
1,64,512,64,gk_vals,1,2.444333,2.383250,2.486333,25
1,64,512,64,cpu_vals,1,1.793833,1.568584,1.927208,25
1,64,512,64,gk_share,1,3.474167,3.386583,3.561292,25
1,64,512,64,gk_share_vals,1,2.617791,2.531958,2.658000,25
1,64,512,64,cpu,1,3.309625,3.128125,3.423333,25
1,64,512,64,bidiag_batch,1,3.298250,3.255250,3.400875,25
1,64,512,64,bidiag_batch_vals,1,1.780041,1.720791,1.799083,25
1,1024,64,32,jacobi,1,7.006687,6.904365,7.117208,22
1,1024,64,32,block,1,6.777250,6.651395,6.870375,23
1,1024,64,32,qr,1,6.983417,6.911657,7.137813,22
1,1024,64,32,qrblock,1,7.249000,7.146834,7.339625,21
1,1024,64,32,gk,1,3.756416,3.690666,3.817167,25
1,1024,64,32,gk_vals,1,2.255875,2.230209,2.324166,25
1,1024,64,32,cpu_vals,1,2.396375,2.003458,2.450166,25
1,1024,64,32,gk_share,1,3.054667,3.022625,3.165750,25
1,1024,64,32,gk_share_vals,1,1.594334,1.560209,1.659792,25
1,1024,64,32,cpu,1,5.858292,5.697291,6.126542,25
1,1024,64,32,bidiag_batch,1,8.422083,8.331531,9.146323,18
1,1024,64,32,bidiag_batch_vals,1,3.017708,2.982792,3.132292,25
1,2,1536,1536,cpu,1,162.636771,156.987364,168.286177,2
1,2,1536,1536,bidiag,1,112.907792,112.378625,113.010500,5
1,2,1536,1536,bidiag_vals,1,89.941125,89.741917,90.140333,2
1,2,1536,1536,cpu_vals,1,103.367833,102.789292,103.946375,2
1,2,1536,1536,band,1,104.990917,102.584500,106.297500,5
1,2,1536,1536,band8_vals,1,61.283916,60.616084,61.692791,5
1,2,1536,1536,band_vals,1,58.587250,58.100917,59.859750,5
1,2,1536,1536,band32_vals,1,81.925000,81.235646,82.614354,2
1,64,128,8,jacobi,1,0.194458,0.177167,0.202750,25
1,64,128,8,qr,1,0.574667,0.562000,0.586916,25
1,64,128,8,gk,1,0.198625,0.193167,0.214875,25
1,64,128,8,gk_vals,1,0.168292,0.164750,0.181791,25
1,64,128,8,cpu_vals,1,0.150958,0.122250,0.274042,25
1,64,128,8,gk_share,1,0.315417,0.312500,0.318583,25
1,64,128,8,gk_share_vals,1,0.279792,0.269125,0.284500,25
1,64,128,8,cpu,1,0.158875,0.157666,0.162750,25
1,2,1280,1280,cpu,1,82.885459,81.601333,83.882041,5
1,2,1280,1280,bidiag,1,77.442000,76.762250,77.703709,5
1,2,1280,1280,bidiag_vals,1,62.011042,61.976312,62.045771,2
1,2,1280,1280,cpu_vals,1,55.911750,55.699042,58.322958,5
1,2,1280,1280,band,1,75.815916,75.079833,76.888750,5
1,2,1280,1280,band8_vals,1,46.994500,46.741750,47.014459,5
1,2,1280,1280,band_vals,1,45.441625,45.165167,45.771542,5
1,2,1280,1280,band32_vals,1,66.860521,66.743677,66.977364,2
1,256,512,64,jacobi,1,33.916334,33.743833,34.088834,2
1,256,512,64,block,1,18.428042,18.323416,18.494791,9
1,256,512,64,qr,1,13.568083,13.388875,14.571417,11
1,256,512,64,qrblock,1,11.258125,11.120198,11.460469,14
1,256,512,64,gk,1,9.439770,9.343916,9.532771,16
1,256,512,64,gk_vals,1,4.969209,4.947542,5.019042,25
1,256,512,64,cpu_vals,1,5.502666,5.411541,5.546208,25
1,256,512,64,gk_share,1,6.787771,6.609635,6.954750,22
1,256,512,64,gk_share_vals,1,4.142292,4.090708,4.273625,25
1,256,512,64,cpu,1,11.224875,11.051500,11.300844,14
1,256,512,64,bidiag_batch,1,8.725500,8.469468,9.032792,18
1,256,512,64,bidiag_batch_vals,1,3.843208,3.766625,3.886834,25
1,4,2048,2048,cpu,1,709.777958,693.537562,726.018354,2
1,4,2048,2048,bidiag,1,416.562708,414.958146,423.673958,3
1,4,2048,2048,bidiag_vals,1,346.483375,344.971917,347.994833,2
1,4,2048,2048,cpu_vals,1,486.531667,484.377355,488.685979,2
1,4,2048,2048,band,1,331.725583,328.468542,335.396875,3
1,4,2048,2048,band8_vals,1,186.917542,186.275834,187.352458,5
1,4,2048,2048,band_vals,1,163.361625,162.601000,166.636542,5
1,4,2048,2048,band32_vals,1,234.237501,234.063855,234.411146,2
1,16,2048,256,cpu,1,19.684750,19.467083,19.759563,8
1,16,2048,256,bidiag,1,120.847062,119.671989,122.022135,2
1,16,2048,256,bidiag_vals,1,91.036292,91.013833,91.058750,2
1,16,2048,256,cpu_vals,1,10.047125,9.923334,10.192271,15
1,16,2048,256,bidiag_batch,1,18.027000,17.539959,18.116000,9
1,16,2048,256,bidiag_batch_vals,1,9.369374,9.247219,9.778094,16
1,1024,256,8,jacobi,1,1.029250,1.005500,1.089333,25
1,1024,256,8,qr,1,2.136542,2.112916,2.150250,25
1,1024,256,8,gk,1,1.076708,1.044459,1.099583,25
1,1024,256,8,gk_vals,1,0.517417,0.489000,0.537667,25
1,1024,256,8,cpu_vals,1,0.665833,0.620500,0.733791,25
1,1024,256,8,gk_share,1,0.913708,0.902833,0.926458,25
1,1024,256,8,gk_share_vals,1,0.682750,0.609833,0.753875,25
1,1024,256,8,cpu,1,1.510166,1.496333,1.583541,25
1,64,4,4,jacobi,1,0.153917,0.149792,0.177042,25
1,64,4,4,gk,1,0.170917,0.155417,0.199333,25
1,64,4,4,gk_vals,1,0.156334,0.145709,0.198417,25
1,64,4,4,cpu_vals,1,0.098250,0.094208,0.100625,25
1,64,4,4,gk_share,1,0.270750,0.263750,0.274667,25
1,64,4,4,gk_share_vals,1,0.144791,0.115834,0.247542,25
1,64,4,4,cpu,1,0.136334,0.098500,0.138584,25
1,256,96,96,jacobi,1,44.973625,44.877083,45.070166,2
1,256,96,96,block,1,22.016979,21.930448,22.103511,2
1,256,96,96,cpu,1,10.832708,10.690927,10.938594,14
1,256,96,96,bidiag_batch,1,10.410916,10.113958,10.596708,15
1,256,96,96,bidiag_batch_vals,1,4.380166,4.066625,4.779709,25
1,256,96,96,cpu_vals,1,6.377396,6.243270,6.631740,24
1,64,8,8,jacobi,1,0.177000,0.166792,0.215334,25
1,64,8,8,gk,1,0.189166,0.176500,0.215416,25
1,64,8,8,gk_vals,1,0.167917,0.155625,0.194125,25
1,64,8,8,cpu_vals,1,0.144791,0.083792,0.177958,25
1,64,8,8,gk_share,1,0.276750,0.270375,0.282375,25
1,64,8,8,gk_share_vals,1,0.255041,0.247500,0.259125,25
1,64,8,8,cpu,1,0.111667,0.097584,0.259833,25
1,1,4096,4096,cpu,1,2947.021666,2941.005937,2953.037396,2
1,1,4096,4096,bidiag,1,893.478062,884.468531,902.487594,2
1,1,4096,4096,bidiag_vals,1,756.902292,752.330521,761.474062,2
1,1,4096,4096,cpu_vals,1,2012.444709,2009.618604,2015.270813,2
1,1,4096,4096,band,1,357.635792,354.889876,374.310250,3
1,1,4096,4096,band8_vals,1,303.359563,301.313031,305.406094,2
1,1,4096,4096,band_vals,1,204.483167,201.914958,204.486333,5
1,1,4096,4096,band32_vals,1,213.895417,213.779292,214.703917,5
1,1024,64,8,jacobi,1,0.480208,0.475792,0.486000,25
1,1024,64,8,qr,1,0.984083,0.975583,1.006959,25
1,1024,64,8,gk,1,0.482583,0.475500,0.553458,25
1,1024,64,8,gk_vals,1,0.279459,0.270958,0.289292,25
1,1024,64,8,cpu_vals,1,0.430542,0.425666,0.446500,25
1,1024,64,8,gk_share,1,0.604208,0.594750,0.626542,25
1,1024,64,8,gk_share_vals,1,0.538209,0.521084,0.568167,25
1,1024,64,8,cpu,1,0.662167,0.626916,0.688083,25
1,4096,192,192,cpu,0,0.000000,0.000000,0.000000,0
1,4096,192,192,bidiag_batch,1,337.354000,336.575938,346.244354,3
1,4096,192,192,bidiag_batch_vals,1,208.395708,202.924834,208.888209,5
1,4096,192,192,cpu_vals,1,257.477167,256.592792,260.932583,5
1,1024,32,32,jacobi,1,6.247020,6.184750,6.315697,24
1,1024,32,32,block,1,6.592083,6.469813,6.735313,23
1,1024,32,32,gk,1,1.645084,1.618000,1.667417,25
1,1024,32,32,gk_vals,1,0.729292,0.676500,0.751334,25
1,1024,32,32,cpu_vals,1,1.387125,1.329708,1.823250,25
1,1024,32,32,gk_share,1,1.773833,1.759584,1.801333,25
1,1024,32,32,gk_share_vals,1,0.850709,0.844333,0.859000,25
1,1024,32,32,cpu,1,3.812958,3.693125,4.005000,25
1,1024,32,32,bidiag_batch,1,7.600458,7.550771,7.841844,20
1,1024,32,32,bidiag_batch_vals,1,2.514250,2.457292,2.585708,25
1,256,1024,32,jacobi,1,34.311896,34.111635,34.512157,2
1,256,1024,32,block,1,11.993667,11.941917,12.184000,13
1,256,1024,32,qr,1,5.205875,5.125334,5.330458,25
1,256,1024,32,qrblock,1,6.067041,6.005500,6.197000,25
1,256,1024,32,gk,1,4.278750,4.223125,4.344917,25
1,256,1024,32,gk_vals,1,2.340791,2.302417,2.425833,25
1,256,1024,32,cpu_vals,1,3.112583,3.058209,3.157583,25
1,256,1024,32,gk_share,1,3.572542,3.516041,3.704333,25
1,256,1024,32,gk_share_vals,1,1.881292,1.793958,2.023958,25
1,256,1024,32,cpu,1,5.835417,5.721875,5.900042,25
1,256,1024,32,bidiag_batch,1,5.286584,5.133875,5.398042,25
1,256,1024,32,bidiag_batch_vals,1,2.323625,2.304125,2.369417,25
1,4096,128,16,jacobi,1,6.922646,6.842261,7.217365,22
1,4096,128,16,qr,1,7.188792,7.050708,7.330375,21
1,4096,128,16,gk,1,5.430083,5.400833,5.623958,25
1,4096,128,16,gk_vals,1,2.564875,2.549500,2.584625,25
1,4096,128,16,cpu_vals,1,3.561500,3.444334,3.586875,25
1,4096,128,16,gk_share,1,4.717667,4.495208,4.974208,25
1,4096,128,16,gk_share_vals,1,2.387958,1.975292,2.488667,25
1,4096,128,16,cpu,1,8.450292,8.395677,8.534125,18
1,4096,80,80,jacobi,1,417.554167,416.807750,418.300583,2
1,4096,80,80,block,1,320.739167,316.456354,325.021979,2
1,4096,80,80,gk,1,147.576416,143.677708,151.475125,2
1,4096,80,80,gk_vals,1,60.206375,60.096833,60.315917,2
1,4096,80,80,cpu_vals,1,57.575584,55.064479,60.086688,2
1,4096,80,80,gk_share,1,63.400250,63.084458,63.479875,5
1,4096,80,80,gk_share_vals,1,33.531458,32.945000,35.558000,5
1,4096,80,80,cpu,1,98.137417,97.540959,98.733875,2
1,4096,80,80,bidiag_batch,1,64.862459,64.445583,65.252875,5
1,4096,80,80,bidiag_batch_vals,1,31.607667,31.385833,31.648333,5
1,256,4,4,jacobi,1,0.150208,0.146208,0.157625,25
1,256,4,4,gk,1,0.154708,0.148125,0.161667,25
1,256,4,4,gk_vals,1,0.143709,0.139459,0.149125,25
1,256,4,4,cpu_vals,1,0.212375,0.105166,0.351375,25
1,256,4,4,gk_share,1,0.306750,0.300625,0.313875,25
1,256,4,4,gk_share_vals,1,0.271542,0.257209,0.274167,25
1,256,4,4,cpu,1,0.120791,0.116375,0.130500,25
1,256,384,384,cpu,1,170.400959,170.391000,171.853625,5
1,256,384,384,bidiag_batch,1,138.523542,137.512459,138.951167,5
1,256,384,384,bidiag_batch_vals,1,54.886875,54.874709,55.330584,5
1,256,384,384,cpu_vals,1,89.360771,88.907302,89.814239,2
1,64,64,16,jacobi,1,0.308917,0.291834,0.319709,25
1,64,64,16,qr,1,0.657916,0.642416,0.706500,25
1,64,64,16,gk,1,0.318167,0.312291,0.334375,25
1,64,64,16,gk_vals,1,0.260250,0.255500,0.266667,25
1,64,64,16,cpu_vals,1,0.151041,0.146250,0.155292,25
1,64,64,16,gk_share,1,0.427334,0.424042,0.431750,25
1,64,64,16,gk_share_vals,1,0.351125,0.344292,0.357375,25
1,64,64,16,cpu,1,0.227167,0.223542,0.232500,25
1,256,40,40,jacobi,1,3.583708,3.557459,3.631958,25
1,256,40,40,block,1,7.487791,7.351666,7.571958,21
1,256,40,40,gk,1,1.589625,1.583167,1.597083,25
1,256,40,40,gk_vals,1,0.892334,0.864750,0.938209,25
1,256,40,40,cpu_vals,1,0.580708,0.576084,0.636084,25
1,256,40,40,gk_share,1,1.013333,1.010625,1.017583,25
1,256,40,40,gk_share_vals,1,0.744333,0.731250,0.762000,25
1,256,40,40,cpu,1,1.577041,1.569291,1.612833,25
1,256,40,40,bidiag_batch,1,2.764167,2.679417,2.811875,25
1,256,40,40,bidiag_batch_vals,1,1.165041,1.144083,1.209000,25
1,64,96,96,jacobi,1,7.544522,7.525021,7.551251,20
1,64,96,96,block,1,7.970042,7.908271,8.101625,19
1,64,96,96,cpu,1,2.856375,2.839625,2.879750,25
1,64,96,96,bidiag_batch,1,3.451334,3.397458,3.954000,25
1,64,96,96,bidiag_batch_vals,1,1.687459,1.641417,1.815500,25
1,64,96,96,cpu_vals,1,1.687958,1.675459,1.700833,25
1,2,1792,1792,cpu,1,234.706646,224.958260,244.455031,2
1,2,1792,1792,bidiag,1,153.054875,152.799750,153.178041,5
1,2,1792,1792,bidiag_vals,1,127.283604,126.800323,127.766885,2
1,2,1792,1792,cpu_vals,1,165.385562,164.906760,165.864365,2
1,2,1792,1792,band,1,130.588708,128.545583,130.922292,5
1,2,1792,1792,band8_vals,1,84.380084,84.206334,85.148250,5
1,2,1792,1792,band_vals,1,75.269667,74.892833,75.396709,5
1,2,1792,1792,band32_vals,1,106.558042,106.397354,106.718729,2
1,16,1024,128,jacobi,1,38.307563,38.138114,38.477011,2
1,16,1024,128,block,1,13.182833,13.109855,13.380489,12
1,16,1024,128,qr,1,6.048083,6.021625,6.172667,25
1,16,1024,128,qrblock,1,7.946625,7.893854,8.103687,19
1,16,1024,128,cpu,1,5.119292,4.964917,5.232375,25
1,16,1024,128,bidiag,1,56.794979,56.674511,56.915447,2
1,16,1024,128,bidiag_vals,1,43.882666,43.792562,43.972771,2
1,16,1024,128,cpu_vals,1,2.621042,2.511333,2.976833,25
1,16,1024,128,bidiag_batch,1,4.622042,4.376250,4.819834,25
1,16,1024,128,bidiag_batch_vals,1,2.861250,2.845375,2.922125,25
1,1024,4,4,jacobi,1,0.258875,0.230583,0.265166,25
1,1024,4,4,gk,1,0.173959,0.171375,0.178250,25
1,1024,4,4,gk_vals,1,0.167916,0.153500,0.189875,25
1,1024,4,4,cpu_vals,1,0.182334,0.178833,0.186083,25
1,1024,4,4,gk_share,1,0.346083,0.336208,0.374667,25
1,1024,4,4,gk_share_vals,1,0.311250,0.303208,0.327750,25
1,1024,4,4,cpu,1,0.225542,0.218125,0.236625,25
1,4096,1024,32,jacobi,1,557.506458,553.167437,561.845479,2
1,4096,1024,32,block,1,163.668750,160.188063,167.149438,2
1,4096,1024,32,qr,1,74.284250,73.695375,74.873125,2
1,4096,1024,32,qrblock,1,70.909334,70.641542,71.177125,2
1,4096,1024,32,gk,1,58.328750,57.810125,58.875167,5
1,4096,1024,32,gk_vals,1,30.408605,30.342448,30.474761,2
1,4096,1024,32,cpu_vals,1,41.617000,40.807354,42.426646,2
1,4096,1024,32,gk_share,1,51.453875,51.408125,54.166500,5
1,4096,1024,32,gk_share_vals,1,22.404750,21.193438,23.480313,7
1,4096,1024,32,cpu,1,81.290959,80.457813,82.124104,2
1,4096,1024,32,bidiag_batch,1,62.318875,59.570250,63.007041,5
1,4096,1024,32,bidiag_batch_vals,1,25.351042,24.887656,26.289959,6
1,256,80,80,jacobi,1,25.198625,24.977875,25.419375,2
1,256,80,80,block,1,19.598541,19.323187,19.873896,2
1,256,80,80,gk,1,10.037479,9.924708,10.060021,16
1,256,80,80,gk_vals,1,4.707666,4.665417,4.729209,25
1,256,80,80,cpu_vals,1,4.025542,3.875834,4.204750,25
1,256,80,80,gk_share,1,6.419834,6.392771,6.436542,24
1,256,80,80,gk_share_vals,1,3.489541,3.444667,3.603875,25
1,256,80,80,cpu,1,7.130583,7.016844,7.253708,22
1,256,80,80,bidiag_batch,1,8.006042,7.777958,8.141583,19
1,256,80,80,bidiag_batch_vals,1,3.140000,3.054292,3.186667,25
1,16,512,128,jacobi,1,13.875958,13.809646,13.982187,11
1,16,512,128,block,1,8.670521,8.560958,8.746906,18
1,16,512,128,qr,1,5.425542,5.387833,5.474667,25
1,16,512,128,qrblock,1,7.227417,6.990334,7.352542,21
1,16,512,128,cpu,1,3.584625,3.163333,3.617750,25
1,16,512,128,bidiag,1,48.306729,48.131115,48.482343,2
1,16,512,128,bidiag_vals,1,35.306938,35.288677,35.325198,2
1,16,512,128,cpu_vals,1,2.066042,1.923958,2.096542,25
1,16,512,128,bidiag_batch,1,3.607167,3.550083,3.672292,25
1,16,512,128,bidiag_batch_vals,1,2.369792,2.312375,2.394208,25
1,64,128,16,jacobi,1,0.297042,0.291875,0.316167,25
1,64,128,16,qr,1,0.686792,0.678125,0.706667,25
1,64,128,16,gk,1,0.334083,0.329083,0.348667,25
1,64,128,16,gk_vals,1,0.250000,0.248542,0.262709,25
1,64,128,16,cpu_vals,1,0.169333,0.165208,0.174750,25
1,64,128,16,gk_share,1,0.448834,0.447000,0.452125,25
1,64,128,16,gk_share_vals,1,0.364083,0.362084,0.368209,25
1,64,128,16,cpu,1,0.249042,0.247500,0.251333,25
1,4096,128,64,jacobi,1,232.338146,222.495740,242.180553,2
1,4096,128,64,block,1,127.834729,126.381032,129.288427,2
1,4096,128,64,qr,1,202.969875,200.614125,205.325625,2
1,4096,128,64,qrblock,1,121.012563,118.534010,123.491115,2
1,4096,128,64,gk,1,83.094145,82.870302,83.317989,2
1,4096,128,64,gk_vals,1,38.921646,38.685531,39.157761,2
1,4096,128,64,cpu_vals,1,30.568729,30.085802,31.051657,2
1,4096,128,64,gk_share,1,47.395625,47.183459,48.676792,5
1,4096,128,64,gk_share_vals,1,19.688104,19.607938,20.177011,8
1,4096,128,64,cpu,1,75.882666,75.689729,76.075604,2
1,4096,128,64,bidiag_batch,1,57.543250,56.750625,57.991459,5
1,4096,128,64,bidiag_batch_vals,1,26.174937,26.069781,26.280094,2
1,1,1792,1792,cpu,1,164.942104,164.414907,165.469302,2
1,1,1792,1792,bidiag,1,87.481667,86.860875,88.102458,2
1,1,1792,1792,bidiag_vals,1,64.982479,64.965197,64.999760,2
1,1,1792,1792,cpu_vals,1,107.198729,107.155969,107.241490,2
1,1,1792,1792,band,1,67.965750,66.348625,69.253959,5
1,1,1792,1792,band8_vals,1,50.554375,50.247958,51.180750,5
1,1,1792,1792,band_vals,1,43.855125,43.769375,44.505750,5
1,1,1792,1792,band32_vals,1,64.048542,63.348751,64.748334,2
1,1,768,768,cpu,1,26.080084,25.951792,26.208375,2
1,1,768,768,bidiag,1,21.817292,21.692667,22.098208,7
1,1,768,768,bidiag_vals,1,15.849542,15.474833,16.197927,10
1,1,768,768,cpu_vals,1,16.191916,16.177865,16.212365,10
1,1,768,768,band,1,19.216958,18.998584,19.526073,8
1,1,768,768,band8_vals,1,15.284709,15.195261,15.472156,10
1,1,768,768,band_vals,1,15.484271,15.162677,15.676927,10
1,1,768,768,band32_vals,1,21.956458,21.852999,22.059916,2
1,256,64,64,jacobi,1,12.770292,10.888958,13.234291,13
1,256,64,64,block,1,8.962917,8.891542,9.015458,17
1,256,64,64,gk,1,4.725625,4.691500,4.771583,25
1,256,64,64,gk_vals,1,2.329208,2.312375,2.367792,25
1,256,64,64,cpu_vals,1,1.286667,1.221083,1.788542,25
1,256,64,64,gk_share,1,3.100958,3.094084,3.117334,25
1,256,64,64,gk_share_vals,1,1.935917,1.924083,1.986208,25
1,256,64,64,cpu,1,3.785083,3.483666,3.981208,25
1,256,64,64,bidiag_batch,1,5.686875,5.282792,5.903083,25
1,256,64,64,bidiag_batch_vals,1,2.075542,2.011708,2.195875,25
1,64,64,8,jacobi,1,0.192208,0.183500,0.219875,25
1,64,64,8,qr,1,0.459666,0.451083,0.518917,25
1,64,64,8,gk,1,0.196583,0.191666,0.204167,25
1,64,64,8,gk_vals,1,0.172041,0.169209,0.176333,25
1,64,64,8,cpu_vals,1,0.093959,0.090666,0.113875,25
1,64,64,8,gk_share,1,0.300375,0.296083,0.308458,25
1,64,64,8,gk_share_vals,1,0.273875,0.270459,0.277542,25
1,64,64,8,cpu,1,0.133125,0.127958,0.142041,25
1,4096,256,8,jacobi,1,3.087958,2.983250,3.315667,25
1,4096,256,8,qr,1,6.690417,6.611521,6.763813,23
1,4096,256,8,gk,1,3.491375,3.449667,3.626250,25
1,4096,256,8,gk_vals,1,1.502250,1.489041,1.532250,25
1,4096,256,8,cpu_vals,1,2.314958,2.198458,2.331834,25
1,4096,256,8,gk_share,1,2.815166,2.759458,3.079667,25
1,4096,256,8,gk_share_vals,1,1.799625,1.769917,1.853083,25
1,4096,256,8,cpu,1,4.153916,4.052125,4.191417,25
1,256,512,512,cpu,1,389.377333,386.125708,389.882771,3
1,256,512,512,bidiag_batch,1,336.457792,336.341417,346.512000,3
1,256,512,512,bidiag_batch_vals,1,96.229625,95.985042,104.348542,5
1,256,512,512,cpu_vals,1,197.127916,195.799750,198.456083,2
1,4,2048,64,jacobi,1,8.568083,8.503323,8.621948,18
1,4,2048,64,block,1,8.231416,8.175292,8.309916,19
1,4,2048,64,qr,1,2.093584,2.067708,2.120292,25
1,4,2048,64,qrblock,1,3.659166,3.625125,3.769875,25
1,4,2048,64,gk,1,3.217583,3.148791,3.242500,25
1,4,2048,64,gk_vals,1,2.514750,2.450333,2.526208,25
1,4,2048,64,cpu_vals,1,0.971875,0.964875,0.986542,25
1,4,2048,64,cpu,1,1.893083,1.864042,1.916875,25
1,4096,256,32,jacobi,1,76.860104,74.696531,79.023677,2
1,4096,256,32,block,1,45.961146,45.326989,46.595302,2
1,4096,256,32,qr,1,33.524041,33.496062,33.552021,2
1,4096,256,32,qrblock,1,31.265813,31.234011,31.297615,2
1,4096,256,32,gk,1,17.906791,17.720500,18.041500,9
1,4096,256,32,gk_vals,1,7.981291,7.951250,8.012062,19
1,4096,256,32,cpu_vals,1,14.199458,13.970250,14.664834,11
1,4096,256,32,gk_share,1,19.834709,19.290219,20.585864,8
1,4096,256,32,gk_share_vals,1,7.831458,7.692011,7.905647,20
1,4096,256,32,cpu,1,30.317333,29.988500,30.646166,2
1,4096,256,32,bidiag_batch,1,30.579979,30.012802,31.147156,2
1,4096,256,32,bidiag_batch_vals,1,12.191042,12.038458,12.402584,13
1,256,64,8,jacobi,1,0.261625,0.246125,0.265833,25
1,256,64,8,qr,1,0.616000,0.595250,0.636208,25
1,256,64,8,gk,1,0.234333,0.224875,0.254500,25
1,256,64,8,gk_vals,1,0.176458,0.168167,0.181584,25
1,256,64,8,cpu_vals,1,0.193458,0.186375,0.207083,25
1,256,64,8,gk_share,1,0.354042,0.343083,0.363708,25
1,256,64,8,gk_share_vals,1,0.320583,0.308625,0.327292,25
1,256,64,8,cpu,1,0.252667,0.246334,0.256875,25
1,1,2048,256,cpu,1,7.861750,7.792125,7.936625,19
1,1,2048,256,bidiag,1,8.264042,8.170938,8.467021,19
1,1,2048,256,bidiag_vals,1,6.298770,6.197229,6.365781,24
1,1,2048,256,cpu_vals,1,4.139292,4.124875,4.150291,25
1,256,192,192,cpu,1,36.708709,36.518521,36.898896,2
1,256,192,192,bidiag,1,904.312500,902.941458,905.683542,2
1,256,192,192,bidiag_vals,1,644.536750,644.533792,644.539709,2
1,256,192,192,cpu_vals,1,19.344791,19.171364,19.585292,8
1,256,192,192,bidiag_batch,1,25.953042,25.109355,26.430979,6
1,256,192,192,bidiag_batch_vals,1,15.792708,15.375448,16.084511,10
1,4096,128,8,jacobi,1,2.078792,1.921250,2.208375,25
1,4096,128,8,qr,1,3.043375,2.977958,3.195042,25
1,4096,128,8,gk,1,2.047833,2.030375,2.109750,25
1,4096,128,8,gk_vals,1,0.947750,0.936333,0.955625,25
1,4096,128,8,cpu_vals,1,1.923209,1.900666,1.974292,25
1,4096,128,8,gk_share,1,1.888625,1.857791,2.219292,25
1,4096,128,8,gk_share_vals,1,1.181500,1.146459,1.240125,25
1,4096,128,8,cpu,1,3.212875,2.900583,3.240208,25
1,64,2048,64,jacobi,1,83.977625,83.039083,84.916166,2
1,64,2048,64,block,1,18.771187,18.501760,18.939500,8
1,64,2048,64,qr,1,8.262416,8.073792,8.370625,19
1,64,2048,64,qrblock,1,9.173583,9.052542,9.289583,17
1,64,2048,64,gk,1,7.880500,7.853896,8.069812,19
1,64,2048,64,gk_vals,1,5.859250,5.771709,5.921875,25
1,64,2048,64,cpu_vals,1,4.943458,4.817958,5.140416,25
1,64,2048,64,gk_share,1,7.530021,7.213282,7.790437,20
1,64,2048,64,gk_share_vals,1,5.470292,5.377625,5.544750,25
1,64,2048,64,cpu,1,9.298209,9.156917,9.522833,17
1,64,2048,64,bidiag_batch,1,7.255750,7.149000,7.357208,21
1,64,2048,64,bidiag_batch_vals,1,3.896459,3.848666,4.027708,25
1,64,512,32,jacobi,1,1.964125,1.951041,2.010833,25
1,64,512,32,block,1,3.624542,3.502125,3.719541,25
1,64,512,32,qr,1,1.452209,1.386708,1.514041,25
1,64,512,32,qrblock,1,2.685708,2.618708,2.798125,25
1,64,512,32,gk,1,1.452750,1.380750,1.504208,25
1,64,512,32,gk_vals,1,0.718375,0.686167,0.794209,25
1,64,512,32,cpu_vals,1,0.672459,0.625958,0.706542,25
1,64,512,32,gk_share,1,1.583042,1.517709,1.633125,25
1,64,512,32,gk_share_vals,1,0.806750,0.797500,0.827833,25
1,64,512,32,cpu,1,1.397167,0.986917,1.458125,25
1,64,512,32,bidiag_batch,1,1.795792,1.748458,1.851417,25
1,64,512,32,bidiag_batch_vals,1,0.920750,0.891625,0.975541,25
1,256,128,64,jacobi,1,11.749166,11.498375,11.905375,13
1,256,128,64,block,1,9.028375,8.968042,9.148958,17
1,256,128,64,qr,1,13.413271,12.267312,13.653011,12
1,256,128,64,qrblock,1,9.363208,9.157750,9.399333,17
1,256,128,64,gk,1,6.748250,6.660042,6.931438,23
1,256,128,64,gk_vals,1,3.469667,3.403916,3.493459,25
1,256,128,64,cpu_vals,1,2.314000,2.208459,2.582584,25
1,256,128,64,gk_share,1,4.670000,4.613792,4.792125,25
1,256,128,64,gk_share_vals,1,3.073375,2.919959,3.638500,25
1,256,128,64,cpu,1,5.650625,5.415708,5.776917,25
1,256,128,64,bidiag_batch,1,7.184125,7.064459,7.486667,21
1,256,128,64,bidiag_batch_vals,1,2.787833,2.712791,2.870292,25
