pass,batch,M,N,backend,ok,ms,p25,p75,reps
0,64,2048,256,jacobi,1,2480.797875,2474.805271,2495.695980,3
0,64,2048,256,block,1,280.860792,280.557458,287.509041,5
0,64,2048,256,qr,1,334.650292,331.937271,337.994187,3
0,64,2048,256,qrblock,1,149.540375,149.502875,150.355666,5
0,64,2048,256,cpu,1,568.208583,565.769166,568.685667,3
0,64,2048,256,bidiag,1,1017.164458,1013.804104,1019.429854,3
0,64,2048,256,cpu_vals,1,263.536584,263.432916,263.570125,5
0,64,2048,256,bidiag_vals,1,870.830667,868.999438,870.856708,3
0,16,8,8,jacobi,1,0.169417,0.161833,0.185333,25
0,16,8,8,cpu,1,0.079083,0.076708,0.079250,25
0,16,256,8,jacobi,1,0.233667,0.228875,0.256750,25
0,16,256,8,qr,1,0.503792,0.493750,0.522333,25
0,16,256,8,cpu,1,0.225167,0.224042,0.229792,25
0,1,4096,4096,cpu,1,3605.014917,3591.727729,3673.818292,3
0,1,4096,4096,bidiag,1,1764.912042,1757.674937,1771.587750,3
0,1,4096,4096,cpu_vals,1,1996.207792,1970.655229,2027.287417,3
0,1,4096,4096,bidiag_vals,1,1062.639875,1048.326562,1063.390396,3
0,4096,32,16,jacobi,1,5.858500,5.819250,5.910167,25
0,4096,32,16,qr,1,8.988917,8.762542,9.239916,17
0,4096,32,16,cpu,1,95.988458,95.900333,96.167125,5
0,16,1024,1024,jacobi,1,9506.708875,9451.398125,9524.309458,3
0,16,1024,1024,block,1,1245.921959,1245.693271,1246.274604,3
0,16,1024,1024,cpu,1,1260.582250,1256.865063,1261.448000,3
0,16,1024,1024,bidiag,1,1248.101834,1245.626792,1251.949251,3
0,16,1024,1024,cpu_vals,1,573.647459,573.150438,574.432229,3
0,16,1024,1024,bidiag_vals,1,773.081292,770.712917,775.595709,3
0,4096,2048,64,qr,1,1165.692125,1153.389605,1184.796354,3
0,4096,2048,64,qrblock,1,1091.263500,1044.633917,1098.574875,3
0,4,512,256,jacobi,1,48.195042,48.177584,48.230375,5
0,4,512,256,block,1,14.079209,13.985187,14.147750,11
0,4,512,256,qr,1,34.238334,34.233083,34.247375,5
0,4,512,256,qrblock,1,15.676333,15.584365,15.740157,10
0,4,512,256,cpu,1,21.305625,20.900198,21.428885,8
0,4,512,256,bidiag,1,48.979625,48.941250,49.247292,5
0,4,512,256,cpu_vals,1,9.529563,9.512437,9.537313,16
0,4,512,256,bidiag_vals,1,39.776000,39.740875,39.781958,5
0,1,32,32,jacobi,1,0.333042,0.311917,0.345792,25
0,1,32,32,block,1,2.364667,2.319167,2.422875,25
0,1,32,32,cpu,1,0.060584,0.060333,0.061042,25
0,4096,256,16,jacobi,1,14.859542,14.829292,14.894979,11
0,4096,256,16,qr,1,35.683875,35.595125,35.839166,5
0,4096,256,16,cpu,1,151.665166,151.452416,152.412542,5
0,1,2048,2048,cpu,1,436.737125,436.617604,437.043583,3
0,1,2048,2048,bidiag,1,305.460833,305.336479,308.009521,3
0,1,2048,2048,cpu_vals,1,196.727250,196.372541,196.965834,5
0,1,2048,2048,bidiag_vals,1,171.518167,171.371584,172.117666,5
0,2,2048,2048,cpu,1,895.506209,884.149146,897.468625,3
0,2,2048,2048,bidiag,1,629.740667,626.454521,633.488980,3
0,2,2048,2048,cpu_vals,1,391.583208,391.474458,391.854000,3
0,2,2048,2048,bidiag_vals,1,344.711000,341.136437,348.324375,3
0,16,128,128,jacobi,1,5.046458,5.043666,5.065000,25
0,16,128,128,block,1,7.303833,7.181208,7.369209,21
0,16,128,128,cpu,1,16.300729,16.250938,16.359688,10
0,16,128,128,bidiag,1,70.705250,69.405958,70.754875,5
0,16,128,128,cpu_vals,1,9.852083,9.792365,9.880292,16
0,16,128,128,bidiag_vals,1,55.239375,55.223500,55.675667,5
0,256,256,128,jacobi,1,125.391084,125.049125,126.154000,5
0,256,256,128,block,1,56.112958,56.091708,56.113209,5
0,256,256,128,qr,1,121.682667,121.597125,122.289667,5
0,256,256,128,qrblock,1,55.289291,55.144542,55.437417,5
0,256,256,128,cpu,1,340.331416,340.272708,340.744895,3
0,256,256,128,bidiag,1,1216.389500,1206.159104,1218.978542,3
0,256,256,128,cpu_vals,1,197.791041,196.887042,198.218666,5
0,256,256,128,bidiag_vals,1,975.105375,974.601770,986.361229,3
0,1,8,8,jacobi,1,0.195292,0.180916,0.208250,25
0,1,8,8,cpu,1,0.009708,0.009250,0.011375,25
0,16,768,768,jacobi,1,3723.103625,3719.409688,3723.969375,3
0,16,768,768,block,1,531.141875,530.846625,533.262021,3
0,16,768,768,cpu,1,545.047000,543.828062,545.290855,3
0,16,768,768,bidiag,1,774.823083,772.976562,786.449979,3
0,16,768,768,cpu_vals,1,262.032917,260.869291,262.422708,5
0,16,768,768,bidiag_vals,1,522.163583,521.936146,526.040813,3
0,1024,64,8,jacobi,1,0.663250,0.659000,0.697375,25
0,1024,64,8,qr,1,1.629000,1.607333,1.680458,25
0,1024,64,8,cpu,1,7.503938,7.470906,7.550250,20
0,256,512,32,jacobi,1,11.065625,10.823500,11.649291,14
0,256,512,32,block,1,8.349604,8.213614,8.493802,18
0,256,512,32,qr,1,9.880979,9.776886,9.984781,16
0,256,512,32,qrblock,1,11.129500,10.955958,11.573875,13
0,256,512,32,cpu,1,36.936250,36.755083,37.775542,5
0,1024,96,96,jacobi,1,192.846917,191.530875,193.450250,5
0,1024,96,96,block,1,88.042125,87.794792,88.772875,5
0,1024,96,96,cpu,1,536.945958,535.717979,537.229271,3
0,16,1024,256,jacobi,1,175.955542,175.862750,175.979250,5
0,16,1024,256,block,1,38.317583,38.297000,38.638791,5
0,16,1024,256,qr,1,67.041958,67.021250,67.550041,5
0,16,1024,256,qrblock,1,31.235542,31.215417,31.337792,5
0,16,1024,256,cpu,1,105.101458,104.920166,105.851625,5
0,16,1024,256,bidiag,1,218.031208,216.991875,219.097167,5
0,16,1024,256,cpu_vals,1,48.387291,47.814375,48.397208,5
0,16,1024,256,bidiag_vals,1,182.615833,180.737042,183.769375,5
0,4096,32,32,jacobi,1,27.731063,27.551781,27.954906,6
0,4096,32,32,block,1,23.828625,23.782750,24.085021,7
0,4096,32,32,cpu,1,216.328375,214.481000,216.493083,5
0,1024,128,128,jacobi,1,482.885208,478.843833,483.077417,3
0,1024,128,128,block,1,200.164125,198.134166,200.467792,5
0,1024,128,128,cpu,1,1043.697250,1042.646875,1044.309916,3
0,4,1024,128,jacobi,1,19.474437,19.455813,19.485917,8
0,4,1024,128,block,1,9.106416,9.016834,9.251959,17
0,4,1024,128,qr,1,7.352209,7.315708,7.367958,21
0,4,1024,128,qrblock,1,8.297458,8.219728,8.342813,19
0,4,1024,128,cpu,1,8.565500,8.531636,8.582615,18
0,4,1024,128,bidiag,1,22.307958,22.275167,22.399833,7
0,4,1024,128,cpu_vals,1,4.587333,4.572375,4.599250,25
0,4,1024,128,bidiag_vals,1,19.159605,18.936813,19.345625,8
0,4,512,64,jacobi,1,2.115542,2.099208,2.142042,25
0,4,512,64,block,1,3.746375,3.705500,3.798291,25
0,4,512,64,qr,1,2.098250,2.079875,2.128292,25
0,4,512,64,qrblock,1,3.620333,3.566458,3.662792,25
0,4,512,64,cpu,1,1.650292,1.643333,1.663167,25
0,16,512,64,jacobi,1,2.266792,2.253125,2.315792,25
0,16,512,64,block,1,4.194125,4.147375,4.258750,25
0,16,512,64,qr,1,2.656167,2.630125,2.719875,25
0,16,512,64,qrblock,1,4.289500,4.218583,4.345708,25
0,16,512,64,cpu,1,6.467562,6.447885,6.485896,24
0,1,256,16,jacobi,1,0.499292,0.465709,0.847167,25
0,1,256,16,qr,1,0.448750,0.440875,0.455667,25
0,1,256,16,cpu,1,0.055541,0.054875,0.057292,25
0,4096,8,8,jacobi,1,1.402250,1.386291,1.429208,25
0,4096,8,8,cpu,1,18.725001,18.628250,18.873218,8
0,1,32,16,jacobi,1,0.447125,0.313833,0.502625,25
0,1,32,16,qr,1,0.434375,0.424291,0.490209,25
0,1,32,16,cpu,1,0.028708,0.026417,0.031500,25
0,1,1024,32,jacobi,1,0.947875,0.925041,0.989083,25
0,1,1024,32,block,1,4.126708,4.048791,4.278208,25
0,1,1024,32,qr,1,0.696833,0.687209,0.702125,25
0,1,1024,32,qrblock,1,2.169417,2.093542,2.212666,25
0,1,1024,32,cpu,1,0.228333,0.226333,0.236875,25
0,1,1536,1536,cpu,1,179.740792,179.503000,180.354125,5
0,1,1536,1536,bidiag,1,158.811125,158.417125,159.040417,5
0,1,1536,1536,cpu_vals,1,85.157292,85.088584,85.255375,5
0,1,1536,1536,bidiag_vals,1,97.056625,96.974292,97.536000,5
0,4096,64,16,jacobi,1,7.070625,7.000000,7.124959,21
0,4096,64,16,qr,1,11.165563,11.017666,11.456135,14
0,4096,64,16,cpu,1,106.673542,106.438584,106.695000,5
0,256,32,32,jacobi,1,2.199875,2.190792,2.232417,25
0,256,32,32,block,1,3.032500,3.004916,3.119084,25
0,256,32,32,cpu,1,13.631333,13.580250,13.705147,11
0,256,64,8,jacobi,1,0.499042,0.485750,0.985125,25
0,256,64,8,qr,1,0.878875,0.855375,0.906416,25
0,256,64,8,cpu,1,1.911375,1.886250,1.927125,25
0,4,96,96,jacobi,1,2.400417,2.395917,2.417041,25
0,4,96,96,block,1,4.074792,3.917667,4.164208,25
0,4,96,96,cpu,1,2.148375,2.138791,2.170500,25
0,1,64,32,jacobi,1,0.336542,0.327500,0.351917,25
0,1,64,32,block,1,1.814000,1.750375,1.938291,25
0,1,64,32,qr,1,0.516667,0.512208,0.525667,25
0,1,64,32,qrblock,1,2.140792,2.016375,2.223583,25
0,1,64,32,cpu,1,0.072292,0.071042,0.074958,25
0,4,1024,256,jacobi,1,105.736417,105.714583,105.763000,5
0,4,1024,256,block,1,19.929187,19.851656,20.036500,8
0,4,1024,256,qr,1,35.087458,35.081000,35.091792,5
0,4,1024,256,qrblock,1,18.130167,18.097875,18.178750,9
0,4,1024,256,cpu,1,26.371771,26.232979,26.464594,6
0,4,1024,256,bidiag,1,53.773792,53.620375,53.915750,5
0,4,1024,256,cpu_vals,1,11.911333,11.890625,11.961167,13
0,4,1024,256,bidiag_vals,1,44.438667,44.314709,44.679875,5
0,16,64,8,jacobi,1,0.219583,0.210417,0.275833,25
0,16,64,8,qr,1,0.432042,0.423792,0.448500,25
0,16,64,8,cpu,1,0.131875,0.128917,0.135083,25
0,256,32,16,jacobi,1,0.630917,0.618791,0.674625,25
0,256,32,16,qr,1,1.197458,1.170042,1.235084,25
0,256,32,16,cpu,1,6.121166,6.075875,6.151416,25
0,16,256,64,jacobi,1,1.633334,1.608042,1.647584,25
0,16,256,64,block,1,3.294584,3.185208,3.338125,25
0,16,256,64,qr,1,2.145250,2.087042,2.186875,25
0,16,256,64,qrblock,1,3.688334,3.659958,3.748208,25
0,16,256,64,cpu,1,4.666042,4.625666,4.707208,25
0,256,128,128,jacobi,1,120.170208,117.150542,120.752708,5
0,256,128,128,block,1,49.097292,48.524792,49.143875,5
0,256,128,128,cpu,1,261.348000,261.320125,261.623958,5
0,256,128,128,bidiag,1,1110.724041,1110.656604,1111.249812,3
0,256,128,128,cpu_vals,1,157.425250,157.320250,157.523541,5
0,256,128,128,bidiag_vals,1,893.064417,892.831646,893.070188,3
0,16,128,64,jacobi,1,1.293000,1.272709,1.307416,25
0,16,128,64,block,1,2.905250,2.842333,2.951834,25
0,16,128,64,qr,1,1.952875,1.915708,2.001500,25
0,16,128,64,qrblock,1,3.465209,3.410584,3.524500,25
0,16,128,64,cpu,1,4.144458,4.118042,4.160291,25
0,256,1024,256,jacobi,1,4051.989500,4049.662542,4052.714000,3
0,256,1024,256,block,1,659.079083,658.852458,660.347417,3
0,256,1024,256,qr,1,1176.620000,1167.844125,1190.846041,3
0,256,1024,256,qrblock,1,433.738750,432.680708,438.156687,3
0,64,1024,64,jacobi,1,39.843333,39.812958,39.850250,5
0,64,1024,64,block,1,11.304562,11.012187,11.737354,14
0,64,1024,64,qr,1,10.738146,10.596844,10.888219,14
0,64,1024,64,qrblock,1,11.225937,11.119646,11.422573,14
0,64,1024,64,cpu,1,35.460750,35.430125,35.466834,5
0,4096,128,64,jacobi,1,244.002459,242.851041,244.703791,5
0,4096,128,64,block,1,131.512542,130.905708,131.607250,5
0,4096,128,64,qr,1,247.610375,247.300916,250.454000,5
0,4096,128,64,qrblock,1,147.306250,147.193250,148.273375,5
0,4096,128,64,cpu,1,1049.533458,1049.110958,1050.796396,3
0,4,64,16,jacobi,1,0.516792,0.482750,0.680041,25
0,4,64,16,qr,1,0.460208,0.448959,0.508291,25
0,4,64,16,cpu,1,0.127458,0.126667,0.129458,25
0,256,1024,128,jacobi,1,722.381917,721.685855,723.486438,3
0,256,1024,128,block,1,140.525667,139.626709,140.864875,5
0,256,1024,128,qr,1,168.477500,166.297250,169.124458,5
0,256,1024,128,qrblock,1,103.537625,103.276542,103.689208,5
0,256,1024,128,cpu,1,539.687958,539.463291,541.628041,3
0,256,1024,128,bidiag,1,1421.711083,1421.666791,1421.890812,3
0,256,1024,128,cpu_vals,1,289.469542,289.234541,289.547917,5
0,256,1024,128,bidiag_vals,1,1249.169291,1247.474604,1251.609645,3
0,4096,1024,64,jacobi,1,2502.902417,2499.453542,2509.660751,3
0,4096,1024,64,block,1,498.343333,496.163792,500.417937,3
0,4096,1024,64,qr,1,642.819625,624.314667,644.939958,3
0,4096,1024,64,qrblock,1,521.552250,520.139750,529.913854,3
0,4,1024,64,jacobi,1,4.646292,4.633959,4.659542,25
0,4,1024,64,block,1,5.394709,5.331917,5.529166,25
0,4,1024,64,qr,1,2.678041,2.645958,2.716666,25
0,4,1024,64,qrblock,1,4.230541,4.167875,4.291667,25
0,4,1024,64,cpu,1,2.226083,2.218750,2.240375,25
0,64,128,128,jacobi,1,33.757208,32.953375,33.864083,5
0,64,128,128,block,1,14.491459,14.375604,14.559667,11
0,64,128,128,cpu,1,64.549959,64.464500,64.595166,5
0,64,128,128,bidiag,1,276.732666,276.695917,276.956958,5
0,64,128,128,cpu_vals,1,39.428750,39.282959,39.495000,5
0,64,128,128,bidiag_vals,1,221.724167,221.610708,221.739750,5
0,16,64,32,jacobi,1,0.383167,0.379125,0.393625,25
0,16,64,32,block,1,2.074083,2.051959,2.106792,25
0,16,64,32,qr,1,0.888250,0.873417,0.900250,25
0,16,64,32,qrblock,1,2.471750,2.443292,2.497917,25
0,16,64,32,cpu,1,1.098125,1.091875,1.118917,25
0,1,1024,64,jacobi,1,4.491209,4.486584,4.502541,25
0,1,1024,64,block,1,5.148084,4.975208,5.271333,25
0,1,1024,64,qr,1,1.581125,1.568458,1.617500,25
0,1,1024,64,qrblock,1,2.854875,2.812667,2.877500,25
0,1,1024,64,cpu,1,0.594708,0.590750,0.604500,25
0,4096,128,16,jacobi,1,9.314875,9.269292,9.362833,17
0,4096,128,16,qr,1,16.788500,16.700417,17.035167,9
0,4096,128,16,cpu,1,122.550333,122.527958,122.617667,5
0,1024,1024,32,jacobi,1,141.106083,140.965334,141.752625,5
0,1024,1024,32,block,1,39.735750,39.138042,39.963083,5
0,1024,1024,32,qr,1,58.040000,57.916208,58.139167,5
0,1024,1024,32,qrblock,1,57.598083,57.503250,57.660958,5
0,1024,1024,32,cpu,1,214.348834,213.453583,214.753542,5
0,1024,2048,64,jacobi,1,1293.950333,1293.691229,1295.688958,3
0,1024,2048,64,block,1,229.386541,226.998500,229.899583,5
0,1024,2048,64,qr,1,268.245250,267.877500,284.621083,5
0,1024,2048,64,qrblock,1,242.873500,241.431917,244.410375,5
0,1024,2048,64,cpu,1,869.679916,869.281187,870.206729,3
0,1,384,384,jacobi,1,112.924167,112.916667,112.943208,5
0,1,384,384,block,1,22.314666,22.249771,22.413375,7
0,1,384,384,cpu,1,7.358042,7.255791,7.573500,21
0,1,384,384,bidiag,1,17.083500,17.045209,17.116792,9
0,1,384,384,cpu_vals,1,3.625584,3.613917,3.631708,25
0,1,384,384,bidiag_vals,1,13.091563,13.049656,13.140188,12
0,1,48,48,jacobi,1,0.737000,0.702750,0.773292,25
0,1,48,48,block,1,2.572750,2.511375,2.638250,25
0,1,48,48,cpu,1,0.117750,0.115583,0.120459,25
0,256,8,8,jacobi,1,0.271500,0.269500,0.277042,25
0,256,8,8,cpu,1,1.190750,1.166291,1.230708,25
0,256,4,4,jacobi,1,0.300709,0.294541,0.311583,25
0,256,4,4,cpu,1,0.556208,0.531250,0.558041,25
0,4096,256,128,jacobi,1,2090.979125,2088.102063,2095.716937,3
0,4096,256,128,block,1,863.451750,862.773979,863.713125,3
0,4096,256,128,qr,1,2072.720709,2057.710313,2081.913084,3
0,4096,256,128,qrblock,1,870.827083,869.033312,872.028916,3
0,4,512,512,jacobi,1,326.853208,326.833146,327.169562,3
0,4,512,512,block,1,48.502833,48.432209,48.548292,5
0,4,512,512,cpu,1,65.684291,65.587000,65.711083,5
0,4,512,512,bidiag,1,102.730959,102.660084,103.204416,5
0,4,512,512,cpu_vals,1,30.812958,30.794708,30.821459,5
0,4,512,512,bidiag_vals,1,75.623083,75.450167,75.679042,5
0,64,4,4,jacobi,1,0.158041,0.152333,0.172208,25
0,64,4,4,cpu,1,0.132667,0.132583,0.133125,25
0,256,16,16,jacobi,1,0.631875,0.616500,0.668292,25
0,256,16,16,cpu,1,3.727375,3.713917,3.798084,25
0,1024,16,16,jacobi,1,1.757083,1.748375,1.808625,25
0,1024,16,16,cpu,1,14.722709,14.708938,14.789729,11
0,4096,64,64,jacobi,1,201.586417,201.075917,201.804167,5
0,4096,64,64,block,1,114.094750,113.853875,114.145334,5
0,4096,64,64,cpu,1,712.521125,712.351250,713.770521,3
0,64,256,256,jacobi,1,289.278959,288.591083,289.695375,5
0,64,256,256,block,1,84.860916,84.164000,85.393625,5
0,64,256,256,cpu,1,246.126000,245.764708,246.877000,5
0,64,256,256,bidiag,1,662.009125,661.371959,662.690417,3
0,64,256,256,cpu_vals,1,108.818750,108.743125,108.884292,5
0,64,256,256,bidiag_vals,1,514.477041,514.376125,514.542229,3
0,64,1024,128,jacobi,1,184.399791,183.243083,184.665625,5
0,64,1024,128,block,1,37.718334,37.710458,37.820167,5
0,64,1024,128,qr,1,45.149541,45.105875,45.483125,5
0,64,1024,128,qrblock,1,27.656583,27.600104,27.772593,6
0,64,1024,128,cpu,1,134.901250,134.841792,134.955625,5
0,64,1024,128,bidiag,1,351.349125,351.169062,351.437770,3
0,64,1024,128,cpu_vals,1,72.308000,72.254916,72.342959,5
0,64,1024,128,bidiag_vals,1,304.392458,303.490041,308.892874,3
0,256,1024,32,jacobi,1,34.573625,34.479125,34.778625,5
0,256,1024,32,block,1,13.365271,13.061333,13.495604,12
0,256,1024,32,qr,1,15.457854,15.365541,15.499229,10
0,256,1024,32,qrblock,1,16.152895,16.046375,16.194511,10
0,256,1024,32,cpu,1,52.820292,52.774542,52.849792,5
0,256,128,8,jacobi,1,0.995875,0.900458,1.021375,25
0,256,128,8,qr,1,1.287667,1.071792,1.436125,25
0,256,128,8,cpu,1,2.327417,2.289208,2.343500,25
0,64,64,8,jacobi,1,0.390375,0.382916,0.402208,25
0,64,64,8,qr,1,0.649000,0.638791,0.665167,25
0,64,64,8,cpu,1,0.511292,0.506416,0.516333,25
0,16,32,32,jacobi,1,0.388000,0.378791,1.209167,25
0,16,32,32,block,1,2.180708,2.105375,2.205666,25
0,16,32,32,cpu,1,0.875208,0.868666,0.913875,25
0,1024,512,16,jacobi,1,11.533271,11.314552,11.633511,14
0,1024,512,16,qr,1,23.394167,23.290583,23.495021,7
0,1024,512,16,cpu,1,58.574666,58.336500,58.759166,5
0,64,512,128,jacobi,1,81.973292,81.422709,82.062833,5
0,64,512,128,block,1,20.922480,20.858812,20.962947,8
0,64,512,128,qr,1,38.813041,38.584292,38.941416,5
0,64,512,128,qrblock,1,21.238501,21.068281,21.448385,8
0,64,512,128,cpu,1,104.213167,104.193792,104.272250,5
0,64,512,128,bidiag,1,318.382375,318.048875,318.450479,3
0,64,512,128,cpu_vals,1,58.155875,57.126292,58.854125,5
0,64,512,128,bidiag_vals,1,262.692625,262.464542,263.323083,5
0,4,64,32,jacobi,1,0.389084,0.382458,1.156208,25
0,4,64,32,block,1,2.021375,1.990709,2.073000,25
0,4,64,32,qr,1,0.603916,0.593833,0.607542,25
0,4,64,32,qrblock,1,2.190834,2.162208,2.298375,25
0,4,64,32,cpu,1,0.286083,0.282042,0.288500,25
0,1,128,8,jacobi,1,0.336167,0.250792,0.373791,25
0,1,128,8,qr,1,0.375417,0.348042,0.418000,25
0,1,128,8,cpu,1,0.013958,0.013875,0.014750,25
0,4,128,8,jacobi,1,0.366292,0.357584,0.378292,25
0,4,128,8,qr,1,0.418959,0.403958,0.422583,25
0,4,128,8,cpu,1,0.048292,0.047209,0.049625,25
0,4,256,256,jacobi,1,34.772834,34.730625,34.773792,5
0,4,256,256,block,1,14.250458,14.145667,14.414834,11
0,4,256,256,cpu,1,15.515541,15.327583,15.711115,10
0,4,256,256,bidiag,1,41.213417,41.180875,41.406375,5
0,4,256,256,cpu_vals,1,6.777084,6.772104,6.792813,23
0,4,256,256,bidiag_vals,1,32.193750,32.149625,32.217959,5
0,64,64,64,jacobi,1,3.223916,3.187208,3.227375,25
0,64,64,64,block,1,3.859333,3.820000,3.948250,25
0,64,64,64,cpu,1,11.758000,11.727417,11.770833,13
0,1024,512,32,jacobi,1,49.343333,48.166792,49.351750,5
0,1024,512,32,block,1,23.138250,23.007146,23.274166,7
0,1024,512,32,qr,1,34.583250,34.521750,35.006417,5
0,1024,512,32,qrblock,1,34.598834,34.271542,35.094916,5
0,1024,512,32,cpu,1,147.740041,147.653791,148.198250,5
0,1024,256,32,jacobi,1,22.045458,21.967625,22.154333,7
0,1024,256,32,block,1,14.540000,14.408834,14.591250,11
0,1024,256,32,qr,1,20.303417,20.210281,20.394177,8
0,1024,256,32,qrblock,1,19.935146,19.799114,20.074146,8
0,1024,256,32,cpu,1,99.780708,99.555750,99.908750,5
0,4096,32,8,jacobi,1,1.574209,1.542084,1.587167,25
0,4096,32,8,qr,1,3.447417,3.420583,3.491417,25
0,4096,32,8,cpu,1,26.344375,26.203657,26.407781,6
0,4,32,16,jacobi,1,0.489166,0.474917,0.508875,25
0,4,32,16,qr,1,0.417083,0.411250,0.424792,25
0,4,32,16,cpu,1,0.101750,0.101250,0.102334,25
0,1,192,192,jacobi,1,14.870292,14.859333,14.880479,11
0,1,192,192,block,1,9.443125,9.370770,9.498896,16
0,1,192,192,cpu,1,2.043125,1.965166,2.094792,25
0,1,192,192,bidiag,1,7.062125,7.032739,7.108667,22
0,1,192,192,cpu_vals,1,0.850708,0.847500,0.856208,25
0,1,192,192,bidiag_vals,1,5.716083,5.659792,5.771208,25
0,1024,512,128,jacobi,1,1270.169625,1269.877604,1270.788375,3
0,1024,512,128,block,1,326.935250,326.115437,327.506521,3
0,1024,512,128,qr,1,563.731292,561.701980,567.254167,3
0,1024,512,128,qrblock,1,279.825625,279.253709,285.843000,5
0,16,4,4,jacobi,1,0.242834,0.230500,0.252500,25
0,16,4,4,cpu,1,0.037584,0.035625,0.037792,25
0,256,512,128,jacobi,1,311.399334,309.466105,314.634750,3
0,256,512,128,block,1,82.711041,82.629625,82.776833,5
0,256,512,128,qr,1,137.825750,137.232625,137.921834,5
0,256,512,128,qrblock,1,72.331750,72.301833,72.418625,5
0,256,512,128,cpu,1,414.987500,414.852937,415.282834,3
0,256,512,128,bidiag,1,1269.894709,1269.706813,1270.336854,3
0,256,512,128,cpu_vals,1,228.256833,228.233875,228.316250,5
0,256,512,128,bidiag_vals,1,1051.139333,1050.834479,1051.954292,3
0,1,256,256,jacobi,1,33.954000,33.944000,33.978583,5
0,1,256,256,block,1,13.247187,13.108459,13.294354,12
0,1,256,256,cpu,1,3.927042,3.828584,4.026667,25
0,1,256,256,bidiag,1,10.382250,9.996980,10.566333,15
0,1,256,256,cpu_vals,1,1.719417,1.716917,1.727250,25
0,1,256,256,bidiag_vals,1,8.070792,8.067479,8.110542,19
0,64,96,96,jacobi,1,8.536917,8.530646,8.562698,18
0,64,96,96,block,1,8.336499,8.294885,8.439906,18
0,64,96,96,cpu,1,33.500333,33.422416,33.581333,5
0,16,256,128,jacobi,1,6.166500,6.160250,6.181416,25
0,16,256,128,block,1,6.943771,6.821875,7.019740,22
0,16,256,128,qr,1,6.239542,6.193375,6.257084,25
0,16,256,128,qrblock,1,7.733458,7.652250,7.839698,20
0,16,256,128,cpu,1,21.332604,21.322719,21.360709,8
0,16,256,128,bidiag,1,74.810875,74.809375,74.867000,5
0,16,256,128,cpu_vals,1,12.259333,12.214042,12.277125,13
0,16,256,128,bidiag_vals,1,61.097000,61.045875,61.228917,5
0,64,2048,64,jacobi,1,83.524875,83.338708,84.148333,5
0,64,2048,64,block,1,19.885833,19.742303,20.191365,8
0,64,2048,64,qr,1,18.170375,17.932541,18.203292,9
0,64,2048,64,qrblock,1,18.674958,18.608458,18.768042,9
0,64,2048,64,cpu,1,55.107750,55.047125,55.154625,5
0,4096,16,8,jacobi,1,1.483833,1.435333,1.536208,25
0,4096,16,8,qr,1,2.990125,2.934833,3.032333,25
0,4096,16,8,cpu,1,24.376334,24.314500,24.392646,7
0,4096,512,128,qrblock,1,1172.256916,1162.953749,1173.283625,3
0,1024,512,64,jacobi,1,147.897333,146.325166,148.241917,5
0,1024,512,64,block,1,70.077250,70.004417,71.147417,5
0,1024,512,64,qr,1,103.999625,103.516625,104.012833,5
0,1024,512,64,qrblock,1,84.082833,83.641667,84.253625,5
0,1024,512,64,cpu,1,408.322209,407.671646,409.674083,3
0,16,128,8,jacobi,1,0.381125,0.253209,0.399166,25
0,16,128,8,qr,1,0.482083,0.458584,0.493083,25
0,16,128,8,cpu,1,0.162167,0.161542,0.163584,25
0,256,128,16,jacobi,1,1.164834,0.990917,1.268333,25
0,256,128,16,qr,1,1.624375,1.585625,1.678417,25
0,256,128,16,cpu,1,7.711271,7.661719,7.746229,20
0,64,32,8,jacobi,1,0.378625,0.370583,0.386459,25
0,64,32,8,qr,1,0.652875,0.635000,1.003625,25
0,64,32,8,cpu,1,0.446208,0.443875,0.448917,25
0,256,2048,128,jacobi,1,1737.013042,1732.638312,1743.264167,3
0,256,2048,128,block,1,239.625125,238.912333,240.725666,5
0,256,2048,128,qr,1,231.925875,227.239833,233.768625,5
0,256,2048,128,qrblock,1,166.242458,159.709916,168.568292,5
0,256,2048,128,cpu,1,793.680125,793.574250,793.842291,3
0,256,2048,128,bidiag,1,1788.052459,1787.235000,1788.119125,3
0,256,2048,128,cpu_vals,1,412.388750,412.347750,412.570792,3
0,256,2048,128,bidiag_vals,1,1551.987625,1551.930396,1552.555125,3
0,64,16,16,jacobi,1,0.844416,0.324542,0.976500,25
0,64,16,16,cpu,1,0.952459,0.932334,0.957084,25
0,4,1536,1536,cpu,1,712.585333,712.559438,713.402249,3
0,4,1536,1536,bidiag,1,675.194667,674.571583,675.357250,3
0,4,1536,1536,cpu_vals,1,340.032833,339.656958,340.049542,3
0,4,1536,1536,bidiag_vals,1,380.898750,380.744125,381.263417,3
0,64,512,256,jacobi,1,457.849375,450.589687,458.146855,3
0,64,512,256,block,1,101.695791,101.324625,101.713958,5
0,64,512,256,qr,1,278.994166,278.696625,279.715333,5
0,64,512,256,qrblock,1,89.495000,89.480958,89.562292,5
0,64,512,256,cpu,1,336.815792,335.530730,337.020771,3
0,64,512,256,bidiag,1,787.600500,785.058250,788.129542,3
0,64,512,256,cpu_vals,1,150.648042,150.630125,150.773459,5
0,64,512,256,bidiag_vals,1,634.621333,634.605812,634.722208,3
0,256,512,16,jacobi,1,2.739583,2.654917,2.765166,25
0,256,512,16,qr,1,6.449125,6.407646,6.586604,23
0,256,512,16,cpu,1,14.555458,14.516167,14.611041,11
0,256,48,48,jacobi,1,5.594875,5.553041,5.621875,25
0,256,48,48,block,1,8.066208,7.991187,8.090937,19
0,256,48,48,cpu,1,28.721771,28.698927,28.813552,6
0,1,256,128,jacobi,1,5.654708,5.647333,5.672375,25
0,1,256,128,block,1,5.719208,5.642291,5.787375,25
0,1,256,128,qr,1,4.745625,4.742625,4.758125,25
0,1,256,128,qrblock,1,5.724167,5.586375,5.809042,25
0,1,256,128,cpu,1,1.360542,1.341000,1.365458,25
0,1,256,128,bidiag,1,4.625917,4.598917,4.650208,25
0,1,256,128,cpu_vals,1,0.786125,0.784375,0.790959,25
0,1,256,128,bidiag_vals,1,3.813792,3.793458,3.850833,25
0,16,64,64,jacobi,1,1.183000,1.173375,1.233625,25
0,16,64,64,block,1,2.945291,2.906458,3.046209,25
0,16,64,64,cpu,1,2.997084,2.963334,3.029125,25
0,4096,48,48,jacobi,1,79.758333,79.753083,80.157708,5
0,4096,48,48,block,1,97.758250,97.468792,98.037917,5
0,4096,48,48,cpu,1,460.572458,460.517833,461.019208,3
0,4096,256,32,jacobi,1,86.239416,86.232375,86.540041,5
0,4096,256,32,block,1,50.735334,50.593667,50.785667,5
0,4096,256,32,qr,1,74.443292,74.414917,74.458583,5
0,4096,256,32,qrblock,1,71.416833,70.857750,72.796417,5
0,4096,256,32,cpu,1,399.962125,398.848084,400.825896,3
0,4,4,4,jacobi,1,0.252834,0.243458,0.265083,25
0,4,4,4,cpu,1,0.011875,0.011792,0.012125,25
0,4096,64,32,jacobi,1,28.000626,27.923678,28.044448,6
0,4096,64,32,block,1,25.100438,25.007750,25.197531,6
0,4096,64,32,qr,1,35.655875,35.631542,35.813250,5
0,4096,64,32,qrblock,1,31.020792,31.016792,31.110958,5
0,4096,64,32,cpu,1,274.544792,274.399875,274.591334,5
0,4,256,8,jacobi,1,0.435500,0.429875,0.439083,25
0,4,256,8,qr,1,0.431292,0.422542,0.527792,25
0,4,256,8,cpu,1,0.063208,0.062750,0.063792,25
0,64,128,64,jacobi,1,3.513959,3.502042,3.519167,25
0,64,128,64,block,1,3.913333,3.813000,3.947292,25
0,64,128,64,qr,1,4.088834,4.078500,4.135917,25
0,64,128,64,qrblock,1,4.598833,4.518375,4.675458,25
0,64,128,64,cpu,1,16.260312,16.252114,16.267979,10
0,4,64,8,jacobi,1,0.316167,0.304917,0.341833,25
0,4,64,8,qr,1,0.376708,0.372500,0.383583,25
0,4,64,8,cpu,1,0.033250,0.033167,0.033459,25
0,256,64,16,jacobi,1,0.764125,0.705875,0.821750,25
0,256,64,16,qr,1,1.263709,1.250583,1.284917,25
0,256,64,16,cpu,1,6.716042,6.685334,6.728333,23
0,64,384,384,jacobi,1,1189.428916,1185.200333,1196.406958,3
0,64,384,384,block,1,274.560375,274.315417,275.064417,5
0,64,384,384,cpu,1,481.396500,481.019834,483.323208,3
0,64,384,384,bidiag,1,1090.572291,1089.693541,1091.023958,3
0,64,384,384,cpu_vals,1,227.463166,227.377083,227.553666,5
0,64,384,384,bidiag_vals,1,834.176708,834.157250,834.794291,3
0,1,2048,256,jacobi,1,148.029041,148.004167,148.062916,5
0,1,2048,256,block,1,22.594958,22.527708,22.644749,7
0,1,2048,256,qr,1,32.986166,32.970250,33.008083,5
0,1,2048,256,qrblock,1,16.315625,16.208375,16.443750,10
0,1,2048,256,cpu,1,8.969667,8.873000,9.025583,17
0,1,2048,256,bidiag,1,16.267708,16.219178,16.332479,10
0,1,2048,256,cpu_vals,1,4.123541,4.108458,4.142750,25
0,1,2048,256,bidiag_vals,1,13.576166,13.539625,13.617031,12
0,64,128,16,jacobi,1,1.061083,0.387083,1.132458,25
0,64,128,16,qr,1,0.938834,0.924500,0.948250,25
0,64,128,16,cpu,1,1.927500,1.918209,1.944083,25
0,4096,256,8,jacobi,1,4.717041,4.674875,4.789000,25
0,4096,256,8,qr,1,24.748750,24.580208,24.868646,7
0,4096,256,8,cpu,1,51.572417,51.526541,51.688666,5
0,4,256,16,jacobi,1,0.440458,0.356541,0.759000,25
0,4,256,16,qr,1,0.488250,0.476334,0.519459,25
0,4,256,16,cpu,1,0.163500,0.159625,0.165167,25
0,16,192,192,jacobi,1,18.047208,18.017167,18.058375,9
0,16,192,192,block,1,12.928833,12.767938,12.990479,12
0,16,192,192,cpu,1,29.298813,29.269073,29.502083,6
0,16,192,192,bidiag,1,111.789125,111.657375,111.996334,5
0,16,192,192,cpu_vals,1,13.327292,13.310375,13.349750,12
0,16,192,192,bidiag_vals,1,91.098000,91.073708,91.139541,5
0,1,512,128,jacobi,1,10.224792,10.216126,10.235646,15
0,1,512,128,block,1,6.591416,6.522854,6.630208,23
0,1,512,128,qr,1,4.992166,4.989625,4.995667,25
0,1,512,128,qrblock,1,5.809750,5.735625,5.927250,25
0,1,512,128,cpu,1,1.668083,1.660666,1.680500,25
0,1,512,128,bidiag,1,5.008167,4.977334,5.031833,25
0,1,512,128,cpu_vals,1,0.924125,0.921167,0.930542,25
0,1,512,128,bidiag_vals,1,4.136041,4.105250,4.194833,25
0,64,32,32,jacobi,1,0.880292,0.822292,0.903166,25
0,64,32,32,block,1,2.253000,2.203875,2.282541,25
0,64,32,32,cpu,1,3.472125,3.420541,3.554958,25
0,1,128,64,jacobi,1,1.155291,1.122958,1.199250,25
0,1,128,64,block,1,2.891208,2.824625,2.939708,25
0,1,128,64,qr,1,1.306375,1.270458,1.330667,25
0,1,128,64,qrblock,1,2.937958,2.876750,2.968708,25
0,1,128,64,cpu,1,0.274375,0.272792,0.276459,25
0,4,8,8,jacobi,1,0.192042,0.183750,0.225459,25
0,4,8,8,cpu,1,0.021750,0.021750,0.021875,25
0,1,512,16,jacobi,1,0.423209,0.384250,0.484333,25
0,1,512,16,qr,1,0.481500,0.462791,0.489167,25
0,1,512,16,cpu,1,0.077584,0.071917,0.078916,25
0,1024,4,4,jacobi,1,0.496167,0.487250,0.520250,25
0,1024,4,4,cpu,1,2.046750,2.011334,2.111292,25
0,1,128,32,jacobi,1,0.626833,0.611291,1.223500,25
0,1,128,32,block,1,2.091708,2.009833,2.149458,25
0,1,128,32,qr,1,0.546125,0.535541,0.556375,25
0,1,128,32,qrblock,1,2.236083,2.187416,2.441333,25
0,1,128,32,cpu,1,0.088500,0.088125,0.089834,25
0,1024,192,192,jacobi,1,1631.703708,1629.208271,1635.217938,3
0,1024,192,192,block,1,602.031541,601.729291,602.265833,3
0,1024,256,16,jacobi,1,4.054167,4.034834,4.070708,25
0,1024,256,16,qr,1,10.273625,10.145771,10.359770,15
0,1024,256,16,cpu,1,38.008833,37.986667,38.390333,5
0,64,512,64,jacobi,1,11.005729,10.915843,11.210865,14
0,64,512,64,block,1,6.613500,6.520625,6.733916,23
0,64,512,64,qr,1,7.198500,7.149833,7.244458,21
0,64,512,64,qrblock,1,7.784812,7.649386,7.857791,20
0,64,512,64,cpu,1,25.374167,25.346709,25.383250,6
0,16,1024,32,jacobi,1,1.075083,1.064708,1.351292,25
0,16,1024,32,block,1,4.351292,4.160875,4.444417,25
0,16,1024,32,qr,1,1.819458,1.750958,1.852250,25
0,16,1024,32,qrblock,1,3.240958,3.162959,3.296666,25
0,16,1024,32,cpu,1,3.274500,3.261375,3.301084,25
0,4,512,32,jacobi,1,1.128625,0.736333,1.172083,25
0,4,512,32,block,1,2.782042,2.758708,2.803584,25
0,4,512,32,qr,1,0.897833,0.886042,0.907667,25
0,4,512,32,qrblock,1,2.311583,2.291042,2.337000,25
0,4,512,32,cpu,1,0.593875,0.585833,0.606083,25
0,1,128,16,jacobi,1,0.548667,0.290416,0.560291,25
0,1,128,16,qr,1,0.425667,0.412875,0.436625,25
0,1,128,16,cpu,1,0.040208,0.031125,0.040625,25
0,256,32,8,jacobi,1,0.758833,0.662833,0.781583,25
0,256,32,8,qr,1,0.753041,0.743000,0.768875,25
0,256,32,8,cpu,1,1.741334,1.713458,1.754166,25
0,4096,96,96,jacobi,1,755.656583,755.490916,755.885916,3
0,4096,96,96,block,1,346.185375,345.965000,347.215979,3
0,1024,32,32,jacobi,1,7.267709,7.258084,7.288542,21
0,1024,32,32,block,1,6.721958,6.608688,6.814729,23
0,1024,32,32,cpu,1,53.585917,53.571209,53.631375,5
0,16,512,256,jacobi,1,93.707708,93.705375,93.711834,5
0,16,512,256,block,1,26.744396,26.695677,26.770240,6
0,16,512,256,qr,1,64.520500,64.506583,64.563083,5
0,16,512,256,qrblock,1,25.444104,25.410438,25.463427,6
0,16,512,256,cpu,1,83.567333,83.405250,83.936375,5
0,16,512,256,bidiag,1,196.588542,196.566041,196.909291,5
0,16,512,256,cpu_vals,1,37.944916,37.932958,37.973000,5
0,16,512,256,bidiag_vals,1,157.913667,157.838958,157.998834,5
0,1,256,32,jacobi,1,0.463875,0.449834,0.556667,25
0,1,256,32,block,1,2.204375,2.172084,2.277500,25
0,1,256,32,qr,1,0.571834,0.562292,0.576459,25
0,1,256,32,qrblock,1,2.310416,2.236583,2.421167,25
0,1,256,32,cpu,1,0.115875,0.115000,0.117750,25
0,256,256,16,jacobi,1,1.275792,1.240917,1.311959,25
0,256,256,16,qr,1,2.977083,2.949375,3.009459,25
0,256,256,16,cpu,1,9.632042,9.574355,9.671469,16
0,1024,32,8,jacobi,1,0.547334,0.544666,0.910916,25
0,1024,32,8,qr,1,1.282333,1.269625,1.295666,25
0,1024,32,8,cpu,1,6.825646,6.760250,6.923907,22
0,256,512,64,jacobi,1,36.803875,36.751750,37.028333,5
0,256,512,64,block,1,19.583875,19.465385,19.736177,8
0,256,512,64,qr,1,27.601375,27.490198,27.651802,6
0,256,512,64,qrblock,1,22.937417,22.932250,23.061999,7
0,256,512,64,cpu,1,102.226834,101.777667,102.299959,5
0,1,512,512,jacobi,1,262.203000,262.161958,262.257875,5
0,1,512,512,block,1,32.180542,32.173875,32.214334,5
0,1,512,512,cpu,1,16.866333,16.541250,16.959708,9
0,1,512,512,bidiag,1,25.798021,25.641812,25.968979,6
0,1,512,512,cpu_vals,1,7.766375,7.741500,7.799250,19
0,1,512,512,bidiag_vals,1,18.823792,18.793562,18.877802,8
0,16,384,384,jacobi,1,235.297125,235.268167,235.335334,5
0,16,384,384,block,1,67.322750,67.279666,67.361125,5
0,16,384,384,cpu,1,121.891708,120.751958,122.168167,5
0,16,384,384,bidiag,1,272.746125,272.663541,273.006500,5
0,16,384,384,cpu_vals,1,57.161083,57.087333,57.392042,5
0,16,384,384,bidiag_vals,1,209.073792,208.802459,209.098833,5
0,256,256,8,jacobi,1,0.492042,0.486875,0.504708,25
0,256,256,8,qr,1,2.219916,2.197500,2.285875,25
0,256,256,8,cpu,1,3.256958,3.241458,3.284250,25
0,16,1024,128,jacobi,1,37.809334,37.778834,37.934208,5
0,16,1024,128,block,1,13.111354,13.065240,13.174906,12
0,16,1024,128,qr,1,8.952417,8.903625,8.964000,17
0,16,1024,128,qrblock,1,10.201125,10.165604,10.257020,15
0,16,1024,128,cpu,1,33.508875,33.502083,33.531708,5
0,16,1024,128,bidiag,1,88.583875,88.345250,88.660459,5
0,16,1024,128,cpu_vals,1,18.100292,18.086958,18.112833,9
0,16,1024,128,bidiag_vals,1,76.054291,74.897041,76.431958,5
0,256,256,32,jacobi,1,5.231292,5.119541,5.269000,25
0,256,256,32,block,1,4.685667,4.637166,4.751500,25
0,256,256,32,qr,1,5.910000,5.857000,5.989250,25
0,256,256,32,qrblock,1,6.537708,6.492250,6.575833,23
0,256,256,32,cpu,1,24.846583,24.713062,24.983104,7
0,4096,64,8,jacobi,1,2.012875,1.990666,2.034000,25
0,4096,64,8,qr,1,5.056875,4.990000,5.118791,25
0,4096,64,8,cpu,1,30.037875,30.008875,30.098250,5
0,4,2048,128,jacobi,1,42.226792,42.150125,42.228625,5
0,4,2048,128,block,1,14.122917,14.076791,14.194959,11
0,4,2048,128,qr,1,9.759396,9.741042,9.822458,16
0,4,2048,128,qrblock,1,10.757479,10.651114,10.902824,14
0,4,2048,128,cpu,1,12.406625,12.386458,12.423666,13
0,4,2048,128,bidiag,1,28.055583,28.031740,28.079301,6
0,4,2048,128,cpu_vals,1,6.481583,6.467990,6.499854,24
0,4,2048,128,bidiag_vals,1,24.369875,24.323604,24.461521,7
0,16,512,16,jacobi,1,0.396625,0.389250,1.157541,25
0,16,512,16,qr,1,1.101708,1.092500,1.108125,25
0,16,512,16,cpu,1,0.963959,0.958792,0.968500,25
0,1,64,16,jacobi,1,0.510209,0.397083,0.527666,25
0,1,64,16,qr,1,0.452958,0.428875,0.470291,25
0,1,64,16,cpu,1,0.037375,0.029416,0.037833,25
0,256,192,192,jacobi,1,408.168125,405.263229,409.539375,3
0,256,192,192,block,1,147.918958,147.848459,148.521917,5
0,256,192,192,cpu,1,471.540125,470.454729,472.135021,3
0,256,192,192,bidiag,1,1798.563917,1798.355938,1799.441480,3
0,256,192,192,cpu_vals,1,212.016542,211.992084,212.264083,5
0,256,192,192,bidiag_vals,1,1453.299083,1452.774729,1454.436084,3
0,16,96,96,jacobi,1,2.597208,2.590750,2.614500,25
0,16,96,96,block,1,4.699500,4.680667,4.763667,25
0,16,96,96,cpu,1,8.365542,8.339063,8.404802,18
0,256,512,256,jacobi,1,1759.243625,1755.433937,1762.798271,3
0,256,512,256,block,1,415.823458,415.630979,416.114959,3
0,256,512,256,qr,1,1089.577375,1086.971896,1090.769521,3
0,256,512,256,qrblock,1,358.259875,357.414230,359.073625,3
0,64,512,32,jacobi,1,2.267708,2.252208,2.283958,25
0,64,512,32,block,1,3.647042,3.630958,3.680334,25
0,64,512,32,qr,1,3.158125,3.090625,3.189708,25
0,64,512,32,qrblock,1,4.197208,4.183042,4.223667,25
0,64,512,32,cpu,1,8.862041,8.846084,8.891959,17
0,256,128,32,jacobi,1,2.739292,2.737209,2.752458,25
0,256,128,32,block,1,3.650750,3.634542,3.720833,25
0,256,128,32,qr,1,3.795125,3.751584,3.840500,25
0,256,128,32,qrblock,1,4.423292,4.400667,4.453417,25
0,256,128,32,cpu,1,20.521230,20.397510,20.543574,8
0,16,64,16,jacobi,1,0.568125,0.560708,0.577125,25
0,16,64,16,qr,1,0.505041,0.498750,0.511458,25
0,16,64,16,cpu,1,0.451542,0.447834,0.455500,25
0,64,32,16,jacobi,1,0.889625,0.718209,0.937541,25
0,64,32,16,qr,1,0.782250,0.763958,0.787208,25
0,64,32,16,cpu,1,1.593792,1.580667,1.609459,25
0,4,384,384,jacobi,1,126.988500,126.951250,127.009584,5
0,4,384,384,block,1,28.880813,28.865209,28.931323,6
0,4,384,384,cpu,1,30.721666,30.467166,31.446500,5
0,4,384,384,bidiag,1,68.242041,68.192583,68.401792,5
0,4,384,384,cpu_vals,1,14.387042,14.374166,14.397500,11
0,4,384,384,bidiag_vals,1,52.225083,52.202500,52.302875,5
0,64,256,16,jacobi,1,0.473542,0.468750,0.493125,25
0,64,256,16,qr,1,1.205083,1.195500,1.230958,25
0,64,256,16,cpu,1,2.415833,2.401041,2.439708,25
0,4096,4,4,jacobi,1,1.165959,0.417166,1.230083,25
0,4096,4,4,cpu,1,8.143333,8.020834,8.224417,19
0,1,1024,1024,jacobi,1,2820.749416,2820.528375,2821.158562,3
0,1,1024,1024,block,1,115.308834,115.294667,115.475750,5
0,1,1024,1024,cpu,1,77.530625,77.421334,77.619541,5
0,1,1024,1024,bidiag,1,76.169208,76.145000,76.212292,5
0,1,1024,1024,cpu_vals,1,35.553459,35.490917,35.625584,5
0,1,1024,1024,bidiag_vals,1,47.321042,47.282500,47.352292,5
0,16,128,32,jacobi,1,1.052625,0.514083,1.293959,25
0,16,128,32,block,1,2.081917,2.054542,2.100541,25
0,16,128,32,qr,1,0.975375,0.968875,0.982375,25
0,16,128,32,qrblock,1,2.364167,2.333958,2.394500,25
0,16,128,32,cpu,1,1.332083,1.318833,1.342209,25
0,1,32,8,jacobi,1,0.279125,0.269166,0.293417,25
0,1,32,8,qr,1,0.391458,0.384375,0.435167,25
0,1,32,8,cpu,1,0.010625,0.010542,0.010833,25
0,16,32,16,jacobi,1,0.513458,0.484875,0.531292,25
0,16,32,16,qr,1,0.485875,0.481375,0.491708,25
0,16,32,16,cpu,1,0.391917,0.389750,0.393792,25
0,1,4,4,jacobi,1,0.238375,0.217458,0.247500,25
0,1,4,4,cpu,1,0.004000,0.004000,0.004292,25
0,16,2048,256,jacobi,1,519.697209,518.202188,519.802250,3
0,16,2048,256,block,1,68.374917,68.139958,68.968625,5
0,16,2048,256,qr,1,76.970833,76.670542,77.006083,5
0,16,2048,256,qrblock,1,39.525459,39.143250,39.620542,5
0,16,2048,256,cpu,1,140.627916,140.479208,141.491833,5
0,16,2048,256,bidiag,1,256.702666,256.424750,256.852875,5
0,16,2048,256,cpu_vals,1,65.570875,65.567917,65.673583,5
0,16,2048,256,bidiag_vals,1,215.992333,215.825416,216.048917,5
0,1024,256,256,jacobi,1,4485.755625,4485.600500,4489.406520,3
0,1024,256,256,block,1,1375.439000,1375.140854,1377.312979,3
0,1,2048,128,jacobi,1,34.425416,34.408708,34.432000,5
0,1,2048,128,block,1,11.349187,11.286605,11.517573,14
0,1,2048,128,qr,1,6.936063,6.907187,6.969938,22
0,1,2048,128,qrblock,1,8.134542,8.014521,8.176105,19
0,1,2048,128,cpu,1,3.151667,3.139375,3.157417,25
0,1,2048,128,bidiag,1,7.044562,6.982458,7.094302,22
0,1,2048,128,cpu_vals,1,1.657708,1.650959,1.664959,25
0,1,2048,128,bidiag_vals,1,6.111750,6.045417,6.154750,25
0,1024,128,32,jacobi,1,9.487000,9.473688,9.534468,16
0,1024,128,32,block,1,9.853770,9.763875,9.988813,16
0,1024,128,32,qr,1,13.271959,13.158812,13.437333,12
0,1024,128,32,qrblock,1,12.496875,12.323042,12.573292,13
0,1024,128,32,cpu,1,82.355292,82.161125,82.478875,5
0,4096,128,128,jacobi,1,1891.382875,1891.307500,1891.556125,3
0,4096,128,128,block,1,752.422750,751.901187,752.724291,3
0,1,3072,3072,cpu,1,1304.032334,1303.890917,1307.249438,3
0,1,3072,3072,bidiag,1,710.822167,709.330604,711.271729,3
0,1,3072,3072,cpu_vals,1,713.593208,703.203250,719.548812,3
0,1,3072,3072,bidiag_vals,1,433.423750,432.050646,433.572125,3
0,64,8,8,jacobi,1,0.365417,0.354375,0.373708,25
0,64,8,8,cpu,1,0.314542,0.313250,0.316042,25
0,4,2048,256,jacobi,1,210.061375,209.978042,210.403417,5
0,4,2048,256,block,1,30.194167,30.087209,30.221750,5
0,4,2048,256,qr,1,38.271750,38.270209,38.328125,5
0,4,2048,256,qrblock,1,22.363958,22.296416,22.397937,7
0,4,2048,256,cpu,1,35.251708,35.140166,35.802791,5
0,4,2048,256,bidiag,1,63.902167,63.823833,63.935417,5
0,4,2048,256,cpu_vals,1,16.413708,16.395073,16.440688,10
0,4,2048,256,bidiag_vals,1,53.911791,53.893208,53.985958,5
0,64,1024,256,jacobi,1,881.150625,877.853917,882.265771,3
0,64,1024,256,block,1,166.359458,165.688125,166.453084,5
0,64,1024,256,qr,1,292.605291,292.327333,293.433375,5
0,64,1024,256,qrblock,1,106.125416,105.962084,106.150042,5
0,64,1024,256,cpu,1,415.019792,413.689875,415.033959,3
0,64,1024,256,bidiag,1,863.836125,863.758104,864.975875,3
0,64,1024,256,cpu_vals,1,188.677917,188.578041,188.709458,5
0,64,1024,256,bidiag_vals,1,711.737709,711.634917,712.113812,3
0,64,512,16,jacobi,1,0.682584,0.663834,0.720250,25
0,64,512,16,qr,1,2.293000,2.263666,2.324625,25
0,64,512,16,cpu,1,3.702625,3.609584,3.740000,25
0,64,256,32,jacobi,1,1.371458,1.329458,1.385333,25
0,64,256,32,block,1,2.596333,2.574916,2.618958,25
0,64,256,32,qr,1,2.070583,2.011208,2.130333,25
0,64,256,32,qrblock,1,3.157792,3.121750,3.229584,25
0,64,256,32,cpu,1,6.152625,6.112792,6.203708,25
0,4,512,128,jacobi,1,10.451208,10.441021,10.456354,15
0,4,512,128,block,1,6.842375,6.777886,6.925813,22
0,4,512,128,qr,1,6.388938,6.370677,6.397573,24
0,4,512,128,qrblock,1,7.382917,7.318334,7.454458,21
0,4,512,128,cpu,1,6.510022,6.498396,6.540938,24
0,4,512,128,bidiag,1,19.882563,19.840500,19.964615,8
0,4,512,128,cpu_vals,1,3.588542,3.579708,3.596584,25
0,4,512,128,bidiag_vals,1,16.379646,16.323322,16.436958,10
0,256,128,64,jacobi,1,15.199500,15.047896,15.370573,10
0,256,128,64,block,1,9.195167,9.151584,9.282291,17
0,256,128,64,qr,1,15.572520,15.320001,16.002791,10
0,256,128,64,qrblock,1,11.112042,11.036708,11.216584,14
0,256,128,64,cpu,1,65.288167,65.232209,65.296250,5
0,1024,256,8,jacobi,1,1.451333,1.419416,1.477458,25
0,1024,256,8,qr,1,6.629792,6.566270,6.665333,23
0,1024,256,8,cpu,1,12.822188,12.814427,12.876240,12
0,16,256,256,jacobi,1,66.054875,66.036709,66.060750,5
0,16,256,256,block,1,24.896875,24.701604,24.919980,7
0,16,256,256,cpu,1,61.705875,61.624833,62.418792,5
0,16,256,256,bidiag,1,164.511000,164.461041,164.708125,5
0,16,256,256,cpu_vals,1,28.705084,28.666459,28.967708,6
0,16,256,256,bidiag_vals,1,128.532292,128.527541,128.685000,5
0,16,128,16,jacobi,1,0.279541,0.270291,0.286791,25
0,16,128,16,qr,1,0.574084,0.570292,0.577292,25
0,16,128,16,cpu,1,0.511667,0.496958,0.515125,25
0,1024,128,16,jacobi,1,2.718042,2.698500,2.739208,25
0,1024,128,16,qr,1,4.839375,4.767583,4.867833,25
0,1024,128,16,cpu,1,30.636250,30.581667,30.771417,5
0,1,96,96,jacobi,1,2.349709,2.334958,2.358000,25
0,1,96,96,block,1,3.901542,3.833958,3.922834,25
0,1,96,96,cpu,1,0.544875,0.543042,0.547458,25
0,1,512,256,jacobi,1,48.131208,48.115958,48.145750,5
0,1,512,256,block,1,12.280916,12.242834,12.316417,13
0,1,512,256,qr,1,31.853542,31.852625,31.892958,5
0,1,512,256,qrblock,1,12.176334,12.150250,12.326875,13
0,1,512,256,cpu,1,5.405500,5.304583,5.446750,25
0,1,512,256,bidiag,1,12.275084,12.256792,12.324208,13
0,1,512,256,cpu_vals,1,2.401792,2.396209,2.407625,25
0,1,512,256,bidiag_vals,1,9.980750,9.966729,10.012333,16
0,1024,128,8,jacobi,1,0.979958,0.946083,0.996042,25
0,1024,128,8,qr,1,2.827083,2.805667,2.853542,25
0,1024,128,8,cpu,1,9.228541,9.191000,9.268500,17
0,1024,2048,128,qr,1,927.387542,914.253167,931.749563,3
0,1024,2048,128,qrblock,1,654.457583,650.490542,657.268188,3
0,64,256,64,jacobi,1,5.094833,5.085250,5.105792,25
0,64,256,64,block,1,4.675958,4.632750,4.716083,25
0,64,256,64,qr,1,4.997792,4.938583,5.041292,25
0,64,256,64,qrblock,1,5.472000,5.406458,5.526334,25
0,64,256,64,cpu,1,17.970458,17.957958,17.973791,9
0,4,768,768,jacobi,1,1272.223042,1269.646438,1279.950563,3
0,4,768,768,block,1,116.241583,116.158041,116.324500,5
0,4,768,768,cpu,1,132.614459,132.564709,132.734291,5
0,4,768,768,bidiag,1,192.265167,191.842833,192.297334,5
0,4,768,768,cpu_vals,1,64.011375,63.995208,64.085958,5
0,4,768,768,bidiag_vals,1,125.403000,125.142708,125.621209,5
0,64,256,8,jacobi,1,0.373542,0.364125,0.396916,25
0,64,256,8,qr,1,1.040833,1.006042,1.143208,25
0,64,256,8,cpu,1,0.857250,0.850167,0.865750,25
0,4,128,128,jacobi,1,4.931583,4.927250,4.937542,25
0,4,128,128,block,1,6.168417,6.071708,6.296917,25
0,4,128,128,cpu,1,4.103250,4.083417,4.139584,25
0,4,128,128,bidiag,1,17.271125,17.216750,17.382458,9
0,4,128,128,cpu_vals,1,2.480334,2.468750,2.503084,25
0,4,128,128,bidiag_vals,1,13.855625,13.807749,13.898604,11
0,256,256,256,jacobi,1,1115.575917,1114.887646,1116.105750,3
0,256,256,256,block,1,346.135667,346.000563,346.370042,3
0,64,512,512,jacobi,1,4110.586208,4109.767458,4111.812729,3
0,64,512,512,block,1,629.368625,629.361020,629.509834,3
0,64,512,512,cpu,1,1032.182458,1031.842854,1032.741374,3
0,64,512,512,bidiag,1,1643.995209,1643.843146,1644.506667,3
0,64,512,512,cpu_vals,1,489.206208,489.066770,489.433771,3
0,64,512,512,bidiag_vals,1,1202.820291,1201.294875,1203.532145,3
0,4096,1024,128,qrblock,1,1725.679291,1707.666416,1727.851187,3
0,4096,16,16,jacobi,1,5.750917,5.728375,5.782041,25
0,4096,16,16,cpu,1,58.861375,58.837208,58.948792,5
0,256,16,8,jacobi,1,0.762167,0.698417,0.768375,25
0,256,16,8,qr,1,0.710250,0.698667,0.739708,25
0,256,16,8,cpu,1,1.597000,1.586208,1.609625,25
0,1,1024,256,jacobi,1,85.948334,85.907084,85.981416,5
0,1,1024,256,block,1,15.629354,15.498989,15.714656,10
0,1,1024,256,qr,1,31.301292,31.275208,31.460792,5
0,1,1024,256,qrblock,1,14.024791,13.963480,14.155188,11
0,1,1024,256,cpu,1,6.553250,6.297906,6.644042,24
0,1,1024,256,bidiag,1,13.536542,13.519063,13.686365,12
0,1,1024,256,cpu_vals,1,2.993416,2.984583,3.006167,25
0,1,1024,256,bidiag_vals,1,11.167271,11.120937,11.204656,14
0,4,512,16,jacobi,1,0.366250,0.361250,0.375041,25
0,4,512,16,qr,1,0.586708,0.579542,0.589875,25
0,4,512,16,cpu,1,0.258083,0.249417,0.261333,25
0,4096,128,32,jacobi,1,35.663708,35.562708,35.838333,5
0,4096,128,32,block,1,33.575584,33.139541,33.727291,5
0,4096,128,32,qr,1,45.033666,44.794167,45.128292,5
0,4096,128,32,qrblock,1,40.600500,40.293583,40.602292,5
0,4096,128,32,cpu,1,330.225208,330.131167,332.435979,3
0,1,2048,64,jacobi,1,8.527209,8.525250,8.535260,18
0,1,2048,64,block,1,7.664188,7.615469,7.738500,20
0,1,2048,64,qr,1,1.903834,1.897250,1.966291,25
0,1,2048,64,qrblock,1,3.180958,3.147250,3.214334,25
0,1,2048,64,cpu,1,0.901333,0.897542,0.916000,25
0,16,48,48,jacobi,1,0.864958,0.775167,0.872625,25
0,16,48,48,block,1,2.864958,2.836333,2.915875,25
0,16,48,48,cpu,1,1.870208,1.841167,1.910250,25
0,256,64,32,jacobi,1,2.425042,2.413708,2.431833,25
0,256,64,32,block,1,3.025917,3.002917,3.124000,25
0,256,64,32,qr,1,3.166417,3.128750,3.192041,25
0,256,64,32,qrblock,1,3.768292,3.733625,3.823042,25
0,256,64,32,cpu,1,17.110000,17.065958,17.126042,9
0,64,1024,32,jacobi,1,8.013458,7.969146,8.060688,19
0,64,1024,32,block,1,5.694708,5.645792,5.780167,25
0,64,1024,32,qr,1,4.588833,4.557334,4.657250,25
0,64,1024,32,qrblock,1,5.672833,5.620625,5.763333,25
0,64,1024,32,cpu,1,13.044166,13.026968,13.096417,12
0,16,2048,128,jacobi,1,87.756708,87.744458,87.763541,5
0,16,2048,128,block,1,20.864104,20.762646,20.936198,8
0,16,2048,128,qr,1,14.033417,13.972292,14.087208,11
0,16,2048,128,qrblock,1,15.598645,15.435948,15.818386,10
0,16,2048,128,cpu,1,49.619667,49.565292,49.702167,5
0,16,2048,128,bidiag,1,111.914834,111.783833,111.918625,5
0,16,2048,128,cpu_vals,1,25.720083,25.700021,25.754677,6
0,16,2048,128,bidiag_vals,1,96.937750,96.581041,97.046833,5
0,4,2048,64,jacobi,1,8.658063,8.642719,8.685624,18
0,4,2048,64,block,1,8.246583,8.201230,8.335271,19
0,4,2048,64,qr,1,4.411250,4.366542,4.449584,25
0,4,2048,64,qrblock,1,6.073625,6.004166,6.109417,25
0,4,2048,64,cpu,1,3.460334,3.451084,3.484459,25
0,1,128,128,jacobi,1,4.904667,4.898959,4.909666,25
0,1,128,128,block,1,6.067083,5.995667,6.183792,25
0,1,128,128,cpu,1,1.037750,1.030625,1.041292,25
0,1,128,128,bidiag,1,4.353375,4.321792,4.379042,25
0,1,128,128,cpu_vals,1,0.628958,0.624667,0.630708,25
0,1,128,128,bidiag_vals,1,3.473042,3.424333,3.530625,25
0,4,1024,32,jacobi,1,0.995584,0.978709,1.033458,25
0,4,1024,32,block,1,4.112750,4.026708,4.207792,25
0,4,1024,32,qr,1,1.177500,1.169500,1.186084,25
0,4,1024,32,qrblock,1,2.585375,2.560292,2.620125,25
0,4,1024,32,cpu,1,0.867458,0.864833,0.871292,25
0,4096,512,32,jacobi,1,197.034042,196.776708,197.979708,5
0,4096,512,32,block,1,86.378167,85.874250,86.669375,5
0,4096,512,32,qr,1,139.055833,138.267917,142.871750,5
0,4096,512,32,qrblock,1,131.376958,131.085416,132.044500,5
0,4096,512,32,cpu,1,578.300333,577.319854,579.290792,3
0,1024,512,256,qrblock,1,1551.659792,1550.804063,1556.424583,3
0,4,48,48,jacobi,1,0.845625,0.756500,1.032416,25
0,4,48,48,block,1,2.503583,2.490917,2.559584,25
0,4,48,48,cpu,1,0.490791,0.486459,0.495292,25
0,1024,32,16,jacobi,1,1.739708,1.734709,1.763958,25
0,1024,32,16,qr,1,2.698458,2.682125,2.728250,25
0,1024,32,16,cpu,1,23.883000,23.807708,23.920625,7
0,1024,64,32,jacobi,1,7.989584,7.953271,8.082417,19
0,1024,64,32,block,1,7.633750,7.457593,8.033083,20
0,1024,64,32,qr,1,10.151209,10.110500,10.239479,15
0,1024,64,32,qrblock,1,9.139417,9.031583,9.395458,17
0,1024,64,32,cpu,1,68.096291,68.020875,68.227417,5
0,1,256,64,jacobi,1,1.485084,1.445209,1.509125,25
0,1,256,64,block,1,3.127875,3.041958,3.226750,25
0,1,256,64,qr,1,1.374167,1.345416,1.409167,25
0,1,256,64,qrblock,1,2.805084,2.776625,2.845958,25
0,1,256,64,cpu,1,0.305459,0.303125,0.307167,25
0,4,32,8,jacobi,1,0.311083,0.300542,0.325667,25
0,4,32,8,qr,1,0.373375,0.357417,0.383125,25
0,4,32,8,cpu,1,0.030417,0.030083,0.030666,25
0,256,96,96,jacobi,1,47.860250,47.790959,47.918125,5
0,256,96,96,block,1,22.178458,21.965250,22.495500,7
0,256,96,96,cpu,1,134.357458,134.328458,134.395792,5
0,4096,256,64,jacobi,1,424.188750,422.801875,424.259479,3
0,4096,256,64,block,1,178.679083,178.151167,178.841084,5
0,4096,256,64,qr,1,289.325541,287.278083,291.234666,5
0,4096,256,64,qrblock,1,193.050000,191.804083,193.782250,5
0,4096,256,64,cpu,1,1144.559375,1144.550334,1145.416958,3
0,256,2048,256,qr,1,1254.538375,1254.533208,1257.566333,3
0,256,2048,256,qrblock,1,581.857834,579.204250,582.846563,3
0,64,16,8,jacobi,1,0.347959,0.337750,0.356167,25
0,64,16,8,qr,1,0.601667,0.590375,0.717750,25
0,64,16,8,cpu,1,0.410708,0.409250,0.413625,25
0,1024,8,8,jacobi,1,0.805625,0.543375,0.948500,25
0,1024,8,8,cpu,1,4.696959,4.645083,4.745416,25
0,4,1024,1024,jacobi,1,4006.653542,4005.586896,4007.559521,3
0,4,1024,1024,block,1,295.879834,295.598416,295.889083,5
0,4,1024,1024,cpu,1,309.009709,309.005063,309.574187,3
0,4,1024,1024,bidiag,1,302.571667,302.239812,303.835854,3
0,4,1024,1024,cpu_vals,1,142.682500,142.619375,142.693250,5
0,4,1024,1024,bidiag_vals,1,188.444667,188.291083,188.825458,5
0,1,768,768,jacobi,1,1030.195583,1029.916375,1030.230895,3
0,1,768,768,block,1,65.105667,65.005875,65.195958,5
0,1,768,768,cpu,1,33.675709,33.408875,34.145541,5
0,1,768,768,bidiag,1,46.251083,46.147250,46.295417,5
0,1,768,768,cpu_vals,1,16.110000,16.092354,16.114896,10
0,1,768,768,bidiag_vals,1,31.424750,31.402792,31.451958,5
0,4,192,192,jacobi,1,15.338104,15.331760,15.344593,10
0,4,192,192,block,1,9.811395,9.733542,9.841719,16
0,4,192,192,cpu,1,7.363000,7.289750,7.464625,21
0,4,192,192,bidiag,1,28.042396,27.986823,28.084312,6
0,4,192,192,cpu_vals,1,3.336291,3.332125,3.346083,25
0,4,192,192,bidiag_vals,1,22.753167,22.743187,22.789146,7
0,64,256,128,jacobi,1,30.685500,30.543333,30.758625,5
0,64,256,128,block,1,14.742708,14.694917,14.849688,11
0,64,256,128,qr,1,34.330916,34.205625,34.684875,5
0,64,256,128,qrblock,1,16.310687,16.221364,16.397886,10
0,64,256,128,cpu,1,84.997958,84.958000,85.003125,5
0,64,256,128,bidiag,1,298.017500,297.929709,298.128083,5
0,64,256,128,cpu_vals,1,48.693791,48.656334,48.758375,5
0,64,256,128,bidiag_vals,1,243.278084,242.640250,243.530709,5
0,1024,16,8,jacobi,1,0.512042,0.509416,0.521584,25
0,1024,16,8,qr,1,1.202042,1.191542,1.283417,25
0,1024,16,8,cpu,1,6.070125,6.058583,6.090583,25
0,4,128,64,jacobi,1,1.244459,1.197584,1.299750,25
0,4,128,64,block,1,2.659792,2.610375,2.735541,25
0,4,128,64,qr,1,1.567334,1.555125,1.624708,25
0,4,128,64,qrblock,1,2.988917,2.951834,3.013750,25
0,4,128,64,cpu,1,1.047625,1.043042,1.060917,25
0,64,48,48,jacobi,1,1.863166,1.857792,1.889250,25
0,64,48,48,block,1,3.622458,3.559834,3.713375,25
0,64,48,48,cpu,1,7.216333,7.182709,7.242208,21
0,256,384,384,jacobi,1,4687.591750,4684.841291,4705.055500,3
0,256,384,384,block,1,1141.396916,1140.247166,1142.329874,3
0,4,128,32,jacobi,1,0.412666,0.395500,1.311875,25
0,4,128,32,block,1,2.068583,1.963500,2.089500,25
0,4,128,32,qr,1,0.613083,0.606625,0.624833,25
0,4,128,32,qrblock,1,2.019959,1.988833,2.065958,25
0,4,128,32,cpu,1,0.338000,0.334417,0.340417,25
0,64,192,192,jacobi,1,109.375041,109.227750,109.994958,5
0,64,192,192,block,1,37.672583,37.469667,37.847500,5
0,64,192,192,cpu,1,118.171875,117.975459,118.281959,5
0,64,192,192,bidiag,1,451.896333,451.872292,451.957958,3
0,64,192,192,cpu_vals,1,53.708125,53.682167,53.736666,5
0,64,192,192,bidiag_vals,1,364.775916,364.772333,364.854979,3
0,16,2048,64,jacobi,1,19.559625,19.536750,19.580261,8
0,16,2048,64,block,1,10.229666,10.071354,10.313625,15
0,16,2048,64,qr,1,5.490916,5.436833,5.520958,25
0,16,2048,64,qrblock,1,7.132376,7.068375,7.176636,22
0,16,2048,64,cpu,1,13.543146,13.525385,13.593750,12
0,1,256,8,jacobi,1,0.443209,0.413667,0.465875,25
0,1,256,8,qr,1,0.386583,0.373375,0.406333,25
0,1,256,8,cpu,1,0.018375,0.018333,0.018542,25
0,4,32,32,jacobi,1,0.393375,0.359417,1.135708,25
0,4,32,32,block,1,1.948333,1.922042,1.977792,25
0,4,32,32,cpu,1,0.231208,0.228792,0.232792,25
0,4,16,16,jacobi,1,0.469667,0.397792,0.507292,25
0,4,16,16,cpu,1,0.065584,0.065417,0.065833,25
0,64,64,16,jacobi,1,0.968084,0.807750,1.017666,25
0,64,64,16,qr,1,0.831875,0.824542,0.837500,25
0,64,64,16,cpu,1,1.768208,1.745917,1.785792,25
0,1024,64,16,jacobi,1,2.102959,2.096375,2.125917,25
0,1024,64,16,qr,1,3.303833,3.276459,3.341000,25
0,1024,64,16,cpu,1,27.365541,27.243959,27.417906,6
0,1024,1024,64,jacobi,1,624.308625,623.413875,624.427895,3
0,1024,1024,64,block,1,121.803417,121.585750,122.225000,5
0,1024,1024,64,qr,1,153.947875,153.662792,155.186959,5
0,1024,1024,64,qrblock,1,131.043334,130.704208,139.404625,5
0,1024,1024,64,cpu,1,560.072000,559.842042,561.754563,3
0,1,1024,128,jacobi,1,18.380667,18.373500,18.383417,9
0,1,1024,128,block,1,8.756521,8.705781,8.793875,18
0,1,1024,128,qr,1,5.565000,5.557000,5.570000,25
0,1,1024,128,qrblock,1,6.482771,6.440739,6.525167,24
0,1,1024,128,cpu,1,2.153333,2.145834,2.170375,25
0,1,1024,128,bidiag,1,5.535458,5.498959,5.593167,25
0,1,1024,128,cpu_vals,1,1.166208,1.160791,1.168750,25
0,1,1024,128,bidiag_vals,1,5.064458,4.718125,5.123875,25
0,4096,1024,32,jacobi,1,568.807583,567.503750,569.139938,3
0,4096,1024,32,block,1,163.673958,162.765417,164.458334,5
0,4096,1024,32,qr,1,236.899875,233.159500,239.915042,5
0,4096,1024,32,qrblock,1,249.577792,247.625750,255.070542,5
0,4096,1024,32,cpu,1,838.159500,836.351708,838.470250,3
0,1024,64,64,jacobi,1,52.017583,51.952750,52.081250,5
0,1024,64,64,block,1,30.367083,30.112917,30.453125,5
0,1024,64,64,cpu,1,184.056666,184.006209,184.235958,5
0,16,256,32,jacobi,1,0.518667,0.505292,1.421833,25
0,16,256,32,block,1,2.338500,2.294333,2.364584,25
0,16,256,32,qr,1,1.248917,1.230833,1.281750,25
0,16,256,32,qrblock,1,2.619084,2.598375,2.694042,25
0,16,256,32,cpu,1,1.604208,1.596333,1.614792,25
0,256,2048,64,jacobi,1,325.675750,325.509063,325.910188,3
0,256,2048,64,block,1,58.987041,58.838292,59.259541,5
0,256,2048,64,qr,1,66.483292,64.787334,66.732708,5
0,256,2048,64,qrblock,1,62.904125,62.510500,63.338792,5
0,256,2048,64,cpu,1,218.601208,217.896958,219.241667,5
0,4096,512,64,jacobi,1,591.456292,589.748542,594.685604,3
0,4096,512,64,block,1,290.032792,287.344459,292.315333,5
0,4096,512,64,qr,1,424.698000,420.063917,426.910000,3
0,4096,512,64,qrblock,1,329.306750,328.583917,341.714375,3
0,4096,512,64,cpu,1,1620.941417,1620.328437,1621.540459,3
0,4,128,16,jacobi,1,0.606916,0.602542,0.615917,25
0,4,128,16,qr,1,0.468167,0.464916,0.474750,25
0,4,128,16,cpu,1,0.137208,0.133625,0.139625,25
0,16,256,16,jacobi,1,0.526625,0.509834,0.820667,25
0,16,256,16,qr,1,0.686375,0.681584,0.695583,25
0,16,256,16,cpu,1,0.627500,0.623667,0.631542,25
0,4096,128,8,jacobi,1,2.854333,2.826500,2.896250,25
0,4096,128,8,qr,1,10.158041,9.976709,10.232834,15
0,4096,128,8,cpu,1,36.962750,36.811666,36.971583,5
0,16,512,128,jacobi,1,13.779334,13.759292,13.799812,11
0,16,512,128,block,1,8.765729,8.657458,8.846885,18
0,16,512,128,qr,1,7.303083,7.252292,7.346458,21
0,16,512,128,qrblock,1,8.798770,8.706136,8.818031,18
0,16,512,128,cpu,1,25.723959,25.636417,25.891688,6
0,16,512,128,bidiag,1,79.515750,79.481917,79.545917,5
0,16,512,128,cpu_vals,1,14.275042,14.258167,14.295396,11
0,16,512,128,bidiag_vals,1,65.764208,65.760667,65.990250,5
0,1,64,64,jacobi,1,1.086792,1.078375,1.114667,25
0,1,64,64,block,1,3.007958,2.964125,3.060000,25
0,1,64,64,cpu,1,0.204542,0.201125,0.206333,25
0,1024,1024,128,jacobi,1,2881.141709,2877.885625,2884.753396,3
0,1024,1024,128,block,1,532.522209,531.219333,532.837855,3
0,1024,1024,128,qr,1,664.857750,663.566563,668.760500,3
0,1024,1024,128,qrblock,1,393.752959,393.626500,395.634876,3
0,2,1536,1536,cpu,1,353.006167,352.844042,353.177271,3
0,2,1536,1536,bidiag,1,332.814792,331.476354,334.135000,3
0,2,1536,1536,cpu_vals,1,169.152875,169.083167,169.158500,5
0,2,1536,1536,bidiag_vals,1,191.214458,191.195625,191.398417,5
0,4,256,64,jacobi,1,1.469083,1.458458,1.526958,25
0,4,256,64,block,1,3.109666,3.023000,3.138709,25
0,4,256,64,qr,1,1.682250,1.637625,1.731333,25
0,4,256,64,qrblock,1,3.101000,3.066625,3.147792,25
0,4,256,64,cpu,1,1.167667,1.157125,1.189084,25
0,1024,128,64,jacobi,1,71.130875,71.125458,71.269083,5
0,1024,128,64,block,1,33.600583,33.471750,33.729542,5
0,1024,128,64,qr,1,60.243125,60.077583,60.395500,5
0,1024,128,64,qrblock,1,37.542209,37.410041,37.702458,5
0,1024,128,64,cpu,1,261.538917,261.349542,261.709583,5
0,1,512,64,jacobi,1,2.074584,2.070500,2.084041,25
0,1,512,64,block,1,3.936958,3.883375,4.008375,25
0,1,512,64,qr,1,1.395375,1.360750,1.459667,25
0,1,512,64,qrblock,1,2.929583,2.899417,3.011375,25
0,1,512,64,cpu,1,0.423791,0.421417,0.428042,25
0,1,16,16,jacobi,1,0.477000,0.373709,0.498208,25
0,1,16,16,cpu,1,0.018583,0.018458,0.018750,25
0,256,256,64,jacobi,1,26.011063,25.920656,26.096500,6
0,256,256,64,block,1,12.815875,12.733948,12.955157,12
0,256,256,64,qr,1,19.734084,18.777105,19.929260,8
0,256,256,64,qrblock,1,15.101667,14.990614,15.276437,10
0,256,256,64,cpu,1,72.050875,71.974625,72.273708,5
0,16,16,8,jacobi,1,0.306083,0.299541,0.317125,25
0,16,16,8,qr,1,0.550000,0.400583,0.581209,25
0,16,16,8,cpu,1,0.100042,0.099709,0.100333,25
0,1,512,32,jacobi,1,1.035542,0.671208,1.095125,25
0,1,512,32,block,1,2.806125,2.765833,2.862875,25
0,1,512,32,qr,1,0.636791,0.631666,0.639875,25
0,1,512,32,qrblock,1,2.340416,2.171792,2.400416,25
0,1,512,32,cpu,1,0.157834,0.157209,0.159917,25
0,1,16,8,jacobi,1,0.226583,0.193667,0.273583,25
0,1,16,8,qr,1,0.390417,0.370584,0.411208,25
0,1,16,8,cpu,1,0.010083,0.010000,0.010292,25
0,64,64,32,jacobi,1,1.276708,0.875625,1.454958,25
0,64,64,32,block,1,2.269167,2.199791,2.330834,25
0,64,64,32,qr,1,1.479250,1.433375,1.491042,25
0,64,64,32,qrblock,1,2.725584,2.696459,2.748083,25
0,64,64,32,cpu,1,4.315500,4.279042,4.358375,25
0,64,128,8,jacobi,1,0.447541,0.440625,0.456375,25
0,64,128,8,qr,1,0.791167,0.769917,0.808333,25
0,64,128,8,cpu,1,0.626125,0.621083,0.633542,25
0,1024,256,64,jacobi,1,105.322167,105.089500,105.644166,5
0,1024,256,64,block,1,45.462208,45.236917,45.466125,5
0,1024,256,64,qr,1,71.159458,71.103208,71.333041,5
0,1024,256,64,qrblock,1,49.743459,49.706750,49.761667,5
0,1024,256,64,cpu,1,289.342833,289.305791,289.348833,5
0,4096,512,16,jacobi,1,46.597208,45.112833,46.758584,5
0,4096,512,16,qr,1,90.363209,89.489375,90.718292,5
0,4096,512,16,cpu,1,232.477083,231.974333,232.603875,5
0,16,32,8,jacobi,1,0.354041,0.348250,0.362458,25
0,16,32,8,qr,1,0.432666,0.426792,0.439583,25
0,16,32,8,cpu,1,0.120500,0.117667,0.122000,25
0,1,64,8,jacobi,1,0.328250,0.303375,0.374500,25
0,1,64,8,qr,1,0.388541,0.370458,0.407334,25
0,1,64,8,cpu,1,0.012167,0.012125,0.012250,25
0,256,64,64,jacobi,1,13.236479,12.662156,13.500500,12
0,256,64,64,block,1,8.892541,8.841958,9.090292,17
0,256,64,64,cpu,1,46.304084,46.278666,46.469000,5
0,4,16,8,jacobi,1,0.312875,0.295583,0.339333,25
0,4,16,8,qr,1,0.509917,0.399583,0.556834,25
0,4,16,8,cpu,1,0.027250,0.026875,0.028000,25
0,1024,48,48,jacobi,1,21.090666,21.037375,21.138219,8
0,1024,48,48,block,1,25.890791,25.781531,26.148333,6
0,1024,48,48,cpu,1,115.095041,114.879791,115.169417,5
0,4,64,64,jacobi,1,1.088416,1.081667,1.142833,25
0,4,64,64,block,1,2.971625,2.871750,3.186708,25
0,4,64,64,cpu,1,0.732584,0.726042,0.766084,25
0,16,1024,64,jacobi,1,5.272375,5.251417,5.297917,25
0,16,1024,64,block,1,6.051250,6.000083,6.110542,25
0,16,1024,64,qr,1,3.536083,3.501667,3.588542,25
0,16,1024,64,qrblock,1,5.080041,5.038875,5.195125,25
0,16,1024,64,cpu,1,8.779021,8.747386,8.807875,18
0,64,2048,128,jacobi,1,424.427334,424.222959,424.992375,3
0,64,2048,128,block,1,66.654625,66.590000,66.888250,5
0,64,2048,128,qr,1,60.818667,60.718417,61.463792,5
0,64,2048,128,qrblock,1,46.033542,45.179042,46.430375,5
0,64,2048,128,cpu,1,198.795458,198.746833,200.412542,5
0,64,2048,128,bidiag,1,446.568792,446.504646,446.850834,3
0,64,2048,128,cpu_vals,1,103.188625,103.182083,103.218750,5
0,64,2048,128,bidiag_vals,1,387.565375,386.925438,387.761062,3
0,16,512,32,jacobi,1,0.808166,0.710625,0.845959,25
0,16,512,32,block,1,2.856667,2.837250,2.895208,25
0,16,512,32,qr,1,1.470167,1.366958,1.473958,25
0,16,512,32,qrblock,1,2.864166,2.815084,2.886500,25
0,16,512,32,cpu,1,2.330750,2.324333,2.336291,25
0,4,256,128,jacobi,1,5.754250,5.747833,5.763000,25
0,4,256,128,block,1,5.851083,5.767000,5.941083,25
0,4,256,128,qr,1,5.706833,5.662500,5.761583,25
0,4,256,128,qrblock,1,6.507958,6.447687,6.572489,24
0,4,256,128,cpu,1,5.367042,5.355875,5.394416,25
0,4,256,128,bidiag,1,18.612708,18.601541,18.642459,9
0,4,256,128,cpu_vals,1,3.085834,3.076833,3.098917,25
0,4,256,128,bidiag_vals,1,15.311333,15.296021,15.373583,10
0,4,2048,2048,cpu,1,1709.780584,1708.091063,1713.131126,3
0,4,2048,2048,bidiag,1,1241.816834,1237.637458,1242.037979,3
0,4,2048,2048,cpu_vals,1,770.901625,770.706396,770.903188,3
0,4,2048,2048,bidiag_vals,1,670.368250,670.233708,670.618542,3
0,1024,256,128,jacobi,1,519.094916,517.682521,519.113625,3
0,1024,256,128,block,1,221.404000,221.263500,221.696792,5
0,1024,256,128,qr,1,495.925959,494.660750,496.536104,3
0,1024,256,128,qrblock,1,213.770584,213.162375,215.326042,5
0,1024,256,128,cpu,1,1359.720416,1359.552687,1359.762062,3
0,256,1024,64,jacobi,1,155.767875,155.107583,155.856417,5
0,256,1024,64,block,1,32.331625,32.214917,32.598500,5
0,256,1024,64,qr,1,39.304333,39.141291,39.320208,5
0,256,1024,64,qrblock,1,34.944375,34.894250,35.068250,5
0,256,1024,64,cpu,1,142.158541,141.997167,142.398375,5
0,16,512,512,jacobi,1,822.529959,822.321875,823.624417,3
0,16,512,512,block,1,153.280750,153.219333,153.337959,5
0,16,512,512,cpu,1,258.505834,258.114125,258.708583,5
0,16,512,512,bidiag,1,410.756459,410.512250,410.778542,3
0,16,512,512,cpu_vals,1,122.273750,122.212917,122.304916,5
0,16,512,512,bidiag_vals,1,300.570167,300.525875,300.741125,3
0,16,16,16,jacobi,1,0.245500,0.241625,0.250292,25
0,16,16,16,cpu,1,0.254083,0.248708,0.257250,25
0,64,128,32,jacobi,1,1.064458,1.055375,1.374375,25
0,64,128,32,block,1,2.255458,2.118166,2.330042,25
0,64,128,32,qr,1,1.617833,1.583917,1.635667,25
0,64,128,32,qrblock,1,2.676792,2.631667,2.703708,25
0,64,128,32,cpu,1,5.055666,5.024667,5.078000,25
0,4,256,32,jacobi,1,0.779334,0.490250,0.887000,25
0,4,256,32,block,1,2.227417,2.165166,2.274625,25
0,4,256,32,qr,1,0.713250,0.709667,0.718125,25
0,4,256,32,qrblock,1,2.127667,2.109625,2.145292,25
0,4,256,32,cpu,1,0.410416,0.408666,0.420917,25
1,64,1024,256,jacobi,1,853.886458,853.688562,854.003374,3
1,64,1024,256,block,1,165.104334,164.479833,165.535625,5
1,64,1024,256,qr,1,292.585292,292.450708,292.592083,5
1,64,1024,256,qrblock,1,105.189959,105.000500,105.333917,5
1,64,1024,256,cpu,1,413.962667,413.620166,414.348458,3
1,64,1024,256,bidiag,1,861.561708,860.011729,862.504604,3
1,64,1024,256,cpu_vals,1,188.793458,188.763625,188.887208,5
1,64,1024,256,bidiag_vals,1,711.593750,711.497875,712.157417,3
1,64,2048,256,jacobi,1,2368.398875,2368.262896,2369.240875,3
1,64,2048,256,block,1,280.809834,280.034000,283.175584,5
1,64,2048,256,qr,1,330.704625,330.691312,331.465688,3
1,64,2048,256,qrblock,1,146.544875,145.112250,146.580334,5
1,64,2048,256,cpu,1,566.618792,562.723625,568.204416,3
1,64,2048,256,bidiag,1,1023.764500,1023.577313,1024.530938,3
1,64,2048,256,cpu_vals,1,261.938000,261.789125,262.086792,5
1,64,2048,256,bidiag_vals,1,861.726000,861.454333,862.274146,3
1,256,1024,32,jacobi,1,34.622084,34.613208,34.696209,5
1,256,1024,32,block,1,13.158062,13.071906,13.277093,12
1,256,1024,32,qr,1,15.448729,15.389896,15.483750,10
1,256,1024,32,qrblock,1,15.942208,15.693635,16.011135,10
1,256,1024,32,cpu,1,52.686916,52.582833,52.755167,5
1,2,2048,2048,cpu,1,864.248375,863.208333,864.357146,3
1,2,2048,2048,bidiag,1,616.783916,616.331333,616.924478,3
1,2,2048,2048,cpu_vals,1,391.315708,391.284041,391.722666,3
1,2,2048,2048,bidiag_vals,1,336.258709,336.233605,336.705333,3
1,4096,1024,32,jacobi,1,565.881334,565.764896,566.624917,3
1,4096,1024,32,block,1,162.886834,161.845250,163.142333,5
1,4096,1024,32,qr,1,234.162959,230.617834,236.084375,5
1,4096,1024,32,qrblock,1,225.742458,225.563583,250.192834,5
1,4096,1024,32,cpu,1,837.441666,837.358375,837.677167,3
1,16,32,32,jacobi,1,0.402208,0.387875,1.217334,25
1,16,32,32,block,1,2.182458,2.166375,2.204916,25
1,16,32,32,cpu,1,0.876250,0.866834,0.912208,25
1,256,1024,128,jacobi,1,713.910959,713.167729,714.558334,3
1,256,1024,128,block,1,136.378417,136.310333,136.517458,5
1,256,1024,128,qr,1,167.731375,167.643875,168.190834,5
1,256,1024,128,qrblock,1,102.298208,101.121417,102.762583,5
1,256,1024,128,cpu,1,537.609667,537.601042,538.068854,3
1,256,1024,128,bidiag,1,1406.891792,1406.116854,1407.112854,3
1,256,1024,128,cpu_vals,1,288.782334,288.621833,288.793166,5
1,256,1024,128,bidiag_vals,1,1224.796250,1215.234563,1227.569937,3
1,1,512,64,jacobi,1,2.071583,2.064833,2.082208,25
1,1,512,64,block,1,3.937417,3.901167,4.018000,25
1,1,512,64,qr,1,1.413709,1.353292,1.459500,25
1,1,512,64,qrblock,1,2.873042,2.861209,3.013500,25
1,1,512,64,cpu,1,0.420750,0.418625,0.424333,25
1,1024,32,8,jacobi,1,1.124041,0.537958,1.679667,25
1,1024,32,8,qr,1,1.272375,1.255250,1.333916,25
1,1024,32,8,cpu,1,6.615417,6.515813,6.644625,23
1,1,16,8,jacobi,1,0.272375,0.230250,0.287458,25
1,1,16,8,qr,1,0.416375,0.408625,0.446292,25
1,1,16,8,cpu,1,0.010458,0.010375,0.011125,25
1,16,512,512,jacobi,1,819.732375,819.588250,822.210959,3
1,16,512,512,block,1,153.811958,153.616042,153.867208,5
1,16,512,512,cpu,1,259.557958,259.195000,259.706209,5
1,16,512,512,bidiag,1,411.072750,410.935479,411.609354,3
1,16,512,512,cpu_vals,1,122.453708,122.410834,122.511125,5
1,16,512,512,bidiag_vals,1,300.560416,300.496749,300.850979,3
1,1,32,32,jacobi,1,0.327125,0.318250,0.353875,25
1,1,32,32,block,1,2.349708,2.300292,2.401958,25
1,1,32,32,cpu,1,0.060750,0.060625,0.061375,25
1,1,256,8,jacobi,1,0.205375,0.195042,0.238250,25
1,1,256,8,qr,1,0.370250,0.346291,0.399625,25
1,1,256,8,cpu,1,0.017292,0.017250,0.017416,25
1,64,8,8,jacobi,1,0.203834,0.192792,0.207375,25
1,64,8,8,cpu,1,0.317584,0.316708,0.320084,25
1,1024,16,16,jacobi,1,1.749250,1.743000,1.791584,25
1,1024,16,16,cpu,1,14.617167,14.582458,14.640980,11
1,4,256,64,jacobi,1,1.461667,1.412708,1.471417,25
1,4,256,64,block,1,3.047709,3.000208,3.137500,25
1,4,256,64,qr,1,1.683500,1.642750,1.722084,25
1,4,256,64,qrblock,1,3.119333,3.078750,3.142959,25
1,4,256,64,cpu,1,1.197792,1.174583,1.211292,25
1,4,128,64,jacobi,1,1.264167,1.211917,1.317000,25
1,4,128,64,block,1,2.607958,2.596167,2.769875,25
1,4,128,64,qr,1,1.553208,1.509166,1.616125,25
1,4,128,64,qrblock,1,2.933709,2.910500,2.959500,25
1,4,128,64,cpu,1,1.041000,1.034750,1.045000,25
1,4,256,256,jacobi,1,34.735292,34.730875,34.744291,5
1,4,256,256,block,1,14.194791,14.071959,14.265146,11
1,4,256,256,cpu,1,15.130667,15.065031,15.535573,10
1,4,256,256,bidiag,1,41.285666,41.210791,41.485167,5
1,4,256,256,cpu_vals,1,6.778125,6.768250,6.789458,23
1,4,256,256,bidiag_vals,1,32.136667,32.076542,32.150958,5
1,4,384,384,jacobi,1,126.969709,126.912917,126.988958,5
1,4,384,384,block,1,28.946146,28.919437,29.019791,6
1,4,384,384,cpu,1,30.580958,29.892458,30.604375,5
1,4,384,384,bidiag,1,67.912958,67.654417,68.002958,5
1,4,384,384,cpu_vals,1,14.214750,14.199958,14.234604,11
1,4,384,384,bidiag_vals,1,52.123458,52.106750,52.272500,5
1,1024,128,8,jacobi,1,0.990250,0.982708,1.872500,25
1,1024,128,8,qr,1,2.819667,2.771500,2.882334,25
1,1024,128,8,cpu,1,9.219292,9.164167,9.246250,17
1,4096,512,16,jacobi,1,46.969458,46.929166,47.087792,5
1,4096,512,16,qr,1,90.022083,89.798958,90.579375,5
1,4096,512,16,cpu,1,233.888500,233.445625,234.282708,5
1,4,256,32,jacobi,1,0.588000,0.478166,1.649042,25
1,4,256,32,block,1,2.172083,2.144791,2.228916,25
1,4,256,32,qr,1,0.707417,0.700458,0.709500,25
1,4,256,32,qrblock,1,2.130083,2.106000,2.147916,25
1,4,256,32,cpu,1,0.416167,0.409500,0.429291,25
1,1,1024,256,jacobi,1,85.940417,85.936875,85.946916,5
1,1,1024,256,block,1,15.753146,15.639188,15.821324,10
1,1,1024,256,qr,1,31.343542,31.329041,31.394000,5
1,1,1024,256,qrblock,1,14.037416,14.013125,14.310417,11
1,1,1024,256,cpu,1,6.524396,6.463292,6.589094,24
1,1,1024,256,bidiag,1,13.539896,13.514563,13.639521,12
1,1,1024,256,cpu_vals,1,2.977042,2.969125,2.982500,25
1,1,1024,256,bidiag_vals,1,11.155063,11.103843,11.182083,14
1,4,512,16,jacobi,1,0.343625,0.337916,0.352958,25
1,4,512,16,qr,1,0.582208,0.577875,0.586458,25
1,4,512,16,cpu,1,0.259709,0.258917,0.262291,25
1,4,1024,1024,jacobi,1,4023.991791,4023.719292,4024.853729,3
1,4,1024,1024,block,1,291.563042,290.966625,291.905166,5
1,4,1024,1024,cpu,1,308.824208,308.483271,309.389604,3
1,4,1024,1024,bidiag,1,302.685291,302.640396,302.816666,3
1,4,1024,1024,cpu_vals,1,141.792584,141.787583,141.903916,5
1,4,1024,1024,bidiag_vals,1,187.677708,187.632958,187.723750,5
1,4,128,8,jacobi,1,0.374208,0.366500,0.387625,25
1,4,128,8,qr,1,0.409125,0.404375,0.419458,25
1,4,128,8,cpu,1,0.048500,0.047708,0.050084,25
1,1,32,8,jacobi,1,0.288542,0.273958,0.298625,25
1,1,32,8,qr,1,0.382375,0.358750,0.418542,25
1,1,32,8,cpu,1,0.010500,0.010417,0.010709,25
1,4,64,8,jacobi,1,0.314791,0.298000,0.327041,25
1,4,64,8,qr,1,0.385125,0.370334,0.495041,25
1,4,64,8,cpu,1,0.033375,0.033292,0.033500,25
1,64,1024,64,jacobi,1,39.228584,39.009791,39.503833,5
1,64,1024,64,block,1,11.331479,11.029479,11.437198,14
1,64,1024,64,qr,1,10.687042,10.638396,10.806083,15
1,64,1024,64,qrblock,1,11.314833,11.277969,11.390459,14
1,64,1024,64,cpu,1,35.019875,34.977125,35.074416,5
1,16,48,48,jacobi,1,0.872208,0.815208,1.395125,25
1,16,48,48,block,1,2.851125,2.839584,2.890208,25
1,16,48,48,cpu,1,1.853708,1.820792,1.922000,25
1,4,64,64,jacobi,1,1.086709,1.081125,1.138292,25
1,4,64,64,block,1,2.863916,2.842042,2.950667,25
1,4,64,64,cpu,1,0.755875,0.749334,0.776584,25
1,64,512,128,jacobi,1,81.988042,81.822792,81.994791,5
1,64,512,128,block,1,20.787334,20.753042,20.840813,8
1,64,512,128,qr,1,38.501167,38.226833,38.869167,5
1,64,512,128,qrblock,1,20.974375,20.908136,21.108823,8
1,64,512,128,cpu,1,103.841417,103.822083,103.900959,5
1,64,512,128,bidiag,1,317.674542,317.651417,317.841729,3
1,64,512,128,cpu_vals,1,56.911833,56.905958,57.044875,5
1,64,512,128,bidiag_vals,1,262.695000,262.359792,262.735750,5
1,64,32,32,jacobi,1,0.825042,0.768875,0.880750,25
1,64,32,32,block,1,2.278416,2.266125,2.321334,25
1,64,32,32,cpu,1,3.443709,3.383959,3.514875,25
1,16,256,64,jacobi,1,1.627791,1.623250,1.638416,25
1,16,256,64,block,1,3.400500,3.309125,3.447792,25
1,16,256,64,qr,1,2.137083,2.123167,2.191916,25
1,16,256,64,qrblock,1,3.679250,3.658375,3.740166,25
1,16,256,64,cpu,1,4.649459,4.607000,4.687458,25
1,4,256,16,jacobi,1,0.829750,0.776042,0.868792,25
1,4,256,16,qr,1,0.480125,0.475791,0.483833,25
1,4,256,16,cpu,1,0.164791,0.162542,0.167959,25
1,16,64,32,jacobi,1,0.405000,0.390041,1.226833,25
1,16,64,32,block,1,2.069875,2.044083,2.090958,25
1,16,64,32,qr,1,0.862792,0.851416,0.871625,25
1,16,64,32,qrblock,1,2.477500,2.432125,2.506041,25
1,16,64,32,cpu,1,1.106542,1.093166,1.120709,25
1,64,128,32,jacobi,1,1.061625,1.024042,1.263916,25
1,64,128,32,block,1,2.190000,2.111958,2.253208,25
1,64,128,32,qr,1,1.615250,1.530834,1.651500,25
1,64,128,32,qrblock,1,2.603625,2.588000,2.650042,25
1,64,128,32,cpu,1,5.050166,5.017167,5.107584,25
1,256,64,32,jacobi,1,2.411750,2.405208,2.419500,25
1,256,64,32,block,1,3.010125,2.967958,3.039042,25
1,256,64,32,qr,1,3.116750,3.099125,3.167250,25
1,256,64,32,qrblock,1,3.777625,3.741708,3.806125,25
1,256,64,32,cpu,1,17.210209,17.124875,17.404542,9
1,64,512,256,jacobi,1,439.589875,439.448562,440.078188,3
1,64,512,256,block,1,101.697709,101.635084,101.703917,5
1,64,512,256,qr,1,283.518792,283.011917,283.737000,5
1,64,512,256,qrblock,1,89.345833,89.307958,89.378792,5
1,64,512,256,cpu,1,338.108834,335.838313,339.590896,3
1,64,512,256,bidiag,1,786.361917,786.177291,787.170479,3
1,64,512,256,cpu_vals,1,150.717500,150.623959,150.742333,5
1,64,512,256,bidiag_vals,1,632.811834,632.804750,633.482459,3
1,2,1536,1536,cpu,1,352.705250,352.519250,353.123312,3
1,2,1536,1536,bidiag,1,332.791416,331.164520,333.359541,3
1,2,1536,1536,cpu_vals,1,168.871750,168.751292,168.888541,5
1,2,1536,1536,bidiag_vals,1,189.795667,189.722583,190.136458,5
1,4096,256,8,jacobi,1,4.680792,4.637500,4.744333,25
1,4096,256,8,qr,1,24.770834,24.632354,24.911749,7
1,4096,256,8,cpu,1,50.822417,50.704208,50.868500,5
1,64,512,512,jacobi,1,4135.788833,4131.756584,4137.493625,3
1,64,512,512,block,1,628.488125,628.198979,628.762687,3
1,64,512,512,cpu,1,1035.671417,1031.866438,1042.549937,3
1,64,512,512,bidiag,1,1639.988083,1639.900625,1640.906624,3
1,64,512,512,cpu_vals,1,489.124041,488.737000,489.139021,3
1,64,512,512,bidiag_vals,1,1202.045500,1201.689292,1202.350312,3
1,4,32,8,jacobi,1,0.235958,0.177750,0.284625,25
1,4,32,8,qr,1,0.405375,0.383042,0.557417,25
1,4,32,8,cpu,1,0.028709,0.028666,0.028875,25
1,16,2048,128,jacobi,1,87.085000,87.044416,87.126875,5
1,16,2048,128,block,1,21.077166,20.859407,21.135542,8
1,16,2048,128,qr,1,14.084167,14.030563,14.120750,11
1,16,2048,128,qrblock,1,15.470021,15.377406,15.667219,10
1,16,2048,128,cpu,1,49.810125,49.660875,49.856542,5
1,16,2048,128,bidiag,1,111.229291,110.860541,111.416000,5
1,16,2048,128,cpu_vals,1,25.689583,25.648416,25.725344,6
1,16,2048,128,bidiag_vals,1,96.971917,96.963750,97.142833,5
1,1024,128,64,jacobi,1,71.113833,71.046333,71.215917,5
1,1024,128,64,block,1,33.259083,33.052125,33.388958,5
1,1024,128,64,qr,1,60.371958,60.013125,60.848041,5
1,1024,128,64,qrblock,1,37.522708,37.286583,37.896875,5
1,1024,128,64,cpu,1,262.022917,261.699958,262.415167,5
1,4,256,128,jacobi,1,5.751459,5.743458,5.760625,25
1,4,256,128,block,1,5.855583,5.793291,5.920625,25
1,4,256,128,qr,1,5.703791,5.686083,5.746334,25
1,4,256,128,qrblock,1,6.545208,6.506834,6.580709,23
1,4,256,128,cpu,1,5.358334,5.342125,5.375583,25
1,4,256,128,bidiag,1,18.621458,18.604084,18.715916,9
1,4,256,128,cpu_vals,1,3.081917,3.073458,3.099500,25
1,4,256,128,bidiag_vals,1,15.321854,15.300115,15.352760,10
1,1024,8,8,jacobi,1,0.502625,0.493916,0.522208,25
1,1024,8,8,cpu,1,4.747917,4.708083,4.845750,25
1,1,16,16,jacobi,1,0.499417,0.474458,0.519666,25
1,1,16,16,cpu,1,0.018542,0.018458,0.018875,25
1,1024,256,16,jacobi,1,4.070333,4.037166,4.090500,25
1,1024,256,16,qr,1,10.372542,10.275250,10.561521,15
1,1024,256,16,cpu,1,37.674917,37.548666,37.791292,5
1,256,384,384,jacobi,1,4729.223292,4723.105333,4729.628542,3
1,256,384,384,block,1,1144.614541,1144.422395,1145.098687,3
1,256,256,8,jacobi,1,0.599833,0.587208,1.180959,25
1,256,256,8,qr,1,2.199625,2.191625,2.221167,25
1,256,256,8,cpu,1,3.290875,3.271333,3.370125,25
1,4096,256,128,jacobi,1,2089.583500,2086.607187,2090.706229,3
1,4096,256,128,block,1,858.355625,858.336917,859.106438,3
1,4096,256,128,qr,1,2041.276500,2037.896958,2045.273334,3
1,4096,256,128,qrblock,1,860.902625,859.916291,865.376812,3
1,16,128,16,jacobi,1,0.736084,0.698709,0.746667,25
1,16,128,16,qr,1,0.567791,0.563167,0.572125,25
1,16,128,16,cpu,1,0.512167,0.511417,0.515625,25
1,256,256,128,jacobi,1,127.207625,126.910958,127.619625,5
1,256,256,128,block,1,56.289000,56.049541,56.411000,5
1,256,256,128,qr,1,121.601584,121.491500,122.030667,5
1,256,256,128,qrblock,1,55.023166,54.814792,55.091750,5
1,256,256,128,cpu,1,337.807375,337.688437,338.333020,3
1,256,256,128,bidiag,1,1186.311250,1186.283770,1187.152250,3
1,256,256,128,cpu_vals,1,194.553125,194.500959,194.627209,5
1,256,256,128,bidiag_vals,1,973.847250,972.287875,973.929292,3
1,16,2048,64,jacobi,1,19.541376,19.532000,19.552021,8
1,16,2048,64,block,1,10.155291,10.100917,10.244000,15
1,16,2048,64,qr,1,5.427916,5.387167,5.498166,25
1,16,2048,64,qrblock,1,7.058416,7.015771,7.107041,22
1,16,2048,64,cpu,1,13.484583,13.478166,13.530093,12
1,1,2048,64,jacobi,1,8.528875,8.524730,8.534677,18
1,1,2048,64,block,1,7.660167,7.601021,7.709260,20
1,1,2048,64,qr,1,1.912750,1.864125,1.967042,25
1,1,2048,64,qrblock,1,3.198250,3.175375,3.236500,25
1,1,2048,64,cpu,1,0.890667,0.887666,0.895750,25
1,4096,128,32,jacobi,1,35.337084,35.307584,35.419334,5
1,4096,128,32,block,1,33.088333,32.963167,33.210750,5
1,4096,128,32,qr,1,44.859209,44.842291,45.491208,5
1,4096,128,32,qrblock,1,40.862375,40.818458,41.005083,5
1,4096,128,32,cpu,1,329.694625,329.654334,330.246542,3
1,4096,128,16,jacobi,1,9.377875,9.342479,9.393958,16
1,4096,128,16,qr,1,16.825542,16.743833,17.075375,9
1,4096,128,16,cpu,1,123.353041,123.210750,123.490584,5
1,4,256,8,jacobi,1,0.437458,0.433917,0.454958,25
1,4,256,8,qr,1,0.420166,0.417416,0.426541,25
1,4,256,8,cpu,1,0.065750,0.065208,0.066250,25
1,1,1024,128,jacobi,1,18.383000,18.371583,18.386334,9
1,1,1024,128,block,1,8.758146,8.709615,8.817708,18
1,1,1024,128,qr,1,5.567625,5.556708,5.578708,25
1,1,1024,128,qrblock,1,6.519355,6.441708,6.568843,24
1,1,1024,128,cpu,1,2.161334,2.148208,2.171417,25
1,1,1024,128,bidiag,1,5.542084,5.525375,5.591875,25
1,1,1024,128,cpu_vals,1,1.169833,1.168583,1.173917,25
1,1,1024,128,bidiag_vals,1,5.069166,5.029541,5.144708,25
1,4,192,192,jacobi,1,15.335624,15.323480,15.346291,10
1,4,192,192,block,1,9.838167,9.762354,9.866563,16
1,4,192,192,cpu,1,7.429375,7.299625,7.493375,21
1,4,192,192,bidiag,1,28.077917,28.040792,28.115136,6
1,4,192,192,cpu_vals,1,3.330834,3.325583,3.341667,25
1,4,192,192,bidiag_vals,1,22.748167,22.632791,22.780083,7
1,1024,4,4,jacobi,1,0.251959,0.250500,0.255125,25
1,1024,4,4,cpu,1,2.066333,2.050334,2.124042,25
1,64,96,96,jacobi,1,8.544229,8.532167,8.555604,18
1,64,96,96,block,1,7.989583,7.929813,8.061167,19
1,64,96,96,cpu,1,33.497750,33.486459,33.514875,5
1,1,8,8,jacobi,1,0.309708,0.301375,0.326625,25
1,1,8,8,cpu,1,0.008667,0.008625,0.008833,25
1,256,128,32,jacobi,1,2.752083,2.740084,2.767000,25
1,256,128,32,block,1,3.628750,3.585042,3.660459,25
1,256,128,32,qr,1,3.786334,3.743875,3.845334,25
1,256,128,32,qrblock,1,4.439250,4.389042,4.462583,25
1,256,128,32,cpu,1,20.547292,20.508406,20.608511,8
1,16,8,8,jacobi,1,0.312792,0.305958,0.325250,25
1,16,8,8,cpu,1,0.079875,0.079667,0.080208,25
1,4,2048,256,jacobi,1,206.580916,206.556458,206.709333,5
1,4,2048,256,block,1,30.041875,30.025875,30.103333,5
1,4,2048,256,qr,1,38.248375,38.198750,38.281542,5
1,4,2048,256,qrblock,1,22.149625,22.117104,22.225667,7
1,4,2048,256,cpu,1,35.008666,34.910208,35.257500,5
1,4,2048,256,bidiag,1,63.931708,63.864083,64.221666,5
1,4,2048,256,cpu_vals,1,16.227479,16.209573,16.234281,10
1,4,2048,256,bidiag_vals,1,53.905209,53.879000,53.982042,5
1,64,128,8,jacobi,1,0.249541,0.247667,0.253917,25
1,64,128,8,qr,1,0.779250,0.764583,0.782709,25
1,64,128,8,cpu,1,0.630708,0.627917,0.637000,25
1,16,256,8,jacobi,1,0.460208,0.452625,0.565708,25
1,16,256,8,qr,1,0.505167,0.494541,0.652250,25
1,16,256,8,cpu,1,0.224500,0.223291,0.225208,25
1,256,32,8,jacobi,1,0.533750,0.432416,0.657792,25
1,256,32,8,qr,1,0.758916,0.748792,0.781833,25
1,256,32,8,cpu,1,1.736583,1.711792,1.742917,25
1,1024,64,64,jacobi,1,52.758042,52.355000,53.051125,5
1,1024,64,64,block,1,30.439958,30.413500,30.472250,5
1,1024,64,64,cpu,1,184.630750,184.090541,184.940459,5
1,4096,512,64,jacobi,1,593.101125,589.410083,593.310896,3
1,4096,512,64,block,1,286.935625,286.769083,289.869125,5
1,4096,512,64,qr,1,419.861125,418.709083,422.081146,3
1,4096,512,64,qrblock,1,332.160917,331.257292,332.294917,3
1,4096,512,64,cpu,1,1630.323792,1629.743625,1631.693125,3
1,256,2048,64,jacobi,1,325.005666,324.900291,325.216458,3
1,256,2048,64,block,1,58.861125,58.240209,58.934208,5
1,256,2048,64,qr,1,66.477917,66.313625,66.951208,5
1,256,2048,64,qrblock,1,62.886042,62.616042,63.074750,5
1,256,2048,64,cpu,1,218.993792,218.392708,219.113750,5
1,16,512,64,jacobi,1,2.186875,2.178416,2.245166,25
1,16,512,64,block,1,4.281375,4.227167,4.319625,25
1,16,512,64,qr,1,2.733000,2.696042,2.757833,25
1,16,512,64,qrblock,1,4.279167,4.236292,4.317709,25
1,16,512,64,cpu,1,6.404020,6.396698,6.425791,24
1,1,512,128,jacobi,1,10.234375,10.228938,10.243750,15
1,1,512,128,block,1,6.620375,6.534063,6.653333,23
1,1,512,128,qr,1,4.995250,4.992167,4.998208,25
1,1,512,128,qrblock,1,5.843500,5.793125,5.946709,25
1,1,512,128,cpu,1,1.670208,1.657708,1.677750,25
1,1,512,128,bidiag,1,5.011625,5.002459,5.046583,25
1,1,512,128,cpu_vals,1,0.924250,0.921417,0.928333,25
1,1,512,128,bidiag_vals,1,4.147416,4.124125,4.191167,25
1,256,512,64,jacobi,1,36.645500,36.485167,36.760709,5
1,256,512,64,block,1,19.548562,19.408073,19.706792,8
1,256,512,64,qr,1,27.702188,27.621240,27.856948,6
1,256,512,64,qrblock,1,22.896000,22.542687,23.070667,7
1,256,512,64,cpu,1,101.551375,101.368917,101.728917,5
1,64,512,64,jacobi,1,11.180792,11.042271,11.387605,14
1,64,512,64,block,1,6.659000,6.615541,6.713167,23
1,64,512,64,qr,1,7.220542,7.163583,7.259334,21
1,64,512,64,qrblock,1,7.761167,7.692885,7.849136,20
1,64,512,64,cpu,1,25.388334,25.367667,25.430625,6
1,1024,96,96,jacobi,1,189.397125,188.742875,189.537042,5
1,1024,96,96,block,1,86.715291,86.601500,86.888708,5
1,1024,96,96,cpu,1,533.210083,532.806938,533.488625,3
1,4096,1024,64,jacobi,1,2498.981417,2497.260125,2500.279646,3
1,4096,1024,64,block,1,480.595917,479.488396,482.314333,3
1,4096,1024,64,qr,1,607.307292,606.305875,625.068375,3
1,4096,1024,64,qrblock,1,522.334708,518.102271,523.095104,3
1,1024,1024,64,jacobi,1,625.546667,623.849167,625.786208,3
1,1024,1024,64,block,1,122.780875,122.777667,122.806792,5
1,1024,1024,64,qr,1,154.505583,153.821833,157.777500,5
1,1024,1024,64,qrblock,1,129.861583,129.791416,130.883166,5
1,1024,1024,64,cpu,1,558.790417,558.487208,560.073292,3
1,4096,2048,64,qr,1,1151.694334,1145.048230,1152.841063,3
1,4096,2048,64,qrblock,1,1046.449917,1044.168458,1050.214229,3
1,64,2048,128,jacobi,1,422.520208,422.358854,423.636479,3
1,64,2048,128,block,1,66.859333,66.682792,66.956625,5
1,64,2048,128,qr,1,60.779959,59.727458,60.851250,5
1,64,2048,128,qrblock,1,45.605250,45.279666,45.781416,5
1,64,2048,128,cpu,1,199.180417,198.799750,199.454916,5
1,64,2048,128,bidiag,1,446.774000,446.553417,447.297375,3
1,64,2048,128,cpu_vals,1,103.696417,103.690750,103.722083,5
1,64,2048,128,bidiag_vals,1,387.922208,387.920396,388.287563,3
1,4096,128,64,jacobi,1,283.670416,282.786834,284.936916,5
1,4096,128,64,block,1,129.182708,129.115959,129.311750,5
1,4096,128,64,qr,1,241.505708,240.349125,242.009958,5
1,4096,128,64,qrblock,1,144.550500,143.841584,147.095459,5
1,4096,128,64,cpu,1,1043.859208,1043.733021,1044.458521,3
1,16,128,128,jacobi,1,5.046667,5.040084,5.056958,25
1,16,128,128,block,1,7.294917,7.229084,7.351333,21
1,16,128,128,cpu,1,16.266604,16.247760,16.279844,10
1,16,128,128,bidiag,1,68.940959,68.838667,69.224625,5
1,16,128,128,cpu_vals,1,9.816542,9.783125,9.858552,16
1,16,128,128,bidiag_vals,1,55.348750,55.336667,55.387208,5
1,1,1536,1536,cpu,1,177.570583,176.617250,179.690666,5
1,1,1536,1536,bidiag,1,169.306000,167.903167,170.333333,5
1,1,1536,1536,cpu_vals,1,84.563625,84.280458,84.622083,5
1,1,1536,1536,bidiag_vals,1,95.401292,95.227458,95.505250,5
1,256,4,4,jacobi,1,0.228750,0.205917,0.290709,25
1,256,4,4,cpu,1,0.533458,0.530875,0.536292,25
1,4096,16,8,jacobi,1,1.466625,1.419958,1.855458,25
1,4096,16,8,qr,1,2.983167,2.905209,3.003125,25
1,4096,16,8,cpu,1,24.572458,24.466791,24.583709,7
1,256,512,128,jacobi,1,313.945958,313.195896,315.168750,3
1,256,512,128,block,1,82.359541,82.173333,82.557333,5
1,256,512,128,qr,1,141.009667,140.337625,141.947125,5
1,256,512,128,qrblock,1,72.387916,72.132458,72.789500,5
1,256,512,128,cpu,1,415.219625,415.129875,415.244521,3
1,256,512,128,bidiag,1,1271.021875,1270.873708,1271.303063,3
1,256,512,128,cpu_vals,1,228.093625,227.926042,228.172750,5
1,256,512,128,bidiag_vals,1,1051.357500,1051.276250,1052.575208,3
1,4096,64,8,jacobi,1,2.007791,1.981792,2.029000,25
1,4096,64,8,qr,1,4.977083,4.908750,5.024042,25
1,4096,64,8,cpu,1,29.588313,29.514000,29.743032,6
1,16,768,768,jacobi,1,3686.805250,3686.551604,3687.355625,3
1,16,768,768,block,1,528.170958,527.948500,528.297896,3
1,16,768,768,cpu,1,528.695875,527.534562,529.308855,3
1,16,768,768,bidiag,1,771.466500,771.148708,771.519041,3
1,16,768,768,cpu_vals,1,256.947959,256.899584,257.068375,5
1,16,768,768,bidiag_vals,1,503.167083,502.994271,503.415625,3
1,16,1024,64,jacobi,1,5.268041,5.253667,5.282792,25
1,16,1024,64,block,1,6.345937,6.255750,6.390906,24
1,16,1024,64,qr,1,3.566958,3.523292,3.632000,25
1,16,1024,64,qrblock,1,5.047209,4.979084,5.104542,25
1,16,1024,64,cpu,1,8.768145,8.754625,8.779156,18
1,16,16,8,jacobi,1,0.318167,0.299833,0.330666,25
1,16,16,8,qr,1,0.589542,0.562583,0.598125,25
1,16,16,8,cpu,1,0.100750,0.098958,0.101084,25
1,256,64,64,jacobi,1,12.779333,12.490302,13.598656,12
1,256,64,64,block,1,8.986958,8.860458,9.116042,17
1,256,64,64,cpu,1,46.230083,46.132083,46.295958,5
1,16,16,16,jacobi,1,0.521042,0.516792,0.531083,25
1,16,16,16,cpu,1,0.263500,0.258000,0.287416,25
1,1,2048,2048,cpu,1,436.523417,436.295146,437.027417,3
1,1,2048,2048,bidiag,1,306.904958,306.163334,309.553271,3
1,1,2048,2048,cpu_vals,1,195.625500,195.470375,195.775625,5
1,1,2048,2048,bidiag_vals,1,169.290000,169.268958,169.600917,5
1,256,16,8,jacobi,1,0.336292,0.331291,0.699541,25
1,256,16,8,qr,1,0.782459,0.728791,0.818833,25
1,256,16,8,cpu,1,1.608834,1.593333,1.624500,25
1,4,512,128,jacobi,1,10.439250,10.433542,10.453480,15
1,4,512,128,block,1,6.876541,6.802927,6.926282,22
1,4,512,128,qr,1,6.378812,6.341990,6.407428,24
1,4,512,128,qrblock,1,7.354084,7.289541,7.442959,21
1,4,512,128,cpu,1,6.529625,6.502041,6.555146,23
1,4,512,128,bidiag,1,19.855792,19.830708,19.965802,8
1,4,512,128,cpu_vals,1,3.591625,3.581667,3.609125,25
1,4,512,128,bidiag_vals,1,16.411375,16.347886,16.491979,10
1,16,2048,256,jacobi,1,510.707000,510.285584,510.712979,3
1,16,2048,256,block,1,68.105792,67.892667,68.175750,5
1,16,2048,256,qr,1,76.571875,76.415625,76.644250,5
1,16,2048,256,qrblock,1,39.037083,38.896000,39.111541,5
1,16,2048,256,cpu,1,141.404083,141.245417,141.952750,5
1,16,2048,256,bidiag,1,255.956375,255.876667,256.112875,5
1,16,2048,256,cpu_vals,1,65.315375,65.234583,65.376708,5
1,16,2048,256,bidiag_vals,1,215.747708,215.555500,215.819792,5
1,1,128,64,jacobi,1,1.184375,1.140167,1.748875,25
1,1,128,64,block,1,2.842625,2.745292,2.913834,25
1,1,128,64,qr,1,1.267250,1.234667,1.325834,25
1,1,128,64,qrblock,1,2.906708,2.830458,2.992709,25
1,1,128,64,cpu,1,0.268875,0.266875,0.273625,25
1,4,2048,2048,cpu,1,1737.301666,1737.125791,1739.041270,3
1,4,2048,2048,bidiag,1,1241.066750,1240.498667,1242.753458,3
1,4,2048,2048,cpu_vals,1,787.100541,786.858167,787.155062,3
1,4,2048,2048,bidiag_vals,1,673.372792,673.317000,673.931709,3
1,64,256,64,jacobi,1,5.107000,5.084709,5.131875,25
1,64,256,64,block,1,4.661666,4.592500,4.744708,25
1,64,256,64,qr,1,4.958667,4.935708,4.999292,25
1,64,256,64,qrblock,1,5.446625,5.410333,5.522041,25
1,64,256,64,cpu,1,18.340084,18.234542,18.430125,9
1,16,384,384,jacobi,1,234.131708,234.057417,234.157125,5
1,16,384,384,block,1,66.971334,66.760167,66.974250,5
1,16,384,384,cpu,1,119.778000,119.271333,119.851708,5
1,16,384,384,bidiag,1,271.643375,270.976833,271.890000,5
1,16,384,384,cpu_vals,1,56.733458,56.636125,56.750542,5
1,16,384,384,bidiag_vals,1,208.704875,208.665916,208.884750,5
1,4,32,32,jacobi,1,0.352625,0.345458,0.364125,25
1,4,32,32,block,1,1.961084,1.936750,1.998916,25
1,4,32,32,cpu,1,0.239833,0.230875,0.241666,25
1,4,8,8,jacobi,1,0.312375,0.297250,0.325500,25
1,4,8,8,cpu,1,0.022542,0.022459,0.022875,25
1,1024,2048,128,qr,1,894.532333,893.510833,897.209812,3
1,1024,2048,128,qrblock,1,636.502750,632.346417,638.506479,3
1,4096,8,8,jacobi,1,1.405625,1.388000,1.448042,25
1,4096,8,8,cpu,1,18.513875,18.471375,18.539541,9
1,4096,256,16,jacobi,1,14.747625,14.590854,14.809563,11
1,4096,256,16,qr,1,35.629208,35.456791,35.779208,5
1,4096,256,16,cpu,1,150.694500,150.378208,150.813084,5
1,64,1024,32,jacobi,1,7.973250,7.949583,8.014521,19
1,64,1024,32,block,1,5.768375,5.613333,5.846042,25
1,64,1024,32,qr,1,4.561375,4.522791,4.597084,25
1,64,1024,32,qrblock,1,5.640291,5.593625,5.730541,25
1,64,1024,32,cpu,1,13.087625,13.044250,13.107281,12
1,16,256,256,jacobi,1,66.075750,66.037875,66.079375,5
1,16,256,256,block,1,24.715667,24.635521,24.845917,7
1,16,256,256,cpu,1,61.233708,60.685750,61.783250,5
1,16,256,256,bidiag,1,163.021750,162.928959,163.487959,5
1,16,256,256,cpu_vals,1,27.198291,27.172396,27.213094,6
1,16,256,256,bidiag_vals,1,128.383917,128.382500,128.428375,5
1,64,64,16,jacobi,1,0.334875,0.332625,0.343083,25
1,64,64,16,qr,1,0.826959,0.821875,0.838584,25
1,64,64,16,cpu,1,1.722209,1.699041,1.750417,25
1,16,128,32,jacobi,1,0.517667,0.500166,0.745125,25
1,16,128,32,block,1,2.087583,2.011417,2.154250,25
1,16,128,32,qr,1,0.980333,0.959750,0.987375,25
1,16,128,32,qrblock,1,2.370000,2.347584,2.397333,25
1,16,128,32,cpu,1,1.331125,1.295500,1.343583,25
1,1024,64,16,jacobi,1,2.094250,2.081042,2.131709,25
1,1024,64,16,qr,1,3.291167,3.259167,3.332125,25
1,1024,64,16,cpu,1,26.873792,26.734385,26.911354,6
1,4096,128,8,jacobi,1,2.858083,2.827208,2.874125,25
1,4096,128,8,qr,1,10.005375,9.887583,10.101146,15
1,4096,128,8,cpu,1,36.683917,36.604209,36.701917,5
1,16,1024,32,jacobi,1,1.143375,1.057416,1.151916,25
1,16,1024,32,block,1,4.338709,4.283416,4.440458,25
1,16,1024,32,qr,1,1.801125,1.771625,1.821375,25
1,16,1024,32,qrblock,1,3.226416,3.189166,3.252958,25
1,16,1024,32,cpu,1,3.334708,3.318125,3.356459,25
1,1,256,16,jacobi,1,0.810333,0.740458,0.835750,25
1,1,256,16,qr,1,0.448708,0.443583,0.455917,25
1,1,256,16,cpu,1,0.055208,0.054791,0.055958,25
1,16,64,64,jacobi,1,1.186000,1.131792,1.557875,25
1,16,64,64,block,1,2.955208,2.923959,2.974708,25
1,16,64,64,cpu,1,2.947541,2.925875,3.010541,25
1,256,2048,256,qr,1,1299.613250,1289.479625,1302.848834,3
1,256,2048,256,qrblock,1,577.484333,576.801333,591.664062,3
1,1024,64,32,jacobi,1,7.947792,7.897271,8.024812,19
1,1024,64,32,block,1,7.163375,7.052208,7.220583,22
1,1024,64,32,qr,1,10.034084,9.987834,10.094292,15
1,1024,64,32,qrblock,1,9.416479,9.308968,9.458458,16
1,1024,64,32,cpu,1,68.069042,67.975167,68.173792,5
1,64,256,128,jacobi,1,30.536041,30.535916,31.089792,5
1,64,256,128,block,1,14.784625,14.719896,14.798792,11
1,64,256,128,qr,1,34.307459,34.033875,34.345583,5
1,64,256,128,qrblock,1,15.904687,15.856865,16.039906,10
1,64,256,128,cpu,1,84.638458,84.614916,84.657333,5
1,64,256,128,bidiag,1,298.161542,298.107209,298.216834,5
1,64,256,128,cpu_vals,1,48.495541,48.483750,48.589916,5
1,64,256,128,bidiag_vals,1,243.938541,243.698959,244.136334,5
1,1,128,16,jacobi,1,0.243542,0.231625,0.255208,25
1,1,128,16,qr,1,0.425166,0.418125,0.436166,25
1,1,128,16,cpu,1,0.040334,0.031291,0.040916,25
1,1,1024,32,jacobi,1,0.939417,0.883833,0.985417,25
1,1,1024,32,block,1,4.225542,4.171542,4.315959,25
1,1,1024,32,qr,1,0.692917,0.685000,0.700416,25
1,1,1024,32,qrblock,1,2.333875,2.093292,2.405333,25
1,1,1024,32,cpu,1,0.232791,0.228250,0.236791,25
1,4,512,32,jacobi,1,0.729334,0.633917,0.737083,25
1,4,512,32,block,1,2.783000,2.746834,2.807292,25
1,4,512,32,qr,1,0.897917,0.892125,0.903875,25
1,4,512,32,qrblock,1,2.324667,2.278625,2.361584,25
1,4,512,32,cpu,1,0.605041,0.595458,0.613333,25
1,16,1024,256,jacobi,1,176.210375,176.167041,176.226666,5
1,16,1024,256,block,1,38.054209,37.993208,38.082750,5
1,16,1024,256,qr,1,67.308667,67.286792,67.339333,5
1,16,1024,256,qrblock,1,29.833709,29.643063,30.094448,6
1,16,1024,256,cpu,1,102.868625,102.559375,103.208250,5
1,16,1024,256,bidiag,1,215.782083,215.610542,216.145542,5
1,16,1024,256,cpu_vals,1,47.087791,47.083625,47.158000,5
1,16,1024,256,bidiag_vals,1,177.884667,177.763000,178.142542,5
1,64,16,16,jacobi,1,0.323167,0.320584,0.330833,25
1,64,16,16,cpu,1,0.964500,0.960333,0.967083,25
1,256,256,256,jacobi,1,1114.570333,1113.672229,1114.763333,3
1,256,256,256,block,1,345.266292,344.887646,345.472938,3
1,1,256,128,jacobi,1,5.650708,5.646291,5.654375,25
1,1,256,128,block,1,5.711125,5.639583,5.785500,25
1,1,256,128,qr,1,4.751792,4.745958,4.757375,25
1,1,256,128,qrblock,1,5.761625,5.689625,5.817167,25
1,1,256,128,cpu,1,1.342208,1.337208,1.348416,25
1,1,256,128,bidiag,1,4.689083,4.648291,4.731791,25
1,1,256,128,cpu_vals,1,0.785958,0.776709,0.788625,25
1,1,256,128,bidiag_vals,1,3.826167,3.774000,3.874542,25
1,1024,128,128,jacobi,1,473.276459,472.900855,473.467583,3
1,1024,128,128,block,1,189.878000,189.440042,191.713167,5
1,1024,128,128,cpu,1,1033.391792,1032.668354,1033.959584,3
1,4096,64,16,jacobi,1,6.917395,6.879969,6.944031,22
1,4096,64,16,qr,1,11.442979,11.341802,11.546572,14
1,4096,64,16,cpu,1,107.808084,107.753625,108.122334,5
1,64,256,16,jacobi,1,0.579375,0.472500,1.394166,25
1,64,256,16,qr,1,1.214958,1.199083,1.255833,25
1,64,256,16,cpu,1,2.404083,2.381750,2.433042,25
1,256,512,16,jacobi,1,2.705250,2.630000,2.778875,25
1,256,512,16,qr,1,6.267646,6.216302,6.324584,24
1,256,512,16,cpu,1,14.508584,14.452459,14.573646,11
1,1,256,256,jacobi,1,33.951542,33.929417,33.952875,5
1,1,256,256,block,1,13.128376,13.018447,13.230823,12
1,1,256,256,cpu,1,3.917833,3.832875,3.983250,25
1,1,256,256,bidiag,1,10.451042,10.308854,10.597417,15
1,1,256,256,cpu_vals,1,1.733417,1.722667,1.742250,25
1,1,256,256,bidiag_vals,1,8.065667,8.027750,8.131833,19
1,4,128,32,jacobi,1,0.402708,0.393125,0.420875,25
1,4,128,32,block,1,2.073458,2.020958,2.092958,25
1,4,128,32,qr,1,0.613916,0.609708,0.617000,25
1,4,128,32,qrblock,1,2.023042,1.994208,2.058084,25
1,4,128,32,cpu,1,0.341125,0.334542,0.342084,25
1,1,384,384,jacobi,1,112.998334,112.978667,113.004834,5
1,1,384,384,block,1,22.119375,22.107167,22.286000,7
1,1,384,384,cpu,1,7.389896,7.299521,7.767917,20
1,1,384,384,bidiag,1,17.043083,17.037084,17.112875,9
1,1,384,384,cpu_vals,1,3.615958,3.606125,3.625583,25
1,1,384,384,bidiag_vals,1,13.125833,13.112677,13.132489,12
1,1024,512,64,jacobi,1,146.018667,145.451208,148.043000,5
1,1024,512,64,block,1,70.276708,70.184417,70.357625,5
1,1024,512,64,qr,1,104.676792,104.001125,106.129167,5
1,1024,512,64,qrblock,1,83.562708,83.553000,84.537834,5
1,1024,512,64,cpu,1,408.111250,407.061604,408.669562,3
1,64,256,32,jacobi,1,1.337125,1.278583,1.370708,25
1,64,256,32,block,1,2.603542,2.583750,2.623375,25
1,64,256,32,qr,1,2.116292,2.033250,2.149500,25
1,64,256,32,qrblock,1,3.172583,3.102500,3.252542,25
1,64,256,32,cpu,1,6.133083,6.100708,6.164833,25
1,4096,512,32,jacobi,1,196.698417,196.632750,201.377917,5
1,4096,512,32,block,1,87.628125,87.496542,88.566583,5
1,4096,512,32,qr,1,140.350750,139.206750,141.278750,5
1,4096,512,32,qrblock,1,132.652291,132.456292,132.878375,5
1,4096,512,32,cpu,1,573.811791,573.749353,574.839645,3
1,4096,32,8,jacobi,1,1.582792,1.537042,1.609750,25
1,4096,32,8,qr,1,3.460833,3.408250,3.507500,25
1,4096,32,8,cpu,1,26.618354,26.526208,26.630906,6
1,4,128,128,jacobi,1,4.933500,4.927792,4.939666,25
1,4,128,128,block,1,6.209375,6.069875,6.281417,25
1,4,128,128,cpu,1,4.090750,4.050542,4.111833,25
1,4,128,128,bidiag,1,17.389041,17.369792,17.468125,9
1,4,128,128,cpu_vals,1,2.488042,2.465417,2.498417,25
1,4,128,128,bidiag_vals,1,13.815000,13.798813,13.890542,11
1,1024,256,32,jacobi,1,22.098708,21.681542,22.284312,7
1,1024,256,32,block,1,14.397166,14.286167,14.774271,11
1,1024,256,32,qr,1,20.429146,20.347781,20.591854,8
1,1024,256,32,qrblock,1,19.786771,19.723678,19.887135,8
1,1024,256,32,cpu,1,100.394250,99.376042,100.461667,5
1,64,128,16,jacobi,1,0.571375,0.558250,0.602084,25
1,64,128,16,qr,1,0.966166,0.962583,0.975333,25
1,64,128,16,cpu,1,1.962833,1.926209,1.972917,25
1,4,32,16,jacobi,1,0.466583,0.443541,0.502917,25
1,4,32,16,qr,1,0.493792,0.435916,0.580750,25
1,4,32,16,cpu,1,0.099583,0.097000,0.100875,25
1,1024,256,128,jacobi,1,515.875459,513.781980,516.141667,3
1,1024,256,128,block,1,221.285083,219.872000,221.424833,5
1,1024,256,128,qr,1,500.000042,496.614417,500.225480,3
1,1024,256,128,qrblock,1,214.410083,213.945167,216.245792,5
1,1024,256,128,cpu,1,1354.717792,1354.153792,1355.532792,3
1,256,128,8,jacobi,1,0.957625,0.913542,1.034667,25
1,256,128,8,qr,1,1.054542,1.048416,1.070042,25
1,256,128,8,cpu,1,2.339750,2.321667,2.367500,25
1,1024,192,192,jacobi,1,1625.398375,1624.592271,1626.048625,3
1,1024,192,192,block,1,603.466708,603.212250,605.305438,3
1,1,1024,1024,jacobi,1,2822.178125,2820.774917,2822.380187,3
1,1,1024,1024,block,1,115.269417,115.232459,115.288750,5
1,1,1024,1024,cpu,1,77.422625,77.415750,77.770750,5
1,1,1024,1024,bidiag,1,75.952500,75.934709,75.971000,5
1,1,1024,1024,cpu_vals,1,35.548958,35.485916,35.582125,5
1,1,1024,1024,bidiag_vals,1,47.163208,47.135709,47.209250,5
1,16,512,16,jacobi,1,0.530667,0.452917,0.542875,25
1,16,512,16,qr,1,1.099667,1.093542,1.109458,25
1,16,512,16,cpu,1,0.966416,0.959083,0.968750,25
1,4,1536,1536,cpu,1,709.371875,708.841584,710.415875,3
1,4,1536,1536,bidiag,1,674.820250,674.081834,675.520062,3
1,4,1536,1536,cpu_vals,1,337.591417,337.509563,337.626333,3
1,4,1536,1536,bidiag_vals,1,379.604125,379.529708,380.345979,3
1,256,128,16,jacobi,1,0.999500,0.980958,1.146584,25
1,256,128,16,qr,1,1.645291,1.588083,1.696666,25
1,256,128,16,cpu,1,7.674938,7.602667,7.703855,20
1,1024,512,16,jacobi,1,11.364520,11.292281,11.468584,14
1,1024,512,16,qr,1,23.281667,23.226750,23.475208,7
1,1024,512,16,cpu,1,58.748250,58.690750,58.914542,5
1,1,96,96,jacobi,1,2.376500,2.372042,2.383041,25
1,1,96,96,block,1,4.050625,4.016208,4.152750,25
1,1,96,96,cpu,1,0.551541,0.547500,0.557250,25
1,4096,512,128,qrblock,1,1163.248709,1159.971417,1170.690146,3
1,4,1024,32,jacobi,1,1.057750,0.990167,1.113625,25
1,4,1024,32,block,1,4.098708,3.982500,4.191250,25
1,4,1024,32,qr,1,1.174458,1.169875,1.187792,25
1,4,1024,32,qrblock,1,2.598458,2.579958,2.620834,25
1,4,1024,32,cpu,1,0.874709,0.866833,0.882458,25
1,1024,32,32,jacobi,1,7.293250,7.269584,7.315000,21
1,1024,32,32,block,1,6.590083,6.567374,6.725646,23
1,1024,32,32,cpu,1,53.757959,53.697333,53.779291,5
1,1024,48,48,jacobi,1,21.185896,21.066458,21.243791,8
1,1024,48,48,block,1,26.065458,26.035958,26.117927,6
1,1024,48,48,cpu,1,114.844000,114.843417,114.986333,5
1,64,128,64,jacobi,1,3.512125,3.502250,3.522333,25
1,64,128,64,block,1,3.901000,3.854833,3.942625,25
1,64,128,64,qr,1,4.123666,4.080958,4.160625,25
1,64,128,64,qrblock,1,4.637708,4.554666,4.714209,25
1,64,128,64,cpu,1,16.357416,16.285094,16.376188,10
1,256,1024,256,jacobi,1,3471.285542,3467.702792,3471.371938,3
1,256,1024,256,block,1,645.073125,644.541542,645.096396,3
1,256,1024,256,qr,1,1140.361875,1139.919083,1140.671583,3
1,256,1024,256,qrblock,1,429.040709,427.736396,431.060792,3
1,4,512,64,jacobi,1,2.114375,2.110292,2.124958,25
1,4,512,64,block,1,3.830375,3.738417,3.874834,25
1,4,512,64,qr,1,2.124625,2.045375,2.130500,25
1,4,512,64,qrblock,1,3.525375,3.498917,3.616750,25
1,4,512,64,cpu,1,1.652209,1.645125,1.662250,25
1,256,256,64,jacobi,1,26.536001,25.817011,26.799709,6
1,256,256,64,block,1,12.242417,12.206667,12.390250,13
1,256,256,64,qr,1,19.575313,19.192104,19.811407,8
1,256,256,64,qrblock,1,15.070041,14.965979,15.499489,10
1,256,256,64,cpu,1,71.828209,71.777792,71.838542,5
1,64,128,128,jacobi,1,33.545792,33.225375,34.075709,5
1,64,128,128,block,1,14.303875,14.122250,14.330313,11
1,64,128,128,cpu,1,64.561208,64.481208,64.599167,5
1,64,128,128,bidiag,1,276.649125,276.307167,276.800916,5
1,64,128,128,cpu_vals,1,39.526000,39.493542,39.539083,5
1,64,128,128,bidiag_vals,1,221.439833,221.412917,221.527000,5
1,4096,64,32,jacobi,1,28.181021,28.119594,28.242854,6
1,4096,64,32,block,1,24.941792,24.882209,25.006687,7
1,4096,64,32,qr,1,35.753916,35.706084,35.791208,5
1,4096,64,32,qrblock,1,31.053708,30.954083,31.146667,5
1,4096,64,32,cpu,1,272.767000,272.568375,273.095334,5
1,1024,256,256,jacobi,1,4479.014959,4477.984917,4483.682917,3
1,1024,256,256,block,1,1401.863833,1401.650021,1401.877792,3
1,16,4,4,jacobi,1,0.227875,0.216000,0.245709,25
1,16,4,4,cpu,1,0.038166,0.038042,0.038459,25
1,16,192,192,jacobi,1,18.081125,18.050417,18.093125,9
1,16,192,192,block,1,12.788479,12.673042,12.987251,12
1,16,192,192,cpu,1,29.312167,29.000635,29.479792,6
1,16,192,192,bidiag,1,112.883583,112.795958,112.889166,5
1,16,192,192,cpu_vals,1,13.489791,13.476895,13.517573,12
1,16,192,192,bidiag_vals,1,91.339083,91.297583,91.385625,5
1,1024,1024,128,jacobi,1,2875.558584,2874.086458,2879.368896,3
1,1024,1024,128,block,1,526.534625,524.733938,528.019708,3
1,1024,1024,128,qr,1,662.049125,661.630354,662.761563,3
1,1024,1024,128,qrblock,1,396.912000,395.406479,397.227417,3
1,4096,96,96,jacobi,1,756.730584,755.952750,757.042605,3
1,4096,96,96,block,1,349.945250,348.595937,351.990167,3
1,256,512,32,jacobi,1,12.092666,11.936541,12.207625,13
1,256,512,32,block,1,7.796125,7.696021,7.871979,20
1,256,512,32,qr,1,9.852229,9.674052,9.984187,16
1,256,512,32,qrblock,1,10.650542,10.503917,10.715063,15
1,256,512,32,cpu,1,35.491250,35.483708,35.522083,5
1,256,128,128,jacobi,1,119.027708,118.919125,119.595666,5
1,256,128,128,block,1,48.017208,48.006791,48.164834,5
1,256,128,128,cpu,1,257.887083,257.821708,257.939250,5
1,256,128,128,bidiag,1,1110.156750,1108.962271,1110.756292,3
1,256,128,128,cpu_vals,1,157.858125,157.847750,157.868833,5
1,256,128,128,bidiag_vals,1,883.596625,883.076896,883.895375,3
1,64,256,8,jacobi,1,0.372292,0.317000,0.395875,25
1,64,256,8,qr,1,1.057208,1.036417,1.140333,25
1,64,256,8,cpu,1,0.859125,0.842416,0.873375,25
1,4,96,96,jacobi,1,2.398833,2.393625,2.410250,25
1,4,96,96,block,1,4.138583,4.048375,4.228208,25
1,4,96,96,cpu,1,2.134250,2.128792,2.142959,25
1,4,512,256,jacobi,1,48.158875,48.143042,48.166666,5
1,4,512,256,block,1,14.095958,13.993875,14.150708,11
1,4,512,256,qr,1,34.296791,34.278750,34.303333,5
1,4,512,256,qrblock,1,15.544146,15.393177,15.614833,10
1,4,512,256,cpu,1,21.142229,20.968354,21.312886,8
1,4,512,256,bidiag,1,49.112833,48.957542,49.313084,5
1,4,512,256,cpu_vals,1,9.514480,9.503125,9.526542,16
1,4,512,256,bidiag_vals,1,39.584708,39.390666,39.666375,5
1,256,96,96,jacobi,1,48.014875,47.882791,48.105083,5
1,256,96,96,block,1,22.400250,22.304583,22.462792,7
1,256,96,96,cpu,1,133.680500,133.608625,133.791208,5
1,64,64,8,jacobi,1,0.387583,0.374541,0.405417,25
1,64,64,8,qr,1,0.752917,0.670125,0.769125,25
1,64,64,8,cpu,1,0.516542,0.510833,0.534500,25
1,1,256,64,jacobi,1,1.447792,1.440334,1.498250,25
1,1,256,64,block,1,3.121750,3.095083,3.225667,25
1,1,256,64,qr,1,1.343625,1.319292,1.360833,25
1,1,256,64,qrblock,1,2.784959,2.769583,2.847625,25
1,1,256,64,cpu,1,0.302875,0.300625,0.309625,25
1,256,1024,64,jacobi,1,155.375875,154.313000,156.098625,5
1,256,1024,64,block,1,32.354042,32.329833,32.515084,5
1,256,1024,64,qr,1,39.284959,39.218791,39.871417,5
1,256,1024,64,qrblock,1,35.310125,34.621167,35.440750,5
1,256,1024,64,cpu,1,140.271750,140.228208,140.333459,5
1,1,64,8,jacobi,1,0.322084,0.299208,0.332834,25
1,1,64,8,qr,1,0.402416,0.369000,0.499208,25
1,1,64,8,cpu,1,0.012292,0.012250,0.012417,25
1,256,32,32,jacobi,1,2.196083,2.144416,2.236125,25
1,256,32,32,block,1,3.029083,3.006750,3.065459,25
1,256,32,32,cpu,1,13.515791,13.455729,13.546886,12
1,64,256,256,jacobi,1,288.007459,287.510875,288.212750,5
1,64,256,256,block,1,83.402042,83.389750,83.576708,5
1,64,256,256,cpu,1,245.213541,244.728583,246.848750,5
1,64,256,256,bidiag,1,657.477000,656.459500,658.866708,3
1,64,256,256,cpu_vals,1,108.178333,108.157250,108.582083,5
1,64,256,256,bidiag_vals,1,513.761417,513.666626,513.973709,3
1,4,2048,128,jacobi,1,42.213375,42.192333,42.222958,5
1,4,2048,128,block,1,14.258000,14.160812,14.289250,11
1,4,2048,128,qr,1,9.728479,9.705032,9.745677,16
1,4,2048,128,qrblock,1,10.726875,10.622813,10.837937,15
1,4,2048,128,cpu,1,12.469084,12.451833,12.509292,13
1,4,2048,128,bidiag,1,27.983937,27.918343,28.024188,6
1,4,2048,128,cpu_vals,1,6.474042,6.464177,6.496813,24
1,4,2048,128,bidiag_vals,1,24.134750,24.101937,24.314312,7
1,1024,128,32,jacobi,1,9.472604,9.434511,9.497479,16
1,1024,128,32,block,1,9.919125,9.847124,10.057708,16
1,1024,128,32,qr,1,13.307166,13.020511,13.570843,12
1,1024,128,32,qrblock,1,12.493562,12.385823,12.603198,12
1,1024,128,32,cpu,1,81.525042,81.471666,82.339792,5
1,16,128,64,jacobi,1,1.300291,1.285666,1.342500,25
1,16,128,64,block,1,2.861792,2.836708,2.971125,25
1,16,128,64,qr,1,1.962709,1.944625,2.002292,25
1,16,128,64,qrblock,1,3.457333,3.405291,3.487125,25
1,16,128,64,cpu,1,4.091334,4.076291,4.098042,25
1,16,64,16,jacobi,1,0.577209,0.566292,0.582250,25
1,16,64,16,qr,1,0.502625,0.495500,0.507667,25
1,16,64,16,cpu,1,0.441125,0.436958,0.451958,25
1,64,192,192,jacobi,1,109.117958,108.560209,109.602417,5
1,64,192,192,block,1,37.604500,37.300042,37.658833,5
1,64,192,192,cpu,1,117.513542,117.394500,117.514792,5
1,64,192,192,bidiag,1,449.025042,448.923771,449.069584,3
1,64,192,192,cpu_vals,1,53.043208,52.986208,53.052041,5
1,64,192,192,bidiag_vals,1,363.357458,363.336229,363.490834,3
1,16,1024,128,jacobi,1,37.953250,37.901209,38.008458,5
1,16,1024,128,block,1,13.146874,13.112219,13.196480,12
1,16,1024,128,qr,1,8.928916,8.903417,8.965250,17
1,16,1024,128,qrblock,1,10.212958,10.157896,10.268791,15
1,16,1024,128,cpu,1,33.919625,33.919167,34.041917,5
1,16,1024,128,bidiag,1,88.369000,88.094250,88.516875,5
1,16,1024,128,cpu_vals,1,18.045416,18.011125,18.048542,9
1,16,1024,128,bidiag_vals,1,75.311167,74.977209,75.806375,5
1,16,1024,1024,jacobi,1,9127.590959,9124.166146,9127.703021,3
1,16,1024,1024,block,1,1225.574666,1225.507020,1225.641396,3
1,16,1024,1024,cpu,1,1241.564292,1241.141229,1241.921000,3
1,16,1024,1024,bidiag,1,1216.908500,1216.257750,1216.930000,3
1,16,1024,1024,cpu_vals,1,570.297917,570.295292,570.303334,3
1,16,1024,1024,bidiag_vals,1,752.915167,752.857229,753.144313,3
1,1,4096,4096,cpu,1,3440.286750,3422.119209,3445.122625,3
1,1,4096,4096,bidiag,1,1829.072916,1777.989937,1839.818520,3
1,1,4096,4096,cpu_vals,1,2000.042250,1998.535000,2039.045729,3
1,1,4096,4096,bidiag_vals,1,1081.937625,1049.962125,1084.816646,3
1,1,128,32,jacobi,1,0.396500,0.380875,0.474000,25
1,1,128,32,block,1,2.060375,1.972166,2.100875,25
1,1,128,32,qr,1,0.549084,0.530500,0.566459,25
1,1,128,32,qrblock,1,1.967709,1.947750,2.049792,25
1,1,128,32,cpu,1,0.093208,0.089125,0.098250,25
1,1,64,64,jacobi,1,1.083250,1.054791,1.132292,25
1,1,64,64,block,1,2.963666,2.837500,3.052917,25
1,1,64,64,cpu,1,0.206792,0.201042,0.210500,25
1,4096,16,16,jacobi,1,5.927667,5.824292,5.988083,25
1,4096,16,16,cpu,1,59.900375,59.865625,59.905417,5
1,4,1024,128,jacobi,1,19.550041,19.535479,19.568604,8
1,4,1024,128,block,1,9.425729,9.319125,9.512427,16
1,4,1024,128,qr,1,7.460187,7.404990,7.623010,20
1,4,1024,128,qrblock,1,8.444083,8.318792,8.552833,18
1,4,1024,128,cpu,1,8.473605,8.446698,8.512322,18
1,4,1024,128,bidiag,1,22.142959,22.090521,22.289209,7
1,4,1024,128,cpu_vals,1,4.585917,4.565000,4.615875,25
1,4,1024,128,bidiag_vals,1,19.243521,18.877822,19.476813,8
1,4096,4,4,jacobi,1,0.636459,0.424916,1.042333,25
1,4096,4,4,cpu,1,8.196792,8.091438,8.333375,19
1,1,48,48,jacobi,1,0.776833,0.730875,0.793875,25
1,1,48,48,block,1,2.511875,2.485833,2.600750,25
1,1,48,48,cpu,1,0.118375,0.116875,0.121083,25
1,64,64,32,jacobi,1,0.913416,0.857458,1.427750,25
1,64,64,32,block,1,2.246333,2.197459,2.283500,25
1,64,64,32,qr,1,1.471041,1.390125,1.501250,25
1,64,64,32,qrblock,1,2.750625,2.705500,2.789666,25
1,64,64,32,cpu,1,4.375750,4.341417,4.395583,25
1,16,512,128,jacobi,1,14.043500,13.997979,14.088209,11
1,16,512,128,block,1,8.805958,8.745583,8.932416,17
1,16,512,128,qr,1,7.390209,7.325958,7.448792,21
1,16,512,128,qrblock,1,8.975083,8.872291,9.042167,17
1,16,512,128,cpu,1,26.211854,26.196302,26.220438,6
1,16,512,128,bidiag,1,79.808875,79.680166,80.432958,5
1,16,512,128,cpu_vals,1,14.336167,14.305958,14.353813,11
1,16,512,128,bidiag_vals,1,65.820083,65.774166,66.174750,5
1,1,128,128,jacobi,1,4.941042,4.921041,4.984209,25
1,1,128,128,block,1,6.226875,6.114208,6.358458,25
1,1,128,128,cpu,1,1.040250,1.034833,1.047875,25
1,1,128,128,bidiag,1,4.428417,4.378417,4.513084,25
1,1,128,128,cpu_vals,1,0.629083,0.625000,0.635875,25
1,1,128,128,bidiag_vals,1,3.556500,3.500291,3.638917,25
1,4,1024,64,jacobi,1,4.681417,4.666000,4.688416,25
1,4,1024,64,block,1,5.543875,5.439667,5.666291,25
1,4,1024,64,qr,1,2.739667,2.706541,2.785458,25
1,4,1024,64,qrblock,1,4.248958,4.191000,4.347250,25
1,4,1024,64,cpu,1,2.239875,2.227042,2.255459,25
1,16,512,256,jacobi,1,94.979292,94.866291,95.185166,5
1,16,512,256,block,1,26.668187,26.577990,26.692729,6
1,16,512,256,qr,1,64.783208,64.751167,64.981333,5
1,16,512,256,qrblock,1,26.110895,26.032271,26.180645,6
1,16,512,256,cpu,1,84.301209,84.163333,84.882833,5
1,16,512,256,bidiag,1,195.690667,195.413583,195.820125,5
1,16,512,256,cpu_vals,1,37.883792,37.880125,38.039125,5
1,16,512,256,bidiag_vals,1,159.408917,159.067375,159.650292,5
1,256,256,16,jacobi,1,1.301584,1.274083,1.327375,25
1,256,256,16,qr,1,3.025958,2.970916,3.103584,25
1,256,256,16,cpu,1,9.535625,9.487906,9.606979,16
1,16,64,8,jacobi,1,0.359500,0.354250,0.631833,25
1,16,64,8,qr,1,0.435833,0.429209,0.447875,25
1,16,64,8,cpu,1,0.133500,0.132750,0.135500,25
1,1,2048,128,jacobi,1,34.621666,34.616542,34.624041,5
1,1,2048,128,block,1,11.624667,11.603834,11.718583,13
1,1,2048,128,qr,1,6.935938,6.909177,6.952917,22
1,1,2048,128,qrblock,1,8.110459,8.047729,8.287959,19
1,1,2048,128,cpu,1,3.177333,3.154750,3.188875,25
1,1,2048,128,bidiag,1,7.064854,7.018490,7.109323,22
1,1,2048,128,cpu_vals,1,1.654917,1.645084,1.658125,25
1,1,2048,128,bidiag_vals,1,6.120750,6.042667,6.158792,25
1,4,16,16,jacobi,1,0.245125,0.233875,0.281875,25
1,4,16,16,cpu,1,0.063333,0.062041,0.064417,25
1,1024,64,8,jacobi,1,0.745000,0.652834,0.801708,25
1,1024,64,8,qr,1,1.671333,1.634375,1.717250,25
1,1024,64,8,cpu,1,7.642542,7.581761,7.715344,20
1,1024,1024,32,jacobi,1,144.047000,143.616708,144.299625,5
1,1024,1024,32,block,1,40.660083,40.651625,41.088750,5
1,1024,1024,32,qr,1,57.911041,56.557708,57.956042,5
1,1024,1024,32,qrblock,1,58.542625,57.929167,59.009666,5
1,1024,1024,32,cpu,1,212.896542,212.695500,215.007417,5
1,1024,256,64,jacobi,1,105.523750,101.038291,105.747667,5
1,1024,256,64,block,1,46.689125,46.539292,46.807833,5
1,1024,256,64,qr,1,73.301542,73.140042,73.603208,5
1,1024,256,64,qrblock,1,51.974333,51.876708,52.297875,5
1,1024,256,64,cpu,1,291.657208,291.251750,292.393208,5
1,256,32,16,jacobi,1,0.672917,0.623042,0.723584,25
1,256,32,16,qr,1,1.227792,1.207167,1.263917,25
1,256,32,16,cpu,1,6.139542,6.112708,6.186000,25
1,1024,512,32,jacobi,1,46.567459,46.050625,46.693667,5
1,1024,512,32,block,1,23.975583,23.829729,24.383583,7
1,1024,512,32,qr,1,36.184500,36.095041,36.399958,5
1,1024,512,32,qrblock,1,34.839375,34.833542,35.337125,5
1,1024,512,32,cpu,1,146.662292,146.660708,146.874958,5
1,16,512,32,jacobi,1,0.802167,0.778542,0.809750,25
1,16,512,32,block,1,2.890625,2.866000,2.986875,25
1,16,512,32,qr,1,1.468792,1.450834,1.493250,25
1,16,512,32,qrblock,1,2.884667,2.836292,2.918208,25
1,16,512,32,cpu,1,2.339375,2.311458,2.358083,25
1,64,4,4,jacobi,1,0.250167,0.221666,0.268041,25
1,64,4,4,cpu,1,0.134084,0.131709,0.135750,25
1,64,16,8,jacobi,1,0.364667,0.356958,0.371041,25
1,64,16,8,qr,1,0.608375,0.598250,0.621042,25
1,64,16,8,cpu,1,0.416458,0.411834,0.420166,25
1,4,512,512,jacobi,1,327.411125,327.407083,327.920062,3
1,4,512,512,block,1,49.548958,49.515542,49.646666,5
1,4,512,512,cpu,1,66.843000,66.211917,67.054958,5
1,4,512,512,bidiag,1,104.018708,103.318833,104.271416,5
1,4,512,512,cpu_vals,1,30.882875,30.863583,30.932708,5
1,4,512,512,bidiag_vals,1,75.519208,75.325167,75.627958,5
1,1,512,512,jacobi,1,265.084166,265.072875,265.142042,5
1,1,512,512,block,1,32.219125,32.199459,32.259416,5
1,1,512,512,cpu,1,16.820750,16.521750,16.866250,9
1,1,512,512,bidiag,1,25.730730,25.685604,25.763636,6
1,1,512,512,cpu_vals,1,7.734146,7.715323,7.743594,20
1,1,512,512,bidiag_vals,1,19.098792,18.910480,19.419104,8
1,256,256,32,jacobi,1,5.263209,5.148000,5.293209,25
1,256,256,32,block,1,4.814459,4.774667,4.857541,25
1,256,256,32,qr,1,5.971875,5.933291,6.056875,25
1,256,256,32,qrblock,1,6.771250,6.696229,6.838104,23
1,256,256,32,cpu,1,24.952792,24.824812,25.315708,6
1,4,1024,256,jacobi,1,106.142000,106.094833,106.168333,5
1,4,1024,256,block,1,19.952604,19.888354,20.013521,8
1,4,1024,256,qr,1,34.926041,34.911500,34.953542,5
1,4,1024,256,qrblock,1,18.023541,18.017875,18.082500,9
1,4,1024,256,cpu,1,25.936104,25.905104,26.006386,6
1,4,1024,256,bidiag,1,53.842042,53.787875,54.508958,5
1,4,1024,256,cpu_vals,1,11.922625,11.900459,11.967708,13
1,4,1024,256,bidiag_vals,1,46.614166,46.426166,46.783917,5
1,4096,32,16,jacobi,1,5.787125,5.760750,6.351291,25
1,4096,32,16,qr,1,9.135167,8.916709,9.327208,17
1,4096,32,16,cpu,1,96.021209,96.013333,96.485584,5
1,4,16,8,jacobi,1,0.339458,0.294250,0.793000,25
1,4,16,8,qr,1,0.389208,0.385458,0.434458,25
1,4,16,8,cpu,1,0.026292,0.026209,0.026833,25
1,256,192,192,jacobi,1,466.404625,464.475750,467.060146,3
1,256,192,192,block,1,165.603833,164.585166,165.905416,5
1,256,192,192,cpu,1,482.545125,481.438355,482.866771,3
1,256,192,192,bidiag,1,1825.414959,1822.857687,1830.157876,3
1,256,192,192,cpu_vals,1,214.262375,214.233209,214.436042,5
1,256,192,192,bidiag_vals,1,1488.597833,1480.742000,1489.111562,3
1,1,256,32,jacobi,1,0.490542,0.472708,0.555875,25
1,1,256,32,block,1,2.231667,2.144167,2.286833,25
1,1,256,32,qr,1,0.578250,0.566167,0.592583,25
1,1,256,32,qrblock,1,2.049083,1.962125,2.077792,25
1,1,256,32,cpu,1,0.117833,0.115208,0.118750,25
1,1,512,32,jacobi,1,0.601208,0.598750,0.611375,25
1,1,512,32,block,1,2.803916,2.761167,2.845375,25
1,1,512,32,qr,1,0.635166,0.627458,0.641542,25
1,1,512,32,qrblock,1,2.035625,2.012625,2.191459,25
1,1,512,32,cpu,1,0.159250,0.157667,0.162583,25
1,1024,128,16,jacobi,1,2.723750,2.707875,2.750667,25
1,1024,128,16,qr,1,4.890959,4.840250,4.941500,25
1,1024,128,16,cpu,1,30.597167,30.279125,30.704458,5
1,4,48,48,jacobi,1,0.848125,0.811417,0.867000,25
1,4,48,48,block,1,2.490833,2.463791,2.533125,25
1,4,48,48,cpu,1,0.486166,0.475375,0.491083,25
1,1,3072,3072,cpu,1,1380.313334,1363.922292,1382.042667,3
1,1,3072,3072,bidiag,1,729.544875,728.401521,737.841188,3
1,1,3072,3072,cpu_vals,1,776.673916,766.638979,777.055396,3
1,1,3072,3072,bidiag_vals,1,448.319500,443.461312,453.085250,3
1,4,128,16,jacobi,1,0.263750,0.259667,0.288292,25
1,4,128,16,qr,1,0.470584,0.463625,0.486875,25
1,4,128,16,cpu,1,0.135291,0.133042,0.137416,25
1,256,64,8,jacobi,1,0.321209,0.313125,0.326125,25
1,256,64,8,qr,1,0.893292,0.881584,0.914583,25
1,256,64,8,cpu,1,1.892125,1.859583,1.926542,25
1,256,8,8,jacobi,1,0.276667,0.272625,0.292959,25
1,256,8,8,cpu,1,1.232042,1.216459,1.242083,25
1,1024,512,128,jacobi,1,1403.644541,1381.696645,1407.661437,3
1,1024,512,128,block,1,344.866375,344.105375,347.274917,3
1,1024,512,128,qr,1,598.655625,590.109667,605.579375,3
1,1024,512,128,qrblock,1,307.964083,307.870833,309.146187,3
1,1,2048,256,jacobi,1,152.773375,152.735084,152.977875,5
1,1,2048,256,block,1,24.134667,23.809937,24.295667,7
1,1,2048,256,qr,1,33.507875,33.343959,33.655959,5
1,1,2048,256,qrblock,1,16.625500,16.545417,16.734562,10
1,1,2048,256,cpu,1,9.001458,8.837250,9.097375,17
1,1,2048,256,bidiag,1,16.491792,16.451584,16.568302,10
1,1,2048,256,cpu_vals,1,4.175833,4.150834,4.206250,25
1,1,2048,256,bidiag_vals,1,14.314458,14.066395,14.371458,11
1,64,512,32,jacobi,1,2.287333,2.249083,2.327458,25
1,64,512,32,block,1,3.930333,3.716500,4.241042,25
1,64,512,32,qr,1,3.202666,3.150042,3.527333,25
1,64,512,32,qrblock,1,4.341500,4.235125,4.666292,25
1,64,512,32,cpu,1,8.942542,8.910666,8.999750,17
1,64,512,16,jacobi,1,0.689084,0.662459,0.835125,25
1,64,512,16,qr,1,2.368792,2.302208,2.525542,25
1,64,512,16,cpu,1,3.643500,3.590083,3.680000,25
1,1024,256,8,jacobi,1,1.495792,1.446208,2.071750,25
1,1024,256,8,qr,1,7.332708,6.969625,7.536625,21
1,1024,256,8,cpu,1,13.170229,13.150541,13.233271,12
1,4,4,4,jacobi,1,0.224167,0.205875,0.249792,25
1,4,4,4,cpu,1,0.012583,0.011917,0.012667,25
1,1,64,32,jacobi,1,0.390167,0.365458,0.737500,25
1,1,64,32,block,1,1.827042,1.743208,1.973000,25
1,1,64,32,qr,1,0.520875,0.516250,0.529917,25
1,1,64,32,qrblock,1,1.947542,1.893833,2.011333,25
1,1,64,32,cpu,1,0.070250,0.069459,0.072916,25
1,4096,128,128,jacobi,1,1906.766000,1905.070480,1924.563105,3
1,4096,128,128,block,1,762.196167,756.220146,762.292375,3
1,16,256,32,jacobi,1,0.567917,0.510416,1.168459,25
1,16,256,32,block,1,2.342125,2.315875,2.408500,25
1,16,256,32,qr,1,1.240250,1.220167,1.330709,25
1,16,256,32,qrblock,1,2.673125,2.585125,3.120459,25
1,16,256,32,cpu,1,1.613167,1.593041,1.641167,25
1,1,4,4,jacobi,1,0.165750,0.149917,0.205417,25
1,1,4,4,cpu,1,0.004208,0.004125,0.004250,25
1,1024,2048,64,jacobi,1,1328.605042,1316.241021,1331.119667,3
1,1024,2048,64,block,1,227.859041,226.662084,228.354750,5
1,1024,2048,64,qr,1,266.043875,264.593375,270.763416,5
1,1024,2048,64,qrblock,1,249.635167,243.965084,250.790542,5
1,1024,2048,64,cpu,1,876.293416,875.243770,877.469708,3
1,1024,32,16,jacobi,1,1.755709,1.743083,1.790375,25
1,1024,32,16,qr,1,2.718833,2.694792,2.783083,25
1,1024,32,16,cpu,1,24.101250,24.074542,24.161333,7
1,64,1024,128,jacobi,1,188.513125,188.368125,188.722416,5
1,64,1024,128,block,1,39.088542,39.024500,39.144333,5
1,64,1024,128,qr,1,45.616542,45.388583,45.871875,5
1,64,1024,128,qrblock,1,28.038812,27.978937,28.092375,6
1,64,1024,128,cpu,1,135.234667,135.189792,135.269250,5
1,64,1024,128,bidiag,1,351.936459,351.931750,352.811167,3
1,64,1024,128,cpu_vals,1,72.459375,72.456458,72.459625,5
1,64,1024,128,bidiag_vals,1,304.219417,301.728125,307.784208,3
1,64,32,8,jacobi,1,0.222916,0.218584,0.356375,25
1,64,32,8,qr,1,0.644750,0.615792,0.667667,25
1,64,32,8,cpu,1,0.459959,0.454917,0.464750,25
1,1,512,256,jacobi,1,48.395333,48.372750,48.397208,5
1,1,512,256,block,1,12.503458,12.405917,12.554208,13
1,1,512,256,qr,1,32.009042,31.986541,32.016625,5
1,1,512,256,qrblock,1,12.452833,12.404000,12.535792,13
1,1,512,256,cpu,1,5.386833,5.190500,5.467625,25
1,1,512,256,bidiag,1,12.193625,12.147042,12.413458,13
1,1,512,256,cpu_vals,1,2.431916,2.429375,2.438708,25
1,1,512,256,bidiag_vals,1,9.932188,9.720594,10.174822,16
1,64,48,48,jacobi,1,1.875458,1.860833,1.922750,25
1,64,48,48,block,1,3.671708,3.565541,3.724500,25
1,64,48,48,cpu,1,7.287333,7.258750,7.333000,21
1,1,1024,64,jacobi,1,4.490542,4.480458,4.498583,25
1,1,1024,64,block,1,5.119291,5.045417,5.168833,25
1,1,1024,64,qr,1,1.571125,1.556959,1.617459,25
1,1,1024,64,qrblock,1,2.846500,2.803959,2.877667,25
1,1,1024,64,cpu,1,0.586333,0.582250,0.588792,25
1,256,2048,128,jacobi,1,1882.100458,1867.527666,1884.325083,3
1,256,2048,128,block,1,239.316208,238.040875,239.966000,5
1,256,2048,128,qr,1,236.991500,232.797833,237.429708,5
1,256,2048,128,qrblock,1,168.436125,165.134958,173.736709,5
1,256,2048,128,cpu,1,795.761791,795.719875,797.525687,3
1,256,2048,128,bidiag,1,1818.204583,1809.991687,1821.359375,3
1,256,2048,128,cpu_vals,1,415.172584,414.847167,416.625105,3
1,256,2048,128,bidiag_vals,1,1551.115250,1550.701437,1552.339375,3
1,1,768,768,jacobi,1,1042.539709,1041.202896,1043.455334,3
1,1,768,768,block,1,65.249042,65.188792,65.271459,5
1,1,768,768,cpu,1,34.105541,34.031958,34.115000,5
1,1,768,768,bidiag,1,46.142292,46.101459,46.201292,5
1,1,768,768,cpu_vals,1,16.004105,15.978770,16.036176,10
1,1,768,768,bidiag_vals,1,31.379708,31.378208,31.408000,5
1,16,96,96,jacobi,1,2.595959,2.592458,2.606416,25
1,16,96,96,block,1,4.710667,4.664250,4.753917,25
1,16,96,96,cpu,1,8.361396,8.343646,8.390989,18
1,64,384,384,jacobi,1,1173.321208,1173.016271,1173.866499,3
1,64,384,384,block,1,284.340666,277.667792,285.107500,5
1,64,384,384,cpu,1,485.870208,484.242958,489.720875,3
1,64,384,384,bidiag,1,1089.616417,1089.424062,1089.999626,3
1,64,384,384,cpu_vals,1,226.628250,226.507125,226.677208,5
1,64,384,384,bidiag_vals,1,834.424208,834.126479,834.541688,3
1,1,64,16,jacobi,1,0.218375,0.206791,0.238875,25
1,1,64,16,qr,1,0.406042,0.395166,0.415333,25
1,1,64,16,cpu,1,0.037583,0.029375,0.038083,25
1,4096,256,64,jacobi,1,422.018917,421.334584,422.271166,3
1,4096,256,64,block,1,175.016708,174.063083,177.171500,5
1,4096,256,64,qr,1,282.461916,280.572625,285.147041,5
1,4096,256,64,qrblock,1,191.649750,190.034250,192.996500,5
1,4096,256,64,cpu,1,1195.654875,1179.251959,1197.461812,3
1,4,64,16,jacobi,1,0.526792,0.514167,0.563209,25
1,4,64,16,qr,1,0.450125,0.443584,0.455541,25
1,4,64,16,cpu,1,0.122458,0.120792,0.124833,25
1,1024,16,8,jacobi,1,0.806875,0.768959,0.860042,25
1,1024,16,8,qr,1,1.222417,1.208000,1.233709,25
1,1024,16,8,cpu,1,6.468979,6.379917,6.583563,24
1,4,64,32,jacobi,1,0.444667,0.395000,1.216000,25
1,4,64,32,block,1,1.991916,1.939625,2.045083,25
1,4,64,32,qr,1,0.598292,0.588375,0.611166,25
1,4,64,32,qrblock,1,2.170167,2.130000,2.192917,25
1,4,64,32,cpu,1,0.281792,0.279875,0.285750,25
1,16,32,8,jacobi,1,0.325417,0.314416,0.353541,25
1,16,32,8,qr,1,0.470292,0.452500,0.497250,25
1,16,32,8,cpu,1,0.125083,0.121166,0.132083,25
1,4096,64,64,jacobi,1,199.468291,190.030208,199.725500,5
1,4096,64,64,block,1,116.441334,116.363958,116.696666,5
1,4096,64,64,cpu,1,744.524042,744.409875,744.830291,3
1,1,192,192,jacobi,1,14.965958,14.951458,14.984542,11
1,1,192,192,block,1,9.409896,9.340666,9.529937,16
1,1,192,192,cpu,1,1.979333,1.949250,2.049750,25
1,1,192,192,bidiag,1,7.632000,7.289625,7.678625,21
1,1,192,192,cpu_vals,1,0.859542,0.850334,0.891375,25
1,1,192,192,bidiag_vals,1,6.227750,5.764125,6.252916,25
1,4,768,768,jacobi,1,1265.988292,1265.661771,1273.515396,3
1,4,768,768,block,1,115.760583,115.677375,115.819834,5
1,4,768,768,cpu,1,133.981166,133.844917,134.204791,5
1,4,768,768,bidiag,1,192.233458,192.092792,192.261833,5
1,4,768,768,cpu_vals,1,64.002167,63.967167,64.085291,5
1,4,768,768,bidiag_vals,1,126.164333,125.534916,128.905000,5
1,256,48,48,jacobi,1,5.749625,5.700792,5.851334,25
1,256,48,48,block,1,8.338333,8.252605,8.408271,19
1,256,48,48,cpu,1,29.070083,29.027500,29.235479,6
1,4,2048,64,jacobi,1,8.639771,8.633833,8.645792,18
1,4,2048,64,block,1,8.315167,8.286521,8.381979,19
1,4,2048,64,qr,1,4.440833,4.421541,4.473041,25
1,4,2048,64,qrblock,1,6.047167,5.973583,6.115917,25
1,4,2048,64,cpu,1,3.455791,3.441916,3.486333,25
1,4096,1024,128,qrblock,1,1742.358917,1739.505646,1743.513229,3
1,1,32,16,jacobi,1,0.469417,0.464250,0.512125,25
1,1,32,16,qr,1,0.417833,0.386208,0.439250,25
1,1,32,16,cpu,1,0.031916,0.026666,0.032167,25
1,16,128,8,jacobi,1,0.368042,0.282375,0.375459,25
1,16,128,8,qr,1,0.482750,0.450708,0.497250,25
1,16,128,8,cpu,1,0.165375,0.163166,0.167584,25
1,256,128,64,jacobi,1,13.838208,13.392021,15.572626,11
1,256,128,64,block,1,9.447125,9.328416,9.502417,16
1,256,128,64,qr,1,16.359875,16.213698,16.833677,10
1,256,128,64,qrblock,1,11.425145,11.349916,11.534833,14
1,256,128,64,cpu,1,65.193167,65.183375,65.194042,5
1,16,256,128,jacobi,1,6.162750,6.150375,6.175875,25
1,16,256,128,block,1,6.880146,6.798229,6.957334,22
1,16,256,128,qr,1,6.245208,6.173625,6.277666,25
1,16,256,128,qrblock,1,7.754666,7.620646,7.830375,20
1,16,256,128,cpu,1,21.224563,21.214541,21.238771,8
1,16,256,128,bidiag,1,74.725542,74.725208,74.751291,5
1,16,256,128,cpu_vals,1,12.224375,12.203209,12.251417,13
1,16,256,128,bidiag_vals,1,61.040708,60.839333,61.294667,5
1,1,128,8,jacobi,1,0.177208,0.172084,0.192458,25
1,1,128,8,qr,1,0.383791,0.377166,0.410084,25
1,1,128,8,cpu,1,0.013791,0.013708,0.013917,25
1,64,2048,64,jacobi,1,83.562417,83.519958,83.664292,5
1,64,2048,64,block,1,19.795604,19.661865,19.936969,8
1,64,2048,64,qr,1,17.685917,17.682125,17.833041,9
1,64,2048,64,qrblock,1,18.517667,18.463917,18.594375,9
1,64,2048,64,cpu,1,54.488000,54.423916,54.489833,5
1,64,64,64,jacobi,1,3.231500,3.226334,3.238958,25
1,64,64,64,block,1,3.889834,3.817291,3.977417,25
1,64,64,64,cpu,1,11.559166,11.550625,11.603833,13
1,1024,512,256,qrblock,1,1632.613125,1631.134208,1644.026959,3
1,16,256,16,jacobi,1,0.324084,0.313416,0.356417,25
1,16,256,16,qr,1,0.702208,0.693750,0.736875,25
1,16,256,16,cpu,1,0.628959,0.619875,0.635709,25
1,4096,256,32,jacobi,1,86.381500,86.295667,86.895833,5
1,4096,256,32,block,1,51.645167,51.481167,52.649625,5
1,4096,256,32,qr,1,76.662708,76.475833,76.767500,5
1,4096,256,32,qrblock,1,72.653959,72.605292,73.598833,5
1,4096,256,32,cpu,1,406.635667,406.465730,409.683750,3
1,256,64,16,jacobi,1,0.831750,0.824875,1.259833,25
1,256,64,16,qr,1,1.283666,1.273500,1.312667,25
1,256,64,16,cpu,1,6.786875,6.758541,6.819021,23
1,4096,32,32,jacobi,1,26.686729,26.589365,26.799626,6
1,4096,32,32,block,1,22.534792,22.458250,22.701563,7
1,4096,32,32,cpu,1,214.558292,214.530875,214.672750,5
1,256,512,256,jacobi,1,1773.441167,1764.253833,1781.250271,3
1,256,512,256,block,1,415.465916,415.392625,415.877792,3
1,256,512,256,qr,1,1103.195666,1098.006500,1108.481438,3
1,256,512,256,qrblock,1,373.106584,368.278792,376.487584,3
1,16,32,16,jacobi,1,0.242750,0.228458,0.276916,25
1,16,32,16,qr,1,0.514416,0.505375,0.543292,25
1,16,32,16,cpu,1,0.390917,0.387750,0.395041,25
1,4096,48,48,jacobi,1,83.501334,83.460584,83.589333,5
1,4096,48,48,block,1,98.490833,97.931542,98.951334,5
1,4096,48,48,cpu,1,471.373834,467.201521,473.092396,3
1,64,32,16,jacobi,1,0.925750,0.883334,0.958959,25
1,64,32,16,qr,1,0.771250,0.759417,0.781041,25
1,64,32,16,cpu,1,1.598375,1.586041,1.604583,25
1,1,512,16,jacobi,1,1.056042,0.385125,1.113417,25
1,1,512,16,qr,1,0.473000,0.464875,0.480375,25
1,1,512,16,cpu,1,0.072291,0.071583,0.074000,25
1,256,16,16,jacobi,1,0.788666,0.747000,0.808458,25
1,256,16,16,cpu,1,3.727667,3.707875,3.762917,25
