pass,batch,N,backend,ok,ms,p25,p75,reps
0,512,12,simd,1,0.594125,0.381833,1.168083,25
0,512,12,tg,1,0.365208,0.363792,0.368292,25
0,512,12,ql,1,0.303334,0.302167,0.307334,25
0,512,12,ql_share,1,0.425208,0.414333,0.431708,25
0,512,12,cpu,1,0.289417,0.277458,0.307875,25
0,512,12,simd_vals,1,0.350708,0.345208,0.409459,25
0,512,12,tg_vals,1,0.396291,0.392416,0.409584,25
0,512,12,ql_vals,1,0.338250,0.325166,0.341625,25
0,512,12,ql_share_vals,1,0.352209,0.344167,0.365417,25
0,512,12,cpu_vals,1,0.173625,0.172666,0.184333,25
0,8,512,tg,1,572.043417,571.980812,572.125292,3
0,8,512,block,1,63.245791,63.241041,63.347000,5
0,8,512,cpu,1,12.273709,12.019500,12.427875,13
0,8,512,tridiag,1,45.310125,45.255667,45.326250,5
0,8,512,tg_vals,1,443.323417,443.304771,443.358480,3
0,8,512,block_vals,1,52.444542,52.441958,52.475750,5
0,8,512,cpu_vals,1,5.684208,5.626417,6.214500,25
0,8,512,tridiag_vals,1,33.847208,33.710333,33.868708,5
0,8,512,band8_vals,1,29.317875,29.263937,29.682000,6
0,8,512,band_vals,1,28.267084,28.259740,28.930677,6
0,8,512,band32_vals,1,40.518375,40.436584,40.541958,5
0,1,192,tg,1,24.509625,24.487854,24.524771,7
0,1,192,block,1,8.854208,8.780209,8.894583,17
0,1,192,cpu,1,1.185041,1.166833,1.194584,25
0,1,192,tridiag,1,2.454375,2.450000,2.463875,25
0,1,192,tg_vals,1,23.156083,23.132792,23.188291,7
0,1,192,block_vals,1,8.659771,8.591750,8.717417,18
0,1,192,cpu_vals,1,0.581958,0.568833,0.585750,25
0,1,192,tridiag_vals,1,1.707250,1.702458,1.710459,25
0,4096,8,simd,1,0.557083,0.551542,0.563125,25
0,4096,8,tg,1,0.562750,0.560041,0.565791,25
0,4096,8,ql,1,0.582167,0.578375,0.585084,25
0,4096,8,ql_share,1,0.624917,0.619250,0.642166,25
0,4096,8,cpu,1,0.757666,0.705584,0.822250,25
0,4096,8,simd_vals,1,0.488667,0.485584,0.530709,25
0,4096,8,tg_vals,1,0.493416,0.485000,0.497250,25
0,4096,8,ql_vals,1,0.436042,0.427625,0.523625,25
0,4096,8,ql_share_vals,1,0.516834,0.505750,0.569375,25
0,4096,8,cpu_vals,1,0.473916,0.419375,0.628500,25
0,4096,4,simd,1,0.689916,0.294500,0.791167,25
0,4096,4,tg,1,0.296208,0.292084,0.300084,25
0,4096,4,ql,1,0.284584,0.283625,0.288584,25
0,4096,4,ql_share,1,0.387959,0.383625,0.392875,25
0,4096,4,cpu,1,0.358667,0.317417,0.613000,25
0,4096,4,simd_vals,1,0.262917,0.254125,0.270208,25
0,4096,4,tg_vals,1,0.302750,0.299000,0.309750,25
0,4096,4,ql_vals,1,0.248625,0.245250,0.254292,25
0,4096,4,ql_share_vals,1,0.308917,0.297750,0.317917,25
0,4096,4,cpu_vals,1,0.213250,0.199084,0.250833,25
0,8,768,block,1,213.535250,213.357333,213.674750,5
0,8,768,cpu,1,28.177792,27.280645,28.852250,6
0,8,768,tridiag,1,73.542208,73.071375,74.366458,5
0,8,768,block_vals,1,147.808916,147.655375,147.853958,5
0,8,768,cpu_vals,1,14.029083,13.759958,14.059604,11
0,8,768,tridiag_vals,1,55.508916,55.356709,55.561625,5
0,8,768,band8_vals,1,49.617917,49.592375,49.619625,5
0,8,768,band_vals,1,48.052042,47.960250,48.079084,5
0,8,768,band32_vals,1,67.954500,67.911292,67.971334,5
0,4,2,simd,1,0.184917,0.159000,0.215667,25
0,4,2,tg,1,0.196584,0.186917,0.210792,25
0,4,2,ql,1,0.194541,0.177333,0.200792,25
0,4,2,cpu,1,0.005667,0.004875,0.007750,25
0,4,2,simd_vals,1,0.182500,0.151959,0.214250,25
0,4,2,tg_vals,1,0.168291,0.148125,0.222334,25
0,4,2,ql_vals,1,0.149500,0.141667,0.187459,25
0,4,2,cpu_vals,1,0.006041,0.004458,0.008875,25
0,8,256,tg,1,62.368666,62.358833,62.373666,5
0,8,256,block,1,14.718083,14.689021,14.757229,11
0,8,256,cpu,1,2.691542,2.681208,2.720375,25
0,8,256,tridiag,1,21.415396,21.383657,21.445573,8
0,8,256,tg_vals,1,60.684042,60.673417,60.700792,5
0,8,256,block_vals,1,13.318979,13.288021,13.419583,12
0,8,256,cpu_vals,1,1.331125,1.326042,1.340834,25
0,8,256,tridiag_vals,1,16.395417,16.387208,16.406885,10
0,1,8,simd,1,0.225625,0.191416,0.269000,25
0,1,8,tg,1,0.207916,0.183208,0.252375,25
0,1,8,ql,1,0.198667,0.194000,0.233708,25
0,1,8,cpu,1,0.003958,0.003875,0.004167,25
0,1,8,simd_vals,1,0.179250,0.165958,0.219500,25
0,1,8,tg_vals,1,0.186792,0.166417,0.227833,25
0,1,8,ql_vals,1,0.170458,0.168667,0.189542,25
0,1,8,cpu_vals,1,0.002458,0.002292,0.002541,25
0,64,8,simd,1,0.189417,0.176833,0.203083,25
0,64,8,tg,1,0.190250,0.180583,0.194208,25
0,64,8,ql,1,0.193208,0.189500,0.198500,25
0,64,8,ql_share,1,0.281084,0.263458,0.285709,25
0,64,8,cpu,1,0.156291,0.096417,0.161459,25
0,64,8,simd_vals,1,0.167000,0.163959,0.180916,25
0,64,8,tg_vals,1,0.162750,0.160833,0.167834,25
0,64,8,ql_vals,1,0.152083,0.150083,0.163667,25
0,64,8,ql_share_vals,1,0.132584,0.122875,0.147750,25
0,64,8,cpu_vals,1,0.085750,0.084750,0.088083,25
0,256,96,tg,1,35.772416,35.646708,35.846084,5
0,256,96,block,1,18.859500,18.836823,18.940938,8
0,256,96,cpu,1,5.772167,5.702875,6.229792,25
0,256,96,tg_vals,1,32.817166,32.674625,33.396334,5
0,256,96,block_vals,1,17.039375,17.009541,17.104417,9
0,256,96,cpu_vals,1,3.509416,3.069666,3.593083,25
0,64,48,tg,1,1.628917,1.608584,1.673417,25
0,64,48,block,1,3.823292,3.756500,3.886583,25
0,64,48,ql,1,0.933583,0.881834,0.989209,25
0,64,48,ql_share,1,1.095583,1.036750,1.105000,25
0,64,48,cpu,1,0.466291,0.460542,0.630000,25
0,64,48,tg_vals,1,1.448709,1.440417,1.468042,25
0,64,48,block_vals,1,3.571541,3.528625,3.629584,25
0,64,48,ql_vals,1,0.725417,0.718375,0.801416,25
0,64,48,ql_share_vals,1,0.875292,0.851042,0.917084,25
0,64,48,cpu_vals,1,0.255875,0.242209,0.653334,25
0,4096,128,block,1,663.935000,663.248145,663.957917,3
0,4096,128,cpu,1,143.275292,142.803375,143.414458,5
0,4096,128,block_vals,1,540.859375,540.846458,540.938437,3
0,4096,128,cpu_vals,1,73.298458,72.750667,74.056250,5
0,512,32,simd,1,2.835208,2.825750,2.850209,25
0,512,32,tg,1,2.502375,2.471500,2.512000,25
0,512,32,block,1,4.426291,4.393250,4.490625,25
0,512,32,ql,1,1.133208,1.070875,1.177208,25
0,512,32,ql_share,1,1.317209,1.300209,1.352042,25
0,512,32,cpu,1,1.255166,1.237916,1.273583,25
0,512,32,simd_vals,1,2.743209,2.737208,2.747416,25
0,512,32,tg_vals,1,2.172834,2.159166,2.184667,25
0,512,32,block_vals,1,4.239416,4.160416,4.301500,25
0,512,32,ql_vals,1,0.798875,0.720542,0.813333,25
0,512,32,ql_share_vals,1,0.541333,0.537917,0.550000,25
0,512,32,cpu_vals,1,0.545000,0.524167,0.633625,25
0,1,12,simd,1,0.721583,0.642167,0.733208,25
0,1,12,tg,1,0.206333,0.193792,0.209750,25
0,1,12,ql,1,0.249458,0.220709,0.273917,25
0,1,12,cpu,1,0.006292,0.006209,0.006500,25
0,1,12,simd_vals,1,0.246167,0.230334,0.263458,25
0,1,12,tg_vals,1,0.220292,0.200708,0.255208,25
0,1,12,ql_vals,1,0.215208,0.200791,0.254417,25
0,1,12,cpu_vals,1,0.003166,0.003084,0.003375,25
0,2,512,tg,1,478.230583,478.213667,478.343145,3
0,2,512,block,1,35.542333,35.464042,35.863458,5
0,2,512,cpu,1,9.146417,9.080167,9.222417,17
0,2,512,tridiag,1,11.454229,11.286948,11.521750,14
0,2,512,tg_vals,1,443.533000,443.512646,443.535667,3
0,2,512,block_vals,1,32.751125,32.731625,33.082542,5
0,2,512,cpu_vals,1,4.387583,4.367333,4.407000,25
0,2,512,tridiag_vals,1,9.108541,9.018334,9.121334,17
0,2,512,band8_vals,1,9.113708,9.071916,9.502042,17
0,2,512,band_vals,1,9.483271,9.436760,9.564062,16
0,2,512,band32_vals,1,11.839375,11.807542,11.884083,13
0,1,2048,block,1,551.016583,550.980437,551.273270,3
0,1,2048,cpu,1,233.133250,232.316792,233.440375,5
0,1,2048,tridiag,1,52.555542,52.006333,52.908917,5
0,1,2048,block_vals,1,404.373541,404.334416,405.842229,3
0,1,2048,cpu_vals,1,81.858625,81.607916,82.346083,5
0,1,2048,tridiag_vals,1,34.837833,34.831833,34.857166,5
0,1,2048,band8_vals,1,49.256209,49.080792,49.654125,5
0,1,2048,band_vals,1,36.672917,36.524583,36.947459,5
0,1,2048,band32_vals,1,45.679334,45.312917,46.018209,5
0,1,24,simd,1,0.831708,0.767292,1.110542,25
0,1,24,tg,1,0.278834,0.261833,0.284666,25
0,1,24,ql,1,0.379333,0.368875,0.414125,25
0,1,24,cpu,1,0.023417,0.022542,0.023542,25
0,1,24,simd_vals,1,0.754292,0.717959,0.774709,25
0,1,24,tg_vals,1,0.274208,0.262292,0.278709,25
0,1,24,ql_vals,1,0.309209,0.297584,0.319417,25
0,1,24,cpu_vals,1,0.008125,0.008083,0.008209,25
0,4,12,simd,1,0.254166,0.243833,0.261250,25
0,4,12,tg,1,0.196958,0.190000,0.208958,25
0,4,12,ql,1,0.226250,0.209750,0.262208,25
0,4,12,cpu,1,0.023584,0.021250,0.025083,25
0,4,12,simd_vals,1,0.253708,0.249209,0.261791,25
0,4,12,tg_vals,1,0.198250,0.193250,0.210917,25
0,4,12,ql_vals,1,0.201500,0.186125,0.254500,25
0,4,12,cpu_vals,1,0.015750,0.015458,0.016583,25
0,4,16,simd,1,0.337333,0.318666,0.343542,25
0,4,16,tg,1,0.217083,0.211833,0.228292,25
0,4,16,ql,1,0.260333,0.251416,0.266750,25
0,4,16,cpu,1,0.023750,0.022667,0.024917,25
0,4,16,simd_vals,1,0.320792,0.307084,0.325042,25
0,4,16,tg_vals,1,0.230792,0.216292,0.234125,25
0,4,16,ql_vals,1,0.230334,0.223708,0.253917,25
0,4,16,cpu_vals,1,0.021959,0.018750,0.022500,25
0,2,32,simd,1,1.703875,1.680583,1.729042,25
0,2,32,tg,1,0.363833,0.352083,0.369667,25
0,2,32,block,1,3.403041,3.359292,3.576833,25
0,2,32,ql,1,0.549625,0.527209,0.563125,25
0,2,32,cpu,1,0.044250,0.044042,0.047541,25
0,2,32,simd_vals,1,1.580000,1.543750,1.589708,25
0,2,32,tg_vals,1,0.349334,0.339083,0.352917,25
0,2,32,block_vals,1,3.594458,3.507916,3.782375,25
0,2,32,ql_vals,1,0.449500,0.440334,0.489834,25
0,2,32,cpu_vals,1,0.022917,0.022708,0.023417,25
0,128,2,simd,1,0.139125,0.135834,0.151084,25
0,128,2,tg,1,0.144792,0.139500,0.154333,25
0,128,2,ql,1,0.147250,0.138042,0.165541,25
0,128,2,ql_share,1,0.138750,0.133166,0.151000,25
0,128,2,cpu,1,0.053834,0.050625,0.054958,25
0,128,2,simd_vals,1,0.144000,0.138500,0.149500,25
0,128,2,tg_vals,1,0.142542,0.138458,0.161208,25
0,128,2,ql_vals,1,0.146333,0.139292,0.156375,25
0,128,2,ql_share_vals,1,0.133125,0.122500,0.138917,25
0,128,2,cpu_vals,1,0.027875,0.026917,0.028750,25
0,8,96,tg,1,3.656792,3.646500,3.659166,25
0,8,96,block,1,4.844250,4.713833,4.917334,25
0,8,96,cpu,1,0.402042,0.393375,0.420041,25
0,8,96,tg_vals,1,3.329708,3.310750,3.337459,25
0,8,96,block_vals,1,4.691042,4.670000,4.835042,25
0,8,96,cpu_vals,1,0.271750,0.238458,0.295292,25
0,16,16,simd,1,0.368375,0.358500,0.394875,25
0,16,16,tg,1,0.254000,0.248334,0.258292,25
0,16,16,ql,1,0.289375,0.284542,0.291542,25
0,16,16,cpu,1,0.079084,0.062000,0.139791,25
0,16,16,simd_vals,1,0.327334,0.312917,0.330417,25
0,16,16,tg_vals,1,0.234125,0.231458,0.237917,25
0,16,16,ql_vals,1,0.220125,0.216833,0.236042,25
0,16,16,cpu_vals,1,0.048958,0.037625,0.059250,25
0,512,2,simd,1,0.171459,0.152458,0.200291,25
0,512,2,tg,1,0.155209,0.149542,0.168083,25
0,512,2,ql,1,0.171708,0.156791,0.178042,25
0,512,2,ql_share,1,0.290084,0.273709,0.297208,25
0,512,2,cpu,1,0.095625,0.076042,0.174125,25
0,512,2,simd_vals,1,0.146292,0.139459,0.162625,25
0,512,2,tg_vals,1,0.145416,0.141542,0.158083,25
0,512,2,ql_vals,1,0.151416,0.141333,0.158583,25
0,512,2,ql_share_vals,1,0.271167,0.263708,0.276166,25
0,512,2,cpu_vals,1,0.076625,0.058666,0.081625,25
0,16,12,simd,1,0.656084,0.305584,0.752166,25
0,16,12,tg,1,0.237500,0.229542,0.244708,25
0,16,12,ql,1,0.253542,0.241000,0.258541,25
0,16,12,cpu,1,0.081542,0.078625,0.084042,25
0,16,12,simd_vals,1,0.251292,0.243333,0.265000,25
0,16,12,tg_vals,1,0.199666,0.195458,0.209291,25
0,16,12,ql_vals,1,0.190875,0.186334,0.205042,25
0,16,12,cpu_vals,1,0.036959,0.036750,0.038708,25
0,2048,16,simd,1,1.390625,1.370292,1.432125,25
0,2048,16,tg,1,1.381875,1.333792,1.420500,25
0,2048,16,ql,1,1.020542,0.924125,1.031083,25
0,2048,16,ql_share,1,0.882959,0.876542,0.892542,25
0,2048,16,cpu,1,1.266458,1.214292,1.321958,25
0,2048,16,simd_vals,1,1.169708,1.127000,1.227750,25
0,2048,16,tg_vals,1,1.175333,1.124125,1.225500,25
0,2048,16,ql_vals,1,0.617542,0.615209,0.624000,25
0,2048,16,ql_share_vals,1,0.657125,0.618333,0.668542,25
0,2048,16,cpu_vals,1,0.636291,0.590583,0.657375,25
0,16,192,tg,1,29.169500,29.153865,29.187385,6
0,16,192,block,1,11.596542,11.470042,11.655791,13
0,16,192,cpu,1,1.933875,1.847834,2.429750,25
0,16,192,tridiag,1,32.123750,32.093667,32.195125,5
0,16,192,tg_vals,1,25.742437,25.727958,25.750823,6
0,16,192,block_vals,1,10.629084,10.539917,10.688395,15
0,16,192,cpu_vals,1,1.546958,0.874583,1.568875,25
0,16,192,tridiag_vals,1,23.941375,23.926063,23.943354,7
0,2,2048,block,1,1151.094583,1151.063208,1152.471708,3
0,2,2048,cpu,1,315.003000,309.028750,316.194708,3
0,2,2048,tridiag,1,88.176625,87.823917,88.185250,5
0,2,2048,block_vals,1,687.787041,687.761958,687.896854,3
0,2,2048,cpu_vals,1,106.553667,106.326292,108.645791,5
0,2,2048,tridiag_vals,1,67.651375,67.625417,67.672208,5
0,2,2048,band8_vals,1,75.425500,75.201042,76.349459,5
0,2,2048,band_vals,1,59.508458,59.012292,59.749667,5
0,2,2048,band32_vals,1,72.404458,72.331500,72.560916,5
0,1024,48,tg,1,15.219917,15.171219,15.244489,10
0,1024,48,block,1,22.592709,22.518979,22.606459,7
0,1024,48,ql,1,4.843583,4.828500,4.860417,25
0,1024,48,ql_share,1,3.999667,3.676333,4.030792,25
0,1024,48,cpu,1,5.861583,5.680959,6.263208,25
0,1024,48,tg_vals,1,13.117125,13.069126,13.154448,12
0,1024,48,block_vals,1,19.685980,19.617604,19.730719,8
0,1024,48,ql_vals,1,3.435042,3.400917,3.447917,25
0,1024,48,ql_share_vals,1,2.138625,2.129916,2.144916,25
0,1024,48,cpu_vals,1,2.935416,2.462625,3.091583,25
0,512,64,tg,1,20.201354,20.109386,20.245438,8
0,512,64,block,1,13.266583,13.211166,13.298531,12
0,512,64,ql,1,6.500542,6.484375,6.521823,24
0,512,64,ql_share,1,4.328792,4.316167,4.376250,25
0,512,64,cpu,1,5.383250,5.191750,5.562334,25
0,512,64,tg_vals,1,17.172291,17.142500,17.327875,9
0,512,64,block_vals,1,12.156000,12.087208,12.223083,13
0,512,64,ql_vals,1,4.780375,4.774250,4.790333,25
0,512,64,ql_share_vals,1,2.245500,2.233208,2.264917,25
0,512,64,cpu_vals,1,2.147000,2.055959,2.675208,25
0,4,8,simd,1,0.329084,0.314875,0.343041,25
0,4,8,tg,1,0.343833,0.328708,0.349583,25
0,4,8,ql,1,0.242458,0.190167,0.324083,25
0,4,8,cpu,1,0.019375,0.017417,0.020208,25
0,4,8,simd_vals,1,0.180791,0.166500,0.187917,25
0,4,8,tg_vals,1,0.185750,0.173958,0.187542,25
0,4,8,ql_vals,1,0.213500,0.176625,0.250875,25
0,4,8,cpu_vals,1,0.012875,0.009166,0.013667,25
0,2,2,simd,1,0.202584,0.182042,0.238542,25
0,2,2,tg,1,0.190958,0.185292,0.220167,25
0,2,2,ql,1,0.179917,0.171708,0.199417,25
0,2,2,cpu,1,0.003291,0.002291,0.005042,25
0,2,2,simd_vals,1,0.184000,0.168291,0.224000,25
0,2,2,tg_vals,1,0.160750,0.146917,0.218958,25
0,2,2,ql_vals,1,0.155125,0.146625,0.223500,25
0,2,2,cpu_vals,1,0.002333,0.001959,0.004334,25
0,1,3584,block,1,3328.438959,3328.046709,3328.902896,3
0,1,3584,cpu,1,1148.686291,1148.106250,1149.936813,3
0,1,3584,tridiag,1,174.803916,174.708625,174.856500,5
0,1,3584,block_vals,1,2180.482792,2179.265396,2180.835750,3
0,1,3584,cpu_vals,1,304.496834,304.330521,304.800001,3
0,1,3584,tridiag_vals,1,127.660833,127.437458,128.050000,5
0,1,3584,band8_vals,1,160.589292,159.722459,160.598333,5
0,1,3584,band_vals,1,93.947125,93.799125,94.100833,5
0,1,3584,band32_vals,1,97.386958,97.357666,98.952791,5
0,64,256,tg,1,418.380625,418.190313,418.788417,3
0,64,256,block,1,68.687666,68.655291,68.704750,5
0,64,256,cpu,1,12.407833,12.316750,12.487792,13
0,64,256,tridiag,1,171.292416,171.210208,171.312417,5
0,64,256,tg_vals,1,248.726750,248.619333,248.798084,5
0,64,256,block_vals,1,53.644208,53.586291,53.664667,5
0,64,256,cpu_vals,1,5.536458,5.502333,5.639000,25
0,64,256,tridiag_vals,1,128.607208,128.571584,128.614583,5
0,4,768,block,1,104.120709,104.119667,104.134750,5
0,4,768,cpu,1,21.875958,21.638750,23.113062,7
0,4,768,tridiag,1,37.063709,36.661084,37.548083,5
0,4,768,block_vals,1,84.076875,84.015917,84.156667,5
0,4,768,cpu_vals,1,11.234562,11.138823,11.518354,14
0,4,768,tridiag_vals,1,28.003062,27.981406,28.022844,6
0,4,768,band8_vals,1,28.039125,27.998948,28.071677,6
0,4,768,band_vals,1,25.494646,25.461105,25.543751,6
0,4,768,band32_vals,1,35.671833,35.641875,35.758042,5
0,256,16,simd,1,1.184708,0.409208,1.265667,25
0,256,16,tg,1,0.382917,0.379292,0.384917,25
0,256,16,ql,1,0.317083,0.311250,0.320958,25
0,256,16,ql_share,1,0.434916,0.430250,0.441167,25
0,256,16,cpu,1,0.252834,0.246834,0.257708,25
0,256,16,simd_vals,1,0.354250,0.347041,0.357792,25
0,256,16,tg_vals,1,0.352000,0.343917,0.354708,25
0,256,16,ql_vals,1,0.258917,0.252334,0.261667,25
0,256,16,ql_share_vals,1,0.390125,0.382708,0.397208,25
0,256,16,cpu_vals,1,0.161417,0.159208,0.164125,25
0,2048,2,simd,1,0.264625,0.251042,0.272125,25
0,2048,2,tg,1,0.188959,0.183416,0.206625,25
0,2048,2,ql,1,0.187542,0.183667,0.190417,25
0,2048,2,ql_share,1,0.307416,0.303334,0.314041,25
0,2048,2,cpu,1,0.144458,0.139834,0.167959,25
0,2048,2,simd_vals,1,0.170750,0.158209,0.176500,25
0,2048,2,tg_vals,1,0.170583,0.160791,0.179875,25
0,2048,2,ql_vals,1,0.173416,0.161959,0.178125,25
0,2048,2,ql_share_vals,1,0.299708,0.292708,0.304500,25
0,2048,2,cpu_vals,1,0.116875,0.096625,0.291375,25
0,64,16,simd,1,0.539750,0.505209,1.072666,25
0,64,16,tg,1,0.250375,0.248125,0.254375,25
0,64,16,ql,1,0.276917,0.275583,0.278791,25
0,64,16,ql_share,1,0.375125,0.372541,0.378084,25
0,64,16,cpu,1,0.132625,0.126833,0.167542,25
0,64,16,simd_vals,1,0.323500,0.312791,0.330292,25
0,64,16,tg_vals,1,0.238750,0.225709,0.243083,25
0,64,16,ql_vals,1,0.242125,0.229458,0.244459,25
0,64,16,ql_share_vals,1,0.338792,0.336125,0.347291,25
0,64,16,cpu_vals,1,0.091500,0.080375,0.234375,25
0,4096,192,block,1,2155.137708,2154.976750,2157.940229,3
0,4096,192,cpu,1,326.546541,326.320833,327.410729,3
0,4096,192,block_vals,1,1675.415667,1675.271479,1676.482855,3
0,4096,192,cpu_vals,1,169.246708,168.872958,170.222459,5
0,16,64,tg,1,1.317958,1.265541,1.374666,25
0,16,64,block,1,3.235875,3.201667,3.249792,25
0,16,64,ql,1,1.394083,1.348208,1.408167,25
0,16,64,cpu,1,0.292417,0.285750,0.307208,25
0,16,64,tg_vals,1,1.123625,1.108708,1.158375,25
0,16,64,block_vals,1,3.148500,3.130833,3.176292,25
0,16,64,ql_vals,1,1.133750,1.106250,1.168750,25
0,16,64,cpu_vals,1,0.179750,0.177416,0.191084,25
0,8,64,tg,1,1.249917,1.204042,1.262291,25
0,8,64,block,1,3.232125,3.182667,3.248083,25
0,8,64,ql,1,1.348000,1.334208,1.384042,25
0,8,64,cpu,1,0.269208,0.263500,0.298916,25
0,8,64,tg_vals,1,1.147292,1.114459,1.188833,25
0,8,64,block_vals,1,3.137291,3.118209,3.174125,25
0,8,64,ql_vals,1,1.115000,1.101625,1.132500,25
0,8,64,cpu_vals,1,0.134208,0.131334,0.136167,25
0,8,128,tg,1,7.936416,7.931687,7.941334,19
0,8,128,block,1,6.115541,6.033500,6.188708,25
0,8,128,cpu,1,0.655375,0.649792,0.664208,25
0,8,128,tridiag,1,10.924042,10.891948,10.939969,14
0,8,128,tg_vals,1,7.200792,7.193666,7.216375,21
0,8,128,block_vals,1,5.875083,5.794875,5.927917,25
0,8,128,cpu_vals,1,0.368833,0.365292,0.373500,25
0,8,128,tridiag_vals,1,7.820708,7.817083,7.824188,20
0,1024,128,block,1,170.492041,170.487500,170.512959,5
0,1024,128,cpu,1,38.403583,37.176291,38.455583,5
0,1024,128,block_vals,1,139.685250,139.596584,139.698167,5
0,1024,128,cpu_vals,1,20.006292,19.799667,20.114364,8
0,64,768,block,1,2082.742875,2081.652500,2083.595333,3
0,64,768,cpu,1,162.860667,158.366959,176.394083,5
0,64,768,tridiag,1,567.270125,566.989229,568.087730,3
0,64,768,block_vals,1,1374.214416,1373.020979,1375.096562,3
0,64,768,cpu_vals,1,59.780875,59.307500,59.793666,5
0,64,768,tridiag_vals,1,431.639083,430.994312,431.800770,3
0,64,768,band8_vals,1,370.376125,370.361104,372.156771,3
0,64,768,band_vals,1,355.323250,355.253770,357.065562,3
0,64,768,band32_vals,1,516.822125,516.793605,517.914667,3
0,4,64,tg,1,1.217750,1.197375,1.252458,25
0,4,64,block,1,3.215625,3.193708,3.242708,25
0,4,64,ql,1,1.356334,1.333125,1.388167,25
0,4,64,cpu,1,0.162000,0.159834,0.164458,25
0,4,64,tg_vals,1,1.147458,1.111458,1.176791,25
0,4,64,block_vals,1,3.121458,3.109334,3.134542,25
0,4,64,ql_vals,1,1.120625,1.092000,1.149917,25
0,4,64,cpu_vals,1,0.077791,0.077125,0.078042,25
0,2048,48,tg,1,29.803313,29.787573,29.891771,6
0,2048,48,block,1,43.890875,43.708667,43.929583,5
0,2048,48,ql,1,9.080958,9.009167,9.221375,17
0,2048,48,ql_share,1,6.244687,6.136906,6.311812,24
0,2048,48,cpu,1,11.833833,11.648042,12.107584,13
0,2048,48,tg_vals,1,25.679854,25.615917,25.701542,6
0,2048,48,block_vals,1,39.004542,38.933208,39.052459,5
0,2048,48,ql_vals,1,6.170833,6.162458,6.184208,25
0,2048,48,ql_share_vals,1,3.424708,3.391041,3.532625,25
0,2048,48,cpu_vals,1,5.564209,5.255958,6.059708,25
0,16,4,simd,1,0.218875,0.210709,0.230542,25
0,16,4,tg,1,0.239291,0.230458,0.244042,25
0,16,4,ql,1,0.236041,0.227000,0.242042,25
0,16,4,cpu,1,0.019625,0.018709,0.021708,25
0,16,4,simd_vals,1,0.187250,0.156833,0.205125,25
0,16,4,tg_vals,1,0.147500,0.142958,0.156666,25
0,16,4,ql_vals,1,0.190459,0.156541,0.236750,25
0,16,4,cpu_vals,1,0.011625,0.011500,0.011875,25
0,16,128,tg,1,8.001125,7.991980,8.023667,19
0,16,128,block,1,6.536209,6.492156,6.597687,24
0,16,128,cpu,1,0.779917,0.769791,0.797709,25
0,16,128,tridiag,1,21.750291,21.704583,21.788021,7
0,16,128,tg_vals,1,7.204916,7.182292,7.209708,21
0,16,128,block_vals,1,6.161542,6.104542,6.251791,25
0,16,128,cpu_vals,1,0.416292,0.406916,0.504000,25
0,16,128,tridiag_vals,1,15.534792,15.518438,15.539396,10
0,32,128,tg,1,15.714417,14.246625,15.764636,10
0,32,128,block,1,8.019000,7.974541,8.076729,19
0,32,128,cpu,1,1.466833,1.435500,1.479875,25
0,32,128,tridiag,1,43.483375,43.467583,43.557792,5
0,32,128,tg_vals,1,12.103375,12.087666,12.123209,13
0,32,128,block_vals,1,7.453166,7.365584,7.501917,21
0,32,128,cpu_vals,1,0.743083,0.735458,0.874500,25
0,32,128,tridiag_vals,1,30.878542,30.871583,30.890750,5
0,1024,64,tg,1,38.635500,38.630166,38.829417,5
0,1024,64,block,1,24.779625,24.666958,24.812292,7
0,1024,64,ql,1,11.692917,11.684084,11.716542,13
0,1024,64,ql_share,1,6.810771,6.765531,7.117677,22
0,1024,64,cpu,1,10.111291,10.079562,10.141520,15
0,1024,64,tg_vals,1,33.453583,33.377708,33.517416,5
0,1024,64,block_vals,1,21.003646,20.992677,21.030812,8
0,1024,64,ql_vals,1,8.499104,8.489656,8.507198,18
0,1024,64,ql_share_vals,1,3.139583,3.123083,4.097500,25
0,1024,64,cpu_vals,1,4.518042,4.059792,4.637750,25
0,16,2,simd,1,0.193125,0.185792,0.197959,25
0,16,2,tg,1,0.199500,0.183208,0.203584,25
0,16,2,ql,1,0.189041,0.172167,0.195750,25
0,16,2,cpu,1,0.009875,0.009459,0.010500,25
0,16,2,simd_vals,1,0.152417,0.142083,0.187375,25
0,16,2,tg_vals,1,0.148416,0.142916,0.162375,25
0,16,2,ql_vals,1,0.156083,0.147791,0.163208,25
0,16,2,cpu_vals,1,0.005125,0.005084,0.005292,25
0,4,192,tg,1,27.625771,27.618917,27.638656,6
0,4,192,block,1,9.263333,9.150500,9.311792,17
0,4,192,cpu,1,1.247000,1.236959,1.254167,25
0,4,192,tridiag,1,8.024500,7.991396,8.056959,19
0,4,192,tg_vals,1,25.708666,25.706010,25.711385,6
0,4,192,block_vals,1,8.759062,8.666792,8.836136,18
0,4,192,cpu_vals,1,0.627292,0.624750,0.632625,25
0,4,192,tridiag_vals,1,6.189041,6.184667,6.193042,25
0,2,16,simd,1,0.829541,0.410833,1.111125,25
0,2,16,tg,1,0.234750,0.229417,0.237250,25
0,2,16,ql,1,0.258959,0.254125,0.265333,25
0,2,16,cpu,1,0.019625,0.019166,0.020833,25
0,2,16,simd_vals,1,0.323291,0.308666,0.329459,25
0,2,16,tg_vals,1,0.222458,0.211500,0.232541,25
0,2,16,ql_vals,1,0.234250,0.216083,0.258625,25
0,2,16,cpu_vals,1,0.009084,0.009000,0.009208,25
0,8,24,simd,1,0.816875,0.747792,0.833917,25
0,8,24,tg,1,0.291833,0.287542,0.295625,25
0,8,24,ql,1,0.381333,0.372125,0.390417,25
0,8,24,cpu,1,0.081167,0.071625,0.109459,25
0,8,24,simd_vals,1,0.696958,0.688041,0.764958,25
0,8,24,tg_vals,1,0.281875,0.273375,0.286125,25
0,8,24,ql_vals,1,0.319542,0.315583,0.329500,25
0,8,24,cpu_vals,1,0.037750,0.037041,0.038708,25
0,256,32,simd,1,1.981292,1.943042,2.268292,25
0,256,32,tg,1,1.624000,1.615292,1.661625,25
0,256,32,block,1,3.451792,3.412625,3.470750,25
0,256,32,ql,1,0.631291,0.628916,0.634042,25
0,256,32,ql_share,1,0.738417,0.722000,0.752916,25
0,256,32,cpu,1,0.674292,0.652417,0.690125,25
0,256,32,simd_vals,1,1.687000,1.650083,1.701333,25
0,256,32,tg_vals,1,1.420458,1.403625,1.449958,25
0,256,32,block_vals,1,3.285458,3.255083,3.364875,25
0,256,32,ql_vals,1,0.454833,0.444583,0.476625,25
0,256,32,ql_share_vals,1,0.543375,0.534958,0.551334,25
0,256,32,cpu_vals,1,0.360208,0.301208,0.636166,25
0,2,384,tg,1,202.043458,201.991917,202.068459,5
0,2,384,block,1,21.499750,21.332875,21.584792,7
0,2,384,cpu,1,4.360000,4.351667,4.366583,25
0,2,384,tridiag,1,8.248416,8.209563,8.273208,19
0,2,384,tg_vals,1,190.247583,190.215583,190.273542,5
0,2,384,block_vals,1,20.229229,20.204417,20.366854,8
0,2,384,cpu_vals,1,2.433417,2.430291,2.451916,25
0,2,384,tridiag_vals,1,7.064584,7.060854,7.074667,22
0,8,1024,block,1,547.997083,547.944166,548.344083,3
0,8,1024,cpu,1,67.648250,65.254083,67.671875,5
0,8,1024,tridiag,1,105.465541,105.451458,105.477292,5
0,8,1024,block_vals,1,331.536958,331.480104,331.563979,3
0,8,1024,cpu_vals,1,26.145459,25.973531,26.295542,6
0,8,1024,tridiag_vals,1,80.580667,80.527167,80.718375,5
0,8,1024,band8_vals,1,73.946667,73.791375,75.153792,5
0,8,1024,band_vals,1,69.005125,68.857375,69.269084,5
0,8,1024,band32_vals,1,95.829667,95.787208,95.954583,5
0,8,384,tg,1,235.319125,235.166708,235.374500,5
0,8,384,block,1,31.799666,31.623333,31.852625,5
0,8,384,cpu,1,6.221625,5.894042,6.462917,25
0,8,384,tridiag,1,33.331917,33.316334,33.376500,5
0,8,384,tg_vals,1,189.745250,189.736375,189.761417,5
0,8,384,block_vals,1,27.556625,27.435052,27.606979,6
0,8,384,cpu_vals,1,3.086750,3.062875,3.647625,25
0,8,384,tridiag_vals,1,25.587208,25.566416,25.613250,6
0,4,384,tg,1,218.053000,218.049792,218.107083,5
0,4,384,block,1,24.908750,24.889812,24.939334,7
0,4,384,cpu,1,4.989375,4.966500,5.173208,25
0,4,384,tridiag,1,16.357625,16.310636,16.414250,10
0,4,384,tg_vals,1,190.217375,190.197458,190.288625,5
0,4,384,block_vals,1,22.692291,22.643916,22.758646,7
0,4,384,cpu_vals,1,2.591417,2.581458,2.603792,25
0,4,384,tridiag_vals,1,13.225604,13.218344,13.250739,12
0,256,192,tg,1,531.342625,531.306396,531.417062,3
0,256,192,block,1,136.419166,136.350541,136.612875,5
0,256,192,cpu,1,22.742708,22.568666,22.962249,7
0,256,192,tridiag,1,515.557625,515.228375,515.895313,3
0,256,192,tg_vals,1,276.897750,275.822291,278.904750,5
0,256,192,block_vals,1,101.620916,101.359791,101.692959,5
0,256,192,cpu_vals,1,11.288396,11.219239,11.456105,14
0,256,192,tridiag_vals,1,379.389958,379.388959,379.420166,3
0,2048,32,simd,1,11.258979,11.177781,11.276093,14
0,2048,32,tg,1,8.580104,8.535020,8.635136,18
0,2048,32,block,1,10.004250,9.948458,10.079896,15
0,2048,32,ql,1,2.902750,2.873584,2.922042,25
0,2048,32,ql_share,1,2.661458,2.572916,2.673542,25
0,2048,32,cpu,1,4.872250,4.820291,5.176208,25
0,2048,32,simd_vals,1,7.783604,7.763177,7.797605,20
0,2048,32,tg_vals,1,7.320250,7.305750,7.348334,21
0,2048,32,block_vals,1,9.174708,9.124833,9.311208,17
0,2048,32,ql_vals,1,1.767791,1.750083,1.787625,25
0,2048,32,ql_share_vals,1,1.340708,1.332625,1.350417,25
0,2048,32,cpu_vals,1,2.146458,1.763042,2.272583,25
0,1,256,tg,1,54.811666,54.805208,54.857167,5
0,1,256,block,1,11.709541,11.610791,11.757167,13
0,1,256,cpu,1,2.233625,2.206625,2.261625,25
0,1,256,tridiag,1,3.260042,3.233750,3.273708,25
0,1,256,tg_vals,1,53.975666,53.964292,53.988334,5
0,1,256,block_vals,1,11.320396,11.282979,11.373031,14
0,1,256,cpu_vals,1,1.052792,1.050959,1.055583,25
0,1,256,tridiag_vals,1,2.425458,2.415667,2.437042,25
0,128,48,tg,1,2.571333,2.532500,2.581875,25
0,128,48,block,1,5.270375,5.196083,5.346083,25
0,128,48,ql,1,0.991458,0.962458,1.033375,25
0,128,48,ql_share,1,1.129667,1.040791,1.152208,25
0,128,48,cpu,1,0.815125,0.803958,0.842875,25
0,128,48,tg_vals,1,2.266833,2.240500,2.276625,25
0,128,48,block_vals,1,5.094042,5.044917,5.204250,25
0,128,48,ql_vals,1,0.764291,0.727417,0.817042,25
0,128,48,ql_share_vals,1,0.936000,0.880959,0.952000,25
0,128,48,cpu_vals,1,0.396834,0.385250,0.669250,25
0,1,128,tg,1,7.888042,7.883209,7.912292,19
0,1,128,block,1,5.797542,5.644833,5.896291,25
0,1,128,cpu,1,0.492958,0.489917,0.499375,25
0,1,128,tridiag,1,1.642292,1.627292,1.653959,25
0,1,128,tg_vals,1,7.185000,7.162209,7.198709,21
0,1,128,block_vals,1,5.623209,5.547708,5.713792,25
0,1,128,cpu_vals,1,0.263125,0.262125,0.264875,25
0,1,128,tridiag_vals,1,1.075458,1.073875,1.077916,25
0,32,2,simd,1,0.152125,0.145750,0.156125,25
0,32,2,tg,1,0.159750,0.153125,0.170708,25
0,32,2,ql,1,0.155334,0.150791,0.167250,25
0,32,2,cpu,1,0.016292,0.016125,0.016667,25
0,32,2,simd_vals,1,0.158125,0.150500,0.170417,25
0,32,2,tg_vals,1,0.154416,0.148000,0.171667,25
0,32,2,ql_vals,1,0.153000,0.145875,0.162000,25
0,32,2,cpu_vals,1,0.009875,0.009833,0.010583,25
0,2,1536,block,1,426.954167,426.526729,427.307292,3
0,2,1536,cpu,1,113.462583,113.263916,113.769125,5
0,2,1536,tridiag,1,51.360709,51.325000,51.370958,5
0,2,1536,block_vals,1,287.653375,287.450041,287.703709,5
0,2,1536,cpu_vals,1,54.428625,54.331625,54.761875,5
0,2,1536,tridiag_vals,1,39.590583,39.576500,39.615375,5
0,2,1536,band8_vals,1,40.814208,40.708458,42.018625,5
0,2,1536,band_vals,1,37.653750,37.570709,38.254542,5
0,2,1536,band32_vals,1,44.995916,44.934792,45.002500,5
0,64,24,simd,1,0.844041,0.785791,0.864458,25
0,64,24,tg,1,0.369000,0.367459,0.372375,25
0,64,24,ql,1,0.400458,0.398542,0.497417,25
0,64,24,ql_share,1,0.497083,0.488834,0.595000,25
0,64,24,cpu,1,0.191291,0.186167,0.199167,25
0,64,24,simd_vals,1,0.694333,0.684708,0.755334,25
0,64,24,tg_vals,1,0.348000,0.344875,0.351250,25
0,64,24,ql_vals,1,0.325542,0.322125,0.326541,25
0,64,24,ql_share_vals,1,0.421875,0.414042,0.424875,25
0,64,24,cpu_vals,1,0.145792,0.126292,0.222792,25
0,16,96,tg,1,3.676917,3.674000,3.685667,25
0,16,96,block,1,5.050417,4.997750,5.086083,25
0,16,96,cpu,1,0.511458,0.503583,0.518417,25
0,16,96,tg_vals,1,3.336167,3.330167,3.340375,25
0,16,96,block_vals,1,4.936417,4.768291,5.022084,25
0,16,96,cpu_vals,1,0.323875,0.285667,0.358208,25
0,256,12,simd,1,0.804958,0.752417,0.871917,25
0,256,12,tg,1,0.289500,0.285208,0.291917,25
0,256,12,ql,1,0.246000,0.242958,0.250416,25
0,256,12,ql_share,1,0.380666,0.376958,0.389459,25
0,256,12,cpu,1,0.184125,0.176792,0.204084,25
0,256,12,simd_vals,1,0.251875,0.246083,0.263584,25
0,256,12,tg_vals,1,0.265042,0.252708,0.270833,25
0,256,12,ql_vals,1,0.213834,0.200625,0.217041,25
0,256,12,ql_share_vals,1,0.322417,0.317708,0.332292,25
0,256,12,cpu_vals,1,0.129833,0.123416,0.137875,25
0,256,24,simd,1,0.951500,0.885500,0.972167,25
0,256,24,tg,1,0.807875,0.755625,0.862375,25
0,256,24,ql,1,0.450750,0.446750,0.454833,25
0,256,24,ql_share,1,0.556084,0.547458,0.566542,25
0,256,24,cpu,1,0.471542,0.467042,0.475042,25
0,256,24,simd_vals,1,0.772500,0.734666,0.823625,25
0,256,24,tg_vals,1,0.759625,0.673625,0.765375,25
0,256,24,ql_vals,1,0.333458,0.330875,0.339208,25
0,256,24,ql_share_vals,1,0.458500,0.441667,0.467042,25
0,256,24,cpu_vals,1,0.222375,0.211208,0.231167,25
0,4096,32,simd,1,23.567125,23.545020,23.641063,7
0,4096,32,tg,1,16.504604,16.471229,16.555010,10
0,4096,32,block,1,17.565500,17.537583,17.595000,9
0,4096,32,ql,1,5.390250,5.372041,5.430375,25
0,4096,32,ql_share,1,4.497583,4.451708,4.533125,25
0,4096,32,cpu,1,9.336625,9.275083,9.466042,17
0,4096,32,simd_vals,1,14.424583,14.372437,14.433625,11
0,4096,32,tg_vals,1,14.175208,14.161375,14.207854,11
0,4096,32,block_vals,1,15.326980,15.275396,15.411750,10
0,4096,32,ql_vals,1,3.190708,3.186625,3.201292,25
0,4096,32,ql_share_vals,1,2.079292,2.063167,2.120959,25
0,4096,32,cpu_vals,1,3.462667,3.424208,3.544334,25
0,1024,192,block,1,541.415375,541.316521,542.545792,3
0,1024,192,cpu,1,85.031625,84.656125,87.560083,5
0,1024,192,block_vals,1,424.499458,424.291646,424.531520,3
0,1024,192,cpu_vals,1,44.240708,43.763292,47.547458,5
0,2048,4,simd,1,0.478917,0.466417,0.507375,25
0,2048,4,tg,1,0.482667,0.241042,0.493042,25
0,2048,4,ql,1,0.233292,0.227541,0.238916,25
0,2048,4,ql_share,1,0.326625,0.323292,0.332833,25
0,2048,4,cpu,1,0.218416,0.210000,0.224791,25
0,2048,4,simd_vals,1,0.221459,0.219208,0.222958,25
0,2048,4,tg_vals,1,0.220042,0.204125,0.224667,25
0,2048,4,ql_vals,1,0.207792,0.203417,0.210875,25
0,2048,4,ql_share_vals,1,0.306916,0.300333,0.311042,25
0,2048,4,cpu_vals,1,0.162167,0.155125,0.199958,25
0,1,4,simd,1,0.225916,0.208334,0.248042,25
0,1,4,tg,1,0.233500,0.211875,0.248917,25
0,1,4,ql,1,0.243250,0.236584,0.250208,25
0,1,4,cpu,1,0.001750,0.001750,0.001917,25
0,1,4,simd_vals,1,0.227458,0.178625,0.247792,25
0,1,4,tg_vals,1,0.179000,0.168416,0.198709,25
0,1,4,ql_vals,1,0.167959,0.156750,0.176458,25
0,1,4,cpu_vals,1,0.001750,0.001708,0.001959,25
0,16,24,simd,1,0.946833,0.820583,0.966208,25
0,16,24,tg,1,0.288292,0.286000,0.291666,25
0,16,24,ql,1,0.405792,0.392541,0.426333,25
0,16,24,cpu,1,0.115250,0.105250,0.261167,25
0,16,24,simd_vals,1,0.734875,0.693250,0.769416,25
0,16,24,tg_vals,1,0.281750,0.279875,0.284042,25
0,16,24,ql_vals,1,0.315542,0.303459,0.321208,25
0,16,24,cpu_vals,1,0.117709,0.079584,0.120666,25
0,2048,192,block,1,1078.704209,1078.648480,1078.851730,3
0,2048,192,cpu,1,164.584208,162.548833,165.765375,5
0,2048,192,block_vals,1,841.349041,841.246562,841.437687,3
0,2048,192,cpu_vals,1,83.759125,83.753292,84.681417,5
0,1024,16,simd,1,0.916292,0.883833,0.942667,25
0,1024,16,tg,1,0.851625,0.798458,0.862250,25
0,1024,16,ql,1,0.572333,0.568458,0.579042,25
0,1024,16,ql_share,1,0.747667,0.722000,0.764375,25
0,1024,16,cpu,1,0.697875,0.664208,0.705167,25
0,1024,16,simd_vals,1,0.811792,0.734541,0.945875,25
0,1024,16,tg_vals,1,0.703500,0.692667,0.786000,25
0,1024,16,ql_vals,1,0.413375,0.408000,0.419208,25
0,1024,16,ql_share_vals,1,0.359500,0.354708,0.367375,25
0,1024,16,cpu_vals,1,0.337334,0.324417,0.629667,25
0,128,192,tg,1,269.927042,269.306500,271.264583,5
0,128,192,block,1,62.627334,62.601125,62.697542,5
0,128,192,cpu,1,11.943208,11.857375,12.000750,13
0,128,192,tridiag,1,258.383000,257.628125,258.607833,5
0,128,192,tg_vals,1,146.338917,144.661208,146.973750,5
0,128,192,block_vals,1,47.885542,47.864250,48.028959,5
0,128,192,cpu_vals,1,5.812375,5.752167,6.180625,25
0,128,192,tridiag_vals,1,189.915500,189.554833,190.399708,5
0,64,512,block,1,608.271541,607.839416,608.392249,3
0,64,512,cpu,1,57.612750,57.362542,57.655084,5
0,64,512,tridiag,1,355.210334,355.016042,355.354542,3
0,64,512,block_vals,1,415.661000,415.654355,416.126688,3
0,64,512,cpu_vals,1,23.652333,23.507334,24.118750,7
0,64,512,tridiag_vals,1,265.387583,264.713917,265.436000,5
0,64,512,band8_vals,1,217.371000,217.338541,218.227500,5
0,64,512,band_vals,1,211.975459,211.469542,212.154625,5
0,64,512,band32_vals,1,307.117834,307.014750,307.132001,3
0,4096,12,simd,1,1.475583,1.419417,1.814708,25
0,4096,12,tg,1,1.436500,1.400833,1.446334,25
0,4096,12,ql,1,1.035750,1.018958,1.131833,25
0,4096,12,ql_share,1,0.960250,0.954459,0.974834,25
0,4096,12,cpu,1,1.508000,1.392500,1.571792,25
0,4096,12,simd_vals,1,1.241167,1.189750,1.404083,25
0,4096,12,tg_vals,1,1.189000,1.179875,1.236458,25
0,4096,12,ql_vals,1,0.736500,0.687000,0.785875,25
0,4096,12,ql_share_vals,1,0.636666,0.628666,0.649167,25
0,4096,12,cpu_vals,1,0.735542,0.721875,0.748083,25
0,64,2,simd,1,0.209667,0.195209,0.218375,25
0,64,2,tg,1,0.216750,0.206084,0.227083,25
0,64,2,ql,1,0.190541,0.180416,0.208500,25
0,64,2,ql_share,1,0.125167,0.121250,0.132625,25
0,64,2,cpu,1,0.033709,0.033500,0.034958,25
0,64,2,simd_vals,1,0.143583,0.138333,0.159416,25
0,64,2,tg_vals,1,0.142958,0.138042,0.146375,25
0,64,2,ql_vals,1,0.140375,0.136959,0.153625,25
0,64,2,ql_share_vals,1,0.125584,0.121208,0.128083,25
0,64,2,cpu_vals,1,0.018542,0.018417,0.018750,25
0,32,24,simd,1,0.837792,0.787417,1.337584,25
0,32,24,tg,1,0.299125,0.296166,0.303625,25
0,32,24,ql,1,0.395625,0.392250,0.409250,25
0,32,24,cpu,1,0.146542,0.141125,0.164334,25
0,32,24,simd_vals,1,0.707792,0.690208,0.772959,25
0,32,24,tg_vals,1,0.289917,0.279708,0.292416,25
0,32,24,ql_vals,1,0.321209,0.319875,0.322792,25
0,32,24,cpu_vals,1,0.175834,0.083917,0.229167,25
0,1,768,block,1,60.441833,60.404583,60.454334,5
0,1,768,cpu,1,18.431667,18.414417,18.624416,9
0,1,768,tridiag,1,12.340333,12.235875,12.620458,13
0,1,768,block_vals,1,55.703416,55.688417,55.753375,5
0,1,768,cpu_vals,1,9.757771,9.744708,9.776490,16
0,1,768,tridiag_vals,1,7.752646,7.727761,7.789875,20
0,1,768,band8_vals,1,9.510813,9.467645,9.551052,16
0,1,768,band_vals,1,8.656958,8.625636,8.751656,18
0,1,768,band32_vals,1,11.767958,11.728583,11.796917,13
0,1024,8,simd,1,0.279166,0.268958,0.283792,25
0,1024,8,tg,1,0.284583,0.280083,0.286542,25
0,1024,8,ql,1,0.287833,0.282958,0.292334,25
0,1024,8,ql_share,1,0.376417,0.362875,0.387417,25
0,1024,8,cpu,1,0.279750,0.277458,0.283000,25
0,1024,8,simd_vals,1,0.254917,0.241333,0.256667,25
0,1024,8,tg_vals,1,0.255584,0.253542,0.257333,25
0,1024,8,ql_vals,1,0.240333,0.236750,0.244333,25
0,1024,8,ql_share_vals,1,0.322542,0.316375,0.327334,25
0,1024,8,cpu_vals,1,0.169000,0.158917,0.681292,25
0,128,64,tg,1,6.122375,6.106667,6.181667,25
0,128,64,block,1,5.496000,5.380792,5.600583,25
0,128,64,ql,1,2.625625,2.608583,2.653833,25
0,128,64,ql_share,1,2.745125,2.704375,2.879167,25
0,128,64,cpu,1,1.381541,1.365375,1.452083,25
0,128,64,tg_vals,1,4.704625,4.697750,4.735208,25
0,128,64,block_vals,1,4.942166,4.852917,4.969667,25
0,128,64,ql_vals,1,1.996958,1.989750,2.005042,25
0,128,64,ql_share_vals,1,1.322667,1.267792,1.420291,25
0,128,64,cpu_vals,1,0.674708,0.656958,0.712500,25
0,256,384,block,1,1051.298500,1050.946896,1052.611584,3
0,256,384,cpu,1,101.529459,100.624250,101.682041,5
0,256,384,block_vals,1,759.664167,759.466625,760.193625,3
0,256,384,cpu_vals,1,48.750875,48.540375,48.920959,5
0,2,192,tg,1,27.581584,27.561834,27.609458,6
0,2,192,block,1,8.842458,8.752708,8.981834,17
0,2,192,cpu,1,1.144583,1.134834,1.155417,25
0,2,192,tridiag,1,4.047708,4.040875,4.074125,25
0,2,192,tg_vals,1,25.710854,25.706053,25.719344,6
0,2,192,block_vals,1,8.692354,8.596323,8.781760,18
0,2,192,cpu_vals,1,0.613667,0.612000,0.619042,25
0,2,192,tridiag_vals,1,3.243542,3.239541,3.248875,25
0,4096,48,tg,1,59.888250,59.670458,59.974041,5
0,4096,48,block,1,85.436584,85.381375,85.666375,5
0,4096,48,ql,1,17.328500,17.307625,17.337417,9
0,4096,48,ql_share,1,11.874791,11.730333,11.945375,13
0,4096,48,cpu,1,22.289542,22.111729,22.507666,7
0,4096,48,tg_vals,1,51.270791,51.231583,51.353125,5
0,4096,48,block_vals,1,75.134875,75.121917,75.297042,5
0,4096,48,ql_vals,1,11.631459,11.627208,11.635833,13
0,4096,48,ql_share_vals,1,6.308583,6.283791,6.333125,24
0,4096,48,cpu_vals,1,9.602999,9.533781,9.699219,16
0,1024,4,simd,1,0.375167,0.365750,0.392875,25
0,1024,4,tg,1,0.383375,0.373542,0.396417,25
0,1024,4,ql,1,0.204250,0.200000,0.209542,25
0,1024,4,ql_share,1,0.318875,0.310541,0.327750,25
0,1024,4,cpu,1,0.153500,0.150583,0.158084,25
0,1024,4,simd_vals,1,0.192417,0.174333,0.196625,25
0,1024,4,tg_vals,1,0.178834,0.174708,0.191458,25
0,1024,4,ql_vals,1,0.191833,0.188917,0.193417,25
0,1024,4,ql_share_vals,1,0.302917,0.295792,0.306917,25
0,1024,4,cpu_vals,1,0.201584,0.129500,0.466500,25
0,4096,96,block,1,295.476042,295.250792,295.839125,5
0,4096,96,cpu,1,79.604750,78.817625,80.039292,5
0,4096,96,block_vals,1,246.791000,246.730334,246.849791,5
0,4096,96,cpu_vals,1,42.845958,42.352750,42.930500,5
0,256,4,simd,1,0.247083,0.240041,0.251875,25
0,256,4,tg,1,0.257875,0.251750,0.264416,25
0,256,4,ql,1,0.253666,0.249000,0.262750,25
0,256,4,ql_share,1,0.272250,0.271333,0.278625,25
0,256,4,cpu,1,0.113041,0.083917,0.230125,25
0,256,4,simd_vals,1,0.150667,0.147500,0.167250,25
0,256,4,tg_vals,1,0.155542,0.149000,0.166084,25
0,256,4,ql_vals,1,0.160750,0.149667,0.171084,25
0,256,4,ql_share_vals,1,0.257875,0.254916,0.259292,25
0,256,4,cpu_vals,1,0.125083,0.109250,0.126708,25
0,8,16,simd,1,0.377625,0.335709,1.095667,25
0,8,16,tg,1,0.240459,0.235458,0.244708,25
0,8,16,ql,1,0.254709,0.247750,0.263958,25
0,8,16,cpu,1,0.044958,0.039375,0.072167,25
0,8,16,simd_vals,1,0.321750,0.309083,0.327083,25
0,8,16,tg_vals,1,0.234291,0.217916,0.237625,25
0,8,16,ql_vals,1,0.229750,0.215750,0.246000,25
0,8,16,cpu_vals,1,0.028417,0.026875,0.031000,25
0,2,1024,block,1,134.875792,134.789959,134.908209,5
0,2,1024,cpu,1,46.487583,46.237875,47.204750,5
0,2,1024,tridiag,1,27.394813,27.234812,27.932031,6
0,2,1024,block_vals,1,111.462708,111.353375,111.545042,5
0,2,1024,cpu_vals,1,19.260542,19.233896,19.308489,8
0,2,1024,tridiag_vals,1,21.038916,20.990646,21.202500,8
0,2,1024,band8_vals,1,22.703041,22.526229,22.821687,7
0,2,1024,band_vals,1,21.395834,21.373823,21.437458,8
0,2,1024,band32_vals,1,27.511625,27.506552,27.744261,6
0,16,768,block,1,478.393959,477.808647,478.421104,3
0,16,768,cpu,1,39.592959,39.072375,39.937083,5
0,16,768,tridiag,1,142.768625,142.320834,143.306166,5
0,16,768,block_vals,1,303.100834,303.031771,303.309584,3
0,16,768,cpu_vals,1,19.045791,18.922916,19.168333,8
0,16,768,tridiag_vals,1,108.378458,108.334625,108.415583,5
0,16,768,band8_vals,1,95.850000,95.844334,95.967958,5
0,16,768,band_vals,1,91.821333,91.665042,91.975333,5
0,16,768,band32_vals,1,131.798250,131.762583,131.826708,5
0,128,128,tg,1,52.854333,52.364542,52.922000,5
0,128,128,block,1,20.632250,20.597739,20.736646,8
0,128,128,cpu,1,5.322125,5.218375,5.719459,25
0,128,128,tridiag,1,174.955000,174.840125,175.158500,5
0,128,128,tg_vals,1,40.352416,40.292584,40.823041,5
0,128,128,block_vals,1,18.562750,18.498167,18.580916,9
0,128,128,cpu_vals,1,3.131833,2.588917,3.152917,25
0,128,128,tridiag_vals,1,122.927083,122.836750,122.935208,5
0,64,96,tg,1,10.628000,10.614208,10.660792,15
0,64,96,block,1,7.557541,7.513635,7.581896,20
0,64,96,cpu,1,1.580041,1.571125,1.591375,25
0,64,96,tg_vals,1,10.244791,10.209145,10.267480,15
0,64,96,block_vals,1,7.109500,7.028271,7.179875,22
0,64,96,cpu_vals,1,0.861875,0.851583,0.883125,25
0,32,384,tg,1,767.257167,766.425271,768.184854,3
0,32,384,block,1,112.719084,112.716833,112.836083,5
0,32,384,cpu,1,14.866292,14.621625,15.198146,11
0,32,384,tridiag,1,132.371166,132.141334,132.533958,5
0,32,384,tg_vals,1,490.035667,489.769729,490.289750,3
0,32,384,block_vals,1,80.742500,80.544167,80.744041,5
0,32,384,cpu_vals,1,7.204083,7.006333,7.602083,21
0,32,384,tridiag_vals,1,99.742333,99.663500,99.807542,5
0,8,192,tg,1,27.668271,27.660657,27.680854,6
0,8,192,block,1,9.915042,9.859261,10.063906,16
0,8,192,cpu,1,1.470500,1.461833,1.488792,25
0,8,192,tridiag,1,16.163417,16.125761,16.198698,10
0,8,192,tg_vals,1,25.720230,25.713688,25.733740,6
0,8,192,block_vals,1,9.463437,9.373990,9.530157,16
0,8,192,cpu_vals,1,0.765708,0.761542,0.775042,25
0,8,192,tridiag_vals,1,12.137917,12.133708,12.148792,13
0,32,32,simd,1,1.736875,1.702833,1.746333,25
0,32,32,tg,1,0.432208,0.426792,0.509209,25
0,32,32,block,1,2.817208,2.781667,2.865000,25
0,32,32,ql,1,0.535625,0.531666,0.539417,25
0,32,32,cpu,1,0.168625,0.161500,0.181083,25
0,32,32,simd_vals,1,1.572417,1.543583,1.584792,25
0,32,32,tg_vals,1,0.416208,0.406416,0.465666,25
0,32,32,block_vals,1,2.730125,2.715333,2.763584,25
0,32,32,ql_vals,1,0.425292,0.409250,0.472083,25
0,32,32,cpu_vals,1,0.251083,0.141333,0.377916,25
0,1,384,tg,1,201.857125,201.826500,201.905875,5
0,1,384,block,1,19.982937,19.902812,20.037364,8
0,1,384,cpu,1,4.568958,4.404042,4.869125,25
0,1,384,tridiag,1,5.136167,5.105042,5.165084,25
0,1,384,tg_vals,1,190.279209,190.258917,190.327292,5
0,1,384,block_vals,1,19.535375,19.325386,19.706146,8
0,1,384,cpu_vals,1,2.372541,2.361042,2.379458,25
0,1,384,tridiag_vals,1,3.973917,3.964583,3.985958,25
0,4,256,tg,1,55.006625,54.996167,55.013500,5
0,4,256,block,1,12.766833,12.724760,12.803386,12
0,4,256,cpu,1,2.349584,2.334500,2.362250,25
0,4,256,tridiag,1,10.748083,10.741542,10.755833,14
0,4,256,tg_vals,1,54.059958,54.059375,54.060542,5
0,4,256,block_vals,1,12.240125,12.096875,12.290042,13
0,4,256,cpu_vals,1,1.140583,1.135375,1.145458,25
0,4,256,tridiag_vals,1,8.424021,8.411740,8.443781,18
0,1,1024,block,1,100.701875,100.559208,100.867709,5
0,1,1024,cpu,1,40.387375,40.291166,40.562500,5
0,1,1024,tridiag,1,17.844500,17.720375,18.133708,9
0,1,1024,block_vals,1,90.216417,90.069875,90.246500,5
0,1,1024,cpu_vals,1,18.139500,18.121916,18.166708,9
0,1,1024,tridiag_vals,1,11.177750,11.141261,11.227688,14
0,1,1024,band8_vals,1,13.994834,13.823167,14.152396,11
0,1,1024,band_vals,1,12.922812,12.803343,13.072198,12
0,1,1024,band32_vals,1,16.311250,16.275448,16.365729,10
0,512,16,simd,1,0.579917,0.574750,0.594167,25
0,512,16,tg,1,0.506625,0.503875,0.512167,25
0,512,16,ql,1,0.398667,0.395958,0.400917,25
0,512,16,ql_share,1,0.496000,0.488750,0.690416,25
0,512,16,cpu,1,0.416667,0.413917,0.420042,25
0,512,16,simd_vals,1,0.522416,0.519958,0.526834,25
0,512,16,tg_vals,1,0.452292,0.448209,0.459709,25
0,512,16,ql_vals,1,0.303708,0.301542,0.311000,25
0,512,16,ql_share_vals,1,0.375625,0.367250,0.411042,25
0,512,16,cpu_vals,1,0.210916,0.197250,0.637375,25
0,128,256,block,1,155.772209,155.459625,156.107917,5
0,128,256,cpu,1,22.955583,22.799397,23.051541,7
0,128,256,tridiag,1,344.478542,344.344938,344.483709,3
0,128,256,block_vals,1,108.357917,108.173291,108.486000,5
0,128,256,cpu_vals,1,10.628500,10.450105,10.851104,15
0,128,256,tridiag_vals,1,257.616291,257.561625,257.654958,5
0,4,24,simd,1,0.766125,0.739375,0.790917,25
0,4,24,tg,1,0.281084,0.266375,0.283292,25
0,4,24,ql,1,0.382750,0.370250,0.400750,25
0,4,24,cpu,1,0.036667,0.036541,0.043292,25
0,4,24,simd_vals,1,0.761250,0.708583,0.775250,25
0,4,24,tg_vals,1,0.257333,0.251584,0.260375,25
0,4,24,ql_vals,1,0.308375,0.295208,0.325792,25
0,4,24,cpu_vals,1,0.022375,0.021208,0.024792,25
0,1,512,tg,1,472.918500,472.914604,472.927625,3
0,1,512,block,1,29.888312,29.801260,29.951896,6
0,1,512,cpu,1,8.976541,8.840958,9.192084,17
0,1,512,tridiag,1,7.633667,7.459750,7.741094,20
0,1,512,tg_vals,1,446.420792,446.406084,446.513209,3
0,1,512,block_vals,1,28.270792,28.233500,28.299990,6
0,1,512,cpu_vals,1,4.205167,4.192542,4.213291,25
0,1,512,tridiag_vals,1,4.932708,4.893416,5.016916,25
0,1,512,band8_vals,1,6.277750,5.800834,6.312458,25
0,1,512,band_vals,1,5.306750,5.287083,5.324042,25
0,1,512,band32_vals,1,7.087667,7.056042,7.138250,21
0,128,384,block,1,524.989666,524.811271,525.187958,3
0,128,384,cpu,1,52.260833,51.812917,52.307458,5
0,128,384,tridiag,1,521.637584,521.527750,522.260709,3
0,128,384,block_vals,1,370.291542,370.124312,370.647813,3
0,128,384,cpu_vals,1,24.236667,24.207062,24.429834,7
0,128,384,tridiag_vals,1,395.882875,395.821708,396.048500,3
0,16,32,simd,1,1.739375,1.696917,1.802000,25
0,16,32,tg,1,0.377583,0.375167,0.380167,25
0,16,32,block,1,2.794083,2.761375,2.831959,25
0,16,32,ql,1,0.533834,0.530083,0.542125,25
0,16,32,cpu,1,0.157125,0.136666,0.167125,25
0,16,32,simd_vals,1,1.576291,1.542875,1.586375,25
0,16,32,tg_vals,1,0.359625,0.350500,0.365375,25
0,16,32,block_vals,1,2.729042,2.700917,2.773833,25
0,16,32,ql_vals,1,0.404792,0.388625,0.429917,25
0,16,32,cpu_vals,1,0.181209,0.102167,0.184958,25
0,2,256,tg,1,54.876083,54.868833,54.891458,5
0,2,256,block,1,11.888250,11.810000,11.947875,13
0,2,256,cpu,1,2.098250,2.091666,2.111500,25
0,2,256,tridiag,1,5.369209,5.357916,5.389875,25
0,2,256,tg_vals,1,53.978916,53.954958,53.993458,5
0,2,256,block_vals,1,11.437334,11.356125,11.516760,14
0,2,256,cpu_vals,1,1.078875,1.075667,1.083833,25
0,2,256,tridiag_vals,1,4.416958,4.410959,4.426250,25
0,256,8,simd,1,0.200833,0.193834,0.204916,25
0,256,8,tg,1,0.207500,0.204417,0.212167,25
0,256,8,ql,1,0.207041,0.203666,0.208791,25
0,256,8,ql_share,1,0.323125,0.319125,0.330416,25
0,256,8,cpu,1,0.132000,0.127917,0.136792,25
0,256,8,simd_vals,1,0.170500,0.167000,0.188083,25
0,256,8,tg_vals,1,0.173708,0.168042,0.186916,25
0,256,8,ql_vals,1,0.171500,0.160625,0.182333,25
0,256,8,ql_share_vals,1,0.277292,0.275791,0.279583,25
0,256,8,cpu_vals,1,0.095542,0.088750,0.113041,25
0,2048,96,tg,1,286.758500,286.333041,287.428292,5
0,2048,96,block,1,148.715250,148.707459,148.819375,5
0,2048,96,cpu,1,42.226708,42.156250,42.386084,5
0,2048,96,tg_vals,1,263.509625,263.138958,263.790917,5
0,2048,96,block_vals,1,125.294166,125.267916,125.310708,5
0,2048,96,cpu_vals,1,21.971834,21.863604,22.075396,7
0,8,2,simd,1,0.222041,0.208000,0.227959,25
0,8,2,tg,1,0.236166,0.220333,0.242208,25
0,8,2,ql,1,0.160250,0.152500,0.166500,25
0,8,2,cpu,1,0.006500,0.005458,0.012417,25
0,8,2,simd_vals,1,0.183084,0.169667,0.225542,25
0,8,2,tg_vals,1,0.147875,0.142666,0.157292,25
0,8,2,ql_vals,1,0.145458,0.141833,0.156334,25
0,8,2,cpu_vals,1,0.003291,0.003208,0.003417,25
0,16,256,tg,1,84.404083,84.295375,84.454792,5
0,16,256,block,1,20.325687,20.266396,20.390292,8
0,16,256,cpu,1,3.459250,3.406458,3.911917,25
0,16,256,tridiag,1,43.068167,43.027791,43.088542,5
0,16,256,tg_vals,1,61.386917,61.356250,61.405666,5
0,16,256,block_vals,1,17.961500,17.879542,18.092875,9
0,16,256,cpu_vals,1,1.620583,1.544625,1.919709,25
0,16,256,tridiag_vals,1,32.474458,32.347333,32.499375,5
0,512,96,tg,1,71.484833,71.357083,71.709334,5
0,512,96,block,1,37.322000,37.224500,37.394125,5
0,512,96,cpu,1,11.259812,11.187594,11.355167,14
0,512,96,tg_vals,1,65.707041,65.573375,65.978417,5
0,512,96,block_vals,1,30.474292,30.452625,30.480583,5
0,512,96,cpu_vals,1,5.973625,5.925584,6.298875,25
0,64,384,block,1,250.584167,250.278500,250.650291,5
0,64,384,cpu,1,27.281022,27.073146,27.419334,6
0,64,384,tridiag,1,260.484375,260.481917,260.889667,5
0,64,384,block_vals,1,169.922542,169.917833,170.089958,5
0,64,384,cpu_vals,1,13.111937,13.042729,13.168750,12
0,64,384,tridiag_vals,1,198.149333,198.062500,198.204208,5
0,4,128,tg,1,7.924000,7.916625,7.934458,19
0,4,128,block,1,5.956125,5.866625,6.058833,25
0,4,128,cpu,1,0.578333,0.571708,0.586375,25
0,4,128,tridiag,1,5.423792,5.413667,5.436917,25
0,4,128,tg_vals,1,7.193958,7.179583,7.200708,21
0,4,128,block_vals,1,5.805959,5.745958,5.900000,25
0,4,128,cpu_vals,1,0.299417,0.297250,0.304208,25
0,4,128,tridiag_vals,1,3.965292,3.956375,3.974000,25
0,1,2,simd,1,0.161041,0.150583,0.176208,25
0,1,2,tg,1,0.169250,0.155833,0.219792,25
0,1,2,ql,1,0.165875,0.153916,0.170334,25
0,1,2,cpu,1,0.001375,0.001250,0.001708,25
0,1,2,simd_vals,1,0.156208,0.152417,0.184500,25
0,1,2,tg_vals,1,0.159958,0.155584,0.184875,25
0,1,2,ql_vals,1,0.149583,0.146708,0.155125,25
0,1,2,cpu_vals,1,0.001459,0.001417,0.001584,25
0,16,1024,block,1,1125.787916,1125.550042,1129.229250,3
0,16,1024,cpu,1,118.168917,117.149959,118.362292,5
0,16,1024,tridiag,1,208.468416,208.377708,209.100875,5
0,16,1024,block_vals,1,757.752625,757.720646,757.812625,3
0,16,1024,cpu_vals,1,36.679750,35.871667,36.681250,5
0,16,1024,tridiag_vals,1,159.829708,159.829125,159.963958,5
0,16,1024,band8_vals,1,144.944667,143.223458,146.282208,5
0,16,1024,band_vals,1,132.509958,132.361833,133.539417,5
0,16,1024,band32_vals,1,186.795125,186.763000,186.853958,5
0,1,2560,block,1,1176.733500,1176.453583,1176.985042,3
0,1,2560,cpu,1,362.426000,362.418208,362.507687,3
0,1,2560,tridiag,1,79.419042,79.365542,79.526167,5
0,1,2560,block_vals,1,729.840750,729.554166,732.760417,3
0,1,2560,cpu_vals,1,132.316833,132.225917,132.324750,5
0,1,2560,tridiag_vals,1,55.654583,55.560500,55.708917,5
0,1,2560,band8_vals,1,70.669250,70.296167,70.969875,5
0,1,2560,band_vals,1,50.341666,50.136584,50.458667,5
0,1,2560,band32_vals,1,59.937125,59.609292,60.187125,5
0,128,8,simd,1,0.307375,0.300750,0.317500,25
0,128,8,tg,1,0.337416,0.325125,0.342583,25
0,128,8,ql,1,0.243834,0.237333,0.255667,25
0,128,8,ql_share,1,0.325083,0.322417,0.344125,25
0,128,8,cpu,1,0.135292,0.113125,0.303583,25
0,128,8,simd_vals,1,0.187375,0.180541,0.204291,25
0,128,8,tg_vals,1,0.182250,0.178125,0.194958,25
0,128,8,ql_vals,1,0.170917,0.167459,0.184917,25
0,128,8,ql_share_vals,1,0.298500,0.292333,0.329708,25
0,128,8,cpu_vals,1,0.136041,0.078875,0.170792,25
0,512,384,block,1,2123.286625,2121.848500,2123.482167,3
0,512,384,cpu,1,201.841875,199.941833,201.884292,5
0,512,384,block_vals,1,1514.526541,1513.621708,1514.769541,3
0,512,384,cpu_vals,1,95.451250,93.955791,97.289000,5
0,64,12,simd,1,0.787708,0.719375,0.813667,25
0,64,12,tg,1,0.226750,0.224791,0.231791,25
0,64,12,ql,1,0.229000,0.222625,0.233833,25
0,64,12,ql_share,1,0.332041,0.327334,0.335541,25
0,64,12,cpu,1,0.250583,0.114750,0.301458,25
0,64,12,simd_vals,1,0.248583,0.240042,0.254500,25
0,64,12,tg_vals,1,0.202542,0.193750,0.209833,25
0,64,12,ql_vals,1,0.190125,0.182959,0.203375,25
0,64,12,ql_share_vals,1,0.133166,0.118250,0.288834,25
0,64,12,cpu_vals,1,0.153083,0.068792,0.154417,25
0,256,64,tg,1,10.854499,10.774740,10.956552,14
0,256,64,block,1,8.123500,8.086146,8.252167,19
0,256,64,ql,1,3.924750,3.906750,3.937167,25
0,256,64,ql_share,1,2.864125,2.826584,2.918584,25
0,256,64,cpu,1,2.621167,2.587166,2.651667,25
0,256,64,tg_vals,1,9.034417,8.872041,9.090000,17
0,256,64,block_vals,1,7.535771,7.458417,7.560562,20
0,256,64,ql_vals,1,2.927667,2.924333,2.932208,25
0,256,64,ql_share_vals,1,2.190500,2.144750,2.229959,25
0,256,64,cpu_vals,1,1.283833,1.104583,1.744209,25
0,512,24,simd,1,1.502917,1.446041,1.540750,25
0,512,24,tg,1,1.227084,1.175209,1.232000,25
0,512,24,ql,1,0.632208,0.629042,0.638709,25
0,512,24,ql_share,1,0.951666,0.933042,0.990542,25
0,512,24,cpu,1,0.815583,0.808208,0.836042,25
0,512,24,simd_vals,1,1.324125,1.275583,1.353167,25
0,512,24,tg_vals,1,1.032583,1.025583,1.109333,25
0,512,24,ql_vals,1,0.438917,0.435458,0.442292,25
0,512,24,ql_share_vals,1,0.447833,0.441000,0.497792,25
0,512,24,cpu_vals,1,0.340584,0.319084,0.630000,25
0,2,8,simd,1,0.280208,0.270666,0.291250,25
0,2,8,tg,1,0.314667,0.299083,0.325959,25
0,2,8,ql,1,0.215375,0.186125,0.244500,25
0,2,8,cpu,1,0.007917,0.007875,0.008000,25
0,2,8,simd_vals,1,0.183334,0.168958,0.224292,25
0,2,8,tg_vals,1,0.184209,0.180083,0.223000,25
0,2,8,ql_vals,1,0.189000,0.182750,0.229166,25
0,2,8,cpu_vals,1,0.005500,0.005167,0.006750,25
0,1,1536,block,1,244.317417,244.188042,244.610000,5
0,1,1536,cpu,1,99.172750,99.067750,99.225375,5
0,1,1536,tridiag,1,31.183500,31.080834,31.678708,5
0,1,1536,block_vals,1,202.534666,202.496917,202.685459,5
0,1,1536,cpu_vals,1,42.696625,42.651417,42.708208,5
0,1,1536,tridiag_vals,1,20.657229,20.604281,20.708135,8
0,1,1536,band8_vals,1,26.001500,25.684969,26.209875,6
0,1,1536,band_vals,1,21.358479,21.129636,21.734969,8
0,1,1536,band32_vals,1,26.337333,26.121438,26.512416,6
0,1024,2,simd,1,0.170666,0.167666,0.189708,25
0,1024,2,tg,1,0.173333,0.171875,0.177083,25
0,1024,2,ql,1,0.176750,0.173292,0.181583,25
0,1024,2,ql_share,1,0.299292,0.293458,0.309125,25
0,1024,2,cpu,1,0.130041,0.112334,0.286625,25
0,1024,2,simd_vals,1,0.146875,0.141875,0.160083,25
0,1024,2,tg_vals,1,0.146041,0.143167,0.155000,25
0,1024,2,ql_vals,1,0.144958,0.139750,0.162959,25
0,1024,2,ql_share_vals,1,0.281584,0.275750,0.290958,25
0,1024,2,cpu_vals,1,0.151792,0.094084,0.160375,25
0,1024,24,simd,1,2.390459,2.343792,2.409000,25
0,1024,24,tg,1,2.185792,2.179042,2.194375,25
0,1024,24,ql,1,1.099833,1.064000,1.113791,25
0,1024,24,ql_share,1,1.018375,1.012125,1.029958,25
0,1024,24,cpu,1,1.472500,1.456208,1.541875,25
0,1024,24,simd_vals,1,2.090833,2.083416,2.136917,25
0,1024,24,tg_vals,1,1.880125,1.851000,1.889125,25
0,1024,24,ql_vals,1,0.759708,0.676208,0.766791,25
0,1024,24,ql_share_vals,1,0.793417,0.778583,0.815792,25
0,1024,24,cpu_vals,1,0.598625,0.588292,0.658083,25
0,1,4096,block,1,4927.697208,4927.004375,4929.779854,3
0,1,4096,cpu,1,2333.005167,2332.380479,2336.890812,3
0,1,4096,tridiag,1,257.742667,257.579208,257.771166,5
0,1,4096,block_vals,1,3293.592083,3291.558000,3293.797750,3
0,1,4096,cpu_vals,1,464.091916,463.254124,464.347249,3
0,1,4096,tridiag_vals,1,191.280541,190.722792,191.678708,5
0,1,4096,band8_vals,1,229.344917,223.397208,229.433750,5
0,1,4096,band_vals,1,125.633667,125.427542,126.209666,5
0,1,4096,band32_vals,1,123.631542,123.288458,123.781458,5
0,32,192,tg,1,63.265334,63.151000,63.308875,5
0,32,192,block,1,18.284917,18.196750,18.354667,9
0,32,192,cpu,1,3.431125,3.382542,3.492792,25
0,32,192,tridiag,1,64.322500,64.258333,64.383667,5
0,32,192,tg_vals,1,42.370917,42.332292,42.381875,5
0,32,192,block_vals,1,16.369729,16.248209,16.435063,10
0,32,192,cpu_vals,1,1.622625,1.591166,2.257666,25
0,32,192,tridiag_vals,1,47.651916,47.597250,47.663041,5
0,128,96,tg,1,18.968583,18.680979,19.147449,8
0,128,96,block,1,11.457584,11.381000,11.523709,14
0,128,96,cpu,1,3.003708,2.946000,3.522250,25
0,128,96,tg_vals,1,17.931875,17.819500,17.998250,9
0,128,96,block_vals,1,10.447292,10.354292,10.510500,15
0,128,96,cpu_vals,1,1.602166,1.564459,2.170667,25
0,4096,16,simd,1,2.399500,2.350500,2.415375,25
0,4096,16,tg,1,2.400625,2.365959,2.412959,25
0,4096,16,ql,1,1.643333,1.609833,1.663667,25
0,4096,16,ql_share,1,1.449083,1.437875,1.571417,25
0,4096,16,cpu,1,2.566417,2.282958,3.030416,25
0,4096,16,simd_vals,1,2.029750,2.012375,2.081334,25
0,4096,16,tg_vals,1,2.035875,1.989542,2.050750,25
0,4096,16,ql_vals,1,1.074750,1.066166,1.122416,25
0,4096,16,ql_share_vals,1,0.814208,0.803208,0.836583,25
0,4096,16,cpu_vals,1,1.100459,1.090250,1.661625,25
0,8,12,simd,1,0.717792,0.506625,0.758833,25
0,8,12,tg,1,0.214667,0.209125,0.217542,25
0,8,12,ql,1,0.225417,0.218625,0.228000,25
0,8,12,cpu,1,0.033208,0.029458,0.038667,25
0,8,12,simd_vals,1,0.258416,0.250167,0.261709,25
0,8,12,tg_vals,1,0.207458,0.193334,0.213416,25
0,8,12,ql_vals,1,0.187042,0.183417,0.202083,25
0,8,12,cpu_vals,1,0.027083,0.023625,0.029291,25
0,2,64,tg,1,1.271334,1.241500,2.161375,25
0,2,64,block,1,3.388625,3.331125,3.426500,25
0,2,64,ql,1,1.351041,1.312667,1.366750,25
0,2,64,cpu,1,0.164708,0.162542,0.169959,25
0,2,64,tg_vals,1,1.120333,1.106750,1.151250,25
0,2,64,block_vals,1,3.267875,3.199167,3.304250,25
0,2,64,ql_vals,1,1.116417,1.083750,1.143583,25
0,2,64,cpu_vals,1,0.075250,0.074666,0.076375,25
0,1,96,tg,1,3.617916,3.609000,3.634041,25
0,1,96,block,1,4.924625,4.819625,4.997541,25
0,1,96,cpu,1,0.288084,0.287208,0.291250,25
0,1,96,tg_vals,1,3.298459,3.289750,3.305666,25
0,1,96,block_vals,1,4.740500,4.648417,4.848375,25
0,1,96,cpu_vals,1,0.148667,0.147833,0.149542,25
0,512,48,tg,1,8.038375,7.976667,8.091750,19
0,512,48,block,1,12.073500,12.041291,12.258667,13
0,512,48,ql,1,2.562125,2.551875,2.564417,25
0,512,48,ql_share,1,2.043792,2.022916,2.049958,25
0,512,48,cpu,1,3.485583,2.905500,3.527917,25
0,512,48,tg_vals,1,7.003187,6.934708,7.018989,22
0,512,48,block_vals,1,11.198792,11.188438,11.223313,14
0,512,48,ql_vals,1,1.842167,1.812042,1.850708,25
0,512,48,ql_share_vals,1,1.692167,1.608208,1.707292,25
0,512,48,cpu_vals,1,1.920958,1.392875,1.938208,25
0,1,3072,block,1,2102.782417,2102.469021,2102.983458,3
0,1,3072,cpu,1,689.426833,689.264625,694.574750,3
0,1,3072,tridiag,1,119.997834,119.907667,120.457583,5
0,1,3072,block_vals,1,1324.737083,1324.476770,1325.421042,3
0,1,3072,cpu_vals,1,207.320333,206.975541,207.645875,5
0,1,3072,tridiag_vals,1,85.482500,85.461791,85.611125,5
0,1,3072,band8_vals,1,105.281542,105.126875,105.697250,5
0,1,3072,band_vals,1,67.780291,67.685458,68.007750,5
0,1,3072,band32_vals,1,77.292834,77.267750,77.545042,5
0,1,32,simd,1,1.495500,1.469875,1.533333,25
0,1,32,tg,1,0.339709,0.332417,0.345125,25
0,1,32,block,1,3.236708,3.148625,3.304792,25
0,1,32,ql,1,0.539375,0.534334,0.554209,25
0,1,32,cpu,1,0.036709,0.030333,0.037333,25
0,1,32,simd_vals,1,1.385500,1.358166,1.418750,25
0,1,32,tg_vals,1,0.310375,0.302708,0.318542,25
0,1,32,block_vals,1,3.127625,3.095125,3.201417,25
0,1,32,ql_vals,1,0.449250,0.427500,0.485667,25
0,1,32,cpu_vals,1,0.011792,0.011791,0.011833,25
0,32,96,tg,1,5.815583,5.805250,5.824334,25
0,32,96,block,1,5.383042,5.207250,5.478167,25
0,32,96,cpu,1,0.848292,0.836250,0.879459,25
0,32,96,tg_vals,1,4.976917,4.964792,4.992916,25
0,32,96,block_vals,1,5.123584,5.067709,5.209083,25
0,32,96,cpu_vals,1,0.547625,0.479291,0.586167,25
0,2,768,block,1,73.735333,73.704417,73.755375,5
0,2,768,cpu,1,20.965000,20.664355,21.277052,8
0,2,768,tridiag,1,18.475583,18.413333,18.677458,9
0,2,768,block_vals,1,64.593833,64.454041,64.692959,5
0,2,768,cpu_vals,1,10.131250,10.115500,10.181480,15
0,2,768,tridiag_vals,1,14.395083,14.368875,14.473854,11
0,2,768,band8_vals,1,15.568354,15.528614,15.610489,10
0,2,768,band_vals,1,14.565542,14.503438,14.749834,11
0,2,768,band32_vals,1,19.777979,19.754084,19.813032,8
0,2,24,simd,1,0.773541,0.729125,0.803083,25
0,2,24,tg,1,0.279375,0.262625,0.283417,25
0,2,24,ql,1,0.372541,0.359708,0.402459,25
0,2,24,cpu,1,0.032167,0.031709,0.033583,25
0,2,24,simd_vals,1,0.762917,0.694875,0.776000,25
0,2,24,tg_vals,1,0.269125,0.257084,0.274375,25
0,2,24,ql_vals,1,0.297584,0.286791,0.301125,25
0,2,24,cpu_vals,1,0.018375,0.018125,0.018667,25
0,2048,24,simd,1,4.006458,3.974667,4.035958,25
0,2048,24,tg,1,3.871667,3.862667,3.880458,25
0,2048,24,ql,1,1.770083,1.734167,1.788792,25
0,2048,24,ql_share,1,1.605083,1.546750,1.855583,25
0,2048,24,cpu,1,2.950584,2.747208,3.387875,25
0,2048,24,simd_vals,1,3.335125,3.288917,3.338208,25
0,2048,24,tg_vals,1,3.319917,3.309875,3.328208,25
0,2048,24,ql_vals,1,1.120750,1.072834,1.169084,25
0,2048,24,ql_share_vals,1,0.893750,0.883542,0.905208,25
0,2048,24,cpu_vals,1,1.609792,1.092209,1.681833,25
0,128,4,simd,1,0.245541,0.241791,0.255958,25
0,128,4,tg,1,0.252083,0.242833,0.264250,25
0,128,4,ql,1,0.242875,0.234000,0.256291,25
0,128,4,ql_share,1,0.162459,0.149458,0.253833,25
0,128,4,cpu,1,0.116834,0.115833,0.118291,25
0,128,4,simd_vals,1,0.149083,0.139708,0.157625,25
0,128,4,tg_vals,1,0.152583,0.149667,0.166875,25
0,128,4,ql_vals,1,0.148917,0.143208,0.160750,25
0,128,4,ql_share_vals,1,0.132167,0.125000,0.151000,25
0,128,4,cpu_vals,1,0.066333,0.064292,0.067625,25
0,16,48,tg,1,0.775209,0.700250,0.798084,25
0,16,48,block,1,3.244375,3.219084,3.258375,25
0,16,48,ql,1,0.896083,0.852500,0.950125,25
0,16,48,cpu,1,0.215875,0.209292,0.220500,25
0,16,48,tg_vals,1,0.684542,0.666084,0.713916,25
0,16,48,block_vals,1,3.170625,3.127416,3.195917,25
0,16,48,ql_vals,1,0.769000,0.712000,0.797333,25
0,16,48,cpu_vals,1,0.151167,0.135875,0.184833,25
0,16,512,block,1,123.309708,123.234458,123.320375,5
0,16,512,cpu,1,16.446833,16.417854,16.553489,10
0,16,512,tridiag,1,89.055750,88.947083,89.340959,5
0,16,512,block_vals,1,91.351667,91.322041,91.505875,5
0,16,512,cpu_vals,1,7.463334,7.369573,7.713322,20
0,16,512,tridiag_vals,1,66.810709,66.788250,66.994583,5
0,16,512,band8_vals,1,55.803583,55.779834,56.174959,5
0,16,512,band_vals,1,54.689416,54.636291,54.727084,5
0,16,512,band32_vals,1,78.461250,78.420042,78.510541,5
0,16,8,simd,1,0.183375,0.178042,0.196500,25
0,16,8,tg,1,0.186542,0.170417,0.190292,25
0,16,8,ql,1,0.188708,0.177334,0.190583,25
0,16,8,cpu,1,0.039375,0.035542,0.041250,25
0,16,8,simd_vals,1,0.179667,0.164125,0.185042,25
0,16,8,tg_vals,1,0.177416,0.167084,0.183125,25
0,16,8,ql_vals,1,0.164458,0.156291,0.167584,25
0,16,8,cpu_vals,1,0.022875,0.021625,0.025166,25
0,32,512,block,1,281.188584,280.897417,281.744875,5
0,32,512,cpu,1,30.450458,30.254583,30.816125,5
0,32,512,tridiag,1,178.230583,178.159875,178.231458,5
0,32,512,block_vals,1,181.705833,181.676459,181.727791,5
0,32,512,cpu_vals,1,13.725333,13.643230,14.147896,11
0,32,512,tridiag_vals,1,132.799417,132.695834,132.910625,5
0,32,512,band8_vals,1,109.558417,109.529500,109.594500,5
0,32,512,band_vals,1,107.275750,107.169167,107.345041,5
0,32,512,band32_vals,1,154.487958,154.480709,154.770417,5
0,512,256,block,1,629.664292,629.399250,629.973126,3
0,512,256,cpu,1,87.290333,86.157083,87.783916,5
0,512,256,block_vals,1,479.483917,479.276375,479.805605,3
0,512,256,cpu_vals,1,40.821167,40.444708,41.435708,5
0,1024,12,simd,1,0.545583,0.529541,1.455208,25
0,1024,12,tg,1,0.517042,0.515042,0.524083,25
0,1024,12,ql,1,0.411958,0.407291,0.414375,25
0,1024,12,ql_share,1,0.595291,0.501291,0.630375,25
0,1024,12,cpu,1,0.479166,0.438625,0.582083,25
0,1024,12,simd_vals,1,0.468792,0.463292,0.476000,25
0,1024,12,tg_vals,1,0.453291,0.450291,0.463208,25
0,1024,12,ql_vals,1,0.312583,0.305209,0.317333,25
0,1024,12,ql_share_vals,1,0.333250,0.329166,0.348791,25
0,1024,12,cpu_vals,1,0.238292,0.226500,0.412333,25
0,32,256,tg,1,194.823166,194.270167,195.018041,5
0,32,256,block,1,34.883625,34.857750,34.911375,5
0,32,256,cpu,1,6.544542,6.373042,7.172042,23
0,32,256,tridiag,1,85.759417,85.736084,85.833916,5
0,32,256,tg_vals,1,124.736292,124.577667,125.041041,5
0,32,256,block_vals,1,29.763604,29.734198,29.980417,6
0,32,256,cpu_vals,1,3.506834,2.905917,3.563292,25
0,32,256,tridiag_vals,1,64.676584,64.601750,64.700416,5
0,8,8,simd,1,0.173875,0.160708,0.207208,25
0,8,8,tg,1,0.187625,0.169583,0.191708,25
0,8,8,ql,1,0.185709,0.173625,0.189875,25
0,8,8,cpu,1,0.023417,0.021416,0.027583,25
0,8,8,simd_vals,1,0.172458,0.167791,0.188292,25
0,8,8,tg_vals,1,0.168542,0.165041,0.183667,25
0,8,8,ql_vals,1,0.160166,0.157416,0.182875,25
0,8,8,cpu_vals,1,0.021833,0.018167,0.025084,25
0,2,128,tg,1,7.903666,7.887916,7.916895,19
0,2,128,block,1,5.933625,5.799041,5.978125,25
0,2,128,cpu,1,0.537833,0.534584,0.543334,25
0,2,128,tridiag,1,2.703334,2.697083,2.721208,25
0,2,128,tg_vals,1,7.186083,7.172875,7.189792,21
0,2,128,block_vals,1,5.736750,5.649667,5.861417,25
0,2,128,cpu_vals,1,0.289250,0.286292,0.291042,25
0,2,128,tridiag_vals,1,2.047375,2.043375,2.052625,25
0,256,48,tg,1,4.534833,4.269959,4.648750,25
0,256,48,block,1,7.597917,7.535458,7.633479,20
0,256,48,ql,1,1.718583,1.669917,1.725000,25
0,256,48,ql_share,1,1.083791,1.073584,1.118125,25
0,256,48,cpu,1,1.522417,1.488500,1.551125,25
0,256,48,tg_vals,1,3.750250,3.719667,3.760250,25
0,256,48,block_vals,1,7.121792,7.047667,7.212719,22
0,256,48,ql_vals,1,1.289417,1.254125,1.329875,25
0,256,48,ql_share_vals,1,0.841333,0.835833,0.860541,25
0,256,48,cpu_vals,1,0.692250,0.665458,0.707958,25
0,32,768,block,1,988.250375,988.003854,988.660292,3
0,32,768,cpu,1,77.738250,77.629917,77.809083,5
0,32,768,tridiag,1,283.987292,283.791750,284.849291,5
0,32,768,block_vals,1,670.867333,670.704042,670.969417,3
0,32,768,cpu_vals,1,32.889375,32.570667,33.032875,5
0,32,768,tridiag_vals,1,215.717708,215.682792,215.856667,5
0,32,768,band8_vals,1,186.804583,186.643459,186.818791,5
0,32,768,band_vals,1,179.703083,179.696000,180.091250,5
0,32,768,band32_vals,1,259.748459,259.674750,259.961791,5
0,8,48,tg,1,0.895417,0.678333,1.011375,25
0,8,48,block,1,3.198625,3.175750,3.251250,25
0,8,48,ql,1,0.900542,0.855375,0.926833,25
0,8,48,cpu,1,0.199125,0.194917,0.203333,25
0,8,48,tg_vals,1,0.686667,0.645833,0.718750,25
0,8,48,block_vals,1,3.145500,3.122542,3.194584,25
0,8,48,ql_vals,1,0.734042,0.710625,0.787583,25
0,8,48,cpu_vals,1,0.098166,0.093959,0.105750,25
0,4096,2,simd,1,0.197208,0.192208,0.209000,25
0,4096,2,tg,1,0.208208,0.203584,0.209625,25
0,4096,2,ql,1,0.198708,0.189042,0.201167,25
0,4096,2,ql_share,1,0.313166,0.310834,0.320459,25
0,4096,2,cpu,1,0.195792,0.193583,0.200542,25
0,4096,2,simd_vals,1,0.194209,0.189542,0.195916,25
0,4096,2,tg_vals,1,0.190041,0.179625,0.193416,25
0,4096,2,ql_vals,1,0.173084,0.167000,0.182375,25
0,4096,2,ql_share_vals,1,0.300333,0.296750,0.315375,25
0,4096,2,cpu_vals,1,0.143750,0.136750,0.152167,25
0,8,32,simd,1,1.721042,1.697000,1.730084,25
0,8,32,tg,1,0.382042,0.373750,0.391375,25
0,8,32,block,1,2.743833,2.723833,2.789500,25
0,8,32,ql,1,0.535625,0.531208,0.555333,25
0,8,32,cpu,1,0.094833,0.088209,0.111334,25
0,8,32,simd_vals,1,1.575042,1.550583,1.591625,25
0,8,32,tg_vals,1,0.357958,0.354875,0.364375,25
0,8,32,block_vals,1,3.034584,2.936583,3.131125,25
0,8,32,ql_vals,1,0.437292,0.423334,0.467750,25
0,8,32,cpu_vals,1,0.049167,0.043250,0.051666,25
0,4096,24,simd,1,7.533875,7.516323,7.579968,20
0,4096,24,tg,1,7.470375,7.448917,7.497500,21
0,4096,24,ql,1,3.198875,3.190583,3.220500,25
0,4096,24,ql_share,1,2.640875,2.622000,2.671750,25
0,4096,24,cpu,1,5.793584,5.730125,5.816500,25
0,4096,24,simd_vals,1,6.308250,6.276823,6.319281,24
0,4096,24,tg_vals,1,6.265375,6.257823,6.319761,24
0,4096,24,ql_vals,1,1.958084,1.950459,1.970916,25
0,4096,24,ql_share_vals,1,1.372708,1.351084,1.391833,25
0,4096,24,cpu_vals,1,2.423042,2.074375,2.527417,25
0,32,16,simd,1,1.116083,0.368542,1.156917,25
0,32,16,tg,1,0.247083,0.245208,0.248708,25
0,32,16,ql,1,0.274917,0.271041,0.276708,25
0,32,16,cpu,1,0.095542,0.086250,0.116708,25
0,32,16,simd_vals,1,0.315125,0.304959,0.327167,25
0,32,16,tg_vals,1,0.230708,0.216666,0.235625,25
0,32,16,ql_vals,1,0.229584,0.211333,0.235084,25
0,32,16,cpu_vals,1,0.120083,0.071333,0.121167,25
0,16,384,tg,1,352.116000,352.109916,352.297438,3
0,16,384,block,1,54.366958,54.256208,54.530916,5
0,16,384,cpu,1,7.891541,7.824792,7.931354,19
0,16,384,tridiag,1,65.083833,65.002125,65.131708,5
0,16,384,tg_vals,1,224.624541,224.579250,224.652667,5
0,16,384,block_vals,1,45.387167,45.363958,45.439375,5
0,16,384,cpu_vals,1,4.059625,3.860500,4.276625,25
0,16,384,tridiag_vals,1,50.180750,50.140417,50.188041,5
0,32,48,tg,1,0.988500,0.943792,1.047584,25
0,32,48,block,1,3.388792,3.365459,3.492875,25
0,32,48,ql,1,0.956917,0.867041,0.968167,25
0,32,48,cpu,1,0.309125,0.303958,0.316375,25
0,32,48,tg_vals,1,0.945834,0.898042,0.949000,25
0,32,48,block_vals,1,3.256459,3.242291,3.319750,25
0,32,48,ql_vals,1,0.754333,0.721125,0.799333,25
0,32,48,cpu_vals,1,0.173292,0.167958,0.199250,25
0,32,8,simd,1,0.296125,0.285208,0.300875,25
0,32,8,tg,1,0.307666,0.300000,0.338375,25
0,32,8,ql,1,0.190958,0.186875,0.193625,25
0,32,8,cpu,1,0.080958,0.077750,0.083542,25
0,32,8,simd_vals,1,0.167833,0.159000,0.180875,25
0,32,8,tg_vals,1,0.168417,0.164917,0.181541,25
0,32,8,ql_vals,1,0.165083,0.156750,0.175792,25
0,32,8,cpu_vals,1,0.041667,0.041042,0.043583,25
0,128,24,simd,1,0.876292,0.778167,0.886708,25
0,128,24,tg,1,0.492625,0.489000,0.594834,25
0,128,24,ql,1,0.410125,0.407375,0.418125,25
0,128,24,ql_share,1,0.497167,0.494000,0.566625,25
0,128,24,cpu,1,0.280792,0.275208,0.290958,25
0,128,24,simd_vals,1,0.729000,0.704833,0.788125,25
0,128,24,tg_vals,1,0.447334,0.441250,0.454000,25
0,128,24,ql_vals,1,0.325166,0.316416,0.328375,25
0,128,24,ql_share_vals,1,0.420250,0.415708,0.425625,25
0,128,24,cpu_vals,1,0.164042,0.158875,0.169417,25
0,128,16,simd,1,0.587750,0.558584,1.099667,25
0,128,16,tg,1,0.279500,0.274667,0.287084,25
0,128,16,ql,1,0.286125,0.282708,0.291084,25
0,128,16,ql_share,1,0.377625,0.374583,0.381292,25
0,128,16,cpu,1,0.177167,0.171542,0.183084,25
0,128,16,simd_vals,1,0.321750,0.313208,0.332833,25
0,128,16,tg_vals,1,0.263708,0.261417,0.266750,25
0,128,16,ql_vals,1,0.243625,0.240000,0.246958,25
0,128,16,ql_share_vals,1,0.338042,0.332041,0.344000,25
0,128,16,cpu_vals,1,0.124458,0.116875,0.209750,25
0,1024,256,block,1,1264.357958,1264.216854,1265.368104,3
0,1024,256,cpu,1,163.096750,163.059000,165.011708,5
0,1024,256,block_vals,1,950.466625,950.141250,950.836334,3
0,1024,256,cpu_vals,1,77.750583,76.763458,77.861500,5
0,4,96,tg,1,3.627459,3.624333,3.644458,25
0,4,96,block,1,4.782750,4.690000,4.844625,25
0,4,96,cpu,1,0.331833,0.326500,0.336917,25
0,4,96,tg_vals,1,3.293291,3.272625,3.304042,25
0,4,96,block_vals,1,4.667833,4.623542,4.709083,25
0,4,96,cpu_vals,1,0.180833,0.176125,0.181667,25
0,512,4,simd,1,0.285334,0.272208,0.291208,25
0,512,4,tg,1,0.297292,0.282250,0.309791,25
0,512,4,ql,1,0.183834,0.180458,0.186167,25
0,512,4,ql_share,1,0.307833,0.299000,0.318292,25
0,512,4,cpu,1,0.121875,0.115125,0.217792,25
0,512,4,simd_vals,1,0.178542,0.170167,0.182916,25
0,512,4,tg_vals,1,0.161875,0.154792,0.178500,25
0,512,4,ql_vals,1,0.149875,0.146750,0.156542,25
0,512,4,ql_share_vals,1,0.300667,0.296041,0.309834,25
0,512,4,cpu_vals,1,0.174625,0.093500,0.239125,25
0,4,4,simd,1,0.230500,0.225333,0.248167,25
0,4,4,tg,1,0.255917,0.242625,0.262708,25
0,4,4,ql,1,0.217792,0.206875,0.227625,25
0,4,4,cpu,1,0.009041,0.008208,0.011125,25
0,4,4,simd_vals,1,0.206834,0.170583,0.224541,25
0,4,4,tg_vals,1,0.164500,0.152208,0.173417,25
0,4,4,ql_vals,1,0.194000,0.163125,0.224084,25
0,4,4,cpu_vals,1,0.007291,0.006125,0.011000,25
0,64,128,tg,1,29.605854,29.537563,30.290802,6
0,64,128,block,1,12.308125,12.211709,12.420625,13
0,64,128,cpu,1,2.746459,2.731875,2.781042,25
0,64,128,tridiag,1,87.555917,87.517584,87.821500,5
0,64,128,tg_vals,1,23.361500,23.360459,23.380021,7
0,64,128,block_vals,1,11.206958,11.145573,11.225396,14
0,64,128,cpu_vals,1,1.387916,1.368250,2.009250,25
0,64,128,tridiag_vals,1,61.528834,61.512458,61.541041,5
0,4,2048,block,1,2297.447709,2296.708667,2298.331417,3
0,4,2048,cpu,1,400.599625,388.769791,420.248729,3
0,4,2048,tridiag,1,172.897541,171.878708,173.187208,5
0,4,2048,block_vals,1,1519.408625,1518.884604,1521.161355,3
0,4,2048,cpu_vals,1,109.538625,109.484708,110.440166,5
0,4,2048,tridiag_vals,1,133.001459,132.988041,133.026083,5
0,4,2048,band8_vals,1,132.374208,131.605167,133.763958,5
0,4,2048,band_vals,1,105.283250,104.707792,105.360292,5
0,4,2048,band32_vals,1,126.893541,126.816542,127.334083,5
0,2,12,simd,1,0.462875,0.418459,0.566750,25
0,2,12,tg,1,0.301291,0.287834,0.320750,25
0,2,12,ql,1,0.251666,0.227209,0.265250,25
0,2,12,cpu,1,0.015916,0.015542,0.016584,25
0,2,12,simd_vals,1,0.247292,0.240041,0.250250,25
0,2,12,tg_vals,1,0.212500,0.204292,0.213833,25
0,2,12,ql_vals,1,0.252250,0.214750,0.268500,25
0,2,12,cpu_vals,1,0.008334,0.007917,0.009125,25
0,128,512,block,1,1236.305458,1235.867333,1236.820145,3
0,128,512,cpu,1,112.309375,110.398625,112.621042,5
0,128,512,tridiag,1,710.763541,710.540166,710.909458,3
0,128,512,block_vals,1,860.623042,860.569938,861.091250,3
0,128,512,cpu_vals,1,46.082875,45.691667,46.472542,5
0,128,512,tridiag_vals,1,531.032416,530.802042,531.037708,3
0,128,512,band8_vals,1,433.000375,432.761687,433.561000,3
0,128,512,band_vals,1,420.943458,420.785687,421.242042,3
0,128,512,band32_vals,1,612.965000,612.955604,614.668834,3
0,64,192,tg,1,141.985459,141.340208,142.277417,5
0,64,192,block,1,30.839167,30.764542,30.997167,5
0,64,192,cpu,1,6.384396,6.320313,6.472823,24
0,64,192,tridiag,1,128.176167,128.168083,128.200791,5
0,64,192,tg_vals,1,82.160667,82.092333,82.946084,5
0,64,192,block_vals,1,27.147063,27.071667,27.223708,6
0,64,192,cpu_vals,1,3.536417,3.130750,3.575458,25
0,64,192,tridiag_vals,1,94.834709,94.749041,94.869292,5
0,4,1536,block,1,966.123958,965.075958,966.961729,3
0,4,1536,cpu,1,117.630250,117.616125,118.671083,5
0,4,1536,tridiag,1,100.892000,100.723042,101.032709,5
0,4,1536,block_vals,1,593.859833,593.742562,593.994041,3
0,4,1536,cpu_vals,1,55.454250,55.242416,55.484750,5
0,4,1536,tridiag_vals,1,77.330417,77.309959,77.344667,5
0,4,1536,band8_vals,1,76.490917,76.120083,76.563166,5
0,4,1536,band_vals,1,68.274750,67.813042,69.786417,5
0,4,1536,band32_vals,1,82.707750,82.320583,83.315083,5
0,512,8,simd,1,0.504958,0.494500,0.525875,25
0,512,8,tg,1,0.465458,0.250209,0.496500,25
0,512,8,ql,1,0.245292,0.243875,0.248000,25
0,512,8,ql_share,1,0.361709,0.355917,0.368208,25
0,512,8,cpu,1,0.182833,0.180042,0.185000,25
0,512,8,simd_vals,1,0.224084,0.221666,0.229083,25
0,512,8,tg_vals,1,0.222958,0.219792,0.228666,25
0,512,8,ql_vals,1,0.221625,0.213750,0.223667,25
0,512,8,ql_share_vals,1,0.324375,0.319833,0.331666,25
0,512,8,cpu_vals,1,0.136792,0.132375,0.162708,25
0,4,512,tg,1,539.194916,539.149354,539.198417,3
0,4,512,block,1,43.258333,43.246625,43.298417,5
0,4,512,cpu,1,10.883521,10.074385,11.107615,14
0,4,512,tridiag,1,22.952833,22.490604,23.028500,7
0,4,512,tg_vals,1,445.318208,445.256229,445.322854,3
0,4,512,block_vals,1,38.308709,38.220291,38.479542,5
0,4,512,cpu_vals,1,4.774833,4.738666,4.799375,25
0,4,512,tridiag_vals,1,17.363375,17.322083,17.408208,9
0,4,512,band8_vals,1,15.502104,15.437469,15.524885,10
0,4,512,band_vals,1,15.186271,15.158812,15.230604,10
0,4,512,band32_vals,1,21.400709,21.381843,21.432542,8
0,64,32,simd,1,1.777500,1.762292,1.837458,25
0,64,32,tg,1,0.593083,0.587625,0.597000,25
0,64,32,block,1,2.865209,2.830291,2.894625,25
0,64,32,ql,1,0.557958,0.554709,0.563041,25
0,64,32,ql_share,1,0.665875,0.660417,0.679958,25
0,64,32,cpu,1,0.250042,0.245792,0.281500,25
0,64,32,simd_vals,1,1.584209,1.556875,1.598875,25
0,64,32,tg_vals,1,0.546125,0.541333,0.554583,25
0,64,32,block_vals,1,2.799250,2.756333,2.835000,25
0,64,32,ql_vals,1,0.430833,0.415709,0.482917,25
0,64,32,ql_share_vals,1,0.525000,0.516500,0.598041,25
0,64,32,cpu_vals,1,0.148417,0.146000,0.153667,25
0,2,4,simd,1,0.197041,0.164625,0.240458,25
0,2,4,tg,1,0.161750,0.153000,0.210208,25
0,2,4,ql,1,0.167292,0.148125,0.218500,25
0,2,4,cpu,1,0.004667,0.003542,0.005542,25
0,2,4,simd_vals,1,0.158292,0.151875,0.226042,25
0,2,4,tg_vals,1,0.158625,0.152417,0.219375,25
0,2,4,ql_vals,1,0.163667,0.147792,0.209125,25
0,2,4,cpu_vals,1,0.003750,0.002708,0.004417,25
0,4,48,tg,1,0.738458,0.676917,0.758625,25
0,4,48,block,1,3.135083,3.112208,3.164084,25
0,4,48,ql,1,0.888416,0.839625,0.923334,25
0,4,48,cpu,1,0.101708,0.100541,0.103875,25
0,4,48,tg_vals,1,0.652125,0.631292,0.720917,25
0,4,48,block_vals,1,3.110542,3.083750,3.130291,25
0,4,48,ql_vals,1,0.766625,0.714292,0.795959,25
0,4,48,cpu_vals,1,0.056667,0.056083,0.057167,25
0,1,48,tg,1,0.739833,0.677708,1.182375,25
0,1,48,block,1,3.337333,3.259125,3.390541,25
0,1,48,ql,1,0.870833,0.835959,0.910833,25
0,1,48,cpu,1,0.077584,0.077500,0.077958,25
0,1,48,tg_vals,1,0.705959,0.661375,0.725333,25
0,1,48,block_vals,1,3.206958,3.173459,3.299750,25
0,1,48,ql_vals,1,0.741500,0.714750,0.777875,25
0,1,48,cpu_vals,1,0.033834,0.033792,0.033917,25
0,256,256,block,1,317.310792,316.983250,317.343562,3
0,256,256,cpu,1,44.993458,44.318250,45.889250,5
0,256,256,tridiag,1,689.211167,689.010604,689.532896,3
0,256,256,block_vals,1,238.236459,237.977708,238.589708,5
0,256,256,cpu_vals,1,20.421563,20.276625,20.582781,8
0,256,256,tridiag_vals,1,514.832458,514.602000,514.904458,3
0,2048,64,tg,1,75.986250,75.875833,76.187375,5
0,2048,64,block,1,49.845625,49.736958,49.858542,5
0,2048,64,ql,1,23.103708,23.058646,23.186771,7
0,2048,64,ql_share,1,12.558542,12.398500,12.630250,13
0,2048,64,cpu,1,19.079479,18.892990,19.181229,8
0,2048,64,tg_vals,1,65.689583,65.627875,65.692750,5
0,2048,64,block_vals,1,43.348375,43.343917,43.358958,5
0,2048,64,ql_vals,1,16.711250,16.677000,16.736917,9
0,2048,64,ql_share_vals,1,6.078667,6.052916,6.169583,25
0,2048,64,cpu_vals,1,8.072209,7.949188,8.226417,19
0,1,64,tg,1,1.241208,1.230000,1.275083,25
0,1,64,block,1,3.425000,3.368666,3.485375,25
0,1,64,ql,1,1.354708,1.339083,1.369416,25
0,1,64,cpu,1,0.148166,0.147334,0.148750,25
0,1,64,tg_vals,1,1.146875,1.116458,1.151000,25
0,1,64,block_vals,1,3.234542,3.167917,3.308750,25
0,1,64,ql_vals,1,1.124084,1.115542,1.145709,25
0,1,64,cpu_vals,1,0.061167,0.060834,0.061750,25
0,2048,128,block,1,333.497458,333.225583,334.043083,3
0,2048,128,cpu,1,74.164000,73.176958,76.065250,5
0,2048,128,block_vals,1,273.472458,273.261917,273.548500,5
0,2048,128,cpu_vals,1,37.550042,37.171541,38.658500,5
0,4,32,simd,1,1.730792,1.703416,1.774334,25
0,4,32,tg,1,0.377667,0.375250,0.384542,25
0,4,32,block,1,3.412584,3.239333,3.576375,25
0,4,32,ql,1,0.552125,0.536500,0.563000,25
0,4,32,cpu,1,0.054834,0.053500,0.056084,25
0,4,32,simd_vals,1,1.572125,1.547458,1.589000,25
0,4,32,tg_vals,1,0.362292,0.347875,0.372292,25
0,4,32,block_vals,1,3.563792,3.486833,3.652791,25
0,4,32,ql_vals,1,0.434916,0.425666,0.453667,25
0,4,32,cpu_vals,1,0.035750,0.035541,0.036125,25
0,2048,12,simd,1,0.904625,0.809792,0.913167,25
0,2048,12,tg,1,0.873209,0.815250,0.919750,25
0,2048,12,ql,1,0.625250,0.622167,0.628791,25
0,2048,12,ql_share,1,0.674500,0.660792,0.716083,25
0,2048,12,cpu,1,0.785584,0.739375,0.796000,25
0,2048,12,simd_vals,1,0.701125,0.696291,0.787000,25
0,2048,12,tg_vals,1,0.734417,0.705000,0.792291,25
0,2048,12,ql_vals,1,0.442875,0.440375,0.446375,25
0,2048,12,ql_share_vals,1,0.391291,0.380708,0.397500,25
0,2048,12,cpu_vals,1,0.391667,0.350125,0.624167,25
0,1,16,simd,1,0.353834,0.347792,0.363959,25
0,1,16,tg,1,0.240958,0.227042,0.243917,25
0,1,16,ql,1,0.260333,0.250083,0.267667,25
0,1,16,cpu,1,0.009833,0.009708,0.010084,25
0,1,16,simd_vals,1,0.319708,0.308166,0.327542,25
0,1,16,tg_vals,1,0.219917,0.214041,0.235875,25
0,1,16,ql_vals,1,0.226958,0.215334,0.264208,25
0,1,16,cpu_vals,1,0.004750,0.004625,0.005750,25
0,64,4,simd,1,0.165375,0.150125,0.180583,25
0,64,4,tg,1,0.167292,0.151083,0.176125,25
0,64,4,ql,1,0.154709,0.151167,0.169084,25
0,64,4,ql_share,1,0.135416,0.122500,0.137083,25
0,64,4,cpu,1,0.063208,0.062959,0.064208,25
0,64,4,simd_vals,1,0.151834,0.146625,0.161084,25
0,64,4,tg_vals,1,0.153500,0.148792,0.169083,25
0,64,4,ql_vals,1,0.146292,0.143708,0.160542,25
0,64,4,ql_share_vals,1,0.148167,0.117667,0.187417,25
0,64,4,cpu_vals,1,0.038500,0.038208,0.041500,25
0,512,128,tg,1,170.682667,170.625041,170.807125,5
0,512,128,block,1,84.695083,84.508583,84.717334,5
0,512,128,cpu,1,21.120500,19.986667,25.003729,7
0,512,128,tridiag,1,701.821459,701.415792,702.160792,3
0,512,128,tg_vals,1,150.052417,149.876000,150.163291,5
0,512,128,block_vals,1,66.776750,66.752042,66.838542,5
0,512,128,cpu_vals,1,9.844145,9.822708,9.951573,16
0,512,128,tridiag_vals,1,491.864541,491.688458,492.086624,3
0,128,12,simd,1,0.745250,0.719875,0.824500,25
0,128,12,tg,1,0.233417,0.230458,0.235708,25
0,128,12,ql,1,0.240750,0.238833,0.245166,25
0,128,12,ql_share,1,0.334792,0.332666,0.338959,25
0,128,12,cpu,1,0.137709,0.133125,0.146459,25
0,128,12,simd_vals,1,0.248708,0.242959,0.261083,25
0,128,12,tg_vals,1,0.203042,0.195541,0.216791,25
0,128,12,ql_vals,1,0.188291,0.182834,0.205750,25
0,128,12,ql_share_vals,1,0.307708,0.305709,0.312000,25
0,128,12,cpu_vals,1,0.094042,0.089875,0.103708,25
0,8,4,simd,1,0.239083,0.218208,0.259125,25
0,8,4,tg,1,0.221875,0.204125,0.229334,25
0,8,4,ql,1,0.155000,0.147791,0.173791,25
0,8,4,cpu,1,0.020792,0.017625,0.024542,25
0,8,4,simd_vals,1,0.164167,0.155958,0.172708,25
0,8,4,tg_vals,1,0.153792,0.148875,0.158125,25
0,8,4,ql_vals,1,0.147125,0.143750,0.158708,25
0,8,4,cpu_vals,1,0.005625,0.005583,0.005750,25
0,32,4,simd,1,0.235208,0.211000,0.253125,25
0,32,4,tg,1,0.234208,0.220125,0.252583,25
0,32,4,ql,1,0.240708,0.233875,0.253541,25
0,32,4,cpu,1,0.030750,0.030292,0.033084,25
0,32,4,simd_vals,1,0.228625,0.167625,0.250625,25
0,32,4,tg_vals,1,0.157667,0.152750,0.168292,25
0,32,4,ql_vals,1,0.151792,0.145708,0.160041,25
0,32,4,cpu_vals,1,0.018209,0.018042,0.018709,25
0,32,64,tg,1,1.842209,1.837875,1.894292,25
0,32,64,block,1,3.431875,3.394083,3.495542,25
0,32,64,ql,1,1.416167,1.410125,1.470292,25
0,32,64,cpu,1,0.461667,0.453958,0.490541,25
0,32,64,tg_vals,1,1.631375,1.612417,1.649958,25
0,32,64,block_vals,1,3.348209,3.310000,3.377583,25
0,32,64,ql_vals,1,1.138167,1.110500,1.181125,25
0,32,64,cpu_vals,1,0.228791,0.215292,0.633666,25
0,1024,96,tg,1,144.217083,144.037584,144.232958,5
0,1024,96,block,1,76.108208,76.035834,76.179209,5
0,1024,96,cpu,1,22.166375,22.132458,22.188730,7
0,1024,96,tg_vals,1,131.639417,131.634375,131.683583,5
0,1024,96,block_vals,1,63.725250,63.695250,63.908875,5
0,1024,96,cpu_vals,1,11.539959,11.406896,11.626229,14
0,2,48,tg,1,0.761625,0.723708,0.781209,25
0,2,48,block,1,3.362833,3.206125,3.422917,25
0,2,48,ql,1,0.888375,0.848500,0.924125,25
0,2,48,cpu,1,0.099333,0.098083,0.101875,25
0,2,48,tg_vals,1,0.685625,0.637708,0.718459,25
0,2,48,block_vals,1,3.172000,3.136500,3.229542,25
0,2,48,ql_vals,1,0.764292,0.723458,0.801625,25
0,2,48,cpu_vals,1,0.054458,0.053917,0.055208,25
0,4096,64,tg,1,152.724917,152.564584,152.893625,5
0,4096,64,block,1,95.831583,95.715875,95.954709,5
0,4096,64,ql,1,44.825958,44.703833,44.833750,5
0,4096,64,ql_share,1,23.486125,23.413500,23.626208,7
0,4096,64,cpu,1,36.767459,36.735375,36.779500,5
0,4096,64,tg_vals,1,131.538625,131.432000,131.632625,5
0,4096,64,block_vals,1,83.637625,83.533334,83.764334,5
0,4096,64,ql_vals,1,32.269292,32.269000,32.335292,5
0,4096,64,ql_share_vals,1,11.227958,11.206313,11.278719,14
0,4096,64,cpu_vals,1,15.599228,15.556249,15.717010,10
0,32,12,simd,1,0.806458,0.746541,0.821833,25
0,32,12,tg,1,0.225791,0.221875,0.232333,25
0,32,12,ql,1,0.237000,0.235583,0.239042,25
0,32,12,cpu,1,0.082000,0.071417,0.117084,25
0,32,12,simd_vals,1,0.249791,0.246042,0.257042,25
0,32,12,tg_vals,1,0.213250,0.193334,0.215875,25
0,32,12,ql_vals,1,0.193625,0.183417,0.205291,25
0,32,12,cpu_vals,1,0.077833,0.065083,0.082417,25
0,4,1024,block,1,236.449083,236.392416,236.486041,5
0,4,1024,cpu,1,48.724833,48.267000,49.949083,5
0,4,1024,tridiag,1,52.956708,52.622542,53.750250,5
0,4,1024,block_vals,1,168.427375,168.419875,168.469750,5
0,4,1024,cpu_vals,1,22.761709,22.317437,22.937626,7
0,4,1024,tridiag_vals,1,41.051791,41.021208,41.098042,5
0,4,1024,band8_vals,1,39.999791,39.671083,40.029916,5
0,4,1024,band_vals,1,36.465958,35.924042,36.974709,5
0,4,1024,band32_vals,1,50.316000,50.140208,50.685333,5
0,2,96,tg,1,3.618125,3.614375,3.623458,25
0,2,96,block,1,4.813834,4.717250,4.928416,25
0,2,96,cpu,1,0.309959,0.307875,0.312750,25
0,2,96,tg_vals,1,3.297417,3.284875,3.303166,25
0,2,96,block_vals,1,4.812500,4.705042,4.950500,25
0,2,96,cpu_vals,1,0.162875,0.162292,0.163709,25
0,64,64,tg,1,3.285458,3.278792,3.292084,25
0,64,64,block,1,3.906375,3.824792,3.955958,25
0,64,64,ql,1,1.465625,1.411625,1.469500,25
0,64,64,ql_share,1,1.601125,1.568834,1.625250,25
0,64,64,cpu,1,0.722917,0.717708,0.730166,25
0,64,64,tg_vals,1,2.930625,2.926833,2.937125,25
0,64,64,block_vals,1,3.645292,3.635625,3.690833,25
0,64,64,ql_vals,1,1.143750,1.115250,1.157125,25
0,64,64,ql_share_vals,1,1.257958,1.238083,1.279167,25
0,64,64,cpu_vals,1,0.347375,0.336667,0.606875,25
0,2048,8,simd,1,0.388750,0.377792,1.118083,25
0,2048,8,tg,1,0.381750,0.379750,0.386500,25
0,2048,8,ql,1,0.391958,0.388834,0.394500,25
0,2048,8,ql_share,1,0.567708,0.535833,0.591500,25
0,2048,8,cpu,1,0.440125,0.437958,0.449875,25
0,2048,8,simd_vals,1,0.334750,0.330042,0.338125,25
0,2048,8,tg_vals,1,0.340834,0.337167,0.343416,25
0,2048,8,ql_vals,1,0.304875,0.301000,0.308791,25
0,2048,8,ql_share_vals,1,0.321458,0.313708,0.341625,25
0,2048,8,cpu_vals,1,0.265833,0.244083,0.657084,25
0,256,128,tg,1,90.692500,90.065291,92.554542,5
0,256,128,block,1,39.971458,39.884208,39.975792,5
0,256,128,cpu,1,10.056541,9.993646,10.111125,15
0,256,128,tridiag,1,347.686667,347.617000,348.015896,3
0,256,128,tg_vals,1,75.940000,75.927000,76.351167,5
0,256,128,block_vals,1,32.590459,32.555042,32.685042,5
0,256,128,cpu_vals,1,5.111416,5.006167,5.397958,25
0,256,128,tridiag_vals,1,245.224000,245.099166,245.299375,5
0,256,2,simd,1,0.143875,0.140458,0.166333,25
0,256,2,tg,1,0.166000,0.162542,0.168625,25
0,256,2,ql,1,0.163167,0.144334,0.169041,25
0,256,2,ql_share,1,0.263750,0.257041,0.268625,25
0,256,2,cpu,1,0.092000,0.082250,0.095500,25
0,256,2,simd_vals,1,0.145625,0.138000,0.158709,25
0,256,2,tg_vals,1,0.146958,0.138791,0.155542,25
0,256,2,ql_vals,1,0.138750,0.136708,0.147709,25
0,256,2,ql_share_vals,1,0.248000,0.242041,0.253000,25
0,256,2,cpu_vals,1,0.048250,0.046166,0.049542,25
0,512,192,block,1,273.736834,273.081833,273.757833,5
0,512,192,cpu,1,46.148500,46.147459,46.481834,5
0,512,192,block_vals,1,214.578875,214.578708,214.621417,5
0,512,192,cpu_vals,1,22.252000,22.225167,22.787375,7
0,128,32,simd,1,1.821750,1.813416,1.828042,25
0,128,32,tg,1,1.010541,0.991917,1.052959,25
0,128,32,block,1,3.079209,3.042875,3.105709,25
0,128,32,ql,1,0.586416,0.584875,0.590250,25
0,128,32,ql_share,1,0.687292,0.685000,0.698500,25
0,128,32,cpu,1,0.407042,0.393166,0.513791,25
0,128,32,simd_vals,1,1.616375,1.588208,1.630500,25
0,128,32,tg_vals,1,0.934959,0.886541,0.946375,25
0,128,32,block_vals,1,2.988084,2.959542,3.048458,25
0,128,32,ql_vals,1,0.440125,0.435541,0.446917,25
0,128,32,ql_share_vals,1,0.537333,0.529416,0.546875,25
0,128,32,cpu_vals,1,0.214958,0.193250,0.238458,25
0,1024,32,simd,1,6.724875,6.659083,6.903937,23
0,1024,32,tg,1,4.511625,4.500125,4.535750,25
0,1024,32,block,1,6.472499,6.420875,6.534792,24
0,1024,32,ql,1,1.678291,1.673291,1.717625,25
0,1024,32,ql_share,1,1.498292,1.481833,1.512833,25
0,1024,32,cpu,1,2.392750,2.350000,2.422125,25
0,1024,32,simd_vals,1,4.493041,4.482084,4.505125,25
0,1024,32,tg_vals,1,3.923250,3.914042,3.942667,25
0,1024,32,block_vals,1,6.060083,6.012875,6.120000,25
0,1024,32,ql_vals,1,1.063167,1.054875,1.105292,25
0,1024,32,ql_share_vals,1,0.991250,0.965000,1.013250,25
0,1024,32,cpu_vals,1,0.973291,0.925750,1.515792,25
1,64,128,tg,1,30.478417,29.625791,30.673916,5
1,64,128,block,1,12.324833,12.300125,12.399583,13
1,64,128,cpu,1,2.760417,2.748500,2.782375,25
1,64,128,tridiag,1,87.580333,87.543917,87.586000,5
1,64,128,tg_vals,1,23.359583,23.339458,23.380667,7
1,64,128,block_vals,1,11.272021,11.201396,11.317979,14
1,64,128,cpu_vals,1,1.364417,1.353334,1.959333,25
1,64,128,tridiag_vals,1,61.262792,61.246041,61.297542,5
1,32,128,tg,1,15.778875,14.825438,15.868678,10
1,32,128,block,1,8.054667,7.957458,8.196126,19
1,32,128,cpu,1,1.451500,1.429541,1.461875,25
1,32,128,tridiag,1,43.606875,43.603083,43.638500,5
1,32,128,tg_vals,1,12.107584,12.105250,12.118708,13
1,32,128,block_vals,1,7.492417,7.396875,7.590333,21
1,32,128,cpu_vals,1,0.736500,0.728708,0.747084,25
1,32,128,tridiag_vals,1,30.677500,30.676750,30.685625,5
1,1024,96,tg,1,144.289916,144.141500,144.509667,5
1,1024,96,block,1,75.946833,75.915833,76.403584,5
1,1024,96,cpu,1,22.135875,21.961272,22.186646,7
1,1024,96,tg_vals,1,131.746834,131.457292,131.993792,5
1,1024,96,block_vals,1,63.752167,63.743792,63.765000,5
1,1024,96,cpu_vals,1,11.520542,11.378917,11.584865,14
1,1024,2,simd,1,0.240333,0.204833,0.249875,25
1,1024,2,tg,1,0.258208,0.248709,0.264459,25
1,1024,2,ql,1,0.187041,0.177417,0.189417,25
1,1024,2,ql_share,1,0.303875,0.293875,0.318458,25
1,1024,2,cpu,1,0.137333,0.106959,0.277625,25
1,1024,2,simd_vals,1,0.167709,0.157250,0.171750,25
1,1024,2,tg_vals,1,0.150292,0.144041,0.164500,25
1,1024,2,ql_vals,1,0.142709,0.139333,0.152875,25
1,1024,2,ql_share_vals,1,0.289000,0.282208,0.294334,25
1,1024,2,cpu_vals,1,0.157042,0.093667,0.161209,25
1,1024,8,simd,1,0.679500,0.668250,0.788208,25
1,1024,8,tg,1,0.285584,0.283625,0.291083,25
1,1024,8,ql,1,0.287250,0.284375,0.289584,25
1,1024,8,ql_share,1,0.371000,0.360917,0.376083,25
1,1024,8,cpu,1,0.280416,0.276333,0.283291,25
1,1024,8,simd_vals,1,0.258333,0.254750,0.264167,25
1,1024,8,tg_vals,1,0.256292,0.251792,0.261333,25
1,1024,8,ql_vals,1,0.224917,0.218917,0.234000,25
1,1024,8,ql_share_vals,1,0.326375,0.318875,0.332834,25
1,1024,8,cpu_vals,1,0.186708,0.166791,0.205333,25
1,4,2,simd,1,0.188459,0.174292,0.205459,25
1,4,2,tg,1,0.192958,0.183459,0.208750,25
1,4,2,ql,1,0.144125,0.139833,0.160500,25
1,4,2,cpu,1,0.005791,0.004875,0.007292,25
1,4,2,simd_vals,1,0.163167,0.143500,0.209500,25
1,4,2,tg_vals,1,0.152000,0.145750,0.174041,25
1,4,2,ql_vals,1,0.154042,0.139667,0.175583,25
1,4,2,cpu_vals,1,0.005083,0.003458,0.009000,25
1,4,256,tg,1,55.008250,54.992834,55.009583,5
1,4,256,block,1,12.831291,12.727333,12.919958,12
1,4,256,cpu,1,2.348292,2.334833,2.359250,25
1,4,256,tridiag,1,10.730605,10.720177,10.737698,14
1,4,256,tg_vals,1,53.996792,53.991542,54.003041,5
1,4,256,block_vals,1,12.221333,12.101792,12.278458,13
1,4,256,cpu_vals,1,1.136708,1.131041,1.139583,25
1,4,256,tridiag_vals,1,8.414625,8.409917,8.423188,18
1,8,256,tg,1,62.350417,62.350292,62.396917,5
1,8,256,block,1,14.738208,14.669000,14.831396,11
1,8,256,cpu,1,2.678209,2.660458,2.687291,25
1,8,256,tridiag,1,21.499167,21.480355,21.503437,7
1,8,256,tg_vals,1,60.695084,60.692417,60.729416,5
1,8,256,block_vals,1,13.422771,13.352896,13.455709,12
1,8,256,cpu_vals,1,1.328500,1.319208,1.335625,25
1,8,256,tridiag_vals,1,16.413021,16.407750,16.435218,10
1,16,96,tg,1,3.671292,3.667333,3.677500,25
1,16,96,block,1,5.043875,4.940125,5.135584,25
1,16,96,cpu,1,0.507542,0.501208,0.511084,25
1,16,96,tg_vals,1,3.336125,3.332459,3.341667,25
1,16,96,block_vals,1,4.902666,4.720875,5.022167,25
1,16,96,cpu_vals,1,0.312417,0.281875,0.350458,25
1,2048,48,tg,1,29.656376,29.581552,29.659073,6
1,2048,48,block,1,43.730667,43.728667,43.802416,5
1,2048,48,ql,1,8.844459,8.827334,8.879042,17
1,2048,48,ql_share,1,6.043709,5.986583,6.075709,25
1,2048,48,cpu,1,11.550562,11.283615,11.609323,14
1,2048,48,tg_vals,1,25.659937,25.636917,25.691302,6
1,2048,48,block_vals,1,38.829833,38.820417,38.922000,5
1,2048,48,ql_vals,1,6.164416,6.156500,6.176666,25
1,2048,48,ql_share_vals,1,3.401666,3.383875,3.454667,25
1,2048,48,cpu_vals,1,4.941500,4.800084,5.253625,25
1,32,192,tg,1,63.228708,63.193833,63.448916,5
1,32,192,block,1,18.189292,18.133542,18.298459,9
1,32,192,cpu,1,3.994417,3.376750,4.028417,25
1,32,192,tridiag,1,65.229959,65.179584,65.508625,5
1,32,192,tg_vals,1,42.497875,42.474708,42.513500,5
1,32,192,block_vals,1,16.358708,16.304625,16.396323,10
1,32,192,cpu_vals,1,2.170292,1.591166,2.238583,25
1,32,192,tridiag_vals,1,47.611417,47.606750,47.627916,5
1,1024,16,simd,1,0.939917,0.881916,1.439875,25
1,1024,16,tg,1,0.905500,0.800042,0.909125,25
1,1024,16,ql,1,0.572875,0.569833,0.575875,25
1,1024,16,ql_share,1,0.735458,0.709167,0.759875,25
1,1024,16,cpu,1,0.708750,0.674709,0.759166,25
1,1024,16,simd_vals,1,0.825750,0.815708,1.213834,25
1,1024,16,tg_vals,1,0.764000,0.692250,0.787458,25
1,1024,16,ql_vals,1,0.414000,0.407833,0.500000,25
1,1024,16,ql_share_vals,1,0.363750,0.360791,0.371917,25
1,1024,16,cpu_vals,1,0.327792,0.301625,0.611708,25
1,32,2,simd,1,0.190375,0.181125,0.195875,25
1,32,2,tg,1,0.191292,0.183625,0.197834,25
1,32,2,ql,1,0.185542,0.177667,0.189459,25
1,32,2,cpu,1,0.015792,0.015583,0.016500,25
1,32,2,simd_vals,1,0.180042,0.171375,0.190625,25
1,32,2,tg_vals,1,0.170041,0.163875,0.189000,25
1,32,2,ql_vals,1,0.146625,0.140250,0.157834,25
1,32,2,cpu_vals,1,0.009750,0.009708,0.009958,25
1,4096,12,simd,1,1.408250,1.401625,1.423917,25
1,4096,12,tg,1,1.437709,1.411708,1.471583,25
1,4096,12,ql,1,1.026250,1.020833,1.035167,25
1,4096,12,ql_share,1,1.067084,0.997708,1.176375,25
1,4096,12,cpu,1,1.504000,1.389375,1.522167,25
1,4096,12,simd_vals,1,1.252375,1.217208,1.290083,25
1,4096,12,tg_vals,1,1.188542,1.181958,1.240083,25
1,4096,12,ql_vals,1,0.732250,0.686208,0.790125,25
1,4096,12,ql_share_vals,1,0.634667,0.616042,0.649791,25
1,4096,12,cpu_vals,1,0.718667,0.635917,0.744208,25
1,16,12,simd,1,0.740792,0.722917,0.796541,25
1,16,12,tg,1,0.219292,0.215917,0.252542,25
1,16,12,ql,1,0.222750,0.210375,0.228333,25
1,16,12,cpu,1,0.079583,0.043000,0.081667,25
1,16,12,simd_vals,1,0.254166,0.241958,0.271792,25
1,16,12,tg_vals,1,0.204750,0.190041,0.211167,25
1,16,12,ql_vals,1,0.193875,0.186458,0.200917,25
1,16,12,cpu_vals,1,0.037375,0.032542,0.038541,25
1,1024,128,block,1,169.979917,169.772292,170.006917,5
1,1024,128,cpu,1,38.898666,38.726125,40.535167,5
1,1024,128,block_vals,1,139.213333,139.082500,139.382750,5
1,1024,128,cpu_vals,1,19.608750,19.432698,19.633948,8
1,2048,24,simd,1,3.990125,3.974375,3.996459,25
1,2048,24,tg,1,3.858959,3.853250,3.878834,25
1,2048,24,ql,1,1.769500,1.762750,1.790250,25
1,2048,24,ql_share,1,1.580333,1.546792,1.838958,25
1,2048,24,cpu,1,3.291208,2.935625,3.400000,25
1,2048,24,simd_vals,1,3.336708,3.325916,3.345750,25
1,2048,24,tg_vals,1,3.314125,3.310458,3.320834,25
1,2048,24,ql_vals,1,1.071167,1.068708,1.074000,25
1,2048,24,ql_share_vals,1,0.891083,0.884375,0.901041,25
1,2048,24,cpu_vals,1,1.127625,1.085125,1.676000,25
1,16,64,tg,1,1.269291,1.255458,1.338208,25
1,16,64,block,1,3.235417,3.189583,3.260750,25
1,16,64,ql,1,1.392666,1.345708,1.403584,25
1,16,64,cpu,1,0.286042,0.281791,0.290042,25
1,16,64,tg_vals,1,1.151500,1.104583,1.170458,25
1,16,64,block_vals,1,3.174459,3.143459,3.210291,25
1,16,64,ql_vals,1,1.124750,1.092792,1.147959,25
1,16,64,cpu_vals,1,0.179417,0.176000,0.184625,25
1,4096,8,simd,1,0.553333,0.548167,0.557250,25
1,4096,8,tg,1,0.563375,0.560458,0.567083,25
1,4096,8,ql,1,0.585959,0.584333,0.589708,25
1,4096,8,ql_share,1,0.621833,0.614458,0.653375,25
1,4096,8,cpu,1,0.751708,0.703583,0.756875,25
1,4096,8,simd_vals,1,0.552416,0.482959,0.883250,25
1,4096,8,tg_vals,1,0.494416,0.490167,0.497334,25
1,4096,8,ql_vals,1,0.425500,0.422458,0.431958,25
1,4096,8,ql_share_vals,1,0.511542,0.488083,0.535583,25
1,4096,8,cpu_vals,1,0.439458,0.412208,0.624542,25
1,4,768,block,1,103.988500,103.948875,104.070833,5
1,4,768,cpu,1,21.809250,21.350645,21.936500,7
1,4,768,tridiag,1,37.223167,36.843459,37.393500,5
1,4,768,block_vals,1,84.123708,84.044250,84.137292,5
1,4,768,cpu_vals,1,11.148958,11.109219,11.179239,14
1,4,768,tridiag_vals,1,27.941479,27.925105,27.980854,6
1,4,768,band8_vals,1,26.867292,26.820448,26.926823,6
1,4,768,band_vals,1,25.304021,25.264750,25.339855,6
1,4,768,band32_vals,1,35.646084,35.594625,35.750292,5
1,16,24,simd,1,0.806667,0.742333,0.827792,25
1,16,24,tg,1,0.296542,0.290458,0.299917,25
1,16,24,ql,1,0.394333,0.385666,0.406917,25
1,16,24,cpu,1,0.121084,0.106375,0.283875,25
1,16,24,simd_vals,1,0.701500,0.685208,0.766000,25
1,16,24,tg_vals,1,0.289584,0.285041,0.292584,25
1,16,24,ql_vals,1,0.331625,0.325958,0.341708,25
1,16,24,cpu_vals,1,0.111042,0.080000,0.113250,25
1,4,96,tg,1,3.631333,3.626084,3.638875,25
1,4,96,block,1,4.803667,4.659750,4.984584,25
1,4,96,cpu,1,0.330041,0.325292,0.333667,25
1,4,96,tg_vals,1,3.302208,3.298125,3.305917,25
1,4,96,block_vals,1,4.673125,4.599208,4.752416,25
1,4,96,cpu_vals,1,0.180292,0.179000,0.184792,25
1,2048,64,tg,1,75.833042,75.766875,75.833208,5
1,2048,64,block,1,49.780500,49.643291,49.788875,5
1,2048,64,ql,1,22.968000,22.942292,23.026562,7
1,2048,64,ql_share,1,12.291396,12.145021,12.366917,12
1,2048,64,cpu,1,19.032812,18.876084,19.107511,8
1,2048,64,tg_vals,1,65.864792,65.838792,65.892625,5
1,2048,64,block_vals,1,43.277333,43.266834,43.414541,5
1,2048,64,ql_vals,1,16.697042,16.689333,16.716292,9
1,2048,64,ql_share_vals,1,6.019458,6.011000,6.035042,25
1,2048,64,cpu_vals,1,7.882501,7.669500,7.953199,20
1,512,4,simd,1,0.315333,0.302292,0.321333,25
1,512,4,tg,1,0.325375,0.320834,0.336333,25
1,512,4,ql,1,0.279125,0.239583,0.291625,25
1,512,4,ql_share,1,0.308875,0.303417,0.319167,25
1,512,4,cpu,1,0.137500,0.120000,0.233209,25
1,512,4,simd_vals,1,0.158583,0.152833,0.174250,25
1,512,4,tg_vals,1,0.155458,0.152959,0.173625,25
1,512,4,ql_vals,1,0.176500,0.154000,0.181708,25
1,512,4,ql_share_vals,1,0.294083,0.284709,0.302958,25
1,512,4,cpu_vals,1,0.085500,0.076459,0.239042,25
1,64,96,tg,1,10.615792,10.592167,10.733791,15
1,64,96,block,1,7.624542,7.549657,7.703427,20
1,64,96,cpu,1,1.578625,1.567583,1.590875,25
1,64,96,tg_vals,1,10.248250,10.236230,10.286938,15
1,64,96,block_vals,1,7.173000,7.120416,7.278125,21
1,64,96,cpu_vals,1,0.858625,0.852000,0.875875,25
1,64,384,block,1,250.482833,250.198333,250.979250,5
1,64,384,cpu,1,27.237188,27.179864,27.404885,6
1,64,384,tridiag,1,260.292833,260.162125,260.382333,5
1,64,384,block_vals,1,169.091042,168.892000,169.322750,5
1,64,384,cpu_vals,1,13.064999,12.979146,13.136125,12
1,64,384,tridiag_vals,1,198.396125,198.370709,198.458500,5
1,2,2048,block,1,1155.630125,1155.563333,1155.902104,3
1,2,2048,cpu,1,292.468916,288.686396,302.512083,3
1,2,2048,tridiag,1,87.511750,87.432167,87.801833,5
1,2,2048,block_vals,1,686.102083,685.972208,686.332562,3
1,2,2048,cpu_vals,1,106.871667,106.507708,108.431167,5
1,2,2048,tridiag_vals,1,67.717958,67.711666,67.743917,5
1,2,2048,band8_vals,1,72.855333,72.368584,73.097417,5
1,2,2048,band_vals,1,58.042708,56.997167,58.113375,5
1,2,2048,band32_vals,1,71.572208,71.138500,72.597084,5
1,1,64,tg,1,1.235459,1.191250,1.254084,25
1,1,64,block,1,3.382542,3.343500,3.455542,25
1,1,64,ql,1,1.354750,1.319625,1.379917,25
1,1,64,cpu,1,0.142792,0.142250,0.143500,25
1,1,64,tg_vals,1,1.110541,1.093875,1.158834,25
1,1,64,block_vals,1,3.301333,3.194000,3.380417,25
1,1,64,ql_vals,1,1.123167,1.084000,1.172833,25
1,1,64,cpu_vals,1,0.059667,0.059500,0.061542,25
1,2,512,tg,1,478.221542,478.198459,478.240646,3
1,2,512,block,1,35.858625,35.781542,35.907500,5
1,2,512,cpu,1,9.136250,9.110084,9.178459,17
1,2,512,tridiag,1,11.407875,11.216625,11.573854,14
1,2,512,tg_vals,1,443.400958,443.386229,443.407563,3
1,2,512,block_vals,1,32.784292,32.771208,32.845667,5
1,2,512,cpu_vals,1,4.378208,4.362917,4.394833,25
1,2,512,tridiag_vals,1,9.082584,9.013958,9.111500,17
1,2,512,band8_vals,1,8.790729,8.758042,8.861688,18
1,2,512,band_vals,1,8.850750,8.808042,9.472291,17
1,2,512,band32_vals,1,11.819208,11.766125,11.845958,13
1,8,384,tg,1,235.075833,235.052167,235.112042,5
1,8,384,block,1,31.548750,31.547958,31.771208,5
1,8,384,cpu,1,6.077478,6.048656,6.453271,24
1,8,384,tridiag,1,32.554708,32.550875,32.660458,5
1,8,384,tg_vals,1,189.774333,189.685875,189.775292,5
1,8,384,block_vals,1,27.637312,27.561385,27.670021,6
1,8,384,cpu_vals,1,3.074875,3.038333,3.643583,25
1,8,384,tridiag_vals,1,25.511604,25.501427,25.513500,6
1,128,16,simd,1,0.365041,0.359667,0.374500,25
1,128,16,tg,1,0.278750,0.274459,0.281583,25
1,128,16,ql,1,0.286542,0.283167,0.288667,25
1,128,16,ql_share,1,0.373292,0.368459,0.379209,25
1,128,16,cpu,1,0.170625,0.166459,0.182417,25
1,128,16,simd_vals,1,0.315375,0.308250,0.326875,25
1,128,16,tg_vals,1,0.263333,0.253833,0.267459,25
1,128,16,ql_vals,1,0.244042,0.240458,0.247875,25
1,128,16,ql_share_vals,1,0.332834,0.329333,0.338250,25
1,128,16,cpu_vals,1,0.138625,0.118500,0.231583,25
1,1024,32,simd,1,6.813125,6.718583,6.842499,23
1,1024,32,tg,1,4.509542,4.489042,4.527000,25
1,1024,32,block,1,6.427666,6.310156,6.487490,24
1,1024,32,ql,1,1.677709,1.673792,1.683916,25
1,1024,32,ql_share,1,1.497333,1.485959,1.520875,25
1,1024,32,cpu,1,2.429375,2.384500,2.509833,25
1,1024,32,simd_vals,1,4.596375,4.575500,4.602084,25
1,1024,32,tg_vals,1,3.912792,3.906667,3.923583,25
1,1024,32,block_vals,1,6.087417,5.990750,6.135791,25
1,1024,32,ql_vals,1,1.062083,1.055333,1.105625,25
1,1024,32,ql_share_vals,1,0.993459,0.970666,1.029750,25
1,1024,32,cpu_vals,1,0.934500,0.850500,1.473459,25
1,256,256,block,1,318.385125,318.096521,318.402271,3
1,256,256,cpu,1,44.773459,44.625375,44.862500,5
1,256,256,tridiag,1,688.461834,688.348750,688.730771,3
1,256,256,block_vals,1,237.739584,237.735333,237.957750,5
1,256,256,cpu_vals,1,20.415416,20.328906,20.590906,8
1,256,256,tridiag_vals,1,514.907959,514.889125,515.449500,3
1,1024,192,block,1,540.290375,539.905458,540.607395,3
1,1024,192,cpu,1,86.714209,84.335833,87.062834,5
1,1024,192,block_vals,1,424.174959,424.149563,424.240458,3
1,1024,192,cpu_vals,1,43.093125,42.998708,43.757666,5
1,16,2,simd,1,0.187334,0.179667,0.209500,25
1,16,2,tg,1,0.199000,0.188083,0.217833,25
1,16,2,ql,1,0.162708,0.149041,0.180666,25
1,16,2,cpu,1,0.009833,0.009500,0.010208,25
1,16,2,simd_vals,1,0.159958,0.148917,0.169666,25
1,16,2,tg_vals,1,0.156125,0.153333,0.173333,25
1,16,2,ql_vals,1,0.150333,0.146166,0.173167,25
1,16,2,cpu_vals,1,0.005542,0.005458,0.005625,25
1,4,2048,block,1,2299.883333,2299.009146,2301.323646,3
1,4,2048,cpu,1,423.906333,402.223812,445.736312,3
1,4,2048,tridiag,1,172.529792,172.251542,172.634125,5
1,4,2048,block_vals,1,1521.073417,1520.872104,1523.035417,3
1,4,2048,cpu_vals,1,111.341500,109.689042,111.668750,5
1,4,2048,tridiag_vals,1,133.161833,133.034459,133.544166,5
1,4,2048,band8_vals,1,131.293000,130.837291,131.405417,5
1,4,2048,band_vals,1,101.037584,99.996125,101.461875,5
1,4,2048,band32_vals,1,126.640042,126.238625,127.053417,5
1,2,16,simd,1,1.044125,0.367375,1.138834,25
1,2,16,tg,1,0.245166,0.241083,0.247125,25
1,2,16,ql,1,0.272250,0.266625,0.279416,25
1,2,16,cpu,1,0.020250,0.020000,0.022166,25
1,2,16,simd_vals,1,0.330416,0.321125,0.333750,25
1,2,16,tg_vals,1,0.237084,0.229625,0.238709,25
1,2,16,ql_vals,1,0.247333,0.237958,0.264917,25
1,2,16,cpu_vals,1,0.009375,0.009250,0.009542,25
1,8,32,simd,1,1.718292,1.692333,1.725500,25
1,8,32,tg,1,0.374250,0.359791,0.376250,25
1,8,32,block,1,2.758709,2.737125,2.796792,25
1,8,32,ql,1,0.528417,0.521792,0.541167,25
1,8,32,cpu,1,0.097917,0.084458,0.111750,25
1,8,32,simd_vals,1,1.568042,1.540292,1.576250,25
1,8,32,tg_vals,1,0.356416,0.343750,0.363542,25
1,8,32,block_vals,1,2.967541,2.925209,3.043584,25
1,8,32,ql_vals,1,0.436042,0.404417,0.479000,25
1,8,32,cpu_vals,1,0.047958,0.045750,0.052791,25
1,2,384,tg,1,201.980583,201.959667,202.001292,5
1,2,384,block,1,21.356041,21.288532,21.369614,8
1,2,384,cpu,1,4.350375,4.342750,4.368459,25
1,2,384,tridiag,1,8.254583,8.218166,8.303042,19
1,2,384,tg_vals,1,190.203667,190.195542,190.206958,5
1,2,384,block_vals,1,20.354396,20.229656,20.404177,8
1,2,384,cpu_vals,1,2.430125,2.423750,2.439833,25
1,2,384,tridiag_vals,1,7.080187,7.071802,7.090500,22
1,1,96,tg,1,3.614500,3.612875,3.621708,25
1,1,96,block,1,4.936292,4.800625,5.052041,25
1,1,96,cpu,1,0.287500,0.286417,0.290375,25
1,1,96,tg_vals,1,3.292875,3.290375,3.296125,25
1,1,96,block_vals,1,4.788417,4.725625,4.913583,25
1,1,96,cpu_vals,1,0.149458,0.149042,0.149958,25
1,128,12,simd,1,0.771375,0.708458,0.819500,25
1,128,12,tg,1,0.232041,0.230875,0.234917,25
1,128,12,ql,1,0.238708,0.236625,0.241458,25
1,128,12,ql_share,1,0.335750,0.333833,0.346500,25
1,128,12,cpu,1,0.135625,0.132958,0.140458,25
1,128,12,simd_vals,1,0.254458,0.245666,0.261333,25
1,128,12,tg_vals,1,0.198250,0.194750,0.210500,25
1,128,12,ql_vals,1,0.183417,0.180250,0.185708,25
1,128,12,ql_share_vals,1,0.304500,0.302250,0.308125,25
1,128,12,cpu_vals,1,0.093375,0.086208,0.112416,25
1,8,1024,block,1,551.090959,550.791126,551.138146,3
1,8,1024,cpu,1,69.501042,64.381792,70.262875,5
1,8,1024,tridiag,1,105.740375,105.730625,106.501875,5
1,8,1024,block_vals,1,328.813541,328.759500,328.838875,3
1,8,1024,cpu_vals,1,27.394749,26.396021,28.408635,6
1,8,1024,tridiag_vals,1,80.849959,80.849750,80.889125,5
1,8,1024,band8_vals,1,72.996000,72.907292,73.148625,5
1,8,1024,band_vals,1,68.357583,68.022709,68.656709,5
1,8,1024,band32_vals,1,95.792125,95.731583,95.840542,5
1,1024,24,simd,1,2.375625,2.368625,2.383542,25
1,1024,24,tg,1,2.185833,2.179208,2.198084,25
1,1024,24,ql,1,1.106542,1.013500,1.112625,25
1,1024,24,ql_share,1,1.011792,0.999208,1.020500,25
1,1024,24,cpu,1,1.530667,1.518625,1.541875,25
1,1024,24,simd_vals,1,2.120125,2.078042,2.125500,25
1,1024,24,tg_vals,1,1.879041,1.841500,1.887083,25
1,1024,24,ql_vals,1,0.759167,0.705041,0.765334,25
1,1024,24,ql_share_vals,1,0.780542,0.760750,0.801708,25
1,1024,24,cpu_vals,1,0.632500,0.611542,0.673584,25
1,32,4,simd,1,0.256708,0.240042,0.271584,25
1,32,4,tg,1,0.257167,0.245125,0.268209,25
1,32,4,ql,1,0.178917,0.161458,0.208500,25
1,32,4,cpu,1,0.033333,0.033125,0.034208,25
1,32,4,simd_vals,1,0.156083,0.152041,0.173875,25
1,32,4,tg_vals,1,0.174708,0.157584,0.178708,25
1,32,4,ql_vals,1,0.165375,0.148458,0.168750,25
1,32,4,cpu_vals,1,0.019416,0.019250,0.019667,25
1,1,4096,block,1,4929.729167,4929.195854,4929.847396,3
1,1,4096,cpu,1,2322.153792,2319.067292,2324.306792,3
1,1,4096,tridiag,1,261.072083,260.248583,261.844917,5
1,1,4096,block_vals,1,3296.201542,3295.774875,3296.295708,3
1,1,4096,cpu_vals,1,463.716458,463.151084,464.221520,3
1,1,4096,tridiag_vals,1,190.157709,190.037167,190.158833,5
1,1,4096,band8_vals,1,229.182000,228.797583,229.302292,5
1,1,4096,band_vals,1,125.565708,125.267375,125.690042,5
1,1,4096,band32_vals,1,122.916667,122.838625,123.055292,5
1,16,768,block,1,477.126959,476.892355,477.191771,3
1,16,768,cpu,1,39.940625,39.854458,39.995958,5
1,16,768,tridiag,1,142.570250,142.475625,142.985459,5
1,16,768,block_vals,1,300.885042,300.768041,301.104417,3
1,16,768,cpu_vals,1,18.853271,18.757136,18.912562,8
1,16,768,tridiag_vals,1,108.421417,108.321208,108.441667,5
1,16,768,band8_vals,1,96.034083,96.033292,96.142542,5
1,16,768,band_vals,1,91.815834,91.810167,91.846334,5
1,16,768,band32_vals,1,131.767375,131.647666,131.772459,5
1,2048,192,block,1,1079.760667,1079.435917,1080.649041,3
1,2048,192,cpu,1,167.290583,166.982917,168.534958,5
1,2048,192,block_vals,1,840.638500,840.435000,840.769375,3
1,2048,192,cpu_vals,1,83.258875,83.076500,83.548042,5
1,32,24,simd,1,0.828834,0.791208,1.126208,25
1,32,24,tg,1,0.300292,0.296000,0.305041,25
1,32,24,ql,1,0.396334,0.390500,0.477750,25
1,32,24,cpu,1,0.142959,0.137292,0.149000,25
1,32,24,simd_vals,1,0.736500,0.691083,0.773625,25
1,32,24,tg_vals,1,0.288000,0.275584,0.291875,25
1,32,24,ql_vals,1,0.318875,0.306542,0.323333,25
1,32,24,cpu_vals,1,0.161708,0.083875,0.232084,25
1,256,192,tg,1,538.832750,535.142771,540.509542,3
1,256,192,block,1,136.615291,136.310958,136.858084,5
1,256,192,cpu,1,22.945542,22.726771,23.369146,7
1,256,192,tridiag,1,518.790292,516.550604,524.260917,3
1,256,192,tg_vals,1,275.505792,274.533667,276.201042,5
1,256,192,block_vals,1,101.380041,101.329125,101.549500,5
1,256,192,cpu_vals,1,11.171042,11.120271,11.285209,14
1,256,192,tridiag_vals,1,379.693167,379.389834,379.717001,3
1,32,96,tg,1,5.811750,5.807834,5.820250,25
1,32,96,block,1,5.355500,5.189667,5.542917,25
1,32,96,cpu,1,0.844375,0.831375,0.847708,25
1,32,96,tg_vals,1,4.984041,4.977959,4.996042,25
1,32,96,block_vals,1,5.188416,5.046000,5.229750,25
1,32,96,cpu_vals,1,0.556708,0.501750,0.653750,25
1,4,1024,block,1,237.473250,237.443875,237.704000,5
1,4,1024,cpu,1,47.774834,47.555334,47.927458,5
1,4,1024,tridiag,1,54.064375,53.900708,54.352375,5
1,4,1024,block_vals,1,168.321834,168.258208,168.389875,5
1,4,1024,cpu_vals,1,22.705625,22.265583,23.350521,7
1,4,1024,tridiag_vals,1,41.021875,40.998583,41.082708,5
1,4,1024,band8_vals,1,41.886291,41.761375,42.315708,5
1,4,1024,band_vals,1,36.983875,36.937541,37.169958,5
1,4,1024,band32_vals,1,50.296500,50.241583,50.436916,5
1,256,2,simd,1,0.164167,0.157083,0.185000,25
1,256,2,tg,1,0.163833,0.153208,0.167125,25
1,256,2,ql,1,0.168459,0.158584,0.169834,25
1,256,2,ql_share,1,0.258500,0.255708,0.262708,25
1,256,2,cpu,1,0.095542,0.066875,0.103583,25
1,256,2,simd_vals,1,0.161333,0.151875,0.163750,25
1,256,2,tg_vals,1,0.163833,0.160916,0.169250,25
1,256,2,ql_vals,1,0.158584,0.148417,0.164625,25
1,256,2,ql_share_vals,1,0.254834,0.251041,0.258333,25
1,256,2,cpu_vals,1,0.045541,0.045208,0.046042,25
1,16,192,tg,1,29.201417,29.164240,29.210625,6
1,16,192,block,1,11.587041,11.482958,11.735625,13
1,16,192,cpu,1,1.877000,1.823041,2.354875,25
1,16,192,tridiag,1,32.097875,32.080583,32.136542,5
1,16,192,tg_vals,1,25.732458,25.728750,25.736760,6
1,16,192,block_vals,1,10.616750,10.603126,10.667416,15
1,16,192,cpu_vals,1,1.260292,0.862625,1.492292,25
1,16,192,tridiag_vals,1,23.862833,23.855480,23.871521,7
1,256,48,tg,1,4.402917,4.323583,4.441458,25
1,256,48,block,1,7.647417,7.525771,7.690750,20
1,256,48,ql,1,1.717292,1.659292,1.720166,25
1,256,48,ql_share,1,1.095583,1.074666,1.113209,25
1,256,48,cpu,1,1.509208,1.485541,1.548667,25
1,256,48,tg_vals,1,3.746417,3.740834,3.751000,25
1,256,48,block_vals,1,7.201000,7.089917,7.289167,21
1,256,48,ql_vals,1,1.299000,1.286959,1.344000,25
1,256,48,ql_share_vals,1,0.852583,0.839417,0.883417,25
1,256,48,cpu_vals,1,0.674583,0.660291,0.701250,25
1,2,8,simd,1,0.325958,0.310709,0.338791,25
1,2,8,tg,1,0.333125,0.320541,0.342167,25
1,2,8,ql,1,0.260958,0.247792,0.342584,25
1,2,8,cpu,1,0.007875,0.007833,0.008125,25
1,2,8,simd_vals,1,0.178292,0.170041,0.206875,25
1,2,8,tg_vals,1,0.171125,0.163625,0.218458,25
1,2,8,ql_vals,1,0.189083,0.165542,0.226042,25
1,2,8,cpu_vals,1,0.005125,0.004958,0.005458,25
1,2,32,simd,1,1.725833,1.705416,1.807125,25
1,2,32,tg,1,0.364375,0.356875,0.385208,25
1,2,32,block,1,3.388500,3.247208,3.539667,25
1,2,32,ql,1,0.536625,0.521125,0.557750,25
1,2,32,cpu,1,0.042625,0.042334,0.050250,25
1,2,32,simd_vals,1,1.567750,1.548958,1.581000,25
1,2,32,tg_vals,1,0.345958,0.334875,0.348833,25
1,2,32,block_vals,1,3.386709,3.254709,3.534958,25
1,2,32,ql_vals,1,0.423417,0.411417,0.446709,25
1,2,32,cpu_vals,1,0.023459,0.022917,0.024125,25
1,512,256,block,1,630.041708,629.874458,630.162000,3
1,512,256,cpu,1,89.267709,88.827541,89.697875,5
1,512,256,block_vals,1,479.377666,479.337041,479.409875,3
1,512,256,cpu_vals,1,41.419084,40.988834,42.046709,5
1,8,512,tg,1,571.514209,571.488813,571.583063,3
1,8,512,block,1,63.410083,63.404166,63.497500,5
1,8,512,cpu,1,13.200688,13.054542,13.353156,12
1,8,512,tridiag,1,44.995500,44.948792,45.224083,5
1,8,512,tg_vals,1,443.137958,443.080104,443.144042,3
1,8,512,block_vals,1,52.413500,52.374083,52.497875,5
1,8,512,cpu_vals,1,5.732541,5.674844,6.260844,24
1,8,512,tridiag_vals,1,33.825792,33.803875,33.878750,5
1,8,512,band8_vals,1,29.128459,29.052865,29.282583,6
1,8,512,band_vals,1,28.867625,28.697000,29.127843,6
1,8,512,band32_vals,1,40.359166,40.335458,40.523416,5
1,4096,96,block,1,294.374208,294.313709,294.481542,5
1,4096,96,cpu,1,82.312833,82.148125,82.364500,5
1,4096,96,block_vals,1,246.250625,246.086667,246.320084,5
1,4096,96,cpu_vals,1,42.235750,41.877666,43.011917,5
1,32,32,simd,1,1.740625,1.696417,1.756167,25
1,32,32,tg,1,0.431250,0.427583,0.439875,25
1,32,32,block,1,2.787000,2.770542,2.825208,25
1,32,32,ql,1,0.539000,0.536250,0.542334,25
1,32,32,cpu,1,0.176000,0.161125,0.192375,25
1,32,32,simd_vals,1,1.579750,1.570458,1.590292,25
1,32,32,tg_vals,1,0.408208,0.401917,0.425917,25
1,32,32,block_vals,1,2.695417,2.664167,2.735000,25
1,32,32,ql_vals,1,0.425834,0.389291,0.476834,25
1,32,32,cpu_vals,1,0.132042,0.110250,0.255334,25
1,8,192,tg,1,27.671146,27.656239,27.684271,6
1,8,192,block,1,9.964396,9.888208,10.035166,16
1,8,192,cpu,1,1.466917,1.456916,1.473750,25
1,8,192,tridiag,1,16.056105,15.980104,16.680541,10
1,8,192,tg_vals,1,25.707062,25.702875,25.711843,6
1,8,192,block_vals,1,9.525708,9.458292,9.581375,16
1,8,192,cpu_vals,1,0.763000,0.758208,0.771625,25
1,8,192,tridiag_vals,1,12.111042,12.101792,12.120333,13
1,64,768,block,1,2071.275167,2070.339104,2072.229646,3
1,64,768,cpu,1,145.865875,144.146250,146.591292,5
1,64,768,tridiag,1,568.211583,567.777916,568.636520,3
1,64,768,block_vals,1,1373.544792,1373.536521,1374.213813,3
1,64,768,cpu_vals,1,57.352625,56.716208,58.078750,5
1,64,768,tridiag_vals,1,431.513208,431.459875,432.139521,3
1,64,768,band8_vals,1,370.561250,370.392416,370.608229,3
1,64,768,band_vals,1,354.385792,354.313479,354.655604,3
1,64,768,band32_vals,1,516.656834,516.632126,517.873730,3
1,2048,8,simd,1,1.026375,0.389917,1.068083,25
1,2048,8,tg,1,0.384375,0.382125,0.387709,25
1,2048,8,ql,1,0.391125,0.389291,0.394583,25
1,2048,8,ql_share,1,0.544459,0.499625,0.590500,25
1,2048,8,cpu,1,0.428500,0.404833,0.639375,25
1,2048,8,simd_vals,1,0.337541,0.331750,0.339958,25
1,2048,8,tg_vals,1,0.342709,0.338959,0.343750,25
1,2048,8,ql_vals,1,0.305208,0.302291,0.309083,25
1,2048,8,ql_share_vals,1,0.321250,0.314875,0.346959,25
1,2048,8,cpu_vals,1,0.313209,0.263041,0.617875,25
1,512,384,block,1,2130.281250,2128.234209,2132.390541,3
1,512,384,cpu,1,199.594250,197.887708,201.635459,5
1,512,384,block_vals,1,1516.298583,1515.102021,1516.851208,3
1,512,384,cpu_vals,1,95.301792,93.862375,96.884333,5
1,256,8,simd,1,0.352167,0.341917,0.360625,25
1,256,8,tg,1,0.358500,0.342916,0.367958,25
1,256,8,ql,1,0.203916,0.201667,0.207375,25
1,256,8,ql_share,1,0.316666,0.313667,0.319792,25
1,256,8,cpu,1,0.133583,0.130041,0.139666,25
1,256,8,simd_vals,1,0.175292,0.165666,0.187083,25
1,256,8,tg_vals,1,0.173541,0.168041,0.188000,25
1,256,8,ql_vals,1,0.189167,0.174583,0.192000,25
1,256,8,ql_share_vals,1,0.278041,0.276292,0.281000,25
1,256,8,cpu_vals,1,0.099375,0.092125,0.282709,25
1,128,64,tg,1,6.159625,6.117833,6.195167,25
1,128,64,block,1,5.564666,5.403042,5.650250,25
1,128,64,ql,1,2.632250,2.627042,2.641084,25
1,128,64,ql_share,1,2.751292,2.675583,2.875792,25
1,128,64,cpu,1,1.348792,1.340750,1.353125,25
1,128,64,tg_vals,1,4.718541,4.715667,4.724959,25
1,128,64,block_vals,1,5.158708,5.097333,5.266333,25
1,128,64,ql_vals,1,2.024667,2.015000,2.027000,25
1,128,64,ql_share_vals,1,2.129083,2.125375,2.135958,25
1,128,64,cpu_vals,1,0.657417,0.599167,0.676375,25
1,4,64,tg,1,1.266125,1.240834,1.292167,25
1,4,64,block,1,3.220333,3.178208,3.302667,25
1,4,64,ql,1,1.344875,1.325916,1.377750,25
1,4,64,cpu,1,0.162250,0.159458,0.164666,25
1,4,64,tg_vals,1,1.105375,1.088500,1.111667,25
1,4,64,block_vals,1,3.293167,3.221875,3.360125,25
1,4,64,ql_vals,1,1.078875,1.066167,1.090541,25
1,4,64,cpu_vals,1,0.077000,0.076584,0.078000,25
1,128,512,block,1,1237.571208,1237.282125,1237.593313,3
1,128,512,cpu,1,113.096500,112.860958,113.353416,5
1,128,512,tridiag,1,711.594667,711.226062,711.694937,3
1,128,512,block_vals,1,863.175083,862.542958,863.355000,3
1,128,512,cpu_vals,1,45.658792,45.570584,46.573667,5
1,128,512,tridiag_vals,1,530.657542,530.424563,530.658584,3
1,128,512,band8_vals,1,433.817459,433.157084,434.249522,3
1,128,512,band_vals,1,420.520125,420.450042,420.760125,3
1,128,512,band32_vals,1,611.910875,611.768563,611.961604,3
1,4096,4,simd,1,0.673625,0.448125,0.712375,25
1,4096,4,tg,1,0.466167,0.304000,0.475500,25
1,4096,4,ql,1,0.290500,0.287333,0.292625,25
1,4096,4,ql_share,1,0.385542,0.379167,0.393417,25
1,4096,4,cpu,1,0.351833,0.348458,0.355208,25
1,4096,4,simd_vals,1,0.268250,0.266708,0.271208,25
1,4096,4,tg_vals,1,0.277834,0.266791,0.281333,25
1,4096,4,ql_vals,1,0.249084,0.246375,0.251250,25
1,4096,4,ql_share_vals,1,0.310375,0.293625,0.339083,25
1,4096,4,cpu_vals,1,0.222166,0.219292,0.251167,25
1,2,96,tg,1,3.620791,3.616667,3.633875,25
1,2,96,block,1,4.737375,4.675917,4.821833,25
1,2,96,cpu,1,0.308375,0.306916,0.310958,25
1,2,96,tg_vals,1,3.301292,3.297208,3.305250,25
1,2,96,block_vals,1,4.676834,4.614250,4.781583,25
1,2,96,cpu_vals,1,0.163208,0.162166,0.167209,25
1,512,128,tg,1,170.753875,170.441541,171.070917,5
1,512,128,block,1,84.404625,84.137041,84.420583,5
1,512,128,cpu,1,20.008187,19.455510,20.615521,8
1,512,128,tridiag,1,697.056541,696.956083,697.121603,3
1,512,128,tg_vals,1,149.871459,149.828959,150.224458,5
1,512,128,block_vals,1,66.950000,66.927083,66.951709,5
1,512,128,cpu_vals,1,9.879166,9.867292,10.095166,15
1,512,128,tridiag_vals,1,491.754041,491.587417,492.161896,3
1,1,512,tg,1,472.999042,472.941979,473.029562,3
1,1,512,block,1,30.072709,29.957542,30.093958,5
1,1,512,cpu,1,8.803584,8.713375,8.918875,17
1,1,512,tridiag,1,7.610229,7.503479,7.691500,20
1,1,512,tg_vals,1,446.235333,446.203458,446.241874,3
1,1,512,block_vals,1,28.338229,28.253583,28.441968,6
1,1,512,cpu_vals,1,4.160208,4.123709,4.179250,25
1,1,512,tridiag_vals,1,4.944416,4.897834,5.000667,25
1,1,512,band8_vals,1,5.728084,5.622250,6.280875,25
1,1,512,band_vals,1,5.443250,5.417666,5.490416,25
1,1,512,band32_vals,1,7.120750,7.071417,7.165625,21
1,2048,12,simd,1,0.878375,0.810791,0.916458,25
1,2048,12,tg,1,0.910958,0.808917,0.916792,25
1,2048,12,ql,1,0.617250,0.613833,0.624084,25
1,2048,12,ql_share,1,0.658167,0.652292,0.673959,25
1,2048,12,cpu,1,0.740625,0.732916,0.789875,25
1,2048,12,simd_vals,1,0.698000,0.693666,0.788167,25
1,2048,12,tg_vals,1,0.733625,0.700375,0.791167,25
1,2048,12,ql_vals,1,0.434542,0.430250,0.440500,25
1,2048,12,ql_share_vals,1,0.386750,0.380666,0.392417,25
1,2048,12,cpu_vals,1,0.405667,0.395250,0.629250,25
1,64,16,simd,1,1.076542,0.552625,1.091959,25
1,64,16,tg,1,0.249459,0.245958,0.250375,25
1,64,16,ql,1,0.279084,0.273458,0.281916,25
1,64,16,ql_share,1,0.371333,0.368167,0.374458,25
1,64,16,cpu,1,0.132042,0.124583,0.137750,25
1,64,16,simd_vals,1,0.305166,0.302333,0.316750,25
1,64,16,tg_vals,1,0.223916,0.213500,0.236209,25
1,64,16,ql_vals,1,0.241000,0.238791,0.242958,25
1,64,16,ql_share_vals,1,0.321917,0.319916,0.324375,25
1,64,16,cpu_vals,1,0.147458,0.089958,0.223958,25
1,16,8,simd,1,0.309958,0.296958,0.326084,25
1,16,8,tg,1,0.254750,0.194791,0.342917,25
1,16,8,ql,1,0.188833,0.172459,0.190541,25
1,16,8,cpu,1,0.041500,0.039875,0.043667,25
1,16,8,simd_vals,1,0.159834,0.156375,0.175125,25
1,16,8,tg_vals,1,0.176750,0.162708,0.184833,25
1,16,8,ql_vals,1,0.163875,0.155542,0.173625,25
1,16,8,cpu_vals,1,0.021875,0.021833,0.022125,25
1,2,12,simd,1,0.722000,0.680750,0.738041,25
1,2,12,tg,1,0.208167,0.197333,0.232625,25
1,2,12,ql,1,0.249333,0.220667,0.253750,25
1,2,12,cpu,1,0.015958,0.015291,0.018125,25
1,2,12,simd_vals,1,0.236542,0.226375,0.245584,25
1,2,12,tg_vals,1,0.191959,0.187583,0.202667,25
1,2,12,ql_vals,1,0.252042,0.183750,0.267250,25
1,2,12,cpu_vals,1,0.007042,0.006834,0.008084,25
1,512,32,simd,1,2.833416,2.813500,2.863709,25
1,512,32,tg,1,2.503209,2.492625,2.516500,25
1,512,32,block,1,4.412625,4.332708,4.494459,25
1,512,32,ql,1,1.125333,1.065666,1.178084,25
1,512,32,ql_share,1,1.317708,1.298208,1.332417,25
1,512,32,cpu,1,1.234833,1.229709,1.238584,25
1,512,32,simd_vals,1,2.738666,2.735375,2.746833,25
1,512,32,tg_vals,1,2.179666,2.172333,2.184125,25
1,512,32,block_vals,1,4.171750,4.088250,4.252084,25
1,512,32,ql_vals,1,0.751083,0.712458,0.804750,25
1,512,32,ql_share_vals,1,0.534000,0.531750,0.545625,25
1,512,32,cpu_vals,1,0.586500,0.529917,0.627250,25
1,8,12,simd,1,0.370042,0.349083,0.714292,25
1,8,12,tg,1,0.263334,0.251291,0.278583,25
1,8,12,ql,1,0.278791,0.262084,0.285875,25
1,8,12,cpu,1,0.032667,0.030042,0.035625,25
1,8,12,simd_vals,1,0.254625,0.241917,0.261458,25
1,8,12,tg_vals,1,0.214166,0.209000,0.216333,25
1,8,12,ql_vals,1,0.207708,0.204125,0.212375,25
1,8,12,cpu_vals,1,0.027125,0.021208,0.028625,25
1,128,24,simd,1,0.881084,0.777791,0.892958,25
1,128,24,tg,1,0.490541,0.484959,0.595459,25
1,128,24,ql,1,0.402583,0.394750,0.406958,25
1,128,24,ql_share,1,0.494708,0.490500,0.504041,25
1,128,24,cpu,1,0.277416,0.274708,0.284792,25
1,128,24,simd_vals,1,0.706042,0.683791,0.755584,25
1,128,24,tg_vals,1,0.454959,0.447250,0.499708,25
1,128,24,ql_vals,1,0.321084,0.319875,0.323958,25
1,128,24,ql_share_vals,1,0.413083,0.409792,0.416958,25
1,128,24,cpu_vals,1,0.165750,0.161625,0.170542,25
1,1,48,tg,1,0.725041,0.679459,0.751250,25
1,1,48,block,1,3.135375,3.090042,3.184417,25
1,1,48,ql,1,0.876666,0.845833,0.925541,25
1,1,48,cpu,1,0.077709,0.077584,0.078084,25
1,1,48,tg_vals,1,0.681875,0.640375,0.718375,25
1,1,48,block_vals,1,3.082500,3.055292,3.114791,25
1,1,48,ql_vals,1,0.715917,0.685583,0.757042,25
1,1,48,cpu_vals,1,0.034000,0.033875,0.034083,25
1,1,1024,block,1,100.811542,100.643167,100.825042,5
1,1,1024,cpu,1,39.838291,39.697375,39.969709,5
1,1,1024,tridiag,1,17.567875,17.495166,17.895334,9
1,1,1024,block_vals,1,90.103708,90.075083,90.150791,5
1,1,1024,cpu_vals,1,17.947792,17.919375,17.960917,9
1,1,1024,tridiag_vals,1,11.190500,11.155208,11.217968,14
1,1,1024,band8_vals,1,13.743708,13.617375,13.800729,11
1,1,1024,band_vals,1,12.890500,12.801458,12.995136,12
1,1,1024,band32_vals,1,16.225938,16.147167,16.565104,10
1,2,24,simd,1,0.832041,0.755167,1.140125,25
1,2,24,tg,1,0.275958,0.264125,0.284083,25
1,2,24,ql,1,0.366333,0.358583,0.398417,25
1,2,24,cpu,1,0.031083,0.030667,0.032417,25
1,2,24,simd_vals,1,0.735750,0.693875,0.776042,25
1,2,24,tg_vals,1,0.261459,0.256459,0.273083,25
1,2,24,ql_vals,1,0.300750,0.284583,0.305459,25
1,2,24,cpu_vals,1,0.016708,0.016459,0.017000,25
1,2,4,simd,1,0.183334,0.151833,0.225709,25
1,2,4,tg,1,0.166584,0.150542,0.219750,25
1,2,4,ql,1,0.168542,0.148709,0.225000,25
1,2,4,cpu,1,0.005250,0.003916,0.005959,25
1,2,4,simd_vals,1,0.169458,0.161208,0.186042,25
1,2,4,tg_vals,1,0.171833,0.158041,0.219541,25
1,2,4,ql_vals,1,0.162042,0.152541,0.218625,25
1,2,4,cpu_vals,1,0.004125,0.003167,0.005625,25
1,1,1536,block,1,244.067208,243.948958,244.191875,5
1,1,1536,cpu,1,98.442375,98.377750,98.652292,5
1,1,1536,tridiag,1,31.882791,31.684375,32.287458,5
1,1,1536,block_vals,1,202.420166,202.378750,202.424250,5
1,1,1536,cpu_vals,1,42.237333,42.182458,42.255875,5
1,1,1536,tridiag_vals,1,20.701916,20.649625,20.745145,8
1,1,1536,band8_vals,1,26.003395,25.600698,26.668313,6
1,1,1536,band_vals,1,20.854813,20.783157,21.052458,8
1,1,1536,band32_vals,1,25.765812,25.531385,25.862833,6
1,64,512,block,1,603.055333,602.901604,603.345479,3
1,64,512,cpu,1,57.473458,56.843416,57.575125,5
1,64,512,tridiag,1,355.054416,354.417937,355.164000,3
1,64,512,block_vals,1,413.192583,413.191771,413.281125,3
1,64,512,cpu_vals,1,23.539459,23.310562,23.788916,7
1,64,512,tridiag_vals,1,264.814583,264.678834,264.900250,5
1,64,512,band8_vals,1,217.491292,217.089916,217.507958,5
1,64,512,band_vals,1,212.691542,212.508292,212.923583,5
1,64,512,band32_vals,1,306.955916,306.937458,306.976062,3
1,128,2,simd,1,0.154250,0.141583,0.173833,25
1,128,2,tg,1,0.148958,0.141708,0.161708,25
1,128,2,ql,1,0.161875,0.143583,0.169333,25
1,128,2,ql_share,1,0.134334,0.123417,0.141875,25
1,128,2,cpu,1,0.051959,0.050000,0.053084,25
1,128,2,simd_vals,1,0.144667,0.136417,0.157291,25
1,128,2,tg_vals,1,0.140417,0.138125,0.154083,25
1,128,2,ql_vals,1,0.139792,0.135709,0.142667,25
1,128,2,ql_share_vals,1,0.134917,0.117750,0.141167,25
1,128,2,cpu_vals,1,0.028250,0.027834,0.029541,25
1,1,768,block,1,60.736750,60.710375,60.840000,5
1,1,768,cpu,1,18.663500,18.387334,18.700750,9
1,1,768,tridiag,1,12.216542,11.985458,12.445583,13
1,1,768,block_vals,1,55.839000,55.765083,55.984000,5
1,1,768,cpu_vals,1,9.681105,9.669167,9.705490,16
1,1,768,tridiag_vals,1,7.793188,7.743094,7.812969,20
1,1,768,band8_vals,1,9.815896,9.697729,9.944937,16
1,1,768,band_vals,1,9.042084,8.980334,9.128625,17
1,1,768,band32_vals,1,11.809375,11.792500,11.884584,13
1,4096,128,block,1,661.942291,661.703166,662.234583,3
1,4096,128,cpu,1,142.310250,141.808917,143.482959,5
1,4096,128,block_vals,1,540.393334,540.332479,540.498959,3
1,4096,128,cpu_vals,1,74.197000,73.823708,74.405750,5
1,16,32,simd,1,1.733833,1.705125,1.752708,25
1,16,32,tg,1,0.376041,0.373583,0.380708,25
1,16,32,block,1,2.749292,2.727750,2.814334,25
1,16,32,ql,1,0.529750,0.512625,0.535666,25
1,16,32,cpu,1,0.157583,0.137292,0.175375,25
1,16,32,simd_vals,1,1.579250,1.546916,1.586084,25
1,16,32,tg_vals,1,0.358375,0.346916,0.361209,25
1,16,32,block_vals,1,2.730875,2.717541,2.775250,25
1,16,32,ql_vals,1,0.425250,0.392292,0.485959,25
1,16,32,cpu_vals,1,0.094625,0.077375,0.182333,25
1,256,12,simd,1,0.288625,0.286167,0.295083,25
1,256,12,tg,1,0.286542,0.282500,0.290875,25
1,256,12,ql,1,0.245667,0.244125,0.249083,25
1,256,12,ql_share,1,0.378542,0.370000,0.386541,25
1,256,12,cpu,1,0.183292,0.180125,0.196375,25
1,256,12,simd_vals,1,0.254417,0.246916,0.263041,25
1,256,12,tg_vals,1,0.246375,0.242000,0.262916,25
1,256,12,ql_vals,1,0.213375,0.201458,0.216417,25
1,256,12,ql_share_vals,1,0.330958,0.326458,0.334542,25
1,256,12,cpu_vals,1,0.131250,0.127750,0.145500,25
1,128,48,tg,1,2.573792,2.567334,2.581625,25
1,128,48,block,1,5.267583,5.218125,5.408625,25
1,128,48,ql,1,1.031500,0.983958,1.037083,25
1,128,48,ql_share,1,1.115041,1.083792,1.150500,25
1,128,48,cpu,1,0.813542,0.777625,0.836416,25
1,128,48,tg_vals,1,2.274209,2.270292,2.276875,25
1,128,48,block_vals,1,5.067666,4.977792,5.192625,25
1,128,48,ql_vals,1,0.797917,0.730333,0.821000,25
1,128,48,ql_share_vals,1,0.887416,0.833000,0.917375,25
1,128,48,cpu_vals,1,0.386084,0.365917,0.393791,25
1,16,384,tg,1,351.566833,351.458104,351.624500,3
1,16,384,block,1,54.228333,54.227292,54.243625,5
1,16,384,cpu,1,10.512333,10.482771,10.590916,15
1,16,384,tridiag,1,65.080000,64.984084,65.093250,5
1,16,384,tg_vals,1,224.704292,224.579125,224.739916,5
1,16,384,block_vals,1,45.336375,45.260416,45.360375,5
1,16,384,cpu_vals,1,5.058334,5.040625,5.081167,25
1,16,384,tridiag_vals,1,50.101666,50.065125,50.121834,5
1,128,8,simd,1,0.229083,0.222500,0.230958,25
1,128,8,tg,1,0.278375,0.276209,0.282000,25
1,128,8,ql,1,0.287041,0.269125,0.291708,25
1,128,8,ql_share,1,0.300125,0.293667,0.303917,25
1,128,8,cpu,1,0.121250,0.111833,0.311708,25
1,128,8,simd_vals,1,0.170834,0.167958,0.178958,25
1,128,8,tg_vals,1,0.175917,0.168042,0.186250,25
1,128,8,ql_vals,1,0.187125,0.178292,0.190125,25
1,128,8,ql_share_vals,1,0.277209,0.273291,0.278750,25
1,128,8,cpu_vals,1,0.157667,0.106625,0.162667,25
1,2,1024,block,1,134.816666,134.785208,134.869375,5
1,2,1024,cpu,1,45.134792,45.039875,46.480417,5
1,2,1024,tridiag,1,27.687687,27.497615,28.031167,6
1,2,1024,block_vals,1,111.440584,111.340625,111.537417,5
1,2,1024,cpu_vals,1,19.251708,19.091771,19.345875,8
1,2,1024,tridiag_vals,1,21.189062,21.157646,21.208104,8
1,2,1024,band8_vals,1,23.650917,23.486125,23.725313,7
1,2,1024,band_vals,1,21.239854,21.032552,21.344875,8
1,2,1024,band32_vals,1,27.381417,27.313781,27.485083,6
1,8,96,tg,1,3.651125,3.648291,3.656542,25
1,8,96,block,1,4.941916,4.744750,5.013875,25
1,8,96,cpu,1,0.398625,0.390375,0.410791,25
1,8,96,tg_vals,1,3.330250,3.326958,3.334334,25
1,8,96,block_vals,1,4.800542,4.693166,4.904625,25
1,8,96,cpu_vals,1,0.261084,0.224500,0.279875,25
1,16,512,block,1,121.185750,121.112083,121.325250,5
1,16,512,cpu,1,16.156458,15.904813,16.335938,10
1,16,512,tridiag,1,89.241916,88.644709,89.285709,5
1,16,512,block_vals,1,91.479042,91.426292,91.654292,5
1,16,512,cpu_vals,1,7.641958,7.346312,7.711302,20
1,16,512,tridiag_vals,1,66.988167,66.970917,67.017000,5
1,16,512,band8_vals,1,56.343958,55.981708,56.547041,5
1,16,512,band_vals,1,54.669583,54.666833,54.745042,5
1,16,512,band32_vals,1,78.518041,78.412667,78.530500,5
1,2048,4,simd,1,0.316750,0.289792,0.354583,25
1,2048,4,tg,1,0.301750,0.298791,0.312791,25
1,2048,4,ql,1,0.237834,0.235250,0.266416,25
1,2048,4,ql_share,1,0.332584,0.323292,0.338959,25
1,2048,4,cpu,1,0.218375,0.215500,0.220875,25
1,2048,4,simd_vals,1,0.218458,0.212917,0.223250,25
1,2048,4,tg_vals,1,0.219375,0.211625,0.221833,25
1,2048,4,ql_vals,1,0.210666,0.206500,0.213125,25
1,2048,4,ql_share_vals,1,0.310875,0.304541,0.315167,25
1,2048,4,cpu_vals,1,0.161917,0.157250,0.168667,25
1,1,2560,block,1,1175.063458,1174.603417,1175.256583,3
1,1,2560,cpu,1,360.038125,359.839000,360.958958,3
1,1,2560,tridiag,1,79.526417,79.318459,80.473750,5
1,1,2560,block_vals,1,727.030500,726.480729,727.414084,3
1,1,2560,cpu_vals,1,131.862250,131.859250,131.929541,5
1,1,2560,tridiag_vals,1,55.435416,55.346833,55.453458,5
1,1,2560,band8_vals,1,70.533625,70.377833,70.781416,5
1,1,2560,band_vals,1,49.763875,49.511542,49.878416,5
1,1,2560,band32_vals,1,59.111917,58.217292,59.394167,5
1,1,8,simd,1,0.316875,0.305042,0.331917,25
1,1,8,tg,1,0.304417,0.293833,0.325291,25
1,1,8,ql,1,0.256041,0.214916,0.330542,25
1,1,8,cpu,1,0.004166,0.004084,0.004291,25
1,1,8,simd_vals,1,0.258375,0.248209,0.271500,25
1,1,8,tg_vals,1,0.252584,0.227292,0.270208,25
1,1,8,ql_vals,1,0.186208,0.178583,0.198209,25
1,1,8,cpu_vals,1,0.002458,0.002417,0.002625,25
1,16,256,tg,1,84.264084,84.236250,84.281375,5
1,16,256,block,1,20.171270,20.124760,20.306490,8
1,16,256,cpu,1,3.420292,3.394834,3.958250,25
1,16,256,tridiag,1,42.968542,42.941042,42.986292,5
1,16,256,tg_vals,1,61.392042,61.382167,61.395666,5
1,16,256,block_vals,1,17.971916,17.911500,18.019917,9
1,16,256,cpu_vals,1,1.893875,1.526167,2.207750,25
1,16,256,tridiag_vals,1,32.528875,32.518250,32.552791,5
1,512,16,simd,1,0.574250,0.570791,0.587875,25
1,512,16,tg,1,0.505875,0.503709,0.507917,25
1,512,16,ql,1,0.396916,0.393583,0.400417,25
1,512,16,ql_share,1,0.486375,0.478125,0.495625,25
1,512,16,cpu,1,0.416292,0.411708,0.419625,25
1,512,16,simd_vals,1,0.511917,0.507792,0.514375,25
1,512,16,tg_vals,1,0.458167,0.452667,0.536125,25
1,512,16,ql_vals,1,0.304458,0.297541,0.307750,25
1,512,16,ql_share_vals,1,0.382708,0.374334,0.387750,25
1,512,16,cpu_vals,1,0.220417,0.217458,0.224667,25
1,256,4,simd,1,0.253250,0.249834,0.257709,25
1,256,4,tg,1,0.261417,0.254250,0.268125,25
1,256,4,ql,1,0.245917,0.182792,0.255250,25
1,256,4,ql_share,1,0.284833,0.280750,0.293375,25
1,256,4,cpu,1,0.161500,0.077125,0.227875,25
1,256,4,simd_vals,1,0.161458,0.152000,0.172958,25
1,256,4,tg_vals,1,0.148916,0.144791,0.163750,25
1,256,4,ql_vals,1,0.149958,0.145667,0.167000,25
1,256,4,ql_share_vals,1,0.266375,0.258875,0.271750,25
1,256,4,cpu_vals,1,0.123209,0.118584,0.125167,25
1,128,32,simd,1,1.818833,1.812708,1.828875,25
1,128,32,tg,1,1.049792,0.993250,1.052292,25
1,128,32,block,1,3.097292,3.051375,3.142709,25
1,128,32,ql,1,0.588375,0.584875,0.591458,25
1,128,32,ql_share,1,0.689834,0.683875,0.705917,25
1,128,32,cpu,1,0.404833,0.400625,0.412084,25
1,128,32,simd_vals,1,1.618333,1.605875,1.626458,25
1,128,32,tg_vals,1,0.903459,0.858916,0.942333,25
1,128,32,block_vals,1,2.986458,2.922959,3.046125,25
1,128,32,ql_vals,1,0.436625,0.434083,0.444792,25
1,128,32,ql_share_vals,1,0.536041,0.534000,0.540833,25
1,128,32,cpu_vals,1,0.208208,0.191209,0.649667,25
1,4,48,tg,1,0.771042,0.688084,0.992083,25
1,4,48,block,1,3.172375,3.127084,3.215666,25
1,4,48,ql,1,0.889750,0.851334,0.921583,25
1,4,48,cpu,1,0.102792,0.101083,0.105292,25
1,4,48,tg_vals,1,0.714875,0.666042,0.724917,25
1,4,48,block_vals,1,3.113416,3.102625,3.120584,25
1,4,48,ql_vals,1,0.741709,0.705333,0.770000,25
1,4,48,cpu_vals,1,0.056708,0.056292,0.057458,25
1,4,32,simd,1,1.724709,1.696625,1.738125,25
1,4,32,tg,1,0.378000,0.373709,0.384916,25
1,4,32,block,1,3.486125,3.345833,3.638250,25
1,4,32,ql,1,0.548458,0.542416,0.553792,25
1,4,32,cpu,1,0.054375,0.054000,0.056125,25
1,4,32,simd_vals,1,1.574375,1.549833,1.579625,25
1,4,32,tg_vals,1,0.351833,0.345792,0.359791,25
1,4,32,block_vals,1,3.538875,3.417792,3.694833,25
1,4,32,ql_vals,1,0.449875,0.428833,0.506917,25
1,4,32,cpu_vals,1,0.035708,0.035333,0.036584,25
1,1024,4,simd,1,0.200166,0.198500,0.222583,25
1,1024,4,tg,1,0.202291,0.199667,0.206500,25
1,1024,4,ql,1,0.205000,0.201583,0.206542,25
1,1024,4,ql_share,1,0.319000,0.309584,0.323708,25
1,1024,4,cpu,1,0.152208,0.150625,0.155667,25
1,1024,4,simd_vals,1,0.199042,0.195709,0.202209,25
1,1024,4,tg_vals,1,0.192542,0.179875,0.197500,25
1,1024,4,ql_vals,1,0.177541,0.169208,0.186875,25
1,1024,4,ql_share_vals,1,0.303792,0.298375,0.309750,25
1,1024,4,cpu_vals,1,0.160709,0.128875,0.453625,25
1,512,192,block,1,273.945542,273.714000,274.371208,5
1,512,192,cpu,1,45.754000,44.638542,45.888166,5
1,512,192,block_vals,1,215.089250,215.014458,215.248166,5
1,512,192,cpu_vals,1,23.094791,22.785563,23.302458,7
1,64,48,tg,1,1.622416,1.612167,1.663208,25
1,64,48,block,1,3.753834,3.718750,3.820500,25
1,64,48,ql,1,0.984291,0.928250,0.989458,25
1,64,48,ql_share,1,1.056875,1.043792,1.099916,25
1,64,48,cpu,1,0.539333,0.458625,0.638875,25
1,64,48,tg_vals,1,1.445334,1.437667,1.486709,25
1,64,48,block_vals,1,3.633167,3.559000,3.672500,25
1,64,48,ql_vals,1,0.726750,0.719666,0.802792,25
1,64,48,ql_share_vals,1,0.920500,0.885167,0.937500,25
1,64,48,cpu_vals,1,0.271584,0.241083,0.650584,25
1,1,24,simd,1,0.829292,0.782250,0.839084,25
1,1,24,tg,1,0.275292,0.264792,0.279917,25
1,1,24,ql,1,0.373125,0.362917,0.378416,25
1,1,24,cpu,1,0.023500,0.023083,0.023542,25
1,1,24,simd_vals,1,0.764208,0.696708,0.778916,25
1,1,24,tg_vals,1,0.262875,0.256959,0.275000,25
1,1,24,ql_vals,1,0.301708,0.288375,0.320667,25
1,1,24,cpu_vals,1,0.007917,0.007875,0.007917,25
1,4,16,simd,1,0.318959,0.316375,0.348667,25
1,4,16,tg,1,0.231625,0.217667,0.248459,25
1,4,16,ql,1,0.258959,0.243417,0.264542,25
1,4,16,cpu,1,0.023958,0.022459,0.027833,25
1,4,16,simd_vals,1,0.317875,0.304917,0.325083,25
1,4,16,tg_vals,1,0.228709,0.213875,0.233000,25
1,4,16,ql_vals,1,0.228500,0.210458,0.258459,25
1,4,16,cpu_vals,1,0.021208,0.019000,0.022625,25
1,1,16,simd,1,0.331250,0.316542,0.341042,25
1,1,16,tg,1,0.219500,0.210666,0.231042,25
1,1,16,ql,1,0.256334,0.245667,0.263583,25
1,1,16,cpu,1,0.009750,0.009667,0.010208,25
1,1,16,simd_vals,1,0.324208,0.311708,0.329792,25
1,1,16,tg_vals,1,0.216958,0.211708,0.233083,25
1,1,16,ql_vals,1,0.240084,0.224875,0.260292,25
1,1,16,cpu_vals,1,0.004333,0.004292,0.004666,25
1,4096,2,simd,1,0.193125,0.191167,0.197625,25
1,4096,2,tg,1,0.195708,0.185875,0.198542,25
1,4096,2,ql,1,0.191209,0.175541,0.194959,25
1,4096,2,ql_share,1,0.311500,0.306375,0.320584,25
1,4096,2,cpu,1,0.200167,0.197167,0.204167,25
1,4096,2,simd_vals,1,0.174791,0.170208,0.183625,25
1,4096,2,tg_vals,1,0.192042,0.187208,0.194084,25
1,4096,2,ql_vals,1,0.185167,0.166917,0.188292,25
1,4096,2,ql_share_vals,1,0.293084,0.288375,0.298875,25
1,4096,2,cpu_vals,1,0.145291,0.142292,0.150584,25
1,256,384,block,1,1051.376333,1051.005562,1052.026229,3
1,256,384,cpu,1,101.183500,100.552375,101.573959,5
1,256,384,block_vals,1,760.086500,760.053979,760.606417,3
1,256,384,cpu_vals,1,48.620709,48.010625,48.921959,5
1,8,4,simd,1,0.258542,0.254333,0.269333,25
1,8,4,tg,1,0.261000,0.241250,0.276167,25
1,8,4,ql,1,0.249375,0.230209,0.255833,25
1,8,4,cpu,1,0.010833,0.009667,0.022084,25
1,8,4,simd_vals,1,0.236167,0.182000,0.256792,25
1,8,4,tg_vals,1,0.156083,0.150167,0.167000,25
1,8,4,ql_vals,1,0.147417,0.144708,0.166042,25
1,8,4,cpu_vals,1,0.006042,0.005541,0.007625,25
1,16,48,tg,1,1.183709,0.688042,1.252208,25
1,16,48,block,1,3.242666,3.212416,3.287500,25
1,16,48,ql,1,0.932292,0.852000,0.941666,25
1,16,48,cpu,1,0.218750,0.215042,0.225583,25
1,16,48,tg_vals,1,0.718333,0.674042,0.724042,25
1,16,48,block_vals,1,3.132916,3.123291,3.153417,25
1,16,48,ql_vals,1,0.743541,0.726125,0.764541,25
1,16,48,cpu_vals,1,0.137709,0.131000,0.160292,25
1,256,32,simd,1,1.939042,1.910958,1.960834,25
1,256,32,tg,1,1.619666,1.600000,1.661708,25
1,256,32,block,1,3.432333,3.387917,3.462042,25
1,256,32,ql,1,0.629208,0.626959,0.632916,25
1,256,32,ql_share,1,0.751042,0.744000,0.758958,25
1,256,32,cpu,1,0.670459,0.647166,0.711000,25
1,256,32,simd_vals,1,1.700625,1.653709,1.710292,25
1,256,32,tg_vals,1,1.420125,1.404958,1.452000,25
1,256,32,block_vals,1,3.297584,3.268875,3.350833,25
1,256,32,ql_vals,1,0.447250,0.444334,0.455166,25
1,256,32,ql_share_vals,1,0.544291,0.540959,0.609584,25
1,256,32,cpu_vals,1,0.315042,0.309834,0.323000,25
1,1,12,simd,1,0.351000,0.270583,0.651833,25
1,1,12,tg,1,0.223459,0.212291,0.249291,25
1,1,12,ql,1,0.257917,0.251959,0.270500,25
1,1,12,cpu,1,0.006625,0.006541,0.007083,25
1,1,12,simd_vals,1,0.248167,0.237833,0.265792,25
1,1,12,tg_vals,1,0.206709,0.197000,0.249959,25
1,1,12,ql_vals,1,0.228500,0.212125,0.258917,25
1,1,12,cpu_vals,1,0.003375,0.003333,0.003542,25
1,2,64,tg,1,1.236708,1.191666,1.277542,25
1,2,64,block,1,3.384083,3.261083,3.442875,25
1,2,64,ql,1,1.357292,1.351583,1.396250,25
1,2,64,cpu,1,0.158875,0.157792,0.160666,25
1,2,64,tg_vals,1,1.105625,1.092708,1.148083,25
1,2,64,block_vals,1,3.288792,3.196417,3.377500,25
1,2,64,ql_vals,1,1.106042,1.073750,1.167500,25
1,2,64,cpu_vals,1,0.073917,0.072917,0.075084,25
1,4,24,simd,1,0.751000,0.720458,0.806417,25
1,4,24,tg,1,0.280875,0.269250,0.283375,25
1,4,24,ql,1,0.389625,0.374125,0.411208,25
1,4,24,cpu,1,0.041458,0.037791,0.042083,25
1,4,24,simd_vals,1,0.712209,0.691750,0.777250,25
1,4,24,tg_vals,1,0.262584,0.255834,0.273083,25
1,4,24,ql_vals,1,0.305833,0.294417,0.319916,25
1,4,24,cpu_vals,1,0.021041,0.020791,0.021667,25
1,1024,64,tg,1,38.449625,38.374625,38.636667,5
1,1024,64,block,1,24.789209,24.742145,24.872229,7
1,1024,64,ql,1,11.648916,11.638167,11.653625,13
1,1024,64,ql_share,1,6.804792,6.760667,7.125396,22
1,1024,64,cpu,1,10.088709,9.855833,10.162958,15
1,1024,64,tg_vals,1,33.405917,33.404375,33.691375,5
1,1024,64,block_vals,1,21.091833,21.061010,21.115511,8
1,1024,64,ql_vals,1,8.492313,8.479990,8.498156,18
1,1024,64,ql_share_vals,1,3.125584,3.114542,3.137208,25
1,1024,64,cpu_vals,1,4.573208,4.503083,4.602292,25
1,1,384,tg,1,201.848000,201.837542,201.849084,5
1,1,384,block,1,19.868792,19.749990,20.056479,8
1,1,384,cpu,1,4.437875,4.328750,4.749167,25
1,1,384,tridiag,1,5.123209,5.101500,5.150791,25
1,1,384,tg_vals,1,190.387959,190.374792,190.406417,5
1,1,384,block_vals,1,19.436709,19.226813,19.677125,8
1,1,384,cpu_vals,1,2.368250,2.360125,2.377875,25
1,1,384,tridiag_vals,1,3.968708,3.962334,3.973500,25
1,512,12,simd,1,0.435875,0.418917,0.533041,25
1,512,12,tg,1,0.397375,0.394375,0.403833,25
1,512,12,ql,1,0.310042,0.308208,0.315416,25
1,512,12,ql_share,1,0.411042,0.404167,0.421042,25
1,512,12,cpu,1,0.286541,0.284500,0.293375,25
1,512,12,simd_vals,1,0.352375,0.348250,0.354459,25
1,512,12,tg_vals,1,0.337542,0.332458,0.339916,25
1,512,12,ql_vals,1,0.254708,0.252667,0.256958,25
1,512,12,ql_share_vals,1,0.352750,0.347459,0.362667,25
1,512,12,cpu_vals,1,0.177000,0.175042,0.179792,25
1,32,384,tg,1,769.888167,766.899771,773.574271,3
1,32,384,block,1,112.655875,112.382791,113.136875,5
1,32,384,cpu,1,14.857583,14.715626,15.027209,11
1,32,384,tridiag,1,130.266875,130.237167,130.432458,5
1,32,384,tg_vals,1,490.397166,490.362604,490.426812,3
1,32,384,block_vals,1,80.366458,80.294542,80.411584,5
1,32,384,cpu_vals,1,7.625667,7.447917,7.723625,21
1,32,384,tridiag_vals,1,99.551458,99.530250,99.568542,5
1,64,12,simd,1,0.297125,0.277875,0.783000,25
1,64,12,tg,1,0.231083,0.224958,0.233667,25
1,64,12,ql,1,0.235250,0.233583,0.237958,25
1,64,12,ql_share,1,0.330042,0.327208,0.335083,25
1,64,12,cpu,1,0.285958,0.121042,0.337250,25
1,64,12,simd_vals,1,0.257750,0.247125,0.260208,25
1,64,12,tg_vals,1,0.199167,0.194083,0.208250,25
1,64,12,ql_vals,1,0.189541,0.186167,0.200500,25
1,64,12,ql_share_vals,1,0.143917,0.118666,0.288625,25
1,64,12,cpu_vals,1,0.152375,0.106458,0.155166,25
1,4096,48,tg,1,59.495792,59.465834,59.503708,5
1,4096,48,block,1,85.134125,85.028458,85.213208,5
1,4096,48,ql,1,17.097792,17.083333,17.116583,9
1,4096,48,ql_share,1,11.708333,11.387750,11.810459,13
1,4096,48,cpu,1,21.993167,21.969062,22.524521,7
1,4096,48,tg_vals,1,51.273500,51.267334,51.413625,5
1,4096,48,block_vals,1,75.394625,75.306167,75.426667,5
1,4096,48,ql_vals,1,11.638833,11.630291,11.640917,13
1,4096,48,ql_share_vals,1,6.296167,6.262719,6.330823,24
1,4096,48,cpu_vals,1,9.515313,9.476063,9.639031,16
1,1,256,tg,1,54.850833,54.780458,54.862042,5
1,1,256,block,1,11.676833,11.625416,11.808375,13
1,1,256,cpu,1,2.223709,2.190375,2.252625,25
1,1,256,tridiag,1,3.239208,3.232875,3.267625,25
1,1,256,tg_vals,1,53.943125,53.930708,53.949875,5
1,1,256,block_vals,1,11.349667,11.218646,11.415541,14
1,1,256,cpu_vals,1,1.052167,1.049792,1.054166,25
1,1,256,tridiag_vals,1,2.416875,2.408042,2.425875,25
1,64,32,simd,1,1.770834,1.762959,1.777333,25
1,64,32,tg,1,0.592583,0.590917,0.595292,25
1,64,32,block,1,2.855875,2.795333,2.928833,25
1,64,32,ql,1,0.554375,0.551500,0.558125,25
1,64,32,ql_share,1,0.660083,0.655542,0.670250,25
1,64,32,cpu,1,0.249250,0.245583,0.259875,25
1,64,32,simd_vals,1,1.589250,1.582791,1.597333,25
1,64,32,tg_vals,1,0.541291,0.537292,0.544458,25
1,64,32,block_vals,1,2.799667,2.763542,2.841541,25
1,64,32,ql_vals,1,0.414917,0.401709,0.432167,25
1,64,32,ql_share_vals,1,0.516333,0.511959,0.619875,25
1,64,32,cpu_vals,1,0.150584,0.146459,0.190000,25
1,512,8,simd,1,0.236166,0.231750,0.244584,25
1,512,8,tg,1,0.237709,0.234584,0.240792,25
1,512,8,ql,1,0.235875,0.233333,0.238333,25
1,512,8,ql_share,1,0.355584,0.347833,0.359834,25
1,512,8,cpu,1,0.182375,0.178083,0.184125,25
1,512,8,simd_vals,1,0.218000,0.209792,0.220625,25
1,512,8,tg_vals,1,0.218750,0.214958,0.221625,25
1,512,8,ql_vals,1,0.201625,0.192666,0.207917,25
1,512,8,ql_share_vals,1,0.317625,0.314125,0.327333,25
1,512,8,cpu_vals,1,0.133542,0.131041,0.135208,25
1,128,4,simd,1,0.236750,0.224125,0.254875,25
1,128,4,tg,1,0.256375,0.245000,0.266000,25
1,128,4,ql,1,0.157000,0.152250,0.166959,25
1,128,4,ql_share,1,0.170417,0.152666,0.271834,25
1,128,4,cpu,1,0.116792,0.088875,0.118916,25
1,128,4,simd_vals,1,0.148250,0.146166,0.159250,25
1,128,4,tg_vals,1,0.149083,0.146708,0.159459,25
1,128,4,ql_vals,1,0.145208,0.141625,0.152875,25
1,128,4,ql_share_vals,1,0.133041,0.116041,0.146375,25
1,128,4,cpu_vals,1,0.065541,0.065084,0.066208,25
1,64,2,simd,1,0.195916,0.187792,0.200167,25
1,64,2,tg,1,0.192833,0.179125,0.202584,25
1,64,2,ql,1,0.197750,0.183792,0.206583,25
1,64,2,ql_share,1,0.128459,0.126292,0.131292,25
1,64,2,cpu,1,0.031333,0.031292,0.031667,25
1,64,2,simd_vals,1,0.149833,0.142834,0.196375,25
1,64,2,tg_vals,1,0.143500,0.140084,0.149917,25
1,64,2,ql_vals,1,0.140750,0.138000,0.147333,25
1,64,2,ql_share_vals,1,0.124792,0.118459,0.127917,25
1,64,2,cpu_vals,1,0.018000,0.017375,0.018250,25
1,4,8,simd,1,0.296084,0.287000,0.308666,25
1,4,8,tg,1,0.314292,0.305916,0.329041,25
1,4,8,ql,1,0.209042,0.185042,0.232584,25
1,4,8,cpu,1,0.019250,0.017625,0.019500,25
1,4,8,simd_vals,1,0.183542,0.179083,0.188833,25
1,4,8,tg_vals,1,0.172792,0.166417,0.179208,25
1,4,8,ql_vals,1,0.165750,0.157417,0.229917,25
1,4,8,cpu_vals,1,0.011625,0.008875,0.014084,25
1,128,256,block,1,155.339625,155.315833,155.694834,5
1,128,256,cpu,1,22.955916,22.652042,23.298729,7
1,128,256,tridiag,1,343.999375,343.870479,344.075687,3
1,128,256,block_vals,1,108.644333,108.602417,108.802917,5
1,128,256,cpu_vals,1,10.669458,10.282813,10.961813,15
1,128,256,tridiag_vals,1,257.596875,256.907625,257.617292,5
1,1024,12,simd,1,0.549209,0.529042,1.314750,25
1,1024,12,tg,1,0.515958,0.514250,0.520917,25
1,1024,12,ql,1,0.410916,0.409791,0.411875,25
1,1024,12,ql_share,1,0.620042,0.489125,0.660333,25
1,1024,12,cpu,1,0.467125,0.462209,0.478208,25
1,1024,12,simd_vals,1,0.468584,0.460667,0.473167,25
1,1024,12,tg_vals,1,0.458875,0.454584,0.465166,25
1,1024,12,ql_vals,1,0.311833,0.307458,0.319125,25
1,1024,12,ql_share_vals,1,0.330792,0.320125,0.353792,25
1,1024,12,cpu_vals,1,0.288959,0.235583,0.650250,25
1,64,192,tg,1,142.147708,141.028833,142.425875,5
1,64,192,block,1,30.837125,30.800125,30.873583,5
1,64,192,cpu,1,6.317146,6.227969,6.438093,24
1,64,192,tridiag,1,128.039417,128.032417,128.056166,5
1,64,192,tg_vals,1,82.167083,82.130667,82.399333,5
1,64,192,block_vals,1,27.093209,27.064302,27.116583,6
1,64,192,cpu_vals,1,3.543625,3.520916,3.577333,25
1,64,192,tridiag_vals,1,94.939000,94.936791,94.953542,5
1,256,64,tg,1,10.838541,10.698823,10.952667,14
1,256,64,block,1,8.099625,8.033875,8.227563,19
1,256,64,ql,1,3.907542,3.902333,3.912500,25
1,256,64,ql_share,1,2.872291,2.841417,3.826791,25
1,256,64,cpu,1,2.640583,2.596750,3.184834,25
1,256,64,tg_vals,1,9.051708,8.990542,9.156083,17
1,256,64,block_vals,1,7.608729,7.545333,7.671187,20
1,256,64,ql_vals,1,2.933416,2.922125,2.938583,25
1,256,64,ql_share_vals,1,2.204833,2.184750,2.620375,25
1,256,64,cpu_vals,1,1.081291,1.034875,1.187875,25
1,8,64,tg,1,1.252167,1.198583,1.299834,25
1,8,64,block,1,3.235250,3.204167,3.252458,25
1,8,64,ql,1,1.393292,1.377333,1.432250,25
1,8,64,cpu,1,0.273375,0.264625,0.307167,25
1,8,64,tg_vals,1,1.158417,1.111958,1.198459,25
1,8,64,block_vals,1,3.129292,3.117667,3.184042,25
1,8,64,ql_vals,1,1.114750,1.088625,1.170125,25
1,8,64,cpu_vals,1,0.146000,0.140416,0.154750,25
1,128,384,block,1,525.553334,525.311833,526.365438,3
1,128,384,cpu,1,52.085500,51.924083,52.154333,5
1,128,384,tridiag,1,521.053208,520.783354,522.151813,3
1,128,384,block_vals,1,370.318167,370.252667,370.403583,3
1,128,384,cpu_vals,1,24.330292,24.228563,24.423271,7
1,128,384,tridiag_vals,1,395.909542,395.895021,395.937500,3
1,4,4,simd,1,0.219333,0.195084,0.252917,25
1,4,4,tg,1,0.191291,0.183750,0.204750,25
1,4,4,ql,1,0.170333,0.160708,0.177125,25
1,4,4,cpu,1,0.008667,0.008375,0.010917,25
1,4,4,simd_vals,1,0.173459,0.156000,0.181084,25
1,4,4,tg_vals,1,0.176208,0.159666,0.219084,25
1,4,4,ql_vals,1,0.151916,0.145875,0.219500,25
1,4,4,cpu_vals,1,0.006833,0.005500,0.008375,25
1,64,64,tg,1,3.282458,3.276000,3.289709,25
1,64,64,block,1,3.893458,3.813208,4.003500,25
1,64,64,ql,1,1.460542,1.412541,1.468042,25
1,64,64,ql_share,1,1.592958,1.534167,1.636584,25
1,64,64,cpu,1,0.714250,0.709625,0.724875,25
1,64,64,tg_vals,1,2.924791,2.922583,2.932916,25
1,64,64,block_vals,1,3.647083,3.637500,3.687542,25
1,64,64,ql_vals,1,1.149458,1.115458,1.157833,25
1,64,64,ql_share_vals,1,1.306666,1.263167,1.328459,25
1,64,64,cpu_vals,1,0.390792,0.338333,0.657666,25
1,1,192,tg,1,24.520333,24.518166,24.528021,7
1,1,192,block,1,8.778458,8.660594,8.812520,18
1,1,192,cpu,1,1.163458,1.152417,1.171333,25
1,1,192,tridiag,1,2.445583,2.439042,2.468792,25
1,1,192,tg_vals,1,23.163291,23.147146,23.166125,7
1,1,192,block_vals,1,8.762333,8.663574,8.824447,18
1,1,192,cpu_vals,1,0.587625,0.586042,0.588625,25
1,1,192,tridiag_vals,1,1.716042,1.714833,1.718083,25
1,1,128,tg,1,7.901125,7.885792,7.911563,19
1,1,128,block,1,5.846583,5.780291,5.869542,25
1,1,128,cpu,1,0.490542,0.489833,0.493125,25
1,1,128,tridiag,1,1.640792,1.623500,1.653916,25
1,1,128,tg_vals,1,7.184667,7.179875,7.188417,21
1,1,128,block_vals,1,5.619291,5.547583,5.747250,25
1,1,128,cpu_vals,1,0.263750,0.262167,0.264959,25
1,1,128,tridiag_vals,1,1.074917,1.072875,1.077250,25
1,8,2,simd,1,0.144041,0.140334,0.149459,25
1,8,2,tg,1,0.155709,0.146209,0.176708,25
1,8,2,ql,1,0.152083,0.143291,0.166625,25
1,8,2,cpu,1,0.006250,0.005625,0.010791,25
1,8,2,simd_vals,1,0.167959,0.154375,0.187125,25
1,8,2,tg_vals,1,0.162416,0.151458,0.169916,25
1,8,2,ql_vals,1,0.148625,0.137542,0.159250,25
1,8,2,cpu_vals,1,0.003250,0.003208,0.003292,25
1,8,48,tg,1,0.676166,0.665709,0.758375,25
1,8,48,block,1,3.194750,3.142458,3.230833,25
1,8,48,ql,1,0.928791,0.884042,0.933791,25
1,8,48,cpu,1,0.198333,0.194542,0.207042,25
1,8,48,tg_vals,1,0.720583,0.675542,0.727250,25
1,8,48,block_vals,1,3.122250,3.110167,3.175375,25
1,8,48,ql_vals,1,0.725125,0.710042,0.788167,25
1,8,48,cpu_vals,1,0.094875,0.092667,0.106209,25
1,8,768,block,1,214.552292,214.549875,214.721375,5
1,8,768,cpu,1,27.892021,27.248979,29.008719,6
1,8,768,tridiag,1,72.800083,72.537500,73.190875,5
1,8,768,block_vals,1,147.138875,147.057583,147.215291,5
1,8,768,cpu_vals,1,13.440584,13.375229,16.901354,11
1,8,768,tridiag_vals,1,54.726125,54.699833,54.749250,5
1,8,768,band8_vals,1,49.230000,49.169125,49.402375,5
1,8,768,band_vals,1,47.151666,47.147541,47.570500,5
1,8,768,band32_vals,1,67.884208,67.837084,67.896125,5
1,256,24,simd,1,0.915250,0.855292,0.946167,25
1,256,24,tg,1,0.852000,0.761708,0.856167,25
1,256,24,ql,1,0.451417,0.448750,0.457917,25
1,256,24,ql_share,1,0.556459,0.551833,0.563417,25
1,256,24,cpu,1,0.468292,0.463041,0.471542,25
1,256,24,simd_vals,1,0.789333,0.743541,0.832583,25
1,256,24,tg_vals,1,0.753167,0.680041,0.763167,25
1,256,24,ql_vals,1,0.331875,0.328375,0.338833,25
1,256,24,ql_share_vals,1,0.453917,0.440541,0.465417,25
1,256,24,cpu_vals,1,0.223125,0.207416,0.258959,25
1,4,128,tg,1,7.916792,7.914333,7.922354,19
1,4,128,block,1,5.898709,5.799917,5.995292,25
1,4,128,cpu,1,0.568250,0.566000,0.573542,25
1,4,128,tridiag,1,5.457500,5.434417,5.471792,25
1,4,128,tg_vals,1,7.191792,7.189209,7.195083,21
1,4,128,block_vals,1,5.785083,5.731458,5.867292,25
1,4,128,cpu_vals,1,0.295750,0.294958,0.298417,25
1,4,128,tridiag_vals,1,3.953542,3.948000,3.956417,25
1,2,48,tg,1,0.752333,0.679875,0.768125,25
1,2,48,block,1,3.348334,3.251542,3.386625,25
1,2,48,ql,1,0.884375,0.863083,0.927875,25
1,2,48,cpu,1,0.098917,0.098417,0.101000,25
1,2,48,tg_vals,1,0.724083,0.702500,0.727667,25
1,2,48,block_vals,1,3.223041,3.122459,3.341125,25
1,2,48,ql_vals,1,0.734250,0.711666,0.788208,25
1,2,48,cpu_vals,1,0.054709,0.054042,0.055792,25
1,256,16,simd,1,0.391458,0.388833,0.398959,25
1,256,16,tg,1,0.376959,0.372208,0.378625,25
1,256,16,ql,1,0.304667,0.301542,0.307792,25
1,256,16,ql_share,1,0.435292,0.429167,0.440917,25
1,256,16,cpu,1,0.254375,0.250709,0.265458,25
1,256,16,simd_vals,1,0.349208,0.341417,0.351916,25
1,256,16,tg_vals,1,0.343958,0.339916,0.347625,25
1,256,16,ql_vals,1,0.254875,0.254500,0.256958,25
1,256,16,ql_share_vals,1,0.391959,0.377500,0.397667,25
1,256,16,cpu_vals,1,0.159125,0.156625,0.160750,25
1,1,2048,block,1,551.458000,551.419646,551.514208,3
1,1,2048,cpu,1,229.514000,229.508875,229.674208,5
1,1,2048,tridiag,1,52.604666,51.969333,52.842125,5
1,1,2048,block_vals,1,405.942542,405.694209,406.011771,3
1,1,2048,cpu_vals,1,81.016375,80.992416,81.054583,5
1,1,2048,tridiag_vals,1,35.145000,35.094041,35.234417,5
1,1,2048,band8_vals,1,49.643584,49.200042,49.724459,5
1,1,2048,band_vals,1,36.545833,36.423417,36.982583,5
1,1,2048,band32_vals,1,45.905375,45.796625,45.989583,5
1,8,8,simd,1,0.338542,0.324125,0.352000,25
1,8,8,tg,1,0.346500,0.337500,0.361750,25
1,8,8,ql,1,0.290000,0.212375,0.337750,25
1,8,8,cpu,1,0.026709,0.023792,0.028667,25
1,8,8,simd_vals,1,0.184042,0.176167,0.191958,25
1,8,8,tg_vals,1,0.182209,0.165958,0.186041,25
1,8,8,ql_vals,1,0.172333,0.160000,0.182000,25
1,8,8,cpu_vals,1,0.020667,0.016583,0.022625,25
1,2048,32,simd,1,11.121000,11.109428,11.133291,14
1,2048,32,tg,1,8.478000,8.458156,8.528468,18
1,2048,32,block,1,9.953542,9.928802,9.997198,16
1,2048,32,ql,1,2.901250,2.883125,2.933375,25
1,2048,32,ql_share,1,2.640959,2.614708,2.658584,25
1,2048,32,cpu,1,4.886500,4.762333,5.156042,25
1,2048,32,simd_vals,1,7.777458,7.756166,7.802656,20
1,2048,32,tg_vals,1,7.320166,7.301792,7.352584,21
1,2048,32,block_vals,1,9.328208,9.132750,9.361083,17
1,2048,32,ql_vals,1,1.758334,1.731833,1.776417,25
1,2048,32,ql_share_vals,1,1.317458,1.312042,1.334666,25
1,2048,32,cpu_vals,1,2.167750,1.795834,2.261417,25
1,2048,128,block,1,334.590167,334.242979,334.623042,3
1,2048,128,cpu,1,75.354917,73.428584,75.709417,5
1,2048,128,block_vals,1,273.537000,273.401333,273.655166,5
1,2048,128,cpu_vals,1,37.219917,37.016667,37.698500,5
1,32,64,tg,1,1.844041,1.832584,1.907875,25
1,32,64,block,1,3.440292,3.381666,3.487000,25
1,32,64,ql,1,1.417084,1.365292,1.428458,25
1,32,64,cpu,1,0.507542,0.405042,0.680041,25
1,32,64,tg_vals,1,1.650958,1.617125,1.665667,25
1,32,64,block_vals,1,3.320750,3.283666,3.375416,25
1,32,64,ql_vals,1,1.095500,1.093833,1.100583,25
1,32,64,cpu_vals,1,0.224334,0.222458,0.227666,25
1,2048,2,simd,1,0.235459,0.219041,0.240667,25
1,2048,2,tg,1,0.274250,0.268208,0.277250,25
1,2048,2,ql,1,0.205542,0.203042,0.211750,25
1,2048,2,ql_share,1,0.312584,0.305875,0.321292,25
1,2048,2,cpu,1,0.146500,0.141291,0.160000,25
1,2048,2,simd_vals,1,0.170834,0.159792,0.174750,25
1,2048,2,tg_vals,1,0.175625,0.169500,0.178917,25
1,2048,2,ql_vals,1,0.176500,0.170834,0.179750,25
1,2048,2,ql_share_vals,1,0.291625,0.285416,0.300875,25
1,2048,2,cpu_vals,1,0.136792,0.102584,0.295417,25
1,1024,256,block,1,1263.328959,1263.023625,1264.102146,3
1,1024,256,cpu,1,165.539708,165.456583,167.313375,5
1,1024,256,block_vals,1,949.787500,949.734583,949.896042,3
1,1024,256,cpu_vals,1,77.264542,77.219916,77.997167,5
1,2048,96,tg,1,287.315708,286.739250,287.410042,5
1,2048,96,block,1,149.923916,149.881209,150.355083,5
1,2048,96,cpu,1,42.248083,42.056667,42.856041,5
1,2048,96,tg_vals,1,263.387584,263.167708,263.469166,5
1,2048,96,block_vals,1,125.294583,125.278291,125.320042,5
1,2048,96,cpu_vals,1,21.925834,21.882250,22.105104,7
1,128,96,tg,1,18.834958,18.594219,18.939552,8
1,128,96,block,1,11.363770,11.319948,11.471708,14
1,128,96,cpu,1,3.493750,2.946709,3.515792,25
1,128,96,tg_vals,1,17.675125,17.599708,17.974750,9
1,128,96,block_vals,1,10.324667,10.259479,10.392958,15
1,128,96,cpu_vals,1,2.172917,1.592458,2.194334,25
1,2,2,simd,1,0.216667,0.200875,0.237042,25
1,2,2,tg,1,0.178083,0.174834,0.210959,25
1,2,2,ql,1,0.163875,0.144209,0.228875,25
1,2,2,cpu,1,0.003333,0.002375,0.004000,25
1,2,2,simd_vals,1,0.162083,0.150917,0.215500,25
1,2,2,tg_vals,1,0.175166,0.153958,0.212708,25
1,2,2,ql_vals,1,0.157667,0.149042,0.225833,25
1,2,2,cpu_vals,1,0.002833,0.001959,0.003583,25
1,8,16,simd,1,0.355209,0.335292,1.103250,25
1,8,16,tg,1,0.235666,0.223084,0.237333,25
1,8,16,ql,1,0.260916,0.249625,0.264583,25
1,8,16,cpu,1,0.038458,0.036875,0.040083,25
1,8,16,simd_vals,1,0.320750,0.308584,0.330459,25
1,8,16,tg_vals,1,0.231417,0.213958,0.234750,25
1,8,16,ql_vals,1,0.232417,0.216125,0.245209,25
1,8,16,cpu_vals,1,0.028417,0.026875,0.029958,25
1,1,2,simd,1,0.166125,0.161333,0.193500,25
1,1,2,tg,1,0.155625,0.149167,0.173500,25
1,1,2,ql,1,0.153125,0.148375,0.172334,25
1,1,2,cpu,1,0.001208,0.001167,0.001375,25
1,1,2,simd_vals,1,0.160625,0.155875,0.171958,25
1,1,2,tg_vals,1,0.169833,0.156791,0.177875,25
1,1,2,ql_vals,1,0.153250,0.147292,0.170500,25
1,1,2,cpu_vals,1,0.001416,0.001375,0.001500,25
1,2,768,block,1,73.670875,73.654250,73.693708,5
1,2,768,cpu,1,21.192208,20.656167,21.249136,8
1,2,768,tridiag,1,19.120416,18.788344,19.275157,8
1,2,768,block_vals,1,64.782916,64.744541,64.847750,5
1,2,768,cpu_vals,1,10.176542,10.059938,10.442396,15
1,2,768,tridiag_vals,1,14.451084,14.413041,14.498813,11
1,2,768,band8_vals,1,16.145667,16.054031,16.228625,10
1,2,768,band_vals,1,14.785042,14.698354,14.917063,11
1,2,768,band32_vals,1,19.766334,19.718260,19.812125,8
1,1024,48,tg,1,15.116792,15.087646,15.166208,10
1,1024,48,block,1,22.508541,22.461208,22.519875,7
1,1024,48,ql,1,4.825959,4.815166,4.836208,25
1,1024,48,ql_share,1,3.959833,3.617208,4.068000,25
1,1024,48,cpu,1,5.659791,5.630167,5.812834,25
1,1024,48,tg_vals,1,13.129104,13.112448,13.178719,12
1,1024,48,block_vals,1,19.656479,19.628542,19.684136,8
1,1024,48,ql_vals,1,3.443250,3.435500,3.446875,25
1,1024,48,ql_share_vals,1,2.143916,2.125833,2.174917,25
1,1024,48,cpu_vals,1,3.020167,2.486916,3.093833,25
1,32,8,simd,1,0.354584,0.336625,0.362583,25
1,32,8,tg,1,0.333083,0.231458,0.359250,25
1,32,8,ql,1,0.175458,0.170208,0.187083,25
1,32,8,cpu,1,0.082916,0.082166,0.085208,25
1,32,8,simd_vals,1,0.174334,0.165500,0.185584,25
1,32,8,tg_vals,1,0.165333,0.161291,0.181542,25
1,32,8,ql_vals,1,0.160083,0.154417,0.176125,25
1,32,8,cpu_vals,1,0.043541,0.043459,0.044000,25
1,512,96,tg,1,71.688500,71.326083,71.755375,5
1,512,96,block,1,37.314792,37.274167,37.386000,5
1,512,96,cpu,1,11.230854,11.146823,11.256166,14
1,512,96,tg_vals,1,65.559125,65.478875,65.775541,5
1,512,96,block_vals,1,30.161834,30.158375,30.203500,5
1,512,96,cpu_vals,1,5.952292,5.937791,5.991917,25
1,1,3584,block,1,3318.870292,3318.604625,3319.550334,3
1,1,3584,cpu,1,1139.277333,1138.701083,1139.990875,3
1,1,3584,tridiag,1,175.163458,174.815917,175.219333,5
1,1,3584,block_vals,1,2173.735708,2173.669271,2174.394646,3
1,1,3584,cpu_vals,1,302.955750,301.986813,303.163979,3
1,1,3584,tridiag_vals,1,127.876917,127.818250,127.970458,5
1,1,3584,band8_vals,1,163.539417,161.724291,168.597875,5
1,1,3584,band_vals,1,92.786292,92.598834,92.927791,5
1,1,3584,band32_vals,1,98.102875,98.099250,98.365791,5
1,32,12,simd,1,0.718625,0.670375,0.801708,25
1,32,12,tg,1,0.275125,0.272459,0.281792,25
1,32,12,ql,1,0.291208,0.287959,0.304333,25
1,32,12,cpu,1,0.090750,0.070250,0.117583,25
1,32,12,simd_vals,1,0.304292,0.288292,0.309875,25
1,32,12,tg_vals,1,0.245250,0.228500,0.248542,25
1,32,12,ql_vals,1,0.220791,0.212125,0.223208,25
1,32,12,cpu_vals,1,0.080667,0.079250,0.082458,25
1,64,24,simd,1,0.839333,0.783667,0.847334,25
1,64,24,tg,1,0.370959,0.366708,0.373459,25
1,64,24,ql,1,0.400084,0.395584,0.403667,25
1,64,24,ql_share,1,0.498584,0.493375,0.507833,25
1,64,24,cpu,1,0.193541,0.187750,0.201291,25
1,64,24,simd_vals,1,0.696958,0.687083,0.773959,25
1,64,24,tg_vals,1,0.341834,0.337792,0.346000,25
1,64,24,ql_vals,1,0.327250,0.321667,0.329625,25
1,64,24,ql_share_vals,1,0.408875,0.404166,0.419833,25
1,64,24,cpu_vals,1,0.124417,0.120334,0.151333,25
1,8,128,tg,1,7.947709,7.940875,7.951854,19
1,8,128,block,1,6.005500,5.943208,6.133500,25
1,8,128,cpu,1,0.652166,0.647416,0.661542,25
1,8,128,tridiag,1,10.770271,10.742687,10.798781,14
1,8,128,tg_vals,1,7.195709,7.182458,7.202542,21
1,8,128,block_vals,1,5.871375,5.701334,6.055917,25
1,8,128,cpu_vals,1,0.367500,0.364625,0.370000,25
1,8,128,tridiag_vals,1,7.760542,7.756428,7.787438,20
1,16,128,tg,1,7.982958,7.978333,7.987603,19
1,16,128,block,1,6.494458,6.419802,6.594708,24
1,16,128,cpu,1,0.787834,0.776500,1.134042,25
1,16,128,tridiag,1,21.820167,21.799416,21.854208,7
1,16,128,tg_vals,1,7.206875,7.196083,7.211125,21
1,16,128,block_vals,1,6.235459,6.110375,6.329375,25
1,16,128,cpu_vals,1,0.422542,0.405792,0.588542,25
1,16,128,tridiag_vals,1,15.392895,15.382063,15.409761,10
1,32,48,tg,1,0.993833,0.945458,1.040917,25
1,32,48,block,1,3.359959,3.290625,3.395041,25
1,32,48,ql,1,0.915583,0.889500,0.920833,25
1,32,48,cpu,1,0.311125,0.308333,0.313834,25
1,32,48,tg_vals,1,0.915541,0.891625,0.943458,25
1,32,48,block_vals,1,3.261333,3.237916,3.291667,25
1,32,48,ql_vals,1,0.736792,0.719375,0.795709,25
1,32,48,cpu_vals,1,0.178791,0.168416,0.210667,25
1,32,768,block,1,985.830542,985.609480,986.340313,3
1,32,768,cpu,1,76.214542,75.169375,77.141458,5
1,32,768,tridiag,1,284.545709,283.994958,284.640584,5
1,32,768,block_vals,1,668.732917,668.601896,668.773521,3
1,32,768,cpu_vals,1,33.387959,32.735625,33.720417,5
1,32,768,tridiag_vals,1,216.054167,215.548542,216.095792,5
1,32,768,band8_vals,1,187.722375,187.655375,187.761875,5
1,32,768,band_vals,1,179.848500,179.787542,180.115334,5
1,32,768,band32_vals,1,260.086125,259.961375,260.361375,5
1,4,512,tg,1,539.203541,539.203312,539.271458,3
1,4,512,block,1,43.619292,43.616625,43.729000,5
1,4,512,cpu,1,10.867792,10.803938,10.892156,14
1,4,512,tridiag,1,22.277834,22.130771,22.527667,7
1,4,512,tg_vals,1,445.348375,445.197437,445.412021,3
1,4,512,block_vals,1,38.543167,38.438166,38.577333,5
1,4,512,cpu_vals,1,4.740583,4.721916,4.783417,25
1,4,512,tridiag_vals,1,17.227542,17.166667,17.283584,9
1,4,512,band8_vals,1,15.822458,15.758802,15.871562,10
1,4,512,band_vals,1,15.205979,15.162876,15.251448,10
1,4,512,band32_vals,1,21.336959,21.320188,21.384708,8
1,4,12,simd,1,0.260708,0.247000,0.262583,25
1,4,12,tg,1,0.219208,0.207791,0.223792,25
1,4,12,ql,1,0.216958,0.201250,0.254125,25
1,4,12,cpu,1,0.022125,0.021000,0.024083,25
1,4,12,simd_vals,1,0.253166,0.237208,0.255959,25
1,4,12,tg_vals,1,0.194708,0.188708,0.207541,25
1,4,12,ql_vals,1,0.189250,0.177083,0.222709,25
1,4,12,cpu_vals,1,0.015833,0.011584,0.016416,25
1,16,1024,block,1,1132.665208,1130.611125,1132.950541,3
1,16,1024,cpu,1,120.173625,119.776834,120.949500,5
1,16,1024,tridiag,1,208.869916,208.861125,208.936542,5
1,16,1024,block_vals,1,755.160417,755.136688,755.190750,3
1,16,1024,cpu_vals,1,32.961708,32.918375,33.141333,5
1,16,1024,tridiag_vals,1,160.090709,159.982459,160.128125,5
1,16,1024,band8_vals,1,146.305917,144.586417,146.929208,5
1,16,1024,band_vals,1,131.390500,131.244958,131.522917,5
1,16,1024,band32_vals,1,186.663583,186.622791,186.701209,5
1,1,32,simd,1,1.515459,1.480417,1.527500,25
1,1,32,tg,1,0.331625,0.324084,0.336584,25
1,1,32,block,1,2.891083,2.851417,2.989084,25
1,1,32,ql,1,0.540250,0.527583,0.542583,25
1,1,32,cpu,1,0.036625,0.030000,0.036875,25
1,1,32,simd_vals,1,1.385041,1.369167,1.391958,25
1,1,32,tg_vals,1,0.319416,0.310916,0.323625,25
1,1,32,block_vals,1,2.824458,2.729542,2.870667,25
1,1,32,ql_vals,1,0.423958,0.410458,0.448500,25
1,1,32,cpu_vals,1,0.011750,0.011708,0.011750,25
1,64,8,simd,1,0.188042,0.172583,0.190583,25
1,64,8,tg,1,0.190459,0.179333,0.193709,25
1,64,8,ql,1,0.200416,0.196125,0.202583,25
1,64,8,ql_share,1,0.161375,0.136375,0.285666,25
1,64,8,cpu,1,0.168291,0.115125,0.169875,25
1,64,8,simd_vals,1,0.170459,0.164375,0.185000,25
1,64,8,tg_vals,1,0.170791,0.165875,0.179500,25
1,64,8,ql_vals,1,0.162000,0.157750,0.180167,25
1,64,8,ql_share_vals,1,0.128125,0.121042,0.135584,25
1,64,8,cpu_vals,1,0.088584,0.085917,0.090250,25
1,256,96,tg,1,35.884292,35.773666,35.974041,5
1,256,96,block,1,18.891708,18.774718,18.948177,8
1,256,96,cpu,1,6.191750,5.702042,6.253833,25
1,256,96,tg_vals,1,32.956458,32.956208,32.987750,5
1,256,96,block_vals,1,17.137291,17.096667,17.154250,9
1,256,96,cpu_vals,1,3.459334,2.989875,3.593041,25
1,2048,16,simd,1,1.416584,1.371375,1.443167,25
1,2048,16,tg,1,1.370167,1.327625,1.411291,25
1,2048,16,ql,1,0.998584,0.923458,1.022125,25
1,2048,16,ql_share,1,0.877916,0.870042,0.889375,25
1,2048,16,cpu,1,1.313333,1.207000,1.322333,25
1,2048,16,simd_vals,1,1.167291,1.121833,1.216208,25
1,2048,16,tg_vals,1,1.174417,1.121875,1.218667,25
1,2048,16,ql_vals,1,0.612792,0.607000,0.617916,25
1,2048,16,ql_share_vals,1,0.644417,0.624375,0.696250,25
1,2048,16,cpu_vals,1,0.639834,0.598250,0.651834,25
1,32,16,simd,1,0.381709,0.359250,1.129000,25
1,32,16,tg,1,0.248458,0.247791,0.250375,25
1,32,16,ql,1,0.276000,0.260334,0.278458,25
1,32,16,cpu,1,0.104083,0.088375,0.282000,25
1,32,16,simd_vals,1,0.311667,0.302625,0.322916,25
1,32,16,tg_vals,1,0.238292,0.236542,0.240667,25
1,32,16,ql_vals,1,0.236750,0.224083,0.238583,25
1,32,16,cpu_vals,1,0.119333,0.114375,0.121958,25
1,512,48,tg,1,8.002417,7.953563,8.089146,19
1,512,48,block,1,11.979667,11.957250,12.038250,13
1,512,48,ql,1,2.559458,2.551834,2.568542,25
1,512,48,ql_share,1,2.041291,2.027167,2.071250,25
1,512,48,cpu,1,2.891084,2.869291,3.442667,25
1,512,48,tg_vals,1,6.976083,6.918562,7.014448,22
1,512,48,block_vals,1,11.215625,11.189833,11.294230,14
1,512,48,ql_vals,1,1.849625,1.844375,1.858041,25
1,512,48,ql_share_vals,1,1.659417,1.612833,1.681459,25
1,512,48,cpu_vals,1,1.912708,1.307000,1.932125,25
1,4096,64,tg,1,153.215625,152.956125,153.281834,5
1,4096,64,block,1,96.028875,95.910125,96.147042,5
1,4096,64,ql,1,44.701333,44.633125,44.723208,5
1,4096,64,ql_share,1,23.421250,23.336000,23.507542,7
1,4096,64,cpu,1,38.221709,36.987416,39.908125,5
1,4096,64,tg_vals,1,131.591500,131.480166,131.665417,5
1,4096,64,block_vals,1,83.641041,83.640625,83.765459,5
1,4096,64,ql_vals,1,32.280125,32.212458,32.293166,5
1,4096,64,ql_share_vals,1,11.244291,11.210792,11.268302,14
1,4096,64,cpu_vals,1,15.655604,15.559333,15.842166,10
1,4,1536,block,1,962.870500,962.735375,962.895104,3
1,4,1536,cpu,1,121.022625,118.761583,121.837792,5
1,4,1536,tridiag,1,101.026875,100.871209,101.032375,5
1,4,1536,block_vals,1,588.957542,588.934146,589.330938,3
1,4,1536,cpu_vals,1,55.339833,55.259709,55.452750,5
1,4,1536,tridiag_vals,1,77.901584,77.874708,77.937042,5
1,4,1536,band8_vals,1,75.394917,75.200125,76.540625,5
1,4,1536,band_vals,1,68.763500,67.641166,69.352375,5
1,4,1536,band32_vals,1,88.869959,82.126584,90.411917,5
1,16,16,simd,1,0.377708,0.349875,1.051500,25
1,16,16,tg,1,0.239000,0.224750,0.241709,25
1,16,16,ql,1,0.268625,0.259458,0.270541,25
1,16,16,cpu,1,0.097417,0.069792,0.150625,25
1,16,16,simd_vals,1,0.313042,0.301334,0.324583,25
1,16,16,tg_vals,1,0.231375,0.212291,0.236208,25
1,16,16,ql_vals,1,0.237750,0.235167,0.294750,25
1,16,16,cpu_vals,1,0.064250,0.038500,0.074083,25
1,512,64,tg,1,20.052958,19.858282,20.153177,8
1,512,64,block,1,13.279625,13.265167,13.316677,12
1,512,64,ql,1,6.481124,6.468135,6.497521,24
1,512,64,ql_share,1,4.327750,4.315583,4.366416,25
1,512,64,cpu,1,5.180833,5.094958,5.439875,25
1,512,64,tg_vals,1,17.279833,17.054583,17.318708,9
1,512,64,block_vals,1,12.085416,12.026958,12.139667,13
1,512,64,ql_vals,1,4.783917,4.754375,4.799167,25
1,512,64,ql_share_vals,1,2.247042,2.216375,2.270167,25
1,512,64,cpu_vals,1,2.619500,2.083458,2.674417,25
1,256,128,tg,1,90.878708,90.850166,91.479917,5
1,256,128,block,1,40.094000,40.061791,40.116125,5
1,256,128,cpu,1,10.038125,10.000521,10.085500,15
1,256,128,tridiag,1,347.688000,347.532792,347.793354,3
1,256,128,tg_vals,1,75.839542,75.169542,75.905417,5
1,256,128,block_vals,1,32.704208,32.593667,32.752500,5
1,256,128,cpu_vals,1,5.377459,5.119750,5.451125,25
1,256,128,tridiag_vals,1,244.757000,244.672417,244.770625,5
1,64,4,simd,1,0.168458,0.149583,0.192125,25
1,64,4,tg,1,0.168083,0.156458,0.176292,25
1,64,4,ql,1,0.166417,0.152042,0.172292,25
1,64,4,ql_share,1,0.127583,0.123917,0.136000,25
1,64,4,cpu,1,0.062250,0.060750,0.063125,25
1,64,4,simd_vals,1,0.151209,0.146083,0.163584,25
1,64,4,tg_vals,1,0.148084,0.144959,0.154667,25
1,64,4,ql_vals,1,0.148125,0.145458,0.161333,25
1,64,4,ql_share_vals,1,0.128542,0.122292,0.132041,25
1,64,4,cpu_vals,1,0.035625,0.034959,0.036417,25
1,2,1536,block,1,427.640625,427.210458,428.384083,3
1,2,1536,cpu,1,109.866833,109.619375,112.366250,5
1,2,1536,tridiag,1,51.265000,51.072375,51.891958,5
1,2,1536,block_vals,1,288.625875,288.509625,288.626375,5
1,2,1536,cpu_vals,1,54.175583,53.456541,54.797584,5
1,2,1536,tridiag_vals,1,39.804625,39.771125,39.805708,5
1,2,1536,band8_vals,1,41.432083,40.933833,41.761167,5
1,2,1536,band_vals,1,37.741541,37.175291,37.891750,5
1,2,1536,band32_vals,1,44.629833,44.618459,44.637708,5
1,128,192,tg,1,271.719917,271.240541,272.077333,5
1,128,192,block,1,62.372667,62.368625,62.552958,5
1,128,192,cpu,1,11.885500,11.830458,11.934834,13
1,128,192,tridiag,1,256.962542,256.802875,257.240708,5
1,128,192,tg_vals,1,147.180542,146.662750,147.515667,5
1,128,192,block_vals,1,47.834209,47.745458,47.866833,5
1,128,192,cpu_vals,1,5.847125,5.719958,6.120083,25
1,128,192,tridiag_vals,1,189.548458,189.539541,189.563291,5
1,512,24,simd,1,1.504875,1.491625,1.517792,25
1,512,24,tg,1,1.231959,1.176458,1.260125,25
1,512,24,ql,1,0.634208,0.630417,0.636458,25
1,512,24,ql_share,1,0.932959,0.910709,0.957917,25
1,512,24,cpu,1,0.807959,0.801583,0.816917,25
1,512,24,simd_vals,1,1.310917,1.274959,1.329542,25
1,512,24,tg_vals,1,1.107459,1.026917,1.121167,25
1,512,24,ql_vals,1,0.448333,0.445625,0.458958,25
1,512,24,ql_share_vals,1,0.435291,0.430042,0.454292,25
1,512,24,cpu_vals,1,0.356208,0.325291,0.630667,25
1,4096,32,simd,1,23.685084,23.527146,23.704209,7
1,4096,32,tg,1,16.478229,16.451250,16.483250,10
1,4096,32,block,1,17.531000,17.502584,17.563833,9
1,4096,32,ql,1,5.361083,5.354125,5.396291,25
1,4096,32,ql_share,1,4.495708,4.464792,4.520959,25
1,4096,32,cpu,1,9.380375,9.286459,9.472209,17
1,4096,32,simd_vals,1,14.366917,14.359730,14.387396,11
1,4096,32,tg_vals,1,14.202792,14.186687,14.221229,11
1,4096,32,block_vals,1,15.194000,15.157625,15.231563,10
1,4096,32,ql_vals,1,3.193458,3.188875,3.202666,25
1,4096,32,ql_share_vals,1,2.164041,2.089375,2.592084,25
1,4096,32,cpu_vals,1,3.529916,3.442417,3.621750,25
1,64,256,tg,1,423.294417,423.281667,423.305334,3
1,64,256,block,1,68.221084,68.164666,68.358375,5
1,64,256,cpu,1,12.412542,12.263125,12.474292,13
1,64,256,tridiag,1,171.786917,171.593125,171.804125,5
1,64,256,tg_vals,1,253.355250,252.304833,253.845250,5
1,64,256,block_vals,1,53.527334,53.516792,53.739833,5
1,64,256,cpu_vals,1,5.464750,5.448166,5.495792,25
1,64,256,tridiag_vals,1,128.391750,128.132125,128.538291,5
1,128,128,tg,1,54.603333,52.211625,54.613750,5
1,128,128,block,1,20.579292,20.506240,20.623959,8
1,128,128,cpu,1,5.316125,5.163041,5.679209,25
1,128,128,tridiag,1,175.238708,175.135417,175.312375,5
1,128,128,tg_vals,1,40.253083,40.244625,40.383708,5
1,128,128,block_vals,1,18.480417,18.452250,18.503042,9
1,128,128,cpu_vals,1,2.585875,2.572000,3.134750,25
1,128,128,tridiag_vals,1,122.517667,122.339625,122.598167,5
1,32,256,tg,1,194.314083,194.285416,194.890458,5
1,32,256,block,1,34.718708,34.712417,34.763083,5
1,32,256,cpu,1,6.617042,6.409124,6.993834,23
1,32,256,tridiag,1,86.012167,85.954458,86.012250,5
1,32,256,tg_vals,1,124.347875,123.608334,124.378667,5
1,32,256,block_vals,1,29.802729,29.747552,29.913406,6
1,32,256,cpu_vals,1,3.468709,2.888666,3.552459,25
1,32,256,tridiag_vals,1,64.660125,64.625542,64.675542,5
1,2,256,tg,1,54.856750,54.848667,54.861084,5
1,2,256,block,1,11.896875,11.873792,11.935000,13
1,2,256,cpu,1,2.104250,2.093333,2.118083,25
1,2,256,tridiag,1,5.385042,5.372292,5.411417,25
1,2,256,tg_vals,1,53.960584,53.958333,53.981583,5
1,2,256,block_vals,1,11.448916,11.406614,11.577448,14
1,2,256,cpu_vals,1,1.079542,1.072833,1.086500,25
1,2,256,tridiag_vals,1,4.412250,4.405416,4.423625,25
1,8,24,simd,1,0.801584,0.745791,0.823833,25
1,8,24,tg,1,0.291792,0.287042,0.294208,25
1,8,24,ql,1,0.388250,0.380791,0.400958,25
1,8,24,cpu,1,0.084833,0.079875,0.090958,25
1,8,24,simd_vals,1,0.724042,0.691958,0.768875,25
1,8,24,tg_vals,1,0.267750,0.263791,0.281167,25
1,8,24,ql_vals,1,0.314583,0.306417,0.320167,25
1,8,24,cpu_vals,1,0.046000,0.042041,0.058584,25
1,4,384,tg,1,218.038833,217.995500,218.068791,5
1,4,384,block,1,24.876541,24.809937,24.934729,7
1,4,384,cpu,1,5.163417,5.149000,5.203000,25
1,4,384,tridiag,1,16.376542,16.321032,16.417417,10
1,4,384,tg_vals,1,190.237917,190.235708,190.254750,5
1,4,384,block_vals,1,22.570500,22.528458,22.688167,7
1,4,384,cpu_vals,1,2.588708,2.581000,2.606791,25
1,4,384,tridiag_vals,1,13.190708,13.183729,13.198469,12
1,32,512,block,1,279.984500,279.705125,280.003833,5
1,32,512,cpu,1,30.490541,30.415125,30.616250,5
1,32,512,tridiag,1,177.757875,177.746208,177.905000,5
1,32,512,block_vals,1,181.862583,181.851334,182.100958,5
1,32,512,cpu_vals,1,13.965125,13.341230,14.227646,11
1,32,512,tridiag_vals,1,132.873166,132.773042,132.878125,5
1,32,512,band8_vals,1,109.484042,109.444292,109.562875,5
1,32,512,band_vals,1,106.736250,106.702959,106.820917,5
1,32,512,band32_vals,1,154.780209,154.721000,154.834333,5
1,1,4,simd,1,0.189000,0.149667,0.868333,25
1,1,4,tg,1,0.191292,0.165500,0.219833,25
1,1,4,ql,1,0.172125,0.165708,0.181750,25
1,1,4,cpu,1,0.001792,0.001666,0.001958,25
1,1,4,simd_vals,1,0.168291,0.158917,0.174834,25
1,1,4,tg_vals,1,0.177250,0.161917,0.225584,25
1,1,4,ql_vals,1,0.155833,0.151542,0.172209,25
1,1,4,cpu_vals,1,0.001709,0.001625,0.001833,25
1,2,128,tg,1,7.897292,7.891625,7.907667,19
1,2,128,block,1,5.930666,5.798916,6.003167,25
1,2,128,cpu,1,0.534667,0.532334,0.537542,25
1,2,128,tridiag,1,2.704584,2.699542,2.711791,25
1,2,128,tg_vals,1,7.189167,7.186000,7.194125,21
1,2,128,block_vals,1,5.819333,5.785333,5.855042,25
1,2,128,cpu_vals,1,0.288292,0.287750,0.289625,25
1,2,128,tridiag_vals,1,2.044625,2.039333,2.048083,25
1,4096,192,block,1,2154.228041,2153.233479,2159.487770,3
1,4096,192,cpu,1,323.138791,322.988062,324.631250,3
1,4096,192,block_vals,1,1669.094417,1668.795896,1669.450396,3
1,4096,192,cpu_vals,1,163.177833,161.827833,163.988666,5
1,4,192,tg,1,27.617750,27.614156,27.640500,6
1,4,192,block,1,9.261000,9.145250,9.317000,17
1,4,192,cpu,1,1.241250,1.233583,1.249208,25
1,4,192,tridiag,1,8.074292,8.040896,8.097978,19
1,4,192,tg_vals,1,25.702937,25.699666,25.706083,6
1,4,192,block_vals,1,8.979417,8.879042,9.038583,17
1,4,192,cpu_vals,1,0.628875,0.625667,0.632625,25
1,4,192,tridiag_vals,1,6.166084,6.156208,6.176125,25
1,1,3072,block,1,2098.794875,2097.966979,2099.839729,3
1,1,3072,cpu,1,680.110333,680.058084,681.398499,3
1,1,3072,tridiag,1,120.161541,119.546500,120.608792,5
1,1,3072,block_vals,1,1323.798250,1322.618354,1329.052334,3
1,1,3072,cpu_vals,1,206.693125,206.637416,206.833875,5
1,1,3072,tridiag_vals,1,85.527042,85.337792,85.570417,5
1,1,3072,band8_vals,1,100.658084,100.527958,100.715667,5
1,1,3072,band_vals,1,66.406959,66.394833,66.709250,5
1,1,3072,band32_vals,1,76.446167,76.437917,77.287000,5
1,2,192,tg,1,27.566313,27.555166,27.581927,6
1,2,192,block,1,8.912083,8.851917,8.993458,17
1,2,192,cpu,1,1.147917,1.139500,1.163334,25
1,2,192,tridiag,1,4.008000,3.992417,4.059542,25
1,2,192,tg_vals,1,25.687375,25.678688,25.697125,6
1,2,192,block_vals,1,8.782208,8.703895,8.847083,18
1,2,192,cpu_vals,1,0.609792,0.609208,0.614542,25
1,2,192,tridiag_vals,1,3.223541,3.218583,3.229333,25
1,16,4,simd,1,0.161250,0.155084,0.187583,25
1,16,4,tg,1,0.177041,0.173209,0.191000,25
1,16,4,ql,1,0.180167,0.172750,0.192083,25
1,16,4,cpu,1,0.017583,0.016875,0.017750,25
1,16,4,simd_vals,1,0.188292,0.175208,0.195625,25
1,16,4,tg_vals,1,0.150958,0.144750,0.182125,25
1,16,4,ql_vals,1,0.144084,0.139459,0.153708,25
1,16,4,cpu_vals,1,0.010791,0.010375,0.011042,25
1,4096,16,simd,1,2.408584,2.386833,2.421625,25
1,4096,16,tg,1,2.391834,2.381500,2.406333,25
1,4096,16,ql,1,1.636375,1.620875,1.667625,25
1,4096,16,ql_share,1,1.457791,1.435125,1.577209,25
1,4096,16,cpu,1,2.381000,2.291084,2.920042,25
1,4096,16,simd_vals,1,2.039459,2.017417,2.238166,25
1,4096,16,tg_vals,1,2.033459,2.022583,2.039625,25
1,4096,16,ql_vals,1,1.073792,1.067916,1.123625,25
1,4096,16,ql_share_vals,1,0.818334,0.809250,0.829166,25
1,4096,16,cpu_vals,1,1.094375,0.972083,1.669334,25
1,4096,24,simd,1,7.530604,7.510396,7.543750,20
1,4096,24,tg,1,7.442125,7.421250,7.470292,21
1,4096,24,ql,1,3.190875,3.183125,3.232708,25
1,4096,24,ql_share,1,2.622583,2.611959,2.636000,25
1,4096,24,cpu,1,5.735750,5.373833,5.838958,25
1,4096,24,simd_vals,1,6.297584,6.285885,6.312968,24
1,4096,24,tg_vals,1,6.253125,6.242532,6.270416,24
1,4096,24,ql_vals,1,1.948459,1.940667,1.955875,25
1,4096,24,ql_share_vals,1,1.354083,1.347625,1.364375,25
1,4096,24,cpu_vals,1,2.101500,1.797667,2.418458,25
1,512,2,simd,1,0.202958,0.183208,0.216375,25
1,512,2,tg,1,0.225542,0.211041,0.240708,25
1,512,2,ql,1,0.207458,0.187958,0.221334,25
1,512,2,ql_share,1,0.284917,0.273667,0.298000,25
1,512,2,cpu,1,0.178084,0.096291,0.181208,25
1,512,2,simd_vals,1,0.143333,0.138458,0.154084,25
1,512,2,tg_vals,1,0.149125,0.140250,0.155708,25
1,512,2,ql_vals,1,0.146541,0.139375,0.153500,25
1,512,2,ql_share_vals,1,0.262000,0.253000,0.276208,25
1,512,2,cpu_vals,1,0.084250,0.079709,0.085375,25
