pass,batch,M,N,backend,ok,ms,p25,p75,reps
0,256,96,96,jacobi,1,47.907167,47.103625,48.289042,5
0,256,96,96,block,1,21.894584,21.770792,21.990001,7
0,256,96,96,cpu,1,11.607958,11.519000,11.791042,13
0,1,1024,1024,jacobi,1,2818.499542,2818.355062,2818.693292,3
0,1,1024,1024,block,1,115.121500,115.116709,115.151125,5
0,1,1024,1024,cpu,1,78.062333,77.751291,78.656250,5
0,1,1024,1024,bidiag,1,75.654250,75.625125,75.703458,5
0,1,1024,1024,bidiag_vals,1,47.146959,47.129667,47.224625,5
0,1,1024,1024,cpu_vals,1,35.584750,35.540625,35.590083,5
0,4,1024,1024,jacobi,1,3976.842625,3976.407458,3979.151980,3
0,4,1024,1024,block,1,293.125791,293.118833,293.785250,5
0,4,1024,1024,cpu,1,93.529542,93.023125,95.035834,5
0,4,1024,1024,bidiag,1,214.794375,214.645333,214.913500,5
0,4,1024,1024,bidiag_vals,1,167.205250,167.201000,167.270333,5
0,4,1024,1024,cpu_vals,1,41.710375,41.266334,42.144375,5
0,256,64,32,jacobi,1,2.426292,2.366500,2.447875,25
0,256,64,32,block,1,3.037166,2.996708,3.109708,25
0,256,64,32,qr,1,2.837041,2.826583,2.870625,25
0,256,64,32,qrblock,1,3.481792,3.450750,3.519334,25
0,256,64,32,gk,1,1.529917,1.484000,1.557958,25
0,256,64,32,gk_vals,1,0.948041,0.910417,0.986875,25
0,256,64,32,cpu_vals,1,0.672625,0.627917,0.705917,25
0,256,64,32,gk_share,1,1.021292,1.013375,1.028709,25
0,256,64,32,gk_share_vals,1,0.669083,0.667042,0.676083,25
0,256,64,32,cpu,1,1.489458,1.463125,1.515833,25
0,1024,56,56,jacobi,1,28.701937,27.966364,29.062230,6
0,1024,56,56,block,1,28.317541,27.779239,28.352281,6
0,1024,56,56,gk,1,11.478355,11.450427,11.525531,14
0,1024,56,56,gk_vals,1,4.987292,4.974542,5.000166,25
0,1024,56,56,cpu_vals,1,3.760209,3.662542,4.060250,25
0,1024,56,56,gk_share,1,6.847667,6.823688,6.900625,22
0,1024,56,56,gk_share_vals,1,2.811125,2.796958,2.821792,25
0,1024,56,56,cpu,1,10.871271,10.682385,11.069021,14
0,4096,1024,32,jacobi,0,0,0,0,0
0,4096,1024,32,block,0,0,0,0,0
0,4096,1024,32,qr,0,0,0,0,0
0,4096,1024,32,qrblock,0,0,0,0,0
0,4096,1024,32,gk,0,0,0,0,0
0,4096,1024,32,gk_vals,0,0,0,0,0
0,4096,1024,32,cpu_vals,0,0,0,0,0
0,4096,1024,32,gk_share,0,0,0,0,0
0,4096,1024,32,gk_share_vals,0,0,0,0,0
0,4096,1024,32,cpu,0,0,0,0,0
0,16,1024,256,jacobi,1,179.933625,179.918458,180.072791,5
0,16,1024,256,block,1,38.083458,37.988041,38.089500,5
0,16,1024,256,qr,1,66.530000,66.372750,66.614750,5
0,16,1024,256,qrblock,1,27.856876,27.530208,28.470980,6
0,16,1024,256,cpu,1,12.114542,12.080416,12.253375,13
0,16,1024,256,bidiag,1,186.563958,186.389083,187.795416,5
0,16,1024,256,bidiag_vals,1,167.738000,167.328166,167.856792,5
0,16,1024,256,cpu_vals,1,5.989625,5.934083,6.452625,25
0,64,64,8,jacobi,1,0.450250,0.407042,0.764292,25
0,64,64,8,qr,1,0.505375,0.498750,0.541416,25
0,64,64,8,gk,1,0.249667,0.247208,0.252542,25
0,64,64,8,gk_vals,1,0.212083,0.202584,0.213583,25
0,64,64,8,cpu_vals,1,0.166292,0.133542,0.265333,25
0,64,64,8,gk_share,1,0.351292,0.345250,0.356458,25
0,64,64,8,gk_share_vals,1,0.307209,0.303417,0.310417,25
0,64,64,8,cpu,1,0.159625,0.155666,0.162959,25
0,16,768,768,jacobi,1,3692.155125,3690.267584,3692.973459,3
0,16,768,768,block,1,519.276708,518.911583,519.463958,3
0,16,768,768,cpu,1,80.338042,79.083833,80.465375,5
0,16,768,768,bidiag,1,512.411416,511.750749,514.696562,3
0,16,768,768,bidiag_vals,1,440.841125,438.865145,441.469271,3
0,16,768,768,cpu_vals,1,50.333791,49.575084,50.405958,5
0,4,512,16,jacobi,1,1.048041,0.370459,1.169334,25
0,4,512,16,qr,1,0.503583,0.497125,0.517042,25
0,4,512,16,gk,1,0.624333,0.616333,0.627334,25
0,4,512,16,gk_vals,1,0.339542,0.334708,0.343625,25
0,4,512,16,cpu_vals,1,0.069334,0.068291,0.075000,25
0,4,512,16,cpu,1,0.108041,0.105334,0.111375,25
0,256,256,256,jacobi,1,1122.559750,1118.411854,1123.606583,3
0,256,256,256,block,1,339.247375,339.126312,339.735125,3
0,256,256,256,cpu,1,77.867375,77.343541,78.641916,5
0,1024,48,48,jacobi,1,21.399958,21.390937,21.972396,7
0,1024,48,48,block,1,25.999229,25.949073,26.062791,6
0,1024,48,48,gk,1,7.243083,7.226416,7.281250,21
0,1024,48,48,gk_vals,1,3.261792,3.252542,3.277209,25
0,1024,48,48,cpu_vals,1,3.241625,2.750167,3.291792,25
0,1024,48,48,gk_share,1,5.196291,5.169459,5.258083,25
0,1024,48,48,gk_share_vals,1,2.218917,2.212000,2.233667,25
0,1024,48,48,cpu,1,9.199500,9.008958,9.358917,17
0,256,1024,128,jacobi,1,716.333000,715.276000,716.591521,3
0,256,1024,128,block,1,134.360291,134.327542,134.432375,5
0,256,1024,128,qr,1,155.583458,155.309958,156.357625,5
0,256,1024,128,qrblock,1,93.230500,92.941625,93.243042,5
0,256,1024,128,cpu,1,62.581541,62.560708,62.762541,5
0,256,1024,128,bidiag,1,1307.716250,1306.778271,1308.642313,3
0,256,1024,128,bidiag_vals,1,1149.491583,1146.873083,1150.343063,3
0,256,1024,128,cpu_vals,1,28.659917,28.462761,28.869761,6
0,64,128,64,jacobi,1,3.513375,3.487875,3.526208,25
0,64,128,64,block,1,3.937666,3.878875,3.985834,25
0,64,128,64,qr,1,4.076667,4.057875,4.087709,25
0,64,128,64,qrblock,1,4.522416,4.475833,4.604708,25
0,64,128,64,gk,1,3.300041,3.249500,3.438917,25
0,64,128,64,gk_vals,1,2.314542,2.298542,2.405458,25
0,64,128,64,cpu_vals,1,0.721375,0.706541,0.740583,25
0,64,128,64,gk_share,1,3.341167,3.323209,3.376042,25
0,64,128,64,gk_share_vals,1,2.317041,2.289125,2.511625,25
0,64,128,64,cpu,1,1.603542,1.596250,1.615708,25
0,4,16,8,jacobi,1,0.317458,0.290834,0.331625,25
0,4,16,8,qr,1,0.574667,0.554917,0.584875,25
0,4,16,8,gk,1,0.215583,0.208916,0.222958,25
0,4,16,8,gk_vals,1,0.208375,0.190416,0.240125,25
0,4,16,8,cpu_vals,1,0.020416,0.019458,0.023125,25
0,4,16,8,cpu,1,0.024167,0.023708,0.026833,25
0,1,128,8,jacobi,1,0.338250,0.272125,0.365583,25
0,1,128,8,qr,1,0.399709,0.367416,0.484333,25
0,1,128,8,gk,1,0.260625,0.251375,0.267459,25
0,1,128,8,gk_vals,1,0.229958,0.194584,0.245125,25
0,1,128,8,cpu_vals,1,0.007250,0.007209,0.007250,25
0,1,128,8,cpu,1,0.014459,0.013667,0.014709,25
0,64,192,192,jacobi,1,110.206625,109.632750,110.427041,5
0,64,192,192,block,1,37.508917,37.427417,37.546583,5
0,64,192,192,cpu,1,10.268792,10.183312,10.434916,15
0,64,192,192,bidiag,1,403.290583,402.890542,403.317771,3
0,64,192,192,bidiag_vals,1,350.426833,350.055229,350.890000,3
0,64,192,192,cpu_vals,1,5.434583,5.147917,5.719333,25
0,16,256,32,jacobi,1,0.531125,0.516459,1.128833,25
0,16,256,32,block,1,2.340625,2.277792,2.370041,25
0,16,256,32,qr,1,0.828750,0.816959,0.839542,25
0,16,256,32,qrblock,1,2.250667,2.205417,2.305250,25
0,16,256,32,gk,1,1.299958,1.250208,1.363041,25
0,16,256,32,gk_vals,1,0.775583,0.737875,0.802125,25
0,16,256,32,cpu_vals,1,0.199709,0.177917,0.579667,25
0,16,256,32,cpu,1,0.310084,0.282708,0.350750,25
0,256,256,16,jacobi,1,1.285125,1.216500,1.412292,25
0,256,256,16,qr,1,1.706542,1.683250,1.770583,25
0,256,256,16,gk,1,1.161875,1.093833,1.195000,25
0,256,256,16,gk_vals,1,0.583625,0.578375,0.589959,25
0,256,256,16,cpu_vals,1,0.696792,0.434333,0.765291,25
0,256,256,16,gk_share,1,0.997417,0.935792,1.043041,25
0,256,256,16,gk_share_vals,1,0.557125,0.553000,0.571792,25
0,256,256,16,cpu,1,1.463167,0.869125,1.497417,25
0,1,256,256,jacobi,1,33.949459,33.934709,34.022917,5
0,1,256,256,block,1,12.962021,12.790406,13.104636,12
0,1,256,256,cpu,1,3.952208,3.876459,4.017250,25
0,1,256,256,bidiag,1,10.383958,10.334875,10.520688,15
0,1,256,256,bidiag_vals,1,8.109375,8.076500,8.140604,19
0,1,256,256,cpu_vals,1,1.737500,1.725250,1.750542,25
0,256,64,8,jacobi,1,0.325625,0.322375,0.344625,25
0,256,64,8,qr,1,0.698500,0.676583,0.717375,25
0,256,64,8,gk,1,0.295583,0.294000,0.301916,25
0,256,64,8,gk_vals,1,0.216750,0.211583,0.219667,25
0,256,64,8,cpu_vals,1,0.200375,0.193791,0.214083,25
0,256,64,8,gk_share,1,0.415583,0.407167,0.426792,25
0,256,64,8,gk_share_vals,1,0.356916,0.351084,0.362916,25
0,256,64,8,cpu,1,0.294333,0.287167,0.307250,25
0,4096,1024,64,jacobi,0,0,0,0,0
0,4096,1024,64,block,0,0,0,0,0
0,4096,1024,64,qr,0,0,0,0,0
0,4096,1024,64,qrblock,0,0,0,0,0
0,4096,1024,64,gk,0,0,0,0,0
0,4096,1024,64,gk_vals,0,0,0,0,0
0,4096,1024,64,cpu_vals,0,0,0,0,0
0,4096,1024,64,gk_share,0,0,0,0,0
0,4096,1024,64,gk_share_vals,0,0,0,0,0
0,4096,1024,64,cpu,0,0,0,0,0
0,4,1024,64,jacobi,1,4.604000,4.588042,4.640500,25
0,4,1024,64,block,1,5.229750,5.076208,5.403500,25
0,4,1024,64,qr,1,2.242084,2.215541,2.274625,25
0,4,1024,64,qrblock,1,3.646875,3.630209,3.660750,25
0,4,1024,64,gk,1,3.172333,3.159209,3.183375,25
0,4,1024,64,gk_vals,1,2.487375,2.471958,2.502875,25
0,4,1024,64,cpu_vals,1,0.561583,0.548625,0.569250,25
0,4,1024,64,cpu,1,1.122666,1.106208,1.133417,25
0,64,512,128,jacobi,1,82.893792,82.243417,83.015709,5
0,64,512,128,block,1,20.622104,20.416251,20.681875,8
0,64,512,128,qr,1,37.905500,37.783125,37.932792,5
0,64,512,128,qrblock,1,19.732583,19.591500,19.801500,8
0,64,512,128,cpu,1,11.445833,11.292792,11.677208,13
0,64,512,128,bidiag,1,293.486333,293.450583,293.884375,5
0,64,512,128,bidiag_vals,1,253.386167,253.074958,253.388083,5
0,64,512,128,cpu_vals,1,6.227875,5.824917,6.343500,25
0,4,16,16,jacobi,1,0.487458,0.469792,0.508417,25
0,4,16,16,gk,1,0.318417,0.312250,0.334125,25
0,4,16,16,gk_vals,1,0.252417,0.247958,0.262667,25
0,4,16,16,cpu_vals,1,0.024042,0.023417,0.027000,25
0,4,16,16,cpu,1,0.039417,0.038458,0.041292,25
0,1024,128,128,jacobi,1,472.241584,467.829271,472.360563,3
0,1024,128,128,block,1,191.325083,190.990292,192.318500,5
0,1024,128,128,cpu,1,82.408667,81.011583,83.701500,5
0,4,48,48,jacobi,1,0.994250,0.847500,1.014625,25
0,4,48,48,block,1,2.498333,2.472417,2.522208,25
0,4,48,48,gk,1,1.103875,1.069208,1.118959,25
0,4,48,48,gk_vals,1,0.862916,0.824833,0.896542,25
0,4,48,48,cpu_vals,1,0.067083,0.066583,0.068208,25
0,4,48,48,cpu,1,0.158500,0.154458,0.162500,25
0,1,1024,32,jacobi,1,0.999125,0.936333,1.404625,25
0,1,1024,32,block,1,4.167084,4.064792,4.243625,25
0,1,1024,32,qr,1,0.689500,0.681000,0.700833,25
0,1,1024,32,qrblock,1,2.350292,2.171250,2.442708,25
0,1,1024,32,gk,1,1.159583,1.107042,1.213333,25
0,1,1024,32,gk_vals,1,0.713583,0.709375,0.718166,25
0,1,1024,32,cpu_vals,1,0.105417,0.104958,0.110291,25
0,1,1024,32,cpu,1,0.223875,0.222459,0.227208,25
0,4,768,768,jacobi,1,1290.153459,1289.283751,1290.915209,3
0,4,768,768,block,1,116.608042,116.350625,116.651666,5
0,4,768,768,cpu,1,39.704917,39.515958,40.781458,5
0,4,768,768,bidiag,1,139.957667,139.486792,140.131292,5
0,4,768,768,bidiag_vals,1,113.683792,112.937875,113.738250,5
0,4,768,768,cpu_vals,1,18.262833,18.240041,18.311291,9
0,1024,256,16,jacobi,1,4.112167,4.067459,4.128375,25
0,1024,256,16,qr,1,4.971083,4.859459,5.067125,25
0,1024,256,16,gk,1,3.408709,3.394958,3.446625,25
0,1024,256,16,gk_vals,1,1.482375,1.442375,1.498000,25
0,1024,256,16,cpu_vals,1,1.788666,1.744084,1.855334,25
0,1024,256,16,gk_share,1,3.098084,2.840042,3.428542,25
0,1024,256,16,gk_share_vals,1,1.053916,1.039000,1.097917,25
0,1024,256,16,cpu,1,3.526792,3.153208,3.562208,25
0,16,128,64,jacobi,1,1.281875,1.247125,1.326208,25
0,16,128,64,block,1,2.847916,2.828958,2.891750,25
0,16,128,64,qr,1,1.671375,1.641750,1.723834,25
0,16,128,64,qrblock,1,3.299666,3.251292,3.319208,25
0,16,128,64,gk,1,2.610750,2.593000,2.619083,25
0,16,128,64,gk_vals,1,1.847416,1.817459,1.889042,25
0,16,128,64,cpu_vals,1,0.331625,0.270125,0.594375,25
0,16,128,64,cpu,1,0.511125,0.498917,0.710542,25
0,4096,24,24,jacobi,1,14.173125,14.128334,14.285146,11
0,4096,24,24,gk,1,5.794500,5.751750,5.834292,25
0,4096,24,24,gk_vals,1,2.377167,2.330542,2.388541,25
0,4096,24,24,cpu_vals,1,3.290833,3.229583,3.685250,25
0,4096,24,24,gk_share,1,4.526250,4.470791,4.929834,25
0,4096,24,24,gk_share_vals,1,1.838292,1.832541,1.849167,25
0,4096,24,24,cpu,1,9.544020,9.458000,9.597479,16
0,256,32,16,jacobi,1,1.079167,1.017000,1.096250,25
0,256,32,16,qr,1,1.119458,1.034833,1.154583,25
0,256,32,16,gk,1,0.423000,0.419625,0.427625,25
0,256,32,16,gk_vals,1,0.297333,0.291375,0.300625,25
0,256,32,16,cpu_vals,1,0.273792,0.267625,0.289083,25
0,256,32,16,gk_share,1,0.544250,0.540417,0.552542,25
0,256,32,16,gk_share_vals,1,0.398583,0.391042,0.443042,25
0,256,32,16,cpu,1,0.565542,0.535083,0.599917,25
0,16,128,128,jacobi,1,5.058916,5.047542,5.071208,25
0,16,128,128,block,1,7.224042,7.116166,7.304958,21
0,16,128,128,cpu,1,1.709916,1.687500,1.768375,25
0,16,128,128,bidiag,1,63.205042,63.155750,63.339083,5
0,16,128,128,bidiag_vals,1,53.499708,53.453834,53.607833,5
0,16,128,128,cpu_vals,1,1.106375,1.102292,1.113458,25
0,16,80,80,jacobi,1,1.903542,1.859084,1.951417,25
0,16,80,80,block,1,4.316208,4.265416,4.359875,25
0,16,80,80,gk,1,2.642125,2.586458,2.653916,25
0,16,80,80,gk_vals,1,1.918291,1.903208,1.925417,25
0,16,80,80,cpu_vals,1,0.454667,0.329125,0.500292,25
0,16,80,80,cpu,1,0.577417,0.565916,0.833458,25
0,256,16,16,jacobi,1,0.670333,0.639542,0.748750,25
0,256,16,16,gk,1,0.393209,0.388708,0.399375,25
0,256,16,16,gk_vals,1,0.283500,0.276708,0.288458,25
0,256,16,16,cpu_vals,1,0.225750,0.212166,0.632333,25
0,256,16,16,gk_share,1,0.518334,0.512334,0.525333,25
0,256,16,16,gk_share_vals,1,0.402208,0.384750,0.412000,25
0,256,16,16,cpu,1,0.420458,0.392958,0.624792,25
0,1,128,32,jacobi,1,0.400083,0.390125,0.438167,25
0,1,128,32,block,1,2.099459,2.064792,2.125084,25
0,1,128,32,qr,1,0.542625,0.533334,0.555708,25
0,1,128,32,qrblock,1,2.225209,2.055959,2.300917,25
0,1,128,32,gk,1,0.754750,0.721375,0.817500,25
0,1,128,32,gk_vals,1,0.538000,0.511625,0.555167,25
0,1,128,32,cpu_vals,1,0.033833,0.032791,0.034333,25
0,1,128,32,cpu,1,0.093750,0.093167,0.094834,25
0,64,56,56,jacobi,1,2.483667,2.449167,2.507708,25
0,64,56,56,block,1,3.806500,3.682167,3.882417,25
0,64,56,56,gk,1,1.554459,1.502042,1.567167,25
0,64,56,56,gk_vals,1,1.125334,1.069708,1.155125,25
0,64,56,56,cpu_vals,1,0.339459,0.329125,0.614000,25
0,64,56,56,gk_share,1,1.681000,1.646916,1.706708,25
0,64,56,56,gk_share_vals,1,1.242125,1.166500,1.272125,25
0,64,56,56,cpu,1,0.810750,0.797666,0.815917,25
0,256,32,32,jacobi,1,2.185625,2.131042,2.229500,25
0,256,32,32,block,1,3.042375,3.003291,3.059417,25
0,256,32,32,gk,1,0.948209,0.915333,0.967500,25
0,256,32,32,gk_vals,1,0.529750,0.526625,0.532459,25
0,256,32,32,cpu_vals,1,0.472917,0.430792,0.657875,25
0,256,32,32,gk_share,1,0.880459,0.878000,0.886125,25
0,256,32,32,gk_share_vals,1,0.602333,0.595750,0.641917,25
0,256,32,32,cpu,1,1.098584,1.046042,1.129875,25
0,1,512,512,jacobi,1,262.371750,262.311875,262.413750,5
0,1,512,512,block,1,31.982166,31.967958,32.058833,5
0,1,512,512,cpu,1,17.120167,16.770542,17.309458,9
0,1,512,512,bidiag,1,25.753958,25.706145,25.811896,6
0,1,512,512,bidiag_vals,1,18.881104,18.741291,18.905760,8
0,1,512,512,cpu_vals,1,7.741333,7.728844,7.754126,20
0,4,256,32,jacobi,1,0.510541,0.482416,0.881541,25
0,4,256,32,block,1,2.223375,2.162041,2.271041,25
0,4,256,32,qr,1,0.609333,0.606042,0.612583,25
0,4,256,32,qrblock,1,2.067292,2.034042,2.085625,25
0,4,256,32,gk,1,1.083833,1.046667,1.142042,25
0,4,256,32,gk_vals,1,0.642917,0.636333,0.658958,25
0,4,256,32,cpu_vals,1,0.089459,0.088334,0.092292,25
0,4,256,32,cpu,1,0.158250,0.155584,0.160167,25
0,4,64,64,jacobi,1,1.146791,1.088459,1.911166,25
0,4,64,64,block,1,2.864209,2.834167,2.902750,25
0,4,64,64,gk,1,1.769083,1.761750,1.774667,25
0,4,64,64,gk_vals,1,1.350750,1.324958,1.380250,25
0,4,64,64,cpu_vals,1,0.103417,0.101667,0.106666,25
0,4,64,64,cpu,1,0.232875,0.229959,0.238042,25
0,16,128,16,jacobi,1,0.278500,0.274542,0.283583,25
0,16,128,16,qr,1,0.517542,0.508000,0.571125,25
0,16,128,16,gk,1,0.367834,0.364250,0.370833,25
0,16,128,16,gk_vals,1,0.289333,0.278667,0.294333,25
0,16,128,16,cpu_vals,1,0.094625,0.086416,0.114500,25
0,16,128,16,cpu,1,0.166709,0.155209,0.180500,25
0,4,2048,128,jacobi,1,42.278041,42.263458,42.293125,5
0,4,2048,128,block,1,14.091500,14.050521,14.223541,11
0,4,2048,128,qr,1,8.106459,8.032604,8.210229,19
0,4,2048,128,qrblock,1,9.133792,8.882083,9.275375,17
0,4,2048,128,cpu,1,4.287250,4.119709,4.305875,25
0,4,2048,128,bidiag,1,26.467605,26.447802,26.548719,6
0,4,2048,128,bidiag_vals,1,23.714333,23.686792,23.929792,7
0,4,2048,128,cpu_vals,1,2.505125,2.078500,2.530583,25
0,256,2048,256,qr,1,1197.815042,1190.569042,1199.515208,3
0,256,2048,256,qrblock,1,525.965250,519.469875,527.005000,3
0,256,2048,256,cpu,1,269.403250,267.604750,269.585750,5
0,4096,32,32,jacobi,1,26.991625,26.675521,27.096355,6
0,4096,32,32,block,1,22.386000,22.285916,22.518229,7
0,4096,32,32,gk,1,9.398917,9.272032,9.474000,16
0,4096,32,32,gk_vals,1,4.179041,4.170708,4.189500,25
0,4096,32,32,cpu_vals,1,5.300584,5.214833,5.411000,25
0,4096,32,32,gk_share,1,9.250750,9.090584,9.433417,17
0,4096,32,32,gk_share_vals,1,3.644583,3.440791,3.959250,25
0,4096,32,32,cpu,1,15.441333,15.218146,15.627645,10
0,256,56,56,jacobi,1,7.576437,7.567114,7.619001,20
0,256,56,56,block,1,8.456001,8.199771,8.522708,18
0,256,56,56,gk,1,3.334334,3.306417,3.363292,25
0,256,56,56,gk_vals,1,1.531666,1.492042,1.568958,25
0,256,56,56,cpu_vals,1,1.046250,0.976459,1.119500,25
0,256,56,56,gk_share,1,3.041833,2.977000,3.087916,25
0,256,56,56,gk_share_vals,1,1.653500,1.598125,2.000042,25
0,256,56,56,cpu,1,2.793250,2.760958,2.883959,25
0,64,1024,32,jacobi,1,8.040209,8.004792,8.079208,19
0,64,1024,32,block,1,5.785208,5.702958,5.869875,25
0,64,1024,32,qr,1,3.572917,3.440666,3.633500,25
0,64,1024,32,qrblock,1,4.791125,4.712625,4.885666,25
0,64,1024,32,gk,1,3.619750,3.556125,3.807458,25
0,64,1024,32,gk_vals,1,2.533375,2.024792,2.695167,25
0,64,1024,32,cpu_vals,1,1.300958,0.913958,1.405583,25
0,64,1024,32,gk_share,1,3.482750,3.425791,3.786583,25
0,64,1024,32,gk_share_vals,1,2.425666,2.278666,2.893000,25
0,64,1024,32,cpu,1,2.178125,1.789542,2.217792,25
0,16,96,96,jacobi,1,2.607916,2.548083,2.619375,25
0,16,96,96,block,1,4.722625,4.669667,4.764375,25
0,16,96,96,cpu,1,0.887000,0.865333,1.300708,25
0,1,128,64,jacobi,1,1.143459,1.105375,1.172667,25
0,1,128,64,block,1,2.619083,2.597875,2.698375,25
0,1,128,64,qr,1,1.246916,1.221000,1.308750,25
0,1,128,64,qrblock,1,2.708500,2.691458,2.757042,25
0,1,128,64,gk,1,2.070708,2.060792,2.076208,25
0,1,128,64,gk_vals,1,1.475375,1.438500,1.515833,25
0,1,128,64,cpu_vals,1,0.110292,0.109958,0.111208,25
0,1,128,64,cpu,1,0.270625,0.267792,0.272375,25
0,1,32,32,jacobi,1,0.621917,0.524667,1.066875,25
0,1,32,32,block,1,2.356042,2.319042,2.457458,25
0,1,32,32,gk,1,0.688083,0.632000,0.712709,25
0,1,32,32,gk_vals,1,0.470917,0.453916,0.528042,25
0,1,32,32,cpu_vals,1,0.020709,0.020250,0.020875,25
0,1,32,32,cpu,1,0.058833,0.058542,0.059208,25
0,1,8,8,jacobi,1,0.254209,0.240500,0.266250,25
0,1,8,8,gk,1,0.253875,0.245708,0.276083,25
0,1,8,8,gk_vals,1,0.203083,0.192416,0.213500,25
0,1,8,8,cpu_vals,1,0.005333,0.005292,0.005375,25
0,1,8,8,cpu,1,0.009041,0.009000,0.009125,25
0,1024,32,16,jacobi,1,1.765333,1.724666,1.792000,25
0,1024,32,16,qr,1,2.432750,2.406958,2.451375,25
0,1024,32,16,gk,1,1.103833,1.087000,1.130250,25
0,1024,32,16,gk_vals,1,0.532125,0.526584,0.538250,25
0,1024,32,16,cpu_vals,1,0.709208,0.692750,0.724208,25
0,1024,32,16,gk_share,1,1.210333,1.190334,1.215250,25
0,1024,32,16,gk_share_vals,1,0.797584,0.781250,0.807750,25
0,1024,32,16,cpu,1,1.817209,1.798459,1.843459,25
0,1024,128,32,jacobi,1,9.562855,9.501489,9.594875,16
0,1024,128,32,block,1,9.644458,9.436156,9.795313,16
0,1024,128,32,qr,1,11.119312,10.943271,11.234416,14
0,1024,128,32,qrblock,1,10.156167,10.081875,10.412209,15
0,1024,128,32,gk,1,6.834834,6.798573,6.871709,22
0,1024,128,32,gk_vals,1,3.672209,3.662208,3.685792,25
0,1024,128,32,cpu_vals,1,2.813958,2.400375,2.857375,25
0,1024,128,32,gk_share,1,4.397958,4.354875,4.486334,25
0,1024,128,32,gk_share_vals,1,1.987375,1.977708,2.011459,25
0,1024,128,32,cpu,1,6.637583,6.413958,6.912770,23
0,4096,16,8,jacobi,1,1.436083,1.378416,1.487666,25
0,4096,16,8,qr,1,2.307750,2.280000,2.389041,25
0,4096,16,8,gk,1,1.062584,0.996041,1.096083,25
0,4096,16,8,gk_vals,1,0.538042,0.533167,0.542375,25
0,4096,16,8,cpu_vals,1,1.056375,1.003375,1.069958,25
0,4096,16,8,gk_share,1,1.679458,1.578917,1.750666,25
0,4096,16,8,gk_share_vals,1,1.079458,1.010709,1.093167,25
0,4096,16,8,cpu,1,1.906083,1.848750,1.973167,25
0,256,4,4,jacobi,1,0.317166,0.308084,0.322792,25
0,256,4,4,gk,1,0.225167,0.223125,0.227916,25
0,256,4,4,gk_vals,1,0.195458,0.193584,0.200500,25
0,256,4,4,cpu_vals,1,0.157125,0.130250,0.291666,25
0,256,4,4,gk_share,1,0.336000,0.330625,0.343209,25
0,256,4,4,gk_share_vals,1,0.293833,0.290791,0.296416,25
0,256,4,4,cpu,1,0.143583,0.135625,0.166167,25
0,16,192,192,jacobi,1,18.056125,18.048583,18.068875,9
0,16,192,192,block,1,12.787417,12.754896,12.833844,12
0,16,192,192,cpu,1,3.194875,3.150917,3.581375,25
0,16,192,192,bidiag,1,100.875291,100.834833,100.919541,5
0,16,192,192,bidiag_vals,1,87.615000,87.587000,88.003583,5
0,16,192,192,cpu_vals,1,1.576208,1.548084,2.114583,25
0,256,24,24,jacobi,1,1.373917,1.287709,1.892792,25
0,256,24,24,gk,1,0.621792,0.618041,0.628250,25
0,256,24,24,gk_vals,1,0.387417,0.384458,0.389083,25
0,256,24,24,cpu_vals,1,0.312833,0.300041,0.639667,25
0,256,24,24,gk_share,1,0.702333,0.688083,0.716542,25
0,256,24,24,gk_share_vals,1,0.510500,0.505291,0.520250,25
0,256,24,24,cpu,1,0.755541,0.739875,0.784584,25
0,1024,16,16,jacobi,1,1.759416,1.715417,1.790417,25
0,1024,16,16,gk,1,0.898041,0.802666,0.911208,25
0,1024,16,16,gk_vals,1,0.473791,0.467917,0.551708,25
0,1024,16,16,cpu_vals,1,0.600625,0.540334,0.663958,25
0,1024,16,16,gk_share,1,0.900292,0.889000,0.907625,25
0,1024,16,16,gk_share_vals,1,0.636917,0.625250,0.648792,25
0,1024,16,16,cpu,1,1.199416,1.179709,1.227917,25
0,16,56,56,jacobi,1,1.031375,0.976167,1.063542,25
0,16,56,56,block,1,2.915834,2.873416,2.948583,25
0,16,56,56,gk,1,1.445000,1.394584,1.457208,25
0,16,56,56,gk_vals,1,1.098708,1.063083,1.141416,25
0,16,56,56,cpu_vals,1,0.190583,0.188583,0.197625,25
0,16,56,56,cpu,1,0.330417,0.325583,0.335792,25
0,64,256,64,jacobi,1,5.104541,5.086709,5.135041,25
0,64,256,64,block,1,4.700458,4.662541,4.751459,25
0,64,256,64,qr,1,5.224083,4.697750,5.257458,25
0,64,256,64,qrblock,1,5.721000,5.575958,5.853500,25
0,64,256,64,gk,1,4.516375,4.466750,4.575541,25
0,64,256,64,gk_vals,1,2.926917,2.866500,3.255208,25
0,64,256,64,cpu_vals,1,1.020542,0.993166,1.490792,25
0,64,256,64,gk_share,1,4.473292,4.075208,4.578708,25
0,64,256,64,gk_share_vals,1,2.827833,2.774292,2.962750,25
0,64,256,64,cpu,1,2.058958,2.019250,2.451083,25
0,1024,128,64,jacobi,1,62.440959,62.103000,64.130750,5
0,1024,128,64,block,1,33.601833,33.566708,33.873333,5
0,1024,128,64,qr,1,61.998416,61.655291,62.725708,5
0,1024,128,64,qrblock,1,38.087250,37.809125,38.285958,5
0,1024,128,64,gk,1,30.575500,30.518166,30.785041,5
0,1024,128,64,gk_vals,1,17.345375,17.108542,17.525500,9
0,1024,128,64,cpu_vals,1,8.115667,8.063250,8.162521,19
0,1024,128,64,gk_share,1,18.338084,17.872750,18.604958,9
0,1024,128,64,gk_share_vals,1,10.544791,10.176312,10.745521,15
0,1024,128,64,cpu,1,20.952416,20.475937,21.606812,8
0,4096,128,128,jacobi,1,1867.056500,1866.108021,1871.140792,3
0,4096,128,128,block,1,760.997417,760.780687,761.399396,3
0,4096,128,128,cpu,1,311.570208,310.265104,313.038229,3
0,4096,128,32,jacobi,1,36.264208,36.121084,36.392500,5
0,4096,128,32,block,1,33.748916,33.487791,33.765958,5
0,4096,128,32,qr,1,36.514459,36.411000,36.670125,5
0,4096,128,32,qrblock,1,31.925000,31.737292,32.100666,5
0,4096,128,32,gk,1,26.441709,25.959011,26.656343,6
0,4096,128,32,gk_vals,1,13.455604,13.418927,13.487635,12
0,4096,128,32,cpu_vals,1,9.372042,9.006375,9.498583,17
0,4096,128,32,gk_share,1,15.755458,15.678583,15.902166,10
0,4096,128,32,gk_share_vals,1,6.281854,6.166104,6.435437,24
0,4096,128,32,cpu,1,25.942042,25.706635,26.385479,6
0,1,2048,2048,cpu,1,437.682750,437.463125,437.721771,3
0,1,2048,2048,bidiag,1,307.971042,307.821834,308.713916,3
0,1,2048,2048,bidiag_vals,1,171.064416,170.681541,171.346917,5
0,1,2048,2048,cpu_vals,1,193.634917,193.551167,195.078834,5
0,4,1024,256,jacobi,1,105.343667,105.323709,105.382583,5
0,4,1024,256,block,1,19.707354,19.641333,19.763958,8
0,4,1024,256,qr,1,33.886625,33.451042,34.007875,5
0,4,1024,256,qrblock,1,15.766917,15.650156,16.032604,10
0,4,1024,256,cpu,1,7.469791,7.266771,7.919906,20
0,4,1024,256,bidiag,1,47.875917,47.804667,48.113208,5
0,4,1024,256,bidiag_vals,1,43.445625,43.402417,43.505666,5
0,4,1024,256,cpu_vals,1,3.896083,3.404792,4.135292,25
0,4,64,8,jacobi,1,0.222584,0.212833,0.232834,25
0,4,64,8,qr,1,0.420083,0.403416,0.444167,25
0,4,64,8,gk,1,0.232083,0.226916,0.254291,25
0,4,64,8,gk_vals,1,0.207167,0.202125,0.254334,25
0,4,64,8,cpu_vals,1,0.021209,0.019958,0.024000,25
0,4,64,8,cpu,1,0.030958,0.030625,0.032250,25
0,1024,512,64,jacobi,1,146.392792,146.090916,147.024125,5
0,1024,512,64,block,1,71.098541,70.939333,71.127875,5
0,1024,512,64,qr,1,90.922000,90.433083,92.172333,5
0,1024,512,64,qrblock,1,70.927834,70.748125,71.233500,5
0,1024,512,64,gk,1,64.395209,64.356125,64.507167,5
0,1024,512,64,gk_vals,1,41.005791,40.985334,41.279875,5
0,1024,512,64,cpu_vals,1,18.836626,18.599145,19.170813,8
0,1024,512,64,gk_share,1,41.213875,40.815166,41.844000,5
0,1024,512,64,gk_share_vals,1,24.186500,22.575167,25.364562,7
0,1024,512,64,cpu,1,42.019333,41.390250,42.221917,5
0,1024,40,40,jacobi,1,13.972000,13.668417,14.065563,11
0,1024,40,40,block,1,23.934584,23.867271,23.991875,7
0,1024,40,40,gk,1,4.859083,4.841959,4.877875,25
0,1024,40,40,gk_vals,1,2.195500,2.190666,2.202875,25
0,1024,40,40,cpu_vals,1,2.015875,1.981834,2.466416,25
0,1024,40,40,gk_share,1,4.250583,3.772917,4.344541,25
0,1024,40,40,gk_share_vals,1,1.694958,1.686792,1.711375,25
0,1024,40,40,cpu,1,6.607084,6.487458,6.833271,23
0,16,1024,128,jacobi,1,37.927500,37.826542,37.953292,5
0,16,1024,128,block,1,13.319771,13.132208,13.364792,12
0,16,1024,128,qr,1,9.097333,9.060459,9.341959,17
0,16,1024,128,qrblock,1,10.667541,10.428271,10.837188,15
0,16,1024,128,cpu,1,4.954250,4.734458,5.044791,25
0,16,1024,128,bidiag,1,83.088000,82.895625,83.107583,5
0,16,1024,128,bidiag_vals,1,73.155250,72.683000,73.460000,5
0,16,1024,128,cpu_vals,1,2.875209,2.714250,3.205208,25
0,1,128,128,jacobi,1,4.908792,4.902625,4.920916,25
0,1,128,128,block,1,6.043208,5.978625,6.146000,25
0,1,128,128,cpu,1,1.031750,1.027875,1.037667,25
0,1,128,128,bidiag,1,4.366833,4.341708,4.415916,25
0,1,128,128,bidiag_vals,1,3.515625,3.453542,3.559959,25
0,1,128,128,cpu_vals,1,0.632083,0.629042,0.634625,25
0,4096,32,8,jacobi,1,1.581166,1.535500,1.723042,25
0,4096,32,8,qr,1,2.614041,2.528709,2.689542,25
0,4096,32,8,gk,1,1.332500,1.283208,1.355500,25
0,4096,32,8,gk_vals,1,0.587042,0.582750,0.589250,25
0,4096,32,8,cpu_vals,1,1.111959,1.075875,1.265792,25
0,4096,32,8,gk_share,1,1.379166,1.361041,1.406125,25
0,4096,32,8,gk_share_vals,1,0.840042,0.834167,0.850458,25
0,4096,32,8,cpu,1,2.163041,2.094541,2.685375,25
0,16,128,32,jacobi,1,1.037000,0.442250,1.353125,25
0,16,128,32,block,1,2.083250,2.062084,2.097333,25
0,16,128,32,qr,1,0.689500,0.675875,0.697667,25
0,16,128,32,qrblock,1,2.111458,2.076208,2.134250,25
0,16,128,32,gk,1,0.805917,0.783125,0.854375,25
0,16,128,32,gk_vals,1,0.558125,0.553292,0.563000,25
0,16,128,32,cpu_vals,1,0.173917,0.167083,0.180250,25
0,16,128,32,cpu,1,0.258500,0.252875,0.263625,25
0,4,8,8,jacobi,1,0.319333,0.297459,0.337083,25
0,4,8,8,gk,1,0.440042,0.416500,0.469209,25
0,4,8,8,gk_vals,1,0.189417,0.171916,0.242583,25
0,4,8,8,cpu_vals,1,0.019250,0.018000,0.019750,25
0,4,8,8,cpu,1,0.019292,0.019000,0.022750,25
0,4,32,8,jacobi,1,0.303292,0.292500,0.313167,25
0,4,32,8,qr,1,0.387416,0.383667,0.392834,25
0,4,32,8,gk,1,0.192750,0.190000,0.199500,25
0,4,32,8,gk_vals,1,0.181583,0.172750,0.222083,25
0,4,32,8,cpu_vals,1,0.020833,0.020000,0.023750,25
0,4,32,8,cpu,1,0.027250,0.024167,0.027959,25
0,1,64,32,jacobi,1,0.527750,0.515042,1.014333,25
0,1,64,32,block,1,2.081084,1.916917,2.111333,25
0,1,64,32,qr,1,0.528208,0.521208,0.538166,25
0,1,64,32,qrblock,1,2.183791,2.063833,2.336125,25
0,1,64,32,gk,1,0.726916,0.682500,0.754458,25
0,1,64,32,gk_vals,1,0.509250,0.492542,0.535708,25
0,1,64,32,cpu_vals,1,0.027708,0.027042,0.028583,25
0,1,64,32,cpu,1,0.071250,0.070542,0.073250,25
0,1024,80,80,jacobi,1,108.924792,108.879167,109.542666,5
0,1024,80,80,block,1,78.347542,78.190583,78.433417,5
0,1024,80,80,gk,1,38.397500,38.351459,38.607416,5
0,1024,80,80,gk_vals,1,16.163833,15.861562,16.257355,10
0,1024,80,80,cpu_vals,1,13.977791,13.807271,14.121541,11
0,1024,80,80,gk_share,1,18.073958,17.869791,18.173291,9
0,1024,80,80,gk_share_vals,1,9.113166,8.956416,9.316083,17
0,1024,80,80,cpu,1,26.193062,26.065281,26.474312,6
0,2,1536,1536,cpu,1,200.183250,198.620500,200.883041,5
0,2,1536,1536,bidiag,1,240.772833,240.657459,241.316750,5
0,2,1536,1536,bidiag_vals,1,179.513333,178.946708,179.526083,5
0,2,1536,1536,cpu_vals,1,100.098542,99.713500,101.487875,5
0,16,16,8,jacobi,1,0.367458,0.330917,0.627583,25
0,16,16,8,qr,1,0.418125,0.400625,0.438792,25
0,16,16,8,gk,1,0.220875,0.215959,0.226583,25
0,16,16,8,gk_vals,1,0.193292,0.177333,0.197625,25
0,16,16,8,cpu_vals,1,0.057875,0.046500,0.060083,25
0,16,16,8,cpu,1,0.100083,0.085209,0.105375,25
0,16,8,8,jacobi,1,0.330792,0.239542,0.346833,25
0,16,8,8,gk,1,0.393959,0.262625,0.460666,25
0,16,8,8,gk_vals,1,0.195083,0.193541,0.198208,25
0,16,8,8,cpu_vals,1,0.047208,0.046208,0.048000,25
0,16,8,8,cpu,1,0.081666,0.076917,0.083458,25
0,256,8,8,jacobi,1,0.432375,0.424292,0.659042,25
0,256,8,8,gk,1,0.341875,0.270917,0.345834,25
0,256,8,8,gk_vals,1,0.207209,0.201875,0.211375,25
0,256,8,8,cpu_vals,1,0.157292,0.148584,0.176708,25
0,256,8,8,gk_share,1,0.386458,0.379292,0.391458,25
0,256,8,8,gk_share_vals,1,0.342417,0.335541,0.346250,25
0,256,8,8,cpu,1,0.199292,0.195834,0.214458,25
0,16,1024,1024,jacobi,1,9143.960583,9143.801812,9172.191979,3
0,16,1024,1024,block,1,1232.585333,1232.468625,1233.351146,3
0,16,1024,1024,cpu,1,298.932292,297.225666,303.375605,3
0,16,1024,1024,bidiag,1,795.086542,793.944542,796.044667,3
0,16,1024,1024,bidiag_vals,1,651.386417,651.217250,653.131792,3
0,16,1024,1024,cpu_vals,1,212.063583,209.716042,212.800666,5
0,64,64,16,jacobi,1,0.931167,0.893625,1.028542,25
0,64,64,16,qr,1,0.653792,0.641959,0.670875,25
0,64,64,16,gk,1,0.380417,0.375458,0.383667,25
0,64,64,16,gk_vals,1,0.286417,0.275125,0.292292,25
0,64,64,16,cpu_vals,1,0.165625,0.160208,0.173208,25
0,64,64,16,gk_share,1,0.467791,0.465958,0.471250,25
0,64,64,16,gk_share_vals,1,0.377625,0.375208,0.379583,25
0,64,64,16,cpu,1,0.254625,0.249917,0.260750,25
0,16,40,40,jacobi,1,0.683459,0.581583,1.470375,25
0,16,40,40,block,1,2.492792,2.474000,2.511458,25
0,16,40,40,gk,1,0.866250,0.812084,0.897416,25
0,16,40,40,gk_vals,1,0.680209,0.641166,0.724417,25
0,16,40,40,cpu_vals,1,0.149292,0.136834,0.232875,25
0,16,40,40,cpu,1,0.241334,0.239000,0.247083,25
0,1,512,256,jacobi,1,48.101584,48.069917,48.102625,5
0,1,512,256,block,1,12.278083,12.206458,12.309333,13
0,1,512,256,qr,1,31.871292,31.840708,31.881625,5
0,1,512,256,qrblock,1,12.251958,12.210709,12.335208,13
0,1,512,256,cpu,1,5.338458,5.220458,5.411833,25
0,1,512,256,bidiag,1,12.206875,11.998250,12.219750,13
0,1,512,256,bidiag_vals,1,9.966042,9.849208,10.034958,16
0,1,512,256,cpu_vals,1,2.415333,2.407959,2.427708,25
0,4096,40,40,jacobi,1,49.527875,49.262375,49.571667,5
0,4096,40,40,block,1,91.682250,91.664584,91.735625,5
0,4096,40,40,gk,1,18.489292,18.387333,18.626583,9
0,4096,40,40,gk_vals,1,7.382708,7.365042,7.426333,21
0,4096,40,40,cpu_vals,1,7.495167,7.413459,7.578083,21
0,4096,40,40,gk_share,1,14.032875,13.691437,14.784667,11
0,4096,40,40,gk_share_vals,1,4.784084,4.601375,4.843167,25
0,4096,40,40,cpu,1,24.009333,23.671584,25.101396,7
0,1024,256,8,jacobi,1,1.811875,1.445167,2.018084,25
0,1024,256,8,qr,1,2.378417,2.219333,3.214541,25
0,1024,256,8,gk,1,1.503583,1.430917,1.541042,25
0,1024,256,8,gk_vals,1,0.589250,0.587125,0.592625,25
0,1024,256,8,cpu_vals,1,0.851666,0.732459,1.198167,25
0,1024,256,8,gk_share,1,1.507875,1.471042,1.533250,25
0,1024,256,8,gk_share_vals,1,0.790667,0.634958,0.806834,25
0,1024,256,8,cpu,1,1.787583,1.752167,1.847541,25
0,256,128,32,jacobi,1,2.751375,2.693333,2.773084,25
0,256,128,32,block,1,3.671292,3.641375,3.759417,25
0,256,128,32,qr,1,3.166208,3.113833,3.222917,25
0,256,128,32,qrblock,1,3.922500,3.827000,4.029875,25
0,256,128,32,gk,1,2.268625,2.208209,2.305709,25
0,256,128,32,gk_vals,1,1.339042,1.291125,1.352875,25
0,256,128,32,cpu_vals,1,0.736250,0.694375,1.241500,25
0,256,128,32,gk_share,1,1.776500,1.755833,1.809083,25
0,256,128,32,gk_share_vals,1,1.125334,1.093625,1.159084,25
0,256,128,32,cpu,1,1.755958,1.723875,2.299875,25
0,1,16,16,jacobi,1,0.228667,0.223208,0.280334,25
0,1,16,16,gk,1,0.384459,0.367625,0.392375,25
0,1,16,16,gk_vals,1,0.283542,0.279541,0.293250,25
0,1,16,16,cpu_vals,1,0.009042,0.009000,0.009250,25
0,1,16,16,cpu,1,0.019666,0.019542,0.020000,25
0,1024,4,4,jacobi,1,0.292750,0.285000,0.297417,25
0,1024,4,4,gk,1,0.282625,0.277875,0.285708,25
0,1024,4,4,gk_vals,1,0.208333,0.200708,0.211458,25
0,1024,4,4,cpu_vals,1,0.203666,0.169042,0.636583,25
0,1024,4,4,gk_share,1,0.386708,0.381459,0.402417,25
0,1024,4,4,gk_share_vals,1,0.335583,0.325917,0.346458,25
0,1024,4,4,cpu,1,0.249250,0.244334,0.270292,25
0,4,1536,1536,cpu,1,233.041208,229.736042,235.420583,5
0,4,1536,1536,bidiag,1,439.517667,438.834875,439.804666,3
0,4,1536,1536,bidiag_vals,1,344.754292,344.729563,345.448563,3
0,4,1536,1536,cpu_vals,1,125.386667,120.938792,126.708959,5
0,256,128,16,jacobi,1,0.996500,0.972417,1.444750,25
0,256,128,16,qr,1,1.289125,1.283583,1.305166,25
0,256,128,16,gk,1,0.747541,0.740834,0.754542,25
0,256,128,16,gk_vals,1,0.441542,0.438167,0.450250,25
0,256,128,16,cpu_vals,1,0.331083,0.311125,0.633833,25
0,256,128,16,gk_share,1,0.666041,0.652458,0.675542,25
0,256,128,16,gk_share_vals,1,0.426583,0.423583,0.429041,25
0,256,128,16,cpu,1,0.703208,0.689875,0.734916,25
0,1,1024,256,jacobi,1,85.986083,85.969875,86.021542,5
0,1,1024,256,block,1,15.681625,15.539177,15.740489,10
0,1,1024,256,qr,1,31.321958,31.321167,31.377833,5
0,1,1024,256,qrblock,1,13.902500,13.789979,14.097729,11
0,1,1024,256,cpu,1,6.564125,6.496312,6.662709,23
0,1,1024,256,bidiag,1,13.399229,13.220355,13.536093,12
0,1,1024,256,bidiag_vals,1,11.121583,10.848219,11.187021,14
0,1,1024,256,cpu_vals,1,2.989083,2.976333,3.007375,25
0,64,512,16,jacobi,1,1.119958,0.743292,1.314583,25
0,64,512,16,qr,1,1.054167,1.047750,1.062958,25
0,64,512,16,gk,1,1.114917,1.098042,1.130208,25
0,64,512,16,gk_vals,1,0.620250,0.577709,0.686834,25
0,64,512,16,cpu_vals,1,0.271708,0.262292,0.644208,25
0,64,512,16,gk_share,1,1.251500,1.171875,1.302375,25
0,64,512,16,gk_share_vals,1,0.753750,0.744750,0.766458,25
0,64,512,16,cpu,1,0.508417,0.475125,0.659916,25
0,16,24,24,jacobi,1,0.889125,0.815584,0.924750,25
0,16,24,24,gk,1,0.514000,0.509708,0.518625,25
0,16,24,24,gk_vals,1,0.353916,0.350375,0.359042,25
0,16,24,24,cpu_vals,1,0.106958,0.086000,0.189416,25
0,16,24,24,cpu,1,0.160792,0.155750,0.164959,25
0,1,256,64,jacobi,1,1.447542,1.401625,1.498000,25
0,1,256,64,block,1,3.112250,3.078542,3.124708,25
0,1,256,64,qr,1,1.340125,1.305459,1.396959,25
0,1,256,64,qrblock,1,2.784125,2.742667,2.821083,25
0,1,256,64,gk,1,2.153042,2.129792,2.162458,25
0,1,256,64,gk_vals,1,1.538833,1.523000,1.558541,25
0,1,256,64,cpu_vals,1,0.125584,0.125291,0.128292,25
0,1,256,64,cpu,1,0.298417,0.296708,0.299958,25
0,64,512,256,jacobi,1,449.923625,446.627542,450.455521,3
0,64,512,256,block,1,102.617417,102.434458,102.667750,5
0,64,512,256,qr,1,278.636625,277.538917,278.977708,5
0,64,512,256,qrblock,1,84.610750,84.093542,84.870166,5
0,64,512,256,cpu,1,30.843792,30.831584,30.882792,5
0,64,512,256,bidiag,1,666.440000,665.501708,666.476354,3
0,64,512,256,bidiag_vals,1,591.681167,590.731938,594.291125,3
0,64,512,256,cpu_vals,1,14.885875,14.725751,14.981625,11
0,1,256,8,jacobi,1,0.424792,0.403083,0.543459,25
0,1,256,8,qr,1,0.397458,0.391292,0.408542,25
0,1,256,8,gk,1,0.233375,0.223000,0.259834,25
0,1,256,8,gk_vals,1,0.243875,0.220250,0.266542,25
0,1,256,8,cpu_vals,1,0.009416,0.009000,0.009458,25
0,1,256,8,cpu,1,0.019125,0.018875,0.019667,25
0,4,2048,256,jacobi,1,206.687083,206.676291,206.703042,5
0,4,2048,256,block,1,30.148167,30.081791,30.213917,5
0,4,2048,256,qr,1,35.931542,35.756584,36.211583,5
0,4,2048,256,qrblock,1,19.694583,19.425489,19.873656,8
0,4,2048,256,cpu,1,10.587792,10.491333,10.713854,15
0,4,2048,256,bidiag,1,58.027625,57.884834,58.083583,5
0,4,2048,256,bidiag_vals,1,52.621583,51.866791,52.866250,5
0,4,2048,256,cpu_vals,1,5.329250,5.289042,5.486417,25
0,4096,128,8,jacobi,1,2.884250,2.861291,2.923333,25
0,4096,128,8,qr,1,5.232541,5.126875,5.494459,25
0,4096,128,8,gk,1,2.846584,2.834250,2.866250,25
0,4096,128,8,gk_vals,1,1.164875,1.121250,1.210709,25
0,4096,128,8,cpu_vals,1,1.988292,1.566792,2.059125,25
0,4096,128,8,gk_share,1,2.796167,2.704042,2.835458,25
0,4096,128,8,gk_share_vals,1,1.279958,1.271208,1.318666,25
0,4096,128,8,cpu,1,3.598292,3.316250,3.641833,25
0,64,32,32,jacobi,1,0.886958,0.788625,1.932458,25
0,64,32,32,block,1,2.322333,2.273208,2.348334,25
0,64,32,32,gk,1,0.709458,0.707416,0.768792,25
0,64,32,32,gk_vals,1,0.489583,0.488750,0.493834,25
0,64,32,32,cpu_vals,1,0.207750,0.196875,0.221167,25
0,64,32,32,gk_share,1,0.809833,0.797250,0.899250,25
0,64,32,32,gk_share_vals,1,0.579125,0.573833,0.591834,25
0,64,32,32,cpu,1,0.390000,0.384916,0.421958,25
0,4,1024,128,jacobi,1,19.424396,19.403583,19.438886,8
0,4,1024,128,block,1,9.052917,8.988708,9.238750,17
0,4,1024,128,qr,1,6.563750,6.518209,6.600084,23
0,4,1024,128,qrblock,1,7.650083,7.541625,7.884980,20
0,4,1024,128,cpu,1,2.703125,2.604625,2.791583,25
0,4,1024,128,bidiag,1,21.178083,21.015645,21.232438,8
0,4,1024,128,bidiag_vals,1,18.860604,18.799458,19.005803,8
0,4,1024,128,cpu_vals,1,1.397583,1.386875,1.419875,25
0,1,80,80,jacobi,1,1.717042,1.684667,2.147583,25
0,1,80,80,block,1,3.864250,3.823375,3.924166,25
0,1,80,80,gk,1,2.451750,2.429750,2.461667,25
0,1,80,80,gk_vals,1,1.808625,1.788250,1.819958,25
0,1,80,80,cpu_vals,1,0.192709,0.186667,0.195791,25
0,1,80,80,cpu,1,0.360750,0.358041,0.370500,25
0,16,256,16,jacobi,1,0.316584,0.312750,0.331541,25
0,16,256,16,qr,1,0.559542,0.547041,0.569292,25
0,16,256,16,gk,1,0.383250,0.380750,0.386208,25
0,16,256,16,gk_vals,1,0.301042,0.299167,0.303292,25
0,16,256,16,cpu_vals,1,0.136416,0.128416,0.153834,25
0,16,256,16,cpu,1,0.188042,0.185500,0.191334,25
0,4,128,64,jacobi,1,1.214000,1.192667,1.265041,25
0,4,128,64,block,1,2.629709,2.605083,2.741833,25
0,4,128,64,qr,1,1.420166,1.380625,1.452250,25
0,4,128,64,qrblock,1,2.842500,2.814250,2.873667,25
0,4,128,64,gk,1,2.165000,2.146625,2.200292,25
0,4,128,64,gk_vals,1,1.571583,1.538208,1.598625,25
0,4,128,64,cpu_vals,1,0.164041,0.162459,0.166625,25
0,4,128,64,cpu,1,0.343250,0.339958,0.345875,25
0,64,40,40,jacobi,1,1.355000,1.313583,1.368584,25
0,64,40,40,block,1,3.534875,3.464792,3.559416,25
0,64,40,40,gk,1,0.929625,0.875208,0.967167,25
0,64,40,40,gk_vals,1,0.648042,0.643083,0.730250,25
0,64,40,40,cpu_vals,1,0.266375,0.231375,0.649500,25
0,64,40,40,gk_share,1,1.036625,0.996500,1.073000,25
0,64,40,40,gk_share_vals,1,0.820167,0.762459,0.834750,25
0,64,40,40,cpu,1,0.563791,0.544458,0.670500,25
0,256,32,8,jacobi,1,0.289333,0.285083,0.296458,25
0,256,32,8,qr,1,0.635500,0.617875,0.659416,25
0,256,32,8,gk,1,0.278084,0.266791,0.280916,25
0,256,32,8,gk_vals,1,0.214792,0.201917,0.219833,25
0,256,32,8,cpu_vals,1,0.187125,0.179500,0.203166,25
0,256,32,8,gk_share,1,0.395083,0.386500,0.407125,25
0,256,32,8,gk_share_vals,1,0.346125,0.341625,0.353291,25
0,256,32,8,cpu,1,0.257375,0.252041,0.271667,25
0,1,4096,4096,cpu,1,3459.599042,3457.429625,3467.476500,3
0,1,4096,4096,bidiag,1,1699.927667,1697.762688,1702.427979,3
0,1,4096,4096,bidiag_vals,1,986.523209,986.048583,988.950438,3
0,1,4096,4096,cpu_vals,1,1897.377041,1896.402479,1906.595812,3
0,4,4,4,jacobi,1,0.231667,0.224041,0.290208,25
0,4,4,4,gk,1,0.277083,0.266125,0.304792,25
0,4,4,4,gk_vals,1,0.178500,0.167792,0.238625,25
0,4,4,4,cpu_vals,1,0.018959,0.018583,0.019958,25
0,4,4,4,cpu,1,0.024209,0.020750,0.025000,25
0,1,256,16,jacobi,1,0.709875,0.293792,0.750000,25
0,1,256,16,qr,1,0.448833,0.442500,0.455416,25
0,1,256,16,gk,1,0.350333,0.347250,0.355833,25
0,1,256,16,gk_vals,1,0.259834,0.255041,0.270500,25
0,1,256,16,cpu_vals,1,0.017458,0.017417,0.017542,25
0,1,256,16,cpu,1,0.054625,0.054166,0.055750,25
0,4096,256,8,jacobi,1,4.838125,4.751750,4.921333,25
0,4096,256,8,qr,1,8.201083,8.056105,8.415708,19
0,4096,256,8,gk,1,5.236083,5.172292,5.309708,25
0,4096,256,8,gk_vals,1,1.811083,1.768709,2.224000,25
0,4096,256,8,cpu_vals,1,2.349916,2.328417,2.375917,25
0,4096,256,8,gk_share,1,4.203584,3.911000,4.616291,25
0,4096,256,8,gk_share_vals,1,1.879166,1.851375,1.893750,25
0,4096,256,8,cpu,1,4.819833,4.768541,4.870709,25
0,64,384,384,jacobi,1,1171.255583,1170.806479,1173.349250,3
0,64,384,384,block,1,275.243333,275.235459,275.347583,5
0,64,384,384,cpu,1,44.863208,44.805625,45.609542,5
0,64,384,384,bidiag,1,867.999125,867.002584,868.545230,3
0,64,384,384,bidiag_vals,1,775.451708,774.044521,776.551354,3
0,64,384,384,cpu_vals,1,23.436666,23.365917,23.600084,7
0,1,64,64,jacobi,1,1.097750,1.031417,1.132292,25
0,1,64,64,block,1,2.857583,2.845000,2.879625,25
0,1,64,64,gk,1,1.676583,1.656708,1.703958,25
0,1,64,64,gk_vals,1,1.296959,1.278500,1.334125,25
0,1,64,64,cpu_vals,1,0.071625,0.070375,0.073625,25
0,1,64,64,cpu,1,0.205292,0.202125,0.207833,25
0,1,32,8,jacobi,1,0.168250,0.159250,0.197125,25
0,1,32,8,qr,1,0.383792,0.364833,0.440125,25
0,1,32,8,gk,1,0.262500,0.252333,0.266083,25
0,1,32,8,gk_vals,1,0.188083,0.174167,0.213625,25
0,1,32,8,cpu_vals,1,0.006375,0.006292,0.006417,25
0,1,32,8,cpu,1,0.010459,0.010375,0.010542,25
0,16,4,4,jacobi,1,0.151791,0.147750,0.156542,25
0,16,4,4,gk,1,0.165084,0.159834,0.176125,25
0,16,4,4,gk_vals,1,0.154209,0.150084,0.168333,25
0,16,4,4,cpu_vals,1,0.026958,0.026667,0.030084,25
0,16,4,4,cpu,1,0.038417,0.037708,0.041459,25
0,1,1024,64,jacobi,1,4.495083,4.454750,4.503250,25
0,1,1024,64,block,1,5.063500,4.971667,5.199875,25
0,1,1024,64,qr,1,1.553250,1.511208,1.603500,25
0,1,1024,64,qrblock,1,2.869959,2.849333,2.905417,25
0,1,1024,64,gk,1,2.497792,2.458875,2.505084,25
0,1,1024,64,gk_vals,1,1.846167,1.833375,1.869709,25
0,1,1024,64,cpu_vals,1,0.267750,0.266834,0.270959,25
0,1,1024,64,cpu,1,0.595125,0.590708,0.601250,25
0,4096,64,8,jacobi,1,2.019916,1.982666,2.055084,25
0,4096,64,8,qr,1,3.407208,3.259917,3.559083,25
0,4096,64,8,gk,1,1.845000,1.822833,1.880917,25
0,4096,64,8,gk_vals,1,0.855083,0.754584,0.868042,25
0,4096,64,8,cpu_vals,1,1.845375,1.412125,1.893291,25
0,4096,64,8,gk_share,1,1.598709,1.590875,1.615583,25
0,4096,64,8,gk_share_vals,1,0.902250,0.889917,0.912708,25
0,4096,64,8,cpu,1,2.929875,2.570500,3.005208,25
0,256,512,128,jacobi,1,317.041083,315.399062,317.454312,3
0,256,512,128,block,1,83.243625,83.192000,83.278708,5
0,256,512,128,qr,1,132.565417,132.550375,133.575958,5
0,256,512,128,qrblock,1,68.389583,68.264208,68.462208,5
0,256,512,128,cpu,1,42.197875,42.106458,42.455375,5
0,256,512,128,bidiag,1,1175.339500,1174.954333,1176.116438,3
0,256,512,128,bidiag_vals,1,1015.478916,1015.057208,1016.144749,3
0,256,512,128,cpu_vals,1,21.808542,21.731876,22.059666,7
0,4,384,384,jacobi,1,126.982625,126.978292,127.026958,5
0,4,384,384,block,1,28.787250,28.715781,28.860031,6
0,4,384,384,cpu,1,8.722583,8.681542,8.865073,18
0,4,384,384,bidiag,1,56.389458,56.266500,56.406083,5
0,4,384,384,bidiag_vals,1,49.145333,49.056584,49.175792,5
0,4,384,384,cpu_vals,1,4.187417,4.160750,4.234208,25
0,256,512,64,jacobi,1,36.500458,35.881625,37.126750,5
0,256,512,64,block,1,19.720937,19.629792,19.814896,8
0,256,512,64,qr,1,24.861167,24.460542,25.206417,7
0,256,512,64,qrblock,1,19.833146,19.729750,20.187240,8
0,256,512,64,gk,1,18.281125,17.809250,18.390042,9
0,256,512,64,gk_vals,1,12.237708,12.128292,12.561375,13
0,256,512,64,cpu_vals,1,6.203167,5.619938,6.748146,24
0,256,512,64,gk_share,1,16.187625,15.911500,16.262292,10
0,256,512,64,gk_share_vals,1,10.148875,10.003833,10.283000,15
0,256,512,64,cpu,1,11.452917,11.168886,11.628532,14
0,64,128,8,jacobi,1,0.584958,0.463500,0.893041,25
0,64,128,8,qr,1,0.550583,0.539500,0.593666,25
0,64,128,8,gk,1,0.263208,0.250625,0.268500,25
0,64,128,8,gk_vals,1,0.212583,0.207833,0.217875,25
0,64,128,8,cpu_vals,1,0.283708,0.145500,0.321417,25
0,64,128,8,gk_share,1,0.356542,0.348750,0.358583,25
0,64,128,8,gk_share_vals,1,0.311292,0.307083,0.314541,25
0,64,128,8,cpu,1,0.191750,0.187791,0.196333,25
0,4,24,24,jacobi,1,0.744709,0.680042,0.802958,25
0,4,24,24,gk,1,0.498166,0.492167,0.516542,25
0,4,24,24,gk_vals,1,0.356833,0.353125,0.373042,25
0,4,24,24,cpu_vals,1,0.033750,0.031375,0.036459,25
0,4,24,24,cpu,1,0.062792,0.062250,0.063458,25
0,1024,64,32,jacobi,1,8.045500,7.946417,8.102833,19
0,1024,64,32,block,1,7.236833,7.050791,7.333250,21
0,1024,64,32,qr,1,9.833645,9.750480,9.985459,16
0,1024,64,32,qrblock,1,8.734250,8.525979,8.926916,18
0,1024,64,32,gk,1,4.272709,4.252750,4.288458,25
0,1024,64,32,gk_vals,1,2.353875,2.317167,2.360458,25
0,1024,64,32,cpu_vals,1,2.505708,2.108125,2.552500,25
0,1024,64,32,gk_share,1,3.741625,3.711333,3.768125,25
0,1024,64,32,gk_share_vals,1,1.976542,1.962625,2.056250,25
0,1024,64,32,cpu,1,5.912500,5.489500,5.965042,25
0,4,192,192,jacobi,1,15.361771,15.354469,15.386865,10
0,4,192,192,block,1,9.700521,9.640979,9.817115,16
0,4,192,192,cpu,1,2.022042,1.999667,2.038959,25
0,4,192,192,bidiag,1,25.161271,25.065906,25.195573,6
0,4,192,192,bidiag_vals,1,22.146416,22.097042,22.179354,7
0,4,192,192,cpu_vals,1,1.123666,1.111042,1.134916,25
0,64,512,512,jacobi,1,4097.354542,4093.906979,4099.273730,3
0,64,512,512,block,1,633.629750,632.215354,634.267312,3
0,64,512,512,cpu,1,102.045583,100.572167,102.062417,5
0,64,512,512,bidiag,1,1210.381833,1206.149312,1218.780021,3
0,64,512,512,bidiag_vals,1,1068.767917,1068.287771,1072.459854,3
0,64,512,512,cpu_vals,1,51.936417,51.578334,52.048334,5
0,1,192,192,jacobi,1,14.874250,14.865229,14.907395,11
0,1,192,192,block,1,9.263292,9.207583,9.319917,17
0,1,192,192,cpu,1,1.927667,1.897458,1.945167,25
0,1,192,192,bidiag,1,7.067479,7.041760,7.114219,22
0,1,192,192,bidiag_vals,1,5.710083,5.692250,5.751167,25
0,1,192,192,cpu_vals,1,0.848459,0.845000,0.853292,25
0,256,256,128,jacobi,1,126.064083,125.896334,126.807791,5
0,256,256,128,block,1,56.067084,55.835000,56.245708,5
0,256,256,128,qr,1,121.708334,119.265459,122.846333,5
0,256,256,128,qrblock,1,56.261000,55.760000,56.484334,5
0,256,256,128,cpu,1,32.405083,32.365167,32.824166,5
0,256,256,128,bidiag,1,1097.051916,1096.101666,1097.197042,3
0,256,256,128,bidiag_vals,1,936.271791,935.898021,937.821583,3
0,256,256,128,cpu_vals,1,17.439000,17.311958,17.483167,9
0,64,2048,256,jacobi,1,2383.563041,2382.068604,2385.288208,3
0,64,2048,256,block,1,279.372083,279.334291,279.832042,5
0,64,2048,256,qr,1,310.354167,309.048188,311.029708,3
0,64,2048,256,qrblock,1,129.645250,129.602166,130.016583,5
0,64,2048,256,cpu,1,70.713959,70.320416,70.716708,5
0,64,2048,256,bidiag,1,903.255667,901.507709,904.135042,3
0,64,2048,256,bidiag_vals,1,816.777459,815.902750,821.240812,3
0,64,2048,256,cpu_vals,1,30.837583,30.656750,31.230542,5
0,16,2048,64,jacobi,1,19.545583,19.523271,19.579448,8
0,16,2048,64,block,1,10.156417,9.989062,10.337146,15
0,16,2048,64,qr,1,5.054917,4.971125,5.132000,25
0,16,2048,64,qrblock,1,6.874542,6.669042,6.934416,23
0,16,2048,64,gk,1,6.033166,5.957792,6.231791,25
0,16,2048,64,gk_vals,1,4.648917,4.429750,4.743583,25
0,16,2048,64,cpu_vals,1,1.753709,1.739208,1.853458,25
0,16,2048,64,cpu,1,3.163417,3.116542,3.219542,25
0,1,40,40,jacobi,1,0.538500,0.527458,1.340875,25
0,1,40,40,block,1,2.411791,2.398250,2.432458,25
0,1,40,40,gk,1,0.796417,0.781542,0.848916,25
0,1,40,40,gk_vals,1,0.689917,0.656917,0.702583,25
0,1,40,40,cpu_vals,1,0.029375,0.029000,0.029916,25
0,1,40,40,cpu,1,0.086209,0.085292,0.087166,25
0,16,512,128,jacobi,1,13.780250,13.763896,13.818791,11
0,16,512,128,block,1,8.766916,8.665687,8.807572,18
0,16,512,128,qr,1,7.129167,7.058073,7.212896,22
0,16,512,128,qrblock,1,8.662562,8.324854,8.813834,18
0,16,512,128,cpu,1,3.659667,3.277459,3.839625,25
0,16,512,128,bidiag,1,74.063459,73.440792,74.149292,5
0,16,512,128,bidiag_vals,1,63.982417,63.491750,64.419916,5
0,16,512,128,cpu_vals,1,2.168334,2.046625,2.263625,25
0,1024,512,256,qrblock,1,1393.517583,1391.914854,1403.841250,3
0,1024,512,256,cpu,1,442.413375,442.102021,445.310042,3
0,4,512,32,jacobi,1,1.062958,0.729750,1.169417,25
0,4,512,32,block,1,2.779000,2.755500,2.804042,25
0,4,512,32,qr,1,0.708041,0.704750,0.716167,25
0,4,512,32,qrblock,1,2.140875,2.114916,2.168708,25
0,4,512,32,gk,1,1.185250,1.144625,1.229125,25
0,4,512,32,gk_vals,1,0.712125,0.701334,0.749542,25
0,4,512,32,cpu_vals,1,0.135042,0.133125,0.137500,25
0,4,512,32,cpu,1,0.242625,0.240292,0.246792,25
0,4096,64,32,jacobi,1,28.637021,28.341562,28.984292,6
0,4096,64,32,block,1,24.939125,24.769917,25.271333,7
0,4096,64,32,qr,1,31.847542,31.740667,32.213084,5
0,4096,64,32,qrblock,1,26.261229,26.146417,26.315730,6
0,4096,64,32,gk,1,15.472042,15.428197,15.517573,10
0,4096,64,32,gk_vals,1,7.917084,7.900875,7.943792,19
0,4096,64,32,cpu_vals,1,7.633437,7.503427,7.735656,20
0,4096,64,32,gk_share,1,13.094041,12.860229,13.254448,12
0,4096,64,32,gk_share_vals,1,4.783959,4.753917,4.815000,25
0,4096,64,32,cpu,1,21.418292,21.163188,21.781792,7
0,16,64,32,jacobi,1,1.173875,0.396041,1.244875,25
0,16,64,32,block,1,2.081375,2.050458,2.121500,25
0,16,64,32,qr,1,0.640375,0.631875,0.660625,25
0,16,64,32,qrblock,1,2.244958,2.216375,2.304875,25
0,16,64,32,gk,1,0.784625,0.735625,0.837959,25
0,16,64,32,gk_vals,1,0.532583,0.527333,0.537125,25
0,16,64,32,cpu_vals,1,0.140083,0.131167,0.165875,25
0,16,64,32,cpu,1,0.226083,0.222625,0.231625,25
0,64,4,4,jacobi,1,0.260250,0.243542,0.267541,25
0,64,4,4,gk,1,0.293959,0.239125,0.307334,25
0,64,4,4,gk_vals,1,0.175500,0.162833,0.179375,25
0,64,4,4,cpu_vals,1,0.102500,0.100625,0.105584,25
0,64,4,4,gk_share,1,0.297625,0.285334,0.300959,25
0,64,4,4,gk_share_vals,1,0.132667,0.127208,0.149542,25
0,64,4,4,cpu,1,0.142250,0.100542,0.144916,25
0,64,16,16,jacobi,1,0.728292,0.658709,0.775458,25
0,64,16,16,gk,1,0.352708,0.349666,0.357958,25
0,64,16,16,gk_vals,1,0.268792,0.266084,0.274417,25
0,64,16,16,cpu_vals,1,0.133250,0.128416,0.144625,25
0,64,16,16,gk_share,1,0.454083,0.451042,0.461750,25
0,64,16,16,gk_share_vals,1,0.364583,0.361958,0.368000,25
0,64,16,16,cpu,1,0.180000,0.174667,0.185625,25
0,4096,256,32,jacobi,1,84.995625,83.875917,87.245916,5
0,4096,256,32,block,1,52.732458,51.991083,53.027209,5
0,4096,256,32,qr,1,52.490834,52.485833,52.587875,5
0,4096,256,32,qrblock,1,47.962500,47.702375,48.264125,5
0,4096,256,32,gk,1,38.714667,38.683000,39.395000,5
0,4096,256,32,gk_vals,1,21.980583,21.573000,22.123417,7
0,4096,256,32,cpu_vals,1,14.201625,14.025875,14.438979,11
0,4096,256,32,gk_share,1,31.583709,31.558417,31.984625,5
0,4096,256,32,gk_share_vals,1,16.946625,15.149427,18.760229,10
0,4096,256,32,cpu,1,32.591667,32.393667,32.724083,5
0,1,256,128,jacobi,1,5.662167,5.648834,5.670916,25
0,1,256,128,block,1,5.549625,5.421250,5.645417,25
0,1,256,128,qr,1,4.757750,4.712500,4.766709,25
0,1,256,128,qrblock,1,5.574917,5.554750,5.692084,25
0,1,256,128,cpu,1,1.347625,1.340875,1.352250,25
0,1,256,128,bidiag,1,4.709333,4.676042,4.759708,25
0,1,256,128,bidiag_vals,1,3.836125,3.825583,3.864250,25
0,1,256,128,cpu_vals,1,0.786333,0.783542,0.794000,25
0,4096,256,128,jacobi,1,2081.242000,2078.044313,2083.304417,3
0,4096,256,128,block,1,858.321584,858.205772,864.828084,3
0,4096,256,128,qr,1,2011.950625,2005.190187,2020.501250,3
0,4096,256,128,qrblock,1,869.747542,869.697958,872.910666,3
0,4096,256,128,cpu,1,465.755041,465.414625,467.475666,3
0,4096,8,8,jacobi,1,1.422458,1.399584,1.595917,25
0,4096,8,8,gk,1,0.922375,0.853167,0.954334,25
0,4096,8,8,gk_vals,1,0.506125,0.493833,0.585917,25
0,4096,8,8,cpu_vals,1,0.827583,0.794959,0.835750,25
0,4096,8,8,gk_share,1,0.988791,0.958750,1.000333,25
0,4096,8,8,gk_share_vals,1,0.663667,0.657000,0.673875,25
0,4096,8,8,cpu,1,1.506584,1.485167,1.516458,25
0,256,2048,64,jacobi,1,327.353959,326.803500,328.753480,3
0,256,2048,64,block,1,59.835833,59.783500,59.992959,5
0,256,2048,64,qr,1,55.222916,53.907333,55.401250,5
0,256,2048,64,qrblock,1,55.100750,53.381750,58.244708,5
0,256,2048,64,gk,1,53.319208,53.310875,54.049959,5
0,256,2048,64,gk_vals,1,39.393667,38.871250,41.175917,5
0,256,2048,64,cpu_vals,1,16.929625,16.882459,17.182125,9
0,256,2048,64,gk_share,1,49.439667,48.696833,49.623583,5
0,256,2048,64,gk_share_vals,1,29.466854,28.999146,30.556906,6
0,256,2048,64,cpu,1,35.392834,35.067042,35.643334,5
0,4,2048,2048,cpu,1,791.615917,790.502479,803.493271,3
0,4,2048,2048,bidiag,1,793.437667,793.032563,794.235938,3
0,4,2048,2048,bidiag_vals,1,610.557125,609.928771,610.893937,3
0,4,2048,2048,cpu_vals,1,469.230292,465.239625,473.071542,3
0,1024,2048,64,jacobi,0,0,0,0,0
0,1024,2048,64,block,0,0,0,0,0
0,1024,2048,64,qr,0,0,0,0,0
0,1024,2048,64,qrblock,0,0,0,0,0
0,1024,2048,64,gk,0,0,0,0,0
0,1024,2048,64,gk_vals,0,0,0,0,0
0,1024,2048,64,cpu_vals,0,0,0,0,0
0,1024,2048,64,gk_share,0,0,0,0,0
0,1024,2048,64,gk_share_vals,0,0,0,0,0
0,1024,2048,64,cpu,0,0,0,0,0
0,1024,1024,64,jacobi,1,622.390250,622.170355,623.151667,3
0,1024,1024,64,block,1,122.337625,121.793000,122.877709,5
0,1024,1024,64,qr,1,135.706209,132.499834,136.360167,5
0,1024,1024,64,qrblock,1,114.235708,113.868000,114.800792,5
0,1024,1024,64,gk,1,105.653917,105.163166,105.835709,5
0,1024,1024,64,gk_vals,1,69.956583,68.683000,78.533042,5
0,1024,1024,64,cpu_vals,1,33.494083,32.970083,33.720750,5
0,1024,1024,64,gk_share,1,71.528833,69.087500,75.940459,5
0,1024,1024,64,gk_share_vals,1,43.373750,43.245250,45.804041,5
0,1024,1024,64,cpu,1,69.708083,68.982542,70.534709,5
0,1024,64,64,jacobi,1,52.701459,52.264333,52.984125,5
0,1024,64,64,block,1,30.391250,30.341792,30.437458,5
0,1024,64,64,gk,1,17.474208,17.367792,17.510292,9
0,1024,64,64,gk_vals,1,7.768604,7.736719,7.796489,20
0,1024,64,64,cpu_vals,1,5.013167,4.873958,5.153792,25
0,1024,64,64,gk_share,1,9.031125,9.004000,9.236375,17
0,1024,64,64,gk_share_vals,1,3.812291,3.802208,3.843834,25
0,1024,64,64,cpu,1,14.454125,14.270083,14.689646,11
0,1,256,32,jacobi,1,0.885125,0.773750,1.390125,25
0,1,256,32,block,1,2.216792,2.152584,2.260250,25
0,1,256,32,qr,1,0.588750,0.583209,0.593167,25
0,1,256,32,qrblock,1,2.351333,2.182667,2.375291,25
0,1,256,32,gk,1,1.050792,0.996000,1.083917,25
0,1,256,32,gk_vals,1,0.601500,0.584875,0.606958,25
0,1,256,32,cpu_vals,1,0.053459,0.053375,0.053792,25
0,1,256,32,cpu,1,0.115084,0.113958,0.117875,25
0,64,2048,128,jacobi,1,423.838459,423.576646,424.079209,3
0,64,2048,128,block,1,67.327667,67.295917,67.328583,5
0,64,2048,128,qr,1,59.031958,58.955833,59.188250,5
0,64,2048,128,qrblock,1,41.555917,41.546333,42.581875,5
0,64,2048,128,cpu,1,29.239646,29.115385,29.314626,6
0,64,2048,128,bidiag,1,417.127333,417.015667,417.826958,3
0,64,2048,128,bidiag_vals,1,370.087917,369.804062,371.228355,3
0,64,2048,128,cpu_vals,1,12.293333,12.156708,12.373375,13
0,64,512,64,jacobi,1,11.110708,11.045708,11.356687,14
0,64,512,64,block,1,6.629958,6.563771,6.739063,23
0,64,512,64,qr,1,6.718292,6.511021,6.884167,23
0,64,512,64,qrblock,1,7.383833,7.092458,7.545500,21
0,64,512,64,gk,1,6.115375,5.941042,6.213041,25
0,64,512,64,gk_vals,1,4.762291,4.423333,4.790791,25
0,64,512,64,cpu_vals,1,1.750042,1.594834,1.896584,25
0,64,512,64,gk_share,1,6.103958,5.866625,6.188166,25
0,64,512,64,gk_share_vals,1,4.179333,4.120667,4.264125,25
0,64,512,64,cpu,1,3.338959,3.222542,3.427667,25
0,1,24,24,jacobi,1,0.762875,0.311333,1.005000,25
0,1,24,24,gk,1,0.488333,0.469416,0.537708,25
0,1,24,24,gk_vals,1,0.341584,0.331375,0.347458,25
0,1,24,24,cpu_vals,1,0.013084,0.012917,0.013167,25
0,1,24,24,cpu,1,0.034458,0.034250,0.035042,25
0,256,1024,256,jacobi,1,3518.520958,3515.930438,3525.647979,3
0,256,1024,256,block,1,645.683916,645.356958,647.365041,3
0,256,1024,256,qr,1,1103.587041,1097.797124,1106.687271,3
0,256,1024,256,qrblock,1,399.121292,397.531208,400.369188,3
0,256,1024,256,cpu,1,161.276541,160.498292,163.686584,5
0,4096,64,16,jacobi,1,7.018438,6.982510,7.097615,22
0,4096,64,16,qr,1,9.091875,8.997000,9.163167,17
0,4096,64,16,gk,1,4.639041,4.621875,4.804000,25
0,4096,64,16,gk_vals,1,1.929125,1.887833,1.940375,25
0,4096,64,16,cpu_vals,1,3.209750,2.862250,3.282625,25
0,4096,64,16,gk_share,1,4.972917,4.721875,5.424042,25
0,4096,64,16,gk_share_vals,1,2.031583,2.018084,2.065250,25
0,4096,64,16,cpu,1,7.766542,7.418927,7.842219,20
0,16,1024,64,jacobi,1,5.286083,5.250959,5.310667,25
0,16,1024,64,block,1,6.321521,6.234604,6.372844,24
0,16,1024,64,qr,1,3.424584,3.343292,3.458625,25
0,16,1024,64,qrblock,1,5.008667,4.886000,5.121834,25
0,16,1024,64,gk,1,4.452208,4.115375,4.489417,25
0,16,1024,64,gk_vals,1,3.041083,3.003542,3.479000,25
0,16,1024,64,cpu_vals,1,1.437958,0.856709,1.448583,25
0,16,1024,64,cpu,1,2.161208,1.693542,2.204042,25
0,64,256,16,jacobi,1,1.029791,0.483667,1.293333,25
0,64,256,16,qr,1,0.773459,0.764542,0.807250,25
0,64,256,16,gk,1,0.466583,0.458917,0.471959,25
0,64,256,16,gk_vals,1,0.304250,0.300042,0.306750,25
0,64,256,16,cpu_vals,1,0.194958,0.182500,0.632083,25
0,64,256,16,gk_share,1,0.563333,0.555250,0.568542,25
0,64,256,16,gk_share_vals,1,0.403417,0.398750,0.405625,25
0,64,256,16,cpu,1,0.336208,0.331583,0.341292,25
0,16,512,64,jacobi,1,2.252000,2.222208,2.264375,25
0,16,512,64,block,1,4.192500,4.094625,4.247958,25
0,16,512,64,qr,1,2.204333,2.171250,2.259208,25
0,16,512,64,qrblock,1,3.794333,3.764042,3.892209,25
0,16,512,64,gk,1,3.313500,3.274834,3.337208,25
0,16,512,64,gk_vals,1,2.440167,2.387708,2.455875,25
0,16,512,64,cpu_vals,1,0.599583,0.519709,0.633041,25
0,16,512,64,cpu,1,1.042084,1.009875,1.239875,25
0,1024,128,16,jacobi,1,2.742625,2.717041,2.764167,25
0,1024,128,16,qr,1,3.288500,3.253417,3.332667,25
0,1024,128,16,gk,1,2.081416,2.033625,2.112125,25
0,1024,128,16,gk_vals,1,0.959208,0.915167,0.989083,25
0,1024,128,16,cpu_vals,1,1.546959,1.033333,1.587041,25
0,1024,128,16,gk_share,1,2.274166,2.056750,2.414458,25
0,1024,128,16,gk_share_vals,1,1.153916,1.057334,1.449750,25
0,1024,128,16,cpu,1,2.928416,2.911125,2.999667,25
0,4,512,512,jacobi,1,327.478625,327.211125,327.511813,3
0,4,512,512,block,1,48.459209,48.389042,48.508333,5
0,4,512,512,cpu,1,18.577791,18.521625,18.827375,9
0,4,512,512,bidiag,1,80.566041,80.259875,80.633542,5
0,4,512,512,bidiag_vals,1,69.565041,69.216375,69.743959,5
0,4,512,512,cpu_vals,1,9.097833,8.938500,9.143333,17
0,4096,48,48,jacobi,1,81.814750,81.778458,82.015750,5
0,4096,48,48,block,1,97.676750,97.632250,97.739625,5
0,4096,48,48,gk,1,27.977542,27.902958,28.132688,6
0,4096,48,48,gk_vals,1,11.584167,11.571125,11.603583,13
0,4096,48,48,cpu_vals,1,10.367333,10.250063,10.480083,15
0,4096,48,48,gk_share,1,18.766625,18.652916,18.785541,9
0,4096,48,48,gk_share_vals,1,6.521208,6.478167,6.664229,23
0,4096,48,48,cpu,1,34.032125,33.968625,34.488334,5
0,16,32,16,jacobi,1,0.819791,0.533791,0.874000,25
0,16,32,16,qr,1,0.479625,0.460750,0.517542,25
0,16,32,16,gk,1,0.337792,0.331750,0.341417,25
0,16,32,16,gk_vals,1,0.260125,0.254458,0.274542,25
0,16,32,16,cpu_vals,1,0.121792,0.086250,0.144542,25
0,16,32,16,cpu,1,0.119167,0.112417,0.123459,25
0,1024,24,24,jacobi,1,4.012792,3.993708,4.049000,25
0,1024,24,24,gk,1,1.803625,1.779959,1.818917,25
0,1024,24,24,gk_vals,1,0.847042,0.799917,0.899792,25
0,1024,24,24,cpu_vals,1,0.905292,0.893709,0.941208,25
0,1024,24,24,gk_share,1,1.477792,1.468375,1.509500,25
0,1024,24,24,gk_share_vals,1,0.859291,0.854833,0.884041,25
0,1024,24,24,cpu,1,2.544250,2.533084,2.600875,25
0,1024,64,8,jacobi,1,0.680750,0.669667,0.800916,25
0,1024,64,8,qr,1,1.241791,1.212667,1.269208,25
0,1024,64,8,gk,1,0.613458,0.606667,0.618167,25
0,1024,64,8,gk_vals,1,0.330833,0.325750,0.334625,25
0,1024,64,8,cpu_vals,1,0.429708,0.392791,0.608750,25
0,1024,64,8,gk_share,1,0.732375,0.721584,0.744333,25
0,1024,64,8,gk_share_vals,1,0.550292,0.520500,0.566750,25
0,1024,64,8,cpu,1,0.719166,0.692625,0.733417,25
0,16,512,256,jacobi,1,94.014750,93.975500,94.016209,5
0,16,512,256,block,1,26.739667,26.686479,26.875323,6
0,16,512,256,qr,1,63.809708,63.698541,64.037333,5
0,16,512,256,qrblock,1,24.860625,24.808438,25.002583,7
0,16,512,256,cpu,1,8.895459,8.769292,8.959500,17
0,16,512,256,bidiag,1,167.483834,167.312542,167.915875,5
0,16,512,256,bidiag_vals,1,150.557167,150.107375,150.932334,5
0,16,512,256,cpu_vals,1,5.668000,4.877583,6.413583,25
0,64,512,32,jacobi,1,2.277250,2.261916,2.306209,25
0,64,512,32,block,1,3.656667,3.590583,3.691250,25
0,64,512,32,qr,1,2.137958,2.077542,2.453292,25
0,64,512,32,qrblock,1,3.235459,3.213875,3.280375,25
0,64,512,32,gk,1,2.169250,2.133750,2.234625,25
0,64,512,32,gk_vals,1,1.576500,1.424291,1.811625,25
0,64,512,32,cpu_vals,1,0.734041,0.714417,0.755541,25
0,64,512,32,gk_share,1,2.206792,2.127917,2.677417,25
0,64,512,32,gk_share_vals,1,1.387667,1.351292,1.782584,25
0,64,512,32,cpu,1,1.125542,1.071333,1.575000,25
0,1,1024,128,jacobi,1,18.402166,18.387208,18.414708,9
0,1,1024,128,block,1,8.697771,8.625729,8.749500,18
0,1,1024,128,qr,1,5.555458,5.550458,5.565000,25
0,1,1024,128,qrblock,1,6.409458,6.307459,6.485104,24
0,1,1024,128,cpu,1,2.164375,2.156916,2.171458,25
0,1,1024,128,bidiag,1,5.595583,5.547333,5.635000,25
0,1,1024,128,bidiag_vals,1,4.700334,4.643458,5.147500,25
0,1,1024,128,cpu_vals,1,1.163000,1.159000,1.166625,25
0,256,512,32,jacobi,1,11.803834,11.725750,11.921875,13
0,256,512,32,block,1,7.954250,7.837000,8.076166,19
0,256,512,32,qr,1,6.937938,6.749938,7.014416,22
0,256,512,32,qrblock,1,7.838584,7.741885,8.037094,20
0,256,512,32,gk,1,5.987208,5.764042,6.094666,25
0,256,512,32,gk_vals,1,3.998834,3.830042,4.140334,25
0,256,512,32,cpu_vals,1,1.973708,1.801750,1.990417,25
0,256,512,32,gk_share,1,5.646208,5.459209,5.805250,25
0,256,512,32,gk_share_vals,1,3.349834,3.153167,3.544083,25
0,256,512,32,cpu,1,3.917959,3.788542,4.006291,25
0,1,512,128,jacobi,1,10.236958,10.209500,10.248896,15
0,1,512,128,block,1,6.498875,6.431167,6.607709,23
0,1,512,128,qr,1,5.006208,4.973125,5.026042,25
0,1,512,128,qrblock,1,5.746500,5.679875,5.851625,25
0,1,512,128,cpu,1,1.662917,1.647417,1.669041,25
0,1,512,128,bidiag,1,5.040083,5.011916,5.110750,25
0,1,512,128,bidiag_vals,1,4.179333,4.125000,4.218917,25
0,1,512,128,cpu_vals,1,0.926583,0.924291,0.934667,25
0,16,512,512,jacobi,1,858.642959,858.626167,858.896479,3
0,16,512,512,block,1,153.989000,153.517542,154.082458,5
0,16,512,512,cpu,1,28.174084,28.080521,28.248490,6
0,16,512,512,bidiag,1,305.243042,305.057417,305.414208,3
0,16,512,512,bidiag_vals,1,268.967583,267.999083,269.450875,5
0,16,512,512,cpu_vals,1,15.836562,15.714500,16.106990,10
0,1024,8,8,jacobi,1,0.984625,0.516875,1.660833,25
0,1024,8,8,gk,1,0.371166,0.366000,0.376334,25
0,1024,8,8,gk_vals,1,0.269875,0.267292,0.273042,25
0,1024,8,8,cpu_vals,1,0.302458,0.269791,0.628750,25
0,1024,8,8,gk_share,1,0.589875,0.568333,0.604666,25
0,1024,8,8,gk_share_vals,1,0.369834,0.359000,0.382708,25
0,1024,8,8,cpu,1,0.482417,0.437541,0.605708,25
0,4,128,8,jacobi,1,0.397417,0.373375,0.420458,25
0,4,128,8,qr,1,0.429916,0.418208,0.441042,25
0,4,128,8,gk,1,0.248875,0.242833,0.252416,25
0,4,128,8,gk_vals,1,0.200083,0.186375,0.206209,25
0,4,128,8,cpu_vals,1,0.019500,0.018542,0.023459,25
0,4,128,8,cpu,1,0.041083,0.040625,0.042459,25
0,1,64,16,jacobi,1,0.496791,0.389167,0.544166,25
0,1,64,16,qr,1,0.444209,0.427708,0.532791,25
0,1,64,16,gk,1,0.344917,0.340417,0.354917,25
0,1,64,16,gk_vals,1,0.282667,0.277459,0.289166,25
0,1,64,16,cpu_vals,1,0.012375,0.011834,0.012625,25
0,1,64,16,cpu,1,0.034833,0.029834,0.037083,25
0,64,96,96,jacobi,1,8.539438,8.512812,8.558781,18
0,64,96,96,block,1,8.179542,8.081396,8.239542,19
0,64,96,96,cpu,1,2.969541,2.948792,2.973084,25
0,256,256,8,jacobi,1,0.731000,0.689959,0.849166,25
0,256,256,8,qr,1,0.984167,0.969917,0.998792,25
0,256,256,8,gk,1,0.520500,0.516834,0.524417,25
0,256,256,8,gk_vals,1,0.291208,0.282000,0.294875,25
0,256,256,8,cpu_vals,1,0.239917,0.230375,0.660000,25
0,256,256,8,gk_share,1,0.558958,0.554625,0.570959,25
0,256,256,8,gk_share_vals,1,0.370750,0.366083,0.385042,25
0,256,256,8,cpu,1,0.449333,0.438292,0.460000,25
0,1,96,96,jacobi,1,2.375917,2.336000,2.387958,25
0,1,96,96,block,1,4.018125,3.956625,4.143750,25
0,1,96,96,cpu,1,0.550542,0.546708,0.553750,25
0,256,256,32,jacobi,1,5.189458,5.108333,5.220833,25
0,256,256,32,block,1,4.775333,4.694083,4.810542,25
0,256,256,32,qr,1,4.755500,4.526000,4.992375,25
0,256,256,32,qrblock,1,5.417833,5.252583,5.573417,25
0,256,256,32,gk,1,3.824708,3.650500,3.951542,25
0,256,256,32,gk_vals,1,2.037666,1.909625,2.455750,25
0,256,256,32,cpu_vals,1,1.528708,1.109250,1.606917,25
0,256,256,32,gk_share,1,3.658708,3.543208,3.872250,25
0,256,256,32,gk_share_vals,1,2.219834,1.799375,2.357208,25
0,256,256,32,cpu,1,2.810958,2.367375,2.850916,25
0,256,16,8,jacobi,1,0.731541,0.653750,0.928834,25
0,256,16,8,qr,1,0.597833,0.577916,0.620416,25
0,256,16,8,gk,1,0.248917,0.245208,0.252083,25
0,256,16,8,gk_vals,1,0.193250,0.182500,0.201875,25
0,256,16,8,cpu_vals,1,0.164417,0.162042,0.166625,25
0,256,16,8,gk_share,1,0.396416,0.392958,0.402791,25
0,256,16,8,gk_share_vals,1,0.347500,0.344666,0.352750,25
0,256,16,8,cpu,1,0.233167,0.223333,0.250834,25
0,256,48,48,jacobi,1,5.553833,5.515834,5.575500,25
0,256,48,48,block,1,7.953000,7.863854,7.987374,19
0,256,48,48,gk,1,2.355458,2.296167,2.371333,25
0,256,48,48,gk_vals,1,1.213750,1.174917,1.267042,25
0,256,48,48,cpu_vals,1,0.777292,0.769292,0.801750,25
0,256,48,48,gk_share,1,1.529500,1.517416,1.547708,25
0,256,48,48,gk_share_vals,1,1.097166,1.061500,1.116583,25
0,256,48,48,cpu,1,2.358791,2.262792,2.437459,25
0,1024,1024,32,jacobi,1,142.374625,142.073625,142.799625,5
0,1024,1024,32,block,1,41.066959,40.945791,41.281667,5
0,1024,1024,32,qr,1,38.045750,37.906959,38.357166,5
0,1024,1024,32,qrblock,1,42.432834,42.372584,43.706959,5
0,1024,1024,32,gk,1,40.562709,39.156375,41.134042,5
0,1024,1024,32,gk_vals,1,22.245917,21.253563,24.062604,7
0,1024,1024,32,cpu_vals,1,10.737979,10.591594,10.851990,14
0,1024,1024,32,gk_share,1,24.298542,23.953917,26.037875,7
0,1024,1024,32,gk_share_vals,1,14.185917,13.772958,14.260854,11
0,1024,1024,32,cpu,1,23.043792,22.659979,23.350104,7
0,1,1536,1536,cpu,1,179.175541,178.337750,179.340583,5
0,1,1536,1536,bidiag,1,160.165583,159.886791,161.190917,5
0,1,1536,1536,bidiag_vals,1,96.795042,96.698791,96.846041,5
0,1,1536,1536,cpu_vals,1,85.349958,85.299208,85.424125,5
0,4,256,128,jacobi,1,5.758875,5.745625,5.771750,25
0,4,256,128,block,1,5.833084,5.747875,5.884417,25
0,4,256,128,qr,1,5.111542,5.100541,5.128292,25
0,4,256,128,qrblock,1,6.160042,5.995791,6.236625,25
0,4,256,128,cpu,1,1.919208,1.902917,1.931542,25
0,4,256,128,bidiag,1,17.251667,17.159958,17.378500,9
0,4,256,128,bidiag_vals,1,14.885542,14.837250,14.914354,11
0,4,256,128,cpu_vals,1,1.106125,1.102042,1.115000,25
0,64,256,32,jacobi,1,1.339791,1.278583,1.402041,25
0,64,256,32,block,1,2.593541,2.575167,2.609250,25
0,64,256,32,qr,1,1.634042,1.551792,1.653167,25
0,64,256,32,qrblock,1,2.729542,2.692583,2.786750,25
0,64,256,32,gk,1,1.744417,1.694125,1.841792,25
0,64,256,32,gk_vals,1,0.999208,0.949208,1.019125,25
0,64,256,32,cpu_vals,1,0.377750,0.363166,0.609500,25
0,64,256,32,gk_share,1,1.799833,1.757958,1.851709,25
0,64,256,32,gk_share_vals,1,1.069917,1.043375,1.128125,25
0,64,256,32,cpu,1,0.722875,0.703625,0.743416,25
0,4,256,8,jacobi,1,0.247541,0.242417,0.250084,25
0,4,256,8,qr,1,0.430542,0.418958,0.440208,25
0,4,256,8,gk,1,0.249500,0.237958,0.253667,25
0,4,256,8,gk_vals,1,0.193625,0.183083,0.210583,25
0,4,256,8,cpu_vals,1,0.027708,0.027292,0.028083,25
0,4,256,8,cpu,1,0.051542,0.050625,0.052375,25
0,4,128,32,jacobi,1,0.561750,0.530792,0.582625,25
0,4,128,32,block,1,2.059041,1.991042,2.111667,25
0,4,128,32,qr,1,0.573500,0.568208,0.587750,25
0,4,128,32,qrblock,1,2.006000,1.954167,2.038917,25
0,4,128,32,gk,1,0.760917,0.727250,0.827291,25
0,4,128,32,gk_vals,1,0.531000,0.525833,0.537458,25
0,4,128,32,cpu_vals,1,0.068542,0.067791,0.069625,25
0,4,128,32,cpu,1,0.124250,0.121792,0.128000,25
0,1,64,8,jacobi,1,0.209958,0.193750,0.215833,25
0,1,64,8,qr,1,0.425417,0.409458,0.441708,25
0,1,64,8,gk,1,0.264166,0.223209,0.272833,25
0,1,64,8,gk_vals,1,0.236542,0.197417,0.250917,25
0,1,64,8,cpu_vals,1,0.007083,0.007041,0.007166,25
0,1,64,8,cpu,1,0.013000,0.012875,0.013208,25
0,256,64,64,jacobi,1,13.707937,12.524750,14.000271,12
0,256,64,64,block,1,8.933750,8.799208,9.056375,17
0,256,64,64,gk,1,5.048791,5.027458,5.075875,25
0,256,64,64,gk_vals,1,2.379291,2.372625,2.387583,25
0,256,64,64,cpu_vals,1,1.285709,1.251417,1.318042,25
0,256,64,64,gk_share,1,3.432875,3.411709,3.458958,25
0,256,64,64,gk_share_vals,1,2.018541,1.986458,2.072042,25
0,256,64,64,cpu,1,3.696750,3.647458,4.222708,25
0,1024,64,16,jacobi,1,2.090750,2.070875,2.119250,25
0,1024,64,16,qr,1,2.720458,2.686875,2.802625,25
0,1024,64,16,gk,1,1.432416,1.363625,1.437917,25
0,1024,64,16,gk_vals,1,0.745542,0.694833,0.758083,25
0,1024,64,16,cpu_vals,1,0.879125,0.797583,1.411542,25
0,1024,64,16,gk_share,1,1.436875,1.418000,1.472750,25
0,1024,64,16,gk_share_vals,1,0.895542,0.882250,0.916500,25
0,1024,64,16,cpu,1,2.086084,2.002583,2.603125,25
0,16,48,48,jacobi,1,0.873458,0.817458,1.346292,25
0,16,48,48,block,1,2.870042,2.858083,2.938875,25
0,16,48,48,gk,1,1.073500,1.066042,1.116625,25
0,16,48,48,gk_vals,1,0.862458,0.814542,0.906333,25
0,16,48,48,cpu_vals,1,0.171625,0.165542,0.197250,25
0,16,48,48,cpu,1,0.290083,0.285625,0.299292,25
0,1,32,16,jacobi,1,0.220083,0.218250,0.260208,25
0,1,32,16,qr,1,0.433166,0.414125,0.468958,25
0,1,32,16,gk,1,0.292083,0.289875,0.305541,25
0,1,32,16,gk_vals,1,0.255041,0.247917,0.269291,25
0,1,32,16,cpu_vals,1,0.011625,0.011583,0.011750,25
0,1,32,16,cpu,1,0.027167,0.026958,0.027584,25
0,256,512,256,jacobi,1,1772.012917,1763.566563,1774.286187,3
0,256,512,256,block,1,417.344375,417.163146,417.911771,3
0,256,512,256,qr,1,1074.311917,1072.087104,1077.348833,3
0,256,512,256,qrblock,1,342.339458,342.334833,342.403979,3
0,256,512,256,cpu,1,116.974167,115.689208,118.055458,5
0,16,256,64,jacobi,1,1.627250,1.598416,1.685417,25
0,16,256,64,block,1,3.330833,3.221792,3.358542,25
0,16,256,64,qr,1,1.869333,1.810208,1.901416,25
0,16,256,64,qrblock,1,3.401833,3.373917,3.487625,25
0,16,256,64,gk,1,2.786000,2.754959,2.790250,25
0,16,256,64,gk_vals,1,1.961667,1.939792,1.987416,25
0,16,256,64,cpu_vals,1,0.415625,0.379333,0.580541,25
0,16,256,64,cpu,1,0.674042,0.661375,0.873125,25
0,1024,512,32,jacobi,1,47.706292,47.677833,47.812959,5
0,1024,512,32,block,1,23.379584,23.279250,23.578416,7
0,1024,512,32,qr,1,22.924125,22.638458,23.276271,7
0,1024,512,32,qrblock,1,22.273000,21.950396,22.450500,7
0,1024,512,32,gk,1,19.938125,19.743365,20.408354,8
0,1024,512,32,gk_vals,1,12.204917,11.875166,12.567375,13
0,1024,512,32,cpu_vals,1,6.069292,5.934417,6.122625,25
0,1024,512,32,gk_share,1,16.417542,15.395250,16.830656,10
0,1024,512,32,gk_share_vals,1,8.358355,7.940021,8.811698,18
0,1024,512,32,cpu,1,13.182230,12.861135,13.316896,12
0,16,64,8,jacobi,1,0.716917,0.356792,0.766333,25
0,16,64,8,qr,1,0.450583,0.440875,0.518125,25
0,16,64,8,gk,1,0.239125,0.233375,0.244083,25
0,16,64,8,gk_vals,1,0.211209,0.203333,0.212833,25
0,16,64,8,cpu_vals,1,0.076417,0.074667,0.079125,25
0,16,64,8,cpu,1,0.097166,0.074667,0.142666,25
0,4,128,16,jacobi,1,0.389500,0.361125,0.554458,25
0,4,128,16,qr,1,0.473292,0.467625,0.489750,25
0,4,128,16,gk,1,0.355542,0.348708,0.359292,25
0,4,128,16,gk_vals,1,0.289167,0.283125,0.297166,25
0,4,128,16,cpu_vals,1,0.042125,0.041292,0.043833,25
0,4,128,16,cpu,1,0.064500,0.063458,0.065084,25
0,64,32,8,jacobi,1,0.373250,0.289583,0.404750,25
0,64,32,8,qr,1,0.518292,0.491250,0.556583,25
0,64,32,8,gk,1,0.251166,0.247041,0.255666,25
0,64,32,8,gk_vals,1,0.191166,0.182500,0.204583,25
0,64,32,8,cpu_vals,1,0.143250,0.112459,0.248250,25
0,64,32,8,gk_share,1,0.347166,0.343875,0.349625,25
0,64,32,8,gk_share_vals,1,0.303708,0.298917,0.309708,25
0,64,32,8,cpu,1,0.186833,0.147291,0.355542,25
0,4096,512,64,jacobi,0,0,0,0,0
0,4096,512,64,block,0,0,0,0,0
0,4096,512,64,qr,0,0,0,0,0
0,4096,512,64,qrblock,0,0,0,0,0
0,4096,512,64,gk,0,0,0,0,0
0,4096,512,64,gk_vals,0,0,0,0,0
0,4096,512,64,cpu_vals,0,0,0,0,0
0,4096,512,64,gk_share,0,0,0,0,0
0,4096,512,64,gk_share_vals,0,0,0,0,0
0,4096,512,64,cpu,0,0,0,0,0
0,16,64,16,jacobi,1,0.526125,0.494584,0.887208,25
0,16,64,16,qr,1,0.454750,0.430125,0.520584,25
0,16,64,16,gk,1,0.311458,0.306458,0.318500,25
0,16,64,16,gk_vals,1,0.250250,0.246292,0.259208,25
0,16,64,16,cpu_vals,1,0.090792,0.078875,0.107417,25
0,16,64,16,cpu,1,0.148417,0.136750,0.253833,25
0,4096,80,80,jacobi,1,426.068542,425.841458,428.984833,3
0,4096,80,80,block,1,309.403958,309.080354,311.898188,3
0,4096,80,80,gk,1,149.040583,147.682125,150.270458,5
0,4096,80,80,gk_vals,1,62.080125,61.308708,62.188667,5
0,4096,80,80,cpu_vals,1,52.547291,52.100000,52.851750,5
0,4096,80,80,gk_share,1,65.662584,65.447542,65.836250,5
0,4096,80,80,gk_share_vals,1,32.814959,32.778416,32.891125,5
0,4096,80,80,cpu,1,96.455959,96.130584,98.012708,5
0,64,256,8,jacobi,1,0.554167,0.541583,0.572666,25
0,64,256,8,qr,1,0.613875,0.595375,0.666083,25
0,64,256,8,gk,1,0.288500,0.285500,0.292625,25
0,64,256,8,gk_vals,1,0.225416,0.220334,0.230583,25
0,64,256,8,cpu_vals,1,0.174458,0.159750,0.254375,25
0,64,256,8,gk_share,1,0.385042,0.379083,0.391542,25
0,64,256,8,gk_share_vals,1,0.319291,0.317584,0.324250,25
0,64,256,8,cpu,1,0.221666,0.217292,0.233000,25
0,4096,4,4,jacobi,1,0.890167,0.415542,1.271458,25
0,4096,4,4,gk,1,0.391292,0.387625,0.394584,25
0,4096,4,4,gk_vals,1,0.269791,0.258625,0.275792,25
0,4096,4,4,cpu_vals,1,0.538167,0.477292,0.667666,25
0,4096,4,4,gk_share,1,0.582458,0.572042,0.598833,25
0,4096,4,4,gk_share_vals,1,0.571833,0.549375,0.624958,25
0,4096,4,4,cpu,1,0.685792,0.671958,0.775375,25
0,64,128,128,jacobi,1,34.030250,33.921375,34.069000,5
0,64,128,128,block,1,14.376958,14.341062,14.469375,11
0,64,128,128,cpu,1,6.100521,6.038854,6.510927,24
0,64,128,128,bidiag,1,252.958000,252.842500,253.185333,5
0,64,128,128,bidiag_vals,1,214.731500,214.567750,214.746708,5
0,64,128,128,cpu_vals,1,3.938208,3.897459,4.532208,25
0,16,512,32,jacobi,1,0.808250,0.747334,1.298542,25
0,16,512,32,block,1,2.884416,2.859959,2.915917,25
0,16,512,32,qr,1,0.978208,0.965292,0.990708,25
0,16,512,32,qrblock,1,2.432541,2.378166,2.453333,25
0,16,512,32,gk,1,1.462458,1.442375,1.487584,25
0,16,512,32,gk_vals,1,0.874750,0.788750,0.880708,25
0,16,512,32,cpu_vals,1,0.255125,0.219125,0.608375,25
0,16,512,32,cpu,1,0.389458,0.369875,0.466333,25
0,16,384,384,jacobi,1,234.552334,234.544667,234.563917,5
0,16,384,384,block,1,66.642334,66.627833,66.905417,5
0,16,384,384,cpu,1,13.162959,13.019302,13.228010,12
0,16,384,384,bidiag,1,218.328125,217.141250,218.860791,5
0,16,384,384,bidiag_vals,1,193.857917,193.554625,194.028916,5
0,16,384,384,cpu_vals,1,8.377792,7.745885,8.809260,18
0,16,32,8,jacobi,1,0.368125,0.359709,0.379583,25
0,16,32,8,qr,1,0.452667,0.440750,0.459000,25
0,16,32,8,gk,1,0.235708,0.232875,0.241458,25
0,16,32,8,gk_vals,1,0.205791,0.198292,0.209416,25
0,16,32,8,cpu_vals,1,0.064917,0.059250,0.068083,25
0,16,32,8,cpu,1,0.082291,0.073792,0.120333,25
0,1,4,4,jacobi,1,0.250167,0.216917,0.258292,25
0,1,4,4,gk,1,0.280875,0.270041,0.294708,25
0,1,4,4,gk_vals,1,0.250083,0.194208,0.260375,25
0,1,4,4,cpu_vals,1,0.004334,0.004166,0.004709,25
0,1,4,4,cpu,1,0.003959,0.003916,0.004291,25
0,16,2048,256,jacobi,1,504.831375,504.417792,505.209625,3
0,16,2048,256,block,1,68.294958,68.240333,68.335000,5
0,16,2048,256,qr,1,74.859708,74.105166,74.994834,5
0,16,2048,256,qrblock,1,36.432250,36.207084,36.437125,5
0,16,2048,256,cpu,1,19.691667,19.494052,20.349531,8
0,16,2048,256,bidiag,1,228.829083,227.977000,228.863542,5
0,16,2048,256,bidiag_vals,1,204.588583,204.390958,204.759167,5
0,16,2048,256,cpu_vals,1,9.901542,9.641042,10.372417,15
0,256,80,80,jacobi,1,26.480480,26.151177,26.840906,6
0,256,80,80,block,1,19.773812,19.720291,19.790031,8
0,256,80,80,gk,1,10.602417,10.491667,10.653938,15
0,256,80,80,gk_vals,1,4.795208,4.745459,4.815167,25
0,256,80,80,cpu_vals,1,4.025833,3.851166,4.374041,25
0,256,80,80,gk_share,1,6.969083,6.907167,8.371458,21
0,256,80,80,gk_share_vals,1,3.474375,3.465209,3.865041,25
0,256,80,80,cpu,1,7.175167,7.112667,7.313833,21
0,256,512,16,jacobi,1,2.714917,2.635041,2.742792,25
0,256,512,16,qr,1,3.195041,2.471375,3.531042,25
0,256,512,16,gk,1,2.923542,2.341417,3.188542,25
0,256,512,16,gk_vals,1,1.829792,1.720708,2.291584,25
0,256,512,16,cpu_vals,1,0.797667,0.749417,0.818167,25
0,256,512,16,gk_share,1,2.266458,2.204167,2.779708,25
0,256,512,16,gk_share_vals,1,1.824375,1.270875,1.912125,25
0,256,512,16,cpu,1,1.957334,1.517584,2.010792,25
0,4,256,256,jacobi,1,34.723000,34.719709,34.730541,5
0,4,256,256,block,1,14.113875,14.026270,14.294354,11
0,4,256,256,cpu,1,4.154458,4.135791,4.176083,25
0,4,256,256,bidiag,1,34.966667,34.964125,35.027167,5
0,4,256,256,bidiag_vals,1,30.973000,30.897875,30.976791,5
0,4,256,256,cpu_vals,1,2.234250,2.107000,2.305833,25
0,4096,512,32,jacobi,1,191.482250,190.696708,191.867375,5
0,4096,512,32,block,1,90.422000,90.291542,93.047125,5
0,4096,512,32,qr,1,85.211833,85.110041,85.832750,5
0,4096,512,32,qrblock,1,94.269875,83.558042,106.287583,5
0,4096,512,32,gk,1,72.437209,71.526000,76.754958,5
0,4096,512,32,gk_vals,1,45.685875,45.169333,46.814250,5
0,4096,512,32,cpu_vals,1,21.770250,21.532396,22.072834,7
0,4096,512,32,gk_share,1,49.008458,48.482000,49.282042,5
0,4096,512,32,gk_share_vals,1,26.842854,25.258594,27.818052,6
0,4096,512,32,cpu,1,48.846708,48.133917,50.503292,5
0,4096,56,56,jacobi,1,104.431583,103.687708,104.609917,5
0,4096,56,56,block,1,108.330333,107.977167,108.567000,5
0,4096,56,56,gk,1,44.404166,44.330042,44.675084,5
0,4096,56,56,gk_vals,1,17.827125,17.735166,17.899917,9
0,4096,56,56,cpu_vals,1,13.621249,13.592948,13.684385,12
0,4096,56,56,gk_share,1,24.888625,24.835395,25.098813,7
0,4096,56,56,gk_share_vals,1,8.910000,8.862750,9.249791,17
0,4096,56,56,cpu,1,40.322541,40.304375,41.016000,5
0,1024,192,192,jacobi,1,1683.900875,1680.260833,1688.437208,3
0,1024,192,192,block,1,605.755417,605.145021,606.050958,3
0,1024,192,192,cpu,1,141.022125,140.160417,142.083292,5
0,64,8,8,jacobi,1,0.337750,0.273250,0.761416,25
0,64,8,8,gk,1,0.359958,0.328791,0.378958,25
0,64,8,8,gk_vals,1,0.237833,0.207958,0.258708,25
0,64,8,8,cpu_vals,1,0.124959,0.086959,0.189792,25
0,64,8,8,gk_share,1,0.328000,0.323250,0.332666,25
0,64,8,8,gk_share_vals,1,0.291500,0.282083,0.295334,25
0,64,8,8,cpu,1,0.184500,0.134708,0.324208,25
0,1,2048,256,jacobi,1,148.018291,148.014042,148.022917,5
0,1,2048,256,block,1,22.530541,22.515875,22.590355,7
0,1,2048,256,qr,1,32.829083,32.797708,32.875875,5
0,1,2048,256,qrblock,1,16.202750,16.165813,16.286105,10
0,1,2048,256,cpu,1,8.892500,8.801250,8.929625,17
0,1,2048,256,bidiag,1,16.070458,16.019260,16.167625,10
0,1,2048,256,bidiag_vals,1,13.492250,13.337521,13.512302,12
0,1,2048,256,cpu_vals,1,4.149542,4.144583,4.157375,25
0,64,1024,256,jacobi,1,867.951834,866.890792,869.230834,3
0,64,1024,256,block,1,167.877417,166.503500,169.616833,5
0,64,1024,256,qr,1,282.553291,281.576958,282.989584,5
0,64,1024,256,qrblock,1,97.267625,97.185542,97.627541,5
0,64,1024,256,cpu,1,42.403000,42.283667,42.415375,5
0,64,1024,256,bidiag,1,744.343541,742.586916,747.414083,3
0,64,1024,256,bidiag_vals,1,669.062667,668.961917,672.084438,3
0,64,1024,256,cpu_vals,1,19.176770,19.010791,19.275146,8
0,64,32,16,jacobi,1,0.828375,0.369458,1.087083,25
0,64,32,16,qr,1,0.590917,0.583375,0.632000,25
0,64,32,16,gk,1,0.360583,0.356625,0.364125,25
0,64,32,16,gk_vals,1,0.289625,0.283917,0.292458,25
0,64,32,16,cpu_vals,1,0.147209,0.142417,0.157417,25
0,64,32,16,gk_share,1,0.463917,0.462000,0.470458,25
0,64,32,16,gk_share_vals,1,0.376791,0.375500,0.379833,25
0,64,32,16,cpu,1,0.225292,0.222625,0.230833,25
0,4096,256,16,jacobi,1,15.008125,14.879062,15.146313,10
0,4096,256,16,qr,1,16.686042,16.631625,16.731083,9
0,4096,256,16,gk,1,12.831771,12.701698,13.007948,12
0,4096,256,16,gk_vals,1,5.090417,5.073833,5.113708,25
0,4096,256,16,cpu_vals,1,4.746459,4.717542,4.784208,25
0,4096,256,16,gk_share,1,9.438083,9.374281,9.643979,16
0,4096,256,16,gk_share_vals,1,3.492708,3.408166,3.597333,25
0,4096,256,16,cpu,1,12.164125,12.077833,12.241250,13
0,1024,1024,256,qrblock,1,1591.811167,1586.665751,1617.601187,3
0,16,256,8,jacobi,1,0.242208,0.236584,0.918417,25
0,16,256,8,qr,1,0.452916,0.447334,0.462875,25
0,16,256,8,gk,1,0.239125,0.237250,0.242083,25
0,16,256,8,gk_vals,1,0.189791,0.184458,0.196667,25
0,16,256,8,cpu_vals,1,0.080208,0.069958,0.093417,25
0,16,256,8,cpu,1,0.111459,0.102667,0.122459,25
0,256,1024,64,jacobi,1,156.278125,155.857917,156.940125,5
0,256,1024,64,block,1,33.313041,32.966000,33.335959,5
0,256,1024,64,qr,1,34.988625,34.770542,35.153833,5
0,256,1024,64,qrblock,1,30.606125,30.597167,30.748167,5
0,256,1024,64,gk,1,28.972354,28.510021,28.986093,6
0,256,1024,64,gk_vals,1,20.434583,20.348614,20.917500,8
0,256,1024,64,cpu_vals,1,9.189458,9.021042,9.267542,17
0,256,1024,64,gk_share,1,27.960042,26.301229,29.607730,6
0,256,1024,64,gk_share_vals,1,17.200792,17.009792,17.448500,9
0,256,1024,64,cpu,1,18.801167,18.592552,19.143646,8
0,1024,16,8,jacobi,1,0.536000,0.523417,1.214625,25
0,1024,16,8,qr,1,0.981167,0.953666,1.048750,25
0,1024,16,8,gk,1,0.402750,0.399333,0.408625,25
0,1024,16,8,gk_vals,1,0.277541,0.274209,0.278959,25
0,1024,16,8,cpu_vals,1,0.342292,0.329958,0.629292,25
0,1024,16,8,gk_share,1,0.625708,0.618833,0.648584,25
0,1024,16,8,gk_share_vals,1,0.408042,0.397125,0.524833,25
0,1024,16,8,cpu,1,0.595583,0.556125,0.622209,25
0,4,80,80,jacobi,1,1.853166,1.802417,1.874916,25
0,4,80,80,block,1,3.971500,3.915208,4.025166,25
0,4,80,80,gk,1,2.485667,2.447250,2.489875,25
0,4,80,80,gk_vals,1,1.830791,1.815917,1.853709,25
0,4,80,80,cpu_vals,1,0.245500,0.240375,0.251542,25
0,4,80,80,cpu,1,0.432459,0.429375,0.437125,25
0,16,128,8,jacobi,1,0.218666,0.214375,0.222708,25
0,16,128,8,qr,1,0.444833,0.435292,0.451459,25
0,16,128,8,gk,1,0.234958,0.231375,0.237917,25
0,16,128,8,gk_vals,1,0.182500,0.180625,0.197042,25
0,16,128,8,cpu_vals,1,0.077500,0.067167,0.090834,25
0,16,128,8,cpu,1,0.087584,0.082000,0.101958,25
0,1024,128,8,jacobi,1,0.974417,0.904542,1.000083,25
0,1024,128,8,qr,1,1.676792,1.648291,2.224417,25
0,1024,128,8,gk,1,0.975083,0.883791,0.981541,25
0,1024,128,8,gk_vals,1,0.417916,0.413375,0.420417,25
0,1024,128,8,cpu_vals,1,0.727209,0.601541,0.815875,25
0,1024,128,8,gk_share,1,0.886916,0.875083,0.914417,25
0,1024,128,8,gk_share_vals,1,0.586708,0.571542,0.613250,25
0,1024,128,8,cpu,1,0.967541,0.886500,1.453250,25
0,1,48,48,jacobi,1,1.035792,1.003416,1.141500,25
0,1,48,48,block,1,2.497292,2.458041,2.539208,25
0,1,48,48,gk,1,1.053500,1.025125,1.094459,25
0,1,48,48,gk_vals,1,0.823458,0.790667,0.866500,25
0,1,48,48,cpu_vals,1,0.039000,0.037833,0.039125,25
0,1,48,48,cpu,1,0.114709,0.113959,0.116666,25
0,1024,2048,128,qr,1,898.153125,897.083958,917.392875,3
0,1024,2048,128,qrblock,1,636.883292,635.505833,657.798104,3
0,1024,2048,128,cpu,1,411.565875,410.183750,414.130000,3
0,1,3072,3072,cpu,1,1298.760041,1298.017875,1300.134374,3
0,1,3072,3072,bidiag,1,707.288000,706.195292,708.294021,3
0,1,3072,3072,bidiag_vals,1,424.926458,424.917500,428.887709,3
0,1,3072,3072,cpu_vals,1,703.936292,698.041354,707.897583,3
0,256,2048,128,jacobi,1,1717.993875,1716.979229,1718.439750,3
0,256,2048,128,block,1,241.183042,240.963834,241.737125,5
0,256,2048,128,qr,1,217.842292,210.823750,219.765167,5
0,256,2048,128,qrblock,1,151.310708,151.310291,151.380083,5
0,256,2048,128,cpu,1,109.947875,109.814416,110.138500,5
0,256,2048,128,bidiag,1,1673.812250,1673.541979,1678.104458,3
0,256,2048,128,bidiag_vals,1,1481.289250,1479.383750,1489.338646,3
0,256,2048,128,cpu_vals,1,47.727042,46.353250,48.154625,5
0,1024,32,8,jacobi,1,1.138542,0.553042,1.649458,25
0,1024,32,8,qr,1,1.033125,1.027542,1.049584,25
0,1024,32,8,gk,1,0.469083,0.465084,0.471333,25
0,1024,32,8,gk_vals,1,0.293792,0.289291,0.300833,25
0,1024,32,8,cpu_vals,1,0.374125,0.353125,0.633208,25
0,1024,32,8,gk_share,1,0.702542,0.691334,0.719542,25
0,1024,32,8,gk_share_vals,1,0.427166,0.408250,0.509583,25
0,1024,32,8,cpu,1,0.670625,0.606084,0.691583,25
0,4,128,128,jacobi,1,4.941709,4.931333,4.951125,25
0,4,128,128,block,1,6.100250,5.958125,6.242042,25
0,4,128,128,cpu,1,1.341917,1.321583,1.365125,25
0,4,128,128,bidiag,1,15.907563,15.847073,15.986989,10
0,4,128,128,bidiag_vals,1,13.510562,13.411750,13.596146,12
0,4,128,128,cpu_vals,1,0.923167,0.908417,0.933959,25
0,64,16,8,jacobi,1,0.357167,0.351791,0.369834,25
0,64,16,8,qr,1,0.477458,0.447583,0.655583,25
0,64,16,8,gk,1,0.238750,0.237125,0.241458,25
0,64,16,8,gk_vals,1,0.198625,0.189250,0.204583,25
0,64,16,8,cpu_vals,1,0.199542,0.100708,0.220042,25
0,64,16,8,gk_share,1,0.336875,0.334958,0.339583,25
0,64,16,8,gk_share_vals,1,0.298917,0.296542,0.300625,25
0,64,16,8,cpu,1,0.139500,0.132917,0.160791,25
0,4,56,56,jacobi,1,1.024875,0.940333,1.198375,25
0,4,56,56,block,1,2.865709,2.829125,2.899417,25
0,4,56,56,gk,1,1.354000,1.303417,1.376708,25
0,4,56,56,gk_vals,1,1.050958,1.002625,1.075000,25
0,4,56,56,cpu_vals,1,0.084708,0.082500,0.090750,25
0,4,56,56,cpu,1,0.185000,0.183083,0.187084,25
0,64,80,80,jacobi,1,5.734500,5.726292,5.767500,25
0,64,80,80,block,1,7.642729,7.547886,7.743198,20
0,64,80,80,gk,1,4.070042,4.056500,4.089625,25
0,64,80,80,gk_vals,1,2.608417,2.588958,2.630250,25
0,64,80,80,cpu_vals,1,1.022208,1.005333,1.070958,25
0,64,80,80,gk_share,1,2.979750,2.960875,3.012875,25
0,64,80,80,gk_share_vals,1,2.116667,2.082250,2.241417,25
0,64,80,80,cpu,1,1.910250,1.888416,1.930417,25
0,4096,96,96,jacobi,1,756.784167,755.511771,760.449813,3
0,4096,96,96,block,1,347.135166,346.864292,347.450146,3
0,4096,96,96,cpu,1,151.793209,150.838667,152.481167,5
0,4096,1024,128,qr,1,2987.811667,2985.182563,2991.248771,3
0,4096,1024,128,qrblock,1,1762.114625,1737.133729,1765.885188,3
0,4096,1024,128,cpu,1,922.770500,921.737230,934.433791,3
0,256,128,64,jacobi,1,15.204249,14.846510,15.652927,10
0,256,128,64,block,1,9.341959,9.276938,9.461656,16
0,256,128,64,qr,1,16.826188,15.656667,17.265490,10
0,256,128,64,qrblock,1,12.013208,11.993833,12.113000,13
0,256,128,64,gk,1,9.636625,9.472740,9.871615,16
0,256,128,64,gk_vals,1,5.777042,5.597417,6.007250,25
0,256,128,64,cpu_vals,1,2.692833,2.287500,2.771000,25
0,256,128,64,gk_share,1,8.054834,7.998209,8.302396,19
0,256,128,64,gk_share_vals,1,4.919750,4.751792,5.173375,25
0,256,128,64,cpu,1,5.898250,5.618750,6.010375,25
0,4096,16,16,jacobi,1,5.820458,5.788625,5.847416,25
0,4096,16,16,gk,1,2.468250,2.452625,2.500167,25
0,4096,16,16,gk_vals,1,1.261833,1.224084,1.276375,25
0,4096,16,16,cpu_vals,1,1.846750,1.824959,2.370417,25
0,4096,16,16,gk_share,1,2.315125,2.237167,2.341667,25
0,4096,16,16,gk_share_vals,1,1.081708,1.073417,1.088458,25
0,4096,16,16,cpu,1,4.642250,4.446167,4.733042,25
0,1024,256,256,jacobi,1,4509.644459,4508.532605,4512.734938,3
0,1024,256,256,block,1,1403.407500,1403.025083,1403.587750,3
0,1024,256,256,cpu,1,291.645125,290.866084,293.149166,5
0,4,2048,64,jacobi,1,8.653270,8.601240,8.666292,18
0,4,2048,64,block,1,8.202125,8.150042,8.256562,19
0,4,2048,64,qr,1,3.521417,3.492333,3.599333,25
0,4,2048,64,qrblock,1,5.131084,5.022459,5.204541,25
0,4,2048,64,gk,1,4.503958,4.408958,4.564584,25
0,4,2048,64,gk_vals,1,3.645375,3.594583,3.756458,25
0,4,2048,64,cpu_vals,1,0.985542,0.966417,1.002333,25
0,4,2048,64,cpu,1,1.976667,1.949416,1.989667,25
0,4,1024,32,jacobi,1,1.030666,0.983375,1.083417,25
0,4,1024,32,block,1,4.143292,4.084167,4.185083,25
0,4,1024,32,qr,1,0.878417,0.870667,0.890250,25
0,4,1024,32,qrblock,1,2.284583,2.253250,2.309834,25
0,4,1024,32,gk,1,1.330000,1.286459,1.385250,25
0,4,1024,32,gk_vals,1,0.860250,0.851833,0.867375,25
0,4,1024,32,cpu_vals,1,0.209750,0.207917,0.214958,25
0,4,1024,32,cpu,1,0.386084,0.377625,0.390625,25
0,64,1024,64,jacobi,1,39.401125,39.249959,39.410791,5
0,64,1024,64,block,1,11.188104,10.816479,11.449229,14
0,64,1024,64,qr,1,9.428375,9.261187,9.555292,16
0,64,1024,64,qrblock,1,10.022958,9.694395,10.101583,16
0,64,1024,64,gk,1,8.776021,8.530687,9.030052,18
0,64,1024,64,gk_vals,1,6.941854,6.730614,7.024656,22
0,64,1024,64,cpu_vals,1,2.927000,2.795375,3.024833,25
0,64,1024,64,gk_share,1,8.744042,8.424417,8.849750,18
0,64,1024,64,gk_share_vals,1,6.194916,6.124417,6.283500,25
0,64,1024,64,cpu,1,5.680333,5.459750,5.872833,25
0,16,256,128,jacobi,1,6.192875,6.182750,6.205042,25
0,16,256,128,block,1,6.717167,6.607604,7.002584,23
0,16,256,128,qr,1,6.020375,5.989333,6.070708,25
0,16,256,128,qrblock,1,7.326833,7.235834,7.378875,21
0,16,256,128,cpu,1,3.182084,2.633291,3.329250,25
0,16,256,128,bidiag,1,69.051084,69.031708,69.244792,5
0,16,256,128,bidiag_vals,1,59.304250,59.250500,59.332458,5
0,16,256,128,cpu_vals,1,1.759166,1.703042,1.790292,25
0,4096,128,16,jacobi,1,9.572063,9.467385,9.599094,16
0,4096,128,16,qr,1,11.679709,11.631334,11.868292,13
0,4096,128,16,gk,1,7.474334,7.445708,7.509750,21
0,4096,128,16,gk_vals,1,2.866584,2.855709,2.871458,25
0,4096,128,16,cpu_vals,1,3.725750,3.538958,3.748917,25
0,4096,128,16,gk_share,1,7.649124,7.430364,7.722020,20
0,4096,128,16,gk_share_vals,1,2.958750,2.930083,3.161666,25
0,4096,128,16,cpu,1,9.186708,8.896708,9.273333,17
0,1,512,32,jacobi,1,0.956416,0.878084,1.455417,25
0,1,512,32,block,1,2.801000,2.769625,2.920250,25
0,1,512,32,qr,1,0.628500,0.620542,0.638625,25
0,1,512,32,qrblock,1,2.175958,2.030000,2.350416,25
0,1,512,32,gk,1,1.028042,0.975292,1.070167,25
0,1,512,32,gk_vals,1,0.577792,0.573125,0.587875,25
0,1,512,32,cpu_vals,1,0.073125,0.072709,0.073625,25
0,1,512,32,cpu,1,0.157917,0.156667,0.159750,25
0,64,64,64,jacobi,1,3.222125,3.192417,3.250958,25
0,64,64,64,block,1,3.786208,3.741292,3.903042,25
0,64,64,64,gk,1,1.954000,1.946417,1.986125,25
0,64,64,64,gk_vals,1,1.346583,1.316417,1.384250,25
0,64,64,64,cpu_vals,1,0.500625,0.417875,0.654583,25
0,64,64,64,gk_share,1,2.069250,2.029875,2.125458,25
0,64,64,64,gk_share_vals,1,1.478542,1.435875,1.521750,25
0,64,64,64,cpu,1,1.055708,1.033916,1.099792,25
0,1024,512,128,jacobi,1,1266.588000,1263.275792,1269.338458,3
0,1024,512,128,block,1,325.812542,325.295188,326.868687,3
0,1024,512,128,qr,1,566.219084,563.201083,567.508958,3
0,1024,512,128,qrblock,1,294.839416,292.749395,297.217084,4
0,1024,512,128,cpu,1,158.417833,157.224625,161.009208,5
0,256,64,16,jacobi,1,0.827125,0.733334,1.191083,25
0,256,64,16,qr,1,1.121250,1.104958,1.136625,25
0,256,64,16,gk,1,0.513625,0.507625,0.518375,25
0,256,64,16,gk_vals,1,0.320458,0.315959,0.323833,25
0,256,64,16,cpu_vals,1,0.288042,0.277708,0.646667,25
0,256,64,16,gk_share,1,0.572750,0.549209,0.578333,25
0,256,64,16,gk_share_vals,1,0.421958,0.417666,0.427042,25
0,256,64,16,cpu,1,0.611625,0.588875,0.670292,25
0,1024,256,128,jacobi,1,518.491459,518.225229,520.549459,3
0,1024,256,128,block,1,220.679959,220.516292,222.686917,5
0,1024,256,128,qr,1,488.594917,487.767167,489.516562,3
0,1024,256,128,qrblock,1,216.057542,215.808041,216.409709,5
0,1024,256,128,cpu,1,119.474833,119.207750,119.478625,5
0,64,256,128,jacobi,1,30.584917,30.233209,30.988708,5
0,64,256,128,block,1,14.833916,14.750208,14.883979,11
0,64,256,128,qr,1,35.425375,35.196958,35.792500,5
0,64,256,128,qrblock,1,16.579417,16.381417,16.809667,9
0,64,256,128,cpu,1,8.913667,8.692250,9.271458,17
0,64,256,128,bidiag,1,273.447291,273.420833,274.210666,5
0,64,256,128,bidiag_vals,1,234.112917,233.986750,234.146916,5
0,64,256,128,cpu_vals,1,5.219875,4.776667,5.372375,25
0,1,2048,64,jacobi,1,8.527708,8.486646,8.535177,18
0,1,2048,64,block,1,7.672042,7.566011,7.748948,20
0,1,2048,64,qr,1,1.924459,1.845167,1.930750,25
0,1,2048,64,qrblock,1,3.140375,3.119208,3.210458,25
0,1,2048,64,gk,1,2.826000,2.799708,2.848583,25
0,1,2048,64,gk_vals,1,2.230667,2.193500,2.234833,25
0,1,2048,64,cpu_vals,1,0.433666,0.431250,0.436125,25
0,1,2048,64,cpu,1,0.900750,0.895917,0.911834,25
0,1,2048,128,jacobi,1,34.426250,34.417000,34.427292,5
0,1,2048,128,block,1,11.379354,11.327427,11.485625,14
0,1,2048,128,qr,1,6.894334,6.826156,6.948125,22
0,1,2048,128,qrblock,1,8.014834,7.929625,8.085625,19
0,1,2048,128,cpu,1,3.152083,3.146083,3.169208,25
0,1,2048,128,bidiag,1,7.066541,6.996948,7.146562,22
0,1,2048,128,bidiag_vals,1,6.053542,5.980583,6.137667,25
0,1,2048,128,cpu_vals,1,1.649291,1.645708,1.653459,25
0,4,512,128,jacobi,1,10.449917,10.420271,10.459917,15
0,4,512,128,block,1,6.813354,6.696031,6.971989,22
0,4,512,128,qr,1,5.672791,5.637250,5.704083,25
0,4,512,128,qrblock,1,6.510416,6.455927,6.598386,24
0,4,512,128,cpu,1,1.950083,1.907291,1.963709,25
0,4,512,128,bidiag,1,18.530708,18.486791,18.563375,9
0,4,512,128,bidiag_vals,1,16.347188,16.305229,16.399948,10
0,4,512,128,cpu_vals,1,1.159958,1.051000,1.166916,25
0,1,56,56,jacobi,1,0.950667,0.899083,1.036250,25
0,1,56,56,block,1,2.567708,2.508834,2.625625,25
0,1,56,56,gk,1,1.279500,1.253292,1.315583,25
0,1,56,56,gk_vals,1,1.033125,1.005208,1.046750,25
0,1,56,56,cpu_vals,1,0.052000,0.051875,0.052166,25
0,1,56,56,cpu,1,0.137833,0.137584,0.138625,25
0,4,64,32,jacobi,1,0.576333,0.473667,0.590625,25
0,4,64,32,block,1,2.080416,2.038500,2.097167,25
0,4,64,32,qr,1,0.600916,0.596875,0.608834,25
0,4,64,32,qrblock,1,2.222834,2.192417,2.289083,25
0,4,64,32,gk,1,0.750166,0.706583,0.799083,25
0,4,64,32,gk_vals,1,0.521584,0.514125,0.525583,25
0,4,64,32,cpu_vals,1,0.059583,0.058917,0.061166,25
0,4,64,32,cpu,1,0.110209,0.107833,0.113541,25
0,256,256,64,jacobi,1,26.085854,25.602500,26.324927,6
0,256,256,64,block,1,12.686292,12.470083,12.729292,12
0,256,256,64,qr,1,19.341000,16.987875,20.004666,9
0,256,256,64,qrblock,1,14.440042,14.314063,14.991729,11
0,256,256,64,gk,1,12.403729,12.143104,12.712625,12
0,256,256,64,gk_vals,1,7.745688,7.617261,7.854302,20
0,256,256,64,cpu_vals,1,3.385042,3.251458,3.904542,25
0,256,256,64,gk_share,1,10.531334,10.344646,10.608417,15
0,256,256,64,gk_share_vals,1,6.528542,6.422896,6.592178,24
0,256,256,64,cpu,1,7.518292,7.401937,7.662552,20
0,4096,2048,64,qr,1,823.837292,820.926479,828.989313,3
0,4096,2048,64,qrblock,1,745.898541,740.810583,748.845854,3
0,4096,2048,64,cpu,1,513.863209,510.416833,514.345125,3
0,1,384,384,jacobi,1,112.944834,112.897959,112.947875,5
0,1,384,384,block,1,22.118750,22.025834,22.321750,7
0,1,384,384,cpu,1,7.638229,7.274885,7.918208,20
0,1,384,384,bidiag,1,17.190541,17.109541,17.201208,9
0,1,384,384,bidiag_vals,1,13.124458,13.104562,13.152719,12
0,1,384,384,cpu_vals,1,3.651459,3.641708,3.656208,25
0,16,64,64,jacobi,1,1.182750,1.172334,1.234417,25
0,16,64,64,block,1,2.943209,2.912375,2.991666,25
0,16,64,64,gk,1,1.788542,1.743542,1.797250,25
0,16,64,64,gk_vals,1,1.322250,1.294458,1.334833,25
0,16,64,64,cpu_vals,1,0.222958,0.216916,0.263250,25
0,16,64,64,cpu,1,0.391709,0.387209,0.397000,25
0,64,128,32,jacobi,1,1.022666,1.002125,1.058125,25
0,64,128,32,block,1,2.317833,2.176250,2.339375,25
0,64,128,32,qr,1,1.274166,1.240917,1.351333,25
0,64,128,32,qrblock,1,2.400708,2.363875,2.441542,25
0,64,128,32,gk,1,0.957625,0.944000,0.987541,25
0,64,128,32,gk_vals,1,0.588583,0.584291,0.594042,25
0,64,128,32,cpu_vals,1,0.288292,0.254792,0.654750,25
0,64,128,32,gk_share,1,1.075375,1.022500,1.079167,25
0,64,128,32,gk_share_vals,1,0.669625,0.663959,0.679500,25
0,64,128,32,cpu,1,0.636250,0.538042,0.669792,25
0,64,256,256,jacobi,1,289.570959,288.857375,289.880208,5
0,64,256,256,block,1,83.637542,83.536250,83.831208,5
0,64,256,256,cpu,1,20.727958,20.490895,21.012490,8
0,64,256,256,bidiag,1,548.374042,548.189917,549.382896,3
0,64,256,256,bidiag_vals,1,487.186625,486.670687,487.937354,3
0,64,256,256,cpu_vals,1,10.714291,10.610854,10.946344,14
0,4096,512,16,jacobi,1,46.024750,45.760292,46.118083,5
0,4096,512,16,qr,1,29.353458,29.243572,29.476469,6
0,4096,512,16,gk,1,26.493437,26.380562,26.662031,6
0,4096,512,16,gk_vals,1,15.984750,15.745105,16.182146,10
0,4096,512,16,cpu_vals,1,9.212584,8.986209,9.366834,17
0,4096,512,16,gk_share,1,19.235500,18.910500,19.929375,8
0,4096,512,16,gk_share_vals,1,10.956437,10.800469,11.465177,14
0,4096,512,16,cpu,1,19.742584,19.254334,20.351500,8
0,64,24,24,jacobi,1,1.064000,0.535000,1.441000,25
0,64,24,24,gk,1,0.540291,0.516916,0.693125,25
0,64,24,24,gk_vals,1,0.368166,0.363583,0.378583,25
0,64,24,24,cpu_vals,1,0.158875,0.156209,0.162250,25
0,64,24,24,gk_share,1,0.622833,0.619375,0.628250,25
0,64,24,24,gk_share_vals,1,0.453666,0.450167,0.458500,25
0,64,24,24,cpu,1,0.285416,0.280709,0.289292,25
0,4,64,16,jacobi,1,0.497583,0.404084,0.535916,25
0,4,64,16,qr,1,0.466417,0.451125,0.480125,25
0,4,64,16,gk,1,0.351666,0.348458,0.356166,25
0,4,64,16,gk_vals,1,0.295125,0.289250,0.304417,25
0,4,64,16,cpu_vals,1,0.042667,0.042041,0.043000,25
0,4,64,16,cpu,1,0.063875,0.061542,0.065208,25
0,4,32,16,jacobi,1,0.471792,0.449375,0.510833,25
0,4,32,16,qr,1,0.484167,0.447834,0.508500,25
0,4,32,16,gk,1,0.320209,0.303875,0.327167,25
0,4,32,16,gk_vals,1,0.261709,0.253375,0.271875,25
0,4,32,16,cpu_vals,1,0.030042,0.029042,0.032417,25
0,4,32,16,cpu,1,0.047916,0.047458,0.049459,25
0,2,2048,2048,cpu,1,551.847417,544.321354,554.962604,3
0,2,2048,2048,bidiag,1,455.055708,452.702729,456.606708,3
0,2,2048,2048,bidiag_vals,1,314.836750,314.526000,314.980396,3
0,2,2048,2048,cpu_vals,1,281.433750,281.233834,281.936000,5
0,4096,512,128,qr,1,2343.664333,2335.066875,2348.348479,3
0,4096,512,128,qrblock,1,1165.319250,1155.151145,1165.931167,3
0,4096,512,128,cpu,1,616.300250,609.377542,643.039812,3
0,64,64,32,jacobi,1,0.831167,0.816708,1.408125,25
0,64,64,32,block,1,2.289792,2.204958,2.362333,25
0,64,64,32,qr,1,1.153875,1.144125,1.174791,25
0,64,64,32,qrblock,1,2.514959,2.485584,2.556542,25
0,64,64,32,gk,1,0.844250,0.792417,0.891667,25
0,64,64,32,gk_vals,1,0.543208,0.537625,0.547917,25
0,64,64,32,cpu_vals,1,0.241625,0.230792,0.641667,25
0,64,64,32,gk_share,1,0.950708,0.892958,1.004958,25
0,64,64,32,gk_share_vals,1,0.635250,0.628250,0.651792,25
0,64,64,32,cpu,1,0.477833,0.467708,0.521208,25
0,4096,64,64,jacobi,1,205.029167,204.949708,209.381708,5
0,4096,64,64,block,1,113.798834,113.408459,113.890250,5
0,4096,64,64,gk,1,64.814375,64.807875,64.913458,5
0,4096,64,64,gk_vals,1,28.315791,28.223000,28.403552,6
0,4096,64,64,cpu_vals,1,17.963958,17.586917,18.440584,9
0,4096,64,64,gk_share,1,33.709667,33.351625,33.764417,5
0,4096,64,64,gk_share_vals,1,12.304041,12.145792,12.443709,13
0,4096,64,64,cpu,1,52.697833,52.244333,52.852083,5
0,256,128,8,jacobi,1,0.946291,0.757541,1.022250,25
0,256,128,8,qr,1,0.777417,0.772000,0.789708,25
0,256,128,8,gk,1,0.378333,0.371583,0.384209,25
0,256,128,8,gk_vals,1,0.240541,0.236084,0.243459,25
0,256,128,8,cpu_vals,1,0.211583,0.203042,0.218583,25
0,256,128,8,gk_share,1,0.457292,0.447625,0.474250,25
0,256,128,8,gk_share_vals,1,0.357125,0.335792,0.364500,25
0,256,128,8,cpu,1,0.335417,0.327500,0.354458,25
0,1,16,8,jacobi,1,0.278208,0.269875,0.284292,25
0,1,16,8,qr,1,0.553833,0.528834,0.565500,25
0,1,16,8,gk,1,0.248709,0.217375,0.268500,25
0,1,16,8,gk_vals,1,0.211708,0.187125,0.253167,25
0,1,16,8,cpu_vals,1,0.006125,0.006083,0.006250,25
0,1,16,8,cpu,1,0.010583,0.010458,0.010875,25
0,1,512,64,jacobi,1,2.073667,2.040500,2.078208,25
0,1,512,64,block,1,3.941959,3.906000,3.994750,25
0,1,512,64,qr,1,1.401625,1.374292,1.422292,25
0,1,512,64,qrblock,1,2.875958,2.861167,2.942208,25
0,1,512,64,gk,1,2.394167,2.363291,2.415125,25
0,1,512,64,gk_vals,1,1.783167,1.757417,1.810500,25
0,1,512,64,cpu_vals,1,0.192250,0.190916,0.193542,25
0,1,512,64,cpu,1,0.427333,0.425250,0.428584,25
0,4,512,64,jacobi,1,2.105000,2.067208,2.125583,25
0,4,512,64,block,1,3.816167,3.732167,3.906625,25
0,4,512,64,qr,1,1.703583,1.678500,1.755375,25
0,4,512,64,qrblock,1,3.183000,3.163417,3.222709,25
0,4,512,64,gk,1,2.720209,2.673458,2.731750,25
0,4,512,64,gk_vals,1,2.033458,2.005083,2.064708,25
0,4,512,64,cpu_vals,1,0.349167,0.344583,0.354250,25
0,4,512,64,cpu,1,0.700750,0.696250,0.708583,25
0,64,48,48,jacobi,1,1.897333,1.860209,1.959125,25
0,64,48,48,block,1,3.645459,3.630375,3.681833,25
0,64,48,48,gk,1,1.210209,1.151083,1.256250,25
0,64,48,48,gk_vals,1,0.907250,0.835291,0.914625,25
0,64,48,48,cpu_vals,1,0.290875,0.275625,0.643209,25
0,64,48,48,gk_share,1,1.330208,1.296042,1.358708,25
0,64,48,48,gk_share_vals,1,0.974458,0.921500,1.024042,25
0,64,48,48,cpu,1,0.702417,0.687875,0.719959,25
0,16,32,32,jacobi,1,0.400708,0.388792,0.415458,25
0,16,32,32,block,1,2.166666,2.144125,2.210458,25
0,16,32,32,gk,1,0.756792,0.677000,0.777000,25
0,16,32,32,gk_vals,1,0.488791,0.480417,0.520417,25
0,16,32,32,cpu_vals,1,0.118292,0.108708,0.284333,25
0,16,32,32,cpu,1,0.189125,0.184292,0.192625,25
0,256,128,128,jacobi,1,118.165917,117.728125,118.825542,5
0,256,128,128,block,1,47.704000,47.619000,47.725625,5
0,256,128,128,cpu,1,21.904875,21.851708,22.341895,7
0,256,128,128,bidiag,1,1009.889042,1009.768917,1010.430875,3
0,256,128,128,bidiag_vals,1,855.893041,855.766000,856.348999,3
0,256,128,128,cpu_vals,1,14.262541,14.116874,14.338479,11
0,4096,256,64,jacobi,1,414.369958,399.670396,417.172792,3
0,4096,256,64,block,1,177.122500,174.640291,178.511750,5
0,4096,256,64,qr,1,278.775084,276.782916,279.296334,5
0,4096,256,64,qrblock,1,189.126292,187.382917,189.842500,5
0,4096,256,64,gk,1,166.603541,161.620459,167.933375,5
0,4096,256,64,gk_vals,1,95.092083,95.032583,95.169792,5
0,4096,256,64,cpu_vals,1,39.428084,39.315958,39.940000,5
0,4096,256,64,gk_share,1,91.784542,89.772000,91.799917,5
0,4096,256,64,gk_share_vals,1,48.148917,45.460375,49.885708,5
0,4096,256,64,cpu,1,99.490542,98.667625,99.553375,5
0,4,96,96,jacobi,1,2.401708,2.353625,2.408958,25
0,4,96,96,block,1,4.108208,4.035083,4.146083,25
0,4,96,96,cpu,1,0.691041,0.669208,0.698542,25
0,4,512,256,jacobi,1,48.132375,48.130750,48.141041,5
0,4,512,256,block,1,13.971709,13.923042,14.045791,11
0,4,512,256,qr,1,33.130084,33.104583,33.221583,5
0,4,512,256,qrblock,1,14.560833,14.294145,14.709854,11
0,4,512,256,cpu,1,5.902917,5.810333,5.984500,25
0,4,512,256,bidiag,1,42.074791,41.797000,42.200208,5
0,4,512,256,bidiag_vals,1,37.459833,36.783375,38.136292,5
0,4,512,256,cpu_vals,1,2.958958,2.796625,2.989000,25
0,1,128,16,jacobi,1,0.273583,0.256917,0.976000,25
0,1,128,16,qr,1,0.444541,0.438375,0.459584,25
0,1,128,16,gk,1,0.340750,0.334458,0.351625,25
0,1,128,16,gk_vals,1,0.281083,0.265000,0.289458,25
0,1,128,16,cpu_vals,1,0.013875,0.013625,0.015084,25
0,1,128,16,cpu,1,0.036666,0.031125,0.040292,25
0,4,32,32,jacobi,1,0.406250,0.397084,0.430458,25
0,4,32,32,block,1,1.960791,1.933875,2.074667,25
0,4,32,32,gk,1,0.742083,0.697791,0.751958,25
0,4,32,32,gk_vals,1,0.499959,0.483917,0.519167,25
0,4,32,32,cpu_vals,1,0.050958,0.049667,0.052084,25
0,4,32,32,cpu,1,0.091875,0.090875,0.093833,25
0,1024,512,16,jacobi,1,11.523542,11.360302,11.670854,14
0,1024,512,16,qr,1,8.380854,8.263344,8.493125,18
0,1024,512,16,gk,1,7.949583,7.727958,8.202104,19
0,1024,512,16,gk_vals,1,4.712916,4.564500,4.944708,25
0,1024,512,16,cpu_vals,1,2.684875,2.624333,2.833250,25
0,1024,512,16,gk_share,1,6.783958,6.552333,7.047792,23
0,1024,512,16,gk_share_vals,1,3.585875,3.457417,3.811500,25
0,1024,512,16,cpu,1,5.221083,5.166625,5.343167,25
0,1,512,16,jacobi,1,1.105084,0.370667,1.408708,25
0,1,512,16,qr,1,0.474125,0.465416,0.486167,25
0,1,512,16,gk,1,0.577208,0.572041,0.589625,25
0,1,512,16,gk_vals,1,0.286167,0.283417,0.296542,25
0,1,512,16,cpu_vals,1,0.035167,0.034125,0.036667,25
0,1,512,16,cpu,1,0.075292,0.071667,0.078708,25
0,4096,128,64,jacobi,1,248.426458,245.622917,274.383000,5
0,4096,128,64,block,1,128.978542,128.967875,129.427583,5
0,4096,128,64,qr,1,236.725416,233.012625,237.780291,5
0,4096,128,64,qrblock,1,146.424542,145.763000,146.733041,5
0,4096,128,64,gk,1,113.535375,113.062625,113.980708,5
0,4096,128,64,gk_vals,1,62.374791,62.346500,63.161042,5
0,4096,128,64,cpu_vals,1,29.981000,29.800958,30.392833,5
0,4096,128,64,gk_share,1,63.922500,63.873667,64.047875,5
0,4096,128,64,gk_share_vals,1,30.472333,30.299750,36.390208,5
0,4096,128,64,cpu,1,77.251416,77.131209,78.233708,5
0,1024,256,32,jacobi,1,21.794416,21.363937,21.985958,7
0,1024,256,32,block,1,14.662458,14.415271,14.775979,11
0,1024,256,32,qr,1,14.737542,14.575916,14.867876,11
0,1024,256,32,qrblock,1,13.921041,13.860708,14.053688,11
0,1024,256,32,gk,1,10.805166,10.721021,10.831937,14
0,1024,256,32,gk_vals,1,6.582334,6.500500,6.721833,23
0,1024,256,32,cpu_vals,1,3.846708,3.775625,3.895791,25
0,1024,256,32,gk_share,1,9.144292,8.632167,10.345646,16
0,1024,256,32,gk_share_vals,1,4.893000,4.761333,5.122083,25
0,1024,256,32,cpu,1,8.574188,8.530031,8.684479,18
0,16,2048,128,jacobi,1,87.348875,87.324083,87.449250,5
0,16,2048,128,block,1,20.868354,20.614136,21.063521,8
0,16,2048,128,qr,1,13.427542,13.147542,13.698844,12
0,16,2048,128,qrblock,1,14.605291,14.515770,14.740125,11
0,16,2048,128,cpu,1,8.550271,8.445448,8.710896,18
0,16,2048,128,bidiag,1,104.392375,104.223375,104.468125,5
0,16,2048,128,bidiag_vals,1,94.181459,92.876417,94.731583,5
0,16,2048,128,cpu_vals,1,3.646792,3.593583,3.703583,25
0,4096,32,16,jacobi,1,5.689750,5.672458,5.730625,25
0,4096,32,16,qr,1,7.856167,7.768396,8.021948,20
0,4096,32,16,gk,1,3.312584,3.286375,3.340709,25
0,4096,32,16,gk_vals,1,1.457625,1.441708,1.468125,25
0,4096,32,16,cpu_vals,1,2.799667,2.483042,2.980208,25
0,4096,32,16,gk_share,1,3.240875,3.207333,3.270000,25
0,4096,32,16,gk_share_vals,1,1.539500,1.514583,1.561750,25
0,4096,32,16,cpu,1,6.984291,6.927146,7.033490,22
0,256,384,384,jacobi,1,4751.970584,4751.638375,4755.447646,3
0,256,384,384,block,1,1142.264458,1140.781000,1144.477083,3
0,256,384,384,cpu,1,177.931083,177.690292,178.019458,5
0,1,768,768,jacobi,1,1031.687917,1031.039979,1031.744958,3
0,1,768,768,block,1,65.192167,65.050792,65.194084,5
0,1,768,768,cpu,1,33.926583,33.820750,34.291500,5
0,1,768,768,bidiag,1,46.042958,46.001459,46.100334,5
0,1,768,768,bidiag_vals,1,31.142416,31.099417,31.147333,5
0,1,768,768,cpu_vals,1,16.204208,16.195344,16.222011,10
0,256,40,40,jacobi,1,4.135875,4.119916,4.149750,25
0,256,40,40,block,1,7.576916,7.527687,7.655615,20
0,256,40,40,gk,1,1.759708,1.711584,1.769875,25
0,256,40,40,gk_vals,1,0.920125,0.892417,0.976583,25
0,256,40,40,cpu_vals,1,0.590292,0.569375,0.624917,25
0,256,40,40,gk_share,1,1.169792,1.165833,1.195042,25
0,256,40,40,gk_share_vals,1,0.768125,0.761458,0.780583,25
0,256,40,40,cpu,1,1.686583,1.643833,1.718208,25
0,1024,1024,128,jacobi,1,2888.147917,2887.999729,2889.765125,3
0,1024,1024,128,block,1,539.723834,538.174626,539.964438,3
0,1024,1024,128,qr,1,668.525625,659.794833,670.027208,3
0,1024,1024,128,qrblock,1,396.498125,395.053479,401.789208,3
0,1024,1024,128,cpu,1,237.155125,236.632417,241.360750,5
0,16,256,256,jacobi,1,66.104791,66.042125,66.125666,5
0,16,256,256,block,1,24.631000,24.506125,24.686333,7
0,16,256,256,cpu,1,6.097708,6.026833,6.451333,25
0,16,256,256,bidiag,1,137.522875,136.788375,137.667125,5
0,16,256,256,bidiag_vals,1,121.953917,121.930041,122.040500,5
0,16,256,256,cpu_vals,1,3.392166,3.283875,3.872042,25
0,1024,32,32,jacobi,1,7.318458,7.281500,7.350083,21
0,1024,32,32,block,1,6.693125,6.637021,6.884437,23
0,1024,32,32,gk,1,2.638917,2.576666,2.657875,25
0,1024,32,32,gk_vals,1,1.312417,1.271250,1.320541,25
0,1024,32,32,cpu_vals,1,1.351208,1.333416,1.434084,25
0,1024,32,32,gk_share,1,2.344334,2.336375,3.007833,25
0,1024,32,32,gk_share_vals,1,1.265834,1.261792,1.271667,25
0,1024,32,32,cpu,1,4.535417,4.076583,4.570500,25
0,4,40,40,jacobi,1,0.576833,0.568834,0.968125,25
0,4,40,40,block,1,2.410583,2.384542,2.441542,25
0,4,40,40,gk,1,0.830625,0.787875,0.879958,25
0,4,40,40,gk_vals,1,0.684000,0.621375,0.710916,25
0,4,40,40,cpu_vals,1,0.055500,0.055000,0.056959,25
0,4,40,40,cpu,1,0.120250,0.117833,0.121625,25
0,16,1024,32,jacobi,1,1.148833,1.067791,1.168833,25
0,16,1024,32,block,1,4.321542,4.256208,4.404750,25
0,16,1024,32,qr,1,1.263792,1.241750,1.305083,25
0,16,1024,32,qrblock,1,2.714750,2.671750,2.728583,25
0,16,1024,32,gk,1,1.770625,1.727833,1.824334,25
0,16,1024,32,gk_vals,1,1.094500,1.050083,1.144542,25
0,16,1024,32,cpu_vals,1,0.361959,0.349750,0.609708,25
0,16,1024,32,cpu,1,0.654916,0.577083,0.700208,25
0,64,2048,64,jacobi,1,83.637750,83.622583,84.125834,5
0,64,2048,64,block,1,19.864292,19.798542,19.946895,8
0,64,2048,64,qr,1,14.889750,14.723562,15.030458,11
0,64,2048,64,qrblock,1,15.831958,15.550677,16.108511,10
0,64,2048,64,gk,1,14.774250,14.493374,14.959667,11
0,64,2048,64,gk_vals,1,11.650917,11.499833,12.518875,13
0,64,2048,64,cpu_vals,1,5.208709,4.988125,5.665125,25
0,64,2048,64,gk_share,1,13.992208,13.504271,14.228750,11
0,64,2048,64,gk_share_vals,1,9.381854,9.285240,10.066521,16
0,64,2048,64,cpu,1,9.854166,9.433177,10.115885,16
0,16,512,16,jacobi,1,1.082708,0.392459,1.224250,25
0,16,512,16,qr,1,0.671625,0.646208,0.712334,25
0,16,512,16,gk,1,0.791250,0.771083,0.806625,25
0,16,512,16,gk_vals,1,0.424375,0.411833,0.484750,25
0,16,512,16,cpu_vals,1,0.146750,0.138584,0.190792,25
0,16,512,16,cpu,1,0.235959,0.221166,0.247167,25
0,4,256,64,jacobi,1,1.468209,1.427708,1.518125,25
0,4,256,64,block,1,3.110208,3.024917,3.131708,25
0,4,256,64,qr,1,1.500375,1.465708,1.551708,25
0,4,256,64,qrblock,1,2.924458,2.882833,2.972167,25
0,4,256,64,gk,1,2.377208,2.332250,2.384292,25
0,4,256,64,gk_vals,1,1.710083,1.703375,1.746250,25
0,4,256,64,cpu_vals,1,0.227000,0.225750,0.231166,25
0,4,256,64,cpu,1,0.455875,0.453167,0.459375,25
0,256,192,192,jacobi,1,422.325083,420.536916,422.446750,3
0,256,192,192,block,1,148.595792,148.089125,148.736500,5
0,256,192,192,cpu,1,37.613875,37.177625,37.822541,5
0,256,192,192,bidiag,1,1611.889250,1610.769937,1612.802792,3
0,256,192,192,bidiag_vals,1,1397.719125,1397.700208,1399.234104,3
0,256,192,192,cpu_vals,1,18.427416,18.386334,18.624209,9
0,1024,256,64,jacobi,1,97.109792,96.437208,97.584917,5
0,1024,256,64,block,1,45.413250,45.360500,45.419958,5
0,1024,256,64,qr,1,69.932000,69.416209,70.790667,5
0,1024,256,64,qrblock,1,47.730083,47.657792,48.452708,5
0,1024,256,64,gk,1,41.324542,41.306542,41.435792,5
0,1024,256,64,gk_vals,1,25.248896,25.184980,25.416469,6
0,1024,256,64,cpu_vals,1,11.079833,10.870698,11.260281,14
0,1024,256,64,gk_share,1,25.129563,23.428948,29.131927,6
0,1024,256,64,gk_share_vals,1,15.285875,14.778802,15.590760,10
0,1024,256,64,cpu,1,26.653917,26.017635,27.328166,6
0,256,1024,32,jacobi,1,35.001333,34.848250,35.384292,5
0,256,1024,32,block,1,12.952645,12.923406,13.144718,12
0,256,1024,32,qr,1,10.520687,10.416032,10.716812,14
0,256,1024,32,qrblock,1,10.965104,10.915864,11.111885,14
0,256,1024,32,gk,1,10.034708,9.576500,10.234938,15
0,256,1024,32,gk_vals,1,7.052334,6.651000,7.724041,21
0,256,1024,32,cpu_vals,1,3.396750,3.070417,3.845167,25
0,256,1024,32,gk_share,1,9.363312,9.272313,9.606552,16
0,256,1024,32,gk_share_vals,1,5.644625,5.505458,5.873708,25
0,256,1024,32,cpu,1,6.265375,6.161042,6.401989,24
0,1024,96,96,jacobi,1,191.325375,191.175125,191.445375,5
0,1024,96,96,block,1,86.565834,86.453959,86.728541,5
0,1024,96,96,cpu,1,39.424083,39.116250,39.757875,5
0,64,1024,128,jacobi,1,186.274291,186.016833,186.379250,5
0,64,1024,128,block,1,37.109458,37.032458,37.260875,5
0,64,1024,128,qr,1,43.951375,43.852500,44.026125,5
0,64,1024,128,qrblock,1,26.735270,26.642563,26.895354,6
0,64,1024,128,cpu,1,16.786250,16.741375,16.936000,9
0,64,1024,128,bidiag,1,327.446334,327.434334,327.740500,3
0,64,1024,128,bidiag_vals,1,289.025500,288.487333,289.199459,5
0,64,1024,128,cpu_vals,1,7.788417,7.610969,7.947416,20
0,16,16,16,jacobi,1,0.542750,0.331875,0.955000,25
0,16,16,16,gk,1,0.461458,0.357375,0.487750,25
0,16,16,16,gk_vals,1,0.272958,0.266000,0.275750,25
0,16,16,16,cpu_vals,1,0.101792,0.068000,0.111042,25
0,16,16,16,cpu,1,0.111125,0.103208,0.161833,25
0,64,128,16,jacobi,1,1.088209,0.430041,1.124375,25
0,64,128,16,qr,1,0.723416,0.710292,0.735042,25
0,64,128,16,gk,1,0.403584,0.398709,0.408084,25
0,64,128,16,gk_vals,1,0.288959,0.278458,0.294958,25
0,64,128,16,cpu_vals,1,0.187292,0.183667,0.193583,25
0,64,128,16,gk_share,1,0.493542,0.489291,0.499375,25
0,64,128,16,gk_share_vals,1,0.392458,0.376708,0.399000,25
0,64,128,16,cpu,1,0.293209,0.288750,0.295584,25
0,4,256,16,jacobi,1,0.759250,0.350458,0.786833,25
0,4,256,16,qr,1,0.481833,0.477792,0.495292,25
0,4,256,16,gk,1,0.367583,0.363375,0.371000,25
0,4,256,16,gk_vals,1,0.291792,0.279292,0.296500,25
0,4,256,16,cpu_vals,1,0.051417,0.051208,0.051958,25
0,4,256,16,cpu,1,0.075375,0.074208,0.077875,25
1,64,1024,32,jacobi,1,7.981542,7.968187,8.035646,19
1,64,1024,32,block,1,5.718125,5.653500,5.874541,25
1,64,1024,32,qr,1,3.502833,3.464250,3.642791,25
1,64,1024,32,qrblock,1,4.788292,4.744209,4.987042,25
1,64,1024,32,gk,1,3.599709,3.540792,3.707666,25
1,64,1024,32,gk_vals,1,2.437959,1.980000,2.959542,25
1,64,1024,32,cpu_vals,1,1.351750,0.919208,1.404042,25
1,64,1024,32,gk_share,1,3.504125,3.465708,3.626375,25
1,64,1024,32,gk_share_vals,1,2.394333,1.894750,2.854834,25
1,64,1024,32,cpu,1,2.179083,1.778333,2.222375,25
1,1024,256,64,jacobi,1,96.826667,96.337000,96.982667,5
1,1024,256,64,block,1,45.613667,45.373625,45.686167,5
1,1024,256,64,qr,1,69.625292,69.151875,70.493500,5
1,1024,256,64,qrblock,1,47.895125,47.734250,48.281583,5
1,1024,256,64,gk,1,41.936291,41.916709,42.092708,5
1,1024,256,64,gk_vals,1,25.536395,25.442458,25.615646,6
1,1024,256,64,cpu_vals,1,10.875125,10.712667,11.145938,14
1,1024,256,64,gk_share,1,24.463292,23.384916,26.054395,7
1,1024,256,64,gk_share_vals,1,15.332145,14.973260,15.464323,10
1,1024,256,64,cpu,1,27.643417,26.958687,28.335708,6
1,4096,96,96,jacobi,1,758.901250,758.251209,760.038500,3
1,4096,96,96,block,1,347.606333,347.071000,348.276438,3
1,4096,96,96,cpu,1,153.254750,150.937125,153.851458,5
1,256,1024,128,jacobi,1,716.089333,714.433979,718.203229,3
1,256,1024,128,block,1,136.618125,136.538709,137.169208,5
1,256,1024,128,qr,1,156.410708,156.316667,156.588542,5
1,256,1024,128,qrblock,1,93.075959,92.856583,93.446459,5
1,256,1024,128,cpu,1,63.089458,62.847625,63.500916,5
1,256,1024,128,bidiag,1,1308.103125,1307.905021,1308.467312,3
1,256,1024,128,bidiag_vals,1,1152.891209,1151.939417,1155.017604,3
1,256,1024,128,cpu_vals,1,28.591854,28.565281,28.616302,6
1,16,24,24,jacobi,1,0.803000,0.773458,1.040208,25
1,16,24,24,gk,1,0.511334,0.508375,0.515958,25
1,16,24,24,gk_vals,1,0.358375,0.353375,0.363292,25
1,16,24,24,cpu_vals,1,0.102375,0.088583,0.178917,25
1,16,24,24,cpu,1,0.164333,0.159166,0.185833,25
1,1,4096,4096,cpu,1,3444.163083,3441.048749,3447.300604,3
1,1,4096,4096,bidiag,1,1698.051042,1696.172625,1700.177563,3
1,1,4096,4096,bidiag_vals,1,988.779625,987.803000,991.224938,3
1,1,4096,4096,cpu_vals,1,1908.063250,1904.657688,1909.072000,3
1,256,64,32,jacobi,1,2.410000,2.361208,2.448542,25
1,256,64,32,block,1,3.017791,2.976750,3.038542,25
1,256,64,32,qr,1,2.818500,2.772916,2.850708,25
1,256,64,32,qrblock,1,3.504666,3.442958,3.555584,25
1,256,64,32,gk,1,1.537875,1.482000,1.557584,25
1,256,64,32,gk_vals,1,0.933417,0.893792,0.951375,25
1,256,64,32,cpu_vals,1,0.632166,0.600459,0.703750,25
1,256,64,32,gk_share,1,1.015416,1.008500,1.020500,25
1,256,64,32,gk_share_vals,1,0.665417,0.662791,0.670292,25
1,256,64,32,cpu,1,1.491459,1.457666,1.526833,25
1,16,32,32,jacobi,1,0.514708,0.482041,0.583125,25
1,16,32,32,block,1,2.173125,2.144750,2.208667,25
1,16,32,32,gk,1,0.680583,0.675667,0.778583,25
1,16,32,32,gk_vals,1,0.485166,0.480291,0.488334,25
1,16,32,32,cpu_vals,1,0.124708,0.105500,0.273833,25
1,16,32,32,cpu,1,0.191792,0.186875,0.195667,25
1,1024,32,8,jacobi,1,0.834333,0.665584,0.904500,25
1,1024,32,8,qr,1,1.050333,1.038500,1.078458,25
1,1024,32,8,gk,1,0.469000,0.463500,0.487500,25
1,1024,32,8,gk_vals,1,0.289833,0.281542,0.291125,25
1,1024,32,8,cpu_vals,1,0.392708,0.385375,0.504250,25
1,1024,32,8,gk_share,1,0.686209,0.674875,0.701875,25
1,1024,32,8,gk_share_vals,1,0.425875,0.414833,0.431000,25
1,1024,32,8,cpu,1,0.690500,0.658833,0.715292,25
1,64,32,16,jacobi,1,0.840792,0.330334,0.903625,25
1,64,32,16,qr,1,0.601875,0.592875,0.635291,25
1,64,32,16,gk,1,0.358833,0.353167,0.361542,25
1,64,32,16,gk_vals,1,0.278167,0.264167,0.283375,25
1,64,32,16,cpu_vals,1,0.149875,0.144833,0.155542,25
1,64,32,16,gk_share,1,0.469792,0.467584,0.475583,25
1,64,32,16,gk_share_vals,1,0.378917,0.371958,0.383375,25
1,64,32,16,cpu,1,0.232209,0.224375,0.246750,25
1,64,384,384,jacobi,1,1166.790541,1166.103500,1166.969583,3
1,64,384,384,block,1,273.682459,273.189834,273.714709,5
1,64,384,384,cpu,1,45.203917,44.908334,45.282167,5
1,64,384,384,bidiag,1,865.466584,864.711125,867.361646,3
1,64,384,384,bidiag_vals,1,771.035083,770.887979,772.754937,3
1,64,384,384,cpu_vals,1,24.167791,23.591625,24.416104,7
1,1,16,8,jacobi,1,0.312250,0.308333,0.324209,25
1,1,16,8,qr,1,0.524333,0.414125,0.562875,25
1,1,16,8,gk,1,0.260875,0.251250,0.268750,25
1,1,16,8,gk_vals,1,0.203083,0.185791,0.236042,25
1,1,16,8,cpu_vals,1,0.005792,0.005750,0.005917,25
1,1,16,8,cpu,1,0.009834,0.009792,0.010125,25
1,64,48,48,jacobi,1,1.864167,1.826292,1.875375,25
1,64,48,48,block,1,3.626916,3.556667,3.714375,25
1,64,48,48,gk,1,1.206292,1.153625,1.257625,25
1,64,48,48,gk_vals,1,0.866167,0.836000,0.916125,25
1,64,48,48,cpu_vals,1,0.285625,0.283041,0.291667,25
1,64,48,48,gk_share,1,1.315959,1.270167,1.350667,25
1,64,48,48,gk_share_vals,1,0.985000,0.931709,1.031250,25
1,64,48,48,cpu,1,0.696333,0.684667,0.722916,25
1,1,256,128,jacobi,1,5.652625,5.619750,5.665792,25
1,1,256,128,block,1,5.655459,5.507250,5.716916,25
1,1,256,128,qr,1,4.759958,4.752334,4.780959,25
1,1,256,128,qrblock,1,5.630708,5.554667,5.757917,25
1,1,256,128,cpu,1,1.350000,1.342250,1.357584,25
1,1,256,128,bidiag,1,4.734958,4.679000,4.763166,25
1,1,256,128,bidiag_vals,1,3.865125,3.812458,3.897625,25
1,1,256,128,cpu_vals,1,0.789083,0.780417,0.791709,25
1,256,128,64,jacobi,1,14.764917,13.886500,15.538250,11
1,256,128,64,block,1,9.323854,9.253730,9.516823,16
1,256,128,64,qr,1,16.668792,16.017948,17.444219,10
1,256,128,64,qrblock,1,12.144792,11.949875,12.314416,13
1,256,128,64,gk,1,9.881312,9.533791,10.161854,16
1,256,128,64,gk_vals,1,5.663166,5.390584,5.774959,25
1,256,128,64,cpu_vals,1,2.724792,2.308792,2.835583,25
1,256,128,64,gk_share,1,8.035208,7.929021,8.144000,19
1,256,128,64,gk_share_vals,1,4.826209,4.714792,5.187250,25
1,256,128,64,cpu,1,5.957167,5.578166,6.027583,25
1,4,256,16,jacobi,1,0.946375,0.771500,1.124792,25
1,4,256,16,qr,1,0.463208,0.457708,0.472208,25
1,4,256,16,gk,1,0.357042,0.355667,0.360833,25
1,4,256,16,gk_vals,1,0.286333,0.276667,0.295041,25
1,4,256,16,cpu_vals,1,0.052000,0.051166,0.052875,25
1,4,256,16,cpu,1,0.075166,0.073375,0.076666,25
1,4,1024,256,jacobi,1,105.332834,105.323458,105.342875,5
1,4,1024,256,block,1,19.687937,19.589739,19.849031,8
1,4,1024,256,qr,1,33.622500,33.527208,33.627375,5
1,4,1024,256,qrblock,1,15.978229,15.801094,16.063468,10
1,4,1024,256,cpu,1,7.547604,7.229854,7.789760,20
1,4,1024,256,bidiag,1,48.162833,48.067083,48.216208,5
1,4,1024,256,bidiag_vals,1,43.435666,43.426416,43.447458,5
1,4,1024,256,cpu_vals,1,3.955167,3.447334,4.149708,25
1,16,512,512,jacobi,1,833.389083,832.820938,833.744146,3
1,16,512,512,block,1,154.516875,154.368833,154.604459,5
1,16,512,512,cpu,1,28.369438,28.135375,28.399656,6
1,16,512,512,bidiag,1,306.115917,305.540292,306.345854,3
1,16,512,512,bidiag_vals,1,267.105792,266.997958,267.114250,5
1,16,512,512,cpu_vals,1,15.406604,15.335052,15.513302,10
1,16,96,96,jacobi,1,2.606209,2.600500,2.617959,25
1,16,96,96,block,1,4.700417,4.667208,4.739584,25
1,16,96,96,cpu,1,0.927417,0.854500,1.305208,25
1,16,64,32,jacobi,1,0.399833,0.395250,0.411750,25
1,16,64,32,block,1,2.092458,2.074583,2.150208,25
1,16,64,32,qr,1,0.649792,0.644833,0.659041,25
1,16,64,32,qrblock,1,2.287583,2.240916,2.318459,25
1,16,64,32,gk,1,0.840000,0.779000,0.843375,25
1,16,64,32,gk_vals,1,0.528375,0.517208,0.536209,25
1,16,64,32,cpu_vals,1,0.138584,0.130708,0.158250,25
1,16,64,32,cpu,1,0.228083,0.225667,0.231917,25
1,256,512,32,jacobi,1,11.716167,11.553125,11.806166,13
1,256,512,32,block,1,7.845542,7.695729,8.093333,20
1,256,512,32,qr,1,6.819833,6.594105,7.009896,23
1,256,512,32,qrblock,1,7.730937,7.460573,7.913854,20
1,256,512,32,gk,1,5.974667,5.796083,6.138500,25
1,256,512,32,gk_vals,1,4.103375,3.958875,4.153833,25
1,256,512,32,cpu_vals,1,1.982708,1.738625,2.028458,25
1,256,512,32,gk_share,1,5.540083,5.445833,5.708250,25
1,256,512,32,gk_share_vals,1,3.314125,3.217125,3.409000,25
1,256,512,32,cpu,1,3.930916,3.879458,3.992667,25
1,4,32,16,jacobi,1,0.490583,0.463583,0.812292,25
1,4,32,16,qr,1,0.452125,0.431833,0.475208,25
1,4,32,16,gk,1,0.303041,0.299458,0.322542,25
1,4,32,16,gk_vals,1,0.260708,0.257292,0.264625,25
1,4,32,16,cpu_vals,1,0.031667,0.030542,0.032916,25
1,4,32,16,cpu,1,0.048917,0.047625,0.049833,25
1,16,256,16,jacobi,1,0.509708,0.355458,0.884083,25
1,16,256,16,qr,1,0.576500,0.559125,0.596167,25
1,16,256,16,gk,1,0.388417,0.385041,0.392750,25
1,16,256,16,gk_vals,1,0.299500,0.298250,0.303042,25
1,16,256,16,cpu_vals,1,0.130166,0.116542,0.259583,25
1,16,256,16,cpu,1,0.190750,0.188666,0.208583,25
1,16,16,8,jacobi,1,0.317875,0.293500,0.339250,25
1,16,16,8,qr,1,0.417000,0.399583,0.440541,25
1,16,16,8,gk,1,0.229958,0.221291,0.252292,25
1,16,16,8,gk_vals,1,0.182125,0.171042,0.193583,25
1,16,16,8,cpu_vals,1,0.056875,0.055042,0.059791,25
1,16,16,8,cpu,1,0.101833,0.063625,0.104041,25
1,1024,1024,256,qrblock,1,1616.594000,1595.394375,1630.306770,3
1,256,384,384,jacobi,1,4751.123375,4733.386771,4753.107854,3
1,256,384,384,block,1,1144.847625,1144.248021,1145.459188,3
1,256,384,384,cpu,1,180.060083,179.884292,182.117916,5
1,64,256,256,jacobi,1,290.375958,289.703583,291.018458,5
1,64,256,256,block,1,82.896208,82.811958,83.113917,5
1,64,256,256,cpu,1,20.325812,20.021739,20.725302,8
1,64,256,256,bidiag,1,549.632584,547.963042,549.967250,3
1,64,256,256,bidiag_vals,1,488.826209,487.855417,489.003792,3
1,64,256,256,cpu_vals,1,10.757770,10.646490,11.024646,14
1,4,64,64,jacobi,1,1.150416,1.089666,1.763917,25
1,4,64,64,block,1,2.846583,2.823417,2.896292,25
1,4,64,64,gk,1,1.719208,1.715250,1.768292,25
1,4,64,64,gk_vals,1,1.343792,1.330208,1.370958,25
1,4,64,64,cpu_vals,1,0.100834,0.099000,0.102667,25
1,4,64,64,cpu,1,0.229291,0.228375,0.229958,25
1,1024,56,56,jacobi,1,28.096251,27.535365,28.693385,6
1,1024,56,56,block,1,28.208958,27.723031,28.425448,6
1,1024,56,56,gk,1,11.603334,11.570000,11.642542,13
1,1024,56,56,gk_vals,1,4.984083,4.946125,5.013791,25
1,1024,56,56,cpu_vals,1,4.009500,3.746542,4.162792,25
1,1024,56,56,gk_share,1,6.880396,6.766323,6.948521,22
1,1024,56,56,gk_share_vals,1,2.775375,2.771083,2.788625,25
1,1024,56,56,cpu,1,10.570667,10.482416,10.790083,15
1,1,24,24,jacobi,1,0.736833,0.348000,0.818292,25
1,1,24,24,gk,1,0.648458,0.579167,0.703333,25
1,1,24,24,gk_vals,1,0.403875,0.386000,0.457750,25
1,1,24,24,cpu_vals,1,0.014541,0.014416,0.014708,25
1,1,24,24,cpu,1,0.037125,0.036834,0.037458,25
1,16,2048,128,jacobi,1,87.108542,86.970292,87.113417,5
1,16,2048,128,block,1,20.703583,20.513917,20.926886,8
1,16,2048,128,qr,1,13.326583,13.092312,13.557687,12
1,16,2048,128,qrblock,1,14.617333,14.504209,14.758729,11
1,16,2048,128,cpu,1,8.486854,8.407781,8.541698,18
1,16,2048,128,bidiag,1,104.537375,104.496125,104.695958,5
1,16,2048,128,bidiag_vals,1,94.958792,94.363667,94.971417,5
1,16,2048,128,cpu_vals,1,3.631750,3.605208,3.685209,25
1,16,256,32,jacobi,1,0.752292,0.652375,0.910334,25
1,16,256,32,block,1,2.350542,2.326666,2.359708,25
1,16,256,32,qr,1,0.816041,0.789583,0.826208,25
1,16,256,32,qrblock,1,2.238875,2.215500,2.281916,25
1,16,256,32,gk,1,1.249000,1.239834,1.311542,25
1,16,256,32,gk_vals,1,0.759167,0.723291,0.766500,25
1,16,256,32,cpu_vals,1,0.204334,0.167625,0.569667,25
1,16,256,32,cpu,1,0.311792,0.307958,0.337458,25
1,256,2048,256,qr,1,1205.977333,1199.341875,1206.615937,3
1,256,2048,256,qrblock,1,518.302083,515.303958,523.499812,3
1,256,2048,256,cpu,1,271.139792,269.484666,274.572416,5
1,1,1024,32,jacobi,1,1.001375,0.948084,1.095792,25
1,1,1024,32,block,1,4.153667,4.084917,4.257875,25
1,1,1024,32,qr,1,0.697875,0.693792,0.706542,25
1,1,1024,32,qrblock,1,2.336500,2.076750,2.503292,25
1,1,1024,32,gk,1,1.135500,1.104583,1.195250,25
1,1,1024,32,gk_vals,1,0.718542,0.708750,0.737458,25
1,1,1024,32,cpu_vals,1,0.105250,0.104792,0.106125,25
1,1,1024,32,cpu,1,0.226291,0.223667,0.228541,25
1,16,128,64,jacobi,1,1.243375,1.236083,1.300208,25
1,16,128,64,block,1,2.854542,2.835750,2.962625,25
1,16,128,64,qr,1,1.638167,1.622625,1.700542,25
1,16,128,64,qrblock,1,3.280542,3.253750,3.370041,25
1,16,128,64,gk,1,2.604916,2.590042,2.629125,25
1,16,128,64,gk_vals,1,1.873041,1.834500,1.905750,25
1,16,128,64,cpu_vals,1,0.265791,0.260333,0.336417,25
1,16,128,64,cpu,1,0.497167,0.494792,0.509542,25
1,4096,1024,128,qr,1,3007.431125,2987.537646,3007.865292,3
1,4096,1024,128,qrblock,1,1725.566916,1694.039229,1729.402437,3
1,4096,1024,128,cpu,1,927.570291,923.767646,930.431687,3
1,64,128,16,jacobi,1,1.122875,0.445541,1.165875,25
1,64,128,16,qr,1,0.725125,0.705250,0.736083,25
1,64,128,16,gk,1,0.398500,0.397500,0.402209,25
1,64,128,16,gk_vals,1,0.297792,0.293875,0.301042,25
1,64,128,16,cpu_vals,1,0.181291,0.175458,0.187666,25
1,64,128,16,gk_share,1,0.500125,0.497500,0.504042,25
1,64,128,16,gk_share_vals,1,0.389166,0.386041,0.395333,25
1,64,128,16,cpu,1,0.286458,0.281250,0.291291,25
1,4096,512,16,jacobi,1,46.596292,45.757750,46.944375,5
1,4096,512,16,qr,1,29.811896,29.694687,29.905136,6
1,4096,512,16,gk,1,27.234833,27.098115,27.541114,6
1,4096,512,16,gk_vals,1,15.730167,15.409218,16.298417,10
1,4096,512,16,cpu_vals,1,8.976125,8.932584,9.048292,17
1,4096,512,16,gk_share,1,18.656084,18.516010,19.034895,8
1,4096,512,16,gk_share_vals,1,11.538312,10.923927,11.673167,14
1,4096,512,16,cpu,1,19.752167,19.414322,20.248135,8
1,256,128,16,jacobi,1,0.999708,0.985125,1.374333,25
1,256,128,16,qr,1,1.301416,1.296417,1.319584,25
1,256,128,16,gk,1,0.728666,0.723583,0.741292,25
1,256,128,16,gk_vals,1,0.430625,0.423667,0.434708,25
1,256,128,16,cpu_vals,1,0.401500,0.320459,0.585708,25
1,256,128,16,gk_share,1,0.643042,0.635708,0.680042,25
1,256,128,16,gk_share_vals,1,0.434750,0.432666,0.449875,25
1,256,128,16,cpu,1,0.706208,0.688000,0.730500,25
1,1,1024,64,jacobi,1,4.495000,4.478167,4.508458,25
1,1,1024,64,block,1,5.049625,4.952917,5.138584,25
1,1,1024,64,qr,1,1.576083,1.541625,1.596333,25
1,1,1024,64,qrblock,1,2.815500,2.799375,2.863208,25
1,1,1024,64,gk,1,2.476000,2.436417,2.487833,25
1,1,1024,64,gk_vals,1,1.869083,1.856792,1.903167,25
1,1,1024,64,cpu_vals,1,0.269000,0.267041,0.271167,25
1,1,1024,64,cpu,1,0.587125,0.584792,0.590708,25
1,1024,256,32,jacobi,1,21.689083,21.361376,21.987105,7
1,1024,256,32,block,1,14.675166,14.559209,14.784771,11
1,1024,256,32,qr,1,14.776250,14.709292,14.875333,11
1,1024,256,32,qrblock,1,13.824875,13.781771,13.832875,11
1,1024,256,32,gk,1,10.830229,10.753166,10.904813,14
1,1024,256,32,gk_vals,1,6.725583,6.483959,6.879229,22
1,1024,256,32,cpu_vals,1,3.877333,3.845292,3.941959,25
1,1024,256,32,gk_share,1,10.235666,9.132833,11.609604,15
1,1024,256,32,gk_share_vals,1,4.940416,4.772083,5.047833,25
1,1024,256,32,cpu,1,8.637208,8.543322,8.709219,18
1,1024,16,16,jacobi,1,1.751708,1.699166,1.758250,25
1,1024,16,16,gk,1,0.902459,0.848875,0.909333,25
1,1024,16,16,gk_vals,1,0.477792,0.472375,0.552917,25
1,1024,16,16,cpu_vals,1,0.591166,0.528667,0.635625,25
1,1024,16,16,gk_share,1,0.896375,0.883500,0.915291,25
1,1024,16,16,gk_share_vals,1,0.529417,0.515708,0.538416,25
1,1024,16,16,cpu,1,1.187291,1.136916,1.245417,25
1,4,768,768,jacobi,1,1268.275334,1268.039063,1268.802083,3
1,4,768,768,block,1,114.567792,114.476250,114.607209,5
1,4,768,768,cpu,1,39.860958,39.695667,40.065291,5
1,4,768,768,bidiag,1,134.971792,133.334042,135.026750,5
1,4,768,768,bidiag_vals,1,112.138917,112.063208,112.222584,5
1,4,768,768,cpu_vals,1,18.382021,18.271542,19.460677,8
1,16,512,32,jacobi,1,0.822041,0.740875,1.302166,25
1,16,512,32,block,1,2.884292,2.853875,2.914584,25
1,16,512,32,qr,1,0.973709,0.955625,0.979416,25
1,16,512,32,qrblock,1,2.402167,2.376416,2.455083,25
1,16,512,32,gk,1,1.461084,1.384334,1.480500,25
1,16,512,32,gk_vals,1,0.848250,0.818917,0.873291,25
1,16,512,32,cpu_vals,1,0.262959,0.238750,0.608875,25
1,16,512,32,cpu,1,0.433917,0.370916,0.553084,25
1,16,1024,256,jacobi,1,175.026666,174.988459,175.055625,5
1,16,1024,256,block,1,37.780791,37.626750,38.357417,5
1,16,1024,256,qr,1,66.685125,66.416958,66.980125,5
1,16,1024,256,qrblock,1,28.190896,28.023958,28.288272,6
1,16,1024,256,cpu,1,12.005938,11.852531,13.378938,12
1,16,1024,256,bidiag,1,188.959625,188.389375,190.115458,5
1,16,1024,256,bidiag_vals,1,168.873000,168.537833,168.987709,5
1,16,1024,256,cpu_vals,1,5.757833,5.676542,5.912459,25
1,64,192,192,jacobi,1,109.073375,108.880000,109.566417,5
1,64,192,192,block,1,37.516625,37.475333,37.599875,5
1,64,192,192,cpu,1,10.400916,10.203021,10.548792,15
1,64,192,192,bidiag,1,402.380834,402.268542,405.124812,3
1,64,192,192,bidiag_vals,1,349.455167,349.447125,349.486917,3
1,64,192,192,cpu_vals,1,5.654541,5.207917,5.711084,25
1,4096,128,64,jacobi,1,248.322792,247.112875,250.384959,5
1,4096,128,64,block,1,129.467125,129.171833,129.649375,5
1,4096,128,64,qr,1,237.809125,236.456458,238.733750,5
1,4096,128,64,qrblock,1,148.459083,147.357542,150.912791,5
1,4096,128,64,gk,1,114.290709,114.270250,114.416625,5
1,4096,128,64,gk_vals,1,62.356417,62.351250,62.426250,5
1,4096,128,64,cpu_vals,1,31.112709,30.594125,31.184458,5
1,4096,128,64,gk_share,1,65.764542,65.750875,65.845041,5
1,4096,128,64,gk_share_vals,1,30.631916,30.361125,31.092875,5
1,4096,128,64,cpu,1,76.939250,76.842709,77.457167,5
1,64,512,32,jacobi,1,2.269125,2.238583,2.312416,25
1,64,512,32,block,1,3.648667,3.594250,3.722291,25
1,64,512,32,qr,1,2.087709,2.024167,2.287208,25
1,64,512,32,qrblock,1,3.232375,3.196000,3.299500,25
1,64,512,32,gk,1,2.184375,2.132208,2.242875,25
1,64,512,32,gk_vals,1,1.535250,1.318166,1.618208,25
1,64,512,32,cpu_vals,1,0.704083,0.556625,0.752709,25
1,64,512,32,gk_share,1,2.306875,2.212834,2.552625,25
1,64,512,32,gk_share_vals,1,1.621959,1.363291,1.894875,25
1,64,512,32,cpu,1,1.072375,1.036000,1.512541,25
1,1,16,16,jacobi,1,0.530667,0.508750,0.580458,25
1,1,16,16,gk,1,0.328750,0.323167,0.365375,25
1,1,16,16,gk_vals,1,0.259709,0.248833,0.267167,25
1,1,16,16,cpu_vals,1,0.009042,0.009000,0.009209,25
1,1,16,16,cpu,1,0.019666,0.019417,0.019875,25
1,4,256,128,jacobi,1,5.749208,5.716458,5.769083,25
1,4,256,128,block,1,5.731167,5.665417,5.831041,25
1,4,256,128,qr,1,5.123166,5.113542,5.136333,25
1,4,256,128,qrblock,1,6.030667,5.979042,6.147916,25
1,4,256,128,cpu,1,1.901834,1.883833,1.922959,25
1,4,256,128,bidiag,1,17.193417,17.157584,17.276541,9
1,4,256,128,bidiag_vals,1,14.817500,14.778146,14.854271,11
1,4,256,128,cpu_vals,1,1.103250,1.093750,1.110750,25
1,256,512,16,jacobi,1,2.694250,2.599542,2.755708,25
1,256,512,16,qr,1,3.181291,2.360792,3.324500,25
1,256,512,16,gk,1,3.093875,2.252875,3.289667,25
1,256,512,16,gk_vals,1,2.129334,1.739250,2.401000,25
1,256,512,16,cpu_vals,1,0.915791,0.746709,1.306500,25
1,256,512,16,gk_share,1,2.253875,2.136083,3.162750,25
1,256,512,16,gk_share_vals,1,1.708208,1.335416,1.843917,25
1,256,512,16,cpu,1,1.947000,1.463084,1.988917,25
1,64,24,24,jacobi,1,0.877500,0.581125,0.960666,25
1,64,24,24,gk,1,0.522875,0.517375,0.526833,25
1,64,24,24,gk_vals,1,0.359250,0.344833,0.362834,25
1,64,24,24,cpu_vals,1,0.159166,0.155375,0.166125,25
1,64,24,24,gk_share,1,0.630000,0.625375,0.642291,25
1,64,24,24,gk_share_vals,1,0.459417,0.453708,0.464167,25
1,64,24,24,cpu,1,0.280667,0.278584,0.284625,25
1,1,128,64,jacobi,1,1.226250,1.197000,1.292375,25
1,1,128,64,block,1,2.651375,2.622834,2.765792,25
1,1,128,64,qr,1,1.278875,1.239709,1.322000,25
1,1,128,64,qrblock,1,2.742083,2.708750,2.821125,25
1,1,128,64,gk,1,2.059166,2.038458,2.083542,25
1,1,128,64,gk_vals,1,1.489500,1.443542,1.529084,25
1,1,128,64,cpu_vals,1,0.112292,0.110667,0.113417,25
1,1,128,64,cpu,1,0.268833,0.267167,0.270708,25
1,16,384,384,jacobi,1,235.867000,235.861084,235.869416,5
1,16,384,384,block,1,66.943125,66.879958,66.945250,5
1,16,384,384,cpu,1,13.119667,13.039635,13.160219,12
1,16,384,384,bidiag,1,216.595917,216.493958,216.614292,5
1,16,384,384,bidiag_vals,1,193.695375,193.496083,194.853125,5
1,16,384,384,cpu_vals,1,7.389125,7.360708,7.508292,21
1,64,16,16,jacobi,1,0.340041,0.333000,1.077041,25
1,64,16,16,gk,1,0.361750,0.356000,0.365750,25
1,64,16,16,gk_vals,1,0.267625,0.258333,0.277209,25
1,64,16,16,cpu_vals,1,0.151833,0.131917,0.291167,25
1,64,16,16,gk_share,1,0.452541,0.450333,0.460167,25
1,64,16,16,gk_share_vals,1,0.368792,0.366125,0.371416,25
1,64,16,16,cpu,1,0.179667,0.174834,0.189417,25
1,4096,80,80,jacobi,1,427.751125,426.485250,429.468271,3
1,4096,80,80,block,1,309.300666,308.578333,309.968771,3
1,4096,80,80,gk,1,147.915834,147.003667,147.961875,5
1,4096,80,80,gk_vals,1,61.265833,61.143416,62.036292,5
1,4096,80,80,cpu_vals,1,52.217583,52.090500,53.099917,5
1,4096,80,80,gk_share,1,65.830542,65.690459,65.880875,5
1,4096,80,80,gk_share_vals,1,32.228958,32.045250,32.324875,5
1,4096,80,80,cpu,1,97.071041,96.385083,97.889583,5
1,4096,64,16,jacobi,1,6.961062,6.933416,6.992437,22
1,4096,64,16,qr,1,9.518667,9.468448,9.700760,16
1,4096,64,16,gk,1,4.610250,4.570250,4.638584,25
1,4096,64,16,gk_vals,1,1.930208,1.913417,1.943667,25
1,4096,64,16,cpu_vals,1,3.217083,3.162625,3.281875,25
1,4096,64,16,gk_share,1,5.188916,4.793042,5.531000,25
1,4096,64,16,gk_share_vals,1,2.069584,2.039667,2.131333,25
1,4096,64,16,cpu,1,7.815938,7.746344,7.878771,20
1,1024,64,8,jacobi,1,0.661916,0.656500,1.292125,25
1,1024,64,8,qr,1,1.239542,1.226041,1.253209,25
1,1024,64,8,gk,1,0.619875,0.608792,0.622708,25
1,1024,64,8,gk_vals,1,0.328125,0.321750,0.329833,25
1,1024,64,8,cpu_vals,1,0.413167,0.386083,0.584875,25
1,1024,64,8,gk_share,1,0.739875,0.717125,0.786125,25
1,1024,64,8,gk_share_vals,1,0.439542,0.433292,0.476583,25
1,1024,64,8,cpu,1,0.722791,0.691125,0.778125,25
1,64,128,32,jacobi,1,1.064125,1.011042,2.123583,25
1,64,128,32,block,1,2.303375,2.225625,2.338625,25
1,64,128,32,qr,1,1.280916,1.249625,1.339542,25
1,64,128,32,qrblock,1,2.421792,2.385750,2.462375,25
1,64,128,32,gk,1,0.899083,0.892792,0.995292,25
1,64,128,32,gk_vals,1,0.590333,0.585125,0.593208,25
1,64,128,32,cpu_vals,1,0.287541,0.251875,0.655625,25
1,64,128,32,gk_share,1,1.044083,0.967375,1.072334,25
1,64,128,32,gk_share_vals,1,0.665750,0.660208,0.671792,25
1,64,128,32,cpu,1,0.535375,0.529000,0.577667,25
1,1,128,32,jacobi,1,0.557167,0.540416,0.562791,25
1,1,128,32,block,1,2.116542,2.077375,2.208750,25
1,1,128,32,qr,1,0.535833,0.526541,0.552209,25
1,1,128,32,qrblock,1,2.257709,2.133167,2.327833,25
1,1,128,32,gk,1,0.761250,0.717583,0.821750,25
1,1,128,32,gk_vals,1,0.520750,0.511792,0.532958,25
1,1,128,32,cpu_vals,1,0.034333,0.034084,0.034417,25
1,1,128,32,cpu,1,0.091542,0.090292,0.094250,25
1,16,1024,64,jacobi,1,5.268166,5.231041,5.291292,25
1,16,1024,64,block,1,6.294229,6.241230,6.411125,24
1,16,1024,64,qr,1,3.434667,3.372583,3.561667,25
1,16,1024,64,qrblock,1,5.007042,4.971583,5.141834,25
1,16,1024,64,gk,1,4.505041,4.427375,4.558333,25
1,16,1024,64,gk_vals,1,3.041416,2.987625,3.081417,25
1,16,1024,64,cpu_vals,1,0.879333,0.825375,1.436333,25
1,16,1024,64,cpu,1,2.142834,1.678416,2.184666,25
1,256,128,128,jacobi,1,117.038292,116.513083,117.624250,5
1,256,128,128,block,1,47.613125,47.452834,47.894791,5
1,256,128,128,cpu,1,21.990875,21.783105,22.116521,7
1,256,128,128,bidiag,1,1014.562125,1012.721146,1015.863730,3
1,256,128,128,bidiag_vals,1,855.934000,855.711229,856.383125,3
1,256,128,128,cpu_vals,1,14.343958,14.243083,14.687917,11
1,1,192,192,jacobi,1,14.872125,14.854875,14.881896,11
1,1,192,192,block,1,9.304333,9.215083,9.330959,17
1,1,192,192,cpu,1,1.915417,1.900083,1.954458,25
1,1,192,192,bidiag,1,7.089626,7.036854,7.113511,22
1,1,192,192,bidiag_vals,1,5.721084,5.691292,5.753750,25
1,1,192,192,cpu_vals,1,0.849167,0.844541,0.856375,25
1,64,512,64,jacobi,1,11.248062,11.130688,11.449084,14
1,64,512,64,block,1,6.788083,6.614083,6.879751,23
1,64,512,64,qr,1,6.673000,6.544250,6.788417,23
1,64,512,64,qrblock,1,7.323958,7.245333,7.476417,21
1,64,512,64,gk,1,6.139167,5.892875,6.222417,25
1,64,512,64,gk_vals,1,4.697500,4.454583,4.803250,25
1,64,512,64,cpu_vals,1,1.862000,1.608125,1.952875,25
1,64,512,64,gk_share,1,5.951458,5.809666,6.066292,25
1,64,512,64,gk_share_vals,1,4.270875,4.010375,4.346375,25
1,64,512,64,cpu,1,3.406875,3.250083,3.578042,25
1,4096,64,8,jacobi,1,2.017250,1.962334,2.055500,25
1,4096,64,8,qr,1,3.248167,3.175000,3.686584,25
1,4096,64,8,gk,1,1.835750,1.819333,1.877084,25
1,4096,64,8,gk_vals,1,0.756750,0.744667,0.847459,25
1,4096,64,8,cpu_vals,1,1.805334,1.304875,1.864042,25
1,4096,64,8,gk_share,1,2.087292,2.049500,2.191209,25
1,4096,64,8,gk_share_vals,1,1.379625,1.365917,1.405334,25
1,4096,64,8,cpu,1,2.962750,2.469625,3.014291,25
1,64,128,8,jacobi,1,0.527791,0.269542,0.921917,25
1,64,128,8,qr,1,0.546208,0.538833,0.597834,25
1,64,128,8,gk,1,0.259500,0.257208,0.262875,25
1,64,128,8,gk_vals,1,0.193750,0.187292,0.205250,25
1,64,128,8,cpu_vals,1,0.297292,0.146333,0.321125,25
1,64,128,8,gk_share,1,0.349916,0.343542,0.360542,25
1,64,128,8,gk_share_vals,1,0.306083,0.300875,0.309917,25
1,64,128,8,cpu,1,0.190666,0.188000,0.193958,25
1,1,4,4,jacobi,1,0.243167,0.233708,0.250292,25
1,1,4,4,gk,1,0.258625,0.246834,0.273708,25
1,1,4,4,gk_vals,1,0.207709,0.151208,0.227834,25
1,1,4,4,cpu_vals,1,0.003875,0.003833,0.004167,25
1,1,4,4,cpu,1,0.003917,0.003917,0.004000,25
1,16,2048,64,jacobi,1,19.555374,19.533062,19.594886,8
1,16,2048,64,block,1,10.124792,9.922417,10.205917,15
1,16,2048,64,qr,1,5.000791,4.903041,5.120709,25
1,16,2048,64,qrblock,1,6.720833,6.645542,6.799146,23
1,16,2048,64,gk,1,6.059708,5.974167,6.135750,25
1,16,2048,64,gk_vals,1,4.654625,4.542167,4.744250,25
1,16,2048,64,cpu_vals,1,1.753666,1.744041,1.769875,25
1,16,2048,64,cpu,1,3.208875,3.102458,3.242334,25
1,1,3072,3072,cpu,1,1305.081166,1300.452270,1306.237687,3
1,1,3072,3072,bidiag,1,704.874292,704.036958,707.110708,3
1,1,3072,3072,bidiag_vals,1,429.794292,426.452750,429.875125,3
1,1,3072,3072,cpu_vals,1,707.464875,705.519334,710.044854,3
1,4096,512,128,qr,1,2328.382083,2326.857604,2338.892604,3
1,4096,512,128,qrblock,1,1170.235792,1160.784063,1171.782646,3
1,4096,512,128,cpu,1,612.466958,611.062375,612.744625,3
1,256,512,256,jacobi,1,1769.041250,1760.113709,1769.715938,3
1,256,512,256,block,1,415.996042,415.562396,416.287333,3
1,256,512,256,qr,1,1072.562292,1066.005271,1074.445271,3
1,256,512,256,qrblock,1,355.227542,347.761480,355.765021,3
1,256,512,256,cpu,1,119.207750,118.009750,119.294625,5
1,1,64,32,jacobi,1,1.062292,0.350459,1.183375,25
1,1,64,32,block,1,2.075916,1.968459,2.168375,25
1,1,64,32,qr,1,0.533084,0.524917,0.544458,25
1,1,64,32,qrblock,1,2.281375,2.176459,2.355084,25
1,1,64,32,gk,1,0.697333,0.668208,0.748417,25
1,1,64,32,gk_vals,1,0.514500,0.500375,0.531083,25
1,1,64,32,cpu_vals,1,0.028583,0.028500,0.028667,25
1,1,64,32,cpu,1,0.070750,0.070166,0.071625,25
1,1,1024,128,jacobi,1,18.417458,18.407333,18.428667,9
1,1,1024,128,block,1,8.679854,8.599125,8.716823,18
1,1,1024,128,qr,1,5.529541,5.518750,5.531584,25
1,1,1024,128,qrblock,1,6.334791,6.259531,6.425760,24
1,1,1024,128,cpu,1,2.161000,2.151584,2.170542,25
1,1,1024,128,bidiag,1,5.533542,5.519041,5.580583,25
1,1,1024,128,bidiag_vals,1,4.669416,4.627292,4.746583,25
1,1,1024,128,cpu_vals,1,1.159000,1.155709,1.163250,25
1,1,128,128,jacobi,1,4.907959,4.901916,4.919167,25
1,1,128,128,block,1,5.947209,5.874708,5.986625,25
1,1,128,128,cpu,1,1.031125,1.026875,1.035000,25
1,1,128,128,bidiag,1,4.342375,4.328666,4.368834,25
1,1,128,128,bidiag_vals,1,3.474875,3.465084,3.538375,25
1,1,128,128,cpu_vals,1,0.635459,0.632083,0.638250,25
1,4,512,512,jacobi,1,327.086000,326.958459,327.102459,3
1,4,512,512,block,1,48.375375,48.323167,48.438958,5
1,4,512,512,cpu,1,18.780791,18.605302,19.047521,8
1,4,512,512,bidiag,1,79.808291,79.714583,79.808958,5
1,4,512,512,bidiag_vals,1,68.351208,68.250166,68.826459,5
1,4,512,512,cpu_vals,1,9.011625,8.850916,9.045708,17
1,4096,128,16,jacobi,1,9.550376,9.483135,9.611104,16
1,4096,128,16,qr,1,11.546000,11.504208,11.657584,13
1,4096,128,16,gk,1,7.371625,7.321167,7.432917,21
1,4096,128,16,gk_vals,1,2.868417,2.850708,2.873834,25
1,4096,128,16,cpu_vals,1,3.703041,3.489792,3.760417,25
1,4096,128,16,gk_share,1,7.060792,6.870480,7.349000,22
1,4096,128,16,gk_share_vals,1,3.105375,2.980125,3.238042,25
1,4096,128,16,cpu,1,9.181709,9.064417,9.385208,17
1,1024,16,8,jacobi,1,0.590041,0.518583,1.583583,25
1,1024,16,8,qr,1,0.958292,0.951333,0.977333,25
1,1024,16,8,gk,1,0.392875,0.389500,0.397792,25
1,1024,16,8,gk_vals,1,0.264833,0.257625,0.269208,25
1,1024,16,8,cpu_vals,1,0.345917,0.328250,0.432959,25
1,1024,16,8,gk_share,1,0.635917,0.626375,0.667959,25
1,1024,16,8,gk_share_vals,1,0.424959,0.401250,0.565042,25
1,1024,16,8,cpu,1,0.608375,0.563167,0.623041,25
1,1,256,64,jacobi,1,1.421292,1.397625,1.444792,25
1,1,256,64,block,1,3.098334,3.003250,3.156208,25
1,1,256,64,qr,1,1.332292,1.302334,1.384333,25
1,1,256,64,qrblock,1,2.778583,2.749708,2.831792,25
1,1,256,64,gk,1,2.155750,2.141833,2.170958,25
1,1,256,64,gk_vals,1,1.521792,1.502167,1.557709,25
1,1,256,64,cpu_vals,1,0.127292,0.126334,0.128583,25
1,1,256,64,cpu,1,0.304625,0.301459,0.306458,25
1,4,512,128,jacobi,1,10.451375,10.438834,10.463250,15
1,4,512,128,block,1,6.757666,6.673146,6.834917,23
1,4,512,128,qr,1,5.679209,5.649083,5.709583,25
1,4,512,128,qrblock,1,6.559416,6.505125,6.648979,23
1,4,512,128,cpu,1,1.961625,1.914458,1.979000,25
1,4,512,128,bidiag,1,18.580292,18.549708,18.729375,9
1,4,512,128,bidiag_vals,1,16.250000,16.184917,16.270292,10
1,4,512,128,cpu_vals,1,1.149333,1.119625,1.164708,25
1,64,8,8,jacobi,1,0.356625,0.347333,0.373375,25
1,64,8,8,gk,1,0.489125,0.244917,0.505542,25
1,64,8,8,gk_vals,1,0.205625,0.202875,0.207583,25
1,64,8,8,cpu_vals,1,0.191042,0.094583,0.195500,25
1,64,8,8,gk_share,1,0.326000,0.323125,0.328250,25
1,64,8,8,gk_share_vals,1,0.293042,0.291208,0.297583,25
1,64,8,8,cpu,1,0.278833,0.129292,0.324708,25
1,1,8,8,jacobi,1,0.329666,0.308959,0.345042,25
1,1,8,8,gk,1,0.422292,0.404791,0.444167,25
1,1,8,8,gk_vals,1,0.197708,0.184375,0.221333,25
1,1,8,8,cpu_vals,1,0.005333,0.005250,0.005334,25
1,1,8,8,cpu,1,0.008875,0.008833,0.008959,25
1,4,384,384,jacobi,1,127.073625,127.062333,127.150417,5
1,4,384,384,block,1,28.833708,28.717260,28.880375,6
1,4,384,384,cpu,1,8.852084,8.721458,8.881583,17
1,4,384,384,bidiag,1,56.458541,56.333625,56.647583,5
1,4,384,384,bidiag_vals,1,49.232959,49.224334,49.266208,5
1,4,384,384,cpu_vals,1,4.220167,4.192584,4.380209,25
1,4,256,8,jacobi,1,0.229041,0.224209,0.242750,25
1,4,256,8,qr,1,0.428709,0.424333,0.444833,25
1,4,256,8,gk,1,0.242042,0.234708,0.244541,25
1,4,256,8,gk_vals,1,0.209958,0.198208,0.254792,25
1,4,256,8,cpu_vals,1,0.028292,0.027000,0.028667,25
1,4,256,8,cpu,1,0.048875,0.048417,0.051833,25
1,16,8,8,jacobi,1,0.177500,0.166375,0.186584,25
1,16,8,8,gk,1,0.192458,0.188125,0.207792,25
1,16,8,8,gk_vals,1,0.179125,0.163041,0.186375,25
1,16,8,8,cpu_vals,1,0.048250,0.048000,0.048708,25
1,16,8,8,cpu,1,0.065583,0.055333,0.083875,25
1,1024,32,16,jacobi,1,1.741958,1.692708,1.776000,25
1,1024,32,16,qr,1,2.391416,2.350333,2.453208,25
1,1024,32,16,gk,1,1.120833,1.036458,1.134500,25
1,1024,32,16,gk_vals,1,0.536625,0.533209,0.540666,25
1,1024,32,16,cpu_vals,1,0.693875,0.683334,0.716000,25
1,1024,32,16,gk_share,1,1.106625,1.087250,1.132042,25
1,1024,32,16,gk_share_vals,1,0.708041,0.697500,0.721917,25
1,1024,32,16,cpu,1,1.811625,1.773916,1.825584,25
1,16,40,40,jacobi,1,0.709917,0.578250,1.033125,25
1,16,40,40,block,1,2.474959,2.455041,2.491625,25
1,16,40,40,gk,1,0.873667,0.816042,0.915958,25
1,16,40,40,gk_vals,1,0.725333,0.644375,0.731209,25
1,16,40,40,cpu_vals,1,0.162042,0.135750,0.245083,25
1,16,40,40,cpu,1,0.248000,0.240750,0.257416,25
1,256,2048,128,jacobi,1,1718.526958,1715.534458,1719.006166,3
1,256,2048,128,block,1,239.556500,239.071708,239.727917,5
1,256,2048,128,qr,1,209.648667,208.056208,210.168959,5
1,256,2048,128,qrblock,1,157.255792,151.232250,158.644166,5
1,256,2048,128,cpu,1,109.777667,109.141250,110.334167,5
1,256,2048,128,bidiag,1,1667.896000,1664.333146,1671.784042,3
1,256,2048,128,bidiag_vals,1,1483.004291,1482.541791,1485.947583,3
1,256,2048,128,cpu_vals,1,46.402250,46.234125,46.484667,5
1,256,16,8,jacobi,1,0.374083,0.346542,0.790833,25
1,256,16,8,qr,1,0.590958,0.578791,0.617250,25
1,256,16,8,gk,1,0.250458,0.248250,0.252958,25
1,256,16,8,gk_vals,1,0.188750,0.184292,0.201291,25
1,256,16,8,cpu_vals,1,0.165291,0.164250,0.170292,25
1,256,16,8,gk_share,1,0.391708,0.384375,0.397125,25
1,256,16,8,gk_share_vals,1,0.346417,0.341000,0.349584,25
1,256,16,8,cpu,1,0.228167,0.226042,0.235084,25
1,1024,40,40,jacobi,1,14.019625,13.672417,14.028146,11
1,1024,40,40,block,1,23.759667,23.643749,23.844834,7
1,1024,40,40,gk,1,4.813375,4.792875,4.834917,25
1,1024,40,40,gk_vals,1,2.188375,2.151375,2.198917,25
1,1024,40,40,cpu_vals,1,2.449500,1.997042,2.542042,25
1,1024,40,40,gk_share,1,3.821709,3.710625,4.361833,25
1,1024,40,40,gk_share_vals,1,1.686542,1.674875,1.695000,25
1,1024,40,40,cpu,1,6.571125,6.503833,6.726271,23
1,2,2048,2048,cpu,1,586.311583,582.348833,586.954208,3
1,2,2048,2048,bidiag,1,453.047667,453.011396,453.981417,3
1,2,2048,2048,bidiag_vals,1,315.658833,315.328583,315.736125,3
1,2,2048,2048,cpu_vals,1,279.098833,277.741792,281.052167,5
1,1024,256,128,jacobi,1,517.698917,514.357250,520.956896,3
1,1024,256,128,block,1,221.427583,218.666667,221.931250,5
1,1024,256,128,qr,1,483.094208,481.449416,483.914917,3
1,1024,256,128,qrblock,1,214.726458,214.393583,215.910833,5
1,1024,256,128,cpu,1,119.056958,118.980791,119.501333,5
1,64,256,8,jacobi,1,0.970500,0.555667,1.009042,25
1,64,256,8,qr,1,0.621667,0.597958,0.654291,25
1,64,256,8,gk,1,0.287792,0.284542,0.292500,25
1,64,256,8,gk_vals,1,0.217500,0.204000,0.221208,25
1,64,256,8,cpu_vals,1,0.178875,0.168750,0.251500,25
1,64,256,8,gk_share,1,0.373167,0.371083,0.379000,25
1,64,256,8,gk_share_vals,1,0.310208,0.306167,0.314166,25
1,64,256,8,cpu,1,0.218416,0.213917,0.224834,25
1,64,32,32,jacobi,1,0.837375,0.767125,0.885833,25
1,64,32,32,block,1,2.267792,2.225042,2.346917,25
1,64,32,32,gk,1,0.706459,0.701417,0.790416,25
1,64,32,32,gk_vals,1,0.486458,0.478667,0.502000,25
1,64,32,32,cpu_vals,1,0.215791,0.201250,0.227750,25
1,64,32,32,gk_share,1,0.807209,0.797667,0.906250,25
1,64,32,32,gk_share_vals,1,0.584083,0.580417,0.592541,25
1,64,32,32,cpu,1,0.393667,0.382792,0.400000,25
1,1024,1024,64,jacobi,1,624.390791,622.230521,626.875041,3
1,1024,1024,64,block,1,121.495833,121.400709,122.038458,5
1,1024,1024,64,qr,1,131.101750,130.506667,132.872667,5
1,1024,1024,64,qrblock,1,110.881125,110.875917,111.348750,5
1,1024,1024,64,gk,1,112.920917,112.439541,113.280958,5
1,1024,1024,64,gk_vals,1,73.757334,72.152750,75.704208,5
1,1024,1024,64,cpu_vals,1,33.141292,32.990792,33.409333,5
1,1024,1024,64,gk_share,1,70.314375,69.076750,70.345541,5
1,1024,1024,64,gk_share_vals,1,45.175333,44.350917,48.370500,5
1,1024,1024,64,cpu,1,69.566958,69.339625,69.811834,5
1,1,1536,1536,cpu,1,178.041125,177.989000,178.175875,5
1,1,1536,1536,bidiag,1,160.361417,160.089750,160.977750,5
1,1,1536,1536,bidiag_vals,1,95.383625,95.358834,95.664542,5
1,1,1536,1536,cpu_vals,1,84.819083,84.812792,84.875250,5
1,4,256,256,jacobi,1,34.731291,34.712750,34.734916,5
1,4,256,256,block,1,14.053666,14.005937,14.116750,11
1,4,256,256,cpu,1,4.180458,4.169958,4.212250,25
1,4,256,256,bidiag,1,34.775541,34.745500,34.832458,5
1,4,256,256,bidiag_vals,1,30.731125,30.666708,30.821334,5
1,4,256,256,cpu_vals,1,2.027708,2.013791,2.050125,25
1,1024,48,48,jacobi,1,21.132396,21.093354,21.253271,8
1,1024,48,48,block,1,25.825458,25.782063,26.026947,6
1,1024,48,48,gk,1,7.164750,7.152958,7.202625,21
1,1024,48,48,gk_vals,1,3.260917,3.252041,3.271542,25
1,1024,48,48,cpu_vals,1,3.222334,2.775958,3.253667,25
1,1024,48,48,gk_share,1,5.174750,5.154792,5.201208,25
1,1024,48,48,gk_share_vals,1,2.214334,2.207875,2.229334,25
1,1024,48,48,cpu,1,9.157625,9.021125,9.257000,17
1,4,96,96,jacobi,1,2.399834,2.358250,2.451875,25
1,4,96,96,block,1,4.118333,4.079583,4.160208,25
1,4,96,96,cpu,1,0.688250,0.680042,0.694167,25
1,256,8,8,jacobi,1,0.282000,0.278208,0.286458,25
1,256,8,8,gk,1,0.247375,0.243625,0.253834,25
1,256,8,8,gk_vals,1,0.199417,0.181625,0.204375,25
1,256,8,8,cpu_vals,1,0.145666,0.143333,0.148291,25
1,256,8,8,gk_share,1,0.392291,0.386083,0.402584,25
1,256,8,8,gk_share_vals,1,0.345709,0.334917,0.356750,25
1,256,8,8,cpu,1,0.195375,0.190125,0.200625,25
1,4096,56,56,jacobi,1,104.416000,104.109167,104.805834,5
1,4096,56,56,block,1,107.785375,107.320167,107.897250,5
1,4096,56,56,gk,1,43.598708,43.536542,44.611125,5
1,4096,56,56,gk_vals,1,17.794917,17.748958,17.863083,9
1,4096,56,56,cpu_vals,1,13.733417,13.586834,13.833271,11
1,4096,56,56,gk_share,1,24.858937,24.789375,24.952562,6
1,4096,56,56,gk_share_vals,1,8.880875,8.825125,8.960750,17
1,4096,56,56,cpu,1,40.126083,39.965291,40.194334,5
1,1,64,64,jacobi,1,1.073291,1.029250,1.130334,25
1,1,64,64,block,1,2.864125,2.847209,2.929291,25
1,1,64,64,gk,1,1.664708,1.653500,1.705209,25
1,1,64,64,gk_vals,1,1.331208,1.279083,1.339042,25
1,1,64,64,cpu_vals,1,0.074083,0.072917,0.075375,25
1,1,64,64,cpu,1,0.198708,0.197125,0.201583,25
1,1,512,64,jacobi,1,2.078625,2.068375,2.088417,25
1,1,512,64,block,1,3.929000,3.840916,3.972250,25
1,1,512,64,qr,1,1.406583,1.389167,1.459834,25
1,1,512,64,qrblock,1,2.880334,2.860792,2.922208,25
1,1,512,64,gk,1,2.403958,2.366500,2.410458,25
1,1,512,64,gk_vals,1,1.799500,1.779208,1.807041,25
1,1,512,64,cpu_vals,1,0.187250,0.183833,0.191042,25
1,1,512,64,cpu,1,0.426750,0.424833,0.432666,25
1,16,56,56,jacobi,1,0.990917,0.941208,1.042333,25
1,16,56,56,block,1,2.892666,2.882042,2.950541,25
1,16,56,56,gk,1,1.445375,1.397125,1.453291,25
1,16,56,56,gk_vals,1,1.097083,1.081750,1.119292,25
1,16,56,56,cpu_vals,1,0.191167,0.187625,0.196666,25
1,16,56,56,cpu,1,0.335292,0.331542,0.339208,25
1,4,512,256,jacobi,1,48.166542,48.158958,48.170875,5
1,4,512,256,block,1,13.878458,13.840937,14.005709,11
1,4,512,256,qr,1,33.145708,33.105083,33.160417,5
1,4,512,256,qrblock,1,14.719791,14.469645,14.798458,11
1,4,512,256,cpu,1,5.909708,5.800875,5.963208,25
1,4,512,256,bidiag,1,41.675958,41.602791,41.687750,5
1,4,512,256,bidiag_vals,1,38.176583,36.823375,38.192833,5
1,4,512,256,cpu_vals,1,2.891834,2.861959,2.914542,25
1,256,4,4,jacobi,1,0.234875,0.213209,0.887667,25
1,256,4,4,gk,1,0.210542,0.206459,0.216708,25
1,256,4,4,gk_vals,1,0.178708,0.166292,0.185916,25
1,256,4,4,cpu_vals,1,0.148167,0.124166,0.291041,25
1,256,4,4,gk_share,1,0.331125,0.323125,0.338708,25
1,256,4,4,gk_share_vals,1,0.291125,0.288042,0.294083,25
1,256,4,4,cpu,1,0.139167,0.135916,0.149416,25
1,16,64,16,jacobi,1,0.274125,0.269375,0.277875,25
1,16,64,16,qr,1,0.516708,0.512000,0.535583,25
1,16,64,16,gk,1,0.361375,0.353875,0.366958,25
1,16,64,16,gk_vals,1,0.286625,0.283584,0.290584,25
1,16,64,16,cpu_vals,1,0.107959,0.095375,0.140166,25
1,16,64,16,cpu,1,0.134166,0.128250,0.146333,25
1,16,48,48,jacobi,1,0.868042,0.820459,0.874959,25
1,16,48,48,block,1,2.861375,2.841250,2.881459,25
1,16,48,48,gk,1,1.115583,1.064042,1.176833,25
1,16,48,48,gk_vals,1,0.845250,0.813292,0.876083,25
1,16,48,48,cpu_vals,1,0.173209,0.167958,0.194416,25
1,16,48,48,cpu,1,0.293416,0.287500,0.302125,25
1,4096,16,8,jacobi,1,1.459500,1.381333,2.024291,25
1,4096,16,8,qr,1,2.252833,2.185916,2.300833,25
1,4096,16,8,gk,1,1.060917,1.014500,1.069208,25
1,4096,16,8,gk_vals,1,0.545250,0.541833,0.549875,25
1,4096,16,8,cpu_vals,1,1.050875,1.009875,1.079541,25
1,4096,16,8,gk_share,1,1.278250,1.255291,1.308167,25
1,4096,16,8,gk_share_vals,1,0.831292,0.818792,0.849250,25
1,4096,16,8,cpu,1,1.922708,1.910167,1.932916,25
1,16,128,128,jacobi,1,5.049958,5.043417,5.060667,25
1,16,128,128,block,1,7.203417,7.063396,7.298229,22
1,16,128,128,cpu,1,1.715791,1.692875,1.845416,25
1,16,128,128,bidiag,1,63.199458,63.019167,63.317458,5
1,16,128,128,bidiag_vals,1,53.772041,53.504375,53.910083,5
1,16,128,128,cpu_vals,1,1.118250,1.105208,1.283500,25
1,1024,192,192,jacobi,1,1683.788917,1675.534813,1692.258417,3
1,1024,192,192,block,1,603.684167,603.226001,604.034833,3
1,1024,192,192,cpu,1,136.599209,135.795459,137.687625,5
1,1024,128,64,jacobi,1,63.262208,63.109792,64.223334,5
1,1024,128,64,block,1,33.419917,33.354375,33.420958,5
1,1024,128,64,qr,1,60.872709,60.140833,61.578375,5
1,1024,128,64,qrblock,1,37.521750,37.284000,37.631041,5
1,1024,128,64,gk,1,30.412166,30.410458,30.562458,5
1,1024,128,64,gk_vals,1,17.038458,16.812416,17.201375,9
1,1024,128,64,cpu_vals,1,8.124667,8.074042,8.279083,19
1,1024,128,64,gk_share,1,18.930771,18.069739,19.899677,8
1,1024,128,64,gk_share_vals,1,10.438333,10.218833,10.704542,15
1,1024,128,64,cpu,1,20.669916,20.590823,20.993917,8
1,256,40,40,jacobi,1,4.126417,4.116000,4.135250,25
1,256,40,40,block,1,7.535063,7.430021,7.645396,20
1,256,40,40,gk,1,1.762042,1.702750,1.773000,25
1,256,40,40,gk_vals,1,0.938959,0.897291,0.975458,25
1,256,40,40,cpu_vals,1,0.633209,0.577667,0.682959,25
1,256,40,40,gk_share,1,1.172459,1.163917,1.192750,25
1,256,40,40,gk_share_vals,1,0.768208,0.763542,0.777208,25
1,256,40,40,cpu,1,1.701667,1.673125,1.749750,25
1,16,16,16,jacobi,1,0.248791,0.245417,0.769166,25
1,16,16,16,gk,1,0.349750,0.344208,0.354750,25
1,16,16,16,gk_vals,1,0.260083,0.254083,0.263417,25
1,16,16,16,cpu_vals,1,0.107709,0.067667,0.110292,25
1,16,16,16,cpu,1,0.090459,0.088584,0.097125,25
1,16,192,192,jacobi,1,18.085875,18.061416,18.101375,9
1,16,192,192,block,1,12.856416,12.757677,12.928261,12
1,16,192,192,cpu,1,3.257750,3.190916,3.549625,25
1,16,192,192,bidiag,1,100.659667,100.562041,100.685833,5
1,16,192,192,bidiag_vals,1,87.535750,87.303375,87.713875,5
1,16,192,192,cpu_vals,1,2.098875,1.569459,2.204125,25
1,1024,256,256,jacobi,1,4528.843042,4523.566209,4530.610000,3
1,1024,256,256,block,1,1407.754500,1407.382167,1409.100625,3
1,1024,256,256,cpu,1,294.777333,290.804458,297.089125,5
1,1024,64,16,jacobi,1,2.127875,2.065791,2.543667,25
1,1024,64,16,qr,1,2.822250,2.748417,3.015167,25
1,1024,64,16,gk,1,1.430667,1.361583,1.452209,25
1,1024,64,16,gk_vals,1,0.666125,0.649583,0.744083,25
1,1024,64,16,cpu_vals,1,0.855958,0.789041,1.350708,25
1,1024,64,16,gk_share,1,1.377875,1.364250,1.400375,25
1,1024,64,16,gk_share_vals,1,0.793167,0.774750,0.811834,25
1,1024,64,16,cpu,1,2.537167,2.066416,2.583917,25
1,4096,128,8,jacobi,1,2.955542,2.912167,3.293792,25
1,4096,128,8,qr,1,5.393541,5.085542,5.484125,25
1,4096,128,8,gk,1,2.859375,2.835625,2.879708,25
1,4096,128,8,gk_vals,1,1.118584,1.052791,1.156958,25
1,4096,128,8,cpu_vals,1,2.016917,1.964500,2.071292,25
1,4096,128,8,gk_share,1,2.679750,2.606708,2.706834,25
1,4096,128,8,gk_share_vals,1,1.299000,1.284166,1.376708,25
1,4096,128,8,cpu,1,3.573916,3.315208,3.662791,25
1,256,256,32,jacobi,1,5.218791,5.149292,5.273166,25
1,256,256,32,block,1,4.738667,4.683208,4.771166,25
1,256,256,32,qr,1,4.821416,4.486584,4.963208,25
1,256,256,32,qrblock,1,5.572875,5.281583,5.693625,25
1,256,256,32,gk,1,3.793334,3.532375,4.084750,25
1,256,256,32,gk_vals,1,2.062542,1.988917,2.705584,25
1,256,256,32,cpu_vals,1,1.584708,1.167834,1.612042,25
1,256,256,32,gk_share,1,3.697459,3.607667,3.973791,25
1,256,256,32,gk_share_vals,1,2.241500,1.788291,2.366416,25
1,256,256,32,cpu,1,2.805750,2.749042,2.868125,25
1,256,512,128,jacobi,1,313.988792,312.731812,314.002542,3
1,256,512,128,block,1,83.371792,83.054708,83.580500,5
1,256,512,128,qr,1,131.041417,130.666792,131.566667,5
1,256,512,128,qrblock,1,68.127750,68.122458,68.498750,5
1,256,512,128,cpu,1,42.308500,42.279875,42.391708,5
1,256,512,128,bidiag,1,1171.684583,1171.535583,1172.164666,3
1,256,512,128,bidiag_vals,1,1012.492292,1012.025792,1013.038146,3
1,256,512,128,cpu_vals,1,21.701667,21.479416,22.113604,7
1,256,32,16,jacobi,1,0.917916,0.842000,0.926875,25
1,256,32,16,qr,1,1.069208,1.040042,1.098583,25
1,256,32,16,gk,1,0.432333,0.428250,0.438000,25
1,256,32,16,gk_vals,1,0.313167,0.308584,0.315084,25
1,256,32,16,cpu_vals,1,0.252958,0.249083,0.263125,25
1,256,32,16,gk_share,1,0.545417,0.541750,0.549375,25
1,256,32,16,gk_share_vals,1,0.399459,0.396458,0.401875,25
1,256,32,16,cpu,1,0.578333,0.542750,0.670542,25
1,4,16,8,jacobi,1,0.340875,0.332333,0.353291,25
1,4,16,8,qr,1,0.602667,0.422500,0.621291,25
1,4,16,8,gk,1,0.250667,0.221625,0.258250,25
1,4,16,8,gk_vals,1,0.201167,0.192416,0.234708,25
1,4,16,8,cpu_vals,1,0.020000,0.019542,0.022125,25
1,4,16,8,cpu,1,0.024167,0.023125,0.025000,25
1,256,512,64,jacobi,1,36.311125,36.306500,36.510459,5
1,256,512,64,block,1,19.592062,19.442260,19.654406,8
1,256,512,64,qr,1,23.189041,22.325333,24.724187,7
1,256,512,64,qrblock,1,19.627437,19.548427,19.771469,8
1,256,512,64,gk,1,17.793958,17.693541,17.896417,9
1,256,512,64,gk_vals,1,12.242416,12.058875,12.557666,13
1,256,512,64,cpu_vals,1,5.652125,5.557291,6.059875,25
1,256,512,64,gk_share,1,15.920812,15.633687,16.100969,10
1,256,512,64,gk_share_vals,1,10.023000,9.920604,10.336250,15
1,256,512,64,cpu,1,11.479021,11.406396,11.573948,14
1,1,96,96,jacobi,1,2.378125,2.345458,2.393584,25
1,1,96,96,block,1,4.064709,3.999541,4.131584,25
1,1,96,96,cpu,1,0.549458,0.546833,0.551875,25
1,4096,2048,64,qr,1,814.823209,811.916271,821.594709,3
1,4096,2048,64,qrblock,1,736.714542,736.438666,738.248438,3
1,4096,2048,64,cpu,1,511.742291,511.198562,512.605375,3
1,4,8,8,jacobi,1,0.305291,0.301167,0.331292,25
1,4,8,8,gk,1,0.429625,0.415167,0.465458,25
1,4,8,8,gk_vals,1,0.189917,0.178792,0.193583,25
1,4,8,8,cpu_vals,1,0.021458,0.019417,0.023000,25
1,4,8,8,cpu,1,0.022042,0.020709,0.024625,25
1,256,64,16,jacobi,1,0.816875,0.725875,0.821625,25
1,256,64,16,qr,1,1.121291,1.105250,1.135958,25
1,256,64,16,gk,1,0.507625,0.502917,0.514125,25
1,256,64,16,gk_vals,1,0.323250,0.313875,0.328375,25
1,256,64,16,cpu_vals,1,0.286709,0.272834,0.637916,25
1,256,64,16,gk_share,1,0.563500,0.543958,0.569375,25
1,256,64,16,gk_share_vals,1,0.409917,0.407292,0.414583,25
1,256,64,16,cpu,1,0.683625,0.624916,0.696041,25
1,4096,8,8,jacobi,1,1.443000,1.401709,1.630917,25
1,4096,8,8,gk,1,0.905459,0.853209,0.945583,25
1,4096,8,8,gk_vals,1,0.495958,0.493583,0.501792,25
1,4096,8,8,cpu_vals,1,0.833041,0.811416,0.866292,25
1,4096,8,8,gk_share,1,1.481959,0.976958,1.511458,25
1,4096,8,8,gk_share_vals,1,0.739000,0.732375,0.744375,25
1,4096,8,8,cpu,1,1.442875,1.381708,1.490958,25
1,64,80,80,jacobi,1,5.736875,5.725125,5.770959,25
1,64,80,80,block,1,7.644541,7.588365,7.757666,20
1,64,80,80,gk,1,4.066292,4.016542,4.070333,25
1,64,80,80,gk_vals,1,2.601167,2.574083,2.612167,25
1,64,80,80,cpu_vals,1,1.059334,1.045375,1.089292,25
1,64,80,80,gk_share,1,2.980500,2.965000,3.090625,25
1,64,80,80,gk_share_vals,1,2.151625,2.088834,2.242209,25
1,64,80,80,cpu,1,1.918584,1.883000,1.948667,25
1,16,128,32,jacobi,1,0.449333,0.440584,0.539375,25
1,16,128,32,block,1,2.085458,2.048875,2.098750,25
1,16,128,32,qr,1,0.704083,0.693458,0.719583,25
1,16,128,32,qrblock,1,2.081583,2.063875,2.128416,25
1,16,128,32,gk,1,0.780500,0.774916,0.879875,25
1,16,128,32,gk_vals,1,0.524750,0.522542,0.532208,25
1,16,128,32,cpu_vals,1,0.160917,0.139917,0.512625,25
1,16,128,32,cpu,1,0.251583,0.220334,0.261709,25
1,16,2048,256,jacobi,1,495.118375,495.068979,495.219980,3
1,16,2048,256,block,1,68.173042,68.133167,68.348709,5
1,16,2048,256,qr,1,74.259584,74.086209,74.290916,5
1,16,2048,256,qrblock,1,36.304542,36.284291,36.710292,5
1,16,2048,256,cpu,1,19.440812,19.372959,19.540010,8
1,16,2048,256,bidiag,1,225.042958,224.940291,225.087375,5
1,16,2048,256,bidiag_vals,1,206.268833,205.742208,206.619125,5
1,16,2048,256,cpu_vals,1,9.587958,9.508958,9.727292,16
1,256,1024,64,jacobi,1,156.616834,156.145625,157.371667,5
1,256,1024,64,block,1,33.448125,32.895000,33.449750,5
1,256,1024,64,qr,1,32.687458,32.091708,32.952792,5
1,256,1024,64,qrblock,1,30.712958,30.706084,30.734500,5
1,256,1024,64,gk,1,28.161417,28.053261,28.352323,6
1,256,1024,64,gk_vals,1,20.637604,20.222875,21.381104,8
1,256,1024,64,cpu_vals,1,9.199625,8.920000,9.480667,17
1,256,1024,64,gk_share,1,27.504041,25.884885,28.794104,6
1,256,1024,64,gk_share_vals,1,17.252750,17.025958,17.339125,9
1,256,1024,64,cpu,1,19.080729,18.939855,19.171437,8
1,64,64,8,jacobi,1,0.461333,0.400917,0.849125,25
1,64,64,8,qr,1,0.484875,0.470709,0.547667,25
1,64,64,8,gk,1,0.239875,0.234000,0.245333,25
1,64,64,8,gk_vals,1,0.190042,0.183709,0.201625,25
1,64,64,8,cpu_vals,1,0.127542,0.120667,0.272791,25
1,64,64,8,gk_share,1,0.337542,0.333959,0.341125,25
1,64,64,8,gk_share_vals,1,0.302542,0.300959,0.305833,25
1,64,64,8,cpu,1,0.160833,0.155792,0.164375,25
1,4,512,32,jacobi,1,0.851958,0.736708,1.123583,25
1,4,512,32,block,1,2.769958,2.738417,2.799833,25
1,4,512,32,qr,1,0.712084,0.700166,0.720416,25
1,4,512,32,qrblock,1,2.125417,2.100834,2.155208,25
1,4,512,32,gk,1,1.146917,1.132083,1.230042,25
1,4,512,32,gk_vals,1,0.710958,0.701500,0.731084,25
1,4,512,32,cpu_vals,1,0.138292,0.136208,0.141083,25
1,4,512,32,cpu,1,0.243459,0.240750,0.247750,25
1,1024,96,96,jacobi,1,190.665250,190.098708,191.176709,5
1,1024,96,96,block,1,86.668459,86.354375,86.702458,5
1,1024,96,96,cpu,1,39.743042,39.375042,40.666125,5
1,4,40,40,jacobi,1,1.226833,0.669709,1.334584,25
1,4,40,40,block,1,2.446958,2.425459,2.488708,25
1,4,40,40,gk,1,0.820000,0.788333,0.875375,25
1,4,40,40,gk_vals,1,0.680667,0.634417,0.713042,25
1,4,40,40,cpu_vals,1,0.056375,0.055500,0.057958,25
1,4,40,40,cpu,1,0.122666,0.120708,0.124792,25
1,1,2048,64,jacobi,1,8.529937,8.518812,8.541010,18
1,1,2048,64,block,1,7.631792,7.586698,7.747459,20
1,1,2048,64,qr,1,1.890666,1.856208,1.940125,25
1,1,2048,64,qrblock,1,3.121625,3.111542,3.154041,25
1,1,2048,64,gk,1,2.827083,2.788625,2.845167,25
1,1,2048,64,gk_vals,1,2.159666,2.149084,2.209958,25
1,1,2048,64,cpu_vals,1,0.438083,0.434416,0.446708,25
1,1,2048,64,cpu,1,0.904209,0.899917,0.908125,25
1,1024,4,4,jacobi,1,0.256167,0.254875,0.265708,25
1,1024,4,4,gk,1,0.245250,0.241000,0.250250,25
1,1024,4,4,gk_vals,1,0.202458,0.197750,0.203333,25
1,1024,4,4,cpu_vals,1,0.186584,0.173375,0.623916,25
1,1024,4,4,gk_share,1,0.376583,0.373875,0.391166,25
1,1024,4,4,gk_share_vals,1,0.331125,0.324167,0.343541,25
1,1024,4,4,cpu,1,0.246917,0.243334,0.258416,25
1,4096,256,64,jacobi,1,387.430500,386.794791,389.574834,3
1,4096,256,64,block,1,179.758250,178.949709,180.034417,5
1,4096,256,64,qr,1,278.628084,276.685375,280.603375,5
1,4096,256,64,qrblock,1,188.706541,188.299208,191.025459,5
1,4096,256,64,gk,1,160.966000,160.867125,166.117000,5
1,4096,256,64,gk_vals,1,103.133500,95.635750,103.237834,5
1,4096,256,64,cpu_vals,1,39.157250,38.728458,39.549875,5
1,4096,256,64,gk_share,1,90.608167,89.435458,90.644333,5
1,4096,256,64,gk_share_vals,1,48.930916,44.713625,52.340334,5
1,4096,256,64,cpu,1,100.128208,99.993042,100.992458,5
1,1024,8,8,jacobi,1,0.785250,0.513375,1.699625,25
1,1024,8,8,gk,1,0.368291,0.361000,0.372583,25
1,1024,8,8,gk_vals,1,0.259667,0.256083,0.261917,25
1,1024,8,8,cpu_vals,1,0.281708,0.270334,0.617375,25
1,1024,8,8,gk_share,1,0.586500,0.570750,0.606958,25
1,1024,8,8,gk_share_vals,1,0.362709,0.352667,0.375709,25
1,1024,8,8,cpu,1,0.490166,0.436125,0.598500,25
1,4,64,16,jacobi,1,0.530041,0.518417,0.536458,25
1,4,64,16,qr,1,0.443042,0.430084,0.458041,25
1,4,64,16,gk,1,0.348583,0.340792,0.351250,25
1,4,64,16,gk_vals,1,0.283667,0.267459,0.286542,25
1,4,64,16,cpu_vals,1,0.038542,0.038000,0.038916,25
1,4,64,16,cpu,1,0.057666,0.056875,0.058917,25
1,4,2048,256,jacobi,1,206.654333,206.614125,206.679542,5
1,4,2048,256,block,1,30.129625,30.096125,30.208458,5
1,4,2048,256,qr,1,35.616833,35.180292,35.732000,5
1,4,2048,256,qrblock,1,18.761333,18.587010,19.379625,8
1,4,2048,256,cpu,1,10.482750,10.313292,10.739271,15
1,4,2048,256,bidiag,1,57.464625,56.980833,57.580458,5
1,4,2048,256,bidiag_vals,1,52.067792,51.957958,52.105083,5
1,4,2048,256,cpu_vals,1,5.282000,4.959625,5.409875,25
1,1,256,8,jacobi,1,0.413500,0.393959,0.432583,25
1,1,256,8,qr,1,0.386084,0.379416,0.404125,25
1,1,256,8,gk,1,0.256791,0.250667,0.272583,25
1,1,256,8,gk_vals,1,0.251834,0.212792,0.265916,25
1,1,256,8,cpu_vals,1,0.009416,0.009084,0.009583,25
1,1,256,8,cpu,1,0.017083,0.017041,0.017250,25
1,4,128,64,jacobi,1,1.206833,1.187042,1.255334,25
1,4,128,64,block,1,2.618250,2.602708,2.708834,25
1,4,128,64,qr,1,1.407667,1.375916,1.465000,25
1,4,128,64,qrblock,1,2.834625,2.778208,2.873166,25
1,4,128,64,gk,1,2.153084,2.144958,2.239583,25
1,4,128,64,gk_vals,1,1.550167,1.530375,1.588500,25
1,4,128,64,cpu_vals,1,0.162084,0.160959,0.165500,25
1,4,128,64,cpu,1,0.342500,0.339167,0.346750,25
1,4096,256,8,jacobi,1,4.743792,4.657875,4.810875,25
1,4096,256,8,qr,1,8.428833,8.336500,8.546750,18
1,4096,256,8,gk,1,5.210708,5.140875,5.255209,25
1,4096,256,8,gk_vals,1,1.798792,1.756375,1.863041,25
1,4096,256,8,cpu_vals,1,2.348583,2.330625,2.406709,25
1,4096,256,8,gk_share,1,3.852375,3.824834,3.913250,25
1,4096,256,8,gk_share_vals,1,1.952792,1.923541,1.976042,25
1,4096,256,8,cpu,1,4.806167,4.720416,4.874709,25
1,4096,32,16,jacobi,1,5.732250,5.680875,5.777625,25
1,4096,32,16,qr,1,8.427646,8.277042,8.614239,18
1,4096,32,16,gk,1,3.283416,3.254084,3.305083,25
1,4096,32,16,gk_vals,1,1.454250,1.417250,1.500625,25
1,4096,32,16,cpu_vals,1,2.982834,2.936375,3.028334,25
1,4096,32,16,gk_share,1,3.626917,3.515417,3.729458,25
1,4096,32,16,gk_share_vals,1,2.059958,2.035083,2.255334,25
1,4096,32,16,cpu,1,7.128417,6.917010,7.209917,22
1,1024,256,8,jacobi,1,1.926667,1.477916,1.988958,25
1,1024,256,8,qr,1,2.388250,2.202125,3.327167,25
1,1024,256,8,gk,1,1.487417,1.464500,1.520167,25
1,1024,256,8,gk_vals,1,0.590833,0.582375,0.594416,25
1,1024,256,8,cpu_vals,1,1.193625,0.740709,1.229541,25
1,1024,256,8,gk_share,1,1.472875,1.460625,1.496334,25
1,1024,256,8,gk_share_vals,1,0.564291,0.557334,0.779625,25
1,1024,256,8,cpu,1,1.753375,1.333666,1.811333,25
1,16,512,128,jacobi,1,13.797833,13.773375,13.811750,11
1,16,512,128,block,1,8.687813,8.571115,8.820834,18
1,16,512,128,qr,1,7.099771,7.073729,7.134896,22
1,16,512,128,qrblock,1,8.491104,8.222093,8.603375,18
1,16,512,128,cpu,1,3.702500,3.268167,3.836625,25
1,16,512,128,bidiag,1,73.871917,73.745458,73.941833,5
1,16,512,128,bidiag_vals,1,63.860041,63.725208,64.078750,5
1,16,512,128,cpu_vals,1,2.148166,1.713792,2.188000,25
1,16,256,128,jacobi,1,6.177083,6.151459,6.203666,25
1,16,256,128,block,1,6.626958,6.564334,6.733687,23
1,16,256,128,qr,1,5.984250,5.958709,6.009708,25
1,16,256,128,qrblock,1,7.311125,7.271625,7.386291,21
1,16,256,128,cpu,1,3.451250,3.257000,3.513917,25
1,16,256,128,bidiag,1,69.439959,69.340250,69.668958,5
1,16,256,128,bidiag_vals,1,59.061833,58.936459,59.090666,5
1,16,256,128,cpu_vals,1,1.777833,1.741542,1.793334,25
1,4096,64,64,jacobi,1,202.505541,201.421583,203.751000,5
1,4096,64,64,block,1,113.795792,113.670084,113.888125,5
1,4096,64,64,gk,1,65.710000,65.522250,65.808667,5
1,4096,64,64,gk_vals,1,28.263604,28.199011,28.343417,6
1,4096,64,64,cpu_vals,1,17.768792,17.659167,17.951208,9
1,4096,64,64,gk_share,1,34.435708,33.813083,34.533541,5
1,4096,64,64,gk_share_vals,1,12.347645,12.248094,12.489906,12
1,4096,64,64,cpu,1,52.869667,52.784000,53.317250,5
1,64,512,16,jacobi,1,0.685750,0.653375,1.241708,25
1,64,512,16,qr,1,1.060542,1.038875,1.081500,25
1,64,512,16,gk,1,1.120959,1.104167,1.138625,25
1,64,512,16,gk_vals,1,0.707375,0.687916,0.757167,25
1,64,512,16,cpu_vals,1,0.309709,0.272833,0.654041,25
1,64,512,16,gk_share,1,1.262459,1.168583,1.520166,25
1,64,512,16,gk_share_vals,1,0.853958,0.688625,0.944667,25
1,64,512,16,cpu,1,0.525917,0.486958,0.685250,25
1,1024,80,80,jacobi,1,107.965875,107.124417,108.427541,5
1,1024,80,80,block,1,78.096750,77.999416,78.157416,5
1,1024,80,80,gk,1,38.425667,37.446667,38.446042,5
1,1024,80,80,gk_vals,1,16.211458,16.162541,16.285407,10
1,1024,80,80,cpu_vals,1,13.937292,13.655708,14.263625,11
1,1024,80,80,gk_share,1,18.129125,17.919500,18.179834,9
1,1024,80,80,gk_share_vals,1,9.261833,9.040188,9.388751,15
1,1024,80,80,cpu,1,26.613437,26.337156,26.729531,6
1,4,128,8,jacobi,1,0.400583,0.351750,0.821709,25
1,4,128,8,qr,1,0.402333,0.394250,0.414417,25
1,4,128,8,gk,1,0.223250,0.214709,0.228708,25
1,4,128,8,gk_vals,1,0.188542,0.175000,0.205042,25
1,4,128,8,cpu_vals,1,0.020667,0.018542,0.023667,25
1,4,128,8,cpu,1,0.040584,0.040042,0.041209,25
1,16,1024,32,jacobi,1,1.144875,1.055709,1.241208,25
1,16,1024,32,block,1,4.301541,4.236667,4.372833,25
1,16,1024,32,qr,1,1.257875,1.219875,1.298250,25
1,16,1024,32,qrblock,1,2.721708,2.651791,2.767333,25
1,16,1024,32,gk,1,1.780750,1.739542,1.820083,25
1,16,1024,32,gk_vals,1,1.082917,1.029500,1.110000,25
1,16,1024,32,cpu_vals,1,0.333583,0.320625,0.613459,25
1,16,1024,32,cpu,1,0.666042,0.629666,0.698167,25
1,1024,128,32,jacobi,1,9.614479,9.581229,9.690479,16
1,1024,128,32,block,1,9.681208,9.442135,9.722521,16
1,1024,128,32,qr,1,11.126542,10.885687,11.274730,14
1,1024,128,32,qrblock,1,10.264542,10.212604,10.485229,15
1,1024,128,32,gk,1,6.784042,6.743542,6.817020,23
1,1024,128,32,gk_vals,1,3.667583,3.652125,3.697917,25
1,1024,128,32,cpu_vals,1,2.778750,2.389667,2.891291,25
1,1024,128,32,gk_share,1,4.325166,4.309000,4.341041,25
1,1024,128,32,gk_share_vals,1,1.994666,1.984500,2.006333,25
1,1024,128,32,cpu,1,6.918646,6.801448,6.969083,22
1,1024,2048,64,jacobi,0,0,0,0,0
1,1024,2048,64,block,0,0,0,0,0
1,1024,2048,64,qr,0,0,0,0,0
1,1024,2048,64,qrblock,0,0,0,0,0
1,1024,2048,64,gk,0,0,0,0,0
1,1024,2048,64,gk_vals,0,0,0,0,0
1,1024,2048,64,cpu_vals,0,0,0,0,0
1,1024,2048,64,gk_share,0,0,0,0,0
1,1024,2048,64,gk_share_vals,0,0,0,0,0
1,1024,2048,64,cpu,0,0,0,0,0
1,64,512,512,jacobi,1,4158.132375,4150.973813,4171.653500,3
1,64,512,512,block,1,628.720250,628.544291,628.874834,3
1,64,512,512,cpu,1,101.643167,100.638583,102.523125,5
1,64,512,512,bidiag,1,1214.013917,1211.735896,1219.577083,3
1,64,512,512,bidiag_vals,1,1069.351917,1066.527084,1070.002646,3
1,64,512,512,cpu_vals,1,51.543083,51.506208,52.294583,5
1,4,56,56,jacobi,1,0.932417,0.890417,0.994458,25
1,4,56,56,block,1,2.817875,2.800416,2.862625,25
1,4,56,56,gk,1,1.343833,1.303042,1.363459,25
1,4,56,56,gk_vals,1,1.052208,1.014666,1.077166,25
1,4,56,56,cpu_vals,1,0.086500,0.085583,0.087834,25
1,4,56,56,cpu,1,0.183958,0.181375,0.186958,25
1,1024,1024,128,jacobi,1,2888.506209,2886.922938,2889.610313,3
1,1024,1024,128,block,1,537.603166,534.982542,538.985562,3
1,1024,1024,128,qr,1,652.377291,649.847916,667.433104,3
1,1024,1024,128,qrblock,1,390.471125,389.875395,397.229625,3
1,1024,1024,128,cpu,1,234.685417,233.820167,237.499042,5
1,4096,256,32,jacobi,1,83.691167,83.175500,83.707584,5
1,4096,256,32,block,1,52.241458,51.902250,52.321125,5
1,4096,256,32,qr,1,52.423334,52.272250,52.551375,5
1,4096,256,32,qrblock,1,48.379334,48.060708,49.141250,5
1,4096,256,32,gk,1,39.278542,39.096875,39.861208,5
1,4096,256,32,gk_vals,1,22.707500,21.632979,23.169125,7
1,4096,256,32,cpu_vals,1,14.023333,13.967250,14.143978,11
1,4096,256,32,gk_share,1,30.307792,28.986125,31.115959,5
1,4096,256,32,gk_share_vals,1,15.536000,15.159115,17.307479,10
1,4096,256,32,cpu,1,32.115291,31.958916,32.117042,5
1,1,128,8,jacobi,1,0.363042,0.350583,0.668583,25
1,1,128,8,qr,1,0.390291,0.374916,0.400375,25
1,1,128,8,gk,1,0.260958,0.253750,0.266542,25
1,1,128,8,gk_vals,1,0.246208,0.187750,0.257208,25
1,1,128,8,cpu_vals,1,0.007709,0.007708,0.007750,25
1,1,128,8,cpu,1,0.014500,0.014458,0.014625,25
1,1024,256,16,jacobi,1,4.115500,4.089709,4.162292,25
1,1024,256,16,qr,1,5.199458,4.933209,5.313834,25
1,1024,256,16,gk,1,3.422708,3.383583,3.456209,25
1,1024,256,16,gk_vals,1,1.452167,1.439084,1.496333,25
1,1024,256,16,cpu_vals,1,1.756000,1.331875,1.827750,25
1,1024,256,16,gk_share,1,2.433000,2.405208,2.456084,25
1,1024,256,16,gk_share_vals,1,1.212875,1.092417,1.389917,25
1,1024,256,16,cpu,1,3.606916,3.272750,3.692208,25
1,4,32,8,jacobi,1,0.364041,0.314959,0.762208,25
1,4,32,8,qr,1,0.399458,0.382334,0.409208,25
1,4,32,8,gk,1,0.209917,0.197417,0.221875,25
1,4,32,8,gk_vals,1,0.196125,0.183375,0.250500,25
1,4,32,8,cpu_vals,1,0.019833,0.018500,0.021209,25
1,4,32,8,cpu,1,0.026375,0.025083,0.028042,25
1,1,512,512,jacobi,1,262.359334,262.357500,262.404792,5
1,1,512,512,block,1,31.977000,31.911334,32.132916,5
1,1,512,512,cpu,1,16.568271,16.409573,16.825146,10
1,1,512,512,bidiag,1,25.131292,25.100094,25.141115,6
1,1,512,512,bidiag_vals,1,18.589291,18.552542,18.662750,9
1,1,512,512,cpu_vals,1,7.771708,7.756365,7.790000,20
1,4,2048,2048,cpu,1,794.057292,792.536208,803.975792,3
1,4,2048,2048,bidiag,1,792.266500,791.848020,793.366562,3
1,4,2048,2048,bidiag_vals,1,609.361458,608.368270,609.478416,3
1,4,2048,2048,cpu_vals,1,477.782333,465.788937,480.450729,3
1,1024,64,64,jacobi,1,51.851208,51.167042,52.630958,5
1,1024,64,64,block,1,30.480791,30.460292,30.489667,5
1,1024,64,64,gk,1,17.432250,17.321959,17.532500,9
1,1024,64,64,gk_vals,1,7.770417,7.756657,7.790927,20
1,1024,64,64,cpu_vals,1,5.054042,4.899084,5.103875,25
1,1024,64,64,gk_share,1,9.074250,8.991625,9.130083,17
1,1024,64,64,gk_share_vals,1,3.793208,3.776625,3.813834,25
1,1024,64,64,cpu,1,14.550708,14.423083,14.700229,11
1,64,128,128,jacobi,1,33.515375,33.190333,33.733666,5
1,64,128,128,block,1,14.339500,14.285063,14.411625,11
1,64,128,128,cpu,1,6.041584,6.009166,6.494792,25
1,64,128,128,bidiag,1,252.867375,252.716500,252.969958,5
1,64,128,128,bidiag_vals,1,214.986334,214.184417,214.990542,5
1,64,128,128,cpu_vals,1,4.431458,3.899708,4.558208,25
1,4,1024,64,jacobi,1,4.660916,4.646459,4.671375,25
1,4,1024,64,block,1,5.372333,5.276583,5.531000,25
1,4,1024,64,qr,1,2.188542,2.151375,2.218709,25
1,4,1024,64,qrblock,1,3.643917,3.618125,3.687209,25
1,4,1024,64,gk,1,3.187875,3.149834,3.203625,25
1,4,1024,64,gk_vals,1,2.485875,2.469709,2.523792,25
1,4,1024,64,cpu_vals,1,0.554083,0.549291,0.565250,25
1,4,1024,64,cpu,1,1.117959,1.102958,1.133708,25
1,4,192,192,jacobi,1,15.360875,15.344187,15.380948,10
1,4,192,192,block,1,9.706958,9.662479,9.780406,16
1,4,192,192,cpu,1,2.014167,1.998542,2.040791,25
1,4,192,192,bidiag,1,25.075145,25.033864,25.104239,6
1,4,192,192,bidiag_vals,1,22.005042,21.920479,22.050916,7
1,4,192,192,cpu_vals,1,1.122042,1.109542,1.131792,25
1,256,128,8,jacobi,1,0.389125,0.378917,0.395542,25
1,256,128,8,qr,1,0.780458,0.769041,0.807125,25
1,256,128,8,gk,1,0.376750,0.374666,0.382500,25
1,256,128,8,gk_vals,1,0.244833,0.242500,0.247250,25
1,256,128,8,cpu_vals,1,0.214125,0.188959,0.632125,25
1,256,128,8,gk_share,1,0.453083,0.448542,0.472916,25
1,256,128,8,gk_share_vals,1,0.341792,0.332833,0.368083,25
1,256,128,8,cpu,1,0.349000,0.343000,0.359625,25
1,4,512,16,jacobi,1,0.350042,0.345916,0.357917,25
1,4,512,16,qr,1,0.506666,0.502083,0.512208,25
1,4,512,16,gk,1,0.628917,0.616791,0.632167,25
1,4,512,16,gk_vals,1,0.346250,0.340916,0.348416,25
1,4,512,16,cpu_vals,1,0.068708,0.067750,0.070458,25
1,4,512,16,cpu,1,0.109542,0.107417,0.111125,25
1,1,2048,128,jacobi,1,34.413750,34.405500,34.419875,5
1,1,2048,128,block,1,11.325126,11.213261,11.476938,14
1,1,2048,128,qr,1,6.922562,6.869489,6.969093,22
1,1,2048,128,qrblock,1,8.082666,7.950042,8.141500,19
1,1,2048,128,cpu,1,3.155500,3.144709,3.168584,25
1,1,2048,128,bidiag,1,7.087333,7.034479,7.118219,22
1,1,2048,128,bidiag_vals,1,6.109000,6.069041,6.159042,25
1,1,2048,128,cpu_vals,1,1.639875,1.634917,1.643500,25
1,1,48,48,jacobi,1,0.924250,0.885458,0.979083,25
1,1,48,48,block,1,2.620458,2.566625,2.696333,25
1,1,48,48,gk,1,0.985166,0.979208,0.999875,25
1,1,48,48,gk_vals,1,0.845417,0.837333,0.881667,25
1,1,48,48,cpu_vals,1,0.036709,0.036625,0.036833,25
1,1,48,48,cpu,1,0.114375,0.113792,0.115208,25
1,1,64,8,jacobi,1,0.203125,0.165083,0.226792,25
1,1,64,8,qr,1,0.372750,0.350167,0.397875,25
1,1,64,8,gk,1,0.208875,0.194500,0.256000,25
1,1,64,8,gk_vals,1,0.254459,0.206833,0.262792,25
1,1,64,8,cpu_vals,1,0.006541,0.006458,0.006542,25
1,1,64,8,cpu,1,0.012208,0.012125,0.012292,25
1,256,1024,32,jacobi,1,34.938000,34.870125,35.016083,5
1,256,1024,32,block,1,12.915750,12.768448,13.116573,12
1,256,1024,32,qr,1,10.658958,10.424708,10.787291,14
1,256,1024,32,qrblock,1,11.113000,11.011989,11.211969,14
1,256,1024,32,gk,1,9.462521,9.280573,9.711813,16
1,256,1024,32,gk_vals,1,6.664958,6.513271,6.812813,23
1,256,1024,32,cpu_vals,1,3.150459,3.105708,3.297708,25
1,256,1024,32,gk_share,1,9.412750,9.271042,9.523041,17
1,256,1024,32,gk_share_vals,1,5.669917,5.529334,5.842292,25
1,256,1024,32,cpu,1,6.135042,6.057375,6.266375,25
1,1024,24,24,jacobi,1,4.024875,3.994042,4.039542,25
1,1024,24,24,gk,1,1.794875,1.757833,1.811500,25
1,1024,24,24,gk_vals,1,0.849375,0.804500,0.866333,25
1,1024,24,24,cpu_vals,1,0.909584,0.864833,0.962167,25
1,1024,24,24,gk_share,1,1.477667,1.469917,1.492042,25
1,1024,24,24,gk_share_vals,1,0.867667,0.858209,0.880958,25
1,1024,24,24,cpu,1,2.562541,2.534167,2.594875,25
1,4,128,16,jacobi,1,0.263208,0.260625,0.841083,25
1,4,128,16,qr,1,0.447166,0.440791,0.453000,25
1,4,128,16,gk,1,0.339000,0.324542,0.344542,25
1,4,128,16,gk_vals,1,0.275083,0.261541,0.280458,25
1,4,128,16,cpu_vals,1,0.045959,0.044125,0.046834,25
1,4,128,16,cpu,1,0.066584,0.063417,0.067000,25
1,1024,32,32,jacobi,1,7.312250,7.289459,7.340542,21
1,1024,32,32,block,1,6.750500,6.666666,6.845896,23
1,1024,32,32,gk,1,2.635584,2.588375,2.656250,25
1,1024,32,32,gk_vals,1,1.325750,1.277708,1.362666,25
1,1024,32,32,cpu_vals,1,1.416625,1.391584,1.966875,25
1,1024,32,32,gk_share,1,2.195959,2.163834,2.234625,25
1,1024,32,32,gk_share_vals,1,1.154958,1.147000,1.181417,25
1,1024,32,32,cpu,1,4.067959,3.974292,4.155666,25
1,256,256,64,jacobi,1,25.442187,25.337854,25.532114,6
1,256,256,64,block,1,12.581541,12.346209,12.641375,13
1,256,256,64,qr,1,19.388125,17.805459,19.785625,9
1,256,256,64,qrblock,1,14.275083,14.172417,14.392145,11
1,256,256,64,gk,1,12.438167,12.386709,12.596083,13
1,256,256,64,gk_vals,1,7.687396,7.616427,7.812167,20
1,256,256,64,cpu_vals,1,3.415125,3.175250,3.461333,25
1,256,256,64,gk_share,1,10.497167,10.349771,10.648855,15
1,256,256,64,gk_share_vals,1,6.605000,6.457625,6.654208,23
1,256,256,64,cpu,1,7.330209,7.149166,7.465916,21
1,1,2048,256,jacobi,1,147.965208,147.940875,147.965250,5
1,1,2048,256,block,1,22.399334,22.375521,22.516875,7
1,1,2048,256,qr,1,32.990583,32.982458,33.085708,5
1,1,2048,256,qrblock,1,16.299437,16.211146,16.361677,10
1,1,2048,256,cpu,1,9.021084,8.934708,9.070958,17
1,1,2048,256,bidiag,1,16.037709,15.828323,16.084219,10
1,1,2048,256,bidiag_vals,1,13.489000,13.424636,13.500865,12
1,1,2048,256,cpu_vals,1,4.146375,4.121291,4.164208,25
1,1,512,256,jacobi,1,48.122333,48.111041,48.132833,5
1,1,512,256,block,1,12.225667,12.065959,12.297125,13
1,1,512,256,qr,1,31.892833,31.874166,31.898584,5
1,1,512,256,qrblock,1,12.251584,12.170750,12.375125,13
1,1,512,256,cpu,1,5.382209,5.232625,5.466959,25
1,1,512,256,bidiag,1,12.173208,11.912417,12.194958,13
1,1,512,256,bidiag_vals,1,10.017167,9.981729,10.041563,15
1,1,512,256,cpu_vals,1,2.392042,2.389625,2.400916,25
1,1024,1024,32,jacobi,1,142.486958,142.178541,142.549250,5
1,1024,1024,32,block,1,40.890875,40.345083,40.987208,5
1,1024,1024,32,qr,1,37.210458,37.199292,37.322625,5
1,1024,1024,32,qrblock,1,42.076250,41.334083,42.260875,5
1,1024,1024,32,gk,1,37.789625,37.660458,38.300584,5
1,1024,1024,32,gk_vals,1,22.714708,21.427042,24.177292,7
1,1024,1024,32,cpu_vals,1,10.436166,10.341667,10.532021,15
1,1024,1024,32,gk_share,1,23.913583,21.858854,24.504854,7
1,1024,1024,32,gk_share_vals,1,14.060084,13.555605,14.294750,11
1,1024,1024,32,cpu,1,22.575125,22.357771,22.912125,7
1,1024,512,64,jacobi,1,148.722500,146.768709,149.210000,5
1,1024,512,64,block,1,70.917167,70.684208,70.959208,5
1,1024,512,64,qr,1,92.068333,91.333000,92.148334,5
1,1024,512,64,qrblock,1,71.017208,70.593625,71.205625,5
1,1024,512,64,gk,1,63.365542,63.153583,63.844209,5
1,1024,512,64,gk_vals,1,42.317000,41.583375,43.741125,5
1,1024,512,64,cpu_vals,1,19.148688,18.920083,19.460115,8
1,1024,512,64,gk_share,1,38.345833,37.739375,42.337917,5
1,1024,512,64,gk_share_vals,1,25.343166,22.922438,27.238709,7
1,1024,512,64,cpu,1,42.007542,41.303333,42.099667,5
1,64,56,56,jacobi,1,2.452542,2.407500,2.473459,25
1,64,56,56,block,1,3.789834,3.708167,3.884042,25
1,64,56,56,gk,1,1.551000,1.499667,1.564084,25
1,64,56,56,gk_vals,1,1.068167,1.062875,1.113291,25
1,64,56,56,cpu_vals,1,0.389250,0.331166,0.659125,25
1,64,56,56,gk_share,1,1.649375,1.631000,1.713542,25
1,64,56,56,gk_share_vals,1,1.225958,1.198375,1.250334,25
1,64,56,56,cpu,1,0.821791,0.807375,0.849083,25
1,4,1024,128,jacobi,1,19.426563,19.419573,19.433156,8
1,4,1024,128,block,1,8.990708,8.900375,9.101875,17
1,4,1024,128,qr,1,6.601208,6.521917,6.797063,23
1,4,1024,128,qrblock,1,7.608230,7.321823,7.739500,20
1,4,1024,128,cpu,1,2.704625,2.620875,2.750584,25
1,4,1024,128,bidiag,1,20.981938,20.643573,21.273240,8
1,4,1024,128,bidiag_vals,1,18.721000,18.657709,18.934084,9
1,4,1024,128,cpu_vals,1,1.419083,1.369667,1.443333,25
1,256,80,80,jacobi,1,26.620708,25.925166,27.002625,6
1,256,80,80,block,1,19.767187,19.669813,19.890563,8
1,256,80,80,gk,1,10.594375,10.264792,10.610271,15
1,256,80,80,gk_vals,1,4.792208,4.771125,4.817208,25
1,256,80,80,cpu_vals,1,4.018500,3.892042,4.344834,25
1,256,80,80,gk_share,1,6.925000,6.893375,6.961417,21
1,256,80,80,gk_share_vals,1,3.540083,3.477000,4.652375,25
1,256,80,80,cpu,1,7.186584,7.070125,7.319042,21
1,64,1024,256,jacobi,1,866.540708,865.386708,866.752813,3
1,64,1024,256,block,1,165.248542,165.228750,165.907542,5
1,64,1024,256,qr,1,283.234375,282.203250,283.540334,5
1,64,1024,256,qrblock,1,95.883709,95.693584,95.920583,5
1,64,1024,256,cpu,1,42.548083,42.082208,42.575208,5
1,64,1024,256,bidiag,1,744.037792,742.018730,745.141687,3
1,64,1024,256,bidiag_vals,1,669.331291,669.021999,670.826937,3
1,64,1024,256,cpu_vals,1,19.442395,19.324657,19.682490,8
1,64,2048,64,jacobi,1,83.173708,83.015000,83.569042,5
1,64,2048,64,block,1,19.668833,19.558657,19.738344,8
1,64,2048,64,qr,1,15.290646,15.175698,15.468635,10
1,64,2048,64,qrblock,1,16.286354,15.843573,16.599041,10
1,64,2048,64,gk,1,15.329833,14.930094,15.826718,10
1,64,2048,64,gk_vals,1,12.151250,11.425417,12.331166,13
1,64,2048,64,cpu_vals,1,5.147041,4.993708,5.216708,25
1,64,2048,64,gk_share,1,14.492042,13.629625,15.025458,11
1,64,2048,64,gk_share_vals,1,9.786103,9.364354,10.258771,16
1,64,2048,64,cpu,1,9.941541,9.830657,10.035354,16
1,4096,40,40,jacobi,1,49.325917,49.102292,49.683958,5
1,4096,40,40,block,1,90.938917,90.871125,90.996917,5
1,4096,40,40,gk,1,18.502208,18.457250,18.606792,9
1,4096,40,40,gk_vals,1,7.371500,7.358458,7.402500,21
1,4096,40,40,cpu_vals,1,7.515250,7.448417,7.597083,21
1,4096,40,40,gk_share,1,15.015708,14.448042,15.136708,11
1,4096,40,40,gk_share_vals,1,4.771292,4.585917,4.857042,25
1,4096,40,40,cpu,1,25.795084,24.574135,26.990719,6
1,4096,48,48,jacobi,1,80.207875,79.957875,80.329459,5
1,4096,48,48,block,1,97.628375,97.591583,97.783666,5
1,4096,48,48,gk,1,27.937833,27.892344,27.958448,6
1,4096,48,48,gk_vals,1,11.584250,11.564291,11.667583,13
1,4096,48,48,cpu_vals,1,10.282208,10.234833,10.341980,15
1,4096,48,48,gk_share,1,19.473000,19.024677,19.679771,8
1,4096,48,48,gk_share_vals,1,6.562250,6.470813,6.746104,23
1,4096,48,48,cpu,1,33.990417,33.525417,34.284833,5
1,4096,512,32,jacobi,1,189.935166,189.133000,191.416125,5
1,4096,512,32,block,1,88.066000,87.220917,88.216542,5
1,4096,512,32,qr,1,91.407459,85.629792,91.460542,5
1,4096,512,32,qrblock,1,81.676333,81.433542,81.930833,5
1,4096,512,32,gk,1,74.946875,74.080417,75.463875,5
1,4096,512,32,gk_vals,1,45.803666,42.971167,46.907166,5
1,4096,512,32,cpu_vals,1,21.590417,21.270500,21.733230,7
1,4096,512,32,gk_share,1,49.887709,48.975667,51.035500,5
1,4096,512,32,gk_share_vals,1,30.445334,28.923136,30.562594,6
1,4096,512,32,cpu,1,48.398000,48.312709,48.614208,5
1,256,56,56,jacobi,1,7.673376,7.591229,7.709968,20
1,256,56,56,block,1,8.347083,8.301146,8.382791,19
1,256,56,56,gk,1,3.312417,3.263000,3.333208,25
1,256,56,56,gk_vals,1,1.493417,1.488417,1.537958,25
1,256,56,56,cpu_vals,1,1.067292,1.006083,1.115375,25
1,256,56,56,gk_share,1,3.007417,2.954750,3.047958,25
1,256,56,56,gk_share_vals,1,1.615750,1.554084,1.680959,25
1,256,56,56,cpu,1,2.765875,2.747250,2.780917,25
1,1024,512,32,jacobi,1,48.471958,48.246625,49.216875,5
1,1024,512,32,block,1,23.367875,23.090729,23.627396,7
1,1024,512,32,qr,1,22.596458,22.506208,22.891396,7
1,1024,512,32,qrblock,1,21.705917,21.550937,21.811312,7
1,1024,512,32,gk,1,19.488626,18.984084,20.147625,8
1,1024,512,32,gk_vals,1,12.149021,11.839823,13.245229,12
1,1024,512,32,cpu_vals,1,5.805083,5.653708,5.900333,25
1,1024,512,32,gk_share,1,15.558646,14.878781,17.099875,10
1,1024,512,32,gk_share_vals,1,8.381355,7.984458,8.768729,18
1,1024,512,32,cpu,1,13.070979,12.715469,13.347458,12
1,64,16,8,jacobi,1,0.389208,0.378209,0.846416,25
1,64,16,8,qr,1,0.465333,0.449208,0.481334,25
1,64,16,8,gk,1,0.238208,0.234834,0.241833,25
1,64,16,8,gk_vals,1,0.201542,0.188958,0.204542,25
1,64,16,8,cpu_vals,1,0.116334,0.098167,0.230917,25
1,64,16,8,gk_share,1,0.337250,0.334583,0.339583,25
1,64,16,8,gk_share_vals,1,0.297375,0.295584,0.299459,25
1,64,16,8,cpu,1,0.138333,0.132667,0.150750,25
1,4,48,48,jacobi,1,0.771167,0.759333,0.858750,25
1,4,48,48,block,1,2.511833,2.491416,2.569666,25
1,4,48,48,gk,1,1.103125,1.064500,1.152000,25
1,4,48,48,gk_vals,1,0.838042,0.818416,0.894666,25
1,4,48,48,cpu_vals,1,0.072042,0.070417,0.073792,25
1,4,48,48,cpu,1,0.157875,0.154291,0.159708,25
1,16,128,16,jacobi,1,0.278791,0.265041,0.282208,25
1,16,128,16,qr,1,0.510917,0.501125,0.522750,25
1,16,128,16,gk,1,0.367667,0.364625,0.373166,25
1,16,128,16,gk_vals,1,0.274333,0.265083,0.284708,25
1,16,128,16,cpu_vals,1,0.089959,0.085792,0.097292,25
1,16,128,16,cpu,1,0.161041,0.150250,0.189875,25
1,16,512,64,jacobi,1,2.221917,2.194291,2.292417,25
1,16,512,64,block,1,4.190084,4.159083,4.319750,25
1,16,512,64,qr,1,2.183916,2.146208,2.201916,25
1,16,512,64,qrblock,1,3.817125,3.782625,3.881875,25
1,16,512,64,gk,1,3.303084,3.281333,3.377792,25
1,16,512,64,gk_vals,1,2.399125,2.348416,2.445208,25
1,16,512,64,cpu_vals,1,0.604791,0.548667,0.644333,25
1,16,512,64,cpu,1,1.138417,0.994334,1.242125,25
1,1,64,16,jacobi,1,0.271458,0.258042,0.310750,25
1,1,64,16,qr,1,0.437208,0.410834,0.455583,25
1,1,64,16,gk,1,0.330750,0.320542,0.352000,25
1,1,64,16,gk_vals,1,0.280667,0.268708,0.289709,25
1,1,64,16,cpu_vals,1,0.012208,0.011833,0.012541,25
1,1,64,16,cpu,1,0.034750,0.029541,0.037375,25
1,256,48,48,jacobi,1,5.564791,5.535209,5.605917,25
1,256,48,48,block,1,7.689229,7.591000,7.821552,20
1,256,48,48,gk,1,2.348000,2.341625,2.355458,25
1,256,48,48,gk_vals,1,1.217833,1.185709,1.231333,25
1,256,48,48,cpu_vals,1,0.779417,0.765250,0.805416,25
1,256,48,48,gk_share,1,1.527708,1.511417,1.536333,25
1,256,48,48,gk_share_vals,1,1.082292,1.045167,1.100875,25
1,256,48,48,cpu,1,2.360583,2.349833,2.418750,25
1,1,1024,1024,jacobi,1,2819.176834,2818.849729,2819.439479,3
1,1,1024,1024,block,1,115.314125,115.246000,115.367208,5
1,1,1024,1024,cpu,1,77.551958,77.200500,77.554083,5
1,1,1024,1024,bidiag,1,75.019708,75.001750,75.100375,5
1,1,1024,1024,bidiag_vals,1,47.340250,46.901916,47.435041,5
1,1,1024,1024,cpu_vals,1,35.649667,35.624500,35.710875,5
1,4096,64,32,jacobi,1,28.338625,28.105072,28.510303,6
1,4096,64,32,block,1,24.938625,24.832541,25.008958,7
1,4096,64,32,qr,1,31.897250,31.714166,31.951416,5
1,4096,64,32,qrblock,1,26.600771,26.493219,26.662073,6
1,4096,64,32,gk,1,15.413687,15.341864,15.508323,10
1,4096,64,32,gk_vals,1,7.912083,7.886104,7.918479,19
1,4096,64,32,cpu_vals,1,7.494959,7.384292,7.552667,21
1,4096,64,32,gk_share,1,12.609750,12.404635,12.981583,12
1,4096,64,32,gk_share_vals,1,5.061250,4.889209,5.435167,25
1,4096,64,32,cpu,1,21.587667,21.559770,21.763375,7
1,4,512,64,jacobi,1,2.115791,2.109875,2.127459,25
1,4,512,64,block,1,3.859458,3.786750,3.911542,25
1,4,512,64,qr,1,1.721958,1.687833,1.760250,25
1,4,512,64,qrblock,1,3.208458,3.178042,3.243333,25
1,4,512,64,gk,1,2.719750,2.692084,2.731042,25
1,4,512,64,gk_vals,1,2.016708,1.993208,2.054458,25
1,4,512,64,cpu_vals,1,0.351916,0.347083,0.359541,25
1,4,512,64,cpu,1,0.700750,0.694917,0.707791,25
1,4,1024,1024,jacobi,1,4016.540958,4016.208188,4016.848604,3
1,4,1024,1024,block,1,290.519959,290.177333,290.741875,5
1,4,1024,1024,cpu,1,94.165166,93.793250,94.406917,5
1,4,1024,1024,bidiag,1,215.374791,213.733667,215.631292,5
1,4,1024,1024,bidiag_vals,1,169.402125,168.418959,170.220875,5
1,4,1024,1024,cpu_vals,1,41.375750,41.304708,41.399667,5
1,1,768,768,jacobi,1,1031.884666,1031.501354,1032.276188,3
1,1,768,768,block,1,64.972458,64.967875,65.118583,5
1,1,768,768,cpu,1,33.812250,33.333292,33.900833,5
1,1,768,768,bidiag,1,45.865709,45.436209,46.254125,5
1,1,768,768,bidiag_vals,1,30.949500,30.945875,31.056084,5
1,1,768,768,cpu_vals,1,16.076146,16.046396,16.094354,10
1,256,24,24,jacobi,1,1.382250,1.324250,1.885250,25
1,256,24,24,gk,1,0.624916,0.620458,0.627000,25
1,256,24,24,gk_vals,1,0.390209,0.386666,0.393500,25
1,256,24,24,cpu_vals,1,0.332125,0.311084,0.648083,25
1,256,24,24,gk_share,1,0.699208,0.690250,0.773209,25
1,256,24,24,gk_share_vals,1,0.501000,0.493250,0.562416,25
1,256,24,24,cpu,1,0.744958,0.728959,0.773541,25
1,16,80,80,jacobi,1,1.897709,1.887667,1.913667,25
1,16,80,80,block,1,4.324959,4.252625,4.407917,25
1,16,80,80,gk,1,2.623000,2.576583,2.641459,25
1,16,80,80,gk_vals,1,1.911667,1.887250,1.922375,25
1,16,80,80,cpu_vals,1,0.482666,0.344541,0.509250,25
1,16,80,80,cpu,1,0.576042,0.565208,0.579041,25
1,256,32,32,jacobi,1,2.199792,2.190542,2.221833,25
1,256,32,32,block,1,3.048583,3.028209,3.071042,25
1,256,32,32,gk,1,0.964667,0.865667,0.968083,25
1,256,32,32,gk_vals,1,0.527458,0.521667,0.535583,25
1,256,32,32,cpu_vals,1,0.437583,0.421625,0.526583,25
1,256,32,32,gk_share,1,0.873458,0.870750,0.876583,25
1,256,32,32,gk_share_vals,1,0.599250,0.597292,0.602000,25
1,256,32,32,cpu,1,1.090458,1.060416,1.108375,25
1,4,64,32,jacobi,1,0.894958,0.383166,1.227208,25
1,4,64,32,block,1,2.047458,1.998625,2.076250,25
1,4,64,32,qr,1,0.593500,0.584708,0.598875,25
1,4,64,32,qrblock,1,2.215125,2.188583,2.281209,25
1,4,64,32,gk,1,0.701500,0.697416,0.716041,25
1,4,64,32,gk_vals,1,0.518916,0.505125,0.532167,25
1,4,64,32,cpu_vals,1,0.059458,0.058625,0.059792,25
1,4,64,32,cpu,1,0.107125,0.105959,0.109250,25
1,1024,128,16,jacobi,1,2.711208,2.680333,2.740500,25
1,1024,128,16,qr,1,3.307375,3.220375,3.385125,25
1,1024,128,16,gk,1,2.045125,2.011084,2.062791,25
1,1024,128,16,gk_vals,1,0.930458,0.896250,0.988291,25
1,1024,128,16,cpu_vals,1,1.512750,0.984625,1.564125,25
1,1024,128,16,gk_share,1,1.977125,1.928250,2.497958,25
1,1024,128,16,gk_share_vals,1,1.420292,1.118459,1.525167,25
1,1024,128,16,cpu,1,2.933083,2.895792,2.963500,25
1,64,256,64,jacobi,1,5.104083,5.093833,5.126750,25
1,64,256,64,block,1,4.747208,4.653208,4.823250,25
1,64,256,64,qr,1,5.198834,4.678666,5.256167,25
1,64,256,64,qrblock,1,5.661291,5.551375,5.798667,25
1,64,256,64,gk,1,4.014709,3.951125,4.518791,25
1,64,256,64,gk_vals,1,2.854083,2.814959,3.214458,25
1,64,256,64,cpu_vals,1,1.000458,0.992750,1.389000,25
1,64,256,64,gk_share,1,4.453791,4.092083,4.572375,25
1,64,256,64,gk_share_vals,1,2.797958,2.769167,2.848083,25
1,64,256,64,cpu,1,2.498542,2.089667,2.564666,25
1,16,64,8,jacobi,1,0.373291,0.361209,0.725917,25
1,16,64,8,qr,1,0.442375,0.433333,0.463917,25
1,16,64,8,gk,1,0.236250,0.231958,0.239458,25
1,16,64,8,gk_vals,1,0.191875,0.185875,0.201875,25
1,16,64,8,cpu_vals,1,0.071625,0.070708,0.074875,25
1,16,64,8,cpu,1,0.080917,0.075792,0.134708,25
1,64,64,64,jacobi,1,3.230333,3.192208,3.250958,25
1,64,64,64,block,1,3.839541,3.797833,3.944750,25
1,64,64,64,gk,1,1.954375,1.948792,1.987084,25
1,64,64,64,gk_vals,1,1.363125,1.318958,1.405584,25
1,64,64,64,cpu_vals,1,0.502000,0.411791,0.664417,25
1,64,64,64,gk_share,1,2.060000,2.023500,2.101167,25
1,64,64,64,gk_share_vals,1,1.500375,1.469625,1.528791,25
1,64,64,64,cpu,1,1.029333,1.024500,1.037791,25
1,1,384,384,jacobi,1,112.934125,112.907541,112.961500,5
1,1,384,384,block,1,22.256625,22.128521,22.326563,7
1,1,384,384,cpu,1,7.706208,7.442843,7.974427,20
1,1,384,384,bidiag,1,16.921875,16.790709,16.994625,9
1,1,384,384,bidiag_vals,1,12.955834,12.896302,13.034927,12
1,1,384,384,cpu_vals,1,3.621625,3.595875,3.638208,25
1,1024,128,128,jacobi,1,468.106250,464.681291,469.673437,3
1,1024,128,128,block,1,190.510167,190.396583,190.600708,5
1,1024,128,128,cpu,1,78.031167,77.551000,78.037917,5
1,1,256,256,jacobi,1,33.968125,33.940292,33.974250,5
1,1,256,256,block,1,12.962563,12.907250,13.029156,12
1,1,256,256,cpu,1,4.009333,3.891958,4.035833,25
1,1,256,256,bidiag,1,10.295750,10.177791,10.460083,15
1,1,256,256,bidiag_vals,1,8.070542,8.038417,8.090291,19
1,1,256,256,cpu_vals,1,1.745625,1.734000,1.756167,25
1,64,256,32,jacobi,1,1.380333,1.296041,1.685958,25
1,64,256,32,block,1,2.595250,2.578000,2.615125,25
1,64,256,32,qr,1,1.616459,1.540958,1.650875,25
1,64,256,32,qrblock,1,2.744791,2.702750,2.770209,25
1,64,256,32,gk,1,1.692834,1.624708,1.752584,25
1,64,256,32,gk_vals,1,1.000750,0.966084,1.015083,25
1,64,256,32,cpu_vals,1,0.493333,0.366833,0.619125,25
1,64,256,32,gk_share,1,1.752916,1.689584,1.806250,25
1,64,256,32,gk_share_vals,1,1.055166,1.037792,1.109458,25
1,64,256,32,cpu,1,0.719667,0.703875,0.732667,25
1,1,128,16,jacobi,1,0.257458,0.244791,0.264500,25
1,1,128,16,qr,1,0.442250,0.424625,0.457042,25
1,1,128,16,gk,1,0.326291,0.311625,0.335458,25
1,1,128,16,gk_vals,1,0.264375,0.257917,0.281125,25
1,1,128,16,cpu_vals,1,0.013667,0.013334,0.015084,25
1,1,128,16,cpu,1,0.035542,0.031000,0.039958,25
1,1,40,40,jacobi,1,0.722583,0.688042,0.787542,25
1,1,40,40,block,1,2.391625,2.348666,2.423791,25
1,1,40,40,gk,1,0.821167,0.777416,0.857333,25
1,1,40,40,gk_vals,1,0.682792,0.633792,0.715875,25
1,1,40,40,cpu_vals,1,0.027208,0.027167,0.027292,25
1,1,40,40,cpu,1,0.086000,0.085584,0.086666,25
1,4096,16,16,jacobi,1,5.766167,5.749667,5.799375,25
1,4096,16,16,gk,1,2.422084,2.376042,2.457166,25
1,4096,16,16,gk_vals,1,1.259958,1.222042,1.322792,25
1,4096,16,16,cpu_vals,1,1.867417,1.715667,2.417834,25
1,4096,16,16,gk_share,1,2.298750,2.245417,2.338958,25
1,4096,16,16,gk_share_vals,1,1.082167,1.073250,1.087959,25
1,4096,16,16,cpu,1,4.495375,4.421167,4.670459,25
1,4,64,8,jacobi,1,0.334750,0.322208,0.343791,25
1,4,64,8,qr,1,0.422417,0.395417,0.545083,25
1,4,64,8,gk,1,0.237583,0.227542,0.261667,25
1,4,64,8,gk_vals,1,0.238834,0.213875,0.269667,25
1,4,64,8,cpu_vals,1,0.022417,0.019333,0.025000,25
1,4,64,8,cpu,1,0.030000,0.029583,0.030375,25
1,1,256,32,jacobi,1,0.507000,0.476041,0.789667,25
1,1,256,32,block,1,2.224875,2.161875,2.306500,25
1,1,256,32,qr,1,0.579833,0.572458,0.593041,25
1,1,256,32,qrblock,1,2.274166,2.087333,2.365083,25
1,1,256,32,gk,1,1.052750,1.000750,1.100833,25
1,1,256,32,gk_vals,1,0.607125,0.586583,0.626500,25
1,1,256,32,cpu_vals,1,0.053500,0.053375,0.053791,25
1,1,256,32,cpu,1,0.114500,0.111542,0.118125,25
1,4096,4,4,jacobi,1,0.533125,0.517000,0.559167,25
1,4096,4,4,gk,1,0.481209,0.471375,0.498958,25
1,4096,4,4,gk_vals,1,0.272958,0.258042,0.280000,25
1,4096,4,4,cpu_vals,1,0.573084,0.535583,0.615542,25
1,4096,4,4,gk_share,1,0.599708,0.579000,0.609459,25
1,4096,4,4,gk_share_vals,1,0.506708,0.487917,0.518958,25
1,4096,4,4,cpu,1,0.683042,0.672541,0.723458,25
1,1,32,32,jacobi,1,1.064500,0.560125,1.125084,25
1,1,32,32,block,1,2.236500,2.046334,2.347084,25
1,1,32,32,gk,1,0.667917,0.614916,0.710416,25
1,1,32,32,gk_vals,1,0.461750,0.448750,0.509291,25
1,1,32,32,cpu_vals,1,0.019625,0.019541,0.019709,25
1,1,32,32,cpu,1,0.061583,0.060916,0.062625,25
1,64,64,16,jacobi,1,0.374250,0.363125,0.482667,25
1,64,64,16,qr,1,0.670125,0.662584,0.689916,25
1,64,64,16,gk,1,0.377250,0.372708,0.381541,25
1,64,64,16,gk_vals,1,0.274125,0.263667,0.283500,25
1,64,64,16,cpu_vals,1,0.168417,0.163333,0.185375,25
1,64,64,16,gk_share,1,0.487875,0.484041,0.489750,25
1,64,64,16,gk_share_vals,1,0.394500,0.391292,0.401167,25
1,64,64,16,cpu,1,0.260292,0.254750,0.273250,25
1,4,2048,128,jacobi,1,42.289708,42.224209,42.290375,5
1,4,2048,128,block,1,14.122792,14.070792,14.203667,11
1,4,2048,128,qr,1,8.170875,8.019792,8.487084,19
1,4,2048,128,qrblock,1,9.256541,8.890667,9.471625,17
1,4,2048,128,cpu,1,4.174125,4.140125,4.300167,25
1,4,2048,128,bidiag,1,26.391063,26.346218,26.571875,6
1,4,2048,128,bidiag_vals,1,24.296000,24.171312,24.462125,7
1,4,2048,128,cpu_vals,1,2.481500,2.064000,2.538042,25
1,4,128,32,jacobi,1,0.508792,0.420416,1.321125,25
1,4,128,32,block,1,2.054458,1.996333,2.091250,25
1,4,128,32,qr,1,0.589625,0.585542,0.594417,25
1,4,128,32,qrblock,1,2.020875,1.992542,2.058750,25
1,4,128,32,gk,1,0.774083,0.731584,0.828792,25
1,4,128,32,gk_vals,1,0.536917,0.532583,0.551125,25
1,4,128,32,cpu_vals,1,0.068292,0.067667,0.068834,25
1,4,128,32,cpu,1,0.122834,0.119750,0.124625,25
1,4,256,32,jacobi,1,0.775750,0.554875,1.642750,25
1,4,256,32,block,1,2.225416,2.197375,2.282625,25
1,4,256,32,qr,1,0.628167,0.623083,0.632500,25
1,4,256,32,qrblock,1,2.068750,2.044166,2.090583,25
1,4,256,32,gk,1,1.058750,1.045458,1.146375,25
1,4,256,32,gk_vals,1,0.646625,0.640250,0.657959,25
1,4,256,32,cpu_vals,1,0.089542,0.088750,0.090834,25
1,4,256,32,cpu,1,0.159292,0.157417,0.161333,25
1,1,56,56,jacobi,1,0.951541,0.892208,1.633625,25
1,1,56,56,block,1,2.456625,2.446875,2.486250,25
1,1,56,56,gk,1,1.312125,1.269667,1.349083,25
1,1,56,56,gk_vals,1,1.008125,0.988459,1.021250,25
1,1,56,56,cpu_vals,1,0.049333,0.049166,0.049833,25
1,1,56,56,cpu,1,0.134041,0.131875,0.137708,25
1,1,512,32,jacobi,1,0.604000,0.594708,0.610666,25
1,1,512,32,block,1,2.822542,2.799125,2.904375,25
1,1,512,32,qr,1,0.633958,0.624583,0.642792,25
1,1,512,32,qrblock,1,2.123500,2.058834,2.369375,25
1,1,512,32,gk,1,1.011583,0.978458,1.075000,25
1,1,512,32,gk_vals,1,0.594375,0.592583,0.597667,25
1,1,512,32,cpu_vals,1,0.069417,0.069292,0.069750,25
1,1,512,32,cpu,1,0.156458,0.154250,0.157875,25
1,4,32,32,jacobi,1,0.359083,0.355208,0.369833,25
1,4,32,32,block,1,1.975125,1.922666,2.010208,25
1,4,32,32,gk,1,0.743625,0.665209,0.751250,25
1,4,32,32,gk_vals,1,0.479125,0.474083,0.506333,25
1,4,32,32,cpu_vals,1,0.050708,0.049833,0.052375,25
1,4,32,32,cpu,1,0.091417,0.090458,0.092917,25
1,1024,2048,128,qr,1,904.541916,895.700562,908.976146,3
1,1024,2048,128,qrblock,1,631.851208,631.808771,632.088000,3
1,1024,2048,128,cpu,1,412.551083,407.637250,412.633104,3
1,256,256,8,jacobi,1,0.556208,0.537958,1.217708,25
1,256,256,8,qr,1,0.973000,0.960750,0.982834,25
1,256,256,8,gk,1,0.523792,0.518875,0.532792,25
1,256,256,8,gk_vals,1,0.290416,0.280917,0.295541,25
1,256,256,8,cpu_vals,1,0.231625,0.221666,0.247292,25
1,256,256,8,gk_share,1,0.553459,0.546958,0.560875,25
1,256,256,8,gk_share_vals,1,0.364250,0.359000,0.369875,25
1,256,256,8,cpu,1,0.437125,0.432708,0.442125,25
1,4096,1024,32,jacobi,0,0,0,0,0
1,4096,1024,32,block,0,0,0,0,0
1,4096,1024,32,qr,0,0,0,0,0
1,4096,1024,32,qrblock,0,0,0,0,0
1,4096,1024,32,gk,0,0,0,0,0
1,4096,1024,32,gk_vals,0,0,0,0,0
1,4096,1024,32,cpu_vals,0,0,0,0,0
1,4096,1024,32,gk_share,0,0,0,0,0
1,4096,1024,32,gk_share_vals,0,0,0,0,0
1,4096,1024,32,cpu,0,0,0,0,0
1,16,768,768,jacobi,1,3698.544500,3697.320896,3702.146479,3
1,16,768,768,block,1,526.967959,526.894063,529.930500,3
1,16,768,768,cpu,1,79.767500,78.908250,80.744333,5
1,16,768,768,bidiag,1,517.267541,516.049083,519.747291,3
1,16,768,768,bidiag_vals,1,440.699500,439.838354,441.085563,3
1,16,768,768,cpu_vals,1,50.407959,50.297917,50.533959,5
1,1,1024,256,jacobi,1,86.035292,85.977666,86.046834,5
1,1,1024,256,block,1,15.710500,15.686490,15.733969,10
1,1,1024,256,qr,1,31.200708,31.158667,31.323459,5
1,1,1024,256,qrblock,1,13.929208,13.847542,14.089709,11
1,1,1024,256,cpu,1,6.574458,6.488209,6.628500,23
1,1,1024,256,bidiag,1,13.534063,13.510573,13.561614,12
1,1,1024,256,bidiag_vals,1,11.169500,11.154635,11.201573,14
1,1,1024,256,cpu_vals,1,2.985166,2.978500,2.993250,25
1,4,128,128,jacobi,1,4.940084,4.931209,4.955583,25
1,4,128,128,block,1,6.011500,5.918375,6.251666,25
1,4,128,128,cpu,1,1.342458,1.326167,1.353542,25
1,4,128,128,bidiag,1,15.825229,15.785740,15.911521,10
1,4,128,128,bidiag_vals,1,13.491750,13.418740,13.603844,12
1,4,128,128,cpu_vals,1,0.910833,0.904000,0.927708,25
1,4,16,16,jacobi,1,0.236083,0.227541,0.239875,25
1,4,16,16,gk,1,0.324375,0.317583,0.327875,25
1,4,16,16,gk_vals,1,0.259209,0.253792,0.263750,25
1,4,16,16,cpu_vals,1,0.025292,0.023625,0.026792,25
1,4,16,16,cpu,1,0.039209,0.038750,0.041875,25
1,4096,256,128,jacobi,1,2079.619083,2076.424041,2085.885458,3
1,4096,256,128,block,1,860.312750,859.096313,861.636250,3
1,4096,256,128,qr,1,2022.019750,2015.039730,2022.183125,3
1,4096,256,128,qrblock,1,868.344208,863.340875,869.504291,3
1,4096,256,128,cpu,1,465.146667,465.067437,466.919396,3
1,1024,64,32,jacobi,1,7.963792,7.917562,8.071687,19
1,1024,64,32,block,1,7.257625,7.159250,7.303250,21
1,1024,64,32,qr,1,9.826937,9.355593,9.916063,16
1,1024,64,32,qrblock,1,8.894750,8.764792,9.035959,17
1,1024,64,32,gk,1,4.284750,4.265959,4.300334,25
1,1024,64,32,gk_vals,1,2.353709,2.334000,2.364333,25
1,1024,64,32,cpu_vals,1,2.516000,2.318000,2.549458,25
1,1024,64,32,gk_share,1,3.752500,3.701084,3.791042,25
1,1024,64,32,gk_share_vals,1,1.716959,1.666417,1.744083,25
1,1024,64,32,cpu,1,5.524542,5.450084,5.962875,25
1,4096,512,64,jacobi,0,0,0,0,0
1,4096,512,64,block,0,0,0,0,0
1,4096,512,64,qr,0,0,0,0,0
1,4096,512,64,qrblock,0,0,0,0,0
1,4096,512,64,gk,0,0,0,0,0
1,4096,512,64,gk_vals,0,0,0,0,0
1,4096,512,64,cpu_vals,0,0,0,0,0
1,4096,512,64,gk_share,0,0,0,0,0
1,4096,512,64,gk_share_vals,0,0,0,0,0
1,4096,512,64,cpu,0,0,0,0,0
1,256,32,8,jacobi,1,0.626125,0.597916,0.992208,25
1,256,32,8,qr,1,0.574167,0.549542,0.648208,25
1,256,32,8,gk,1,0.206833,0.202542,0.223291,25
1,256,32,8,gk_vals,1,0.179000,0.176750,0.194083,25
1,256,32,8,cpu_vals,1,0.194125,0.186542,0.204125,25
1,256,32,8,gk_share,1,0.397000,0.388750,0.405375,25
1,256,32,8,gk_share_vals,1,0.393291,0.350125,0.453125,25
1,256,32,8,cpu,1,0.261416,0.257084,0.265542,25
1,1024,512,16,jacobi,1,11.475042,11.343270,11.561063,14
1,1024,512,16,qr,1,8.640833,8.584843,8.866792,18
1,1024,512,16,gk,1,8.235334,8.066021,8.549354,19
1,1024,512,16,gk_vals,1,4.679375,4.419917,5.145625,25
1,1024,512,16,cpu_vals,1,2.670958,2.649125,2.828917,25
1,1024,512,16,gk_share,1,6.890167,6.401958,7.066729,23
1,1024,512,16,gk_share_vals,1,3.523417,3.352250,3.772250,25
1,1024,512,16,cpu,1,5.310833,5.231291,5.401875,25
1,16,512,16,jacobi,1,1.001584,0.397541,1.202166,25
1,16,512,16,qr,1,0.671458,0.655875,0.691625,25
1,16,512,16,gk,1,0.799916,0.788792,0.817875,25
1,16,512,16,gk_vals,1,0.430166,0.408458,0.531042,25
1,16,512,16,cpu_vals,1,0.147500,0.139625,0.188250,25
1,16,512,16,cpu,1,0.240125,0.223750,0.260000,25
1,64,4,4,jacobi,1,0.248000,0.224083,0.259042,25
1,64,4,4,gk,1,0.272459,0.231167,0.285250,25
1,64,4,4,gk_vals,1,0.174834,0.170458,0.178333,25
1,64,4,4,cpu_vals,1,0.100875,0.099375,0.104584,25
1,64,4,4,gk_share,1,0.277875,0.273667,0.290292,25
1,64,4,4,gk_share_vals,1,0.142292,0.125375,0.171250,25
1,64,4,4,cpu,1,0.079791,0.070291,0.148125,25
1,256,256,256,jacobi,1,1125.116417,1124.275021,1127.384437,3
1,256,256,256,block,1,347.118791,346.526374,347.388750,3
1,256,256,256,cpu,1,78.342500,77.698625,78.890583,5
1,256,96,96,jacobi,1,48.001750,47.853542,48.030875,5
1,256,96,96,block,1,22.522042,22.348354,22.581354,7
1,256,96,96,cpu,1,10.991021,10.783698,11.108511,14
1,64,96,96,jacobi,1,8.560105,8.543947,8.590802,18
1,64,96,96,block,1,8.158833,8.092167,8.246250,19
1,64,96,96,cpu,1,2.974041,2.948459,2.989833,25
1,256,256,16,jacobi,1,1.304042,1.216959,1.681916,25
1,256,256,16,qr,1,1.736541,1.660667,1.764042,25
1,256,256,16,gk,1,1.156500,1.111750,1.213334,25
1,256,256,16,gk_vals,1,0.584083,0.570750,0.595708,25
1,256,256,16,cpu_vals,1,0.696459,0.436875,0.815708,25
1,256,256,16,gk_share,1,0.924959,0.918083,0.959417,25
1,256,256,16,gk_share_vals,1,0.549250,0.544583,0.558167,25
1,256,256,16,cpu,1,0.922250,0.860625,1.492958,25
1,256,1024,256,jacobi,1,3514.246542,3511.944104,3515.508167,3
1,256,1024,256,block,1,645.637333,645.002770,647.883646,3
1,256,1024,256,qr,1,1092.724500,1090.485500,1099.410584,3
1,256,1024,256,qrblock,1,390.456083,389.963416,390.945062,3
1,256,1024,256,cpu,1,159.340875,158.928334,160.421791,5
1,4096,32,8,jacobi,1,1.564750,1.507083,1.625792,25
1,4096,32,8,qr,1,2.583584,2.533250,2.630042,25
1,4096,32,8,gk,1,1.328834,1.273916,1.363042,25
1,4096,32,8,gk_vals,1,0.590333,0.587792,0.594125,25
1,4096,32,8,cpu_vals,1,1.185000,1.122792,1.751292,25
1,4096,32,8,gk_share,1,1.506250,1.455291,1.533584,25
1,4096,32,8,gk_share_vals,1,0.976958,0.951542,0.990000,25
1,4096,32,8,cpu,1,2.593875,2.132708,2.676791,25
1,16,256,256,jacobi,1,66.099792,66.060833,66.106083,5
1,16,256,256,block,1,24.743709,24.596146,24.808583,7
1,16,256,256,cpu,1,6.176709,6.090989,6.539500,24
1,16,256,256,bidiag,1,137.834541,137.772834,137.927083,5
1,16,256,256,bidiag_vals,1,121.627833,121.538958,121.663167,5
1,16,256,256,cpu_vals,1,4.036209,3.512458,4.348334,25
1,256,64,64,jacobi,1,13.409416,12.740292,14.188021,12
1,256,64,64,block,1,8.997584,8.848041,9.031709,17
1,256,64,64,gk,1,5.098334,5.072250,5.118625,25
1,256,64,64,gk_vals,1,2.378708,2.350792,2.391875,25
1,256,64,64,cpu_vals,1,1.356542,1.301792,1.906792,25
1,256,64,64,gk_share,1,3.426084,3.395500,3.457541,25
1,256,64,64,gk_share_vals,1,2.007833,1.976959,2.051000,25
1,256,64,64,cpu,1,4.134209,3.673792,4.234041,25
1,1,256,16,jacobi,1,0.721250,0.291000,0.831042,25
1,1,256,16,qr,1,0.441750,0.429459,0.450958,25
1,1,256,16,gk,1,0.350792,0.342958,0.353250,25
1,1,256,16,gk_vals,1,0.265542,0.262541,0.269875,25
1,1,256,16,cpu_vals,1,0.018792,0.018708,0.018875,25
1,1,256,16,cpu,1,0.051833,0.051417,0.052166,25
1,4,256,64,jacobi,1,1.469667,1.452041,1.522792,25
1,4,256,64,block,1,3.083000,3.003542,3.122167,25
1,4,256,64,qr,1,1.503166,1.474000,1.553792,25
1,4,256,64,qrblock,1,2.930584,2.884708,3.002000,25
1,4,256,64,gk,1,2.370000,2.330334,2.376917,25
1,4,256,64,gk_vals,1,1.722291,1.701833,1.747958,25
1,4,256,64,cpu_vals,1,0.226375,0.225292,0.228916,25
1,4,256,64,cpu,1,0.458125,0.454583,0.460542,25
1,1,512,16,jacobi,1,0.363917,0.351208,1.037333,25
1,1,512,16,qr,1,0.479708,0.463542,0.486042,25
1,1,512,16,gk,1,0.567208,0.561791,0.584417,25
1,1,512,16,gk_vals,1,0.295666,0.285333,0.299958,25
1,1,512,16,cpu_vals,1,0.034917,0.034708,0.035167,25
1,1,512,16,cpu,1,0.072250,0.071875,0.072500,25
1,1024,128,8,jacobi,1,0.995000,0.909208,1.013542,25
1,1024,128,8,qr,1,1.661333,1.620583,2.173833,25
1,1024,128,8,gk,1,0.951416,0.880250,0.996375,25
1,1024,128,8,gk_vals,1,0.410542,0.408125,0.413292,25
1,1024,128,8,cpu_vals,1,0.650917,0.488583,0.749334,25
1,1024,128,8,gk_share,1,0.892917,0.872042,1.019834,25
1,1024,128,8,gk_share_vals,1,0.598667,0.596250,0.600291,25
1,1024,128,8,cpu,1,1.103917,0.910833,1.459375,25
1,16,64,64,jacobi,1,1.180334,1.142875,1.249333,25
1,16,64,64,block,1,2.981041,2.937792,3.040750,25
1,16,64,64,gk,1,1.787500,1.744083,1.801417,25
1,16,64,64,gk_vals,1,1.309667,1.287083,1.336000,25
1,16,64,64,cpu_vals,1,0.222542,0.219125,0.227667,25
1,16,64,64,cpu,1,0.392083,0.386834,0.400709,25
1,64,256,16,jacobi,1,0.475875,0.469667,0.491334,25
1,64,256,16,qr,1,0.791250,0.767792,0.817250,25
1,64,256,16,gk,1,0.466083,0.459792,0.478625,25
1,64,256,16,gk_vals,1,0.304709,0.297875,0.307250,25
1,64,256,16,cpu_vals,1,0.198250,0.191250,0.208125,25
1,64,256,16,gk_share,1,0.555125,0.549458,0.565833,25
1,64,256,16,gk_share_vals,1,0.399041,0.394125,0.401875,25
1,64,256,16,cpu,1,0.333792,0.325667,0.347833,25
1,4,1024,32,jacobi,1,0.939000,0.935000,0.987500,25
1,4,1024,32,block,1,4.064000,3.980500,4.140708,25
1,4,1024,32,qr,1,0.872042,0.865292,0.886083,25
1,4,1024,32,qrblock,1,2.307334,2.263459,2.334833,25
1,4,1024,32,gk,1,1.330208,1.285875,1.386958,25
1,4,1024,32,gk_vals,1,0.846875,0.836875,0.854292,25
1,4,1024,32,cpu_vals,1,0.211917,0.208000,0.215125,25
1,4,1024,32,cpu,1,0.384917,0.380916,0.391584,25
1,4,24,24,jacobi,1,0.295042,0.283833,0.304958,25
1,4,24,24,gk,1,0.506959,0.486083,0.548833,25
1,4,24,24,gk_vals,1,0.350667,0.336083,0.360291,25
1,4,24,24,cpu_vals,1,0.033333,0.029041,0.034666,25
1,4,24,24,cpu,1,0.059167,0.058583,0.059500,25
1,1024,512,128,jacobi,1,1272.115125,1270.533188,1272.637605,3
1,1024,512,128,block,1,329.011041,327.926104,330.031354,3
1,1024,512,128,qr,1,557.107416,555.929353,557.287958,3
1,1024,512,128,qrblock,1,286.764625,284.792333,293.778500,5
1,1024,512,128,cpu,1,158.471458,156.970416,159.885625,5
1,256,2048,64,jacobi,1,324.632958,323.875270,325.658812,3
1,256,2048,64,block,1,58.813250,58.585875,58.926958,5
1,256,2048,64,qr,1,54.471708,53.088458,54.558458,5
1,256,2048,64,qrblock,1,59.492375,55.371292,60.530958,5
1,256,2048,64,gk,1,53.356625,51.468417,53.983417,5
1,256,2048,64,gk_vals,1,39.298792,37.359709,41.463417,5
1,256,2048,64,cpu_vals,1,16.881458,16.652917,17.029458,9
1,256,2048,64,gk_share,1,46.855834,46.659542,47.290209,5
1,256,2048,64,gk_share_vals,1,30.317000,30.101417,33.426083,5
1,256,2048,64,cpu,1,34.854458,34.811958,35.418583,5
1,64,1024,64,jacobi,1,38.998375,38.822084,39.211333,5
1,64,1024,64,block,1,11.104729,10.891437,11.345709,14
1,64,1024,64,qr,1,9.459917,9.211781,9.585885,16
1,64,1024,64,qrblock,1,10.065084,9.977916,10.303791,15
1,64,1024,64,gk,1,9.219709,8.657375,9.445000,17
1,64,1024,64,gk_vals,1,6.862396,6.741500,7.011667,22
1,64,1024,64,cpu_vals,1,2.847292,2.722375,2.989458,25
1,64,1024,64,gk_share,1,9.093541,8.878625,9.237875,17
1,64,1024,64,gk_share_vals,1,6.076334,5.974583,6.207333,25
1,64,1024,64,cpu,1,5.593584,5.338792,5.878084,25
1,16,4,4,jacobi,1,0.282208,0.245083,0.759333,25
1,16,4,4,gk,1,0.322208,0.295917,0.344500,25
1,16,4,4,gk_vals,1,0.188209,0.180083,0.242917,25
1,16,4,4,cpu_vals,1,0.030084,0.029833,0.033667,25
1,16,4,4,cpu,1,0.042000,0.040750,0.042458,25
1,16,1024,1024,jacobi,1,9165.955417,9153.776417,9167.500542,3
1,16,1024,1024,block,1,1221.276000,1220.111271,1222.707750,3
1,16,1024,1024,cpu,1,311.281875,310.308938,313.131708,3
1,16,1024,1024,bidiag,1,791.157375,791.067896,791.959146,3
1,16,1024,1024,bidiag_vals,1,657.405541,656.867354,657.666291,3
1,16,1024,1024,cpu_vals,1,221.122708,219.231250,221.890750,5
1,4,4,4,jacobi,1,0.297458,0.247750,0.783166,25
1,4,4,4,gk,1,0.192417,0.188000,0.216209,25
1,4,4,4,gk_vals,1,0.175917,0.172750,0.178667,25
1,4,4,4,cpu_vals,1,0.017834,0.016791,0.019667,25
1,4,4,4,cpu,1,0.023375,0.020708,0.025459,25
1,64,512,256,jacobi,1,455.179667,455.036958,457.703021,3
1,64,512,256,block,1,101.767459,101.708375,101.933292,5
1,64,512,256,qr,1,278.124250,277.624792,279.515500,5
1,64,512,256,qrblock,1,84.202083,84.066625,84.245625,5
1,64,512,256,cpu,1,30.633166,30.379667,30.789917,5
1,64,512,256,bidiag,1,662.166792,661.446521,664.981854,3
1,64,512,256,bidiag_vals,1,588.682708,587.519854,593.131167,3
1,64,512,256,cpu_vals,1,14.765291,14.595604,14.947688,11
1,4096,128,32,jacobi,1,35.869916,35.722541,36.018917,5
1,4096,128,32,block,1,33.592083,33.444250,33.631458,5
1,4096,128,32,qr,1,36.560333,36.474166,36.659667,5
1,4096,128,32,qrblock,1,31.741958,31.701291,31.792708,5
1,4096,128,32,gk,1,26.250584,26.186521,26.416083,6
1,4096,128,32,gk_vals,1,13.432833,13.398303,13.450063,12
1,4096,128,32,cpu_vals,1,9.119583,9.014000,9.247125,17
1,4096,128,32,gk_share,1,16.032750,15.827167,16.715271,10
1,4096,128,32,gk_share_vals,1,6.248188,6.072948,6.374114,24
1,4096,128,32,cpu,1,25.927042,25.605177,26.313531,6
1,1,80,80,jacobi,1,1.684292,1.638833,1.697292,25
1,1,80,80,block,1,3.907375,3.818917,4.010375,25
1,1,80,80,gk,1,2.452709,2.409958,2.468666,25
1,1,80,80,gk_vals,1,1.813750,1.801750,1.836125,25
1,1,80,80,cpu_vals,1,0.193541,0.192291,0.194375,25
1,1,80,80,cpu,1,0.362083,0.357541,0.367958,25
1,4,2048,64,jacobi,1,8.650167,8.638729,8.676697,18
1,4,2048,64,block,1,8.266791,8.135542,8.328104,19
1,4,2048,64,qr,1,3.548250,3.415833,3.579041,25
1,4,2048,64,qrblock,1,5.107917,4.952083,5.202250,25
1,4,2048,64,gk,1,4.409041,4.384750,4.541000,25
1,4,2048,64,gk_vals,1,3.635583,3.570583,3.681750,25
1,4,2048,64,cpu_vals,1,1.000125,0.973750,1.017083,25
1,4,2048,64,cpu,1,1.992875,1.970541,2.006875,25
1,64,2048,256,jacobi,1,2393.934833,2392.042041,2394.426667,3
1,64,2048,256,block,1,280.896459,279.842416,281.157250,5
1,64,2048,256,qr,1,307.562166,306.713062,307.988938,3
1,64,2048,256,qrblock,1,129.279208,128.929750,129.416792,5
1,64,2048,256,cpu,1,70.661542,70.532334,70.669459,5
1,64,2048,256,bidiag,1,898.298625,898.293688,902.234938,3
1,64,2048,256,bidiag_vals,1,811.836083,811.535521,819.199167,3
1,64,2048,256,cpu_vals,1,30.474500,30.301916,30.526167,5
1,256,192,192,jacobi,1,422.211834,415.935292,427.104583,3
1,256,192,192,block,1,148.463584,148.391209,148.506750,5
1,256,192,192,cpu,1,37.792959,37.728875,37.966625,5
1,256,192,192,bidiag,1,1607.218875,1606.004625,1610.134375,3
1,256,192,192,bidiag_vals,1,1393.421125,1392.816750,1393.501020,3
1,256,192,192,cpu_vals,1,18.389333,18.227375,18.869125,9
1,16,128,8,jacobi,1,0.689041,0.418334,0.831584,25
1,16,128,8,qr,1,0.453875,0.445584,0.461167,25
1,16,128,8,gk,1,0.239875,0.237417,0.242959,25
1,16,128,8,gk_vals,1,0.203542,0.191917,0.208541,25
1,16,128,8,cpu_vals,1,0.089042,0.083291,0.094417,25
1,16,128,8,cpu,1,0.088167,0.083292,0.100875,25
1,1,512,128,jacobi,1,10.244500,10.223667,10.250625,15
1,1,512,128,block,1,6.565792,6.502813,6.628646,23
1,1,512,128,qr,1,5.015083,4.997292,5.046500,25
1,1,512,128,qrblock,1,5.832625,5.778000,5.919125,25
1,1,512,128,cpu,1,1.679292,1.668750,1.692791,25
1,1,512,128,bidiag,1,5.027125,5.001959,5.078958,25
1,1,512,128,bidiag_vals,1,4.161375,4.125500,4.204625,25
1,1,512,128,cpu_vals,1,0.923792,0.920375,0.927167,25
1,64,512,128,jacobi,1,83.145500,82.852708,83.180333,5
1,64,512,128,block,1,20.750875,20.632812,20.908198,8
1,64,512,128,qr,1,38.468250,37.902458,38.569125,5
1,64,512,128,qrblock,1,19.761416,19.683812,19.908292,8
1,64,512,128,cpu,1,11.374063,11.175094,11.543302,14
1,64,512,128,bidiag,1,294.234833,294.179583,294.818541,5
1,64,512,128,bidiag_vals,1,253.816250,253.450167,254.160042,5
1,64,512,128,cpu_vals,1,6.179021,5.827823,6.339417,24
1,64,64,32,jacobi,1,0.918167,0.815375,0.931500,25
1,64,64,32,block,1,2.261250,2.217417,2.310458,25
1,64,64,32,qr,1,1.174417,1.151167,1.259541,25
1,64,64,32,qrblock,1,2.494167,2.466792,2.530334,25
1,64,64,32,gk,1,0.857000,0.791333,0.902458,25
1,64,64,32,gk_vals,1,0.546500,0.541167,0.553250,25
1,64,64,32,cpu_vals,1,0.236667,0.227875,0.650791,25
1,64,64,32,gk_share,1,1.006792,0.957334,1.018625,25
1,64,64,32,gk_share_vals,1,0.637500,0.634084,0.641584,25
1,64,64,32,cpu,1,0.474709,0.466500,0.494917,25
1,64,2048,128,jacobi,1,423.690875,423.618416,425.142708,3
1,64,2048,128,block,1,66.437083,66.258084,66.548583,5
1,64,2048,128,qr,1,58.358000,58.067333,58.646625,5
1,64,2048,128,qrblock,1,42.003875,41.659334,42.372125,5
1,64,2048,128,cpu,1,29.401000,29.236531,29.652344,6
1,64,2048,128,bidiag,1,418.002167,417.554750,418.854583,3
1,64,2048,128,bidiag_vals,1,370.822042,370.306542,370.865459,3
1,64,2048,128,cpu_vals,1,12.338583,12.161563,12.708801,12
1,4096,128,128,jacobi,1,1866.805625,1863.895625,1869.498250,3
1,4096,128,128,block,1,751.160459,750.688188,751.797792,3
1,4096,128,128,cpu,1,301.558584,301.000730,303.495584,3
1,4,1536,1536,cpu,1,229.412000,228.854792,230.326583,5
1,4,1536,1536,bidiag,1,434.755125,434.558667,435.946563,3
1,4,1536,1536,bidiag_vals,1,342.112750,342.054104,342.907958,3
1,4,1536,1536,cpu_vals,1,123.347208,122.257000,124.259292,5
1,16,32,16,jacobi,1,0.545000,0.487167,0.953791,25
1,16,32,16,qr,1,0.486042,0.478125,0.496209,25
1,16,32,16,gk,1,0.342125,0.336583,0.347250,25
1,16,32,16,gk_vals,1,0.269458,0.249375,0.272167,25
1,16,32,16,cpu_vals,1,0.112625,0.088708,0.139625,25
1,16,32,16,cpu,1,0.125792,0.116583,0.130375,25
1,4,80,80,jacobi,1,1.856584,1.798625,1.862084,25
1,4,80,80,block,1,4.003166,3.934166,4.060958,25
1,4,80,80,gk,1,2.488375,2.442292,2.497792,25
1,4,80,80,gk_vals,1,1.833500,1.807709,1.854375,25
1,4,80,80,cpu_vals,1,0.242584,0.238542,0.244375,25
1,4,80,80,cpu,1,0.434625,0.429708,0.441542,25
1,4096,1024,64,jacobi,0,0,0,0,0
1,4096,1024,64,block,0,0,0,0,0
1,4096,1024,64,qr,0,0,0,0,0
1,4096,1024,64,qrblock,0,0,0,0,0
1,4096,1024,64,gk,0,0,0,0,0
1,4096,1024,64,gk_vals,0,0,0,0,0
1,4096,1024,64,cpu_vals,0,0,0,0,0
1,4096,1024,64,gk_share,0,0,0,0,0
1,4096,1024,64,gk_share_vals,0,0,0,0,0
1,4096,1024,64,cpu,0,0,0,0,0
1,1,32,8,jacobi,1,0.262708,0.255917,0.315458,25
1,1,32,8,qr,1,0.373792,0.356875,0.409250,25
1,1,32,8,gk,1,0.222042,0.183500,0.258917,25
1,1,32,8,gk_vals,1,0.242250,0.190375,0.256000,25
1,1,32,8,cpu_vals,1,0.006541,0.006500,0.006584,25
1,1,32,8,cpu,1,0.011458,0.011333,0.011583,25
1,1,2048,2048,cpu,1,440.969041,440.618021,441.171041,3
1,1,2048,2048,bidiag,1,308.926583,307.533708,310.302771,3
1,1,2048,2048,bidiag_vals,1,171.114292,170.938792,171.450333,5
1,1,2048,2048,cpu_vals,1,193.398583,192.852083,194.690833,5
1,256,128,32,jacobi,1,2.753958,2.721958,2.768125,25
1,256,128,32,block,1,3.659583,3.615167,3.710208,25
1,256,128,32,qr,1,3.161292,3.088167,3.173083,25
1,256,128,32,qrblock,1,3.910875,3.850875,4.017500,25
1,256,128,32,gk,1,2.241583,2.200958,2.266666,25
1,256,128,32,gk_vals,1,1.307750,1.294000,1.348833,25
1,256,128,32,cpu_vals,1,0.778459,0.695458,1.315834,25
1,256,128,32,gk_share,1,1.773750,1.724834,1.800000,25
1,256,128,32,gk_share_vals,1,1.104542,1.077542,1.160875,25
1,256,128,32,cpu,1,1.746750,1.712833,2.275458,25
1,16,256,64,jacobi,1,1.631292,1.588791,1.916667,25
1,16,256,64,block,1,3.347458,3.289417,3.374917,25
1,16,256,64,qr,1,1.874416,1.806333,1.929167,25
1,16,256,64,qrblock,1,3.415875,3.393834,3.471500,25
1,16,256,64,gk,1,2.778000,2.740750,2.798125,25
1,16,256,64,gk_vals,1,1.945792,1.905750,1.986708,25
1,16,256,64,cpu_vals,1,0.405917,0.350167,0.582958,25
1,16,256,64,cpu,1,0.808917,0.657625,0.866250,25
1,2,1536,1536,cpu,1,200.755958,200.678958,200.894042,5
1,2,1536,1536,bidiag,1,240.507167,239.968208,240.812292,5
1,2,1536,1536,bidiag_vals,1,179.841666,179.813333,180.246041,5
1,2,1536,1536,cpu_vals,1,101.762333,101.519500,102.544792,5
1,64,128,64,jacobi,1,3.521833,3.505667,3.541000,25
1,64,128,64,block,1,3.886500,3.798292,3.925166,25
1,64,128,64,qr,1,4.114000,4.059667,4.273500,25
1,64,128,64,qrblock,1,4.762625,4.633917,4.850541,25
1,64,128,64,gk,1,3.319417,3.266958,3.490917,25
1,64,128,64,gk_vals,1,2.321625,2.277959,2.394208,25
1,64,128,64,cpu_vals,1,0.719583,0.704583,0.730083,25
1,64,128,64,gk_share,1,3.325458,3.305958,3.353708,25
1,64,128,64,gk_share_vals,1,2.330167,2.291583,2.515666,25
1,64,128,64,cpu,1,1.616208,1.595125,1.630083,25
1,64,1024,128,jacobi,1,186.195500,185.457416,186.589042,5
1,64,1024,128,block,1,37.272875,37.268917,37.319792,5
1,64,1024,128,qr,1,44.124417,44.008375,44.137250,5
1,64,1024,128,qrblock,1,26.858083,26.815125,27.054635,6
1,64,1024,128,cpu,1,16.842542,16.793709,17.014208,9
1,64,1024,128,bidiag,1,327.095959,326.770833,327.580854,3
1,64,1024,128,bidiag_vals,1,287.685834,286.979084,287.726041,5
1,64,1024,128,cpu_vals,1,7.816833,7.599823,7.915917,20
1,64,40,40,jacobi,1,1.358208,1.317458,1.418834,25
1,64,40,40,block,1,3.540208,3.478417,3.627167,25
1,64,40,40,gk,1,0.931625,0.881875,0.979292,25
1,64,40,40,gk_vals,1,0.657583,0.643250,0.732709,25
1,64,40,40,cpu_vals,1,0.233875,0.219209,0.556792,25
1,64,40,40,gk_share,1,1.041542,0.983084,1.086250,25
1,64,40,40,gk_share_vals,1,0.740750,0.730000,0.830417,25
1,64,40,40,cpu,1,0.553750,0.534042,0.571583,25
1,256,256,128,jacobi,1,126.412667,125.975791,127.055583,5
1,256,256,128,block,1,55.886541,55.844041,55.898583,5
1,256,256,128,qr,1,121.332167,120.229250,121.930458,5
1,256,256,128,qrblock,1,55.856125,55.827125,56.056375,5
1,256,256,128,cpu,1,32.188500,32.069375,32.513750,5
1,256,256,128,bidiag,1,1093.325792,1092.719583,1094.655188,3
1,256,256,128,bidiag_vals,1,933.226833,933.083854,936.303917,3
1,256,256,128,cpu_vals,1,17.510208,17.276084,17.633417,9
1,16,256,8,jacobi,1,0.729417,0.462625,0.825125,25
1,16,256,8,qr,1,0.481208,0.461250,0.496209,25
1,16,256,8,gk,1,0.242375,0.239167,0.246625,25
1,16,256,8,gk_vals,1,0.188583,0.185791,0.206125,25
1,16,256,8,cpu_vals,1,0.095708,0.077292,0.114375,25
1,16,256,8,cpu,1,0.121917,0.104417,0.198459,25
1,4096,256,16,jacobi,1,15.177208,15.075708,15.257906,10
1,4096,256,16,qr,1,16.482750,16.446708,16.548146,10
1,4096,256,16,gk,1,12.814583,12.794729,12.905458,12
1,4096,256,16,gk_vals,1,5.055041,5.030500,5.080834,25
1,4096,256,16,cpu_vals,1,4.858500,4.789250,4.965958,25
1,4096,256,16,gk_share,1,9.798854,9.688083,10.244478,16
1,4096,256,16,gk_share_vals,1,3.543000,3.380958,3.701500,25
1,4096,256,16,cpu,1,12.104833,12.037000,12.189958,13
1,16,1024,128,jacobi,1,37.885375,37.785375,37.931292,5
1,16,1024,128,block,1,13.155250,13.065542,13.277250,12
1,16,1024,128,qr,1,9.170000,8.740583,9.427916,17
1,16,1024,128,qrblock,1,10.547583,10.325354,10.729458,15
1,16,1024,128,cpu,1,5.030500,4.995500,5.084333,25
1,16,1024,128,bidiag,1,83.021292,82.818000,83.139000,5
1,16,1024,128,bidiag_vals,1,73.334500,73.313958,73.636708,5
1,16,1024,128,cpu_vals,1,2.691333,2.614458,2.946375,25
1,256,64,8,jacobi,1,0.866666,0.787750,0.873125,25
1,256,64,8,qr,1,0.699042,0.686041,0.710417,25
1,256,64,8,gk,1,0.299375,0.296750,0.303583,25
1,256,64,8,gk_vals,1,0.214791,0.208125,0.216208,25
1,256,64,8,cpu_vals,1,0.193209,0.190375,0.199084,25
1,256,64,8,gk_share,1,0.403834,0.398000,0.409375,25
1,256,64,8,gk_share_vals,1,0.347042,0.341208,0.351542,25
1,256,64,8,cpu,1,0.285250,0.278792,0.288292,25
1,4096,24,24,jacobi,1,14.148208,14.134583,14.221312,11
1,4096,24,24,gk,1,5.755833,5.738459,5.789583,25
1,4096,24,24,gk_vals,1,2.381167,2.340709,2.388917,25
1,4096,24,24,cpu_vals,1,3.621041,3.260209,3.719334,25
1,4096,24,24,gk_share,1,5.922042,4.615667,6.075500,25
1,4096,24,24,gk_share_vals,1,1.852125,1.845875,1.886167,25
1,4096,24,24,cpu,1,9.522917,9.475406,9.614126,16
1,64,256,128,jacobi,1,33.821458,31.792708,34.114834,5
1,64,256,128,block,1,14.845792,14.699083,14.946542,11
1,64,256,128,qr,1,34.696083,34.217792,35.250292,5
1,64,256,128,qrblock,1,16.989000,16.925750,17.159625,9
1,64,256,128,cpu,1,8.812813,8.656468,8.916573,18
1,64,256,128,bidiag,1,277.016625,276.760542,277.108916,5
1,64,256,128,bidiag_vals,1,236.263875,235.819625,236.750458,5
1,64,256,128,cpu_vals,1,5.028291,4.846500,5.598792,25
1,1024,512,256,qrblock,1,1394.055208,1382.681083,1396.359312,3
1,1024,512,256,cpu,1,438.753417,437.183229,443.624688,3
1,16,32,8,jacobi,1,0.361542,0.334208,0.732292,25
1,16,32,8,qr,1,0.427708,0.417209,0.442708,25
1,16,32,8,gk,1,0.229500,0.227250,0.233083,25
1,16,32,8,gk_vals,1,0.201333,0.193708,0.212334,25
1,16,32,8,cpu_vals,1,0.070042,0.068167,0.072459,25
1,16,32,8,cpu,1,0.120541,0.080375,0.123500,25
1,16,512,256,jacobi,1,93.904667,93.880375,93.930583,5
1,16,512,256,block,1,26.738187,26.642114,27.036104,6
1,16,512,256,qr,1,64.147833,63.743958,64.159583,5
1,16,512,256,qrblock,1,24.701209,24.607208,24.793000,7
1,16,512,256,cpu,1,8.845334,8.718875,9.200917,17
1,16,512,256,bidiag,1,165.827291,165.270625,165.981500,5
1,16,512,256,bidiag_vals,1,147.665625,146.595959,148.462750,5
1,16,512,256,cpu_vals,1,4.875584,4.559625,4.957042,25
1,4096,32,32,jacobi,1,27.054604,26.896302,27.199594,6
1,4096,32,32,block,1,22.622042,22.483854,22.706542,7
1,4096,32,32,gk,1,9.329834,9.274458,9.356958,17
1,4096,32,32,gk_vals,1,4.177208,4.166000,4.193500,25
1,4096,32,32,cpu_vals,1,5.337208,5.211333,5.469583,25
1,4096,32,32,gk_share,1,8.783459,8.377312,9.218594,18
1,4096,32,32,gk_share_vals,1,3.410584,3.337833,3.612459,25
1,4096,32,32,cpu,1,15.627687,15.276281,15.968302,10
1,64,32,8,jacobi,1,0.403625,0.365541,0.883583,25
1,64,32,8,qr,1,0.486791,0.455416,0.513750,25
1,64,32,8,gk,1,0.236375,0.235375,0.238583,25
1,64,32,8,gk_vals,1,0.187250,0.181375,0.192708,25
1,64,32,8,cpu_vals,1,0.141791,0.107166,0.253958,25
1,64,32,8,gk_share,1,0.341417,0.337083,0.348666,25
1,64,32,8,gk_share_vals,1,0.304833,0.299291,0.313750,25
1,64,32,8,cpu,1,0.148916,0.143708,0.226833,25
1,1,32,16,jacobi,1,0.459541,0.442667,0.498375,25
1,1,32,16,qr,1,0.423625,0.403167,0.472833,25
1,1,32,16,gk,1,0.312458,0.299792,0.319750,25
1,1,32,16,gk_vals,1,0.256875,0.253625,0.264792,25
1,1,32,16,cpu_vals,1,0.011333,0.011250,0.011458,25
1,1,32,16,cpu,1,0.030583,0.030416,0.031000,25
1,256,16,16,jacobi,1,0.801042,0.738667,0.850625,25
1,256,16,16,gk,1,0.386542,0.384917,0.389542,25
1,256,16,16,gk_vals,1,0.275000,0.270708,0.279291,25
1,256,16,16,cpu_vals,1,0.251042,0.210541,0.648083,25
1,256,16,16,gk_share,1,0.526708,0.519500,0.542958,25
1,256,16,16,gk_share_vals,1,0.411333,0.388625,0.419042,25
1,256,16,16,cpu,1,0.471625,0.391084,0.641208,25
