pass,batch,N,backend,ok,ms,p25,p75,reps
0,4096,4,simd,1,0.294042,0.289792,0.334000,25
0,4096,4,tg,1,0.297958,0.292333,0.305125,25
0,4096,4,cpu,1,3.359958,3.308209,3.385916,25
0,4096,4,simd_vals,1,0.264916,0.255709,0.271792,25
0,4096,4,tg_vals,1,0.262875,0.253459,0.274792,25
0,4096,4,cpu_vals,1,1.731000,1.699959,1.751625,25
0,8,24,simd,1,0.824875,0.747584,0.844916,25
0,8,24,tg,1,0.289833,0.287625,0.296250,25
0,8,24,cpu,1,0.162041,0.160708,0.165708,25
0,8,24,simd_vals,1,0.760041,0.725042,0.777167,25
0,8,24,tg_vals,1,0.277125,0.272375,0.281250,25
0,8,24,cpu_vals,1,0.057042,0.056875,0.058250,25
0,2,2,simd,1,0.161958,0.153833,0.202708,25
0,2,2,tg,1,0.150208,0.146333,0.165500,25
0,2,2,cpu,1,0.001542,0.001500,0.001584,25
0,2,2,simd_vals,1,0.154000,0.150291,0.171042,25
0,2,2,tg_vals,1,0.147542,0.140166,0.193042,25
0,2,2,cpu_vals,1,0.001584,0.001500,0.001709,25
0,1024,2,simd,1,0.214792,0.203375,0.224208,25
0,1024,2,tg,1,0.207208,0.198292,0.218292,25
0,1024,2,cpu,1,0.362542,0.351458,0.365209,25
0,1024,2,simd_vals,1,0.154250,0.143750,0.170375,25
0,1024,2,tg_vals,1,0.160417,0.149250,0.167000,25
0,1024,2,cpu_vals,1,0.144792,0.139833,0.147000,25
0,4096,96,block,1,309.147708,308.544000,309.652688,3
0,4096,96,cpu,1,1141.705500,1139.924500,1144.275083,3
0,4096,96,block_vals,1,261.159458,260.843334,262.368834,5
0,4096,96,cpu_vals,1,573.869291,572.783291,575.038479,3
0,8,96,tg,1,3.685334,3.679042,3.695542,25
0,8,96,block,1,4.924083,4.824041,5.011333,25
0,8,96,cpu,1,2.302750,2.293416,2.329000,25
0,8,96,tg_vals,1,3.316333,3.307417,3.342209,25
0,8,96,block_vals,1,4.804583,4.664000,4.945500,25
0,8,96,cpu_vals,1,1.112458,1.109666,1.127167,25
0,4,8,simd,1,0.189958,0.181584,0.211792,25
0,4,8,tg,1,0.188708,0.178959,0.196375,25
0,4,8,cpu,1,0.010541,0.010500,0.010625,25
0,4,8,simd_vals,1,0.177417,0.164584,0.186250,25
0,4,8,tg_vals,1,0.167791,0.161958,0.178291,25
0,4,8,cpu_vals,1,0.006125,0.005708,0.006208,25
0,2048,32,simd,1,11.649167,11.458709,11.858250,13
0,2048,32,tg,1,8.914166,8.777667,9.004792,17
0,2048,32,block,1,10.392750,10.367583,10.434187,15
0,2048,32,cpu,1,67.111750,66.973958,67.282834,5
0,2048,32,simd_vals,1,7.683041,7.618052,7.746813,20
0,2048,32,tg_vals,1,7.331250,7.284208,7.371167,21
0,2048,32,block_vals,1,9.307833,9.155375,9.369000,17
0,2048,32,cpu_vals,1,23.053916,22.977730,23.078874,7
0,1,8,simd,1,0.277084,0.271500,0.298291,25
0,1,8,tg,1,0.290208,0.281917,0.301042,25
0,1,8,cpu,1,0.003917,0.003833,0.004084,25
0,1,8,simd_vals,1,0.183166,0.177125,0.210417,25
0,1,8,tg_vals,1,0.182500,0.170084,0.220792,25
0,1,8,cpu_vals,1,0.002458,0.002292,0.002583,25
0,512,96,tg,1,73.980416,73.948708,75.234125,5
0,512,96,block,1,39.489125,39.398000,39.629916,5
0,512,96,cpu,1,144.410541,144.351791,144.423333,5
0,512,96,tg_vals,1,58.395250,58.212791,58.616125,5
0,512,96,block_vals,1,32.028459,31.946167,32.075166,5
0,512,96,cpu_vals,1,70.384375,70.383917,70.470500,5
0,64,16,simd,1,0.726708,0.648000,0.832208,25
0,64,16,tg,1,0.246500,0.243083,0.253417,25
0,64,16,cpu,1,0.556666,0.544208,0.559500,25
0,64,16,simd_vals,1,0.324208,0.306916,0.331375,25
0,64,16,tg_vals,1,0.239750,0.230208,0.243709,25
0,64,16,cpu_vals,1,0.224417,0.219916,0.228041,25
0,128,512,block,1,1262.988750,1258.101813,1268.641021,3
0,128,512,block_vals,1,897.707583,892.154812,897.950812,3
0,4096,48,tg,1,61.522167,61.193458,62.047250,5
0,4096,48,block,1,88.299584,87.914709,88.319125,5
0,4096,48,cpu,1,324.482708,324.402583,324.735792,3
0,4096,48,tg_vals,1,52.666958,52.533208,52.702709,5
0,4096,48,block_vals,1,77.704792,77.509208,77.837041,5
0,4096,48,cpu_vals,1,143.009041,142.920041,143.092291,5
0,4096,192,block,1,2173.483084,2172.363959,2184.337771,3
0,4096,192,block_vals,1,1730.846667,1721.431396,1731.578062,3
0,4,256,tg,1,55.123042,55.120750,55.127083,5
0,4,256,block,1,12.838166,12.735584,12.895749,12
0,4,256,cpu,1,8.918375,8.840166,9.024708,17
0,4,256,tg_vals,1,54.082417,54.080000,54.100709,5
0,4,256,block_vals,1,12.290334,12.224000,12.365750,13
0,4,256,cpu_vals,1,4.198167,4.179917,4.202292,25
0,8,192,tg,1,27.856354,27.842042,27.874229,6
0,8,192,block,1,10.093125,10.000063,10.177896,15
0,8,192,cpu,1,9.319166,9.250167,9.376834,17
0,8,192,tg_vals,1,25.904376,25.875083,25.921448,6
0,8,192,block_vals,1,9.512396,9.411500,9.608677,16
0,8,192,cpu_vals,1,4.665208,4.654583,4.700417,25
0,128,2,simd,1,0.159250,0.143334,0.177917,25
0,128,2,tg,1,0.163542,0.159333,0.169458,25
0,128,2,cpu,1,0.046583,0.046334,0.046833,25
0,128,2,simd_vals,1,0.157250,0.145875,0.164833,25
0,128,2,tg_vals,1,0.147666,0.139125,0.159875,25
0,128,2,cpu_vals,1,0.020750,0.020625,0.020917,25
0,4,12,simd,1,0.253541,0.243708,0.259834,25
0,4,12,tg,1,0.193917,0.189459,0.200917,25
0,4,12,cpu,1,0.021375,0.021250,0.021625,25
0,4,12,simd_vals,1,0.261375,0.253500,0.266875,25
0,4,12,tg_vals,1,0.210875,0.205792,0.213833,25
0,4,12,cpu_vals,1,0.009750,0.009750,0.009833,25
0,256,16,simd,1,0.410000,0.405833,0.437417,25
0,256,16,tg,1,0.372750,0.366208,0.393959,25
0,256,16,cpu,1,2.217000,2.194625,2.230792,25
0,256,16,simd_vals,1,0.426000,0.369500,0.507334,25
0,256,16,tg_vals,1,0.349875,0.342541,0.359291,25
0,256,16,cpu_vals,1,0.890958,0.884125,0.897125,25
0,512,2,simd,1,0.212959,0.195625,0.248000,25
0,512,2,tg,1,0.225834,0.214709,0.230208,25
0,512,2,cpu,1,0.166625,0.165666,0.169500,25
0,512,2,simd_vals,1,0.155333,0.145666,0.159417,25
0,512,2,tg_vals,1,0.158916,0.144250,0.165875,25
0,512,2,cpu_vals,1,0.073000,0.072583,0.073708,25
0,64,96,tg,1,11.585500,11.450166,11.639458,13
0,64,96,block,1,7.605021,7.540823,7.712250,20
0,64,96,cpu,1,17.964042,17.926834,18.034500,9
0,64,96,tg_vals,1,9.291292,9.267333,9.519500,17
0,64,96,block_vals,1,7.239000,7.178666,7.344167,21
0,64,96,cpu_vals,1,8.884542,8.872000,8.910000,17
0,1024,64,tg,1,40.138333,39.970208,40.513041,5
0,1024,64,block,1,25.972666,25.869855,26.025104,6
0,1024,64,cpu,1,138.731500,138.554292,138.773084,5
0,1024,64,tg_vals,1,32.714875,32.627542,32.776250,5
0,1024,64,block_vals,1,21.564667,21.503063,21.659626,7
0,1024,64,cpu_vals,1,56.264250,56.253959,56.292084,5
0,16,768,block,1,493.896833,491.932813,497.418750,3
0,16,768,cpu,1,291.876042,291.827084,293.665416,5
0,16,768,block_vals,1,324.488083,324.381104,324.697479,3
0,16,768,cpu_vals,1,156.870375,156.291542,157.020292,5
0,4,16,simd,1,0.521042,0.358375,1.061042,25
0,4,16,tg,1,0.214375,0.208167,0.231292,25
0,4,16,cpu,1,0.036833,0.036750,0.037083,25
0,4,16,simd_vals,1,0.293000,0.287542,0.301833,25
0,4,16,tg_vals,1,0.217500,0.200875,0.226958,25
0,4,16,cpu_vals,1,0.016000,0.015666,0.016375,25
0,512,12,simd,1,0.600458,0.587292,0.621375,25
0,512,12,tg,1,0.373583,0.369125,0.376291,25
0,512,12,cpu,1,2.557958,2.540541,2.581042,25
0,512,12,simd_vals,1,0.859500,0.780333,1.044333,25
0,512,12,tg_vals,1,0.340375,0.335334,0.344667,25
0,512,12,cpu_vals,1,1.139959,1.130333,1.151500,25
0,128,384,block,1,545.049541,541.196103,545.444020,3
0,128,384,cpu,1,573.583750,571.047271,576.891458,3
0,128,384,block_vals,1,387.948666,387.553625,388.094000,3
0,128,384,cpu_vals,1,300.666583,300.347708,300.980416,3
0,1,768,block,1,61.450833,61.125416,61.575166,5
0,1,768,cpu,1,18.428833,17.882708,19.293958,9
0,1,768,block_vals,1,56.687166,56.557708,56.794167,5
0,1,768,cpu_vals,1,9.820104,9.802448,9.862011,16
0,16,12,simd,1,0.272834,0.253000,0.288792,25
0,16,12,tg,1,0.225084,0.221167,0.240833,25
0,16,12,cpu,1,0.080709,0.080583,0.081292,25
0,16,12,simd_vals,1,0.253708,0.246709,0.259250,25
0,16,12,tg_vals,1,0.210083,0.193250,0.215375,25
0,16,12,cpu_vals,1,0.037083,0.037000,0.037208,25
0,1,12,simd,1,0.262417,0.254083,0.269166,25
0,1,12,tg,1,0.223375,0.211125,0.236708,25
0,1,12,cpu,1,0.006583,0.006500,0.007167,25
0,1,12,simd_vals,1,0.234833,0.225167,0.240208,25
0,1,12,tg_vals,1,0.198334,0.184500,0.202041,25
0,1,12,cpu_vals,1,0.003375,0.003375,0.003417,25
0,1,128,tg,1,7.964541,7.944271,7.980896,19
0,1,128,block,1,5.526417,5.485709,5.662667,25
0,1,128,cpu,1,0.497333,0.495375,0.503625,25
0,1,128,tg_vals,1,7.213208,7.197666,7.226292,21
0,1,128,block_vals,1,5.647000,5.435583,5.769125,25
0,1,128,cpu_vals,1,0.263625,0.263042,0.266292,25
0,64,8,simd,1,0.189500,0.182750,0.228584,25
0,64,8,tg,1,0.196000,0.192542,0.198750,25
0,64,8,cpu,1,0.160375,0.159959,0.160833,25
0,64,8,simd_vals,1,0.168542,0.163750,0.179625,25
0,64,8,tg_vals,1,0.185500,0.178875,0.193292,25
0,64,8,cpu_vals,1,0.082375,0.082125,0.083209,25
0,16,24,simd,1,0.770541,0.744167,0.828875,25
0,16,24,tg,1,0.290708,0.285334,0.295166,25
0,16,24,cpu,1,0.328125,0.325792,0.330042,25
0,16,24,simd_vals,1,0.692500,0.685333,0.741667,25
0,16,24,tg_vals,1,0.281708,0.267333,0.287083,25
0,16,24,cpu_vals,1,0.114542,0.114084,0.115792,25
0,64,512,block,1,624.677042,623.209626,628.100479,3
0,64,512,cpu,1,564.290667,563.709542,564.692125,3
0,64,512,block_vals,1,435.684333,435.540562,435.764562,3
0,64,512,cpu_vals,1,272.809750,272.207625,272.816834,5
0,2048,2,simd,1,0.290000,0.250500,0.684167,25
0,2048,2,tg,1,0.192042,0.187041,0.206708,25
0,2048,2,cpu,1,0.685667,0.679250,0.693667,25
0,2048,2,simd_vals,1,0.174459,0.162375,0.176875,25
0,2048,2,tg_vals,1,0.187500,0.178708,0.198917,25
0,2048,2,cpu_vals,1,0.287541,0.285458,0.291208,25
0,512,256,block,1,653.908584,652.456646,654.073834,3
0,512,256,cpu,1,1112.847583,1111.794291,1113.897687,3
0,512,256,block_vals,1,490.107500,486.915855,492.073291,3
0,512,256,cpu_vals,1,535.586750,535.563750,535.610750,3
0,64,48,tg,1,1.617333,1.576542,1.636250,25
0,64,48,block,1,3.868042,3.834833,3.920791,25
0,64,48,cpu,1,5.118667,5.099292,5.138167,25
0,64,48,tg_vals,1,1.463917,1.440875,1.577750,25
0,64,48,block_vals,1,3.665666,3.572500,3.744459,25
0,64,48,cpu_vals,1,2.267250,2.243084,2.281583,25
0,16,64,tg,1,1.282000,1.243875,1.290042,25
0,16,64,block,1,3.300542,3.250958,3.377750,25
0,16,64,cpu,1,2.200500,2.187875,2.221500,25
0,16,64,tg_vals,1,1.175042,1.146792,1.602125,25
0,16,64,block_vals,1,3.204125,3.155584,3.228917,25
0,16,64,cpu_vals,1,0.891500,0.886333,0.900125,25
0,4096,8,simd,1,0.616583,0.601500,0.797125,25
0,4096,8,tg,1,0.568709,0.566042,0.575084,25
0,4096,8,cpu,1,9.701854,9.666708,9.713364,16
0,4096,8,simd_vals,1,0.489292,0.474875,1.580666,25
0,4096,8,tg_vals,1,0.481500,0.470292,0.491167,25
0,4096,8,cpu_vals,1,4.877917,4.849208,4.895500,25
0,4,768,block,1,107.523708,106.367416,107.585417,5
0,4,768,cpu,1,73.985500,73.647875,73.989166,5
0,4,768,block_vals,1,86.400584,85.904250,86.443042,5
0,4,768,cpu_vals,1,39.278417,39.269833,39.297750,5
0,1024,256,block,1,1302.156833,1296.392771,1302.569208,3
0,1024,256,block_vals,1,981.320209,972.797084,981.577667,3
0,64,768,block,1,2130.760291,2129.006354,2134.859062,3
0,64,768,block_vals,1,1420.709500,1418.231041,1429.452959,3
0,16,4,simd,1,0.166042,0.150666,0.190292,25
0,16,4,tg,1,0.150042,0.145042,0.181333,25
0,16,4,cpu,1,0.015709,0.015667,0.015834,25
0,16,4,simd_vals,1,0.165459,0.149250,0.172500,25
0,16,4,tg_vals,1,0.156625,0.147583,0.166167,25
0,16,4,cpu_vals,1,0.008959,0.008917,0.009125,25
0,2,16,simd,1,0.329041,0.316750,0.349375,25
0,2,16,tg,1,0.231541,0.216417,0.239459,25
0,2,16,cpu,1,0.019208,0.019041,0.019417,25
0,2,16,simd_vals,1,0.323250,0.311792,0.326792,25
0,2,16,tg_vals,1,0.226875,0.219542,0.231958,25
0,2,16,cpu_vals,1,0.008084,0.008042,0.008166,25
0,8,64,tg,1,1.264167,1.221041,1.279541,25
0,8,64,block,1,3.241541,3.182333,3.311416,25
0,8,64,cpu,1,1.118000,1.102667,1.140292,25
0,8,64,tg_vals,1,1.146292,1.120584,1.168750,25
0,8,64,block_vals,1,3.189584,3.120083,3.237292,25
0,8,64,cpu_vals,1,0.442375,0.441792,0.444750,25
0,4,512,tg,1,543.644916,542.236562,543.731145,3
0,4,512,block,1,43.850083,43.810875,44.183250,5
0,4,512,cpu,1,36.093000,35.660291,36.361625,5
0,4,512,tg_vals,1,446.476166,446.379979,446.509708,3
0,4,512,block_vals,1,39.125167,39.108250,39.216292,5
0,4,512,cpu_vals,1,17.066417,17.000000,17.119292,9
0,16,16,simd,1,0.407375,0.394000,0.481041,25
0,16,16,tg,1,0.267084,0.262125,0.269875,25
0,16,16,cpu,1,0.145000,0.144209,0.148000,25
0,16,16,simd_vals,1,0.327416,0.316709,0.329709,25
0,16,16,tg_vals,1,0.234792,0.223250,0.238625,25
0,16,16,cpu_vals,1,0.060084,0.059833,0.060458,25
0,512,32,simd,1,2.849167,2.829792,2.862209,25
0,512,32,tg,1,2.502458,2.463500,2.526834,25
0,512,32,block,1,4.430625,4.400875,4.531792,25
0,512,32,cpu,1,17.187542,17.152541,17.206334,9
0,512,32,simd_vals,1,2.720208,2.699375,2.769166,25
0,512,32,tg_vals,1,2.169500,2.151500,2.174125,25
0,512,32,block_vals,1,4.229625,4.161833,4.338917,25
0,512,32,cpu_vals,1,5.884000,5.860000,5.929334,25
0,256,24,simd,1,0.902958,0.848083,0.949917,25
0,256,24,tg,1,0.812750,0.751208,0.859958,25
0,256,24,cpu,1,5.124083,5.110833,5.141667,25
0,256,24,simd_vals,1,0.823792,0.772834,0.839375,25
0,256,24,tg_vals,1,0.722959,0.682833,0.754167,25
0,256,24,cpu_vals,1,1.779250,1.773166,1.791750,25
0,512,384,block,1,2180.056667,2174.364250,2180.077563,3
0,512,384,block_vals,1,1547.749625,1547.362813,1556.006125,3
0,128,48,tg,1,2.600416,2.556667,2.620291,25
0,128,48,block,1,5.305167,5.196875,5.342042,25
0,128,48,cpu,1,10.191959,10.180333,10.225791,15
0,128,48,tg_vals,1,2.282167,2.266542,2.347500,25
0,128,48,block_vals,1,5.027667,4.964250,5.141542,25
0,128,48,cpu_vals,1,4.481959,4.462000,4.505250,25
0,1,24,simd,1,0.818208,0.764833,1.666875,25
0,1,24,tg,1,0.279375,0.265625,0.284500,25
0,1,24,cpu,1,0.023500,0.023459,0.023583,25
0,1,24,simd_vals,1,0.725875,0.715959,0.751459,25
0,1,24,tg_vals,1,0.258959,0.257875,0.261750,25
0,1,24,cpu_vals,1,0.008458,0.008416,0.008583,25
0,16,96,tg,1,3.701750,3.640792,3.725750,25
0,16,96,block,1,5.014416,4.939459,5.106416,25
0,16,96,cpu,1,4.508292,4.493459,4.524791,25
0,16,96,tg_vals,1,3.323167,3.298292,3.338125,25
0,16,96,block_vals,1,4.844125,4.725417,4.933584,25
0,16,96,cpu_vals,1,2.236584,2.229833,2.247459,25
0,16,192,tg,1,29.136562,29.129167,29.144521,6
0,16,192,block,1,11.637125,11.574209,11.734917,13
0,16,192,cpu,1,18.321209,18.187792,18.441875,9
0,16,192,tg_vals,1,25.952479,25.883063,25.984052,6
0,16,192,block_vals,1,10.762166,10.710562,10.866750,14
0,16,192,cpu_vals,1,9.363375,9.331552,9.402636,16
0,16,512,block,1,134.678375,133.891417,135.553125,5
0,16,512,cpu,1,139.323958,138.917292,139.712875,5
0,16,512,block_vals,1,94.539417,94.313208,94.791208,5
0,16,512,cpu_vals,1,68.291042,68.283000,68.317250,5
0,1,2048,block,1,607.412834,607.374147,608.682083,3
0,1,2048,cpu,1,235.828792,235.309583,236.054875,5
0,1,2048,block_vals,1,418.562458,415.963166,421.618354,3
0,1,2048,cpu_vals,1,82.535625,82.529792,82.672000,5
0,1,512,tg,1,477.108083,477.091979,477.129917,3
0,1,512,block,1,30.569000,30.287375,30.661250,5
0,1,512,cpu,1,9.126541,8.971875,9.285875,17
0,1,512,tg_vals,1,449.672417,449.666562,449.766417,3
0,1,512,block_vals,1,29.823625,29.606896,30.136729,6
0,1,512,cpu_vals,1,4.282542,4.261041,4.304875,25
0,16,2,simd,1,0.155083,0.138250,0.179042,25
0,16,2,tg,1,0.144625,0.136583,0.164708,25
0,16,2,cpu,1,0.007709,0.007625,0.008167,25
0,16,2,simd_vals,1,0.137459,0.132875,0.148834,25
0,16,2,tg_vals,1,0.139125,0.137375,0.152458,25
0,16,2,cpu_vals,1,0.003375,0.003375,0.003417,25
0,4,128,tg,1,8.069916,8.049084,8.129583,19
0,4,128,block,1,6.390771,6.178553,6.494010,24
0,4,128,cpu,1,1.994917,1.984834,2.010833,25
0,4,128,tg_vals,1,7.271167,7.252375,7.286833,21
0,4,128,block_vals,1,6.172667,5.966625,6.261708,25
0,4,128,cpu_vals,1,1.038417,1.033250,1.042666,25
0,4,2,simd,1,0.169250,0.153833,0.820416,25
0,4,2,tg,1,0.162000,0.159167,0.168667,25
0,4,2,cpu,1,0.002416,0.002208,0.002625,25
0,4,2,simd_vals,1,0.164125,0.148125,0.197834,25
0,4,2,tg_vals,1,0.158417,0.148125,0.188708,25
0,4,2,cpu_vals,1,0.001875,0.001750,0.002041,25
0,1,1024,block,1,107.677084,104.215583,108.002875,5
0,1,1024,cpu,1,40.271875,40.126291,40.466375,5
0,1,1024,block_vals,1,91.955792,91.893000,91.999250,5
0,1,1024,cpu_vals,1,18.226167,18.205125,18.250166,9
0,4,2048,block,1,2382.071750,2377.970313,2384.746521,3
0,4,2048,cpu,1,932.845958,930.380375,932.905562,3
0,4,2048,block_vals,1,1699.457708,1676.914916,1700.514833,3
0,4,2048,cpu_vals,1,329.811709,329.775354,330.694708,3
0,64,24,simd,1,0.860542,0.776459,1.309666,25
0,64,24,tg,1,0.376417,0.371708,0.378083,25
0,64,24,cpu,1,1.279583,1.269958,1.291375,25
0,64,24,simd_vals,1,0.790458,0.719416,0.818125,25
0,64,24,tg_vals,1,0.343709,0.337042,0.346458,25
0,64,24,cpu_vals,1,0.444042,0.441125,0.448333,25
0,2048,16,simd,1,1.393666,1.355291,1.427833,25
0,2048,16,tg,1,1.368500,1.315459,1.381334,25
0,2048,16,cpu,1,17.556917,17.534792,17.609250,9
0,2048,16,simd_vals,1,1.172541,1.117625,1.525417,25
0,2048,16,tg_vals,1,1.158958,1.117584,1.172541,25
0,2048,16,cpu_vals,1,7.092833,7.059614,7.120948,22
0,256,12,simd,1,0.885583,0.777416,1.117083,25
0,256,12,tg,1,0.286000,0.282000,0.289166,25
0,256,12,cpu,1,1.271875,1.269000,1.281666,25
0,256,12,simd_vals,1,0.715750,0.678542,0.793333,25
0,256,12,tg_vals,1,0.268500,0.258666,0.273958,25
0,256,12,cpu_vals,1,0.565125,0.560375,0.575708,25
0,1024,128,block,1,174.834333,174.777792,175.118916,5
0,1024,128,cpu,1,496.886666,496.481291,497.499124,3
0,1024,128,block_vals,1,141.110833,140.607000,141.160250,5
0,1024,128,cpu_vals,1,267.209792,266.618500,267.299375,5
0,2,32,simd,1,1.730500,1.706959,1.776542,25
0,2,32,tg,1,0.356291,0.353250,0.359167,25
0,2,32,block,1,3.258416,3.239125,3.363041,25
0,2,32,cpu,1,0.065834,0.065125,0.066916,25
0,2,32,simd_vals,1,1.575792,1.548833,1.594292,25
0,2,32,tg_vals,1,0.344125,0.338042,0.346250,25
0,2,32,block_vals,1,3.263625,3.235291,3.290083,25
0,2,32,cpu_vals,1,0.023542,0.023458,0.023750,25
0,256,192,tg,1,532.906208,527.255458,543.822875,3
0,256,192,block,1,141.463792,141.446916,141.904208,5
0,256,192,cpu,1,312.820209,308.025625,313.726292,3
0,256,192,tg_vals,1,286.670833,273.856500,293.081584,5
0,256,192,block_vals,1,107.783084,107.466833,107.909875,5
0,256,192,cpu_vals,1,150.197334,150.175541,150.317292,5
0,2048,4,simd,1,0.482000,0.461917,0.620208,25
0,2048,4,tg,1,0.240125,0.235583,0.293875,25
0,2048,4,cpu,1,1.691334,1.674750,1.735333,25
0,2048,4,simd_vals,1,0.436042,0.235959,0.448875,25
0,2048,4,tg_vals,1,0.235000,0.230167,0.239750,25
0,2048,4,cpu_vals,1,0.889875,0.884209,0.906292,25
0,1,4,simd,1,0.240125,0.216583,0.267500,25
0,1,4,tg,1,0.233084,0.217084,0.244250,25
0,1,4,cpu,1,0.001750,0.001625,0.001834,25
0,1,4,simd_vals,1,0.220542,0.206333,0.236959,25
0,1,4,tg_vals,1,0.176708,0.154959,0.217625,25
0,1,4,cpu_vals,1,0.001709,0.001708,0.001916,25
0,128,192,tg,1,280.020083,279.565292,281.036083,5
0,128,192,block,1,66.954750,66.828459,67.225584,5
0,128,192,cpu,1,146.203917,146.179959,147.010750,5
0,128,192,tg_vals,1,149.402917,146.041333,149.835958,5
0,128,192,block_vals,1,49.712792,49.586084,49.791209,5
0,128,192,cpu_vals,1,74.828583,74.811250,74.893166,5
0,1024,16,simd,1,0.956750,0.899000,1.461084,25
0,1024,16,tg,1,0.858209,0.797250,0.905792,25
0,1024,16,cpu,1,8.783542,8.733989,8.795614,18
0,1024,16,simd_vals,1,0.818167,0.779542,1.298458,25
0,1024,16,tg_vals,1,0.778750,0.699834,0.788458,25
0,1024,16,cpu_vals,1,3.545208,3.530250,3.553292,25
0,256,32,simd,1,1.966333,1.943833,1.985916,25
0,256,32,tg,1,1.614500,1.602375,1.633750,25
0,256,32,block,1,3.481292,3.441375,3.503875,25
0,256,32,cpu,1,8.571041,8.544042,8.579083,18
0,256,32,simd_vals,1,1.702125,1.694583,1.732333,25
0,256,32,tg_vals,1,1.422083,1.401417,1.432416,25
0,256,32,block_vals,1,3.354459,3.284583,3.386125,25
0,256,32,cpu_vals,1,2.924875,2.916667,2.931625,25
0,4096,12,simd,1,1.464625,1.447584,1.597750,25
0,4096,12,tg,1,1.449792,1.437541,1.490625,25
0,4096,12,cpu,1,20.239729,20.211781,20.256500,8
0,4096,12,simd_vals,1,1.237000,1.181667,1.308917,25
0,4096,12,tg_vals,1,1.230375,1.187000,1.284708,25
0,4096,12,cpu_vals,1,8.945958,8.920041,8.988750,17
0,64,2,simd,1,0.199250,0.191000,0.635375,25
0,64,2,tg,1,0.185500,0.176792,0.195458,25
0,64,2,cpu,1,0.024542,0.024416,0.024708,25
0,64,2,simd_vals,1,0.185875,0.168500,0.196667,25
0,64,2,tg_vals,1,0.161709,0.141125,0.175792,25
0,64,2,cpu_vals,1,0.011542,0.011500,0.011666,25
0,32,24,simd,1,0.815875,0.747291,0.847666,25
0,32,24,tg,1,0.303333,0.299250,0.306625,25
0,32,24,cpu,1,0.649042,0.644791,0.656333,25
0,32,24,simd_vals,1,0.709167,0.684292,0.772083,25
0,32,24,tg_vals,1,0.294417,0.289208,0.302625,25
0,32,24,cpu_vals,1,0.223791,0.222916,0.225292,25
0,1024,8,simd,1,0.379708,0.359041,0.385917,25
0,1024,8,tg,1,0.371708,0.364542,0.382125,25
0,1024,8,cpu,1,2.440417,2.420000,2.452333,25
0,1024,8,simd_vals,1,0.466375,0.451666,0.479500,25
0,1024,8,tg_vals,1,0.266041,0.261417,0.268375,25
0,1024,8,cpu_vals,1,1.230542,1.219416,1.240708,25
0,1024,48,tg,1,15.731604,15.466510,16.004459,10
0,1024,48,block,1,23.044625,22.990812,23.064042,7
0,1024,48,cpu,1,81.018125,80.996208,81.074666,5
0,1024,48,tg_vals,1,13.491646,13.407666,13.581156,12
0,1024,48,block_vals,1,20.538354,20.388938,20.658375,8
0,1024,48,cpu_vals,1,35.619667,35.616875,35.856000,5
0,16,384,tg,1,354.315084,352.976271,354.364251,3
0,16,384,block,1,56.026959,55.970250,56.136208,5
0,16,384,cpu,1,72.677625,72.506917,73.927666,5
0,16,384,tg_vals,1,224.591792,224.500209,225.683959,5
0,16,384,block_vals,1,46.765500,46.606333,46.777208,5
0,16,384,cpu_vals,1,37.648708,37.622083,37.663917,5
0,2,2048,block,1,1206.769500,1204.261542,1209.863208,3
0,2,2048,cpu,1,468.827708,468.500270,469.862229,3
0,2,2048,block_vals,1,744.155333,737.609021,745.500125,3
0,2,2048,cpu_vals,1,165.159875,165.099625,165.216750,5
0,16,1024,block,1,1173.148792,1166.230375,1173.659083,3
0,16,1024,block_vals,1,809.804333,799.951917,816.257062,3
0,1024,4,simd,1,0.321500,0.274917,0.357708,25
0,1024,4,tg,1,0.203625,0.201333,0.234459,25
0,1024,4,cpu,1,0.848042,0.841875,0.855167,25
0,1024,4,simd_vals,1,0.320875,0.283500,0.329958,25
0,1024,4,tg_vals,1,0.329791,0.277917,0.353750,25
0,1024,4,cpu_vals,1,0.453250,0.450458,0.459000,25
0,256,4,simd,1,0.233875,0.227375,0.497958,25
0,256,4,tg,1,0.227042,0.219792,0.238375,25
0,256,4,cpu,1,0.216041,0.214791,0.221167,25
0,256,4,simd_vals,1,0.206709,0.204125,0.224583,25
0,256,4,tg_vals,1,0.223542,0.210875,0.231709,25
0,256,4,cpu_vals,1,0.116250,0.115750,0.117541,25
0,8,16,simd,1,0.531042,0.502666,1.045541,25
0,8,16,tg,1,0.296000,0.281500,0.305709,25
0,8,16,cpu,1,0.070833,0.070792,0.071125,25
0,8,16,simd_vals,1,0.321625,0.303250,0.333583,25
0,8,16,tg_vals,1,0.228625,0.219209,0.231167,25
0,8,16,cpu_vals,1,0.029458,0.029375,0.029500,25
0,4,384,tg,1,219.751375,219.748083,219.773042,5
0,4,384,block,1,25.706209,25.659417,25.829219,6
0,4,384,cpu,1,18.099000,17.838083,18.649417,9
0,4,384,tg_vals,1,190.917334,190.733584,191.061000,5
0,4,384,block_vals,1,23.161084,23.086979,23.194541,7
0,4,384,cpu_vals,1,9.418063,9.395323,9.439167,16
0,128,64,tg,1,5.381709,5.370416,5.490333,25
0,128,64,block,1,5.600541,5.547875,5.634000,25
0,128,64,cpu,1,17.449666,17.437084,17.473167,9
0,128,64,tg_vals,1,4.765292,4.723708,4.796458,25
0,128,64,block_vals,1,5.316209,5.254291,5.388334,25
0,128,64,cpu_vals,1,7.032333,6.845740,7.050782,22
0,512,64,tg,1,19.725667,19.583063,19.872166,8
0,512,64,block,1,13.325437,13.304615,13.408146,12
0,512,64,cpu,1,69.522917,69.370916,69.591291,5
0,512,64,tg_vals,1,17.118667,17.047583,17.460125,9
0,512,64,block_vals,1,12.537437,12.419354,12.581708,12
0,512,64,cpu_vals,1,28.240416,28.141823,28.264760,6
0,2048,48,tg,1,31.164667,31.070041,31.468500,5
0,2048,48,block,1,45.559209,45.401167,45.763209,5
0,2048,48,cpu,1,162.135208,162.127666,162.748625,5
0,2048,48,tg_vals,1,26.196062,26.117396,26.317291,6
0,2048,48,block_vals,1,40.322333,40.318375,40.466875,5
0,2048,48,cpu_vals,1,71.373292,71.350125,71.380167,5
0,128,128,tg,1,49.534583,49.530459,49.551916,5
0,128,128,block,1,21.307979,21.210313,21.462104,8
0,128,128,cpu,1,62.222416,61.993333,62.772208,5
0,128,128,tg_vals,1,42.570542,40.288917,42.938916,5
0,128,128,block_vals,1,19.095062,19.082562,19.124667,8
0,128,128,cpu_vals,1,33.375916,33.360916,33.408833,5
0,4096,128,block,1,688.045166,687.612813,689.111604,3
0,4096,128,cpu,1,1972.337500,1968.917563,1973.492125,3
0,4096,128,block_vals,1,553.874666,550.767125,556.145104,3
0,4096,128,cpu_vals,1,1052.089416,1051.956708,1053.113354,3
0,32,32,simd,1,1.749875,1.738792,1.778666,25
0,32,32,tg,1,0.427375,0.420958,0.457459,25
0,32,32,block,1,2.776000,2.733458,2.829541,25
0,32,32,cpu,1,1.067250,1.047500,1.074500,25
0,32,32,simd_vals,1,1.582542,1.566875,1.585750,25
0,32,32,tg_vals,1,0.402250,0.395625,0.407334,25
0,32,32,block_vals,1,2.724500,2.676042,2.769458,25
0,32,32,cpu_vals,1,0.373625,0.370042,0.374958,25
0,128,256,block,1,161.242625,159.952042,161.299417,5
0,128,256,cpu,1,276.752417,276.698917,279.380250,5
0,128,256,block_vals,1,116.790083,116.763958,116.847917,5
0,128,256,cpu_vals,1,132.651750,132.591916,132.795417,5
0,2048,192,block,1,1101.906334,1098.043542,1106.298167,3
0,2048,192,block_vals,1,859.720375,859.574062,862.877250,3
0,8,768,block,1,231.732459,231.589833,232.162916,5
0,8,768,cpu,1,146.575292,146.088000,147.256583,5
0,8,768,block_vals,1,153.630459,153.511500,153.736667,5
0,8,768,cpu_vals,1,77.989334,77.968708,78.276125,5
0,512,16,simd,1,0.589708,0.582791,0.637958,25
0,512,16,tg,1,0.508833,0.505625,0.512041,25
0,512,16,cpu,1,4.394167,4.383750,4.411042,25
0,512,16,simd_vals,1,0.519708,0.513250,0.909791,25
0,512,16,tg_vals,1,0.452333,0.446917,0.462875,25
0,512,16,cpu_vals,1,1.780375,1.771042,1.789500,25
0,32,128,tg,1,14.125583,14.104542,14.147188,11
0,32,128,block,1,8.195458,8.077792,8.254376,19
0,32,128,cpu,1,15.728063,15.696646,15.774271,10
0,32,128,tg_vals,1,12.202083,12.183417,12.266041,13
0,32,128,block_vals,1,7.511229,7.390854,7.597031,20
0,32,128,cpu_vals,1,8.290792,8.268521,8.316562,19
0,4,24,simd,1,0.843333,0.813292,0.866500,25
0,4,24,tg,1,0.283000,0.274834,0.287000,25
0,4,24,cpu,1,0.084208,0.084000,0.085125,25
0,4,24,simd_vals,1,0.744708,0.710042,0.773333,25
0,4,24,tg_vals,1,0.269041,0.256833,0.273042,25
0,4,24,cpu_vals,1,0.028416,0.028250,0.028750,25
0,64,384,block,1,263.285708,262.691250,263.701917,5
0,64,384,cpu,1,285.735625,283.417958,287.310584,5
0,64,384,block_vals,1,181.760084,181.735875,181.917292,5
0,64,384,cpu_vals,1,149.730958,149.632666,150.080334,5
0,4,64,tg,1,1.243875,1.209625,1.270333,25
0,4,64,block,1,3.232166,3.189292,3.287209,25
0,4,64,cpu,1,0.560084,0.553042,0.572625,25
0,4,64,tg_vals,1,1.162042,1.152333,1.204417,25
0,4,64,block_vals,1,3.145208,3.122458,3.171083,25
0,4,64,cpu_vals,1,0.227125,0.226292,0.229959,25
0,16,32,simd,1,1.753125,1.744292,1.805208,25
0,16,32,tg,1,0.374584,0.370208,0.376667,25
0,16,32,block,1,2.772750,2.699500,2.809458,25
0,16,32,cpu,1,0.541792,0.537042,0.548083,25
0,16,32,simd_vals,1,1.587416,1.577083,1.592166,25
0,16,32,tg_vals,1,0.351917,0.349917,0.356875,25
0,16,32,block_vals,1,2.727333,2.661875,2.794041,25
0,16,32,cpu_vals,1,0.187166,0.186417,0.190875,25
0,1024,192,block,1,553.225416,549.903166,556.188416,3
0,1024,192,cpu,1,1165.906458,1164.117270,1168.544812,3
0,1024,192,block_vals,1,448.524291,442.229646,456.975562,3
0,1024,192,cpu_vals,1,598.136167,597.540980,598.591083,3
0,256,8,simd,1,0.371583,0.357792,0.724375,25
0,256,8,tg,1,0.206625,0.201917,0.210750,25
0,256,8,cpu,1,0.617750,0.612417,0.624542,25
0,256,8,simd_vals,1,0.181792,0.174959,0.190125,25
0,256,8,tg_vals,1,0.216208,0.207875,0.234541,25
0,256,8,cpu_vals,1,0.305583,0.303458,0.307666,25
0,1024,24,simd,1,2.430250,2.417708,2.480875,25
0,1024,24,tg,1,2.209834,2.185542,2.232041,25
0,1024,24,cpu,1,20.199791,20.148407,20.276177,8
0,1024,24,simd_vals,1,2.110167,2.048167,2.128500,25
0,1024,24,tg_vals,1,1.884750,1.846625,1.937667,25
0,1024,24,cpu_vals,1,7.028062,6.990052,7.059917,22
0,8,2,simd,1,0.202416,0.184541,0.215166,25
0,8,2,tg,1,0.191584,0.174625,0.207250,25
0,8,2,cpu,1,0.003334,0.003291,0.003667,25
0,8,2,simd_vals,1,0.151708,0.144250,0.161792,25
0,8,2,tg_vals,1,0.161334,0.155334,0.170542,25
0,8,2,cpu_vals,1,0.002542,0.002458,0.002833,25
0,1,256,tg,1,55.203709,55.195791,55.278625,5
0,1,256,block,1,11.849000,11.777500,11.907625,13
0,1,256,cpu,1,2.271917,2.228375,2.302125,25
0,1,256,tg_vals,1,53.967917,53.959125,53.993167,5
0,1,256,block_vals,1,11.436999,11.378656,11.523042,14
0,1,256,cpu_vals,1,1.053834,1.049375,1.060000,25
0,1,192,tg,1,24.657125,24.626396,24.669062,7
0,1,192,block,1,8.903459,8.833583,8.969792,17
0,1,192,cpu,1,1.207125,1.195084,1.218083,25
0,1,192,tg_vals,1,22.968375,22.937542,22.981645,7
0,1,192,block_vals,1,8.788021,8.713239,8.920698,18
0,1,192,cpu_vals,1,0.587208,0.583125,0.589083,25
0,4,192,tg,1,27.775688,27.758979,27.803115,6
0,4,192,block,1,9.373000,9.320791,9.460906,16
0,4,192,cpu,1,4.718583,4.683625,4.800708,25
0,4,192,tg_vals,1,25.794416,25.774417,25.820916,6
0,4,192,block_vals,1,8.958791,8.879916,9.151291,17
0,4,192,cpu_vals,1,2.284833,2.275833,2.317667,25
0,2048,96,tg,1,289.587375,289.408250,290.411125,5
0,2048,96,block,1,152.893125,151.355458,153.711208,5
0,2048,96,cpu,1,573.762125,573.665875,574.866646,3
0,2048,96,tg_vals,1,230.331625,230.189834,230.527958,5
0,2048,96,block_vals,1,128.853041,128.786208,129.086834,5
0,2048,96,cpu_vals,1,281.538375,281.263292,282.267167,5
0,1,2,simd,1,0.177083,0.171292,0.210166,25
0,1,2,tg,1,0.197292,0.189375,0.227792,25
0,1,2,cpu,1,0.001208,0.001208,0.001583,25
0,1,2,simd_vals,1,0.192542,0.184375,0.206625,25
0,1,2,tg_vals,1,0.164875,0.156875,0.202583,25
0,1,2,cpu_vals,1,0.001458,0.001417,0.001542,25
0,4,1536,block,1,1005.037792,998.200042,1005.686521,3
0,4,1536,cpu,1,394.286084,393.773251,395.272709,3
0,4,1536,block_vals,1,633.846000,631.603355,638.626104,3
0,4,1536,cpu_vals,1,173.505458,173.426458,173.632042,5
0,128,8,simd,1,0.340166,0.319708,0.421250,25
0,128,8,tg,1,0.208833,0.202417,0.327417,25
0,128,8,cpu,1,0.312833,0.311125,0.317125,25
0,128,8,simd_vals,1,0.188417,0.175125,0.193667,25
0,128,8,tg_vals,1,0.194500,0.188208,0.199750,25
0,128,8,cpu_vals,1,0.157125,0.156333,0.157583,25
0,32,384,tg,1,899.561084,896.898126,924.453188,3
0,32,384,block,1,118.268042,118.143125,119.016542,5
0,32,384,cpu,1,146.603167,145.705458,147.108416,5
0,32,384,tg_vals,1,492.435625,492.174937,492.438500,3
0,32,384,block_vals,1,84.163292,84.141292,84.273250,5
0,32,384,cpu_vals,1,75.030375,74.982958,75.076292,5
0,64,12,simd,1,0.320834,0.302708,0.664833,25
0,64,12,tg,1,0.243125,0.241541,0.246458,25
0,64,12,cpu,1,0.322542,0.321542,0.326875,25
0,64,12,simd_vals,1,0.253542,0.249875,0.256125,25
0,64,12,tg_vals,1,0.219875,0.210167,0.223167,25
0,64,12,cpu_vals,1,0.145958,0.145416,0.147792,25
0,8,384,tg,1,239.698167,239.454875,239.724375,5
0,8,384,block,1,32.701958,32.541000,32.747208,5
0,8,384,cpu,1,36.429125,36.012750,36.776208,5
0,8,384,tg_vals,1,190.390000,190.285584,190.505292,5
0,8,384,block_vals,1,28.318979,28.233906,28.362771,6
0,8,384,cpu_vals,1,18.795625,18.776667,18.818552,8
0,32,768,block,1,1034.933875,1032.700229,1037.501625,3
0,32,768,block_vals,1,691.748333,691.617813,696.779771,3
0,2,8,simd,1,0.176708,0.160834,0.203625,25
0,2,8,tg,1,0.184042,0.179625,0.188792,25
0,2,8,cpu,1,0.006458,0.006375,0.006834,25
0,2,8,simd_vals,1,0.175166,0.162209,0.185125,25
0,2,8,tg_vals,1,0.178333,0.174625,0.182750,25
0,2,8,cpu_vals,1,0.003500,0.003500,0.003542,25
0,2,192,tg,1,27.761792,27.737093,27.786334,6
0,2,192,block,1,9.114084,8.934625,9.154041,17
0,2,192,cpu,1,2.365750,2.347917,2.422167,25
0,2,192,tg_vals,1,25.787520,25.768333,25.793740,6
0,2,192,block_vals,1,8.748062,8.721260,8.782771,18
0,2,192,cpu_vals,1,1.191750,1.185500,1.201875,25
0,32,2,simd,1,0.167000,0.163583,0.175750,25
0,32,2,tg,1,0.168750,0.163291,0.173917,25
0,32,2,cpu,1,0.013542,0.013458,0.013750,25
0,32,2,simd_vals,1,0.143792,0.136542,0.163916,25
0,32,2,tg_vals,1,0.155625,0.141708,0.160375,25
0,32,2,cpu_vals,1,0.006792,0.006750,0.007042,25
0,1,1536,block,1,247.834542,246.656083,252.658208,5
0,1,1536,cpu,1,99.413583,99.310167,99.441375,5
0,1,1536,block_vals,1,203.929833,202.925791,203.963792,5
0,1,1536,cpu_vals,1,43.101959,43.044375,43.111125,5
0,256,64,tg,1,10.507250,10.339875,10.749083,15
0,256,64,block,1,8.260875,8.121521,8.301251,19
0,256,64,cpu,1,34.867292,34.855500,34.898083,5
0,256,64,tg_vals,1,8.649729,8.529729,8.916073,18
0,256,64,block_vals,1,7.670750,7.600406,7.750917,20
0,256,64,cpu_vals,1,14.161708,14.131895,14.196292,11
0,2,1024,block,1,136.319917,136.057584,137.279375,5
0,2,1024,cpu,1,80.728792,80.700125,80.776084,5
0,2,1024,block_vals,1,114.680333,114.672292,114.817875,5
0,2,1024,cpu_vals,1,36.399459,36.316000,36.412833,5
0,16,128,tg,1,8.087500,8.039833,8.116979,19
0,16,128,block,1,6.486042,6.435729,6.572615,24
0,16,128,cpu,1,7.860021,7.839594,7.888167,20
0,16,128,tg_vals,1,7.210250,7.199875,7.222083,21
0,16,128,block_vals,1,6.331250,6.236187,6.393208,24
0,16,128,cpu_vals,1,4.134833,4.119834,4.150375,25
0,4096,32,simd,1,24.609542,24.482291,24.731354,7
0,4096,32,tg,1,17.065791,16.935334,17.094792,9
0,4096,32,block,1,18.131500,18.066208,18.142125,9
0,4096,32,cpu,1,137.047625,137.005875,137.137000,5
0,4096,32,simd_vals,1,14.628958,14.612729,14.912000,11
0,4096,32,tg_vals,1,14.208709,14.160438,14.249499,11
0,4096,32,block_vals,1,15.294438,15.243022,15.535740,10
0,4096,32,cpu_vals,1,46.688166,46.679458,46.942709,5
0,8,256,tg,1,63.003625,62.990333,63.040250,5
0,8,256,block,1,15.054396,15.019542,15.103354,10
0,8,256,cpu,1,17.875041,17.812833,18.066417,9
0,8,256,tg_vals,1,60.478042,60.442833,60.506125,5
0,8,256,block_vals,1,13.594583,13.469729,13.692136,12
0,8,256,cpu_vals,1,8.390708,8.372938,8.416365,18
0,256,96,tg,1,36.962583,36.684292,37.223291,5
0,256,96,block,1,19.254562,19.111886,19.273948,8
0,256,96,cpu,1,71.389583,71.326625,71.394084,5
0,256,96,tg_vals,1,31.287833,30.464583,32.023167,5
0,256,96,block_vals,1,17.704000,17.652292,17.726125,9
0,256,96,cpu_vals,1,35.442666,35.418333,35.496958,5
0,512,24,simd,1,1.506542,1.497833,1.537833,25
0,512,24,tg,1,1.242417,1.208708,1.252875,25
0,512,24,cpu,1,10.155458,10.139520,10.165771,15
0,512,24,simd_vals,1,1.329334,1.317166,1.394542,25
0,512,24,tg_vals,1,1.074375,1.039583,1.096625,25
0,512,24,cpu_vals,1,3.504458,3.499334,3.534333,25
0,8,128,tg,1,8.041375,7.993709,8.047625,19
0,8,128,block,1,6.125667,6.077583,6.234667,25
0,8,128,cpu,1,3.954125,3.934666,3.970667,25
0,8,128,tg_vals,1,7.230708,7.216125,7.240541,21
0,8,128,block_vals,1,5.975208,5.867459,6.044417,25
0,8,128,cpu_vals,1,2.084292,2.072125,2.093750,25
0,2,384,tg,1,203.778292,203.699584,203.855084,5
0,2,384,block,1,21.926083,21.895125,22.049104,7
0,2,384,cpu,1,9.069042,8.945000,9.322750,17
0,2,384,tg_vals,1,190.334084,190.243083,190.354083,5
0,2,384,block_vals,1,20.711604,20.605427,20.871187,8
0,2,384,cpu_vals,1,4.713542,4.700000,4.737542,25
0,128,96,tg,1,20.231729,19.964635,20.455510,8
0,128,96,block,1,11.659916,11.584084,11.686667,13
0,128,96,cpu,1,35.608459,35.542584,35.727292,5
0,128,96,tg_vals,1,16.205521,16.129281,16.403011,10
0,128,96,block_vals,1,10.675375,10.638875,10.746645,15
0,128,96,cpu_vals,1,17.739584,17.724959,17.768916,9
0,4096,16,simd,1,2.456000,2.417625,2.562375,25
0,4096,16,tg,1,2.435750,2.419292,2.475625,25
0,4096,16,cpu,1,35.312417,35.297541,35.411750,5
0,4096,16,simd_vals,1,2.010208,2.000083,2.022750,25
0,4096,16,tg_vals,1,2.014959,1.995709,2.026167,25
0,4096,16,cpu_vals,1,14.133416,14.112271,14.170521,11
0,8,12,simd,1,0.801167,0.749250,0.811792,25
0,8,12,tg,1,0.254166,0.217792,0.295167,25
0,8,12,cpu,1,0.040834,0.039458,0.041958,25
0,8,12,simd_vals,1,0.247750,0.234792,0.254500,25
0,8,12,tg_vals,1,0.208250,0.197333,0.210791,25
0,8,12,cpu_vals,1,0.018333,0.018250,0.018375,25
0,2,64,tg,1,1.273583,1.236208,1.290792,25
0,2,64,block,1,3.166167,3.142792,3.225208,25
0,2,64,cpu,1,0.282875,0.281250,0.284541,25
0,2,64,tg_vals,1,1.149583,1.135916,1.154750,25
0,2,64,block_vals,1,3.239459,3.129500,3.309209,25
0,2,64,cpu_vals,1,0.120084,0.114792,0.121667,25
0,1,96,tg,1,3.638625,3.624541,3.650625,25
0,1,96,block,1,4.879333,4.797416,5.036667,25
0,1,96,cpu,1,0.289458,0.287000,0.295416,25
0,1,96,tg_vals,1,3.302125,3.294292,3.316250,25
0,1,96,block_vals,1,4.665208,4.540042,4.800084,25
0,1,96,cpu_vals,1,0.147125,0.145792,0.151750,25
0,512,48,tg,1,8.292000,8.252927,8.433708,18
0,512,48,block,1,12.476541,12.433542,12.574042,13
0,512,48,cpu,1,40.675166,40.657709,40.675542,5
0,512,48,tg_vals,1,7.115291,7.029750,7.241875,21
0,512,48,block_vals,1,11.602625,11.530167,11.683875,13
0,512,48,cpu_vals,1,17.798083,17.796292,17.822417,9
0,32,192,tg,1,62.763417,62.707792,62.858500,5
0,32,192,block,1,18.398750,18.304166,18.471000,9
0,32,192,cpu,1,36.623042,36.377833,36.859959,5
0,32,192,tg_vals,1,42.830042,42.513667,43.022625,5
0,32,192,block_vals,1,16.654000,16.578834,16.746813,10
0,32,192,cpu_vals,1,18.710042,18.691833,18.719125,9
0,1,32,simd,1,1.533208,1.498791,1.558084,25
0,1,32,tg,1,0.327416,0.314125,0.331084,25
0,1,32,block,1,2.460333,2.409209,2.630208,25
0,1,32,cpu,1,0.036583,0.030125,0.037458,25
0,1,32,simd_vals,1,1.373375,1.345833,1.396667,25
0,1,32,tg_vals,1,0.300000,0.294208,0.312625,25
0,1,32,block_vals,1,2.481167,2.324500,2.611125,25
0,1,32,cpu_vals,1,0.011875,0.011792,0.012709,25
0,32,96,tg,1,5.871583,5.836334,5.900958,25
0,32,96,block,1,5.480917,5.369792,5.550250,25
0,32,96,cpu,1,8.977583,8.954083,9.123208,17
0,32,96,tg_vals,1,4.980791,4.959875,4.997750,25
0,32,96,block_vals,1,5.205041,4.962625,5.314167,25
0,32,96,cpu_vals,1,4.425875,4.408625,4.431584,25
0,32,512,block,1,297.633417,297.299125,297.638083,5
0,32,512,cpu,1,284.014709,283.743083,284.345542,5
0,32,512,block_vals,1,193.836167,193.061375,195.809292,5
0,32,512,cpu_vals,1,136.063750,135.609916,136.223167,5
0,2,24,simd,1,0.838000,0.803500,1.357291,25
0,2,24,tg,1,0.278958,0.266292,0.283667,25
0,2,24,cpu,1,0.042291,0.041583,0.043459,25
0,2,24,simd_vals,1,0.730250,0.719042,0.776000,25
0,2,24,tg_vals,1,0.272375,0.255583,0.273166,25
0,2,24,cpu_vals,1,0.014625,0.014583,0.014750,25
0,2048,24,simd,1,4.048084,4.010250,4.192916,25
0,2048,24,tg,1,4.020750,3.968750,4.082625,25
0,2048,24,cpu,1,40.395209,40.367334,40.399500,5
0,2048,24,simd_vals,1,3.396292,3.369875,3.471708,25
0,2048,24,tg_vals,1,3.355000,3.340167,3.394541,25
0,2048,24,cpu_vals,1,14.007500,13.993605,14.059125,11
0,128,4,simd,1,0.170709,0.160250,0.177875,25
0,128,4,tg,1,0.186583,0.174792,0.218541,25
0,128,4,cpu,1,0.106416,0.106083,0.109042,25
0,128,4,simd_vals,1,0.177959,0.164125,0.194541,25
0,128,4,tg_vals,1,0.169959,0.150166,0.179542,25
0,128,4,cpu_vals,1,0.055208,0.054208,0.056208,25
0,16,48,tg,1,0.822208,0.773250,0.872834,25
0,16,48,block,1,3.229416,3.203417,3.266500,25
0,16,48,cpu,1,1.293958,1.288375,1.309417,25
0,16,48,tg_vals,1,1.009209,0.727583,1.032750,25
0,16,48,block_vals,1,3.157958,3.124542,3.205292,25
0,16,48,cpu_vals,1,0.566667,0.558583,0.570125,25
0,16,256,tg,1,85.115083,84.668458,85.226334,5
0,16,256,block,1,20.785771,20.714708,20.946886,8
0,16,256,cpu,1,35.354333,35.274667,35.471334,5
0,16,256,tg_vals,1,61.375584,61.370083,61.428834,5
0,16,256,block_vals,1,18.514625,18.442917,18.529167,9
0,16,256,cpu_vals,1,16.777292,16.768500,16.807625,9
0,16,8,simd,1,0.192542,0.179458,0.256041,25
0,16,8,tg,1,0.191958,0.188334,0.216667,25
0,16,8,cpu,1,0.038417,0.038084,0.039666,25
0,16,8,simd_vals,1,0.181375,0.167750,0.187000,25
0,16,8,tg_vals,1,0.182167,0.165459,0.185459,25
0,16,8,cpu_vals,1,0.019667,0.019583,0.019875,25
0,2,512,tg,1,493.074958,492.917645,493.273312,3
0,2,512,block,1,38.221333,38.039000,38.343833,5
0,2,512,cpu,1,18.020375,17.923500,18.116708,9
0,2,512,tg_vals,1,449.069375,448.513937,449.227688,3
0,2,512,block_vals,1,32.886500,32.699916,33.099792,5
0,2,512,cpu_vals,1,8.455979,8.426875,8.469344,18
0,32,256,tg,1,198.083417,198.030709,198.505750,5
0,32,256,block,1,35.890125,35.881209,35.923625,5
0,32,256,cpu,1,70.564542,70.467458,70.634459,5
0,32,256,tg_vals,1,122.549083,122.017958,122.566541,5
0,32,256,block_vals,1,30.553708,30.489583,30.609250,5
0,32,256,cpu_vals,1,33.481792,33.481542,33.495917,5
0,1024,12,simd,1,1.075041,0.542792,1.342917,25
0,1024,12,tg,1,0.522125,0.513166,0.533834,25
0,1024,12,cpu,1,5.044792,5.029875,5.069500,25
0,1024,12,simd_vals,1,0.511500,0.474334,1.604750,25
0,1024,12,tg_vals,1,0.463167,0.458416,0.478666,25
0,1024,12,cpu_vals,1,2.237750,2.220458,2.245875,25
0,2,256,tg,1,55.315666,55.266708,55.330917,5
0,2,256,block,1,12.070541,12.027125,12.106042,13
0,2,256,cpu,1,4.510208,4.416209,4.604041,25
0,2,256,tg_vals,1,53.992750,53.970541,54.027541,5
0,2,256,block_vals,1,11.399708,11.274906,11.561959,14
0,2,256,cpu_vals,1,2.066500,2.057000,2.079542,25
0,8,8,simd,1,0.337167,0.329125,0.352583,25
0,8,8,tg,1,0.188833,0.172292,0.196042,25
0,8,8,cpu,1,0.019958,0.019875,0.020208,25
0,8,8,simd_vals,1,0.165792,0.162417,0.179958,25
0,8,8,tg_vals,1,0.179083,0.165083,0.190834,25
0,8,8,cpu_vals,1,0.010917,0.010916,0.011000,25
0,2,128,tg,1,7.961500,7.949312,7.982437,19
0,2,128,block,1,5.971875,5.896708,6.063875,25
0,2,128,cpu,1,0.993208,0.990250,0.999708,25
0,2,128,tg_vals,1,7.219334,7.204458,7.235166,21
0,2,128,block_vals,1,5.809084,5.746959,5.892917,25
0,2,128,cpu_vals,1,0.526541,0.524375,0.530333,25
0,256,48,tg,1,4.332166,4.298000,4.404500,25
0,256,48,block,1,7.780041,7.720667,7.826187,20
0,256,48,cpu,1,20.389375,20.370375,20.427896,8
0,256,48,tg_vals,1,3.794291,3.774458,3.878584,25
0,256,48,block_vals,1,7.287417,7.258292,7.383792,21
0,256,48,cpu_vals,1,8.875875,8.830583,8.902291,17
0,2,768,block,1,75.531583,75.490250,75.541875,5
0,2,768,cpu,1,36.846250,36.817292,36.863541,5
0,2,768,block_vals,1,65.275000,65.045625,65.417667,5
0,2,768,cpu_vals,1,19.720417,19.704323,19.741510,8
0,8,48,tg,1,0.771125,0.711833,0.872667,25
0,8,48,block,1,3.256042,3.241666,3.315083,25
0,8,48,cpu,1,0.643417,0.637167,0.651583,25
0,8,48,tg_vals,1,0.707541,0.653000,0.720916,25
0,8,48,block_vals,1,3.195500,3.134416,3.283792,25
0,8,48,cpu_vals,1,0.282667,0.277791,0.286417,25
0,4096,2,simd,1,0.214625,0.210208,0.222625,25
0,4096,2,tg,1,0.210417,0.201458,0.215209,25
0,4096,2,cpu,1,1.395000,1.365708,1.471750,25
0,4096,2,simd_vals,1,0.246500,0.242833,0.248666,25
0,4096,2,tg_vals,1,0.257125,0.251750,0.299375,25
0,4096,2,cpu_vals,1,0.565125,0.556833,0.574750,25
0,8,32,simd,1,1.743291,1.729041,1.777541,25
0,8,32,tg,1,0.364083,0.355958,0.368167,25
0,8,32,block,1,2.793833,2.744500,2.858500,25
0,8,32,cpu,1,0.266250,0.262375,0.271125,25
0,8,32,simd_vals,1,1.589667,1.578167,1.613208,25
0,8,32,tg_vals,1,0.345959,0.334333,0.350833,25
0,8,32,block_vals,1,2.779709,2.718708,2.803250,25
0,8,32,cpu_vals,1,0.092958,0.092042,0.094792,25
0,4096,24,simd,1,7.791583,7.728573,7.887937,20
0,4096,24,tg,1,7.805354,7.708532,7.888782,20
0,4096,24,cpu,1,80.768708,80.706125,80.818458,5
0,4096,24,simd_vals,1,6.400709,6.329958,6.494865,24
0,4096,24,tg_vals,1,6.245083,6.236719,6.283062,24
0,4096,24,cpu_vals,1,28.470979,28.433657,28.494677,6
0,32,16,simd,1,0.360333,0.344333,1.123708,25
0,32,16,tg,1,0.246125,0.244166,0.249666,25
0,32,16,cpu,1,0.280709,0.279875,0.282042,25
0,32,16,simd_vals,1,0.335334,0.331792,0.339000,25
0,32,16,tg_vals,1,0.238041,0.223958,0.241750,25
0,32,16,cpu_vals,1,0.114125,0.109958,0.115291,25
0,1,384,tg,1,203.553458,203.522334,203.603083,5
0,1,384,block,1,20.448167,20.347552,20.498938,8
0,1,384,cpu,1,4.575584,4.530125,4.851667,25
0,1,384,tg_vals,1,190.513292,190.457958,190.749416,5
0,1,384,block_vals,1,19.827813,19.704084,19.857666,8
0,1,384,cpu_vals,1,2.344917,2.333917,2.360584,25
0,32,48,tg,1,1.003208,0.993375,1.032458,25
0,32,48,block,1,3.404208,3.316917,3.503334,25
0,32,48,cpu,1,2.550084,2.521625,2.572792,25
0,32,48,tg_vals,1,0.897667,0.876333,0.958000,25
0,32,48,block_vals,1,3.256916,3.210750,3.349625,25
0,32,48,cpu_vals,1,1.114666,1.093875,1.127500,25
0,32,8,simd,1,0.207166,0.196417,0.348750,25
0,32,8,tg,1,0.212250,0.208750,0.217000,25
0,32,8,cpu,1,0.074333,0.073459,0.075667,25
0,32,8,simd_vals,1,0.170916,0.162459,0.185250,25
0,32,8,tg_vals,1,0.174208,0.162417,0.181500,25
0,32,8,cpu_vals,1,0.037625,0.037458,0.037916,25
0,128,24,simd,1,0.867708,0.833334,0.901375,25
0,128,24,tg,1,0.484916,0.480875,0.490458,25
0,128,24,cpu,1,2.556500,2.537250,2.573333,25
0,128,24,simd_vals,1,0.771625,0.747375,0.799250,25
0,128,24,tg_vals,1,0.443375,0.436625,0.481250,25
0,128,24,cpu_vals,1,0.881791,0.877417,0.894042,25
0,128,16,simd,1,0.447458,0.429875,0.531333,25
0,128,16,tg,1,0.314958,0.302417,0.326959,25
0,128,16,cpu,1,1.113417,1.105583,1.119375,25
0,128,16,simd_vals,1,0.378125,0.356042,0.418959,25
0,128,16,tg_vals,1,0.277584,0.273750,0.281125,25
0,128,16,cpu_vals,1,0.443667,0.442125,0.450875,25
0,64,256,tg,1,425.392959,425.122729,426.120188,3
0,64,256,block,1,74.285042,74.225458,74.482208,5
0,64,256,cpu,1,140.423500,140.298458,140.602334,5
0,64,256,tg_vals,1,257.606333,255.314084,259.675250,5
0,64,256,block_vals,1,54.522959,54.381959,54.566292,5
0,64,256,cpu_vals,1,66.673167,66.561834,66.895958,5
0,4,96,tg,1,3.662000,3.647584,3.671916,25
0,4,96,block,1,4.931167,4.737416,4.999666,25
0,4,96,cpu,1,1.137917,1.132000,1.153250,25
0,4,96,tg_vals,1,3.309375,3.302750,3.329875,25
0,4,96,block_vals,1,4.766125,4.677166,4.873375,25
0,4,96,cpu_vals,1,0.556041,0.551916,0.562375,25
0,512,4,simd,1,0.198667,0.189292,0.284958,25
0,512,4,tg,1,0.191708,0.189750,0.199583,25
0,512,4,cpu,1,0.439750,0.437083,0.449000,25
0,512,4,simd_vals,1,0.167333,0.154750,0.175583,25
0,512,4,tg_vals,1,0.181500,0.169709,0.188000,25
0,512,4,cpu_vals,1,0.226708,0.225250,0.228709,25
0,4,4,simd,1,0.162292,0.156250,0.169083,25
0,4,4,tg,1,0.166667,0.155792,0.169958,25
0,4,4,cpu,1,0.005250,0.005167,0.005667,25
0,4,4,simd_vals,1,0.152250,0.148042,0.163083,25
0,4,4,tg_vals,1,0.153125,0.147292,0.161458,25
0,4,4,cpu_vals,1,0.002834,0.002750,0.003084,25
0,64,128,tg,1,27.899938,27.629303,28.572479,6
0,64,128,block,1,12.584459,12.498125,12.647386,12
0,64,128,cpu,1,31.174750,31.145250,31.209583,5
0,64,128,tg_vals,1,24.798667,24.263541,25.056147,7
0,64,128,block_vals,1,11.463272,11.373114,11.601271,14
0,64,128,cpu_vals,1,16.422875,16.412584,16.466291,10
0,2,1536,block,1,464.425375,464.106895,465.014229,3
0,2,1536,cpu,1,197.444042,197.113084,197.999042,5
0,2,1536,block_vals,1,296.226584,295.252563,298.956896,3
0,2,1536,cpu_vals,1,86.396792,86.296125,86.400166,5
0,2,12,simd,1,0.696000,0.564584,0.739041,25
0,2,12,tg,1,0.274500,0.215375,0.384416,25
0,2,12,cpu,1,0.010958,0.010875,0.011625,25
0,2,12,simd_vals,1,0.231917,0.220958,0.240042,25
0,2,12,tg_vals,1,0.200917,0.186833,0.203500,25
0,2,12,cpu_vals,1,0.005209,0.005167,0.005583,25
0,8,512,tg,1,609.190209,598.397834,613.538521,3
0,8,512,block,1,64.443958,64.364083,64.494916,5
0,8,512,cpu,1,71.829375,71.550625,71.924625,5
0,8,512,tg_vals,1,445.465208,444.934354,445.935438,3
0,8,512,block_vals,1,52.978833,52.945375,53.018084,5
0,8,512,cpu_vals,1,33.807375,33.744166,33.832333,5
0,64,192,tg,1,140.316875,140.242000,140.723875,5
0,64,192,block,1,31.212209,31.103000,31.288667,5
0,64,192,cpu,1,73.112583,72.993875,73.163167,5
0,64,192,tg_vals,1,83.052000,82.693750,83.150459,5
0,64,192,block_vals,1,27.393999,27.296385,27.448364,6
0,64,192,cpu_vals,1,37.237583,37.236709,37.292416,5
0,8,1024,block,1,551.158458,550.090104,552.149312,3
0,8,1024,cpu,1,317.864542,317.085980,318.705875,3
0,8,1024,block_vals,1,335.012583,333.898500,335.398416,3
0,8,1024,cpu_vals,1,144.832750,144.820000,144.838792,5
0,512,8,simd,1,0.500208,0.490542,0.506333,25
0,512,8,tg,1,0.395959,0.292708,0.477542,25
0,512,8,cpu,1,1.226875,1.219792,1.232042,25
0,512,8,simd_vals,1,0.476375,0.470250,0.483000,25
0,512,8,tg_vals,1,0.229750,0.225208,0.274583,25
0,512,8,cpu_vals,1,0.612458,0.610292,0.615250,25
0,256,384,block,1,1054.490500,1053.857063,1055.423500,3
0,256,384,block_vals,1,764.396625,764.342875,764.811104,3
0,64,32,simd,1,1.768000,1.759917,1.775000,25
0,64,32,tg,1,0.582584,0.573750,0.586375,25
0,64,32,block,1,2.846458,2.793875,2.864792,25
0,64,32,cpu,1,2.167417,2.160791,2.179625,25
0,64,32,simd_vals,1,1.587667,1.569583,1.639333,25
0,64,32,tg_vals,1,0.536292,0.520375,0.539292,25
0,64,32,block_vals,1,2.810125,2.769375,2.828125,25
0,64,32,cpu_vals,1,0.735208,0.733875,0.736583,25
0,2,4,simd,1,0.252584,0.246166,0.271500,25
0,2,4,tg,1,0.243875,0.222167,0.255750,25
0,2,4,cpu,1,0.002625,0.002542,0.002708,25
0,2,4,simd_vals,1,0.171709,0.167083,0.191750,25
0,2,4,tg_vals,1,0.172458,0.154292,0.211958,25
0,2,4,cpu_vals,1,0.002125,0.002083,0.002166,25
0,4,48,tg,1,0.763500,0.753541,0.769500,25
0,4,48,block,1,3.143959,3.114417,3.219500,25
0,4,48,cpu,1,0.329708,0.325084,0.331583,25
0,4,48,tg_vals,1,0.642291,0.629375,0.715209,25
0,4,48,block_vals,1,3.201958,3.116542,3.261625,25
0,4,48,cpu_vals,1,0.147250,0.147000,0.149541,25
0,1,48,tg,1,0.966750,0.759708,1.020667,25
0,1,48,block,1,3.155250,3.102917,3.347917,25
0,1,48,cpu,1,0.081750,0.081666,0.082084,25
0,1,48,tg_vals,1,0.691250,0.664375,0.722459,25
0,1,48,block_vals,1,3.233500,3.127333,3.277250,25
0,1,48,cpu_vals,1,0.034459,0.034208,0.035625,25
0,256,256,block,1,321.070042,320.825396,321.291625,3
0,256,256,cpu,1,554.312958,553.982937,554.514041,3
0,256,256,block_vals,1,240.611500,240.394625,240.710583,5
0,256,256,cpu_vals,1,266.274209,266.263167,266.862083,5
0,2048,64,tg,1,74.829208,74.796292,74.869500,5
0,2048,64,block,1,49.870500,49.787917,50.040500,5
0,2048,64,cpu,1,277.390292,277.361208,277.548500,5
0,2048,64,tg_vals,1,64.585500,64.484042,64.610750,5
0,2048,64,block_vals,1,43.618667,43.617417,43.670542,5
0,2048,64,cpu_vals,1,112.626083,112.531125,112.644083,5
0,1,64,tg,1,1.251541,1.236417,1.279917,25
0,1,64,block,1,3.257417,3.172083,3.335167,25
0,1,64,cpu,1,0.144500,0.142291,0.147916,25
0,1,64,tg_vals,1,1.144584,1.134250,1.192458,25
0,1,64,block_vals,1,3.310125,3.236542,3.330459,25
0,1,64,cpu_vals,1,0.061625,0.059833,0.062125,25
0,2048,128,block,1,355.100959,354.658188,355.774563,3
0,2048,128,cpu,1,990.093000,987.780438,992.750750,3
0,2048,128,block_vals,1,275.149875,274.818667,275.220209,5
0,2048,128,cpu_vals,1,529.035917,528.494521,532.560292,3
0,4,32,simd,1,1.740084,1.723916,1.755834,25
0,4,32,tg,1,0.362375,0.353542,0.368250,25
0,4,32,block,1,3.480583,3.316958,3.589042,25
0,4,32,cpu,1,0.134750,0.133875,0.137916,25
0,4,32,simd_vals,1,1.580333,1.572750,1.592000,25
0,4,32,tg_vals,1,0.355250,0.347834,0.361917,25
0,4,32,block_vals,1,3.346333,3.237125,3.384542,25
0,4,32,cpu_vals,1,0.048083,0.047833,0.049209,25
0,2048,12,simd,1,0.902958,0.865417,0.907125,25
0,2048,12,tg,1,0.914208,0.871250,0.922125,25
0,2048,12,cpu,1,9.960042,9.914917,9.995021,16
0,2048,12,simd_vals,1,1.059917,0.783417,1.109500,25
0,2048,12,tg_vals,1,0.783542,0.744750,0.792250,25
0,2048,12,cpu_vals,1,4.402042,4.385917,4.427834,25
0,1,16,simd,1,0.366083,0.342667,1.027292,25
0,1,16,tg,1,0.234625,0.231583,0.238667,25
0,1,16,cpu,1,0.009708,0.009667,0.009834,25
0,1,16,simd_vals,1,0.319542,0.307416,0.324625,25
0,1,16,tg_vals,1,0.229000,0.216291,0.250500,25
0,1,16,cpu_vals,1,0.004334,0.004333,0.004667,25
0,64,4,simd,1,0.167708,0.160834,0.189542,25
0,64,4,tg,1,0.173250,0.162833,0.212500,25
0,64,4,cpu,1,0.053458,0.053334,0.054208,25
0,64,4,simd_vals,1,0.228541,0.215083,0.245042,25
0,64,4,tg_vals,1,0.251459,0.225375,0.259167,25
0,64,4,cpu_vals,1,0.029083,0.028916,0.029125,25
0,512,128,tg,1,170.480417,170.298875,170.781958,5
0,512,128,block,1,84.872125,84.601125,84.892167,5
0,512,128,cpu,1,249.613417,249.242041,249.875459,5
0,512,128,tg_vals,1,150.298708,150.183792,150.655958,5
0,512,128,block_vals,1,68.930792,68.661500,69.146209,5
0,512,128,cpu_vals,1,132.411458,132.238292,132.477042,5
0,128,12,simd,1,0.698250,0.445333,0.709500,25
0,128,12,tg,1,0.286167,0.278125,0.290667,25
0,128,12,cpu,1,0.644833,0.640250,0.664167,25
0,128,12,simd_vals,1,0.293333,0.280917,0.303250,25
0,128,12,tg_vals,1,0.242250,0.231041,0.243750,25
0,128,12,cpu_vals,1,0.283583,0.283083,0.284958,25
0,8,4,simd,1,0.205083,0.198791,0.220334,25
0,8,4,tg,1,0.221167,0.212916,0.234792,25
0,8,4,cpu,1,0.008083,0.008000,0.008292,25
0,8,4,simd_vals,1,0.209667,0.201959,0.224417,25
0,8,4,tg_vals,1,0.161500,0.149625,0.204875,25
0,8,4,cpu_vals,1,0.004416,0.004375,0.004750,25
0,32,4,simd,1,0.248000,0.233833,0.256250,25
0,32,4,tg,1,0.238708,0.229083,0.243333,25
0,32,4,cpu,1,0.026667,0.026584,0.026833,25
0,32,4,simd_vals,1,0.190000,0.155500,0.227833,25
0,32,4,tg_vals,1,0.149042,0.146792,0.158833,25
0,32,4,cpu_vals,1,0.014708,0.014625,0.015125,25
0,32,64,tg,1,1.840042,1.837209,1.896500,25
0,32,64,block,1,3.482625,3.466167,3.519416,25
0,32,64,cpu,1,4.433791,4.398917,4.469750,25
0,32,64,tg_vals,1,1.653541,1.641500,1.664625,25
0,32,64,block_vals,1,3.320375,3.287416,3.378042,25
0,32,64,cpu_vals,1,1.821083,1.795167,1.845583,25
0,1024,96,tg,1,147.993083,147.925125,148.110916,5
0,1024,96,block,1,76.774208,76.615542,76.795458,5
0,1024,96,cpu,1,285.492916,285.122417,285.857458,5
0,1024,96,tg_vals,1,116.022291,115.857167,116.035500,5
0,1024,96,block_vals,1,64.302625,64.258125,64.400917,5
0,1024,96,cpu_vals,1,140.407167,140.395500,140.552667,5
0,2,48,tg,1,1.219333,1.063500,1.245000,25
0,2,48,block,1,3.398541,3.264542,3.523542,25
0,2,48,cpu,1,0.169917,0.167458,0.170875,25
0,2,48,tg_vals,1,0.724167,0.708500,0.725291,25
0,2,48,block_vals,1,3.278291,3.238042,3.347625,25
0,2,48,cpu_vals,1,0.072167,0.072000,0.073125,25
0,4096,64,tg,1,150.976709,150.493750,151.020625,5
0,4096,64,block,1,96.718875,96.698667,96.842459,5
0,4096,64,cpu,1,559.884458,559.671375,559.936291,3
0,4096,64,tg_vals,1,129.429750,129.388917,129.599000,5
0,4096,64,block_vals,1,84.362083,84.328167,84.468583,5
0,4096,64,cpu_vals,1,226.624791,225.753667,227.003625,5
0,32,12,simd,1,0.535125,0.521208,0.816000,25
0,32,12,tg,1,0.341542,0.313250,0.360292,25
0,32,12,cpu,1,0.163916,0.162917,0.165625,25
0,32,12,simd_vals,1,0.341875,0.333500,0.353125,25
0,32,12,tg_vals,1,0.250750,0.241083,0.255292,25
0,32,12,cpu_vals,1,0.079542,0.078834,0.080084,25
0,4,1024,block,1,242.907292,242.791083,243.015917,5
0,4,1024,cpu,1,158.978875,158.630000,159.050125,5
0,4,1024,block_vals,1,168.637334,168.635666,169.037292,5
0,4,1024,cpu_vals,1,72.336958,72.215250,72.343417,5
0,2,96,tg,1,3.628375,3.622833,3.639375,25
0,2,96,block,1,4.873625,4.772417,4.944125,25
0,2,96,cpu,1,0.570542,0.569250,0.573792,25
0,2,96,tg_vals,1,3.303792,3.300708,3.306000,25
0,2,96,block_vals,1,4.829500,4.560958,4.939625,25
0,2,96,cpu_vals,1,0.282333,0.281375,0.283583,25
0,64,64,tg,1,3.279625,3.262375,3.287458,25
0,64,64,block,1,3.987875,3.888250,4.027292,25
0,64,64,cpu,1,8.774541,8.737844,8.855666,18
0,64,64,tg_vals,1,2.918416,2.913584,2.921167,25
0,64,64,block_vals,1,3.695375,3.640042,3.767542,25
0,64,64,cpu_vals,1,3.586708,3.565542,3.630250,25
0,2048,8,simd,1,0.408667,0.379209,1.106917,25
0,2048,8,tg,1,0.383959,0.382334,0.386875,25
0,2048,8,cpu,1,4.768708,4.731041,4.785333,25
0,2048,8,simd_vals,1,0.340208,0.337750,0.954459,25
0,2048,8,tg_vals,1,0.337709,0.335959,0.342125,25
0,2048,8,cpu_vals,1,2.395667,2.366000,2.418625,25
0,256,128,tg,1,85.687125,85.555875,85.709500,5
0,256,128,block,1,40.313416,40.303000,40.361375,5
0,256,128,cpu,1,124.638792,124.608583,124.646167,5
0,256,128,tg_vals,1,76.172667,75.625667,76.390000,5
0,256,128,block_vals,1,32.993459,32.934542,33.063625,5
0,256,128,cpu_vals,1,65.995333,65.882000,66.016458,5
0,256,2,simd,1,0.217625,0.209000,0.239333,25
0,256,2,tg,1,0.193708,0.174792,0.216417,25
0,256,2,cpu,1,0.090541,0.088292,0.091291,25
0,256,2,simd_vals,1,0.160583,0.149750,0.169167,25
0,256,2,tg_vals,1,0.161042,0.155000,0.175042,25
0,256,2,cpu_vals,1,0.038292,0.038125,0.038500,25
0,512,192,block,1,275.340250,275.328333,275.352500,5
0,512,192,cpu,1,573.908916,573.327833,575.560104,3
0,512,192,block_vals,1,215.558833,215.516375,215.600834,5
0,512,192,cpu_vals,1,297.408333,297.279250,297.986792,5
0,128,32,simd,1,1.826917,1.822333,1.829000,25
0,128,32,tg,1,1.044042,0.992166,1.047084,25
0,128,32,block,1,3.077625,3.040791,3.114166,25
0,128,32,cpu,1,4.251083,4.210583,4.280500,25
0,128,32,simd_vals,1,1.613250,1.604583,1.636709,25
0,128,32,tg_vals,1,0.859250,0.853458,0.866709,25
0,128,32,block_vals,1,2.970208,2.938000,3.046500,25
0,128,32,cpu_vals,1,1.443083,1.426959,1.451958,25
0,1024,32,simd,1,6.988500,6.931770,7.055291,23
0,1024,32,tg,1,4.505083,4.492500,4.528708,25
0,1024,32,block,1,6.528083,6.439937,6.626437,23
0,1024,32,cpu,1,34.213667,34.141667,34.293833,5
0,1024,32,simd_vals,1,4.486917,4.475958,4.505542,25
0,1024,32,tg_vals,1,3.923083,3.904167,3.934000,25
0,1024,32,block_vals,1,6.201209,6.114875,6.252792,25
0,1024,32,cpu_vals,1,11.637166,11.575000,11.666292,13
1,4096,8,simd,1,0.621041,0.614459,0.652667,25
1,4096,8,tg,1,0.565458,0.563333,0.568750,25
1,4096,8,cpu,1,9.513292,9.485489,9.540489,16
1,4096,8,simd_vals,1,0.567375,0.481708,1.679209,25
1,4096,8,tg_vals,1,0.483458,0.478708,0.578083,25
1,4096,8,cpu_vals,1,4.743083,4.700250,4.775709,25
1,64,512,block,1,608.553125,607.906813,609.025834,3
1,64,512,cpu,1,564.489875,564.487687,565.920250,3
1,64,512,block_vals,1,416.350166,416.333583,416.589062,3
1,64,512,cpu_vals,1,270.811167,270.586084,270.992833,5
1,128,48,tg,1,2.610083,2.581083,2.927000,25
1,128,48,block,1,5.401042,5.346084,5.454125,25
1,128,48,cpu,1,10.211916,10.131271,10.231000,15
1,128,48,tg_vals,1,2.271875,2.267916,2.275542,25
1,128,48,block_vals,1,5.076708,4.947625,5.188666,25
1,128,48,cpu_vals,1,4.425416,4.406750,4.461958,25
1,128,12,simd,1,0.827084,0.765875,0.841083,25
1,128,12,tg,1,0.234750,0.233250,0.236708,25
1,128,12,cpu,1,0.637792,0.635666,0.640541,25
1,128,12,simd_vals,1,0.244292,0.237459,0.256625,25
1,128,12,tg_vals,1,0.227958,0.221583,0.229250,25
1,128,12,cpu_vals,1,0.281042,0.277041,0.281667,25
1,16,12,simd,1,0.694083,0.293958,0.805750,25
1,16,12,tg,1,0.221875,0.218375,0.225125,25
1,16,12,cpu,1,0.080084,0.076667,0.081083,25
1,16,12,simd_vals,1,0.253500,0.246375,0.260250,25
1,16,12,tg_vals,1,0.211167,0.195916,0.213125,25
1,16,12,cpu_vals,1,0.034500,0.034334,0.034708,25
1,64,128,tg,1,27.004396,26.985646,27.012583,6
1,64,128,block,1,12.377875,12.288083,12.449459,13
1,64,128,cpu,1,31.286292,31.267667,31.293833,5
1,64,128,tg_vals,1,23.272083,23.259104,23.274313,7
1,64,128,block_vals,1,11.343500,11.219500,11.354292,14
1,64,128,cpu_vals,1,16.408125,16.394261,16.433896,10
1,256,8,simd,1,0.362541,0.353167,0.364875,25
1,256,8,tg,1,0.211125,0.205750,0.213709,25
1,256,8,cpu,1,0.611500,0.610500,0.614084,25
1,256,8,simd_vals,1,0.186166,0.173416,0.192750,25
1,256,8,tg_vals,1,0.191250,0.178750,0.196875,25
1,256,8,cpu_vals,1,0.305541,0.304625,0.306417,25
1,1024,96,tg,1,148.118709,147.886209,148.175375,5
1,1024,96,block,1,76.550584,76.500667,76.669125,5
1,1024,96,cpu,1,285.207500,284.744167,285.563667,5
1,1024,96,tg_vals,1,119.721042,118.721875,120.729500,5
1,1024,96,block_vals,1,67.644958,67.554834,68.097000,5
1,1024,96,cpu_vals,1,141.611208,141.579416,141.688000,5
1,32,768,block,1,995.279667,994.677104,996.006104,3
1,32,768,block_vals,1,673.134500,672.738020,673.543604,3
1,4096,128,block,1,669.305917,668.651251,669.416438,3
1,4096,128,cpu,1,1972.398875,1972.190188,1973.645521,3
1,4096,128,block_vals,1,544.313875,544.112896,544.764083,3
1,4096,128,cpu_vals,1,1056.725958,1056.064604,1057.166270,3
1,128,384,block,1,558.381875,550.096000,558.458146,3
1,128,384,cpu,1,576.059375,574.993541,579.701458,3
1,128,384,block_vals,1,395.832334,395.489292,396.316834,3
1,128,384,cpu_vals,1,302.416250,302.293937,302.723104,3
1,32,128,tg,1,14.164875,14.137542,14.204042,11
1,32,128,block,1,8.111792,8.023229,8.165812,19
1,32,128,cpu,1,15.657521,15.631791,15.689844,10
1,32,128,tg_vals,1,12.089375,12.087625,12.092500,13
1,32,128,block_vals,1,7.503833,7.398114,7.619844,20
1,32,128,cpu_vals,1,8.262583,8.251708,8.298749,19
1,4,256,tg,1,55.154917,55.123834,55.162959,5
1,4,256,block,1,12.819417,12.786573,12.855583,12
1,4,256,cpu,1,8.896750,8.728083,8.980875,17
1,4,256,tg_vals,1,53.953875,53.921667,53.959917,5
1,4,256,block_vals,1,12.274458,12.188625,12.306625,13
1,4,256,cpu_vals,1,4.147875,4.135958,4.164042,25
1,64,96,tg,1,11.596667,11.584208,11.850583,13
1,64,96,block,1,7.646562,7.597969,7.739916,20
1,64,96,cpu,1,17.586791,17.456083,17.998500,9
1,64,96,tg_vals,1,9.301875,9.203625,9.571167,17
1,64,96,block_vals,1,7.280792,7.035750,7.352291,21
1,64,96,cpu_vals,1,8.936541,8.921750,8.961958,17
1,4,96,tg,1,3.660375,3.653333,3.681000,25
1,4,96,block,1,4.842000,4.683375,5.049333,25
1,4,96,cpu,1,1.137167,1.117958,1.156375,25
1,4,96,tg_vals,1,3.320041,3.302500,3.335500,25
1,4,96,block_vals,1,4.833042,4.684917,4.948375,25
1,4,96,cpu_vals,1,0.555708,0.552292,0.560834,25
1,1024,8,simd,1,0.274750,0.266000,0.284875,25
1,1024,8,tg,1,0.267375,0.263000,0.278584,25
1,1024,8,cpu,1,2.416959,2.402584,2.442292,25
1,1024,8,simd_vals,1,0.258625,0.255333,0.272375,25
1,1024,8,tg_vals,1,0.255166,0.250750,0.256917,25
1,1024,8,cpu_vals,1,1.219416,1.213000,1.230000,25
1,2,1536,block,1,469.321667,469.042667,469.601229,3
1,2,1536,cpu,1,196.593083,196.319084,196.852167,5
1,2,1536,block_vals,1,307.802667,307.594104,307.828438,3
1,2,1536,cpu_vals,1,86.580500,86.535375,86.588875,5
1,64,192,tg,1,147.943875,147.371542,149.176250,5
1,64,192,block,1,32.972791,32.970625,32.990000,5
1,64,192,cpu,1,74.295167,74.262917,74.545917,5
1,64,192,tg_vals,1,82.890083,82.528916,83.668792,5
1,64,192,block_vals,1,28.596459,28.507792,28.777375,6
1,64,192,cpu_vals,1,37.187500,37.184792,37.207083,5
1,16,192,tg,1,29.134583,29.123895,29.140208,6
1,16,192,block,1,11.806125,11.754000,11.912625,13
1,16,192,cpu,1,18.260208,18.169834,18.314292,9
1,16,192,tg_vals,1,25.722355,25.716042,25.733042,6
1,16,192,block_vals,1,10.745000,10.659687,10.820094,14
1,16,192,cpu_vals,1,9.321084,9.304208,9.359375,17
1,1,1536,block,1,245.197750,245.039000,245.428417,5
1,1,1536,cpu,1,98.415875,97.829917,98.439875,5
1,1,1536,block_vals,1,203.133541,203.101708,203.176875,5
1,1,1536,cpu_vals,1,42.670625,42.670125,42.705709,5
1,16,2,simd,1,0.198000,0.176000,0.212792,25
1,16,2,tg,1,0.201583,0.188125,0.210958,25
1,16,2,cpu,1,0.006667,0.006625,0.006833,25
1,16,2,simd_vals,1,0.196166,0.175958,0.201833,25
1,16,2,tg_vals,1,0.155708,0.143958,0.174792,25
1,16,2,cpu_vals,1,0.003375,0.003334,0.003667,25
1,2048,24,simd,1,3.973917,3.964459,4.003500,25
1,2048,24,tg,1,3.881542,3.866125,3.895667,25
1,2048,24,cpu,1,40.101084,40.080708,40.106875,5
1,2048,24,simd_vals,1,3.319000,3.314667,3.337333,25
1,2048,24,tg_vals,1,3.308542,3.303667,3.323500,25
1,2048,24,cpu_vals,1,13.979875,13.950874,14.008146,11
1,128,256,block,1,156.555791,156.019459,157.909917,5
1,128,256,cpu,1,277.434958,276.994958,277.510334,5
1,128,256,block_vals,1,109.789417,109.726708,109.897458,5
1,128,256,cpu_vals,1,133.048750,133.028042,133.089625,5
1,2048,64,tg,1,75.016292,74.866042,75.060416,5
1,2048,64,block,1,50.063541,50.007041,50.158833,5
1,2048,64,cpu,1,278.010959,277.922166,278.169084,5
1,2048,64,tg_vals,1,64.549917,64.336833,64.577458,5
1,2048,64,block_vals,1,43.606833,43.530208,43.714917,5
1,2048,64,cpu_vals,1,112.732583,112.411833,112.757417,5
1,8,32,simd,1,1.730125,1.713958,1.737833,25
1,8,32,tg,1,0.365375,0.361584,0.369584,25
1,8,32,block,1,2.727000,2.685458,2.755416,25
1,8,32,cpu,1,0.272833,0.270417,0.273792,25
1,8,32,simd_vals,1,1.583042,1.568959,1.610833,25
1,8,32,tg_vals,1,0.353875,0.346459,0.360208,25
1,8,32,block_vals,1,2.922667,2.881875,2.971875,25
1,8,32,cpu_vals,1,0.093125,0.091375,0.096542,25
1,512,4,simd,1,0.181459,0.179209,0.187958,25
1,512,4,tg,1,0.182292,0.172291,0.185625,25
1,512,4,cpu,1,0.423208,0.420167,0.426792,25
1,512,4,simd_vals,1,0.165500,0.154875,0.177917,25
1,512,4,tg_vals,1,0.174708,0.162708,0.179792,25
1,512,4,cpu_vals,1,0.225166,0.223166,0.226709,25
1,16,24,simd,1,0.784083,0.746083,0.829625,25
1,16,24,tg,1,0.294500,0.291958,0.296625,25
1,16,24,cpu,1,0.327875,0.326875,0.329000,25
1,16,24,simd_vals,1,0.776458,0.734625,0.778792,25
1,16,24,tg_vals,1,0.278916,0.264292,0.282042,25
1,16,24,cpu_vals,1,0.113750,0.111834,0.114042,25
1,128,16,simd,1,0.358875,0.353833,0.360875,25
1,128,16,tg,1,0.272500,0.266916,0.288208,25
1,128,16,cpu,1,1.109834,1.105417,1.117750,25
1,128,16,simd_vals,1,0.353583,0.338792,0.357459,25
1,128,16,tg_vals,1,0.259042,0.255292,0.264084,25
1,128,16,cpu_vals,1,0.444209,0.442458,0.445458,25
1,32,2,simd,1,0.179708,0.171667,0.196875,25
1,32,2,tg,1,0.181541,0.170291,0.189458,25
1,32,2,cpu,1,0.013125,0.013042,0.013292,25
1,32,2,simd_vals,1,0.203083,0.198583,0.206750,25
1,32,2,tg_vals,1,0.189208,0.181917,0.204917,25
1,32,2,cpu_vals,1,0.006083,0.006042,0.006125,25
1,4,2,simd,1,0.185875,0.172792,0.217459,25
1,4,2,tg,1,0.188709,0.178583,0.207667,25
1,4,2,cpu,1,0.002209,0.002167,0.002459,25
1,4,2,simd_vals,1,0.173000,0.148208,0.194667,25
1,4,2,tg_vals,1,0.152916,0.144375,0.215625,25
1,4,2,cpu_vals,1,0.001875,0.001875,0.002125,25
1,1,48,tg,1,0.756709,0.716333,0.764334,25
1,1,48,block,1,3.313541,3.266750,3.369459,25
1,1,48,cpu,1,0.078208,0.077917,0.079917,25
1,1,48,tg_vals,1,0.718709,0.679125,0.726041,25
1,1,48,block_vals,1,3.266250,3.195792,3.344959,25
1,1,48,cpu_vals,1,0.034250,0.034083,0.034292,25
1,2,16,simd,1,0.509041,0.496458,0.527708,25
1,2,16,tg,1,0.232709,0.219000,0.235375,25
1,2,16,cpu,1,0.017917,0.017834,0.018166,25
1,2,16,simd_vals,1,0.314125,0.307041,0.321667,25
1,2,16,tg_vals,1,0.228333,0.216750,0.234125,25
1,2,16,cpu_vals,1,0.007500,0.007500,0.007542,25
1,1,96,tg,1,3.622000,3.619750,3.636083,25
1,1,96,block,1,4.897666,4.747917,5.054041,25
1,1,96,cpu,1,0.290083,0.287250,0.292875,25
1,1,96,tg_vals,1,3.302542,3.298500,3.304666,25
1,1,96,block_vals,1,4.931708,4.841000,4.998875,25
1,1,96,cpu_vals,1,0.146208,0.145209,0.146583,25
1,4096,96,block,1,295.201333,294.928042,295.292459,5
1,4096,96,cpu,1,1126.031791,1125.370583,1126.635687,3
1,4096,96,block_vals,1,247.849833,247.539083,248.070083,5
1,4096,96,cpu_vals,1,571.630208,571.371562,572.538875,3
1,16,64,tg,1,1.272583,1.264625,1.316458,25
1,16,64,block,1,3.244208,3.194250,3.254917,25
1,16,64,cpu,1,2.230166,2.181000,2.255166,25
1,16,64,tg_vals,1,1.160333,1.140500,1.196833,25
1,16,64,block_vals,1,3.135917,3.116959,3.216375,25
1,16,64,cpu_vals,1,0.888167,0.885583,0.915875,25
1,32,384,tg,1,776.315542,770.829958,776.354959,3
1,32,384,block,1,113.765125,113.415041,114.012708,5
1,32,384,cpu,1,146.475458,143.116292,146.986917,5
1,32,384,tg_vals,1,485.004125,484.955896,485.185979,3
1,32,384,block_vals,1,81.288542,81.250500,81.344792,5
1,32,384,cpu_vals,1,74.605625,74.571541,74.641667,5
1,4096,12,simd,1,1.466959,1.445500,1.495666,25
1,4096,12,tg,1,1.389750,1.380084,1.399125,25
1,4096,12,cpu,1,19.958937,19.949624,19.981406,8
1,4096,12,simd_vals,1,1.231417,1.196875,1.295750,25
1,4096,12,tg_vals,1,1.244292,1.229125,1.289750,25
1,4096,12,cpu_vals,1,8.902167,8.893000,8.914375,17
1,1,192,tg,1,24.592750,24.582770,24.596750,7
1,1,192,block,1,9.034875,8.954667,9.072542,17
1,1,192,cpu,1,1.187667,1.168125,1.197375,25
1,1,192,tg_vals,1,22.920250,22.913417,22.923687,7
1,1,192,block_vals,1,8.745146,8.616886,8.826042,18
1,1,192,cpu_vals,1,0.588333,0.585792,0.589375,25
1,32,4,simd,1,0.230167,0.211875,0.245958,25
1,32,4,tg,1,0.189625,0.166042,0.249416,25
1,32,4,cpu,1,0.027084,0.027000,0.027417,25
1,32,4,simd_vals,1,0.177292,0.158000,0.190542,25
1,32,4,tg_vals,1,0.162083,0.156875,0.169459,25
1,32,4,cpu_vals,1,0.015083,0.014958,0.015333,25
1,4,2048,block,1,2315.322875,2314.856854,2317.423292,3
1,4,2048,cpu,1,909.977375,906.109396,911.433417,3
1,4,2048,block_vals,1,1538.114333,1537.858354,1539.474292,3
1,4,2048,cpu_vals,1,325.372000,324.999959,325.856896,3
1,128,64,tg,1,5.337583,5.325583,5.356458,25
1,128,64,block,1,5.519584,5.344250,5.647958,25
1,128,64,cpu,1,17.399125,17.387625,17.475750,9
1,128,64,tg_vals,1,4.703417,4.699375,4.708833,25
1,128,64,block_vals,1,5.319500,5.231542,5.411209,25
1,128,64,cpu_vals,1,7.073229,7.047167,7.113178,22
1,8,192,tg,1,27.753291,27.748176,27.759594,6
1,8,192,block,1,9.998667,9.900500,10.108896,15
1,8,192,cpu,1,9.378709,9.357625,9.422000,17
1,8,192,tg_vals,1,25.882708,25.862823,25.904344,6
1,8,192,block_vals,1,9.682042,9.626573,9.786458,16
1,8,192,cpu_vals,1,4.665334,4.644083,4.692333,25
1,16,256,tg,1,86.105042,85.968500,86.152917,5
1,16,256,block,1,21.115354,20.951427,21.240011,8
1,16,256,cpu,1,35.003916,34.971708,35.277416,5
1,16,256,tg_vals,1,61.851958,61.826083,61.978958,5
1,16,256,block_vals,1,18.726250,18.661750,18.765500,9
1,16,256,cpu_vals,1,16.786334,16.710625,16.796416,9
1,256,192,tg,1,573.404625,571.067563,574.318270,3
1,256,192,block,1,145.712708,145.660500,145.952917,5
1,256,192,cpu,1,298.556166,294.477125,299.250833,5
1,256,192,tg_vals,1,280.997833,280.363333,281.606292,5
1,256,192,block_vals,1,102.544250,102.526583,102.846125,5
1,256,192,cpu_vals,1,149.583125,149.502708,149.587334,5
1,2,96,tg,1,3.627167,3.621208,3.629500,25
1,2,96,block,1,4.854791,4.620500,4.946333,25
1,2,96,cpu,1,0.551000,0.547125,0.561000,25
1,2,96,tg_vals,1,3.307000,3.300834,3.312625,25
1,2,96,block_vals,1,4.886041,4.775708,4.946250,25
1,2,96,cpu_vals,1,0.284667,0.282417,0.285708,25
1,1,64,tg,1,1.286542,1.241792,1.404291,25
1,1,64,block,1,3.170167,3.137250,3.241333,25
1,1,64,cpu,1,0.141917,0.141666,0.142917,25
1,1,64,tg_vals,1,1.150583,1.142459,1.161459,25
1,1,64,block_vals,1,3.279083,3.217125,3.319375,25
1,1,64,cpu_vals,1,0.059708,0.059458,0.060500,25
1,256,2,simd,1,0.152417,0.140708,0.182042,25
1,256,2,tg,1,0.147500,0.138041,0.160750,25
1,256,2,cpu,1,0.094792,0.093875,0.095833,25
1,256,2,simd_vals,1,0.137125,0.135708,0.143583,25
1,256,2,tg_vals,1,0.149333,0.142375,0.161208,25
1,256,2,cpu_vals,1,0.039916,0.039667,0.040041,25
1,1024,24,simd,1,2.414292,2.390667,2.428167,25
1,1024,24,tg,1,2.180000,2.169750,2.184209,25
1,1024,24,cpu,1,20.072396,20.030823,20.123864,8
1,1024,24,simd_vals,1,2.082625,2.063500,2.112166,25
1,1024,24,tg_vals,1,1.866666,1.863542,1.878542,25
1,1024,24,cpu_vals,1,6.968209,6.950344,7.004573,22
1,1,384,tg,1,202.260500,202.219750,202.281583,5
1,1,384,block,1,20.063750,20.000625,20.123344,8
1,1,384,cpu,1,4.628750,4.494792,4.853334,25
1,1,384,tg_vals,1,191.387625,190.289292,192.894375,5
1,1,384,block_vals,1,19.939062,19.833198,20.140594,8
1,1,384,cpu_vals,1,2.394583,2.375792,2.402708,25
1,2,8,simd,1,0.185834,0.153708,0.268208,25
1,2,8,tg,1,0.182917,0.168083,0.188583,25
1,2,8,cpu,1,0.006417,0.006375,0.006500,25
1,2,8,simd_vals,1,0.167750,0.159333,0.181625,25
1,2,8,tg_vals,1,0.171166,0.162458,0.191667,25
1,2,8,cpu_vals,1,0.003542,0.003334,0.003625,25
1,64,768,block,1,2077.442708,2077.286375,2078.943229,3
1,64,768,block_vals,1,1440.232167,1409.720667,1460.886750,3
1,8,768,block,1,234.993709,234.514292,235.022666,5
1,8,768,cpu,1,146.822667,145.891792,147.462500,5
1,8,768,block_vals,1,158.339666,157.976459,158.369667,5
1,8,768,cpu_vals,1,78.650375,78.621166,78.668500,5
1,1,256,tg,1,55.764416,55.692458,55.766584,5
1,1,256,block,1,11.996542,11.787958,12.057375,13
1,1,256,cpu,1,2.278750,2.204792,2.325750,25
1,1,256,tg_vals,1,54.406458,54.401000,54.408666,5
1,1,256,block_vals,1,11.447625,11.405708,11.699458,13
1,1,256,cpu_vals,1,1.051084,1.038250,1.055166,25
1,1024,16,simd,1,0.888917,0.877250,0.900875,25
1,1024,16,tg,1,0.888667,0.849542,0.901625,25
1,1024,16,cpu,1,8.740125,8.728094,8.768083,18
1,1024,16,simd_vals,1,0.856541,0.803750,1.388708,25
1,1024,16,tg_vals,1,0.744125,0.695500,0.778292,25
1,1024,16,cpu_vals,1,3.542917,3.514250,3.563583,25
1,2,32,simd,1,1.742875,1.734834,1.777875,25
1,2,32,tg,1,0.346000,0.339708,0.355750,25
1,2,32,block,1,3.015792,2.813125,3.134166,25
1,2,32,cpu,1,0.068375,0.068167,0.069042,25
1,2,32,simd_vals,1,1.578791,1.547459,1.587250,25
1,2,32,tg_vals,1,0.345042,0.336792,0.348542,25
1,2,32,block_vals,1,3.250417,3.174958,3.274584,25
1,2,32,cpu_vals,1,0.024917,0.024916,0.025291,25
1,1024,32,simd,1,6.950375,6.842437,7.035770,23
1,1024,32,tg,1,4.512917,4.496125,4.538333,25
1,1024,32,block,1,6.493792,6.466552,6.610980,24
1,1024,32,cpu,1,34.491250,34.456500,34.538250,5
1,1024,32,simd_vals,1,4.482333,4.475583,4.508583,25
1,1024,32,tg_vals,1,3.910750,3.902584,3.923583,25
1,1024,32,block_vals,1,6.094917,5.966292,6.133083,25
1,1024,32,cpu_vals,1,11.678917,11.651959,11.700917,13
1,256,256,block,1,320.810417,320.788646,320.915792,3
1,256,256,cpu,1,557.221667,557.156042,558.358876,3
1,256,256,block_vals,1,255.360875,255.310167,255.638750,5
1,256,256,cpu_vals,1,269.090083,267.860625,269.236958,5
1,2048,8,simd,1,0.553458,0.466750,0.725667,25
1,2048,8,tg,1,0.400209,0.391333,0.406709,25
1,2048,8,cpu,1,4.874125,4.829541,4.905791,25
1,2048,8,simd_vals,1,0.741959,0.582042,0.835584,25
1,2048,8,tg_vals,1,0.333667,0.326958,0.338750,25
1,2048,8,cpu_vals,1,2.464542,2.445417,2.500708,25
1,1,512,tg,1,477.529125,475.541854,479.457542,3
1,1,512,block,1,30.792458,30.689333,30.899083,5
1,1,512,cpu,1,8.997125,8.921125,9.145500,17
1,1,512,tg_vals,1,450.109167,449.744541,450.208813,3
1,1,512,block_vals,1,29.346938,29.126552,29.391385,6
1,1,512,cpu_vals,1,4.250708,4.226916,4.268583,25
1,256,48,tg,1,4.318208,4.302709,4.507750,25
1,256,48,block,1,7.836375,7.739427,7.924614,20
1,256,48,cpu,1,20.459854,20.429469,20.486094,8
1,256,48,tg_vals,1,3.791083,3.760541,3.889750,25
1,256,48,block_vals,1,7.396916,7.328208,7.457667,21
1,256,48,cpu_vals,1,9.008209,8.980584,9.038416,17
1,512,8,simd,1,0.316375,0.292916,0.764250,25
1,512,8,tg,1,0.230583,0.227708,0.238791,25
1,512,8,cpu,1,1.229667,1.224166,1.236709,25
1,512,8,simd_vals,1,0.310125,0.288625,0.359750,25
1,512,8,tg_vals,1,0.303666,0.282625,0.317000,25
1,512,8,cpu_vals,1,0.613917,0.612583,0.622000,25
1,2048,192,block,1,1152.007583,1147.570312,1152.351958,3
1,2048,192,block_vals,1,886.559750,866.531146,888.669938,3
1,64,2,simd,1,0.184125,0.175500,0.200458,25
1,64,2,tg,1,0.187375,0.173583,0.193417,25
1,64,2,cpu,1,0.025417,0.025250,0.025500,25
1,64,2,simd_vals,1,0.179792,0.160916,0.204625,25
1,64,2,tg_vals,1,0.146875,0.142459,0.159417,25
1,64,2,cpu_vals,1,0.012333,0.012291,0.012417,25
1,2048,48,tg,1,29.651125,29.626323,29.752959,6
1,2048,48,block,1,44.021625,43.998583,44.226500,5
1,2048,48,cpu,1,162.087542,158.263375,163.039792,5
1,2048,48,tg_vals,1,25.549146,25.503583,25.611240,6
1,2048,48,block_vals,1,39.046292,39.038458,39.073459,5
1,2048,48,cpu_vals,1,71.822542,71.757625,71.845083,5
1,4,64,tg,1,1.277750,1.245708,1.334000,25
1,4,64,block,1,3.187000,3.171500,3.238541,25
1,4,64,cpu,1,0.554667,0.552833,0.558667,25
1,4,64,tg_vals,1,1.118833,1.109417,1.153125,25
1,4,64,block_vals,1,3.266042,3.197917,3.319833,25
1,4,64,cpu_vals,1,0.225709,0.224542,0.226917,25
1,4096,4,simd,1,0.529333,0.297708,0.582041,25
1,4096,4,tg,1,0.295375,0.290250,0.301084,25
1,4096,4,cpu,1,3.406708,3.372666,3.426459,25
1,4096,4,simd_vals,1,0.673042,0.330000,0.778750,25
1,4096,4,tg_vals,1,0.297334,0.289834,0.307333,25
1,4096,4,cpu_vals,1,1.792458,1.775708,1.801375,25
1,32,24,simd,1,0.845917,0.807584,1.205084,25
1,32,24,tg,1,0.298416,0.295500,0.301833,25
1,32,24,cpu,1,0.644875,0.643500,0.647666,25
1,32,24,simd_vals,1,0.727292,0.691833,0.771292,25
1,32,24,tg_vals,1,0.287208,0.268625,0.289084,25
1,32,24,cpu_vals,1,0.223708,0.223250,0.224625,25
1,64,384,block,1,253.010625,252.671292,254.309375,5
1,64,384,cpu,1,284.063166,283.224125,285.898334,5
1,64,384,block_vals,1,170.953625,170.688959,171.075750,5
1,64,384,cpu_vals,1,149.547167,149.510584,149.598042,5
1,2048,12,simd,1,1.052708,0.961417,1.417875,25
1,2048,12,tg,1,0.997500,0.959542,1.017625,25
1,2048,12,cpu,1,9.982125,9.961104,10.069250,15
1,2048,12,simd_vals,1,1.041292,0.788250,1.074334,25
1,2048,12,tg_vals,1,0.706750,0.696791,0.792083,25
1,2048,12,cpu_vals,1,4.437084,4.425500,4.455833,25
1,64,16,simd,1,1.079958,0.357375,1.104916,25
1,64,16,tg,1,0.251959,0.250667,0.256208,25
1,64,16,cpu,1,0.561542,0.558917,0.564625,25
1,64,16,simd_vals,1,0.328000,0.322334,0.331750,25
1,64,16,tg_vals,1,0.241333,0.238875,0.244625,25
1,64,16,cpu_vals,1,0.225542,0.225333,0.226208,25
1,16,8,simd,1,0.307709,0.293375,0.326625,25
1,16,8,tg,1,0.205084,0.199042,0.224584,25
1,16,8,cpu,1,0.040209,0.038459,0.040458,25
1,16,8,simd_vals,1,0.206500,0.188083,0.215083,25
1,16,8,tg_vals,1,0.195542,0.185250,0.202167,25
1,16,8,cpu_vals,1,0.020000,0.019667,0.020708,25
1,2,12,simd,1,0.651875,0.475625,0.722875,25
1,2,12,tg,1,0.239417,0.200500,0.271625,25
1,2,12,cpu,1,0.011000,0.010875,0.011292,25
1,2,12,simd_vals,1,0.227667,0.223292,0.242041,25
1,2,12,tg_vals,1,0.199334,0.188958,0.203417,25
1,2,12,cpu_vals,1,0.005167,0.005125,0.005208,25
1,32,32,simd,1,1.744000,1.707500,1.752583,25
1,32,32,tg,1,0.430750,0.427000,0.522542,25
1,32,32,block,1,2.768375,2.747084,2.792917,25
1,32,32,cpu,1,1.087791,1.082250,1.091500,25
1,32,32,simd_vals,1,1.581417,1.566708,1.595375,25
1,32,32,tg_vals,1,0.409500,0.401084,0.486791,25
1,32,32,block_vals,1,2.771292,2.732459,2.814041,25
1,32,32,cpu_vals,1,0.371042,0.370042,0.372875,25
1,8,12,simd,1,0.707125,0.513917,0.728084,25
1,8,12,tg,1,0.216875,0.214750,0.253292,25
1,8,12,cpu,1,0.040125,0.039375,0.041500,25
1,8,12,simd_vals,1,0.251959,0.249375,0.268916,25
1,8,12,tg_vals,1,0.207708,0.196166,0.211417,25
1,8,12,cpu_vals,1,0.018209,0.018167,0.018292,25
1,128,24,simd,1,0.885500,0.827208,1.623375,25
1,128,24,tg,1,0.487584,0.485500,0.496458,25
1,128,24,cpu,1,2.545875,2.533416,2.558166,25
1,128,24,simd_vals,1,0.786000,0.712333,1.244667,25
1,128,24,tg_vals,1,0.456916,0.445167,0.527709,25
1,128,24,cpu_vals,1,0.882416,0.880333,0.884542,25
1,512,32,simd,1,2.821291,2.808958,2.839917,25
1,512,32,tg,1,2.499375,2.492708,2.502750,25
1,512,32,block,1,4.421708,4.341708,4.527792,25
1,512,32,cpu,1,17.224000,17.182292,17.259708,9
1,512,32,simd_vals,1,2.719083,2.713666,2.724166,25
1,512,32,tg_vals,1,2.169250,2.167042,2.171458,25
1,512,32,block_vals,1,4.234292,4.154583,4.256417,25
1,512,32,cpu_vals,1,5.809458,5.799625,5.834084,25
1,8,96,tg,1,3.666458,3.659750,3.669625,25
1,8,96,block,1,4.838250,4.753542,4.988375,25
1,8,96,cpu,1,2.275042,2.252583,2.283458,25
1,8,96,tg_vals,1,3.303708,3.301709,3.306834,25
1,8,96,block_vals,1,4.759958,4.684750,4.788833,25
1,8,96,cpu_vals,1,1.115167,1.112667,1.117708,25
1,2,24,simd,1,0.824334,0.764375,0.848166,25
1,2,24,tg,1,0.278750,0.261000,0.284125,25
1,2,24,cpu,1,0.042875,0.041542,0.043875,25
1,2,24,simd_vals,1,0.772083,0.720042,0.776167,25
1,2,24,tg_vals,1,0.269167,0.255584,0.272334,25
1,2,24,cpu_vals,1,0.014584,0.014542,0.015417,25
1,2,4,simd,1,0.211916,0.165709,0.250708,25
1,2,4,tg,1,0.177416,0.162041,0.236125,25
1,2,4,cpu,1,0.002417,0.002416,0.002625,25
1,2,4,simd_vals,1,0.187792,0.167208,0.225792,25
1,2,4,tg_vals,1,0.169959,0.155875,0.218125,25
1,2,4,cpu_vals,1,0.002083,0.001959,0.002167,25
1,2,1024,block,1,135.455291,135.387166,135.535458,5
1,2,1024,cpu,1,79.502625,79.207917,79.865333,5
1,2,1024,block_vals,1,111.906125,111.778250,111.966625,5
1,2,1024,cpu_vals,1,36.131416,36.106083,36.141833,5
1,32,192,tg,1,62.224791,61.727834,62.518000,5
1,32,192,block,1,18.356250,18.225292,18.423084,9
1,32,192,cpu,1,36.568875,36.447167,36.579750,5
1,32,192,tg_vals,1,42.637834,42.631125,42.646333,5
1,32,192,block_vals,1,16.349291,16.341344,16.434052,10
1,32,192,cpu_vals,1,18.618458,18.607709,18.648333,9
1,128,2,simd,1,0.192250,0.186792,0.206375,25
1,128,2,tg,1,0.206333,0.196959,0.212584,25
1,128,2,cpu,1,0.047167,0.046833,0.047458,25
1,128,2,simd_vals,1,0.191542,0.177334,0.207708,25
1,128,2,tg_vals,1,0.160708,0.146625,0.163834,25
1,128,2,cpu_vals,1,0.020083,0.020042,0.020291,25
1,16,512,block,1,124.063750,123.715667,124.232917,5
1,16,512,cpu,1,139.058292,138.470333,139.292417,5
1,16,512,block_vals,1,91.929125,91.924583,91.985750,5
1,16,512,cpu_vals,1,67.625458,67.601584,67.636458,5
1,1,768,block,1,60.848542,60.765584,60.928125,5
1,1,768,cpu,1,18.401667,18.182208,18.429125,9
1,1,768,block_vals,1,55.734916,55.728375,55.806833,5
1,1,768,cpu_vals,1,9.752187,9.735750,9.770875,16
1,16,32,simd,1,1.739750,1.724917,1.791000,25
1,16,32,tg,1,0.371209,0.367833,0.374750,25
1,16,32,block,1,2.757583,2.725958,2.789875,25
1,16,32,cpu,1,0.541834,0.538750,0.544375,25
1,16,32,simd_vals,1,1.574666,1.551500,1.580000,25
1,16,32,tg_vals,1,0.354958,0.341167,0.364083,25
1,16,32,block_vals,1,2.741125,2.719083,2.772208,25
1,16,32,cpu_vals,1,0.186333,0.185791,0.187167,25
1,256,12,simd,1,0.560042,0.527667,0.569000,25
1,256,12,tg,1,0.296208,0.289292,0.300041,25
1,256,12,cpu,1,1.268084,1.264208,1.275666,25
1,256,12,simd_vals,1,0.732666,0.698208,0.806708,25
1,256,12,tg_vals,1,0.264542,0.253583,0.272584,25
1,256,12,cpu_vals,1,0.560292,0.557125,0.561333,25
1,512,128,tg,1,170.416834,169.877417,170.711375,5
1,512,128,block,1,84.910375,84.706500,84.925167,5
1,512,128,cpu,1,249.832375,249.607167,250.054416,5
1,512,128,tg_vals,1,150.066500,150.001625,150.276375,5
1,512,128,block_vals,1,67.939541,67.922583,68.041542,5
1,512,128,cpu_vals,1,132.682000,132.571917,132.773750,5
1,512,256,block,1,632.429458,631.252291,632.624458,3
1,512,256,cpu,1,1106.839291,1106.090208,1106.882958,3
1,512,256,block_vals,1,480.317459,480.083104,480.768854,3
1,512,256,cpu_vals,1,530.373125,530.326854,530.558021,3
1,128,8,simd,1,0.350792,0.347500,0.355917,25
1,128,8,tg,1,0.360708,0.352708,0.363084,25
1,128,8,cpu,1,0.310833,0.309792,0.313083,25
1,128,8,simd_vals,1,0.171666,0.162458,0.184458,25
1,128,8,tg_vals,1,0.191792,0.183000,0.198250,25
1,128,8,cpu_vals,1,0.151000,0.149166,0.155625,25
1,1024,192,block,1,541.719083,541.472625,542.018333,3
1,1024,192,cpu,1,1151.616917,1150.567479,1158.186375,3
1,1024,192,block_vals,1,425.731292,425.723542,426.428396,3
1,1024,192,cpu_vals,1,593.121708,593.110000,593.525729,3
1,512,384,block,1,2137.209750,2134.103479,2140.385979,3
1,512,384,block_vals,1,1521.945875,1521.412521,1522.530667,3
1,128,4,simd,1,0.224041,0.217292,0.248625,25
1,128,4,tg,1,0.243625,0.228667,0.255958,25
1,128,4,cpu,1,0.107083,0.106917,0.107458,25
1,128,4,simd_vals,1,0.146959,0.143125,0.158833,25
1,128,4,tg_vals,1,0.167834,0.150334,0.172542,25
1,128,4,cpu_vals,1,0.059000,0.058750,0.059208,25
1,2048,4,simd,1,0.440834,0.421584,0.457125,25
1,2048,4,tg,1,0.238291,0.236750,0.243500,25
1,2048,4,cpu,1,1.704292,1.679333,1.731500,25
1,2048,4,simd_vals,1,0.449792,0.437750,0.456708,25
1,2048,4,tg_vals,1,0.232083,0.226791,0.246750,25
1,2048,4,cpu_vals,1,0.891959,0.885333,0.895916,25
1,32,96,tg,1,5.816583,5.815458,5.823917,25
1,32,96,block,1,5.425208,5.315208,5.521167,25
1,32,96,cpu,1,8.919584,8.872917,9.013500,17
1,32,96,tg_vals,1,5.195791,5.192875,5.198000,25
1,32,96,block_vals,1,5.128084,5.044250,5.203542,25
1,32,96,cpu_vals,1,4.404208,4.394250,4.422917,25
1,1,8,simd,1,0.307084,0.301792,0.315542,25
1,1,8,tg,1,0.200917,0.184917,0.230208,25
1,1,8,cpu,1,0.004083,0.004042,0.004167,25
1,1,8,simd_vals,1,0.218833,0.193750,0.256542,25
1,1,8,tg_vals,1,0.214833,0.185500,0.251250,25
1,1,8,cpu_vals,1,0.002417,0.002250,0.002584,25
1,16,96,tg,1,3.677417,3.673333,3.682250,25
1,16,96,block,1,5.029167,4.931625,5.145375,25
1,16,96,cpu,1,4.463708,4.436209,4.483792,25
1,16,96,tg_vals,1,3.305041,3.302000,3.310000,25
1,16,96,block_vals,1,4.898209,4.842542,4.947625,25
1,16,96,cpu_vals,1,2.218042,2.213709,2.226834,25
1,512,16,simd,1,0.589042,0.579667,1.011208,25
1,512,16,tg,1,0.508125,0.505708,0.510208,25
1,512,16,cpu,1,4.374875,4.366667,4.393125,25
1,512,16,simd_vals,1,0.889125,0.510958,0.964084,25
1,512,16,tg_vals,1,0.454625,0.449791,0.461417,25
1,512,16,cpu_vals,1,1.773459,1.770584,1.781666,25
1,256,4,simd,1,0.723041,0.213209,0.824708,25
1,256,4,tg,1,0.198417,0.193083,0.200875,25
1,256,4,cpu,1,0.222250,0.221583,0.224167,25
1,256,4,simd_vals,1,0.148417,0.143583,0.157250,25
1,256,4,tg_vals,1,0.168834,0.165125,0.172667,25
1,256,4,cpu_vals,1,0.114875,0.114250,0.115625,25
1,128,32,simd,1,1.824750,1.818542,1.882083,25
1,128,32,tg,1,1.019167,0.989917,1.050792,25
1,128,32,block,1,3.093042,3.031542,3.129875,25
1,128,32,cpu,1,4.320458,4.307584,4.336208,25
1,128,32,simd_vals,1,1.625375,1.619166,1.632958,25
1,128,32,tg_vals,1,0.900667,0.856375,0.939667,25
1,128,32,block_vals,1,2.973417,2.952500,3.000250,25
1,128,32,cpu_vals,1,1.471458,1.467958,1.475125,25
1,4,48,tg,1,0.763208,0.687875,1.303375,25
1,4,48,block,1,3.137833,3.095417,3.158083,25
1,4,48,cpu,1,0.327084,0.325625,0.328750,25
1,4,48,tg_vals,1,0.701000,0.677667,0.726208,25
1,4,48,block_vals,1,3.219334,3.138167,3.343333,25
1,4,48,cpu_vals,1,0.147125,0.146875,0.147792,25
1,4,32,simd,1,1.732500,1.723208,1.743000,25
1,4,32,tg,1,0.366833,0.361583,0.370542,25
1,4,32,block,1,3.151625,2.965792,3.386083,25
1,4,32,cpu,1,0.138959,0.137667,0.139333,25
1,4,32,simd_vals,1,1.580417,1.571584,1.589708,25
1,4,32,tg_vals,1,0.354708,0.344250,0.357250,25
1,4,32,block_vals,1,3.610625,3.486333,3.681125,25
1,4,32,cpu_vals,1,0.050417,0.050208,0.050708,25
1,1024,4,simd,1,0.201834,0.196625,0.204250,25
1,1024,4,tg,1,0.202583,0.199791,0.205125,25
1,1024,4,cpu,1,0.861250,0.852792,0.872167,25
1,1024,4,simd_vals,1,0.200167,0.199375,0.202666,25
1,1024,4,tg_vals,1,0.203750,0.198375,0.206084,25
1,1024,4,cpu_vals,1,0.453833,0.449583,0.456834,25
1,4,512,tg,1,538.661791,538.611417,538.836395,3
1,4,512,block,1,43.739333,43.673875,43.750333,5
1,4,512,cpu,1,35.262167,35.250625,35.555917,5
1,4,512,tg_vals,1,444.513500,444.342104,444.544209,3
1,4,512,block_vals,1,38.829083,38.815916,39.065625,5
1,4,512,cpu_vals,1,16.886125,16.845458,16.912542,9
1,64,48,tg,1,1.616458,1.611000,1.624917,25
1,64,48,block,1,3.796917,3.743792,3.892417,25
1,64,48,cpu,1,5.094375,5.074083,5.108083,25
1,64,48,tg_vals,1,1.439791,1.432000,1.480958,25
1,64,48,block_vals,1,3.622125,3.556791,3.705250,25
1,64,48,cpu_vals,1,2.233750,2.216709,2.244083,25
1,1,24,simd,1,0.794125,0.749083,0.828417,25
1,1,24,tg,1,0.279458,0.276583,0.283000,25
1,1,24,cpu,1,0.022084,0.022041,0.022250,25
1,1,24,simd_vals,1,0.713791,0.690834,0.771791,25
1,1,24,tg_vals,1,0.260542,0.253666,0.271584,25
1,1,24,cpu_vals,1,0.007916,0.007875,0.007958,25
1,4,16,simd,1,0.355542,0.333000,0.375625,25
1,4,16,tg,1,0.258583,0.245917,0.264750,25
1,4,16,cpu,1,0.034750,0.034584,0.035625,25
1,4,16,simd_vals,1,0.325250,0.319125,0.363875,25
1,4,16,tg_vals,1,0.226250,0.217875,0.229625,25
1,4,16,cpu_vals,1,0.014750,0.014667,0.014917,25
1,1,16,simd,1,0.360375,0.330917,0.962541,25
1,1,16,tg,1,0.231583,0.225041,0.237625,25
1,1,16,cpu,1,0.009750,0.009708,0.009792,25
1,1,16,simd_vals,1,0.322125,0.311500,0.329708,25
1,1,16,tg_vals,1,0.226583,0.215542,0.243917,25
1,1,16,cpu_vals,1,0.004417,0.004416,0.004500,25
1,4096,2,simd,1,0.212375,0.195583,0.312708,25
1,4096,2,tg,1,0.326667,0.313167,0.336041,25
1,4096,2,cpu,1,1.371208,1.350500,1.386958,25
1,4096,2,simd_vals,1,0.306875,0.302458,0.313000,25
1,4096,2,tg_vals,1,0.201833,0.195334,0.216333,25
1,4096,2,cpu_vals,1,0.556708,0.547750,0.564625,25
1,16,384,tg,1,351.690333,351.537750,351.711021,3
1,16,384,block,1,54.470750,54.414375,54.529584,5
1,16,384,cpu,1,73.061667,72.848500,73.831458,5
1,16,384,tg_vals,1,223.635458,223.544042,223.672250,5
1,16,384,block_vals,1,45.514667,45.477792,45.595625,5
1,16,384,cpu_vals,1,37.320583,37.314625,37.331042,5
1,8,4,simd,1,0.236625,0.221541,0.253875,25
1,8,4,tg,1,0.243625,0.233458,0.252875,25
1,8,4,cpu,1,0.008083,0.007959,0.008459,25
1,8,4,simd_vals,1,0.176166,0.167000,0.181542,25
1,8,4,tg_vals,1,0.169708,0.165125,0.176250,25
1,8,4,cpu_vals,1,0.004292,0.004291,0.004708,25
1,16,48,tg,1,0.730167,0.675875,0.785250,25
1,16,48,block,1,3.245583,3.217666,3.267167,25
1,16,48,cpu,1,1.294625,1.290083,1.308958,25
1,16,48,tg_vals,1,0.727500,0.671542,0.736041,25
1,16,48,block_vals,1,3.159000,3.115083,3.230875,25
1,16,48,cpu_vals,1,0.570417,0.568292,0.574125,25
1,256,32,simd,1,1.950250,1.939959,1.971500,25
1,256,32,tg,1,1.609708,1.603041,1.656500,25
1,256,32,block,1,3.409250,3.380291,3.493750,25
1,256,32,cpu,1,8.603479,8.569344,8.620083,18
1,256,32,simd_vals,1,1.706333,1.689875,1.749250,25
1,256,32,tg_vals,1,1.415125,1.400750,1.449584,25
1,256,32,block_vals,1,3.329291,3.294000,3.354042,25
1,256,32,cpu_vals,1,2.903834,2.896083,2.911500,25
1,1,12,simd,1,0.455959,0.410959,0.667500,25
1,1,12,tg,1,0.269125,0.263209,0.283792,25
1,1,12,cpu,1,0.006208,0.006166,0.006542,25
1,1,12,simd_vals,1,0.242334,0.224167,0.255959,25
1,1,12,tg_vals,1,0.223084,0.194917,0.262042,25
1,1,12,cpu_vals,1,0.003084,0.003083,0.003375,25
1,2,64,tg,1,1.232667,1.216792,1.269834,25
1,2,64,block,1,3.177333,3.135917,3.198042,25
1,2,64,cpu,1,0.280583,0.280000,0.282167,25
1,2,64,tg_vals,1,1.158584,1.144000,1.197125,25
1,2,64,block_vals,1,3.295000,3.245708,3.357167,25
1,2,64,cpu_vals,1,0.120292,0.119041,0.120792,25
1,512,192,block,1,275.485583,275.225500,275.570208,5
1,512,192,cpu,1,572.718750,572.704438,573.100708,3
1,512,192,block_vals,1,215.805541,215.804459,216.067875,5
1,512,192,cpu_vals,1,298.643375,298.196416,298.654209,5
1,1024,64,tg,1,38.164959,38.067625,38.239375,5
1,1024,64,block,1,24.814292,24.805771,24.844895,7
1,1024,64,cpu,1,139.662625,139.503375,139.818750,5
1,1024,64,tg_vals,1,32.753917,32.722667,32.770542,5
1,1024,64,block_vals,1,21.176437,21.151657,21.245844,8
1,1024,64,cpu_vals,1,56.491959,56.444959,56.568125,5
1,4,768,block,1,104.425541,104.344667,104.522917,5
1,4,768,cpu,1,72.672250,72.648166,72.674208,5
1,4,768,block_vals,1,84.512667,84.504583,84.552125,5
1,4,768,cpu_vals,1,38.899875,38.897084,38.995334,5
1,512,12,simd,1,1.124458,0.391584,1.228417,25
1,512,12,tg,1,0.370292,0.367208,0.374167,25
1,512,12,cpu,1,2.521083,2.503583,2.540042,25
1,512,12,simd_vals,1,0.499042,0.468625,0.594125,25
1,512,12,tg_vals,1,0.343750,0.338875,0.437375,25
1,512,12,cpu_vals,1,1.120958,1.116833,1.123542,25
1,2,384,tg,1,202.340834,202.338584,202.392959,5
1,2,384,block,1,21.460917,21.381833,21.569520,7
1,2,384,cpu,1,8.918875,8.784583,9.340750,17
1,2,384,tg_vals,1,190.168583,190.073334,190.172625,5
1,2,384,block_vals,1,20.405521,20.323177,20.456354,8
1,2,384,cpu_vals,1,4.658791,4.637875,4.680334,25
1,64,12,simd,1,0.773250,0.722042,0.814416,25
1,64,12,tg,1,0.228334,0.223125,0.248209,25
1,64,12,cpu,1,0.320833,0.320292,0.323459,25
1,64,12,simd_vals,1,0.255208,0.248584,0.257583,25
1,64,12,tg_vals,1,0.218583,0.216542,0.220583,25
1,64,12,cpu_vals,1,0.137292,0.136167,0.139667,25
1,4096,48,tg,1,59.440208,59.433542,59.486084,5
1,4096,48,block,1,85.735541,85.705042,85.796916,5
1,4096,48,cpu,1,322.698042,322.217917,323.617125,3
1,4096,48,tg_vals,1,51.220208,51.190917,51.323583,5
1,4096,48,block_vals,1,75.745667,75.639708,75.787958,5
1,4096,48,cpu_vals,1,141.103042,141.099833,141.245291,5
1,64,32,simd,1,1.774041,1.769500,1.779125,25
1,64,32,tg,1,0.588541,0.583625,0.598167,25
1,64,32,block,1,2.847625,2.818375,2.894792,25
1,64,32,cpu,1,2.161042,2.128917,2.168166,25
1,64,32,simd_vals,1,1.586375,1.554042,1.595416,25
1,64,32,tg_vals,1,0.537542,0.534250,0.539416,25
1,64,32,block_vals,1,2.788375,2.734167,2.807875,25
1,64,32,cpu_vals,1,0.735208,0.734209,0.737333,25
1,4,1536,block,1,966.545708,966.284166,967.669167,3
1,4,1536,cpu,1,391.248875,390.942166,391.851021,3
1,4,1536,block_vals,1,596.267667,596.142480,596.352167,3
1,4,1536,cpu_vals,1,170.977792,170.908291,171.074459,5
1,1024,2,simd,1,0.222542,0.217625,0.234000,25
1,1024,2,tg,1,0.199709,0.194750,0.221459,25
1,1024,2,cpu,1,0.363250,0.355875,0.366541,25
1,1024,2,simd_vals,1,0.168416,0.156167,0.179667,25
1,1024,2,tg_vals,1,0.165333,0.160500,0.177500,25
1,1024,2,cpu_vals,1,0.151584,0.150958,0.152125,25
1,4,24,simd,1,0.790250,0.740625,0.835042,25
1,4,24,tg,1,0.280417,0.274041,0.284625,25
1,4,24,cpu,1,0.083625,0.082667,0.083958,25
1,4,24,simd_vals,1,0.727833,0.694958,0.772541,25
1,4,24,tg_vals,1,0.270083,0.262625,0.271750,25
1,4,24,cpu_vals,1,0.029209,0.028333,0.029959,25
1,16,768,block,1,480.699291,480.320562,481.012792,3
1,16,768,cpu,1,288.740416,288.319750,289.197042,5
1,16,768,block_vals,1,303.553125,302.939729,303.672875,3
1,16,768,cpu_vals,1,155.757000,155.756666,155.761083,5
1,8,512,tg,1,576.446125,575.978875,578.507271,3
1,8,512,block,1,63.719416,63.649917,63.874916,5
1,8,512,cpu,1,70.548292,70.407625,71.318791,5
1,8,512,tg_vals,1,442.938917,442.881146,442.971250,3
1,8,512,block_vals,1,52.830625,52.457209,52.836083,5
1,8,512,cpu_vals,1,33.797542,33.797500,33.822250,5
1,4,8,simd,1,0.312166,0.301958,0.332458,25
1,4,8,tg,1,0.308042,0.260291,0.335167,25
1,4,8,cpu,1,0.010542,0.010500,0.011333,25
1,4,8,simd_vals,1,0.306000,0.250042,0.322166,25
1,4,8,tg_vals,1,0.231750,0.186583,0.256000,25
1,4,8,cpu_vals,1,0.005625,0.005584,0.005667,25
1,8,256,tg,1,62.520334,62.471750,62.524375,5
1,8,256,block,1,14.829750,14.763271,14.852417,11
1,8,256,cpu,1,17.601916,17.559458,17.784667,9
1,8,256,tg_vals,1,60.304042,60.288416,60.318833,5
1,8,256,block_vals,1,13.561688,13.467708,13.633958,12
1,8,256,cpu_vals,1,8.326229,8.321364,8.347291,18
1,1024,12,simd,1,0.549667,0.542375,0.635125,25
1,1024,12,tg,1,0.514875,0.510667,0.522625,25
1,1024,12,cpu,1,4.990458,4.977667,5.007375,25
1,1024,12,simd_vals,1,0.809125,0.480625,0.867625,25
1,1024,12,tg_vals,1,0.461917,0.453708,0.474917,25
1,1024,12,cpu_vals,1,2.225125,2.218208,2.239250,25
1,16,1024,block,1,1138.969750,1138.949813,1140.958021,3
1,16,1024,block_vals,1,767.209583,766.113021,768.202499,3
1,256,64,tg,1,10.187291,10.091396,10.394312,15
1,256,64,block,1,8.025167,7.916458,8.105687,19
1,256,64,cpu,1,34.753959,34.694417,34.789666,5
1,256,64,tg_vals,1,8.570438,8.514615,8.593490,18
1,256,64,block_vals,1,7.571813,7.534563,7.630677,20
1,256,64,cpu_vals,1,14.155541,14.099000,14.175229,11
1,8,64,tg,1,1.388958,1.247750,1.475417,25
1,8,64,block,1,3.204750,3.131709,3.286792,25
1,8,64,cpu,1,1.096625,1.089541,1.101459,25
1,8,64,tg_vals,1,1.143292,1.104708,1.152583,25
1,8,64,block_vals,1,3.138667,3.119833,3.170584,25
1,8,64,cpu_vals,1,0.442958,0.441625,0.445458,25
1,8,384,tg,1,235.267167,235.244458,235.275542,5
1,8,384,block,1,31.945584,31.872333,31.959000,5
1,8,384,cpu,1,36.903083,36.852500,36.988625,5
1,8,384,tg_vals,1,189.397375,189.389250,189.398583,5
1,8,384,block_vals,1,27.683187,27.658344,27.706437,6
1,8,384,cpu_vals,1,18.712500,18.694583,18.723917,9
1,4,4,simd,1,0.254292,0.247375,0.260416,25
1,4,4,tg,1,0.257625,0.251750,0.265959,25
1,4,4,cpu,1,0.004916,0.004792,0.005042,25
1,4,4,simd_vals,1,0.168208,0.154709,0.218000,25
1,4,4,tg_vals,1,0.169083,0.153750,0.203959,25
1,4,4,cpu_vals,1,0.002833,0.002792,0.003083,25
1,64,64,tg,1,3.281625,3.276375,3.286917,25
1,64,64,block,1,3.904250,3.830167,3.932125,25
1,64,64,cpu,1,8.713041,8.689854,8.736479,18
1,64,64,tg_vals,1,2.916500,2.912125,2.921333,25
1,64,64,block_vals,1,3.666709,3.634042,3.759208,25
1,64,64,cpu_vals,1,3.530417,3.521166,3.540625,25
1,1024,128,block,1,170.570542,170.291208,170.610958,5
1,1024,128,cpu,1,494.672541,494.192875,495.936374,3
1,1024,128,block_vals,1,140.244417,140.152042,140.334250,5
1,1024,128,cpu_vals,1,265.257125,265.108708,266.096959,5
1,1,128,tg,1,7.951625,7.947083,7.957250,19
1,1,128,block,1,5.843291,5.772000,5.921166,25
1,1,128,cpu,1,0.495583,0.493833,0.500000,25
1,1,128,tg_vals,1,7.210500,7.204375,7.213584,21
1,1,128,block_vals,1,5.850666,5.740042,5.921750,25
1,1,128,cpu_vals,1,0.263667,0.263042,0.264084,25
1,8,2,simd,1,0.155375,0.139584,0.203333,25
1,8,2,tg,1,0.145833,0.139792,0.155625,25
1,8,2,cpu,1,0.003500,0.003458,0.003750,25
1,8,2,simd_vals,1,0.149834,0.143958,0.176917,25
1,8,2,tg_vals,1,0.151666,0.144083,0.165666,25
1,8,2,cpu_vals,1,0.002375,0.002209,0.002500,25
1,8,48,tg,1,0.755125,0.716959,0.762292,25
1,8,48,block,1,3.175541,3.150083,3.217375,25
1,8,48,cpu,1,0.648333,0.644833,0.650541,25
1,8,48,tg_vals,1,0.713166,0.666417,0.726334,25
1,8,48,block_vals,1,3.123166,3.111292,3.158458,25
1,8,48,cpu_vals,1,0.285542,0.285250,0.286250,25
1,128,512,block,1,1241.360166,1240.849354,1251.350041,3
1,128,512,block_vals,1,890.185959,883.473876,907.154000,3
1,256,24,simd,1,0.947792,0.923500,1.547792,25
1,256,24,tg,1,0.846000,0.754250,0.855042,25
1,256,24,cpu,1,5.063500,5.048583,5.076167,25
1,256,24,simd_vals,1,0.882084,0.837500,0.903083,25
1,256,24,tg_vals,1,0.747292,0.673625,0.760000,25
1,256,24,cpu_vals,1,1.760667,1.756000,1.766042,25
1,4,128,tg,1,7.985292,7.971958,7.987687,19
1,4,128,block,1,6.037375,5.894042,6.076750,25
1,4,128,cpu,1,1.975166,1.969833,1.983417,25
1,4,128,tg_vals,1,7.192208,7.188208,7.196291,21
1,4,128,block_vals,1,5.827500,5.789667,5.902250,25
1,4,128,cpu_vals,1,1.029666,1.027125,1.030709,25
1,2,48,tg,1,0.822833,0.794833,0.884417,25
1,2,48,block,1,3.265084,3.212084,3.369666,25
1,2,48,cpu,1,0.168875,0.167625,0.169792,25
1,2,48,tg_vals,1,0.709250,0.666000,0.724917,25
1,2,48,block_vals,1,3.208208,3.152250,3.273500,25
1,2,48,cpu_vals,1,0.075333,0.075084,0.075667,25
1,256,16,simd,1,0.800708,0.393000,0.864000,25
1,256,16,tg,1,0.370125,0.366708,0.372209,25
1,256,16,cpu,1,2.198250,2.188500,2.216584,25
1,256,16,simd_vals,1,0.483375,0.466000,0.550917,25
1,256,16,tg_vals,1,0.343625,0.340291,0.446833,25
1,256,16,cpu_vals,1,0.886084,0.883750,0.890084,25
1,8,8,simd,1,0.326000,0.315333,0.331916,25
1,8,8,tg,1,0.338958,0.324250,0.350208,25
1,8,8,cpu,1,0.021292,0.021250,0.021375,25
1,8,8,simd_vals,1,0.182417,0.169875,0.185209,25
1,8,8,tg_vals,1,0.180833,0.170625,0.188167,25
1,8,8,cpu_vals,1,0.010834,0.010792,0.011167,25
1,2048,32,simd,1,11.169104,11.147156,11.237927,14
1,2048,32,tg,1,8.561708,8.538073,8.603458,18
1,2048,32,block,1,10.100792,9.954209,10.120604,15
1,2048,32,cpu,1,68.727875,68.605125,68.737042,5
1,2048,32,simd_vals,1,7.741917,7.715604,7.768666,20
1,2048,32,tg_vals,1,7.286875,7.258750,7.314250,21
1,2048,32,block_vals,1,9.227583,9.145125,9.311250,17
1,2048,32,cpu_vals,1,23.322833,23.298500,23.367770,7
1,2048,128,block,1,336.554875,336.552416,336.558437,3
1,2048,128,cpu,1,988.943375,988.788791,989.020875,3
1,2048,128,block_vals,1,275.121334,275.109208,275.247084,5
1,2048,128,cpu_vals,1,531.236750,530.706917,531.381729,3
1,32,64,tg,1,1.846875,1.840583,1.861375,25
1,32,64,block,1,3.445292,3.423166,3.469750,25
1,32,64,cpu,1,4.390041,4.352875,4.415292,25
1,32,64,tg_vals,1,1.642625,1.614666,1.658000,25
1,32,64,block_vals,1,3.330208,3.299833,3.379500,25
1,32,64,cpu_vals,1,1.812625,1.792167,1.830084,25
1,2048,2,simd,1,0.269667,0.261500,0.273750,25
1,2048,2,tg,1,0.279750,0.275625,0.283083,25
1,2048,2,cpu,1,0.683166,0.680625,0.688083,25
1,2048,2,simd_vals,1,0.189500,0.186042,0.191417,25
1,2048,2,tg_vals,1,0.198167,0.190875,0.202250,25
1,2048,2,cpu_vals,1,0.284250,0.281875,0.284833,25
1,1024,256,block,1,1287.820625,1278.767625,1288.949709,3
1,1024,256,block_vals,1,954.276208,953.981146,954.887270,3
1,2048,96,tg,1,297.204500,296.223750,297.260000,5
1,2048,96,block,1,150.408333,150.165375,150.907334,5
1,2048,96,cpu,1,566.452917,566.252000,568.161271,3
1,2048,96,tg_vals,1,230.848375,230.766209,231.436542,5
1,2048,96,block_vals,1,126.046875,126.021000,126.139750,5
1,2048,96,cpu_vals,1,280.830750,280.737917,281.377541,5
1,128,96,tg,1,20.233874,20.023542,20.461542,8
1,128,96,block,1,11.456791,11.415729,11.539709,14
1,128,96,cpu,1,35.595000,35.583708,35.595625,5
1,128,96,tg_vals,1,15.990875,15.763417,16.224645,10
1,128,96,block_vals,1,10.479875,10.406063,10.578979,15
1,128,96,cpu_vals,1,17.644583,17.618792,17.654917,9
1,2,2,simd,1,0.216458,0.195041,0.241333,25
1,2,2,tg,1,0.175125,0.166208,0.196583,25
1,2,2,cpu,1,0.001667,0.001666,0.001709,25
1,2,2,simd_vals,1,0.173916,0.163417,0.196125,25
1,2,2,tg_vals,1,0.158458,0.152083,0.213459,25
1,2,2,cpu_vals,1,0.001584,0.001542,0.001833,25
1,8,16,simd,1,0.538292,0.367167,1.059125,25
1,8,16,tg,1,0.231917,0.217667,0.234500,25
1,8,16,cpu,1,0.071166,0.071083,0.071250,25
1,8,16,simd_vals,1,0.317333,0.303792,0.322875,25
1,8,16,tg_vals,1,0.228750,0.225625,0.230583,25
1,8,16,cpu_vals,1,0.029459,0.029334,0.029542,25
1,1,2,simd,1,0.155334,0.149459,0.190750,25
1,1,2,tg,1,0.158041,0.151416,0.189333,25
1,1,2,cpu,1,0.001209,0.001208,0.001333,25
1,1,2,simd_vals,1,0.157833,0.150250,0.167291,25
1,1,2,tg_vals,1,0.162875,0.155334,0.174541,25
1,1,2,cpu_vals,1,0.001334,0.001333,0.001417,25
1,1,1024,block,1,100.951500,100.881625,101.026125,5
1,1,1024,cpu,1,39.725917,39.715125,39.971375,5
1,1,1024,block_vals,1,90.282958,90.257459,90.311250,5
1,1,1024,cpu_vals,1,18.106875,18.091209,18.136958,9
1,1024,48,tg,1,15.143438,15.108343,15.189354,10
1,1024,48,block,1,22.816250,22.705896,22.835500,7
1,1024,48,cpu,1,81.347334,81.286416,81.366334,5
1,1024,48,tg_vals,1,13.087958,13.025917,13.143406,12
1,1024,48,block_vals,1,19.738855,19.645885,19.767374,8
1,1024,48,cpu_vals,1,35.760125,35.739000,35.765875,5
1,32,8,simd,1,0.331166,0.314958,0.340083,25
1,32,8,tg,1,0.303125,0.291291,0.315375,25
1,32,8,cpu,1,0.076542,0.074000,0.077500,25
1,32,8,simd_vals,1,0.167167,0.158209,0.176958,25
1,32,8,tg_vals,1,0.171709,0.164459,0.183875,25
1,32,8,cpu_vals,1,0.039333,0.037291,0.039458,25
1,512,96,tg,1,73.950792,73.925833,74.068750,5
1,512,96,block,1,37.424375,37.410916,37.458209,5
1,512,96,cpu,1,142.229041,142.163625,142.284209,5
1,512,96,tg_vals,1,58.136625,58.071916,58.663167,5
1,512,96,block_vals,1,30.476625,30.462875,30.513083,5
1,512,96,cpu_vals,1,70.722375,70.516667,70.735000,5
1,2,2048,block,1,1152.973166,1152.391812,1155.784520,3
1,2,2048,cpu,1,459.537834,459.440521,459.744896,3
1,2,2048,block_vals,1,683.939584,683.791813,684.746813,3
1,2,2048,cpu_vals,1,162.237750,162.227458,162.343458,5
1,32,12,simd,1,0.788792,0.735625,0.834417,25
1,32,12,tg,1,0.322667,0.315542,0.337458,25
1,32,12,cpu,1,0.174208,0.165500,0.174709,25
1,32,12,simd_vals,1,0.345042,0.336667,0.352250,25
1,32,12,tg_vals,1,0.270458,0.256041,0.273292,25
1,32,12,cpu_vals,1,0.079042,0.078666,0.079334,25
1,64,24,simd,1,0.839250,0.798708,1.109291,25
1,64,24,tg,1,0.366417,0.365042,0.372042,25
1,64,24,cpu,1,1.267209,1.263833,1.273375,25
1,64,24,simd_vals,1,0.700459,0.687708,0.772292,25
1,64,24,tg_vals,1,0.345667,0.332792,0.348125,25
1,64,24,cpu_vals,1,0.440750,0.439250,0.444000,25
1,8,128,tg,1,7.998875,7.997645,8.005959,19
1,8,128,block,1,6.190791,6.056833,6.297166,25
1,8,128,cpu,1,3.953125,3.936166,3.969042,25
1,8,128,tg_vals,1,7.198792,7.196250,7.202125,21
1,8,128,block_vals,1,5.776625,5.669208,5.969291,25
1,8,128,cpu_vals,1,2.070458,2.063667,2.073875,25
1,16,128,tg,1,8.036666,8.032521,8.040312,19
1,16,128,block,1,6.573292,6.524312,6.660833,23
1,16,128,cpu,1,7.829562,7.821416,7.870781,20
1,16,128,tg_vals,1,7.203084,7.183083,7.207667,21
1,16,128,block_vals,1,6.271417,6.226542,6.378625,24
1,16,128,cpu_vals,1,4.119000,4.100667,4.142583,25
1,32,48,tg,1,1.005792,0.994042,1.051208,25
1,32,48,block,1,3.386875,3.353708,3.442625,25
1,32,48,cpu,1,2.576167,2.559291,2.589750,25
1,32,48,tg_vals,1,0.941042,0.884917,0.948250,25
1,32,48,block_vals,1,3.280458,3.243542,3.305250,25
1,32,48,cpu_vals,1,1.132250,1.128875,1.134208,25
1,2,768,block,1,73.705167,73.627250,73.726084,5
1,2,768,cpu,1,36.231333,36.180334,36.450459,5
1,2,768,block_vals,1,64.999833,64.872959,65.095250,5
1,2,768,cpu_vals,1,19.568666,19.543990,19.629219,8
1,256,384,block,1,1055.487541,1055.073604,1055.974458,3
1,256,384,block_vals,1,763.173792,763.115792,768.901313,3
1,4,12,simd,1,0.659375,0.651833,0.694000,25
1,4,12,tg,1,0.410500,0.253917,0.417667,25
1,4,12,cpu,1,0.022250,0.021583,0.022375,25
1,4,12,simd_vals,1,0.252041,0.247375,0.263708,25
1,4,12,tg_vals,1,0.192417,0.188625,0.201042,25
1,4,12,cpu_vals,1,0.009916,0.009875,0.009958,25
1,2,512,tg,1,478.388458,478.384395,478.678917,3
1,2,512,block,1,36.012166,35.948833,36.143041,5
1,2,512,cpu,1,17.734667,17.649333,17.850458,9
1,2,512,tg_vals,1,442.916250,442.905645,442.954916,3
1,2,512,block_vals,1,33.070292,32.771500,33.162708,5
1,2,512,cpu_vals,1,8.421208,8.414687,8.426605,18
1,1,32,simd,1,1.500334,1.484458,1.541167,25
1,1,32,tg,1,0.320666,0.311625,0.333875,25
1,1,32,block,1,2.877417,2.849041,2.971875,25
1,1,32,cpu,1,0.031708,0.029959,0.036750,25
1,1,32,simd_vals,1,1.385417,1.356416,1.407291,25
1,1,32,tg_vals,1,0.321917,0.313208,0.325083,25
1,1,32,block_vals,1,2.953208,2.748334,3.052875,25
1,1,32,cpu_vals,1,0.011792,0.011708,0.011834,25
1,64,8,simd,1,0.192708,0.187792,0.240125,25
1,64,8,tg,1,0.189834,0.181042,0.192417,25
1,64,8,cpu,1,0.161042,0.160459,0.161500,25
1,64,8,simd_vals,1,0.164917,0.160542,0.185083,25
1,64,8,tg_vals,1,0.167375,0.161834,0.171000,25
1,64,8,cpu_vals,1,0.081792,0.081541,0.082084,25
1,256,96,tg,1,37.191834,37.116958,37.531042,5
1,256,96,block,1,18.974604,18.971635,19.099343,8
1,256,96,cpu,1,71.165875,71.093417,71.204500,5
1,256,96,tg_vals,1,29.525230,29.410834,29.573407,6
1,256,96,block_vals,1,17.297958,17.182792,17.348625,9
1,256,96,cpu_vals,1,35.334875,35.296958,35.356958,5
1,2048,16,simd,1,1.384916,1.364459,1.777000,25
1,2048,16,tg,1,1.368083,1.351625,1.381250,25
1,2048,16,cpu,1,17.455625,17.432375,17.468208,9
1,2048,16,simd_vals,1,1.169917,1.117709,1.214958,25
1,2048,16,tg_vals,1,1.124750,1.118625,1.187000,25
1,2048,16,cpu_vals,1,7.039521,7.017000,7.051271,22
1,32,16,simd,1,1.091417,0.357209,1.151750,25
1,32,16,tg,1,0.247041,0.242458,0.249417,25
1,32,16,cpu,1,0.280583,0.279958,0.283000,25
1,32,16,simd_vals,1,0.310166,0.301791,0.320709,25
1,32,16,tg_vals,1,0.236167,0.232833,0.237708,25
1,32,16,cpu_vals,1,0.114166,0.114000,0.114375,25
1,512,48,tg,1,8.067500,8.015271,8.100771,19
1,512,48,block,1,12.115792,12.039125,12.186959,13
1,512,48,cpu,1,40.768125,40.734500,40.787834,5
1,512,48,tg_vals,1,7.000209,6.937781,7.024646,22
1,512,48,block_vals,1,11.280708,11.209532,11.347677,14
1,512,48,cpu_vals,1,17.895625,17.893333,17.966792,9
1,4096,64,tg,1,150.650916,150.402167,150.901834,5
1,4096,64,block,1,96.397167,96.310542,96.516625,5
1,4096,64,cpu,1,557.854292,557.193791,558.477375,3
1,4096,64,tg_vals,1,129.321583,129.144208,129.373333,5
1,4096,64,block_vals,1,84.174458,84.143042,84.432750,5
1,4096,64,cpu_vals,1,226.074708,225.537292,226.257792,5
1,8,1024,block,1,545.648084,545.279647,545.694646,3
1,8,1024,cpu,1,317.971084,317.220521,317.987584,3
1,8,1024,block_vals,1,328.961791,328.899937,329.333271,3
1,8,1024,cpu_vals,1,144.777792,144.706458,144.795375,5
1,16,16,simd,1,1.005750,0.535708,1.089709,25
1,16,16,tg,1,0.331875,0.322375,0.337083,25
1,16,16,cpu,1,0.152750,0.152417,0.153000,25
1,16,16,simd_vals,1,0.467584,0.445750,0.487208,25
1,16,16,tg_vals,1,0.271750,0.267875,0.276125,25
1,16,16,cpu_vals,1,0.065667,0.065000,0.066333,25
1,512,64,tg,1,19.624333,19.569260,19.667042,8
1,512,64,block,1,13.231479,13.139146,13.321198,12
1,512,64,cpu,1,69.672750,69.659292,69.687042,5
1,512,64,tg_vals,1,16.564584,16.500448,16.865416,10
1,512,64,block_vals,1,12.205000,12.174875,12.272459,13
1,512,64,cpu_vals,1,28.339605,28.312917,28.366541,6
1,256,128,tg,1,85.633167,85.627333,85.692458,5
1,256,128,block,1,40.164500,40.150042,40.184000,5
1,256,128,cpu,1,124.689584,124.681709,124.734083,5
1,256,128,tg_vals,1,75.682917,75.679458,76.524334,5
1,256,128,block_vals,1,32.870083,32.777708,32.877542,5
1,256,128,cpu_vals,1,66.138542,66.051750,66.206709,5
1,64,4,simd,1,0.225083,0.217625,0.227417,25
1,64,4,tg,1,0.224333,0.212584,0.232666,25
1,64,4,cpu,1,0.056750,0.054584,0.057459,25
1,64,4,simd_vals,1,0.196500,0.183458,0.201833,25
1,64,4,tg_vals,1,0.203208,0.195375,0.224208,25
1,64,4,cpu_vals,1,0.029083,0.028917,0.029167,25
1,4,1024,block,1,236.700709,236.627917,236.839792,5
1,4,1024,cpu,1,158.596500,158.387708,158.798917,5
1,4,1024,block_vals,1,168.733208,168.715792,168.733375,5
1,4,1024,cpu_vals,1,72.251584,72.106625,72.277750,5
1,128,192,tg,1,262.015084,261.893208,262.365209,5
1,128,192,block,1,62.696083,62.636792,62.800667,5
1,128,192,cpu,1,144.929083,144.909291,145.074417,5
1,128,192,tg_vals,1,150.762417,150.741417,151.343292,5
1,128,192,block_vals,1,48.256125,48.155167,48.310250,5
1,128,192,cpu_vals,1,74.452708,74.388000,74.571000,5
1,512,24,simd,1,1.508333,1.491583,1.569166,25
1,512,24,tg,1,1.238292,1.232792,1.253833,25
1,512,24,cpu,1,10.031292,10.018334,10.037833,15
1,512,24,simd_vals,1,1.321583,1.301125,1.778250,25
1,512,24,tg_vals,1,1.083542,1.069500,1.109750,25
1,512,24,cpu_vals,1,3.461208,3.453000,3.471334,25
1,4096,32,simd,1,23.596959,23.525146,23.617854,7
1,4096,32,tg,1,16.503417,16.473729,16.538459,10
1,4096,32,block,1,17.583875,17.576958,17.642500,9
1,4096,32,cpu,1,136.792791,136.670333,136.836250,5
1,4096,32,simd_vals,1,14.341875,14.317208,14.348333,11
1,4096,32,tg_vals,1,14.158459,14.143355,14.166958,11
1,4096,32,block_vals,1,15.323646,15.283468,15.377032,10
1,4096,32,cpu_vals,1,46.372584,46.361375,46.395667,5
1,64,256,tg,1,412.740208,412.337104,413.034917,3
1,64,256,block,1,68.918666,68.802166,69.049667,5
1,64,256,cpu,1,140.483541,140.332917,140.752416,5
1,64,256,tg_vals,1,244.175917,243.366000,244.285625,5
1,64,256,block_vals,1,53.985625,53.898083,54.010333,5
1,64,256,cpu_vals,1,66.389167,66.380583,66.405167,5
1,128,128,tg,1,46.426000,46.382209,46.445125,5
1,128,128,block,1,20.753833,20.724062,20.801261,8
1,128,128,cpu,1,62.471083,62.467666,62.472750,5
1,128,128,tg_vals,1,40.494334,40.486708,40.929916,5
1,128,128,block_vals,1,18.489959,18.468709,18.535542,9
1,128,128,cpu_vals,1,33.026792,32.991167,33.041083,5
1,32,256,tg,1,193.335708,193.309333,193.806667,5
1,32,256,block,1,35.060042,34.913333,35.067250,5
1,32,256,cpu,1,69.960125,69.916917,70.427208,5
1,32,256,tg_vals,1,122.136583,121.901709,122.395500,5
1,32,256,block_vals,1,29.961749,29.946104,30.024365,6
1,32,256,cpu_vals,1,33.216000,33.188542,33.226542,5
1,2,256,tg,1,54.966000,54.965250,54.996500,5
1,2,256,block,1,11.942917,11.805875,12.126250,13
1,2,256,cpu,1,4.455084,4.408416,4.503042,25
1,2,256,tg_vals,1,53.863084,53.860333,53.948250,5
1,2,256,block_vals,1,11.484063,11.439052,11.602250,14
1,2,256,cpu_vals,1,2.075083,2.061625,2.084667,25
1,8,24,simd,1,1.043750,0.845666,1.077625,25
1,8,24,tg,1,0.292708,0.290916,0.293750,25
1,8,24,cpu,1,0.167834,0.167375,0.170625,25
1,8,24,simd_vals,1,0.695875,0.685250,0.773625,25
1,8,24,tg_vals,1,0.277042,0.264959,0.278875,25
1,8,24,cpu_vals,1,0.056750,0.056541,0.057250,25
1,4,384,tg,1,218.178208,218.105375,218.183625,5
1,4,384,block,1,24.994000,24.934271,25.026333,7
1,4,384,cpu,1,17.786458,17.535250,18.185084,9
1,4,384,tg_vals,1,190.207708,190.191667,190.241917,5
1,4,384,block_vals,1,22.677959,22.512083,22.737229,7
1,4,384,cpu_vals,1,9.342042,9.322583,9.361875,17
1,32,512,block,1,281.081959,280.038083,281.207458,5
1,32,512,cpu,1,277.762084,277.312958,279.437416,5
1,32,512,block_vals,1,180.932958,180.850500,181.184000,5
1,32,512,cpu_vals,1,135.047666,135.011291,135.124750,5
1,1,4,simd,1,0.202333,0.193334,0.216542,25
1,1,4,tg,1,0.222583,0.206958,0.236542,25
1,1,4,cpu,1,0.001750,0.001625,0.001875,25
1,1,4,simd_vals,1,0.234000,0.220542,0.246417,25
1,1,4,tg_vals,1,0.230167,0.211625,0.247916,25
1,1,4,cpu_vals,1,0.001750,0.001708,0.001958,25
1,2,128,tg,1,7.958083,7.953855,7.960146,19
1,2,128,block,1,6.004833,5.960792,6.062542,25
1,2,128,cpu,1,0.987291,0.984500,0.989458,25
1,2,128,tg_vals,1,7.194958,7.193791,7.200291,21
1,2,128,block_vals,1,5.841666,5.761875,5.913708,25
1,2,128,cpu_vals,1,0.522542,0.521334,0.523542,25
1,4096,192,block,1,2136.403000,2135.230479,2136.553500,3
1,4096,192,block_vals,1,1672.660834,1672.241021,1675.062334,3
1,4,192,tg,1,27.653562,27.649146,27.658479,6
1,4,192,block,1,9.294334,9.195875,9.388416,17
1,4,192,cpu,1,4.605875,4.568125,4.622875,25
1,4,192,tg_vals,1,25.707833,25.700011,25.722093,6
1,4,192,block_vals,1,8.989750,8.918250,9.096333,17
1,4,192,cpu_vals,1,2.337167,2.331334,2.353916,25
1,1,2048,block,1,551.524250,551.270520,551.892020,3
1,1,2048,cpu,1,224.618833,224.271959,224.636542,5
1,1,2048,block_vals,1,406.415042,406.324396,406.478187,3
1,1,2048,cpu_vals,1,81.254417,81.188708,81.539834,5
1,2,192,tg,1,27.634958,27.616594,27.660542,6
1,2,192,block,1,8.940166,8.861375,9.065417,17
1,2,192,cpu,1,2.324709,2.314208,2.367333,25
1,2,192,tg_vals,1,25.703375,25.700250,25.710875,6
1,2,192,block_vals,1,8.775313,8.623646,8.857136,18
1,2,192,cpu_vals,1,1.183333,1.181792,1.185584,25
1,16,4,simd,1,0.230458,0.220292,0.241208,25
1,16,4,tg,1,0.224417,0.215208,0.232500,25
1,16,4,cpu,1,0.015417,0.014875,0.015625,25
1,16,4,simd_vals,1,0.165791,0.155625,0.175541,25
1,16,4,tg_vals,1,0.159916,0.150083,0.169583,25
1,16,4,cpu_vals,1,0.008542,0.008458,0.008833,25
1,4096,16,simd,1,2.399417,2.395041,2.412292,25
1,4096,16,tg,1,2.385958,2.379750,2.391875,25
1,4096,16,cpu,1,34.800625,34.791750,34.828167,5
1,4096,16,simd_vals,1,2.009708,1.999417,2.017500,25
1,4096,16,tg_vals,1,2.020041,2.000875,2.025083,25
1,4096,16,cpu_vals,1,14.081375,14.067229,14.110084,11
1,4096,24,simd,1,7.550229,7.536812,7.594521,20
1,4096,24,tg,1,7.497375,7.479459,7.507542,21
1,4096,24,cpu,1,80.283042,80.228750,80.424667,5
1,4096,24,simd_vals,1,6.213459,6.177500,6.261167,25
1,4096,24,tg_vals,1,6.230875,6.221292,6.236875,25
1,4096,24,cpu_vals,1,27.842604,27.810583,27.858218,6
1,512,2,simd,1,0.186916,0.180000,0.202625,25
1,512,2,tg,1,0.209083,0.192292,0.214916,25
1,512,2,cpu,1,0.180542,0.179916,0.181667,25
1,512,2,simd_vals,1,0.151042,0.145833,0.163291,25
1,512,2,tg_vals,1,0.152041,0.147250,0.162583,25
1,512,2,cpu_vals,1,0.073375,0.073083,0.074042,25
