pass,batch,N,backend,ok,ms,p25,p75,reps
0,4096,48,tg,1,64.591583,63.587166,64.682750,5
0,4096,48,block,1,90.856417,90.251750,91.210625,5
0,4096,48,cpu,1,306.235333,302.185563,309.069313,3
0,4096,48,tg_vals,1,54.548000,54.461959,54.800417,5
0,4096,48,block_vals,1,79.715375,79.489167,79.910084,5
0,4096,48,cpu_vals,1,137.564667,137.473875,137.703541,5
0,2048,32,simd,1,11.773125,11.618500,12.007458,13
0,2048,32,tg,1,9.015625,8.924041,9.134083,17
0,2048,32,block,1,10.668834,10.490687,10.722229,15
0,2048,32,cpu,1,66.018417,65.942458,66.175209,5
0,2048,32,simd_vals,1,7.941375,7.877604,8.015854,19
0,2048,32,tg_vals,1,7.645625,7.534166,7.718313,20
0,2048,32,block_vals,1,9.609104,9.469260,9.688396,16
0,2048,32,cpu_vals,1,22.396167,22.370166,22.500208,7
0,8,384,tg,1,241.871667,240.513875,241.988625,5
0,8,384,block,1,33.456750,33.366042,33.529292,5
0,8,384,cpu,1,36.329959,35.760583,36.816625,5
0,8,384,tridiag,1,75.771709,75.200459,75.778125,5
0,8,384,tg_vals,1,193.404125,193.163042,193.404375,5
0,8,384,block_vals,1,30.162084,29.796333,30.516417,5
0,8,384,cpu_vals,1,19.110042,19.061011,19.165365,8
0,8,384,tridiag_vals,1,63.752792,63.033875,63.888709,5
0,4096,8,simd,1,0.583292,0.566208,0.704875,25
0,4096,8,tg,1,0.576667,0.568584,0.591833,25
0,4096,8,cpu,1,9.537083,9.487656,9.671458,16
0,4096,8,simd_vals,1,0.703250,0.621958,1.055250,25
0,4096,8,tg_vals,1,0.482250,0.475541,0.512667,25
0,4096,8,cpu_vals,1,4.728292,4.659958,4.811500,25
0,4096,4,simd,1,0.570584,0.553416,0.782584,25
0,4096,4,tg,1,0.302292,0.296458,0.314292,25
0,4096,4,cpu,1,3.391709,3.345750,3.452167,25
0,4096,4,simd_vals,1,0.379250,0.259458,0.718875,25
0,4096,4,tg_vals,1,0.270167,0.255375,0.277917,25
0,4096,4,cpu_vals,1,1.717958,1.695667,1.754167,25
0,2,768,block,1,80.541042,79.618375,80.737916,5
0,2,768,cpu,1,39.574458,38.453875,40.278459,5
0,2,768,tridiag,1,49.039250,48.972959,49.790791,5
0,2,768,block_vals,1,69.736417,69.354458,69.790416,5
0,2,768,cpu_vals,1,19.947104,19.913781,20.012104,8
0,2,768,tridiag_vals,1,38.663125,38.514333,38.919750,5
0,4,2,simd,1,0.166666,0.157084,0.171292,25
0,4,2,tg,1,0.137834,0.132667,0.150667,25
0,4,2,cpu,1,0.002333,0.002292,0.002375,25
0,4,2,simd_vals,1,0.159667,0.146833,0.181791,25
0,4,2,tg_vals,1,0.154375,0.142792,0.163166,25
0,4,2,cpu_vals,1,0.001875,0.001875,0.002083,25
0,2,16,simd,1,0.336500,0.328042,0.352750,25
0,2,16,tg,1,0.232958,0.220250,0.239625,25
0,2,16,cpu,1,0.019500,0.019208,0.019792,25
0,2,16,simd_vals,1,0.316292,0.310250,0.326709,25
0,2,16,tg_vals,1,0.229083,0.222875,0.235208,25
0,2,16,cpu_vals,1,0.008125,0.008041,0.008250,25
0,1,8,simd,1,0.172042,0.157917,0.186542,25
0,1,8,tg,1,0.163542,0.159833,0.179000,25
0,1,8,cpu,1,0.004208,0.004125,0.004583,25
0,1,8,simd_vals,1,0.161042,0.155833,0.173958,25
0,1,8,tg_vals,1,0.215292,0.154792,0.232208,25
0,1,8,cpu_vals,1,0.002459,0.002417,0.003000,25
0,64,8,simd,1,0.199167,0.190000,0.210959,25
0,64,8,tg,1,0.200666,0.186000,0.211542,25
0,64,8,cpu,1,0.153042,0.151708,0.157583,25
0,64,8,simd_vals,1,0.179708,0.164166,0.187250,25
0,64,8,tg_vals,1,0.170750,0.162333,0.183541,25
0,64,8,cpu_vals,1,0.077959,0.076959,0.079250,25
0,128,128,tg,1,52.628875,52.467333,52.845375,5
0,128,128,block,1,22.148291,21.579999,22.255917,7
0,128,128,cpu,1,62.695208,62.345875,62.891334,5
0,128,128,tridiag,1,309.814166,307.301458,311.125395,3
0,128,128,tg_vals,1,44.165417,43.315833,44.273416,5
0,128,128,block_vals,1,19.311854,19.211282,19.410646,8
0,128,128,cpu_vals,1,32.533625,32.489625,32.546667,5
0,128,128,tridiag_vals,1,255.433250,249.332959,256.879375,5
0,4,128,tg,1,8.015542,7.986979,8.028562,19
0,4,128,block,1,6.006291,5.940958,6.051875,25
0,4,128,cpu,1,2.008125,1.998542,2.032792,25
0,4,128,tridiag,1,9.745396,9.614500,9.862823,16
0,4,128,tg_vals,1,7.251209,7.221000,7.274333,21
0,4,128,block_vals,1,5.910791,5.832292,6.077250,25
0,4,128,cpu_vals,1,0.999209,0.991500,1.021292,25
0,4,128,tridiag_vals,1,8.017750,7.917563,8.096979,19
0,2,1024,block,1,142.029375,141.690625,142.369958,5
0,2,1024,cpu,1,81.560208,80.877667,81.791125,5
0,2,1024,tridiag,1,72.153542,71.783916,72.746417,5
0,2,1024,block_vals,1,117.021583,116.664875,117.204959,5
0,2,1024,cpu_vals,1,36.097584,36.012667,36.173750,5
0,2,1024,tridiag_vals,1,55.486458,55.247291,55.571666,5
0,256,192,tg,1,586.032459,574.092959,589.638584,3
0,256,192,block,1,145.041458,144.823959,145.615750,5
0,256,192,cpu,1,298.969062,298.360114,300.679146,4
0,256,192,tridiag,1,1016.851292,1006.740563,1017.762062,3
0,256,192,tg_vals,1,284.879750,270.871000,287.346125,5
0,256,192,block_vals,1,109.699833,109.077458,110.466292,5
0,256,192,cpu_vals,1,149.061041,148.494750,149.432708,5
0,256,192,tridiag_vals,1,825.687500,817.425645,828.101917,3
0,1,12,simd,1,0.251625,0.231333,0.268834,25
0,1,12,tg,1,0.190167,0.185917,0.215583,25
0,1,12,cpu,1,0.006375,0.006209,0.006667,25
0,1,12,simd_vals,1,0.233709,0.223250,0.242958,25
0,1,12,tg_vals,1,0.182833,0.178833,0.212583,25
0,1,12,cpu_vals,1,0.003541,0.003458,0.003667,25
0,512,384,block,1,2206.959000,2206.222396,2217.976479,3
0,512,384,block_vals,1,1551.911542,1551.171688,1553.354167,3
0,64,48,tg,1,1.626791,1.619750,1.643875,25
0,64,48,block,1,3.923667,3.812334,3.987667,25
0,64,48,cpu,1,5.113250,5.080875,5.132667,25
0,64,48,tg_vals,1,1.447959,1.428083,1.476333,25
0,64,48,block_vals,1,3.653125,3.590125,3.794375,25
0,64,48,cpu_vals,1,2.259625,2.211291,2.274292,25
0,2048,16,simd,1,1.415750,1.385625,1.541000,25
0,2048,16,tg,1,1.381750,1.353166,1.405000,25
0,2048,16,cpu,1,17.716959,17.693084,17.759834,9
0,2048,16,simd_vals,1,1.171083,1.155333,1.213417,25
0,2048,16,tg_vals,1,1.172000,1.126459,1.185458,25
0,2048,16,cpu_vals,1,7.130667,7.108396,7.153928,22
0,4,12,simd,1,0.763375,0.717334,0.804875,25
0,4,12,tg,1,0.211667,0.197916,0.218041,25
0,4,12,cpu,1,0.021500,0.021458,0.022125,25
0,4,12,simd_vals,1,0.251209,0.232875,0.257875,25
0,4,12,tg_vals,1,0.212166,0.201166,0.215125,25
0,4,12,cpu_vals,1,0.009750,0.009708,0.009791,25
0,1,768,block,1,60.974667,60.932916,61.531541,5
0,1,768,cpu,1,18.692333,18.588594,18.804177,8
0,1,768,tridiag,1,23.291959,22.981708,23.437042,7
0,1,768,block_vals,1,56.814083,56.794459,56.821875,5
0,1,768,cpu_vals,1,9.820271,9.790458,9.877187,16
0,1,768,tridiag_vals,1,18.387083,17.932333,18.429500,9
0,2,384,tg,1,202.743708,202.649459,202.989458,5
0,2,384,block,1,21.979708,21.916167,22.042313,7
0,2,384,cpu,1,9.230000,9.047917,9.380166,17
0,2,384,tridiag,1,18.528584,18.144166,19.067500,9
0,2,384,tg_vals,1,190.785583,190.784875,190.945709,5
0,2,384,block_vals,1,20.529416,20.432208,20.629791,8
0,2,384,cpu_vals,1,4.743959,4.726250,4.771708,25
0,2,384,tridiag_vals,1,14.368125,14.303270,14.514541,11
0,128,2,simd,1,0.157292,0.142334,0.161167,25
0,128,2,tg,1,0.156833,0.146084,0.172500,25
0,128,2,cpu,1,0.045959,0.045375,0.046459,25
0,128,2,simd_vals,1,0.151458,0.139292,0.159875,25
0,128,2,tg_vals,1,0.153792,0.144291,0.163333,25
0,128,2,cpu_vals,1,0.020250,0.019500,0.020542,25
0,8,128,tg,1,8.037917,8.023833,8.073874,19
0,8,128,block,1,6.199958,6.119000,6.292750,25
0,8,128,cpu,1,3.972625,3.953625,3.993584,25
0,8,128,tridiag,1,19.128709,19.093063,19.168687,8
0,8,128,tg_vals,1,7.223833,7.208958,7.267625,21
0,8,128,block_vals,1,6.055958,5.988167,6.164250,25
0,8,128,cpu_vals,1,2.088291,2.080709,2.100750,25
0,8,128,tridiag_vals,1,15.524855,15.446594,15.691511,10
0,4,16,simd,1,0.333250,0.319416,0.341417,25
0,4,16,tg,1,0.227792,0.212875,0.242792,25
0,4,16,cpu,1,0.036625,0.036375,0.036875,25
0,4,16,simd_vals,1,0.304541,0.300542,0.319042,25
0,4,16,tg_vals,1,0.217459,0.209333,0.229500,25
0,4,16,cpu_vals,1,0.016209,0.015959,0.017000,25
0,512,2,simd,1,0.159166,0.145875,0.163833,25
0,512,2,tg,1,0.148375,0.141000,0.161458,25
0,512,2,cpu,1,0.182667,0.175417,0.186125,25
0,512,2,simd_vals,1,0.146000,0.139625,0.164125,25
0,512,2,tg_vals,1,0.139458,0.136958,0.160084,25
0,512,2,cpu_vals,1,0.078375,0.076791,0.079500,25
0,32,128,tg,1,14.183500,14.159730,14.209021,11
0,32,128,block,1,8.206917,8.179188,8.331979,19
0,32,128,cpu,1,15.811396,15.786594,15.841854,10
0,32,128,tridiag,1,76.432250,75.520625,76.439583,5
0,32,128,tg_vals,1,12.115875,12.095750,12.148084,13
0,32,128,block_vals,1,7.496417,7.456583,7.627125,21
0,32,128,cpu_vals,1,8.360146,8.325209,8.370406,18
0,32,128,tridiag_vals,1,62.565250,62.347000,63.124417,5
0,32,192,tg,1,64.428875,64.076709,64.854375,5
0,32,192,block,1,18.949604,18.927208,19.018698,8
0,32,192,cpu,1,37.127959,37.088458,37.180209,5
0,32,192,tridiag,1,122.114375,121.429875,122.400750,5
0,32,192,tg_vals,1,42.939125,42.718125,43.050458,5
0,32,192,block_vals,1,16.690751,16.588145,16.720157,10
0,32,192,cpu_vals,1,18.793604,18.731677,18.811791,8
0,32,192,tridiag_vals,1,101.305333,101.010000,101.316667,5
0,512,12,simd,1,0.394667,0.388833,0.404292,25
0,512,12,tg,1,0.374667,0.367458,0.383458,25
0,512,12,cpu,1,2.564209,2.541500,2.588709,25
0,512,12,simd_vals,1,0.361042,0.353750,0.366500,25
0,512,12,tg_vals,1,0.336709,0.322750,0.341708,25
0,512,12,cpu_vals,1,1.134792,1.127667,1.144208,25
0,256,96,tg,1,37.518625,37.412625,37.977500,5
0,256,96,block,1,19.404291,19.276573,19.445521,8
0,256,96,cpu,1,71.479042,71.398500,71.568084,5
0,256,96,tg_vals,1,30.576917,29.548125,31.136916,5
0,256,96,block_vals,1,17.649125,17.598291,17.744125,9
0,256,96,cpu_vals,1,36.063417,36.037792,36.068541,5
0,1,192,tg,1,24.648833,24.616354,24.677333,7
0,1,192,block,1,8.981458,8.893541,9.074292,17
0,1,192,cpu,1,1.197208,1.178625,1.233333,25
0,1,192,tridiag,1,3.835375,3.811417,3.901750,25
0,1,192,tg_vals,1,23.168917,23.153125,23.173709,7
0,1,192,block_vals,1,8.827959,8.681542,8.956542,18
0,1,192,cpu_vals,1,0.591667,0.587708,0.597667,25
0,1,192,tridiag_vals,1,3.113042,3.091375,3.243916,25
0,128,64,tg,1,5.370833,5.353333,5.396208,25
0,128,64,block,1,5.562000,5.409083,5.610084,25
0,128,64,cpu,1,17.485666,17.433166,17.507542,9
0,128,64,tg_vals,1,4.718500,4.709208,4.735542,25
0,128,64,block_vals,1,5.290500,5.145125,5.430458,25
0,128,64,cpu_vals,1,7.100563,7.070479,7.162125,22
0,4,8,simd,1,0.313459,0.292417,0.341500,25
0,4,8,tg,1,0.233959,0.185167,0.308875,25
0,4,8,cpu,1,0.010625,0.010542,0.010833,25
0,4,8,simd_vals,1,0.183125,0.165292,0.189875,25
0,4,8,tg_vals,1,0.181167,0.169208,0.187375,25
0,4,8,cpu_vals,1,0.005666,0.005584,0.005708,25
0,2,2,simd,1,0.180250,0.163625,0.208292,25
0,2,2,tg,1,0.169042,0.163000,0.197666,25
0,2,2,cpu,1,0.001583,0.001541,0.001708,25
0,2,2,simd_vals,1,0.158500,0.145041,0.166791,25
0,2,2,tg_vals,1,0.164166,0.148416,0.196167,25
0,2,2,cpu_vals,1,0.001625,0.001583,0.001792,25
0,1,3072,block,1,2189.354125,2187.829250,2194.777583,3
0,1,3072,cpu,1,720.662541,717.069667,721.664041,3
0,1,3072,tridiag,1,265.040667,264.689125,266.249583,5
0,1,3072,block_vals,1,1444.920292,1434.477459,1445.852083,3
0,1,3072,cpu_vals,1,211.153250,210.907458,211.553750,5
0,1,3072,tridiag_vals,1,185.300625,185.246500,185.301709,5
0,16,256,tg,1,85.079000,85.035750,85.238792,5
0,16,256,block,1,20.847917,20.800041,20.913292,8
0,16,256,cpu,1,35.417334,35.348750,35.452416,5
0,16,256,tridiag,1,86.840875,86.553667,86.951834,5
0,16,256,tg_vals,1,61.258209,61.252708,61.259917,5
0,16,256,block_vals,1,18.197583,17.986084,18.359584,9
0,16,256,cpu_vals,1,16.790625,16.738125,16.836125,9
0,16,256,tridiag_vals,1,71.492083,71.271958,71.565166,5
0,2,512,tg,1,480.705875,479.900666,482.028500,3
0,2,512,block,1,36.421500,36.368084,36.884666,5
0,2,512,cpu,1,18.255959,18.011208,18.526542,9
0,2,512,tridiag,1,26.864687,26.665541,26.947270,6
0,2,512,tg_vals,1,445.450042,445.030709,445.514479,3
0,2,512,block_vals,1,33.244042,33.110459,33.424834,5
0,2,512,cpu_vals,1,8.475687,8.455552,8.498750,18
0,2,512,tridiag_vals,1,21.145583,21.103282,21.750437,8
0,2,256,tg,1,55.272459,54.994500,55.290750,5
0,2,256,block,1,11.981167,11.940292,12.087042,13
0,2,256,cpu,1,4.475875,4.438291,4.535917,25
0,2,256,tridiag,1,10.608417,10.562083,10.805958,15
0,2,256,tg_vals,1,54.005875,53.965958,54.070541,5
0,2,256,block_vals,1,11.700416,11.617292,11.714542,13
0,2,256,cpu_vals,1,2.093542,2.086834,2.106583,25
0,2,256,tridiag_vals,1,8.918875,8.885708,8.934625,17
0,2048,2,simd,1,0.187500,0.184416,0.195375,25
0,2048,2,tg,1,0.181875,0.179125,0.192000,25
0,2048,2,cpu,1,0.697958,0.685167,0.703625,25
0,2048,2,simd_vals,1,0.176084,0.169416,0.185125,25
0,2048,2,tg_vals,1,0.178542,0.173125,0.184167,25
0,2048,2,cpu_vals,1,0.288084,0.285708,0.293375,25
0,4096,32,simd,1,24.240250,24.056125,24.382354,7
0,4096,32,tg,1,16.889834,16.849750,17.025416,9
0,4096,32,block,1,18.133541,18.039000,18.268750,9
0,4096,32,cpu,1,136.776500,136.652292,136.944875,5
0,4096,32,simd_vals,1,14.364709,14.342125,14.419833,11
0,4096,32,tg_vals,1,14.326750,14.190375,14.458604,11
0,4096,32,block_vals,1,15.747854,15.650583,15.825281,10
0,4096,32,cpu_vals,1,47.032500,46.993834,47.054250,5
0,512,64,tg,1,20.200084,20.040740,20.436313,8
0,512,64,block,1,13.595979,13.522604,13.707156,12
0,512,64,cpu,1,69.707958,69.547166,69.732416,5
0,512,64,tg_vals,1,17.296042,17.149417,17.591458,9
0,512,64,block_vals,1,12.318708,12.200167,12.351291,13
0,512,64,cpu_vals,1,28.260375,28.239854,28.283239,6
0,8,24,simd,1,0.798292,0.743208,0.850583,25
0,8,24,tg,1,0.294084,0.278416,0.297792,25
0,8,24,cpu,1,0.170833,0.168792,0.173917,25
0,8,24,simd_vals,1,0.727917,0.694458,0.770791,25
0,8,24,tg_vals,1,0.268292,0.257667,0.274458,25
0,8,24,cpu_vals,1,0.059667,0.057459,0.060500,25
0,16,1024,block,1,1193.241750,1189.847875,1197.010063,3
0,16,1024,tridiag,1,580.726917,577.774375,581.172542,3
0,16,1024,block_vals,1,790.293625,786.939729,811.296812,3
0,16,1024,tridiag_vals,1,431.857416,431.599521,434.661125,3
0,16,12,simd,1,0.264125,0.247458,0.295167,25
0,16,12,tg,1,0.210083,0.193583,0.215708,25
0,16,12,cpu,1,0.081791,0.081542,0.082708,25
0,16,12,simd_vals,1,0.246542,0.235583,0.253750,25
0,16,12,tg_vals,1,0.206709,0.195500,0.213417,25
0,16,12,cpu_vals,1,0.036792,0.036708,0.036959,25
0,16,768,block,1,517.379375,512.913354,517.888416,3
0,16,768,cpu,1,300.721167,300.669021,300.818896,3
0,16,768,tridiag,1,379.458166,379.100708,379.702146,3
0,16,768,block_vals,1,335.298625,335.141980,335.484188,3
0,16,768,cpu_vals,1,156.966583,156.911584,157.147458,5
0,16,768,tridiag_vals,1,311.179208,310.722417,311.344229,3
0,4,64,tg,1,1.268584,1.237792,1.299083,25
0,4,64,block,1,3.264959,3.179917,3.773667,25
0,4,64,cpu,1,0.557500,0.553125,0.566791,25
0,4,64,tg_vals,1,1.144916,1.136125,1.174292,25
0,4,64,block_vals,1,3.224708,3.157209,3.638333,25
0,4,64,cpu_vals,1,0.225583,0.222125,0.226750,25
0,16,128,tg,1,8.369125,8.319937,8.453041,18
0,16,128,block,1,7.077416,6.907823,7.167563,22
0,16,128,cpu,1,7.906125,7.881729,7.915229,19
0,16,128,tridiag,1,40.796958,40.667500,40.884917,5
0,16,128,tg_vals,1,7.353875,7.322667,7.372292,21
0,16,128,block_vals,1,6.663042,6.558229,6.804292,23
0,16,128,cpu_vals,1,4.167666,4.131750,4.195750,25
0,16,128,tridiag_vals,1,33.054333,33.032833,33.264250,5
0,16,4,simd,1,0.160041,0.146959,0.169375,25
0,16,4,tg,1,0.148917,0.141625,0.152792,25
0,16,4,cpu,1,0.016167,0.015875,0.016708,25
0,16,4,simd_vals,1,0.154208,0.143917,0.167375,25
0,16,4,tg_vals,1,0.170834,0.157792,0.177042,25
0,16,4,cpu_vals,1,0.009000,0.008750,0.009291,25
0,64,16,simd,1,0.353125,0.346583,0.415917,25
0,64,16,tg,1,0.244750,0.233875,0.249875,25
0,64,16,cpu,1,0.563208,0.558333,0.572625,25
0,64,16,simd_vals,1,0.316708,0.303917,0.322291,25
0,64,16,tg_vals,1,0.229959,0.220625,0.241708,25
0,64,16,cpu_vals,1,0.226125,0.225542,0.228334,25
0,4,192,tg,1,28.083188,28.066958,28.340323,6
0,4,192,block,1,9.784708,9.681417,9.868636,16
0,4,192,cpu,1,4.675625,4.635500,4.719542,25
0,4,192,tridiag,1,16.569917,16.377229,16.682021,10
0,4,192,tg_vals,1,26.007521,25.983271,26.041365,6
0,4,192,block_vals,1,9.432937,9.351791,9.630709,16
0,4,192,cpu_vals,1,2.350041,2.335625,2.369000,25
0,4,192,tridiag_vals,1,13.247270,13.044677,13.432365,12
0,8,96,tg,1,3.682875,3.672709,3.725625,25
0,8,96,block,1,5.314875,4.811334,5.416375,25
0,8,96,cpu,1,2.277125,2.247333,2.315625,25
0,8,96,tg_vals,1,3.328958,3.309083,3.370667,25
0,8,96,block_vals,1,5.061209,4.875417,5.243000,25
0,8,96,cpu_vals,1,1.144917,1.138083,1.151583,25
0,1,24,simd,1,0.771208,0.754500,0.829125,25
0,1,24,tg,1,0.268958,0.253042,0.280375,25
0,1,24,cpu,1,0.023458,0.023416,0.023667,25
0,1,24,simd_vals,1,0.748834,0.704666,0.780000,25
0,1,24,tg_vals,1,0.255834,0.243083,0.270333,25
0,1,24,cpu_vals,1,0.008250,0.008167,0.008334,25
0,16,16,simd,1,0.346458,0.329084,0.361541,25
0,16,16,tg,1,0.232917,0.216084,0.241833,25
0,16,16,cpu,1,0.144667,0.143833,0.145500,25
0,16,16,simd_vals,1,0.326042,0.314250,0.333542,25
0,16,16,tg_vals,1,0.216500,0.205917,0.224667,25
0,16,16,cpu_vals,1,0.060500,0.060083,0.060708,25
0,4096,128,block,1,733.934250,716.496396,733.999292,3
0,4096,128,cpu,1,2010.329000,2008.482583,2012.218479,3
0,4096,128,block_vals,1,551.844375,550.641417,555.629541,3
0,4096,128,cpu_vals,1,1069.089500,1068.768271,1069.484250,3
0,16,512,block,1,138.472166,136.598334,139.209791,5
0,16,512,cpu,1,143.917209,143.253042,144.066958,5
0,16,512,tridiag,1,214.978541,214.257375,216.276667,5
0,16,512,block_vals,1,100.626958,100.472292,100.682125,5
0,16,512,cpu_vals,1,68.451583,68.290667,68.685833,5
0,16,512,tridiag_vals,1,175.102458,174.323541,176.242625,5
0,256,16,simd,1,0.402875,0.393750,0.415083,25
0,256,16,tg,1,0.375666,0.367708,0.399625,25
0,256,16,cpu,1,2.232042,2.215625,2.237125,25
0,256,16,simd_vals,1,0.364333,0.353375,0.367083,25
0,256,16,tg_vals,1,0.341084,0.337750,0.345750,25
0,256,16,cpu_vals,1,0.897750,0.892500,0.907584,25
0,1024,128,block,1,180.181834,178.321125,182.772917,5
0,1024,128,cpu,1,497.317917,497.094771,500.385479,3
0,1024,128,block_vals,1,143.351250,141.899833,143.819833,5
0,1024,128,cpu_vals,1,267.980041,266.938709,268.299334,5
0,128,48,tg,1,2.579167,2.568000,2.587916,25
0,128,48,block,1,5.354666,5.297250,5.462666,25
0,128,48,cpu,1,10.179417,10.105896,10.216896,15
0,128,48,tg_vals,1,2.300417,2.251916,2.350667,25
0,128,48,block_vals,1,5.087250,5.063458,5.196458,25
0,128,48,cpu_vals,1,4.443584,4.407875,4.474333,25
0,16,384,tg,1,355.408000,354.383792,358.694980,3
0,16,384,block,1,56.914792,56.783917,57.385792,5
0,16,384,cpu,1,73.584333,72.316875,73.636916,5
0,16,384,tridiag,1,149.514375,149.034458,149.680042,5
0,16,384,tg_vals,1,232.585667,230.095083,233.248958,5
0,16,384,block_vals,1,49.974708,49.820667,49.974917,5
0,16,384,cpu_vals,1,37.798709,37.770834,37.897750,5
0,16,384,tridiag_vals,1,124.686834,124.121959,124.940250,5
0,512,32,simd,1,2.901083,2.867250,2.963125,25
0,512,32,tg,1,2.569667,2.535834,2.637500,25
0,512,32,block,1,4.708125,4.521167,4.961666,25
0,512,32,cpu,1,17.019709,16.849334,17.053792,9
0,512,32,simd_vals,1,2.770500,2.743375,3.079791,25
0,512,32,tg_vals,1,2.237583,2.191292,2.276250,25
0,512,32,block_vals,1,4.590834,4.233167,4.697250,25
0,512,32,cpu_vals,1,5.896958,5.885000,5.924042,25
0,2048,192,block,1,1136.815125,1134.223229,1140.661917,3
0,2048,192,block_vals,1,917.190459,907.168667,921.414417,3
0,1024,256,block,1,1385.640875,1384.933625,1387.693771,3
0,1024,256,block_vals,1,971.367541,969.679042,975.356145,3
0,16,2,simd,1,0.146375,0.139167,0.160208,25
0,16,2,tg,1,0.151375,0.139542,0.163875,25
0,16,2,cpu,1,0.007792,0.007667,0.008167,25
0,16,2,simd_vals,1,0.146375,0.136500,0.162167,25
0,16,2,tg_vals,1,0.145250,0.140125,0.155583,25
0,16,2,cpu_vals,1,0.003541,0.003500,0.003667,25
0,16,64,tg,1,1.289959,1.265416,1.791667,25
0,16,64,block,1,3.270334,3.240375,3.328000,25
0,16,64,cpu,1,2.214084,2.199542,2.224833,25
0,16,64,tg_vals,1,1.161833,1.153750,1.191583,25
0,16,64,block_vals,1,3.189208,3.137334,3.274166,25
0,16,64,cpu_vals,1,0.887458,0.885667,0.898042,25
0,4096,96,block,1,300.045667,299.083855,300.831271,3
0,4096,96,cpu,1,1141.458209,1140.970771,1143.017854,3
0,4096,96,block_vals,1,253.587958,251.680833,254.759750,5
0,4096,96,cpu_vals,1,566.896959,566.490667,567.129209,3
0,1024,2,simd,1,0.257416,0.239125,0.688500,25
0,1024,2,tg,1,0.222292,0.216917,0.233917,25
0,1024,2,cpu,1,0.346625,0.343625,0.352791,25
0,1024,2,simd_vals,1,0.166708,0.154292,0.171750,25
0,1024,2,tg_vals,1,0.160500,0.146125,0.165250,25
0,1024,2,cpu_vals,1,0.148959,0.147709,0.150792,25
0,256,24,simd,1,0.906375,0.894292,0.955458,25
0,256,24,tg,1,0.827083,0.804625,0.859167,25
0,256,24,cpu,1,5.133042,5.113834,5.149667,25
0,256,24,simd_vals,1,0.809375,0.754375,0.826791,25
0,256,24,tg_vals,1,0.687958,0.670375,0.757875,25
0,256,24,cpu_vals,1,1.771916,1.766458,1.790542,25
0,2,32,simd,1,1.735041,1.714041,1.771542,25
0,2,32,tg,1,0.347792,0.336959,0.360541,25
0,2,32,block,1,3.251417,3.184917,3.271250,25
0,2,32,cpu,1,0.065208,0.060917,0.068458,25
0,2,32,simd_vals,1,1.582250,1.556084,1.594041,25
0,2,32,tg_vals,1,0.344958,0.335167,0.351541,25
0,2,32,block_vals,1,3.259042,3.238042,3.360042,25
0,2,32,cpu_vals,1,0.024875,0.024875,0.025125,25
0,256,12,simd,1,0.285791,0.280166,0.290791,25
0,256,12,tg,1,0.276875,0.272334,0.278792,25
0,256,12,cpu,1,1.272208,1.265625,1.279834,25
0,256,12,simd_vals,1,0.268458,0.250583,0.272083,25
0,256,12,tg_vals,1,0.253750,0.248209,0.268042,25
0,256,12,cpu_vals,1,0.563667,0.560500,0.569250,25
0,64,24,simd,1,0.835709,0.780416,0.857667,25
0,64,24,tg,1,0.366042,0.363167,0.368666,25
0,64,24,cpu,1,1.277000,1.272584,1.281083,25
0,64,24,simd_vals,1,0.727875,0.698167,0.765000,25
0,64,24,tg_vals,1,0.343834,0.340250,0.345834,25
0,64,24,cpu_vals,1,0.442167,0.439958,0.444334,25
0,256,32,simd,1,1.944459,1.934708,2.029083,25
0,256,32,tg,1,1.602667,1.552959,1.613875,25
0,256,32,block,1,3.497334,3.427417,3.584292,25
0,256,32,cpu,1,8.625459,8.599521,8.636843,18
0,256,32,simd_vals,1,1.714125,1.694458,1.755583,25
0,256,32,tg_vals,1,1.420459,1.408042,1.444417,25
0,256,32,block_vals,1,3.370792,3.307292,3.395333,25
0,256,32,cpu_vals,1,2.945125,2.936209,2.957875,25
0,1,384,tg,1,203.459125,203.451792,203.468000,5
0,1,384,block,1,20.115105,20.023198,20.251063,8
0,1,384,cpu,1,4.643583,4.486334,4.838292,25
0,1,384,tridiag,1,9.277542,9.209875,9.314792,17
0,1,384,tg_vals,1,190.905917,190.846750,190.937333,5
0,1,384,block_vals,1,19.761812,19.660750,19.854063,8
0,1,384,cpu_vals,1,2.393000,2.382791,2.405875,25
0,1,384,tridiag_vals,1,7.316250,7.269792,7.341250,21
0,2048,4,simd,1,0.235500,0.230000,0.243208,25
0,2048,4,tg,1,0.242916,0.239833,0.249042,25
0,2048,4,cpu,1,1.703209,1.682916,1.730959,25
0,2048,4,simd_vals,1,0.225791,0.221958,0.232167,25
0,2048,4,tg_vals,1,0.228167,0.224542,0.231458,25
0,2048,4,cpu_vals,1,0.895750,0.887792,0.910875,25
0,1,4,simd,1,0.161375,0.147167,0.172500,25
0,1,4,tg,1,0.167625,0.165125,0.171625,25
0,1,4,cpu,1,0.001875,0.001750,0.002042,25
0,1,4,simd_vals,1,0.173583,0.163833,0.182459,25
0,1,4,tg_vals,1,0.164958,0.148792,0.179792,25
0,1,4,cpu_vals,1,0.001792,0.001750,0.001958,25
0,16,24,simd,1,0.838667,0.814125,0.861333,25
0,16,24,tg,1,0.292041,0.287667,0.297250,25
0,16,24,cpu,1,0.328583,0.327666,0.333458,25
0,16,24,simd_vals,1,0.766959,0.740708,0.776792,25
0,16,24,tg_vals,1,0.275083,0.261584,0.279667,25
0,16,24,cpu_vals,1,0.114291,0.114000,0.115625,25
0,4,2048,block,1,2383.650459,2381.112021,2388.473687,3
0,4,2048,cpu,1,945.184083,937.517854,968.038062,3
0,4,2048,tridiag,1,499.900625,491.736208,499.959645,3
0,4,2048,block_vals,1,1675.346417,1667.667646,1676.916125,3
0,4,2048,cpu_vals,1,327.736208,326.710792,328.107187,3
0,4,2048,tridiag_vals,1,353.104709,352.224813,353.999647,3
0,1024,16,simd,1,0.936417,0.885125,0.990250,25
0,1024,16,tg,1,0.902417,0.855667,0.906083,25
0,1024,16,cpu,1,8.713229,8.692031,8.771344,18
0,1024,16,simd_vals,1,0.817542,0.761125,0.821666,25
0,1024,16,tg_vals,1,0.780708,0.750834,0.786791,25
0,1024,16,cpu_vals,1,3.547459,3.527792,3.555500,25
0,1024,192,block,1,550.562917,548.457459,554.805896,3
0,1024,192,cpu,1,1186.485084,1184.491354,1191.370229,3
0,1024,192,block_vals,1,438.008333,438.004896,438.445854,3
0,1024,192,cpu_vals,1,603.455500,602.843521,605.353687,3
0,2048,48,tg,1,31.537541,30.921792,31.698583,5
0,2048,48,block,1,45.893000,45.625083,46.470041,5
0,2048,48,cpu,1,162.873833,162.750834,162.999541,5
0,2048,48,tg_vals,1,25.935541,25.894302,25.956281,6
0,2048,48,block_vals,1,39.868916,39.567958,39.962333,5
0,2048,48,cpu_vals,1,71.551250,71.344167,71.615500,5
0,4096,12,simd,1,1.455666,1.415667,1.565709,25
0,4096,12,tg,1,1.452792,1.414000,1.479250,25
0,4096,12,cpu,1,20.252916,20.232573,20.272166,8
0,4096,12,simd_vals,1,1.247125,1.229333,1.381709,25
0,4096,12,tg_vals,1,1.231042,1.215125,1.237666,25
0,4096,12,cpu_vals,1,8.981667,8.971208,8.997833,17
0,64,2,simd,1,0.206792,0.194958,0.529500,25
0,64,2,tg,1,0.210792,0.199708,0.230625,25
0,64,2,cpu,1,0.024458,0.024208,0.025083,25
0,64,2,simd_vals,1,0.161500,0.142792,0.165500,25
0,64,2,tg_vals,1,0.151084,0.140458,0.163792,25
0,64,2,cpu_vals,1,0.012791,0.012708,0.012875,25
0,32,24,simd,1,0.837417,0.788750,1.388333,25
0,32,24,tg,1,0.298166,0.294209,0.301792,25
0,32,24,cpu,1,0.649125,0.645334,0.657458,25
0,32,24,simd_vals,1,0.739917,0.716583,0.772750,25
0,32,24,tg_vals,1,0.288250,0.283209,0.290708,25
0,32,24,cpu_vals,1,0.224209,0.223375,0.225709,25
0,64,512,block,1,633.228333,632.777562,633.460229,3
0,64,512,cpu,1,574.412875,574.105937,574.698417,3
0,64,512,tridiag,1,897.101250,895.914459,897.339396,3
0,64,512,block_vals,1,436.717833,436.416770,436.734938,3
0,64,512,cpu_vals,1,272.113709,272.026917,272.276958,5
0,64,512,tridiag_vals,1,687.327333,684.661020,687.915521,3
0,1024,8,simd,1,0.761583,0.652250,0.777667,25
0,1024,8,tg,1,0.282708,0.275833,0.283625,25
0,1024,8,cpu,1,2.433417,2.417583,2.450000,25
0,1024,8,simd_vals,1,0.612000,0.273583,0.718375,25
0,1024,8,tg_vals,1,0.265208,0.262375,0.270125,25
0,1024,8,cpu_vals,1,1.235041,1.219417,1.243542,25
0,64,768,block,1,2128.041375,2124.219458,2134.716792,3
0,64,768,tridiag,1,1478.447042,1477.348396,1479.019376,3
0,64,768,block_vals,1,1526.366000,1520.632396,1530.480209,3
0,64,768,tridiag_vals,1,1153.618292,1152.838125,1154.453042,3
0,64,384,block,1,265.553917,262.462541,265.881542,5
0,64,384,cpu,1,291.783500,291.056666,292.456000,5
0,64,384,tridiag,1,584.274667,584.191167,587.750833,3
0,64,384,block_vals,1,184.353000,184.325291,184.387834,5
0,64,384,cpu_vals,1,150.067375,149.242875,150.213250,5
0,64,384,tridiag_vals,1,467.157125,463.770313,467.210708,3
0,32,384,tg,1,913.895667,905.651125,917.665333,3
0,32,384,block,1,131.432875,126.798792,131.551500,5
0,32,384,cpu,1,145.282667,144.601125,146.435208,5
0,32,384,tridiag,1,305.770709,303.125750,305.784750,3
0,32,384,tg_vals,1,509.691000,503.880979,510.993583,3
0,32,384,block_vals,1,84.268959,84.169833,84.447167,5
0,32,384,cpu_vals,1,75.249542,75.192666,75.313042,5
0,32,384,tridiag_vals,1,230.845375,230.688041,233.937333,5
0,1024,48,tg,1,15.758000,15.630364,15.980354,10
0,1024,48,block,1,23.783375,23.671396,23.842271,7
0,1024,48,cpu,1,81.254959,80.311166,81.401916,5
0,1024,48,tg_vals,1,13.643625,13.528251,13.767688,11
0,1024,48,block_vals,1,20.650167,20.231385,20.707667,8
0,1024,48,cpu_vals,1,35.874208,35.717417,35.925750,5
0,1024,4,simd,1,0.376583,0.361000,0.684000,25
0,1024,4,tg,1,0.210250,0.204875,0.215083,25
0,1024,4,cpu,1,0.873666,0.867125,0.888750,25
0,1024,4,simd_vals,1,0.235542,0.222417,0.244292,25
0,1024,4,tg_vals,1,0.242833,0.233459,0.248708,25
0,1024,4,cpu_vals,1,0.452125,0.447250,0.461709,25
0,1,1024,block,1,103.887583,103.672458,103.997250,5
0,1,1024,cpu,1,41.045125,40.972167,41.066583,5
0,1,1024,tridiag,1,35.885791,35.717125,36.433791,5
0,1,1024,block_vals,1,92.215292,91.789458,92.272625,5
0,1,1024,cpu_vals,1,18.205875,18.196583,18.259750,9
0,1,1024,tridiag_vals,1,26.715750,26.699760,26.793364,6
0,256,4,simd,1,0.266458,0.249417,0.272875,25
0,256,4,tg,1,0.190083,0.176459,0.196958,25
0,256,4,cpu,1,0.217917,0.216167,0.220083,25
0,256,4,simd_vals,1,0.162875,0.151791,0.176500,25
0,256,4,tg_vals,1,0.177916,0.171917,0.180833,25
0,256,4,cpu_vals,1,0.118917,0.118250,0.119250,25
0,8,16,simd,1,0.538083,0.526375,0.792959,25
0,8,16,tg,1,0.273000,0.238250,0.318500,25
0,8,16,cpu,1,0.072500,0.071750,0.073000,25
0,8,16,simd_vals,1,0.327084,0.305458,0.332334,25
0,8,16,tg_vals,1,0.229750,0.216875,0.233667,25
0,8,16,cpu_vals,1,0.029583,0.029500,0.029709,25
0,8,64,tg,1,1.246875,1.202708,1.294583,25
0,8,64,block,1,3.204750,3.179083,3.237000,25
0,8,64,cpu,1,1.105167,1.098833,1.117000,25
0,8,64,tg_vals,1,1.159334,1.130667,1.180958,25
0,8,64,block_vals,1,3.123792,3.104791,3.148958,25
0,8,64,cpu_vals,1,0.445750,0.443917,0.448209,25
0,2048,96,tg,1,290.975833,289.639458,291.821625,5
0,2048,96,block,1,154.588958,154.341125,154.854500,5
0,2048,96,cpu,1,571.784875,570.561105,571.966500,3
0,2048,96,tg_vals,1,231.203542,229.862791,233.027375,5
0,2048,96,block_vals,1,129.684542,129.511917,129.896625,5
0,2048,96,cpu_vals,1,288.558500,287.921625,288.583333,5
0,16,96,tg,1,3.700917,3.687583,3.715292,25
0,16,96,block,1,5.075916,4.920875,5.181542,25
0,16,96,cpu,1,4.511708,4.498709,4.528209,25
0,16,96,tg_vals,1,3.329375,3.302791,3.337000,25
0,16,96,block_vals,1,4.935208,4.759958,5.050000,25
0,16,96,cpu_vals,1,2.271208,2.259833,2.279209,25
0,2,1536,block,1,473.689792,473.414813,473.821896,3
0,2,1536,cpu,1,200.353875,199.710334,200.710334,5
0,2,1536,tridiag,1,140.028250,139.223292,140.598583,5
0,2,1536,block_vals,1,301.457083,298.391792,302.565270,3
0,2,1536,cpu_vals,1,86.536792,86.531625,86.609291,5
0,2,1536,tridiag_vals,1,102.808792,101.475042,102.866041,5
0,4,768,block,1,106.062875,105.390666,108.019166,5
0,4,768,cpu,1,74.695709,74.642791,75.110500,5
0,4,768,tridiag,1,93.981750,92.991625,95.577542,5
0,4,768,block_vals,1,85.421000,84.913750,86.567541,5
0,4,768,cpu_vals,1,39.089667,39.035417,39.127208,5
0,4,768,tridiag_vals,1,73.286916,73.114334,73.528125,5
0,2,192,tg,1,27.774605,27.753469,27.806083,6
0,2,192,block,1,8.986250,8.894541,9.051125,17
0,2,192,cpu,1,2.368792,2.358458,2.417542,25
0,2,192,tridiag,1,7.791291,7.718417,7.834927,20
0,2,192,tg_vals,1,25.817395,25.798614,25.819145,6
0,2,192,block_vals,1,8.794771,8.579469,8.861270,18
0,2,192,cpu_vals,1,1.200417,1.192459,1.214833,25
0,2,192,tridiag_vals,1,6.374396,6.318156,6.461594,24
0,32,32,simd,1,1.758166,1.744917,1.771750,25
0,32,32,tg,1,0.429041,0.424000,0.469292,25
0,32,32,block,1,2.829792,2.784417,2.884458,25
0,32,32,cpu,1,1.093541,1.086875,1.106375,25
0,32,32,simd_vals,1,1.587750,1.576334,1.603500,25
0,32,32,tg_vals,1,0.412292,0.401667,0.464209,25
0,32,32,block_vals,1,2.725667,2.691083,2.774042,25
0,32,32,cpu_vals,1,0.375667,0.373959,0.380709,25
0,512,256,block,1,641.634667,641.258542,646.944563,3
0,512,256,cpu,1,1127.650083,1127.577958,1128.746916,3
0,512,256,block_vals,1,498.076459,497.336188,498.614167,3
0,512,256,cpu_vals,1,538.313334,537.844646,538.631896,3
0,1,256,tg,1,55.068083,54.986167,55.133375,5
0,1,256,block,1,11.766792,11.711708,11.806917,13
0,1,256,cpu,1,2.261750,2.238250,2.300416,25
0,1,256,tridiag,1,5.408083,5.334750,5.456708,25
0,1,256,tg_vals,1,53.990291,53.933500,54.000458,5
0,1,256,block_vals,1,11.466687,11.413615,11.519666,14
0,1,256,cpu_vals,1,1.057792,1.053458,1.067625,25
0,1,256,tridiag_vals,1,4.424750,4.390375,4.539334,25
0,32,768,block,1,1059.430542,1058.045021,1060.834521,3
0,32,768,tridiag,1,749.409125,742.115730,749.479333,3
0,32,768,block_vals,1,711.272792,707.440416,714.084187,3
0,32,768,tridiag_vals,1,590.450667,590.159063,592.142229,3
0,512,16,simd,1,0.582458,0.575292,0.589250,25
0,512,16,tg,1,0.507375,0.497458,0.518000,25
0,512,16,cpu,1,4.435708,4.427791,4.452833,25
0,512,16,simd_vals,1,0.526709,0.516209,0.539750,25
0,512,16,tg_vals,1,0.476542,0.446916,0.522042,25
0,512,16,cpu_vals,1,1.798917,1.793583,1.810250,25
0,32,256,tg,1,201.144708,199.713792,202.518416,5
0,32,256,block,1,36.653500,36.525542,36.678709,5
0,32,256,cpu,1,70.927000,70.683584,71.535958,5
0,32,256,tridiag,1,175.744542,175.514250,176.307916,5
0,32,256,tg_vals,1,125.943084,124.830333,125.955708,5
0,32,256,block_vals,1,30.563042,30.464083,30.614834,5
0,32,256,cpu_vals,1,33.579625,33.575167,33.585333,5
0,32,256,tridiag_vals,1,142.942125,140.814250,143.111416,5
0,4,24,simd,1,0.801709,0.767167,0.833916,25
0,4,24,tg,1,0.282667,0.275750,0.286250,25
0,4,24,cpu,1,0.084167,0.084084,0.085042,25
0,4,24,simd_vals,1,0.725292,0.687417,0.762834,25
0,4,24,tg_vals,1,0.273667,0.258708,0.278083,25
0,4,24,cpu_vals,1,0.030667,0.030500,0.031084,25
0,256,384,block,1,1087.498875,1076.804125,1089.858438,3
0,256,384,block_vals,1,783.590791,776.996583,786.266874,3
0,1024,64,tg,1,39.841917,39.602250,39.986667,5
0,1024,64,block,1,25.984417,25.869406,26.069708,6
0,1024,64,cpu,1,138.958750,138.818541,139.052750,5
0,1024,64,tg_vals,1,33.218334,32.873083,33.495667,5
0,1024,64,block_vals,1,21.739083,21.673229,21.815333,7
0,1024,64,cpu_vals,1,56.381458,56.328458,56.413333,5
0,16,32,simd,1,1.740167,1.717916,1.753041,25
0,16,32,tg,1,0.370416,0.369000,0.374917,25
0,16,32,block,1,2.767083,2.685417,2.805375,25
0,16,32,cpu,1,0.546584,0.540792,0.551042,25
0,16,32,simd_vals,1,1.592875,1.573292,1.620083,25
0,16,32,tg_vals,1,0.349375,0.344834,0.355167,25
0,16,32,block_vals,1,2.721167,2.647458,2.792875,25
0,16,32,cpu_vals,1,0.189708,0.187208,0.192125,25
0,4096,192,block,1,2185.469042,2183.966271,2193.985979,3
0,4096,192,block_vals,1,1709.877833,1709.613875,1719.542291,3
0,256,8,simd,1,0.200875,0.190209,0.213542,25
0,256,8,tg,1,0.194458,0.179333,0.200500,25
0,256,8,cpu,1,0.614209,0.611958,0.627292,25
0,256,8,simd_vals,1,0.185709,0.168834,0.188833,25
0,256,8,tg_vals,1,0.173875,0.165792,0.178250,25
0,256,8,cpu_vals,1,0.308500,0.307291,0.310459,25
0,1024,24,simd,1,2.437625,2.421666,2.484083,25
0,1024,24,tg,1,2.206167,2.182666,2.225292,25
0,1024,24,cpu,1,20.250250,20.217104,20.271584,8
0,1024,24,simd_vals,1,2.067625,2.037042,2.103042,25
0,1024,24,tg_vals,1,1.887958,1.873583,1.936958,25
0,1024,24,cpu_vals,1,7.073291,7.053667,7.091875,22
0,8,2,simd,1,0.217000,0.198834,0.350416,25
0,8,2,tg,1,0.189500,0.181000,0.200000,25
0,8,2,cpu,1,0.003584,0.003541,0.003750,25
0,8,2,simd_vals,1,0.164542,0.162042,0.167084,25
0,8,2,tg_vals,1,0.148708,0.140417,0.156791,25
0,8,2,cpu_vals,1,0.002459,0.002417,0.002583,25
0,4,256,tg,1,55.442500,55.398291,55.461084,5
0,4,256,block,1,12.797021,12.717177,12.876812,12
0,4,256,cpu,1,8.783438,8.730239,8.866031,18
0,4,256,tridiag,1,21.418041,21.270459,21.622729,7
0,4,256,tg_vals,1,54.083833,53.946792,54.115000,5
0,4,256,block_vals,1,12.287625,12.216334,12.342875,13
0,4,256,cpu_vals,1,4.186167,4.175708,4.207167,25
0,4,256,tridiag_vals,1,17.908209,17.856125,17.937791,9
0,64,96,tg,1,11.512083,11.431417,11.681625,13
0,64,96,block,1,7.768854,7.632625,7.859938,20
0,64,96,cpu,1,17.991833,17.891042,18.016666,9
0,64,96,tg_vals,1,9.415479,9.282709,9.587229,16
0,64,96,block_vals,1,7.268458,7.136167,7.320625,21
0,64,96,cpu_vals,1,9.078958,9.056917,9.124458,17
0,16,192,tg,1,29.181354,29.149020,29.232374,6
0,16,192,block,1,11.724834,11.654792,11.775042,13
0,16,192,cpu,1,18.340417,18.198833,18.605959,9
0,16,192,tridiag,1,61.779375,61.324792,61.870875,5
0,16,192,tg_vals,1,25.871167,25.859927,25.876531,6
0,16,192,block_vals,1,10.671667,10.588375,10.708896,15
0,16,192,cpu_vals,1,9.346125,9.332083,9.365000,17
0,16,192,tridiag_vals,1,50.765417,50.698667,50.820250,5
0,1,128,tg,1,7.992792,7.973833,7.996313,19
0,1,128,block,1,5.875916,5.826833,5.946625,25
0,1,128,cpu,1,0.498584,0.494541,0.504208,25
0,1,128,tridiag,1,2.372125,2.357750,2.496666,25
0,1,128,tg_vals,1,7.222083,7.201417,7.233375,21
0,1,128,block_vals,1,5.700916,5.620042,5.828583,25
0,1,128,cpu_vals,1,0.265416,0.264250,0.267208,25
0,1,128,tridiag_vals,1,1.899709,1.890542,1.943583,25
0,1,2,simd,1,0.156583,0.148208,0.211333,25
0,1,2,tg,1,0.169125,0.154708,0.178333,25
0,1,2,cpu,1,0.001167,0.001167,0.001291,25
0,1,2,simd_vals,1,0.170667,0.160667,0.174000,25
0,1,2,tg_vals,1,0.159625,0.152083,0.168375,25
0,1,2,cpu_vals,1,0.001375,0.001375,0.001625,25
0,2,2048,block,1,1205.083583,1197.821479,1205.132687,3
0,2,2048,cpu,1,465.893334,464.956813,466.796146,3
0,2,2048,tridiag,1,241.311750,240.812084,242.069250,5
0,2,2048,block_vals,1,752.272250,751.073959,754.936209,3
0,2,2048,cpu_vals,1,164.496458,164.477250,164.614958,5
0,2,2048,tridiag_vals,1,178.848750,178.389916,178.995500,5
0,128,8,simd,1,0.196375,0.188333,0.209333,25
0,128,8,tg,1,0.199083,0.195459,0.209583,25
0,128,8,cpu,1,0.314583,0.312834,0.319542,25
0,128,8,simd_vals,1,0.169917,0.162750,0.182834,25
0,128,8,tg_vals,1,0.190417,0.185875,0.197167,25
0,128,8,cpu_vals,1,0.157833,0.157083,0.160791,25
0,128,384,block,1,579.490958,573.841354,580.863999,3
0,128,384,cpu,1,579.786958,579.611604,580.148063,3
0,128,384,tridiag,1,1184.719708,1180.719562,1185.833687,3
0,128,384,block_vals,1,396.671000,396.544479,396.731042,3
0,128,384,cpu_vals,1,301.565084,301.376480,301.864229,3
0,128,384,tridiag_vals,1,949.090917,937.417958,949.787751,3
0,64,12,simd,1,0.279125,0.271792,0.292000,25
0,64,12,tg,1,0.224834,0.217292,0.230792,25
0,64,12,cpu,1,0.323250,0.321666,0.325334,25
0,64,12,simd_vals,1,0.252334,0.244000,0.259583,25
0,64,12,tg_vals,1,0.218209,0.211167,0.222625,25
0,64,12,cpu_vals,1,0.146041,0.145542,0.146916,25
0,512,96,tg,1,73.297250,72.976167,74.007708,5
0,512,96,block,1,40.267042,40.100500,40.406750,5
0,512,96,cpu,1,143.441417,143.334250,143.590708,5
0,512,96,tg_vals,1,61.520875,61.360250,61.856167,5
0,512,96,block_vals,1,33.608042,33.478959,33.609375,5
0,512,96,cpu_vals,1,72.417917,72.411167,72.430625,5
0,512,24,simd,1,1.515209,1.505792,1.570500,25
0,512,24,tg,1,1.235500,1.225834,1.255458,25
0,512,24,cpu,1,10.222250,10.161250,10.259376,15
0,512,24,simd_vals,1,1.318125,1.305250,1.366083,25
0,512,24,tg_vals,1,1.071667,1.053833,1.130083,25
0,512,24,cpu_vals,1,3.533166,3.494625,3.561750,25
0,2,8,simd,1,0.209417,0.197875,0.234958,25
0,2,8,tg,1,0.205334,0.198583,0.226833,25
0,2,8,cpu,1,0.006250,0.006208,0.006542,25
0,2,8,simd_vals,1,0.209834,0.197583,0.218375,25
0,2,8,tg_vals,1,0.170750,0.154208,0.212209,25
0,2,8,cpu_vals,1,0.003334,0.003333,0.003583,25
0,8,1024,block,1,614.607583,614.353979,615.078583,3
0,8,1024,cpu,1,324.987459,324.877667,325.426896,3
0,8,1024,tridiag,1,299.097125,299.053458,299.366750,5
0,8,1024,block_vals,1,380.872750,380.616459,381.949000,3
0,8,1024,cpu_vals,1,145.965250,145.930292,145.975125,5
0,8,1024,tridiag_vals,1,228.721292,228.514750,229.708667,5
0,32,2,simd,1,0.157250,0.139042,0.181667,25
0,32,2,tg,1,0.140584,0.134541,0.157708,25
0,32,2,cpu,1,0.012708,0.012208,0.012875,25
0,32,2,simd_vals,1,0.144250,0.136541,0.153959,25
0,32,2,tg_vals,1,0.140542,0.135917,0.160333,25
0,32,2,cpu_vals,1,0.006834,0.006667,0.007042,25
0,4,1536,block,1,1000.869958,997.012438,1005.103042,3
0,4,1536,cpu,1,397.398541,397.247229,398.571812,3
0,4,1536,tridiag,1,279.539375,279.373500,280.460417,5
0,4,1536,block_vals,1,628.009584,626.086188,633.712459,3
0,4,1536,cpu_vals,1,172.465750,172.257042,172.496000,5
0,4,1536,tridiag_vals,1,203.906084,202.835292,204.638708,5
0,256,64,tg,1,10.635709,10.414897,10.713355,15
0,256,64,block,1,8.228125,8.172604,8.296354,19
0,256,64,cpu,1,34.850375,34.786083,34.897125,5
0,256,64,tg_vals,1,8.656125,8.540282,8.706552,18
0,256,64,block_vals,1,7.656438,7.562469,7.737823,20
0,256,64,cpu_vals,1,14.194292,14.175062,14.219729,11
0,1,4096,block,1,5139.516333,5098.466416,5202.905625,3
0,1,4096,tridiag,1,541.988125,541.454708,543.220750,3
0,1,4096,block_vals,1,3465.969416,3458.124062,3492.792666,3
0,1,4096,tridiag_vals,1,401.401458,400.349020,401.482896,3
0,8,192,tg,1,27.876250,27.868135,27.882865,6
0,8,192,block,1,10.137208,10.039354,10.164771,15
0,8,192,cpu,1,9.261041,9.196166,9.317833,17
0,8,192,tridiag,1,31.023834,30.962959,31.097583,5
0,8,192,tg_vals,1,25.817833,25.793719,25.872479,6
0,8,192,block_vals,1,9.543520,9.477417,9.688500,16
0,8,192,cpu_vals,1,4.678458,4.657417,4.698250,25
0,8,192,tridiag_vals,1,25.300208,25.190917,25.346781,6
0,128,96,tg,1,20.293084,20.014927,20.451208,8
0,128,96,block,1,11.579250,11.463625,11.703959,13
0,128,96,cpu,1,35.669208,35.638750,35.674750,5
0,128,96,tg_vals,1,16.261584,16.156469,16.409031,10
0,128,96,block_vals,1,10.464709,10.354145,10.575708,15
0,128,96,cpu_vals,1,18.275292,18.194375,18.321375,9
0,4096,16,simd,1,2.475709,2.435333,2.675542,25
0,4096,16,tg,1,2.460875,2.427542,2.524792,25
0,4096,16,cpu,1,35.698416,35.567875,35.704833,5
0,4096,16,simd_vals,1,2.044333,2.013500,2.182334,25
0,4096,16,tg_vals,1,2.029958,2.015167,2.138625,25
0,4096,16,cpu_vals,1,14.238291,14.223541,14.257959,11
0,8,12,simd,1,0.462209,0.439209,0.696791,25
0,8,12,tg,1,0.288000,0.265708,0.308791,25
0,8,12,cpu,1,0.041791,0.041625,0.042375,25
0,8,12,simd_vals,1,0.249375,0.230875,0.253958,25
0,8,12,tg_vals,1,0.211167,0.194583,0.216541,25
0,8,12,cpu_vals,1,0.019375,0.019333,0.019417,25
0,2,64,tg,1,1.251500,1.238542,1.266625,25
0,2,64,block,1,3.220708,3.166042,3.250250,25
0,2,64,cpu,1,0.282125,0.281125,0.283959,25
0,2,64,tg_vals,1,1.133708,1.124416,1.145250,25
0,2,64,block_vals,1,3.177083,3.117292,3.212916,25
0,2,64,cpu_vals,1,0.115792,0.113042,0.116500,25
0,1,96,tg,1,3.634333,3.619375,3.642458,25
0,1,96,block,1,4.828333,4.723208,4.966459,25
0,1,96,cpu,1,0.289375,0.287667,0.293292,25
0,1,96,tg_vals,1,3.311417,3.299500,3.320917,25
0,1,96,block_vals,1,4.755625,4.609292,4.820167,25
0,1,96,cpu_vals,1,0.149833,0.147875,0.153125,25
0,512,48,tg,1,8.248125,8.170438,8.338167,19
0,512,48,block,1,12.366667,12.144750,12.443417,13
0,512,48,cpu,1,40.260667,40.196417,40.590042,5
0,512,48,tg_vals,1,6.931354,6.854083,7.001448,22
0,512,48,block_vals,1,11.489980,11.275542,11.666114,14
0,512,48,cpu_vals,1,17.849916,17.712833,17.944958,9
0,128,192,tg,1,279.096750,265.639459,280.048000,5
0,128,192,block,1,67.156958,65.962459,67.744875,5
0,128,192,cpu,1,148.272458,147.755166,148.709583,5
0,128,192,tridiag,1,495.790708,495.035833,496.111562,3
0,128,192,tg_vals,1,150.594000,150.455417,151.023375,5
0,128,192,block_vals,1,48.685208,48.620750,49.652292,5
0,128,192,cpu_vals,1,75.250166,75.231209,75.375708,5
0,128,192,tridiag_vals,1,398.178083,397.392708,400.321334,3
0,1,32,simd,1,1.526958,1.489333,1.544875,25
0,1,32,tg,1,0.313542,0.305417,0.322292,25
0,1,32,block,1,2.524958,2.415833,2.729750,25
0,1,32,cpu,1,0.035292,0.030208,0.036833,25
0,1,32,simd_vals,1,1.392125,1.351875,1.401833,25
0,1,32,tg_vals,1,0.321291,0.307792,0.326541,25
0,1,32,block_vals,1,2.575166,2.413417,2.709292,25
0,1,32,cpu_vals,1,0.011875,0.011750,0.012458,25
0,32,96,tg,1,5.866417,5.841708,5.889917,25
0,32,96,block,1,5.448750,5.293708,5.504334,25
0,32,96,cpu,1,8.940333,8.903750,8.974583,17
0,32,96,tg_vals,1,5.207792,5.052292,5.239375,25
0,32,96,block_vals,1,5.224667,4.980959,5.285083,25
0,32,96,cpu_vals,1,4.518542,4.512958,4.532833,25
0,128,512,block,1,1266.577708,1263.959146,1273.600146,3
0,128,512,tridiag,1,1708.856083,1708.195125,1720.268208,3
0,128,512,block_vals,1,907.732500,900.751708,920.754833,3
0,128,512,tridiag_vals,1,1411.750291,1408.453896,1431.617042,3
0,2,24,simd,1,0.798084,0.767250,0.834209,25
0,2,24,tg,1,0.261417,0.255208,0.280333,25
0,2,24,cpu,1,0.044542,0.041750,0.047208,25
0,2,24,simd_vals,1,0.723209,0.699291,0.771333,25
0,2,24,tg_vals,1,0.263334,0.253458,0.271625,25
0,2,24,cpu_vals,1,0.014583,0.014542,0.014625,25
0,2048,24,simd,1,4.119417,4.053209,4.539916,25
0,2048,24,tg,1,4.127250,4.036500,4.508125,25
0,2048,24,cpu,1,40.737500,40.680042,40.739208,5
0,2048,24,simd_vals,1,3.431625,3.387083,3.685250,25
0,2048,24,tg_vals,1,3.411209,3.378416,3.769750,25
0,2048,24,cpu_vals,1,14.147750,14.133000,14.166937,11
0,128,4,simd,1,0.166875,0.155125,0.302584,25
0,128,4,tg,1,0.164125,0.155375,0.177250,25
0,128,4,cpu,1,0.111541,0.110750,0.112209,25
0,128,4,simd_vals,1,0.154542,0.147666,0.171334,25
0,128,4,tg_vals,1,0.147875,0.144791,0.161583,25
0,128,4,cpu_vals,1,0.058958,0.058250,0.059791,25
0,16,48,tg,1,0.805125,0.737292,1.153417,25
0,16,48,block,1,3.330583,3.225875,3.761042,25
0,16,48,cpu,1,1.291791,1.276458,1.319750,25
0,16,48,tg_vals,1,0.949875,0.877958,0.984083,25
0,16,48,block_vals,1,3.253458,3.163458,3.712083,25
0,16,48,cpu_vals,1,0.563375,0.556708,0.571833,25
0,64,256,tg,1,430.989875,429.478437,440.722208,3
0,64,256,block,1,75.721958,75.323125,75.816416,5
0,64,256,cpu,1,141.673208,141.182042,141.733417,5
0,64,256,tridiag,1,350.491000,350.419083,353.019105,3
0,64,256,tg_vals,1,253.425167,253.142583,254.404084,5
0,64,256,block_vals,1,57.735375,57.242083,57.920708,5
0,64,256,cpu_vals,1,67.230334,67.099875,67.348792,5
0,64,256,tridiag_vals,1,284.918708,283.308750,284.994167,5
0,16,8,simd,1,0.187833,0.181666,0.199416,25
0,16,8,tg,1,0.167708,0.163292,0.176500,25
0,16,8,cpu,1,0.039125,0.038083,0.041667,25
0,16,8,simd_vals,1,0.178292,0.160417,0.185500,25
0,16,8,tg_vals,1,0.166958,0.161167,0.184667,25
0,16,8,cpu_vals,1,0.019750,0.019667,0.019792,25
0,8,512,tg,1,608.461291,607.127270,608.920999,3
0,8,512,block,1,65.351541,65.177750,65.532250,5
0,8,512,cpu,1,71.890792,71.072875,72.392458,5
0,8,512,tridiag,1,106.657208,106.596417,107.058708,5
0,8,512,tg_vals,1,446.615750,446.474209,447.362750,3
0,8,512,block_vals,1,53.779375,53.728791,53.850958,5
0,8,512,cpu_vals,1,34.028709,34.025125,34.063375,5
0,8,512,tridiag_vals,1,85.502583,85.487667,86.304041,5
0,128,256,block,1,160.936083,159.426083,161.522375,5
0,128,256,cpu,1,282.996000,281.875625,283.545209,5
0,128,256,tridiag,1,687.100084,683.928646,689.155771,3
0,128,256,block_vals,1,117.404291,116.976958,117.487667,5
0,128,256,cpu_vals,1,133.345125,133.344750,133.473708,5
0,128,256,tridiag_vals,1,566.705708,564.473395,568.115708,3
0,1024,12,simd,1,0.541083,0.524667,0.584917,25
0,1024,12,tg,1,0.515750,0.509792,0.526708,25
0,1024,12,cpu,1,5.031041,4.990250,5.046291,25
0,1024,12,simd_vals,1,0.548708,0.471250,0.614666,25
0,1024,12,tg_vals,1,0.458292,0.449417,0.473959,25
0,1024,12,cpu_vals,1,2.226625,2.200250,2.239750,25
0,8,256,tg,1,63.059625,63.042875,63.084459,5
0,8,256,block,1,15.079250,14.961199,15.251958,10
0,8,256,cpu,1,17.798708,17.776084,17.825584,9
0,8,256,tridiag,1,42.818042,42.769709,42.959417,5
0,8,256,tg_vals,1,60.400167,60.348875,60.445250,5
0,8,256,block_vals,1,13.474354,13.334969,13.592532,12
0,8,256,cpu_vals,1,8.348751,8.321563,8.374729,18
0,8,256,tridiag_vals,1,35.757958,35.756084,35.835125,5
0,8,8,simd,1,0.181500,0.163167,0.192625,25
0,8,8,tg,1,0.170541,0.163833,0.179959,25
0,8,8,cpu,1,0.020167,0.020042,0.021708,25
0,8,8,simd_vals,1,0.177917,0.163584,0.188417,25
0,8,8,tg_vals,1,0.179583,0.166541,0.188125,25
0,8,8,cpu_vals,1,0.010834,0.010792,0.011041,25
0,2,128,tg,1,7.995875,7.978354,8.016001,19
0,2,128,block,1,5.955583,5.874667,6.043000,25
0,2,128,cpu,1,0.992375,0.988542,1.002583,25
0,2,128,tridiag,1,4.804209,4.739917,4.902667,25
0,2,128,tg_vals,1,7.223584,7.199416,7.245792,21
0,2,128,block_vals,1,5.859084,5.757417,5.957167,25
0,2,128,cpu_vals,1,0.522708,0.515791,0.525833,25
0,2,128,tridiag_vals,1,3.887958,3.813833,3.980500,25
0,256,48,tg,1,4.343750,4.292375,4.405875,25
0,256,48,block,1,7.755459,7.611010,7.862552,20
0,256,48,cpu,1,20.421000,20.250323,20.509136,8
0,256,48,tg_vals,1,3.783750,3.740750,3.824208,25
0,256,48,block_vals,1,7.191334,7.059625,7.265000,21
0,256,48,cpu_vals,1,8.930708,8.902458,9.023000,17
0,8,768,block,1,247.246750,237.299958,248.050958,5
0,8,768,cpu,1,151.122958,150.137333,151.231791,5
0,8,768,tridiag,1,195.096167,194.533208,195.901458,5
0,8,768,block_vals,1,161.775166,161.750958,163.087750,5
0,8,768,cpu_vals,1,78.904125,78.656958,78.905792,5
0,8,768,tridiag_vals,1,153.174125,152.750041,153.504542,5
0,8,48,tg,1,0.760500,0.709875,0.813375,25
0,8,48,block,1,3.302083,3.176000,3.726292,25
0,8,48,cpu,1,0.646417,0.639375,0.651375,25
0,8,48,tg_vals,1,0.706584,0.670666,0.721083,25
0,8,48,block_vals,1,3.200250,3.153375,3.655708,25
0,8,48,cpu_vals,1,0.283833,0.278875,0.285875,25
0,4096,2,simd,1,0.195125,0.189667,0.199834,25
0,4096,2,tg,1,0.196084,0.191334,0.200208,25
0,4096,2,cpu,1,1.372125,1.352250,1.390334,25
0,4096,2,simd_vals,1,0.190333,0.184875,0.228875,25
0,4096,2,tg_vals,1,0.193125,0.189792,0.198458,25
0,4096,2,cpu_vals,1,0.559167,0.553292,0.563667,25
0,8,32,simd,1,1.754958,1.736500,1.847875,25
0,8,32,tg,1,0.359667,0.350334,0.364375,25
0,8,32,block,1,2.790250,2.742417,2.835125,25
0,8,32,cpu,1,0.267750,0.263750,0.274375,25
0,8,32,simd_vals,1,1.575167,1.548250,1.584000,25
0,8,32,tg_vals,1,0.345250,0.331958,0.348208,25
0,8,32,block_vals,1,2.671750,2.624208,2.725417,25
0,8,32,cpu_vals,1,0.098375,0.096917,0.101417,25
0,4096,24,simd,1,7.713396,7.651614,7.857094,20
0,4096,24,tg,1,7.546855,7.530896,7.587708,20
0,4096,24,cpu,1,81.424917,81.368250,81.687792,5
0,4096,24,simd_vals,1,6.496542,6.412791,6.607667,23
0,4096,24,tg_vals,1,6.512812,6.441521,6.558385,24
0,4096,24,cpu_vals,1,27.977563,27.941177,27.983823,6
0,32,16,simd,1,0.896125,0.803709,1.173000,25
0,32,16,tg,1,0.245625,0.242459,0.249375,25
0,32,16,cpu,1,0.280708,0.279833,0.286750,25
0,32,16,simd_vals,1,0.327208,0.319167,0.331750,25
0,32,16,tg_vals,1,0.238500,0.235167,0.241666,25
0,32,16,cpu_vals,1,0.114333,0.110625,0.116334,25
0,4,384,tg,1,219.236417,219.116292,219.465416,5
0,4,384,block,1,25.832209,25.709958,26.023802,6
0,4,384,cpu,1,18.783458,18.528167,18.922459,9
0,4,384,tridiag,1,36.572334,36.558500,36.758458,5
0,4,384,tg_vals,1,190.498375,190.462541,190.852583,5
0,4,384,block_vals,1,22.856916,22.816083,22.994374,7
0,4,384,cpu_vals,1,9.366292,9.334125,9.389458,17
0,4,384,tridiag_vals,1,28.845854,28.824270,28.962188,6
0,32,48,tg,1,1.007250,0.993083,1.042917,25
0,32,48,block,1,3.386542,3.355625,3.440667,25
0,32,48,cpu,1,2.552209,2.530792,2.571125,25
0,32,48,tg_vals,1,0.892875,0.870250,0.907291,25
0,32,48,block_vals,1,3.318542,3.255959,3.376250,25
0,32,48,cpu_vals,1,1.107375,1.086417,1.125667,25
0,32,8,simd,1,0.194125,0.184459,0.202542,25
0,32,8,tg,1,0.202791,0.196958,0.208208,25
0,32,8,cpu,1,0.073083,0.072750,0.077000,25
0,32,8,simd_vals,1,0.181625,0.169166,0.194792,25
0,32,8,tg_vals,1,0.170083,0.163375,0.180292,25
0,32,8,cpu_vals,1,0.037458,0.037292,0.037917,25
0,128,24,simd,1,0.850500,0.831416,0.888959,25
0,128,24,tg,1,0.486250,0.481416,0.499000,25
0,128,24,cpu,1,2.558917,2.546917,2.579708,25
0,128,24,simd_vals,1,0.776291,0.752500,0.801542,25
0,128,24,tg_vals,1,0.453500,0.440791,0.513625,25
0,128,24,cpu_vals,1,0.881584,0.872292,0.890959,25
0,128,16,simd,1,1.100750,0.861041,1.156292,25
0,128,16,tg,1,0.275416,0.270209,0.280916,25
0,128,16,cpu,1,1.105708,1.100750,1.124750,25
0,128,16,simd_vals,1,0.519500,0.501667,0.585875,25
0,128,16,tg_vals,1,0.252583,0.249500,0.260208,25
0,128,16,cpu_vals,1,0.442083,0.441250,0.445625,25
0,4,512,tg,1,545.747333,545.707104,545.781167,3
0,4,512,block,1,44.090167,44.082167,44.211792,5
0,4,512,cpu,1,35.825959,35.741125,36.040166,5
0,4,512,tridiag,1,52.743750,52.504375,52.962125,5
0,4,512,tg_vals,1,446.906750,446.544896,447.002291,3
0,4,512,block_vals,1,38.790500,38.433375,39.118125,5
0,4,512,cpu_vals,1,16.765625,16.728917,16.816666,9
0,4,512,tridiag_vals,1,42.648833,42.437792,43.027584,5
0,4,96,tg,1,3.658750,3.641292,3.669250,25
0,4,96,block,1,4.918333,4.780917,4.980375,25
0,4,96,cpu,1,1.138833,1.133459,1.148125,25
0,4,96,tg_vals,1,3.301667,3.293459,3.327333,25
0,4,96,block_vals,1,4.789083,4.695208,4.873709,25
0,4,96,cpu_vals,1,0.561959,0.559875,0.567417,25
0,512,4,simd,1,0.182291,0.176667,0.186875,25
0,512,4,tg,1,0.183375,0.177667,0.186750,25
0,512,4,cpu,1,0.433375,0.430750,0.436583,25
0,512,4,simd_vals,1,0.177125,0.163958,0.186375,25
0,512,4,tg_vals,1,0.185500,0.180500,0.194500,25
0,512,4,cpu_vals,1,0.228667,0.227333,0.230708,25
0,4,4,simd,1,0.157500,0.149375,0.194875,25
0,4,4,tg,1,0.151833,0.150000,0.163209,25
0,4,4,cpu,1,0.004875,0.004833,0.005083,25
0,4,4,simd_vals,1,0.169125,0.150083,0.207167,25
0,4,4,tg_vals,1,0.164875,0.150250,0.179625,25
0,4,4,cpu_vals,1,0.002833,0.002792,0.002875,25
0,64,128,tg,1,27.603521,27.505406,28.105823,6
0,64,128,block,1,12.511166,12.461698,12.617678,12
0,64,128,cpu,1,31.397084,31.365625,31.403625,5
0,64,128,tridiag,1,150.056417,149.608417,150.635625,5
0,64,128,tg_vals,1,25.190750,24.842542,25.205312,7
0,64,128,block_vals,1,11.472126,11.425625,11.547323,14
0,64,128,cpu_vals,1,16.496854,16.460104,16.520802,10
0,64,128,tridiag_vals,1,124.876125,124.234167,125.043416,5
0,1,2048,block,1,630.406167,617.190521,631.833208,3
0,1,2048,cpu,1,235.092875,234.547625,235.274125,5
0,1,2048,tridiag,1,126.257208,125.725750,126.304834,5
0,1,2048,block_vals,1,411.429959,411.116625,420.468438,3
0,1,2048,cpu_vals,1,81.218375,81.185792,81.279458,5
0,1,2048,tridiag_vals,1,94.071792,91.763791,94.166167,5
0,2,12,simd,1,0.247459,0.232959,0.265000,25
0,2,12,tg,1,0.185500,0.180334,0.205500,25
0,2,12,cpu,1,0.011959,0.011833,0.012208,25
0,2,12,simd_vals,1,0.228958,0.216292,0.235959,25
0,2,12,tg_vals,1,0.230916,0.211709,0.271000,25
0,2,12,cpu_vals,1,0.005792,0.005750,0.005875,25
0,32,512,block,1,317.494625,316.517187,319.034625,3
0,32,512,cpu,1,288.935750,288.582458,290.475458,5
0,32,512,tridiag,1,444.767667,444.284376,444.937459,3
0,32,512,block_vals,1,196.684458,195.777000,197.259625,5
0,32,512,cpu_vals,1,136.240042,136.117375,136.535167,5
0,32,512,tridiag_vals,1,341.161250,341.016395,341.300396,3
0,64,192,tg,1,145.377042,145.002375,146.226208,5
0,64,192,block,1,31.285167,31.197750,31.293166,5
0,64,192,cpu,1,73.363375,73.157042,73.613333,5
0,64,192,tridiag,1,247.152084,247.007875,247.671000,5
0,64,192,tg_vals,1,83.022291,81.584667,83.036667,5
0,64,192,block_vals,1,27.728604,27.531552,27.820781,6
0,64,192,cpu_vals,1,37.387125,37.378792,37.412166,5
0,64,192,tridiag_vals,1,201.547958,201.150875,201.913875,5
0,1,1536,block,1,252.457875,252.329083,253.126041,5
0,1,1536,cpu,1,100.310333,99.949292,100.312750,5
0,1,1536,tridiag,1,68.178583,68.176042,68.235042,5
0,1,1536,block_vals,1,208.766417,208.557292,208.949833,5
0,1,1536,cpu_vals,1,43.011334,42.956750,43.020458,5
0,1,1536,tridiag_vals,1,50.739083,50.574500,51.183709,5
0,512,8,simd,1,0.489417,0.485958,0.501334,25
0,512,8,tg,1,0.241750,0.237125,0.277625,25
0,512,8,cpu,1,1.223875,1.214459,1.231292,25
0,512,8,simd_vals,1,0.272291,0.258792,0.278375,25
0,512,8,tg_vals,1,0.278333,0.268667,0.281167,25
0,512,8,cpu_vals,1,0.615250,0.612833,0.621209,25
0,1,512,tg,1,477.079667,476.607104,477.213417,3
0,1,512,block,1,30.202167,30.195584,30.215250,5
0,1,512,cpu,1,9.043833,8.955625,9.265333,17
0,1,512,tridiag,1,13.192562,13.140417,13.278250,12
0,1,512,tg_vals,1,445.856792,445.069979,445.902458,3
0,1,512,block_vals,1,28.601854,28.436125,28.847583,6
0,1,512,cpu_vals,1,4.189458,4.177375,4.206583,25
0,1,512,tridiag_vals,1,10.694166,10.429521,10.836583,15
0,64,32,simd,1,1.773167,1.756833,1.785833,25
0,64,32,tg,1,0.587792,0.584042,0.599458,25
0,64,32,block,1,2.855625,2.809750,2.868125,25
0,64,32,cpu,1,2.138083,2.114458,2.163125,25
0,64,32,simd_vals,1,1.604584,1.590875,1.629708,25
0,64,32,tg_vals,1,0.537333,0.524500,0.543875,25
0,64,32,block_vals,1,2.804000,2.780917,2.866584,25
0,64,32,cpu_vals,1,0.736250,0.733042,0.743041,25
0,2,4,simd,1,0.162584,0.147541,0.190458,25
0,2,4,tg,1,0.158500,0.153542,0.186458,25
0,2,4,cpu,1,0.002708,0.002500,0.003084,25
0,2,4,simd_vals,1,0.153459,0.145750,0.167584,25
0,2,4,tg_vals,1,0.155958,0.148625,0.163500,25
0,2,4,cpu_vals,1,0.002125,0.002000,0.002292,25
0,4,48,tg,1,0.881917,0.833542,0.898709,25
0,4,48,block,1,3.128042,3.077459,3.210792,25
0,4,48,cpu,1,0.326125,0.323750,0.328250,25
0,4,48,tg_vals,1,0.718167,0.641375,0.731250,25
0,4,48,block_vals,1,3.114375,3.054625,3.193041,25
0,4,48,cpu_vals,1,0.141583,0.141125,0.144625,25
0,1,48,tg,1,0.885250,0.854416,0.908375,25
0,1,48,block,1,3.129542,3.077292,3.242167,25
0,1,48,cpu,1,0.078000,0.077834,0.078541,25
0,1,48,tg_vals,1,0.713625,0.644500,0.724333,25
0,1,48,block_vals,1,3.089333,3.040583,3.109084,25
0,1,48,cpu_vals,1,0.034208,0.034125,0.034333,25
0,256,256,block,1,320.949542,320.521750,323.766500,3
0,256,256,cpu,1,563.449416,563.238125,564.041625,3
0,256,256,tridiag,1,1360.275125,1359.314917,1367.856416,3
0,256,256,block_vals,1,248.061875,247.587333,248.211750,5
0,256,256,cpu_vals,1,267.602917,267.109542,267.774208,5
0,256,256,tridiag_vals,1,1129.478167,1128.136229,1132.953687,3
0,2048,64,tg,1,78.222292,78.196959,78.792041,5
0,2048,64,block,1,51.160709,51.149541,51.165833,5
0,2048,64,cpu,1,281.397208,280.910209,281.437167,5
0,2048,64,tg_vals,1,66.611750,65.990041,66.873792,5
0,2048,64,block_vals,1,44.829583,44.790292,45.097125,5
0,2048,64,cpu_vals,1,113.834958,113.791625,114.086500,5
0,1,64,tg,1,1.238125,1.194000,1.263958,25
0,1,64,block,1,3.153000,3.126334,3.211667,25
0,1,64,cpu,1,0.146917,0.146208,0.147750,25
0,1,64,tg_vals,1,1.159167,1.127083,1.189500,25
0,1,64,block_vals,1,3.128625,3.089875,3.171666,25
0,1,64,cpu_vals,1,0.061375,0.061208,0.061875,25
0,2048,128,block,1,343.458375,343.395104,343.593833,3
0,2048,128,cpu,1,1000.064125,999.661145,1000.753709,3
0,2048,128,block_vals,1,281.518292,281.408958,281.677583,5
0,2048,128,cpu_vals,1,529.765000,529.411417,530.072063,3
0,4,32,simd,1,1.738125,1.730750,1.780584,25
0,4,32,tg,1,0.361416,0.351125,0.366417,25
0,4,32,block,1,3.143875,2.854958,3.413792,25
0,4,32,cpu,1,0.134417,0.134041,0.135834,25
0,4,32,simd_vals,1,1.573917,1.556000,1.579750,25
0,4,32,tg_vals,1,0.345166,0.334333,0.353417,25
0,4,32,block_vals,1,3.148750,2.831833,3.274834,25
0,4,32,cpu_vals,1,0.048000,0.047583,0.049417,25
0,2048,12,simd,1,0.904291,0.866125,0.911458,25
0,2048,12,tg,1,0.868417,0.827459,0.917667,25
0,2048,12,cpu,1,9.960812,9.939760,9.978886,16
0,2048,12,simd_vals,1,0.783042,0.739584,0.792667,25
0,2048,12,tg_vals,1,0.766541,0.743500,0.798833,25
0,2048,12,cpu_vals,1,4.416333,4.390167,4.432250,25
0,1,16,simd,1,0.500500,0.453083,0.573333,25
0,1,16,tg,1,0.235042,0.228459,0.259292,25
0,1,16,cpu,1,0.009708,0.009625,0.010000,25
0,1,16,simd_vals,1,0.310917,0.303458,0.322459,25
0,1,16,tg_vals,1,0.224250,0.210791,0.228875,25
0,1,16,cpu_vals,1,0.004417,0.004416,0.004459,25
0,64,4,simd,1,0.228500,0.202666,0.262375,25
0,64,4,tg,1,0.233583,0.216750,0.252709,25
0,64,4,cpu,1,0.052500,0.052375,0.052667,25
0,64,4,simd_vals,1,0.156417,0.146292,0.169417,25
0,64,4,tg_vals,1,0.169583,0.154375,0.174125,25
0,64,4,cpu_vals,1,0.028875,0.028458,0.029250,25
0,512,128,tg,1,181.403917,181.073792,184.495542,5
0,512,128,block,1,85.784375,85.521917,86.168959,5
0,512,128,cpu,1,250.871667,250.425792,250.959042,5
0,512,128,tridiag,1,1212.499667,1208.684958,1215.102667,3
0,512,128,tg_vals,1,163.922000,161.509333,164.270667,5
0,512,128,block_vals,1,70.906833,70.807416,70.927208,5
0,512,128,cpu_vals,1,132.407916,131.960708,132.493875,5
0,512,128,tridiag_vals,1,991.396958,989.444354,994.129999,3
0,128,12,simd,1,0.282167,0.271292,0.313958,25
0,128,12,tg,1,0.229709,0.226375,0.232667,25
0,128,12,cpu,1,0.635958,0.634167,0.645041,25
0,128,12,simd_vals,1,0.248209,0.241292,0.258541,25
0,128,12,tg_vals,1,0.198500,0.192709,0.213584,25
0,128,12,cpu_vals,1,0.283208,0.281500,0.287791,25
0,8,4,simd,1,0.165042,0.148208,0.170125,25
0,8,4,tg,1,0.169208,0.165667,0.175208,25
0,8,4,cpu,1,0.007750,0.007708,0.007875,25
0,8,4,simd_vals,1,0.149834,0.146750,0.167500,25
0,8,4,tg_vals,1,0.157667,0.148375,0.164250,25
0,8,4,cpu_vals,1,0.005209,0.004750,0.005750,25
0,32,4,simd,1,0.163042,0.146791,0.191000,25
0,32,4,tg,1,0.161875,0.149791,0.172125,25
0,32,4,cpu,1,0.026667,0.026583,0.026959,25
0,32,4,simd_vals,1,0.149000,0.146375,0.162750,25
0,32,4,tg_vals,1,0.152625,0.146708,0.165209,25
0,32,4,cpu_vals,1,0.014791,0.014709,0.014958,25
0,32,64,tg,1,1.852791,1.844208,1.892916,25
0,32,64,block,1,3.450667,3.388166,3.552916,25
0,32,64,cpu,1,4.490000,4.455625,4.515834,25
0,32,64,tg_vals,1,1.681542,1.658916,1.822000,25
0,32,64,block_vals,1,3.301833,3.253292,3.375250,25
0,32,64,cpu_vals,1,1.845208,1.839375,1.863209,25
0,1024,96,tg,1,145.613958,144.778875,147.039667,5
0,1024,96,block,1,77.112125,77.074583,78.199041,5
0,1024,96,cpu,1,287.309333,286.981708,287.608917,5
0,1024,96,tg_vals,1,115.009542,114.698542,115.381292,5
0,1024,96,block_vals,1,66.345375,66.200708,66.521792,5
0,1024,96,cpu_vals,1,143.415208,143.278709,143.585750,5
0,2,48,tg,1,0.762333,0.759292,0.786959,25
0,2,48,block,1,3.106292,3.091375,3.135250,25
0,2,48,cpu,1,0.170583,0.169334,0.171834,25
0,2,48,tg_vals,1,0.698167,0.627666,0.725708,25
0,2,48,block_vals,1,3.066792,3.047458,3.115250,25
0,2,48,cpu_vals,1,0.073041,0.072750,0.073416,25
0,4096,64,tg,1,159.022500,158.257625,159.786333,5
0,4096,64,block,1,98.973917,98.954708,99.031500,5
0,4096,64,cpu,1,559.114750,558.662396,560.512229,3
0,4096,64,tg_vals,1,132.504041,131.776458,133.009083,5
0,4096,64,block_vals,1,86.531417,86.391334,86.572458,5
0,4096,64,cpu_vals,1,226.539292,226.054125,226.871292,5
0,32,12,simd,1,0.721875,0.553791,0.932709,25
0,32,12,tg,1,0.227917,0.223708,0.233166,25
0,32,12,cpu,1,0.163584,0.160000,0.165125,25
0,32,12,simd_vals,1,0.255791,0.236584,0.258584,25
0,32,12,tg_vals,1,0.213417,0.200125,0.218625,25
0,32,12,cpu_vals,1,0.072000,0.071458,0.074667,25
0,4,1024,block,1,252.870084,252.468958,258.564583,5
0,4,1024,cpu,1,162.073333,161.881291,162.076750,5
0,4,1024,tridiag,1,143.509042,143.286958,143.535125,5
0,4,1024,block_vals,1,174.944958,174.799000,175.018709,5
0,4,1024,cpu_vals,1,72.674416,72.571834,72.709416,5
0,4,1024,tridiag_vals,1,107.573667,107.385875,108.899375,5
0,2,96,tg,1,3.638125,3.626292,3.661500,25
0,2,96,block,1,4.850667,4.741500,5.111292,25
0,2,96,cpu,1,0.575666,0.571167,0.590083,25
0,2,96,tg_vals,1,3.310833,3.299667,3.334250,25
0,2,96,block_vals,1,4.751209,4.539792,4.849333,25
0,2,96,cpu_vals,1,0.289417,0.287958,0.292709,25
0,64,64,tg,1,3.302417,3.290125,3.320541,25
0,64,64,block,1,3.934042,3.895541,4.035167,25
0,64,64,cpu,1,8.753833,8.703427,8.817458,18
0,64,64,tg_vals,1,2.950666,2.931459,3.099875,25
0,64,64,block_vals,1,3.772042,3.651875,3.858000,25
0,64,64,cpu_vals,1,3.584208,3.557000,3.603500,25
0,2048,8,simd,1,0.402833,0.388750,0.561959,25
0,2048,8,tg,1,0.383833,0.379209,0.388958,25
0,2048,8,cpu,1,4.873917,4.846500,4.891125,25
0,2048,8,simd_vals,1,0.946167,0.340625,1.000750,25
0,2048,8,tg_vals,1,0.337083,0.329750,0.342458,25
0,2048,8,cpu_vals,1,2.443125,2.426709,2.457958,25
0,256,128,tg,1,92.831292,91.750833,94.052167,5
0,256,128,block,1,41.770792,41.565625,42.509000,5
0,256,128,cpu,1,125.410209,125.116334,125.457084,5
0,256,128,tridiag,1,607.428875,606.089104,609.604229,3
0,256,128,tg_vals,1,84.002792,83.912125,84.812083,5
0,256,128,block_vals,1,33.951000,33.933166,34.101042,5
0,256,128,cpu_vals,1,66.233584,66.057084,66.276458,5
0,256,128,tridiag_vals,1,496.989042,494.196271,497.920187,3
0,256,2,simd,1,0.184000,0.173916,0.195709,25
0,256,2,tg,1,0.192083,0.179666,0.211875,25
0,256,2,cpu,1,0.086709,0.083750,0.087959,25
0,256,2,simd_vals,1,0.137125,0.134292,0.142125,25
0,256,2,tg_vals,1,0.157042,0.143417,0.161500,25
0,256,2,cpu_vals,1,0.035875,0.035417,0.036959,25
0,512,192,block,1,281.562917,281.529708,282.406291,5
0,512,192,cpu,1,590.030958,588.382438,590.393771,3
0,512,192,block_vals,1,221.704625,221.634583,221.772667,5
0,512,192,cpu_vals,1,300.554166,300.454145,300.888937,3
0,128,32,simd,1,1.832083,1.804375,1.859417,25
0,128,32,tg,1,0.999208,0.964167,1.016625,25
0,128,32,block,1,3.077208,3.055458,3.148834,25
0,128,32,cpu,1,4.282500,4.267500,4.317791,25
0,128,32,simd_vals,1,1.626375,1.595959,1.676792,25
0,128,32,tg_vals,1,0.896791,0.859208,0.939875,25
0,128,32,block_vals,1,2.991250,2.967709,3.026083,25
0,128,32,cpu_vals,1,1.467709,1.461209,1.474583,25
0,1024,32,simd,1,5.171458,5.130583,5.233167,25
0,1024,32,tg,1,4.683083,4.642083,4.750375,25
0,1024,32,block,1,6.550000,6.430458,6.678000,23
0,1024,32,cpu,1,34.208875,34.102667,34.272666,5
0,1024,32,simd_vals,1,4.539875,4.536959,4.557042,25
0,1024,32,tg_vals,1,3.912209,3.898209,3.970792,25
0,1024,32,block_vals,1,6.114916,6.029250,6.164792,25
0,1024,32,cpu_vals,1,11.683333,11.657667,11.720208,13
1,4,2,simd,1,0.202708,0.190833,0.334834,25
1,4,2,tg,1,0.199584,0.191875,0.207667,25
1,4,2,cpu,1,0.002250,0.002125,0.002583,25
1,4,2,simd_vals,1,0.151875,0.143584,0.202750,25
1,4,2,tg_vals,1,0.152083,0.141250,0.160583,25
1,4,2,cpu_vals,1,0.001959,0.001833,0.002041,25
1,1024,8,simd,1,0.683625,0.589041,0.773084,25
1,1024,8,tg,1,0.282500,0.280000,0.288000,25
1,1024,8,cpu,1,2.458542,2.444000,2.472709,25
1,1024,8,simd_vals,1,0.639000,0.601583,0.743750,25
1,1024,8,tg_vals,1,0.256875,0.246667,0.264875,25
1,1024,8,cpu_vals,1,1.228000,1.222542,1.242208,25
1,4096,12,simd,1,1.459750,1.434416,1.520709,25
1,4096,12,tg,1,1.444042,1.401875,1.462583,25
1,4096,12,cpu,1,20.280020,20.222448,20.317771,8
1,4096,12,simd_vals,1,1.238500,1.231542,1.368333,25
1,4096,12,tg_vals,1,1.235625,1.192500,1.263209,25
1,4096,12,cpu_vals,1,8.982375,8.962583,9.011125,17
1,2,512,tg,1,482.486916,481.093083,482.600687,3
1,2,512,block,1,36.165000,36.050125,36.413709,5
1,2,512,cpu,1,17.936333,17.745666,18.271333,9
1,2,512,tridiag,1,26.666438,26.346219,26.919313,6
1,2,512,tg_vals,1,445.417542,445.343396,445.467146,3
1,2,512,block_vals,1,33.331791,33.281833,33.358792,5
1,2,512,cpu_vals,1,8.469292,8.449010,8.506251,18
1,2,512,tridiag_vals,1,21.354562,21.129739,21.584719,8
1,1024,192,block,1,557.006792,551.733709,557.146146,3
1,1024,192,cpu,1,1173.978542,1173.525230,1177.769834,3
1,1024,192,block_vals,1,436.676708,432.258458,436.786187,3
1,1024,192,cpu_vals,1,599.586917,599.074187,599.932021,3
1,2048,192,block,1,1108.401708,1102.319375,1110.724167,3
1,2048,192,block_vals,1,859.667666,857.386166,862.689250,3
1,2,16,simd,1,0.341250,0.334041,0.387833,25
1,2,16,tg,1,0.222958,0.211042,0.228625,25
1,2,16,cpu,1,0.019416,0.019083,0.019792,25
1,2,16,simd_vals,1,0.322667,0.307292,0.329584,25
1,2,16,tg_vals,1,0.226417,0.215833,0.228917,25
1,2,16,cpu_vals,1,0.008041,0.008000,0.008083,25
1,4096,128,block,1,686.394542,686.220396,686.781042,3
1,4096,128,cpu,1,2007.826000,2007.738000,2009.428708,3
1,4096,128,block_vals,1,550.788625,549.335438,554.677604,3
1,4096,128,cpu_vals,1,1067.120209,1065.880542,1067.225063,3
1,32,32,simd,1,1.745750,1.731459,1.757583,25
1,32,32,tg,1,0.434458,0.429208,0.526000,25
1,32,32,block,1,2.776417,2.716625,2.807542,25
1,32,32,cpu,1,1.082583,1.077208,1.089417,25
1,32,32,simd_vals,1,1.581833,1.557375,1.592042,25
1,32,32,tg_vals,1,0.394834,0.387458,0.407750,25
1,32,32,block_vals,1,2.734750,2.719000,2.748208,25
1,32,32,cpu_vals,1,0.373625,0.370541,0.376167,25
1,16,12,simd,1,0.701458,0.685959,0.711417,25
1,16,12,tg,1,0.210084,0.197291,0.217500,25
1,16,12,cpu,1,0.084292,0.083250,0.090208,25
1,16,12,simd_vals,1,0.253542,0.249375,0.260167,25
1,16,12,tg_vals,1,0.197000,0.191875,0.210291,25
1,16,12,cpu_vals,1,0.036584,0.034750,0.036750,25
1,1,192,tg,1,24.603958,24.568583,24.631521,7
1,1,192,block,1,8.950625,8.918417,9.047792,17
1,1,192,cpu,1,1.191792,1.177458,1.230791,25
1,1,192,tridiag,1,3.888709,3.817750,3.940792,25
1,1,192,tg_vals,1,23.164250,23.161729,23.166396,7
1,1,192,block_vals,1,8.794792,8.680376,8.870979,18
1,1,192,cpu_vals,1,0.588542,0.584500,0.597000,25
1,1,192,tridiag_vals,1,3.112958,3.100875,3.256083,25
1,2,96,tg,1,3.647166,3.635792,3.656709,25
1,2,96,block,1,4.860916,4.662959,4.921459,25
1,2,96,cpu,1,0.569583,0.567250,0.579458,25
1,2,96,tg_vals,1,3.306416,3.297625,3.325375,25
1,2,96,block_vals,1,4.771917,4.542583,4.878583,25
1,2,96,cpu_vals,1,0.289666,0.288000,0.293000,25
1,2048,24,simd,1,4.058542,4.039750,4.170959,25
1,2048,24,tg,1,4.029417,3.975250,4.089917,25
1,2048,24,cpu,1,40.538708,40.528916,40.578250,5
1,2048,24,simd_vals,1,3.380833,3.353750,3.410250,25
1,2048,24,tg_vals,1,3.370291,3.320209,3.423166,25
1,2048,24,cpu_vals,1,13.986541,13.929125,14.026146,11
1,128,12,simd,1,0.495750,0.456416,0.784833,25
1,128,12,tg,1,0.327375,0.312375,0.340541,25
1,128,12,cpu,1,0.636333,0.635042,0.642583,25
1,128,12,simd_vals,1,0.241209,0.235125,0.255084,25
1,128,12,tg_vals,1,0.224000,0.219375,0.226792,25
1,128,12,cpu_vals,1,0.282209,0.281000,0.285125,25
1,1,2048,block,1,592.215791,589.455729,597.700312,3
1,1,2048,cpu,1,233.580083,233.147417,233.733125,5
1,1,2048,tridiag,1,120.772291,119.789333,120.945417,5
1,1,2048,block_vals,1,421.875875,416.471000,423.469500,3
1,1,2048,cpu_vals,1,82.297833,82.218250,82.361208,5
1,1,2048,tridiag_vals,1,87.514291,87.354458,88.154375,5
1,1,1024,block,1,103.321083,103.177833,103.327042,5
1,1,1024,cpu,1,40.456250,40.436417,40.801333,5
1,1,1024,tridiag,1,35.768375,35.635417,35.803167,5
1,1,1024,block_vals,1,92.197666,92.049958,92.256667,5
1,1,1024,cpu_vals,1,18.178542,18.149459,18.203166,9
1,1,1024,tridiag_vals,1,27.367125,27.081583,27.549948,6
1,32,24,simd,1,0.820250,0.798291,0.845500,25
1,32,24,tg,1,0.303542,0.299167,0.306375,25
1,32,24,cpu,1,0.650375,0.647583,0.659041,25
1,32,24,simd_vals,1,0.731667,0.693792,0.778750,25
1,32,24,tg_vals,1,0.289542,0.285875,0.295500,25
1,32,24,cpu_vals,1,0.224333,0.223333,0.228042,25
1,4096,8,simd,1,0.564250,0.554792,0.582333,25
1,4096,8,tg,1,0.565125,0.561875,0.571000,25
1,4096,8,cpu,1,9.732916,9.689010,9.750229,16
1,4096,8,simd_vals,1,0.945666,0.488417,1.215625,25
1,4096,8,tg_vals,1,0.486291,0.475875,0.495292,25
1,4096,8,cpu_vals,1,4.885750,4.872125,4.908209,25
1,256,192,tg,1,563.398084,556.124313,563.585334,3
1,256,192,block,1,138.579500,138.455667,139.649666,5
1,256,192,cpu,1,293.702167,293.270042,294.521375,5
1,256,192,tridiag,1,984.906208,984.345895,988.070874,3
1,256,192,tg_vals,1,283.652250,282.645083,284.795709,5
1,256,192,block_vals,1,105.328000,105.246125,105.365208,5
1,256,192,cpu_vals,1,150.114833,150.094458,150.326333,5
1,256,192,tridiag_vals,1,803.464625,800.885937,805.791708,3
1,256,8,simd,1,0.205917,0.197333,0.218875,25
1,256,8,tg,1,0.205708,0.201000,0.211167,25
1,256,8,cpu,1,0.617834,0.610584,0.621583,25
1,256,8,simd_vals,1,0.180667,0.173041,0.188166,25
1,256,8,tg_vals,1,0.194167,0.192208,0.196208,25
1,256,8,cpu_vals,1,0.308042,0.306833,0.311000,25
1,1024,24,simd,1,2.428958,2.407125,2.482250,25
1,1024,24,tg,1,2.203375,2.189000,2.228292,25
1,1024,24,cpu,1,20.270312,20.244396,20.283490,8
1,1024,24,simd_vals,1,2.088916,2.070584,2.120916,25
1,1024,24,tg_vals,1,1.898125,1.884583,1.921250,25
1,1024,24,cpu_vals,1,7.037437,7.027104,7.052709,22
1,16,256,tg,1,85.253958,85.244292,85.267375,5
1,16,256,block,1,20.891042,20.842917,20.941114,8
1,16,256,cpu,1,35.438750,35.294625,35.481917,5
1,16,256,tridiag,1,84.815917,84.776958,84.829833,5
1,16,256,tg_vals,1,61.458833,61.425208,61.470875,5
1,16,256,block_vals,1,18.465417,18.398500,18.523375,9
1,16,256,cpu_vals,1,16.750959,16.749000,16.809000,9
1,16,256,tridiag_vals,1,71.373875,71.327333,71.539167,5
1,2,384,tg,1,202.677417,202.522250,202.798000,5
1,2,384,block,1,22.078542,21.924042,22.120041,7
1,2,384,cpu,1,9.119042,8.994500,9.377917,17
1,2,384,tridiag,1,18.363167,18.091542,18.809458,9
1,2,384,tg_vals,1,190.705250,190.288000,190.764042,5
1,2,384,block_vals,1,20.526375,20.383458,20.814302,8
1,2,384,cpu_vals,1,4.707792,4.696750,4.719333,25
1,2,384,tridiag_vals,1,14.258667,14.213021,14.284521,11
1,2,32,simd,1,1.732083,1.716083,1.745375,25
1,2,32,tg,1,0.360250,0.355625,0.364416,25
1,2,32,block,1,2.799042,2.758000,2.863542,25
1,2,32,cpu,1,0.066125,0.065417,0.067916,25
1,2,32,simd_vals,1,1.582000,1.554167,1.596875,25
1,2,32,tg_vals,1,0.327541,0.323167,0.340459,25
1,2,32,block_vals,1,2.947042,2.784792,3.170458,25
1,2,32,cpu_vals,1,0.023375,0.023333,0.023875,25
1,1024,16,simd,1,0.905083,0.888917,0.943417,25
1,1024,16,tg,1,0.885833,0.846541,0.909791,25
1,1024,16,cpu,1,8.800208,8.758687,8.829917,18
1,1024,16,simd_vals,1,0.816375,0.775292,1.073834,25
1,1024,16,tg_vals,1,0.784041,0.732708,0.791292,25
1,1024,16,cpu_vals,1,3.541167,3.534792,3.557042,25
1,256,48,tg,1,4.340083,4.309042,4.417541,25
1,256,48,block,1,7.719875,7.646885,7.808302,20
1,256,48,cpu,1,20.355458,20.296365,20.436011,8
1,256,48,tg_vals,1,3.791459,3.762541,3.922250,25
1,256,48,block_vals,1,7.355083,7.212416,7.396125,21
1,256,48,cpu_vals,1,8.939708,8.908458,8.991250,17
1,512,4,simd,1,0.242042,0.232500,0.577083,25
1,512,4,tg,1,0.250541,0.241375,0.270542,25
1,512,4,cpu,1,0.423250,0.422458,0.434500,25
1,512,4,simd_vals,1,0.178416,0.166333,0.183458,25
1,512,4,tg_vals,1,0.190083,0.186917,0.193375,25
1,512,4,cpu_vals,1,0.226500,0.224709,0.228250,25
1,8,96,tg,1,3.676750,3.656083,3.683917,25
1,8,96,block,1,4.797458,4.657375,4.930458,25
1,8,96,cpu,1,2.272000,2.242625,2.287792,25
1,8,96,tg_vals,1,3.291791,3.277458,3.306708,25
1,8,96,block_vals,1,4.768958,4.709292,4.865542,25
1,8,96,cpu_vals,1,1.135584,1.133209,1.137750,25
1,128,16,simd,1,0.369167,0.364416,0.384416,25
1,128,16,tg,1,0.278000,0.266584,0.285208,25
1,128,16,cpu,1,1.116417,1.107042,1.127042,25
1,128,16,simd_vals,1,0.340584,0.336000,0.343541,25
1,128,16,tg_vals,1,0.263083,0.261292,0.265333,25
1,128,16,cpu_vals,1,0.444417,0.441667,0.445291,25
1,8,192,tg,1,27.731250,27.712364,27.827854,6
1,8,192,block,1,10.137958,10.033271,10.164146,15
1,8,192,cpu,1,9.294500,9.218792,9.352541,17
1,8,192,tridiag,1,30.833584,30.826166,31.034875,5
1,8,192,tg_vals,1,25.828209,25.823740,25.846802,6
1,8,192,block_vals,1,9.437770,9.366126,9.595094,16
1,8,192,cpu_vals,1,4.653250,4.636459,4.674417,25
1,8,192,tridiag_vals,1,25.142167,25.085646,25.217500,6
1,32,2,simd,1,0.149917,0.143125,0.173334,25
1,32,2,tg,1,0.141459,0.134500,0.157584,25
1,32,2,cpu,1,0.012208,0.012166,0.012292,25
1,32,2,simd_vals,1,0.136833,0.134584,0.152125,25
1,32,2,tg_vals,1,0.148000,0.138417,0.157500,25
1,32,2,cpu_vals,1,0.006250,0.006167,0.006292,25
1,16,2,simd,1,0.153292,0.138959,0.161542,25
1,16,2,tg,1,0.141209,0.136625,0.158541,25
1,16,2,cpu,1,0.006834,0.006750,0.007292,25
1,16,2,simd_vals,1,0.141959,0.134166,0.156750,25
1,16,2,tg_vals,1,0.155166,0.148834,0.160250,25
1,16,2,cpu_vals,1,0.003541,0.003500,0.003833,25
1,4,1536,block,1,1001.253167,997.792896,1004.756000,3
1,4,1536,cpu,1,398.542541,398.478833,398.705041,3
1,4,1536,tridiag,1,276.854916,276.193250,276.892584,5
1,4,1536,block_vals,1,641.457000,635.055229,641.598230,3
1,4,1536,cpu_vals,1,171.007000,170.770583,171.280834,5
1,4,1536,tridiag_vals,1,205.287542,205.204333,205.423583,5
1,4,1024,block,1,259.925625,259.570750,260.080250,5
1,4,1024,cpu,1,161.868834,160.953208,162.701541,5
1,4,1024,tridiag,1,144.172500,143.719541,144.176459,5
1,4,1024,block_vals,1,175.054875,175.045417,175.060208,5
1,4,1024,cpu_vals,1,73.995083,73.968125,74.594000,5
1,4,1024,tridiag_vals,1,109.573125,109.532333,109.676667,5
1,16,24,simd,1,0.771500,0.751333,0.808250,25
1,16,24,tg,1,0.290667,0.287333,0.292959,25
1,16,24,cpu,1,0.329916,0.327125,0.333458,25
1,16,24,simd_vals,1,0.759208,0.697375,0.769084,25
1,16,24,tg_vals,1,0.279708,0.274000,0.282000,25
1,16,24,cpu_vals,1,0.114875,0.114458,0.115750,25
1,1,768,block,1,62.045042,61.813458,62.070084,5
1,1,768,cpu,1,18.604333,18.326875,18.665500,9
1,1,768,tridiag,1,23.050000,22.823187,23.310750,7
1,1,768,block_vals,1,56.066708,55.769750,56.962500,5
1,1,768,cpu_vals,1,9.684500,9.674490,9.724896,16
1,1,768,tridiag_vals,1,17.814125,17.736750,18.133208,9
1,2048,48,tg,1,29.972667,29.833813,30.235647,6
1,2048,48,block,1,45.349875,45.331458,45.385667,5
1,2048,48,cpu,1,162.171833,161.972167,162.223459,5
1,2048,48,tg_vals,1,26.331459,26.204583,26.411677,6
1,2048,48,block_vals,1,39.512500,39.300292,39.613708,5
1,2048,48,cpu_vals,1,71.591292,71.487000,71.620542,5
1,16,768,block,1,493.037583,491.188979,495.933417,3
1,16,768,cpu,1,295.883291,295.137083,296.395209,5
1,16,768,tridiag,1,370.341459,369.334834,370.538792,3
1,16,768,block_vals,1,325.368291,325.351042,325.466958,3
1,16,768,cpu_vals,1,156.386708,156.185791,156.769708,5
1,16,768,tridiag_vals,1,289.442625,289.429917,290.736958,5
1,2,1024,block,1,135.836792,135.827500,136.121750,5
1,2,1024,cpu,1,81.100958,80.929792,81.160875,5
1,2,1024,tridiag,1,71.691125,71.572166,71.754250,5
1,2,1024,block_vals,1,114.564333,114.474541,114.620417,5
1,2,1024,cpu_vals,1,35.988083,35.951333,36.041875,5
1,2,1024,tridiag_vals,1,53.650875,53.625833,54.007875,5
1,32,4,simd,1,0.168666,0.148000,0.175750,25
1,32,4,tg,1,0.161791,0.150958,0.166708,25
1,32,4,cpu,1,0.029292,0.029042,0.030083,25
1,32,4,simd_vals,1,0.168792,0.162792,0.171041,25
1,32,4,tg_vals,1,0.149041,0.145000,0.165250,25
1,32,4,cpu_vals,1,0.015708,0.015666,0.015833,25
1,1,4096,block,1,5058.195458,5055.602188,5059.258458,3
1,1,4096,tridiag,1,543.901208,542.920000,544.233104,3
1,1,4096,block_vals,1,3429.397958,3429.222583,3429.834437,3
1,1,4096,tridiag_vals,1,398.632041,398.460792,399.194562,3
1,512,32,simd,1,2.872542,2.848792,2.913292,25
1,512,32,tg,1,2.541167,2.508834,2.567250,25
1,512,32,block,1,4.464833,4.393375,4.522584,25
1,512,32,cpu,1,17.219666,17.200917,17.249042,9
1,512,32,simd_vals,1,2.733334,2.722833,2.755541,25
1,512,32,tg_vals,1,2.187333,2.167958,2.205834,25
1,512,32,block_vals,1,4.302375,4.159417,4.348584,25
1,512,32,cpu_vals,1,5.884209,5.865417,5.918042,25
1,4,768,block,1,105.475875,105.437042,107.386208,5
1,4,768,cpu,1,74.143834,73.685333,74.152834,5
1,4,768,tridiag,1,92.539750,92.475416,92.852042,5
1,4,768,block_vals,1,86.440709,85.741125,86.564125,5
1,4,768,cpu_vals,1,39.288750,39.200208,39.322958,5
1,4,768,tridiag_vals,1,71.796500,71.721333,71.837750,5
1,2048,64,tg,1,77.235084,75.468917,77.770292,5
1,2048,64,block,1,51.404750,51.256667,51.429833,5
1,2048,64,cpu,1,278.090500,277.950750,278.382417,5
1,2048,64,tg_vals,1,65.782083,65.632333,66.605083,5
1,2048,64,block_vals,1,45.117708,44.984375,45.278833,5
1,2048,64,cpu_vals,1,112.748750,112.723625,112.761250,5
1,512,128,tg,1,182.431125,171.410583,185.323792,5
1,512,128,block,1,88.175834,88.131000,88.249334,5
1,512,128,cpu,1,251.128084,251.006208,251.347500,5
1,512,128,tridiag,1,1219.439250,1214.913729,1219.542229,3
1,512,128,tg_vals,1,150.301417,150.143375,152.096667,5
1,512,128,block_vals,1,71.185667,71.101667,71.327250,5
1,512,128,cpu_vals,1,133.690166,133.343791,133.810542,5
1,512,128,tridiag_vals,1,991.540375,983.651042,991.863354,3
1,4,96,tg,1,3.641208,3.632500,3.663667,25
1,4,96,block,1,4.750584,4.663542,4.849125,25
1,4,96,cpu,1,1.133708,1.131208,1.136334,25
1,4,96,tg_vals,1,3.303791,3.281708,3.310584,25
1,4,96,block_vals,1,4.687667,4.625083,4.747625,25
1,4,96,cpu_vals,1,0.564333,0.563208,0.566500,25
1,1024,256,block,1,1303.951542,1294.795584,1304.039146,3
1,1024,256,block_vals,1,973.056917,969.674188,976.200709,3
1,256,2,simd,1,0.141458,0.135625,0.149250,25
1,256,2,tg,1,0.138459,0.136500,0.141333,25
1,256,2,cpu,1,0.093167,0.092459,0.093791,25
1,256,2,simd_vals,1,0.137917,0.134500,0.141583,25
1,256,2,tg_vals,1,0.141750,0.138709,0.158292,25
1,256,2,cpu_vals,1,0.040791,0.040584,0.041084,25
1,16,384,tg,1,358.086000,358.004396,358.231875,3
1,16,384,block,1,54.906584,54.819417,55.114625,5
1,16,384,cpu,1,72.595583,71.375834,72.866833,5
1,16,384,tridiag,1,146.515750,146.239375,147.180209,5
1,16,384,tg_vals,1,223.673542,223.467667,224.033625,5
1,16,384,block_vals,1,46.650125,46.528250,46.655125,5
1,16,384,cpu_vals,1,37.600417,37.526958,37.630208,5
1,16,384,tridiag_vals,1,116.727791,116.443875,116.752583,5
1,8,32,simd,1,1.747208,1.731500,1.773792,25
1,8,32,tg,1,0.368250,0.364375,0.372167,25
1,8,32,block,1,2.715875,2.692958,2.776916,25
1,8,32,cpu,1,0.275083,0.272125,0.278917,25
1,8,32,simd_vals,1,1.575292,1.546250,1.595250,25
1,8,32,tg_vals,1,0.330208,0.326750,0.344042,25
1,8,32,block_vals,1,2.665500,2.637250,2.702083,25
1,8,32,cpu_vals,1,0.098042,0.097084,0.099542,25
1,2,8,simd,1,0.172083,0.159375,0.190375,25
1,2,8,tg,1,0.168208,0.156959,0.184625,25
1,2,8,cpu,1,0.006333,0.006250,0.006416,25
1,2,8,simd_vals,1,0.158584,0.151250,0.174292,25
1,2,8,tg_vals,1,0.199459,0.153667,0.220667,25
1,2,8,cpu_vals,1,0.003541,0.003500,0.003542,25
1,512,384,block,1,2162.709417,2162.316021,2176.518708,3
1,512,384,block_vals,1,1561.660667,1551.745938,1563.167542,3
1,128,256,block,1,162.381792,159.933333,163.536292,5
1,128,256,cpu,1,281.095459,279.142625,281.413417,5
1,128,256,tridiag,1,684.520792,684.111146,687.826812,3
1,128,256,block_vals,1,116.644000,116.553208,116.762666,5
1,128,256,cpu_vals,1,133.425334,133.414708,133.568416,5
1,128,256,tridiag_vals,1,565.184709,563.862083,567.538271,3
1,16,512,block,1,133.982666,133.740959,134.020000,5
1,16,512,cpu,1,139.766417,138.913958,141.215875,5
1,16,512,tridiag,1,213.325584,211.956208,213.493250,5
1,16,512,block_vals,1,92.637333,92.257667,92.890417,5
1,16,512,cpu_vals,1,68.191666,67.779458,68.193959,5
1,16,512,tridiag_vals,1,170.855125,170.569166,170.889958,5
1,1024,96,tg,1,148.096833,147.857750,148.297875,5
1,1024,96,block,1,79.046833,78.869750,79.467333,5
1,1024,96,cpu,1,285.411625,285.166709,285.874625,5
1,1024,96,tg_vals,1,114.593084,114.376125,114.802333,5
1,1024,96,block_vals,1,66.044208,66.026041,66.333917,5
1,1024,96,cpu_vals,1,143.537500,143.468333,143.540000,5
1,4096,96,block,1,303.449042,303.316396,303.502250,3
1,4096,96,cpu,1,1145.976958,1145.249125,1146.809875,3
1,4096,96,block_vals,1,253.100500,251.145458,253.968625,5
1,4096,96,cpu_vals,1,563.667334,562.596730,564.070521,3
1,32,192,tg,1,64.407958,63.852875,64.506333,5
1,32,192,block,1,18.736416,18.663542,18.893125,9
1,32,192,cpu,1,37.166291,37.038959,37.218833,5
1,32,192,tridiag,1,121.569334,121.276333,121.981167,5
1,32,192,tg_vals,1,42.656916,42.562375,42.671542,5
1,32,192,block_vals,1,16.652875,16.570500,16.669208,9
1,32,192,cpu_vals,1,18.636166,18.597833,18.684709,9
1,32,192,tridiag_vals,1,100.945875,100.770542,101.300583,5
1,32,128,tg,1,14.159125,14.136292,14.190354,11
1,32,128,block,1,8.185667,8.037771,8.201958,19
1,32,128,cpu,1,15.666438,15.659146,15.679479,10
1,32,128,tridiag,1,74.778125,74.707833,74.805791,5
1,32,128,tg_vals,1,12.093208,12.079000,12.112583,13
1,32,128,block_vals,1,7.443292,7.390833,7.471208,21
1,32,128,cpu_vals,1,8.262000,8.227937,8.308916,19
1,32,128,tridiag_vals,1,61.709958,61.633583,61.938667,5
1,2048,8,simd,1,0.379958,0.373917,0.385375,25
1,2048,8,tg,1,0.378125,0.372375,0.386500,25
1,2048,8,cpu,1,4.811375,4.766250,4.848750,25
1,2048,8,simd_vals,1,0.484458,0.464083,0.564500,25
1,2048,8,tg_vals,1,0.494208,0.363125,0.513417,25
1,2048,8,cpu_vals,1,2.391000,2.374084,2.402459,25
1,64,768,block,1,2126.813667,2123.821458,2131.323125,3
1,64,768,tridiag,1,1475.580458,1475.369583,1476.747937,3
1,64,768,block_vals,1,1435.570000,1429.440875,1440.087437,3
1,64,768,tridiag_vals,1,1150.861625,1150.615896,1153.076729,3
1,1024,128,block,1,174.165250,174.062708,174.509875,5
1,1024,128,cpu,1,502.729042,501.347500,503.120292,3
1,1024,128,block_vals,1,143.104208,142.743417,143.416708,5
1,1024,128,cpu_vals,1,266.289833,265.107458,266.651125,5
1,512,8,simd,1,0.485709,0.473042,0.512583,25
1,512,8,tg,1,0.365708,0.246375,0.389125,25
1,512,8,cpu,1,1.236000,1.228833,1.247834,25
1,512,8,simd_vals,1,0.457334,0.435875,0.465750,25
1,512,8,tg_vals,1,0.253083,0.229917,0.299833,25
1,512,8,cpu_vals,1,0.614417,0.610334,0.619667,25
1,1,256,tg,1,55.229375,55.196083,55.240333,5
1,1,256,block,1,11.845834,11.787917,12.023459,13
1,1,256,cpu,1,2.263792,2.210875,2.303708,25
1,1,256,tridiag,1,5.391917,5.328875,5.456875,25
1,1,256,tg_vals,1,53.972250,53.930584,53.977667,5
1,1,256,block_vals,1,11.465146,11.375584,11.574636,14
1,1,256,cpu_vals,1,1.057791,1.054042,1.065792,25
1,1,256,tridiag_vals,1,4.406042,4.376541,4.522291,25
1,16,64,tg,1,1.282542,1.269334,1.291209,25
1,16,64,block,1,3.248708,3.187208,3.316250,25
1,16,64,cpu,1,2.212000,2.187958,2.263917,25
1,16,64,tg_vals,1,1.145750,1.112042,1.172000,25
1,16,64,block_vals,1,3.146459,3.128375,3.169667,25
1,16,64,cpu_vals,1,0.891417,0.888583,0.901292,25
1,16,96,tg,1,3.681833,3.632459,3.694625,25
1,16,96,block,1,5.095042,5.025708,5.163417,25
1,16,96,cpu,1,4.560459,4.529208,4.583375,25
1,16,96,tg_vals,1,3.301583,3.283042,3.320500,25
1,16,96,block_vals,1,4.843000,4.744250,4.947208,25
1,16,96,cpu_vals,1,2.248042,2.244541,2.259084,25
1,512,256,block,1,643.031667,639.813625,646.246938,3
1,512,256,cpu,1,1133.244875,1129.262042,1133.964750,3
1,512,256,block_vals,1,492.417208,490.132125,492.842167,3
1,512,256,cpu_vals,1,532.885209,532.840250,536.266417,3
1,4096,4,simd,1,0.684125,0.295416,0.813833,25
1,4096,4,tg,1,0.301083,0.295583,0.305500,25
1,4096,4,cpu,1,3.363542,3.350417,3.408500,25
1,4096,4,simd_vals,1,0.638750,0.360042,0.774708,25
1,4096,4,tg_vals,1,0.353459,0.340334,0.361459,25
1,4096,4,cpu_vals,1,1.763125,1.758458,1.785458,25
1,512,192,block,1,280.739584,276.764333,281.069459,5
1,512,192,cpu,1,588.990667,587.830729,591.465125,3
1,512,192,block_vals,1,220.904542,220.248792,221.670958,5
1,512,192,cpu_vals,1,300.045166,299.750458,300.082417,3
1,256,384,block,1,1082.650000,1077.138125,1083.222521,3
1,256,384,block_vals,1,787.861208,778.325374,788.256834,3
1,2048,12,simd,1,0.854959,0.805375,0.905209,25
1,2048,12,tg,1,0.876250,0.824833,0.911458,25
1,2048,12,cpu,1,10.099458,10.056563,10.138292,15
1,2048,12,simd_vals,1,0.730083,0.698583,0.784166,25
1,2048,12,tg_vals,1,0.702292,0.696375,0.784583,25
1,2048,12,cpu_vals,1,4.496417,4.474916,4.518917,25
1,64,16,simd,1,0.858125,0.795875,0.977917,25
1,64,16,tg,1,0.249042,0.240833,0.252417,25
1,64,16,cpu,1,0.565791,0.562458,0.570666,25
1,64,16,simd_vals,1,0.318750,0.306375,0.329250,25
1,64,16,tg_vals,1,0.238708,0.235291,0.243084,25
1,64,16,cpu_vals,1,0.225959,0.225625,0.227666,25
1,16,8,simd,1,0.302541,0.295083,0.312542,25
1,16,8,tg,1,0.284750,0.236542,0.310750,25
1,16,8,cpu,1,0.040542,0.040041,0.040625,25
1,16,8,simd_vals,1,0.182375,0.172625,0.185292,25
1,16,8,tg_vals,1,0.182458,0.169375,0.189333,25
1,16,8,cpu_vals,1,0.020791,0.020666,0.020958,25
1,2,12,simd,1,0.450458,0.394709,0.476791,25
1,2,12,tg,1,0.281083,0.263542,0.309166,25
1,2,12,cpu,1,0.011583,0.011375,0.011958,25
1,2,12,simd_vals,1,0.233125,0.223916,0.242250,25
1,2,12,tg_vals,1,0.189833,0.182125,0.197291,25
1,2,12,cpu_vals,1,0.005167,0.005125,0.005250,25
1,1,384,tg,1,203.455042,203.384750,203.461916,5
1,1,384,block,1,20.363437,20.296250,20.561771,8
1,1,384,cpu,1,4.556125,4.448292,4.802750,25
1,1,384,tridiag,1,8.940417,8.806000,9.508084,17
1,1,384,tg_vals,1,190.320334,190.203083,190.374125,5
1,1,384,block_vals,1,19.767125,19.642219,19.833094,8
1,1,384,cpu_vals,1,2.384042,2.374834,2.400750,25
1,1,384,tridiag_vals,1,7.288583,7.265791,7.309542,21
1,8,12,simd,1,0.256584,0.244666,0.267333,25
1,8,12,tg,1,0.215333,0.195542,0.219833,25
1,8,12,cpu,1,0.040042,0.039250,0.041667,25
1,8,12,simd_vals,1,0.249542,0.231334,0.255042,25
1,8,12,tg_vals,1,0.207625,0.191875,0.213291,25
1,8,12,cpu_vals,1,0.020041,0.019584,0.020792,25
1,128,24,simd,1,0.833417,0.780209,0.858625,25
1,128,24,tg,1,0.487292,0.482125,0.494542,25
1,128,24,cpu,1,2.571917,2.557000,2.588291,25
1,128,24,simd_vals,1,0.755000,0.712916,0.784625,25
1,128,24,tg_vals,1,0.449708,0.442750,0.464958,25
1,128,24,cpu_vals,1,0.891500,0.887334,0.900916,25
1,1024,32,simd,1,5.189417,5.150584,5.223958,25
1,1024,32,tg,1,4.650792,4.595541,4.684458,25
1,1024,32,block,1,6.497876,6.424823,6.547010,24
1,1024,32,cpu,1,34.180917,33.760208,34.443042,5
1,1024,32,simd_vals,1,4.525667,4.479125,4.548833,25
1,1024,32,tg_vals,1,3.929666,3.888167,3.955917,25
1,1024,32,block_vals,1,6.143458,6.034583,6.241000,25
1,1024,32,cpu_vals,1,11.710000,11.688167,11.761417,13
1,128,48,tg,1,2.571083,2.533083,2.583750,25
1,128,48,block,1,5.279125,5.174000,5.352208,25
1,128,48,cpu,1,10.170625,10.156354,10.206250,15
1,128,48,tg_vals,1,2.266334,2.258500,2.278959,25
1,128,48,block_vals,1,5.099458,5.024542,5.182916,25
1,128,48,cpu_vals,1,4.458542,4.437459,4.479167,25
1,2,24,simd,1,0.803000,0.748167,0.835375,25
1,2,24,tg,1,0.281542,0.271334,0.286250,25
1,2,24,cpu,1,0.044000,0.042666,0.044125,25
1,2,24,simd_vals,1,0.763250,0.716875,0.780709,25
1,2,24,tg_vals,1,0.261125,0.252375,0.269792,25
1,2,24,cpu_vals,1,0.014500,0.014458,0.014542,25
1,2,4,simd,1,0.182416,0.155709,0.213875,25
1,2,4,tg,1,0.176542,0.171334,0.185708,25
1,2,4,cpu,1,0.002458,0.002416,0.002708,25
1,2,4,simd_vals,1,0.179875,0.168958,0.192250,25
1,2,4,tg_vals,1,0.168750,0.156542,0.217709,25
1,2,4,cpu_vals,1,0.002167,0.002125,0.002250,25
1,8,1024,block,1,549.988041,549.074416,550.433583,3
1,8,1024,cpu,1,322.032666,321.217604,322.180541,3
1,8,1024,tridiag,1,283.843459,283.622250,284.051583,5
1,8,1024,block_vals,1,333.405625,333.265375,333.501104,3
1,8,1024,cpu_vals,1,144.745334,144.195375,144.922333,5
1,8,1024,tridiag_vals,1,214.955542,214.791417,215.165166,5
1,64,128,tg,1,27.274687,27.214635,27.552240,6
1,64,128,block,1,12.472958,12.359292,12.553542,13
1,64,128,cpu,1,31.358500,31.357083,31.405375,5
1,64,128,tridiag,1,149.891584,149.790666,150.028583,5
1,64,128,tg_vals,1,24.350042,24.244438,24.388105,7
1,64,128,block_vals,1,11.323041,11.268626,11.403751,14
1,64,128,cpu_vals,1,16.583917,16.550980,16.592312,10
1,64,128,tridiag_vals,1,122.229750,122.212917,122.445458,5
1,128,2,simd,1,0.163125,0.153042,0.179833,25
1,128,2,tg,1,0.152041,0.143250,0.165625,25
1,128,2,cpu,1,0.047750,0.046208,0.048375,25
1,128,2,simd_vals,1,0.140417,0.136709,0.154167,25
1,128,2,tg_vals,1,0.157208,0.143792,0.162958,25
1,128,2,cpu_vals,1,0.019125,0.019083,0.019167,25
1,64,512,block,1,609.012708,608.842750,609.201270,3
1,64,512,cpu,1,565.034625,563.878688,565.175917,3
1,64,512,tridiag,1,846.756125,844.516646,847.236146,3
1,64,512,block_vals,1,417.921000,417.716708,418.198104,3
1,64,512,cpu_vals,1,271.419375,271.373375,271.948833,5
1,64,512,tridiag_vals,1,676.628209,674.974584,677.050583,3
1,1,48,tg,1,0.751917,0.676084,0.762541,25
1,1,48,block,1,3.127125,3.105958,3.159583,25
1,1,48,cpu,1,0.077417,0.077333,0.078167,25
1,1,48,tg_vals,1,0.721750,0.669083,0.727208,25
1,1,48,block_vals,1,3.104667,3.052083,3.122792,25
1,1,48,cpu_vals,1,0.034000,0.033167,0.034125,25
1,16,32,simd,1,1.738250,1.703958,1.750458,25
1,16,32,tg,1,0.368875,0.366458,0.372291,25
1,16,32,block,1,2.794875,2.771958,2.830083,25
1,16,32,cpu,1,0.529500,0.512541,0.539708,25
1,16,32,simd_vals,1,1.580542,1.557333,1.585333,25
1,16,32,tg_vals,1,0.352791,0.341000,0.356541,25
1,16,32,block_vals,1,2.742459,2.715208,2.780583,25
1,16,32,cpu_vals,1,0.182334,0.177958,0.187042,25
1,256,12,simd,1,0.293292,0.288250,0.306916,25
1,256,12,tg,1,0.285250,0.281791,0.291292,25
1,256,12,cpu,1,1.273666,1.270625,1.288500,25
1,256,12,simd_vals,1,0.275833,0.264333,0.279625,25
1,256,12,tg_vals,1,0.269916,0.266958,0.273458,25
1,256,12,cpu_vals,1,0.560166,0.558583,0.563417,25
1,128,64,tg,1,5.337500,5.293625,5.374083,25
1,128,64,block,1,5.542708,5.479625,5.631041,25
1,128,64,cpu,1,17.569917,17.503208,17.641625,9
1,128,64,tg_vals,1,4.714583,4.704083,4.745917,25
1,128,64,block_vals,1,5.283500,5.198791,5.361958,25
1,128,64,cpu_vals,1,7.160250,7.119000,7.222375,21
1,1,64,tg,1,1.252833,1.201667,1.884250,25
1,1,64,block,1,3.190042,3.169417,3.255250,25
1,1,64,cpu,1,0.147250,0.146834,0.147750,25
1,1,64,tg_vals,1,1.103666,1.091833,1.110000,25
1,1,64,block_vals,1,3.132000,3.122084,3.168250,25
1,1,64,cpu_vals,1,0.061500,0.061333,0.061792,25
1,128,8,simd,1,0.191791,0.181333,0.197167,25
1,128,8,tg,1,0.195333,0.190833,0.198917,25
1,128,8,cpu,1,0.313209,0.312333,0.315166,25
1,128,8,simd_vals,1,0.173833,0.164500,0.183125,25
1,128,8,tg_vals,1,0.168000,0.164666,0.181667,25
1,128,8,cpu_vals,1,0.150666,0.147750,0.154083,25
1,4,512,tg,1,539.073167,538.819896,539.132542,3
1,4,512,block,1,43.743625,43.589334,43.751875,5
1,4,512,cpu,1,35.502958,35.425375,35.867208,5
1,4,512,tridiag,1,52.784750,52.740166,52.891500,5
1,4,512,tg_vals,1,445.320334,445.280209,445.390126,3
1,4,512,block_vals,1,38.502250,38.413625,38.522542,5
1,4,512,cpu_vals,1,16.846625,16.832709,16.898708,9
1,4,512,tridiag_vals,1,41.756208,41.720625,41.830833,5
1,1,96,tg,1,3.627166,3.595875,3.634500,25
1,1,96,block,1,4.781750,4.687125,4.859833,25
1,1,96,cpu,1,0.289583,0.286459,0.294958,25
1,1,96,tg_vals,1,3.303958,3.282875,3.308625,25
1,1,96,block_vals,1,4.677584,4.588667,4.781125,25
1,1,96,cpu_vals,1,0.149333,0.148417,0.150459,25
1,128,4,simd,1,0.160834,0.148125,0.188542,25
1,128,4,tg,1,0.156916,0.153208,0.173583,25
1,128,4,cpu,1,0.107541,0.103833,0.108500,25
1,128,4,simd_vals,1,0.168208,0.151250,0.176875,25
1,128,4,tg_vals,1,0.168875,0.150333,0.175250,25
1,128,4,cpu_vals,1,0.054750,0.054459,0.062333,25
1,2048,4,simd,1,0.232791,0.223708,0.260583,25
1,2048,4,tg,1,0.236125,0.233750,0.238791,25
1,2048,4,cpu,1,1.698542,1.670542,1.720041,25
1,2048,4,simd_vals,1,0.231125,0.222167,0.237541,25
1,2048,4,tg_vals,1,0.222750,0.218958,0.229333,25
1,2048,4,cpu_vals,1,0.895833,0.883375,0.898792,25
1,64,96,tg,1,11.705625,11.488167,11.857750,13
1,64,96,block,1,7.627333,7.588708,7.709511,20
1,64,96,cpu,1,17.990083,17.982458,18.062250,9
1,64,96,tg_vals,1,9.192667,9.179583,9.232917,17
1,64,96,block_vals,1,7.184125,7.115084,7.300792,21
1,64,96,cpu_vals,1,9.022875,9.004209,9.036709,17
1,1,8,simd,1,0.233459,0.197125,0.816209,25
1,1,8,tg,1,0.199000,0.184917,0.244041,25
1,1,8,cpu,1,0.003834,0.003792,0.005125,25
1,1,8,simd_vals,1,0.181250,0.168583,0.187667,25
1,1,8,tg_vals,1,0.184500,0.169042,0.229625,25
1,1,8,cpu_vals,1,0.002875,0.002250,0.003250,25
1,32,96,tg,1,5.817166,5.801041,5.835000,25
1,32,96,block,1,5.408958,5.328833,5.541291,25
1,32,96,cpu,1,9.017833,8.997959,9.056750,17
1,32,96,tg_vals,1,5.207000,5.188958,5.217667,25
1,32,96,block_vals,1,5.091125,5.027083,5.192584,25
1,32,96,cpu_vals,1,4.473209,4.449041,4.492583,25
1,512,16,simd,1,0.600333,0.579375,1.265708,25
1,512,16,tg,1,0.502083,0.499084,0.509541,25
1,512,16,cpu,1,4.355250,4.343666,4.390084,25
1,512,16,simd_vals,1,1.177625,0.511625,1.834667,25
1,512,16,tg_vals,1,0.459292,0.451875,0.530834,25
1,512,16,cpu_vals,1,1.725500,1.710208,1.744208,25
1,256,4,simd,1,0.289083,0.256291,0.708417,25
1,256,4,tg,1,0.239667,0.208500,0.255000,25
1,256,4,cpu,1,0.216334,0.209625,0.217833,25
1,256,4,simd_vals,1,0.148250,0.146166,0.166750,25
1,256,4,tg_vals,1,0.149292,0.145541,0.163542,25
1,256,4,cpu_vals,1,0.110667,0.109834,0.117458,25
1,128,32,simd,1,1.823667,1.778959,1.836000,25
1,128,32,tg,1,1.041375,0.949959,1.055625,25
1,128,32,block,1,3.096792,3.040000,3.135917,25
1,128,32,cpu,1,4.224334,4.165416,4.253041,25
1,128,32,simd_vals,1,1.639000,1.621458,2.268791,25
1,128,32,tg_vals,1,0.886209,0.854791,0.934042,25
1,128,32,block_vals,1,2.954875,2.933875,2.994000,25
1,128,32,cpu_vals,1,1.423875,1.413917,1.429375,25
1,4,48,tg,1,0.764583,0.732709,1.598958,25
1,4,48,block,1,3.129708,3.100916,3.162292,25
1,4,48,cpu,1,0.325958,0.324167,0.329750,25
1,4,48,tg_vals,1,0.690500,0.648875,0.718292,25
1,4,48,block_vals,1,3.094833,3.061959,3.118875,25
1,4,48,cpu_vals,1,0.140458,0.140209,0.141083,25
1,4,32,simd,1,1.797542,1.734709,2.002291,25
1,4,32,tg,1,0.362625,0.360792,0.366125,25
1,4,32,block,1,3.205334,3.034416,3.270916,25
1,4,32,cpu,1,0.134208,0.133834,0.135292,25
1,4,32,simd_vals,1,1.574708,1.553208,1.593208,25
1,4,32,tg_vals,1,0.349250,0.342333,0.353917,25
1,4,32,block_vals,1,3.248667,3.217125,3.502792,25
1,4,32,cpu_vals,1,0.048250,0.047917,0.048584,25
1,1024,4,simd,1,0.196250,0.191125,0.210708,25
1,1024,4,tg,1,0.197916,0.194708,0.199417,25
1,1024,4,cpu,1,0.852917,0.846042,0.860541,25
1,1024,4,simd_vals,1,0.202667,0.198542,0.206583,25
1,1024,4,tg_vals,1,0.191958,0.185125,0.200708,25
1,1024,4,cpu_vals,1,0.453291,0.445416,0.454708,25
1,4,64,tg,1,1.254875,1.218250,1.289792,25
1,4,64,block,1,3.198250,3.179792,3.245708,25
1,4,64,cpu,1,0.573542,0.570209,0.578333,25
1,4,64,tg_vals,1,1.154916,1.128000,1.164083,25
1,4,64,block_vals,1,3.144417,3.123333,3.186792,25
1,4,64,cpu_vals,1,0.234167,0.232375,0.235792,25
1,64,48,tg,1,1.639500,1.611792,1.679625,25
1,64,48,block,1,3.849375,3.767000,3.924958,25
1,64,48,cpu,1,4.989583,4.966750,5.097625,25
1,64,48,tg_vals,1,1.430542,1.406750,1.471750,25
1,64,48,block_vals,1,3.639333,3.563584,3.663041,25
1,64,48,cpu_vals,1,2.175208,2.169500,2.184334,25
1,1,24,simd,1,0.940833,0.806875,1.480917,25
1,1,24,tg,1,0.278958,0.267416,0.283834,25
1,1,24,cpu,1,0.022208,0.022167,0.022291,25
1,1,24,simd_vals,1,0.754041,0.695958,0.776625,25
1,1,24,tg_vals,1,0.260333,0.252917,0.274583,25
1,1,24,cpu_vals,1,0.007958,0.007917,0.008000,25
1,4,16,simd,1,0.470708,0.446416,0.509333,25
1,4,16,tg,1,0.231417,0.221000,0.249917,25
1,4,16,cpu,1,0.034584,0.034500,0.041625,25
1,4,16,simd_vals,1,0.315584,0.302083,0.330209,25
1,4,16,tg_vals,1,0.228125,0.213083,0.231125,25
1,4,16,cpu_vals,1,0.014709,0.014667,0.014791,25
1,1,16,simd,1,0.484583,0.456166,0.521875,25
1,1,16,tg,1,0.231417,0.217459,0.238000,25
1,1,16,cpu,1,0.009667,0.009625,0.009875,25
1,1,16,simd_vals,1,0.326334,0.315917,0.330334,25
1,1,16,tg_vals,1,0.226250,0.217708,0.234125,25
1,1,16,cpu_vals,1,0.004375,0.004375,0.004417,25
1,4096,2,simd,1,0.209042,0.204791,0.215666,25
1,4096,2,tg,1,0.209750,0.203250,0.214417,25
1,4096,2,cpu,1,1.383958,1.344334,1.440000,25
1,4096,2,simd_vals,1,0.243750,0.228125,0.266250,25
1,4096,2,tg_vals,1,0.251375,0.244834,0.255709,25
1,4096,2,cpu_vals,1,0.561875,0.559708,0.574125,25
1,64,384,block,1,249.975625,249.905166,250.324584,5
1,64,384,cpu,1,293.237583,292.497792,295.258792,5
1,64,384,tridiag,1,602.043292,601.918604,602.933313,3
1,64,384,block_vals,1,191.979542,190.582459,193.196292,5
1,64,384,cpu_vals,1,150.032792,149.608125,150.149500,5
1,64,384,tridiag_vals,1,467.657375,462.343687,473.644666,3
1,8,4,simd,1,0.157125,0.149959,0.172291,25
1,8,4,tg,1,0.153417,0.147083,0.177334,25
1,8,4,cpu,1,0.007834,0.007791,0.007917,25
1,8,4,simd_vals,1,0.155000,0.144958,0.167875,25
1,8,4,tg_vals,1,0.152542,0.146334,0.164917,25
1,8,4,cpu_vals,1,0.004417,0.004417,0.004500,25
1,16,48,tg,1,0.730750,0.678833,0.774333,25
1,16,48,block,1,3.280708,3.219792,3.375792,25
1,16,48,cpu,1,1.283833,1.262042,1.297250,25
1,16,48,tg_vals,1,0.717833,0.681209,0.732041,25
1,16,48,block_vals,1,3.169791,3.128167,3.196083,25
1,16,48,cpu_vals,1,0.557417,0.547084,0.566125,25
1,256,32,simd,1,1.957833,1.949625,1.997459,25
1,256,32,tg,1,1.616625,1.607959,1.627459,25
1,256,32,block,1,3.483333,3.413709,3.516584,25
1,256,32,cpu,1,8.471188,8.391073,8.518239,18
1,256,32,simd_vals,1,1.703333,1.687500,1.749459,25
1,256,32,tg_vals,1,1.431208,1.410917,1.457208,25
1,256,32,block_vals,1,3.356375,3.282125,3.399666,25
1,256,32,cpu_vals,1,2.901625,2.860917,2.912958,25
1,1,12,simd,1,0.351875,0.329000,0.411500,25
1,1,12,tg,1,0.253583,0.234917,0.258667,25
1,1,12,cpu,1,0.006125,0.006084,0.006209,25
1,1,12,simd_vals,1,0.234083,0.225125,0.242333,25
1,1,12,tg_vals,1,0.197833,0.189792,0.203333,25
1,1,12,cpu_vals,1,0.003084,0.003042,0.003333,25
1,2,64,tg,1,1.248875,1.234625,1.266916,25
1,2,64,block,1,3.227167,3.136291,3.242792,25
1,2,64,cpu,1,0.289959,0.286666,0.294333,25
1,2,64,tg_vals,1,1.157000,1.136750,1.190000,25
1,2,64,block_vals,1,3.205334,3.148042,3.245209,25
1,2,64,cpu_vals,1,0.121041,0.119416,0.121958,25
1,128,384,block,1,543.715750,541.187813,544.115146,3
1,128,384,cpu,1,583.665375,580.083416,584.984584,3
1,128,384,tridiag,1,1179.428375,1176.581209,1182.466000,3
1,128,384,block_vals,1,396.997541,390.556228,398.435854,3
1,128,384,cpu_vals,1,299.196042,299.026687,302.015688,3
1,128,384,tridiag_vals,1,918.777083,917.160875,933.418083,3
1,1024,64,tg,1,39.609375,39.345167,39.781208,5
1,1024,64,block,1,25.619063,25.571459,25.696323,6
1,1024,64,cpu,1,139.721333,138.656917,140.017833,5
1,1024,64,tg_vals,1,33.588375,33.304500,33.722000,5
1,1024,64,block_vals,1,22.245417,22.153562,22.296104,7
1,1024,64,cpu_vals,1,56.674041,56.602125,56.709334,5
1,4,256,tg,1,55.166916,55.140708,55.306917,5
1,4,256,block,1,12.907146,12.758938,12.932583,12
1,4,256,cpu,1,9.069833,8.992375,9.246792,17
1,4,256,tridiag,1,21.204042,21.127666,21.252073,8
1,4,256,tg_vals,1,54.078917,54.074250,54.099958,5
1,4,256,block_vals,1,12.174959,12.085709,12.228333,13
1,4,256,cpu_vals,1,4.190834,4.149542,4.238542,25
1,4,256,tridiag_vals,1,17.991958,17.936834,18.114125,9
1,512,12,simd,1,0.382167,0.377542,0.392750,25
1,512,12,tg,1,0.364625,0.358292,0.370209,25
1,512,12,cpu,1,2.570625,2.555916,2.588500,25
1,512,12,simd_vals,1,0.408625,0.365417,0.516459,25
1,512,12,tg_vals,1,0.370083,0.345500,0.446750,25
1,512,12,cpu_vals,1,1.295500,1.178667,1.463792,25
1,8,384,tg,1,237.062292,236.971625,237.143459,5
1,8,384,block,1,32.043333,31.965875,32.190083,5
1,8,384,cpu,1,36.409917,36.071791,36.918291,5
1,8,384,tridiag,1,72.345917,72.029875,72.399125,5
1,8,384,tg_vals,1,189.596708,189.558417,189.663625,5
1,8,384,block_vals,1,27.769458,27.745531,27.783042,6
1,8,384,cpu_vals,1,18.838000,18.815490,18.886521,8
1,8,384,tridiag_vals,1,57.181542,57.091750,57.314208,5
1,64,12,simd,1,0.267833,0.261000,0.272583,25
1,64,12,tg,1,0.232166,0.228333,0.234000,25
1,64,12,cpu,1,0.322916,0.320208,0.325292,25
1,64,12,simd_vals,1,0.259916,0.252500,0.265833,25
1,64,12,tg_vals,1,0.217583,0.207834,0.222750,25
1,64,12,cpu_vals,1,0.143834,0.140166,0.144291,25
1,4096,48,tg,1,60.232792,59.929458,60.411666,5
1,4096,48,block,1,86.345417,85.879250,86.412375,5
1,4096,48,cpu,1,324.311125,323.251709,324.541042,3
1,4096,48,tg_vals,1,51.312375,51.265333,51.380834,5
1,4096,48,block_vals,1,76.541959,75.929750,76.627417,5
1,4096,48,cpu_vals,1,141.724791,141.633833,142.003834,5
1,64,32,simd,1,1.780333,1.771083,1.799000,25
1,64,32,tg,1,0.594000,0.591500,0.600500,25
1,64,32,block,1,2.846833,2.820000,2.871375,25
1,64,32,cpu,1,2.152084,2.132125,2.176209,25
1,64,32,simd_vals,1,1.592125,1.580875,1.596291,25
1,64,32,tg_vals,1,0.540291,0.536000,0.546500,25
1,64,32,block_vals,1,2.799416,2.769667,2.839083,25
1,64,32,cpu_vals,1,0.745083,0.736916,0.756417,25
1,2,2048,block,1,1188.456875,1186.493521,1192.446105,3
1,2,2048,cpu,1,467.630833,466.992666,469.274875,3
1,2,2048,tridiag,1,238.484708,238.430625,238.641833,5
1,2,2048,block_vals,1,748.696750,743.985625,748.846562,3
1,2,2048,cpu_vals,1,164.482250,164.341042,164.564416,5
1,2,2048,tridiag_vals,1,174.085917,173.947459,174.182167,5
1,1024,2,simd,1,0.180625,0.171333,0.780042,25
1,1024,2,tg,1,0.178958,0.173541,0.181750,25
1,1024,2,cpu,1,0.343125,0.342208,0.345333,25
1,1024,2,simd_vals,1,0.171542,0.164084,0.181792,25
1,1024,2,tg_vals,1,0.170833,0.162667,0.180334,25
1,1024,2,cpu_vals,1,0.145541,0.144583,0.146500,25
1,4,24,simd,1,0.818000,0.779584,0.834916,25
1,4,24,tg,1,0.285042,0.280958,0.291125,25
1,4,24,cpu,1,0.084084,0.083917,0.084209,25
1,4,24,simd_vals,1,0.737291,0.714791,0.772375,25
1,4,24,tg_vals,1,0.276791,0.270458,0.279625,25
1,4,24,cpu_vals,1,0.030583,0.030000,0.031458,25
1,8,256,tg,1,62.620959,62.606667,62.633292,5
1,8,256,block,1,14.831959,14.761938,14.857249,11
1,8,256,cpu,1,17.817916,17.618875,17.906417,9
1,8,256,tridiag,1,42.259875,42.164042,42.286792,5
1,8,256,tg_vals,1,60.294917,60.250291,60.298500,5
1,8,256,block_vals,1,13.422292,13.397239,13.521604,12
1,8,256,cpu_vals,1,8.355375,8.335573,8.371468,18
1,8,256,tridiag_vals,1,35.161042,35.125291,35.237417,5
1,64,2,simd,1,0.159375,0.157083,0.166959,25
1,64,2,tg,1,0.162708,0.152500,0.169625,25
1,64,2,cpu,1,0.024375,0.023750,0.025208,25
1,64,2,simd_vals,1,0.149458,0.138667,0.161916,25
1,64,2,tg_vals,1,0.140583,0.136125,0.154167,25
1,64,2,cpu_vals,1,0.011209,0.011208,0.011458,25
1,4,8,simd,1,0.170041,0.159667,0.191000,25
1,4,8,tg,1,0.172916,0.163625,0.179375,25
1,4,8,cpu,1,0.010792,0.010667,0.010917,25
1,4,8,simd_vals,1,0.171833,0.164750,0.185000,25
1,4,8,tg_vals,1,0.169375,0.164375,0.179958,25
1,4,8,cpu_vals,1,0.006042,0.006000,0.006167,25
1,32,768,block,1,1030.695042,1025.109126,1030.961917,3
1,32,768,tridiag,1,736.294125,732.797917,738.557708,3
1,32,768,block_vals,1,699.625125,698.413854,703.504896,3
1,32,768,tridiag_vals,1,576.538000,575.459896,579.661229,3
1,1024,12,simd,1,0.560750,0.542834,1.062000,25
1,1024,12,tg,1,0.522500,0.517125,0.531000,25
1,1024,12,cpu,1,5.183625,5.143250,5.224875,25
1,1024,12,simd_vals,1,0.533917,0.474042,1.148333,25
1,1024,12,tg_vals,1,0.466375,0.457208,0.540333,25
1,1024,12,cpu_vals,1,2.255625,2.244334,2.258375,25
1,16,192,tg,1,29.198792,29.164729,29.243135,6
1,16,192,block,1,11.484625,11.408615,11.596073,14
1,16,192,cpu,1,18.294459,18.188416,18.421750,9
1,16,192,tridiag,1,62.092500,62.023708,62.711250,5
1,16,192,tg_vals,1,25.891979,25.872417,25.941573,6
1,16,192,block_vals,1,10.572291,10.489417,10.645625,15
1,16,192,cpu_vals,1,9.331042,9.299375,9.372834,17
1,16,192,tridiag_vals,1,49.916500,49.816583,50.349000,5
1,256,64,tg,1,10.612333,10.448667,11.023958,15
1,256,64,block,1,8.134917,8.050604,8.245833,19
1,256,64,cpu,1,34.780666,34.756375,34.786000,5
1,256,64,tg_vals,1,8.732896,8.556636,8.809396,18
1,256,64,block_vals,1,7.608187,7.525781,7.701843,20
1,256,64,cpu_vals,1,14.173708,14.147729,14.242520,11
1,8,64,tg,1,1.264041,1.251167,1.789833,25
1,8,64,block,1,3.196083,3.168666,3.245333,25
1,8,64,cpu,1,1.111375,1.102917,1.116500,25
1,8,64,tg_vals,1,1.149834,1.135875,1.158708,25
1,8,64,block_vals,1,3.132791,3.111958,3.151875,25
1,8,64,cpu_vals,1,0.442084,0.439958,0.443041,25
1,32,384,tg,1,924.821875,918.618833,931.066562,3
1,32,384,block,1,121.778417,121.524791,123.102500,5
1,32,384,cpu,1,147.405709,147.203417,147.818083,5
1,32,384,tridiag,1,291.797334,291.013791,292.817292,5
1,32,384,tg_vals,1,485.195583,485.188791,485.845645,3
1,32,384,block_vals,1,82.389875,82.331666,82.561708,5
1,32,384,cpu_vals,1,74.937833,74.888750,75.105334,5
1,32,384,tridiag_vals,1,229.771667,229.768417,232.570167,5
1,4,4,simd,1,0.156375,0.146791,0.175375,25
1,4,4,tg,1,0.149750,0.147167,0.170250,25
1,4,4,cpu,1,0.005167,0.005125,0.005458,25
1,4,4,simd_vals,1,0.149333,0.147125,0.166500,25
1,4,4,tg_vals,1,0.168500,0.156833,0.173250,25
1,4,4,cpu_vals,1,0.003084,0.003042,0.003209,25
1,64,64,tg,1,3.344500,3.291375,3.455458,25
1,64,64,block,1,3.903416,3.859417,4.004667,25
1,64,64,cpu,1,8.683416,8.664115,8.740458,18
1,64,64,tg_vals,1,2.914500,2.912459,2.927416,25
1,64,64,block_vals,1,3.651083,3.645291,3.739333,25
1,64,64,cpu_vals,1,3.538833,3.527417,3.558708,25
1,64,192,tg,1,143.725375,143.503000,143.825709,5
1,64,192,block,1,31.609792,31.541875,31.644125,5
1,64,192,cpu,1,73.405709,73.267708,73.833958,5
1,64,192,tridiag,1,244.155208,243.977250,244.786792,5
1,64,192,tg_vals,1,83.353416,82.560291,83.446958,5
1,64,192,block_vals,1,27.559813,27.463949,27.589396,6
1,64,192,cpu_vals,1,37.971667,37.956708,37.987292,5
1,64,192,tridiag_vals,1,200.172125,199.755875,200.245208,5
1,1,128,tg,1,7.956916,7.938479,7.970854,19
1,1,128,block,1,5.852500,5.718791,5.922667,25
1,1,128,cpu,1,0.500250,0.499875,0.509500,25
1,1,128,tridiag,1,2.366667,2.334000,2.375917,25
1,1,128,tg_vals,1,7.199167,7.185375,7.212584,21
1,1,128,block_vals,1,5.758083,5.626750,5.894666,25
1,1,128,cpu_vals,1,0.379042,0.322875,0.428333,25
1,1,128,tridiag_vals,1,1.981042,1.955250,2.159917,25
1,8,2,simd,1,0.158792,0.135792,0.169875,25
1,8,2,tg,1,0.159834,0.149500,0.166541,25
1,8,2,cpu,1,0.003625,0.003625,0.003667,25
1,8,2,simd_vals,1,0.146417,0.131041,0.156208,25
1,8,2,tg_vals,1,0.143917,0.132666,0.157209,25
1,8,2,cpu_vals,1,0.002625,0.002583,0.002667,25
1,8,48,tg,1,0.738750,0.688834,0.765208,25
1,8,48,block,1,3.205458,3.173083,3.245750,25
1,8,48,cpu,1,0.615125,0.598541,0.685708,25
1,8,48,tg_vals,1,0.689042,0.639917,0.713250,25
1,8,48,block_vals,1,3.167584,3.120125,3.251417,25
1,8,48,cpu_vals,1,0.286958,0.286292,0.288084,25
1,2,768,block,1,73.691417,73.534041,73.726917,5
1,2,768,cpu,1,37.120750,36.858125,37.251042,5
1,2,768,tridiag,1,46.340333,46.312666,47.978084,5
1,2,768,block_vals,1,65.165500,64.985625,65.392500,5
1,2,768,cpu_vals,1,19.657854,19.629708,19.698479,8
1,2,768,tridiag_vals,1,35.698125,35.239625,35.953958,5
1,256,24,simd,1,0.904208,0.849625,0.937959,25
1,256,24,tg,1,0.810167,0.796959,0.834333,25
1,256,24,cpu,1,5.128083,5.116125,5.145583,25
1,256,24,simd_vals,1,0.797042,0.767500,0.838292,25
1,256,24,tg_vals,1,0.727542,0.706583,0.765667,25
1,256,24,cpu_vals,1,1.781208,1.772416,1.798958,25
1,4,128,tg,1,7.993584,7.983812,8.003750,19
1,4,128,block,1,5.934291,5.878500,5.991625,25
1,4,128,cpu,1,1.979708,1.974583,2.004250,25
1,4,128,tridiag,1,9.454354,9.374323,9.503771,16
1,4,128,tg_vals,1,7.195958,7.181250,7.198250,21
1,4,128,block_vals,1,5.871750,5.799667,5.936625,25
1,4,128,cpu_vals,1,1.031541,1.030083,1.035375,25
1,4,128,tridiag_vals,1,7.659042,7.569667,7.767177,20
1,2,48,tg,1,0.753208,0.715041,0.761167,25
1,2,48,block,1,3.172792,3.126125,3.208333,25
1,2,48,cpu,1,0.168167,0.167209,0.170167,25
1,2,48,tg_vals,1,0.704334,0.649958,0.723917,25
1,2,48,block_vals,1,3.081167,3.044416,3.124292,25
1,2,48,cpu_vals,1,0.074958,0.073458,0.076959,25
1,256,16,simd,1,0.391500,0.384166,0.397333,25
1,256,16,tg,1,0.373250,0.371708,0.377500,25
1,256,16,cpu,1,2.207708,2.200833,2.227667,25
1,256,16,simd_vals,1,0.375958,0.366042,0.381834,25
1,256,16,tg_vals,1,0.345583,0.337708,0.351542,25
1,256,16,cpu_vals,1,0.892834,0.886875,0.907125,25
1,2,1536,block,1,457.781583,457.293208,458.210188,3
1,2,1536,cpu,1,201.951542,199.877292,203.547042,5
1,2,1536,tridiag,1,140.276833,140.082459,140.311291,5
1,2,1536,block_vals,1,299.656042,299.039667,301.152688,3
1,2,1536,cpu_vals,1,85.752208,85.643958,85.911291,5
1,2,1536,tridiag_vals,1,101.112208,100.881958,101.404875,5
1,8,8,simd,1,0.180667,0.161625,0.197000,25
1,8,8,tg,1,0.173708,0.163000,0.184042,25
1,8,8,cpu,1,0.022208,0.021583,0.023083,25
1,8,8,simd_vals,1,0.174125,0.162500,0.191709,25
1,8,8,tg_vals,1,0.163375,0.157375,0.179667,25
1,8,8,cpu_vals,1,0.011000,0.010917,0.011708,25
1,2048,32,simd,1,11.460875,11.347000,11.885792,13
1,2048,32,tg,1,8.769542,8.695896,8.842906,18
1,2048,32,block,1,10.339333,10.116021,10.401521,15
1,2048,32,cpu,1,68.392042,68.280500,68.400416,5
1,2048,32,simd_vals,1,7.851437,7.798917,7.875813,20
1,2048,32,tg_vals,1,7.299583,7.261708,7.336125,21
1,2048,32,block_vals,1,9.322292,9.130000,9.387875,17
1,2048,32,cpu_vals,1,23.607584,23.526563,23.638250,7
1,2048,128,block,1,340.124958,338.964709,342.415042,3
1,2048,128,cpu,1,999.418583,999.135146,1003.192834,3
1,2048,128,block_vals,1,278.542125,278.385167,278.930459,5
1,2048,128,cpu_vals,1,531.483875,531.398896,532.420333,3
1,32,64,tg,1,1.846292,1.838042,1.885042,25
1,32,64,block,1,3.480084,3.449875,3.545291,25
1,32,64,cpu,1,4.394583,4.364833,4.466709,25
1,32,64,tg_vals,1,1.649292,1.636416,1.662625,25
1,32,64,block_vals,1,3.337250,3.301916,3.410541,25
1,32,64,cpu_vals,1,1.793125,1.775791,1.808750,25
1,2048,2,simd,1,0.267000,0.246000,0.277709,25
1,2048,2,tg,1,0.257709,0.254292,0.259708,25
1,2048,2,cpu,1,0.685292,0.677834,0.692875,25
1,2048,2,simd_vals,1,0.171875,0.165333,0.184500,25
1,2048,2,tg_vals,1,0.187167,0.178958,0.193917,25
1,2048,2,cpu_vals,1,0.290625,0.288208,0.293250,25
1,256,256,block,1,319.894125,319.680083,320.122375,3
1,256,256,cpu,1,563.664958,563.556271,563.878479,3
1,256,256,tridiag,1,1351.979708,1351.100541,1352.183250,3
1,256,256,block_vals,1,241.544125,241.198750,241.566958,5
1,256,256,cpu_vals,1,268.097167,267.511292,268.170125,5
1,256,256,tridiag_vals,1,1135.863542,1130.490813,1136.895833,3
1,2048,96,tg,1,291.318500,287.826625,295.524792,5
1,2048,96,block,1,155.864625,155.172417,156.388542,5
1,2048,96,cpu,1,570.999458,570.879229,571.335521,3
1,2048,96,tg_vals,1,230.987708,230.774583,233.238000,5
1,2048,96,block_vals,1,125.944125,125.815500,126.051375,5
1,2048,96,cpu_vals,1,285.807125,285.765750,286.577708,5
1,128,96,tg,1,20.229375,20.028697,20.471385,8
1,128,96,block,1,11.555583,11.497667,11.683500,13
1,128,96,cpu,1,35.861167,35.849625,35.862833,5
1,128,96,tg_vals,1,16.183480,16.148062,16.255313,10
1,128,96,block_vals,1,10.470667,10.410958,10.519375,15
1,128,96,cpu_vals,1,17.951417,17.907083,17.980333,9
1,2,2,simd,1,0.207000,0.185541,0.216208,25
1,2,2,tg,1,0.203333,0.195750,0.217959,25
1,2,2,cpu,1,0.001625,0.001500,0.001791,25
1,2,2,simd_vals,1,0.169292,0.150875,0.204583,25
1,2,2,tg_vals,1,0.187958,0.150250,0.228750,25
1,2,2,cpu_vals,1,0.001667,0.001625,0.001875,25
1,8,16,simd,1,0.359834,0.350125,1.082500,25
1,8,16,tg,1,0.238208,0.228000,0.244750,25
1,8,16,cpu,1,0.068458,0.067584,0.070125,25
1,8,16,simd_vals,1,0.320708,0.308541,0.325750,25
1,8,16,tg_vals,1,0.229125,0.222166,0.231458,25
1,8,16,cpu_vals,1,0.027792,0.027708,0.027917,25
1,1,2,simd,1,0.188833,0.177959,0.204958,25
1,1,2,tg,1,0.182792,0.168709,0.200000,25
1,1,2,cpu,1,0.001291,0.001250,0.001375,25
1,1,2,simd_vals,1,0.148833,0.144209,0.162500,25
1,1,2,tg_vals,1,0.152375,0.147250,0.169875,25
1,1,2,cpu_vals,1,0.001416,0.001375,0.001666,25
1,128,512,block,1,1246.271542,1245.291125,1247.381979,3
1,128,512,tridiag,1,1686.461334,1680.321021,1694.559980,3
1,128,512,block_vals,1,879.174834,877.597667,888.209480,3
1,128,512,tridiag_vals,1,1416.037416,1407.203187,1419.647187,3
1,1024,48,tg,1,16.852625,16.660000,17.008250,9
1,1024,48,block,1,22.893042,22.842833,22.942417,7
1,1024,48,cpu,1,80.950416,80.738459,81.204667,5
1,1024,48,tg_vals,1,13.337687,13.308323,13.418938,12
1,1024,48,block_vals,1,19.959208,19.866062,20.036354,8
1,1024,48,cpu_vals,1,35.721167,33.031916,35.730583,5
1,32,8,simd,1,0.318834,0.312083,0.330875,25
1,32,8,tg,1,0.341917,0.326083,0.350166,25
1,32,8,cpu,1,0.076125,0.074292,0.078250,25
1,32,8,simd_vals,1,0.174958,0.165958,0.219166,25
1,32,8,tg_vals,1,0.183625,0.172458,0.187250,25
1,32,8,cpu_vals,1,0.037709,0.037375,0.038209,25
1,512,96,tg,1,72.178542,71.796375,72.431958,5
1,512,96,block,1,39.108417,38.833417,39.111333,5
1,512,96,cpu,1,143.114875,142.791250,143.174208,5
1,512,96,tg_vals,1,57.707709,57.608750,58.339833,5
1,512,96,block_vals,1,30.899583,30.786875,30.949209,5
1,512,96,cpu_vals,1,71.615334,71.584750,71.619750,5
1,1,3072,block,1,2155.822875,2155.212041,2162.776187,3
1,1,3072,cpu,1,763.631667,737.858563,765.852104,3
1,1,3072,tridiag,1,263.590333,262.395583,265.070292,5
1,1,3072,block_vals,1,1435.551459,1414.524188,1438.802459,3
1,1,3072,cpu_vals,1,209.328167,208.472417,210.152916,5
1,1,3072,tridiag_vals,1,194.369834,194.286334,194.867917,5
1,32,12,simd,1,0.777334,0.267250,0.958958,25
1,32,12,tg,1,0.227167,0.210709,0.230542,25
1,32,12,cpu,1,0.165875,0.165417,0.167625,25
1,32,12,simd_vals,1,0.249792,0.238416,0.256667,25
1,32,12,tg_vals,1,0.195709,0.189292,0.210958,25
1,32,12,cpu_vals,1,0.076500,0.075208,0.077625,25
1,64,24,simd,1,0.764000,0.750041,0.781084,25
1,64,24,tg,1,0.371292,0.362416,0.375500,25
1,64,24,cpu,1,1.300959,1.285000,1.314333,25
1,64,24,simd_vals,1,0.718250,0.696167,0.772875,25
1,64,24,tg_vals,1,0.345500,0.341708,0.350959,25
1,64,24,cpu_vals,1,0.445458,0.442292,0.453542,25
1,8,128,tg,1,8.090958,8.083042,8.106542,19
1,8,128,block,1,6.419645,6.290406,6.513677,24
1,8,128,cpu,1,3.978625,3.950833,4.009375,25
1,8,128,tridiag,1,19.906688,19.684073,20.167407,8
1,8,128,tg_vals,1,7.283125,7.273292,7.295208,21
1,8,128,block_vals,1,6.272458,6.150875,6.364292,25
1,8,128,cpu_vals,1,2.109833,2.101291,2.129334,25
1,8,128,tridiag_vals,1,16.391833,16.338677,16.431688,10
1,16,128,tg,1,8.266708,8.177792,8.338583,19
1,16,128,block,1,6.954479,6.839375,7.017364,22
1,16,128,cpu,1,7.882417,7.859666,7.906937,19
1,16,128,tridiag,1,39.986917,39.917750,40.167459,5
1,16,128,tg_vals,1,7.288709,7.251166,7.350708,21
1,16,128,block_vals,1,6.354646,6.266573,6.471771,24
1,16,128,cpu_vals,1,4.137708,4.126167,4.146417,25
1,16,128,tridiag_vals,1,31.525584,31.343750,31.671083,5
1,32,48,tg,1,1.010792,0.985250,1.045333,25
1,32,48,block,1,3.392000,3.371041,3.513250,25
1,32,48,cpu,1,2.589042,2.581042,2.611708,25
1,32,48,tg_vals,1,0.964083,0.932917,1.033625,25
1,32,48,block_vals,1,3.264917,3.230542,3.407125,25
1,32,48,cpu_vals,1,1.133708,1.129750,1.140833,25
1,8,768,block,1,235.421000,235.315542,235.767250,5
1,8,768,cpu,1,147.646208,147.464208,147.664583,5
1,8,768,tridiag,1,186.460750,185.364750,186.727375,5
1,8,768,block_vals,1,154.887958,154.782334,155.030750,5
1,8,768,cpu_vals,1,78.213291,78.194375,78.260416,5
1,8,768,tridiag_vals,1,147.177375,146.279709,147.423000,5
1,1,512,tg,1,478.091708,477.133146,478.106063,3
1,1,512,block,1,29.978917,29.972291,30.016125,5
1,1,512,cpu,1,9.025083,8.886250,9.117125,17
1,1,512,tridiag,1,13.162938,13.139448,13.174740,12
1,1,512,tg_vals,1,444.228209,444.147625,444.264208,3
1,1,512,block_vals,1,28.670813,28.563334,28.736573,6
1,1,512,cpu_vals,1,4.221750,4.215958,4.232375,25
1,1,512,tridiag_vals,1,10.517125,10.501792,10.663146,15
1,4,12,simd,1,0.258667,0.252833,0.261042,25
1,4,12,tg,1,0.205500,0.194125,0.212125,25
1,4,12,cpu,1,0.020250,0.020125,0.020500,25
1,4,12,simd_vals,1,0.254792,0.252041,0.259458,25
1,4,12,tg_vals,1,0.209625,0.196625,0.213875,25
1,4,12,cpu_vals,1,0.009291,0.009250,0.009333,25
1,8,512,tg,1,576.819875,574.245479,576.855209,3
1,8,512,block,1,64.109000,63.967167,64.180916,5
1,8,512,cpu,1,71.194000,71.011292,71.856625,5
1,8,512,tridiag,1,105.747667,105.654833,105.810208,5
1,8,512,tg_vals,1,445.491917,444.107250,446.360563,3
1,8,512,block_vals,1,54.671333,54.288958,54.760166,5
1,8,512,cpu_vals,1,33.731417,33.716584,33.783416,5
1,8,512,tridiag_vals,1,86.646417,86.633125,87.541500,5
1,1,32,simd,1,1.537417,1.519125,1.630708,25
1,1,32,tg,1,0.328167,0.320959,0.333416,25
1,1,32,block,1,2.836208,2.491542,2.980459,25
1,1,32,cpu,1,0.036625,0.030167,0.037000,25
1,1,32,simd_vals,1,1.393459,1.387333,1.408708,25
1,1,32,tg_vals,1,0.319959,0.304791,0.325042,25
1,1,32,block_vals,1,2.850250,2.494708,2.954208,25
1,1,32,cpu_vals,1,0.011750,0.011708,0.011875,25
1,64,8,simd,1,0.193125,0.186792,0.216209,25
1,64,8,tg,1,0.188459,0.181500,0.194417,25
1,64,8,cpu,1,0.159875,0.158833,0.160833,25
1,64,8,simd_vals,1,0.178458,0.167583,0.185583,25
1,64,8,tg_vals,1,0.186959,0.173875,0.190292,25
1,64,8,cpu_vals,1,0.079625,0.077709,0.082125,25
1,256,96,tg,1,37.186500,36.797000,37.262750,5
1,256,96,block,1,19.615687,19.534645,19.680438,8
1,256,96,cpu,1,71.827375,71.823625,71.952542,5
1,256,96,tg_vals,1,31.047875,30.130917,31.570625,5
1,256,96,block_vals,1,17.864625,17.831333,17.963167,9
1,256,96,cpu_vals,1,35.951292,35.917458,35.990459,5
1,2048,16,simd,1,1.412750,1.383792,1.435125,25
1,2048,16,tg,1,1.375459,1.358750,1.395208,25
1,2048,16,cpu,1,17.474167,17.449916,17.536250,9
1,2048,16,simd_vals,1,1.174167,1.156250,1.818375,25
1,2048,16,tg_vals,1,1.168041,1.128417,1.178458,25
1,2048,16,cpu_vals,1,7.194208,7.171125,7.217750,21
1,32,16,simd,1,1.069542,0.372542,1.087416,25
1,32,16,tg,1,0.245042,0.239792,0.248042,25
1,32,16,cpu,1,0.287167,0.284917,0.289500,25
1,32,16,simd_vals,1,0.331291,0.323542,0.336542,25
1,32,16,tg_vals,1,0.238458,0.233667,0.241417,25
1,32,16,cpu_vals,1,0.117041,0.115625,0.119167,25
1,512,48,tg,1,7.997625,7.900771,8.086146,19
1,512,48,block,1,12.217375,12.190333,12.285875,13
1,512,48,cpu,1,40.454041,40.369334,40.458875,5
1,512,48,tg_vals,1,6.974021,6.915834,7.007021,22
1,512,48,block_vals,1,11.534000,11.376750,11.723958,13
1,512,48,cpu_vals,1,17.869959,17.855000,17.892167,9
1,4096,64,tg,1,150.470083,150.166042,150.722625,5
1,4096,64,block,1,96.950292,96.935959,97.046333,5
1,4096,64,cpu,1,551.140000,547.993229,553.562187,3
1,4096,64,tg_vals,1,131.695833,131.322000,132.737417,5
1,4096,64,block_vals,1,84.794250,84.493250,85.974208,5
1,4096,64,cpu_vals,1,225.211292,224.346625,225.241375,5
1,1,1536,block,1,253.226333,249.138208,254.757125,5
1,1,1536,cpu,1,100.558708,100.036584,100.682000,5
1,1,1536,tridiag,1,72.971708,72.737084,73.431500,5
1,1,1536,block_vals,1,216.070666,215.662542,216.130167,5
1,1,1536,cpu_vals,1,43.296417,43.235042,43.539250,5
1,1,1536,tridiag_vals,1,51.494292,51.223125,52.179292,5
1,16,16,simd,1,0.343667,0.337292,0.365750,25
1,16,16,tg,1,0.233292,0.230750,0.237916,25
1,16,16,cpu,1,0.144917,0.144083,0.146042,25
1,16,16,simd_vals,1,0.325750,0.303000,0.333500,25
1,16,16,tg_vals,1,0.211667,0.204417,0.225916,25
1,16,16,cpu_vals,1,0.059917,0.058541,0.060333,25
1,512,64,tg,1,20.190271,19.838885,20.308281,8
1,512,64,block,1,13.709750,13.662000,13.778645,11
1,512,64,cpu,1,69.835083,69.450750,69.841958,5
1,512,64,tg_vals,1,17.360375,17.151834,17.496583,9
1,512,64,block_vals,1,12.546229,12.470115,12.659063,12
1,512,64,cpu_vals,1,28.327146,28.315271,28.354865,6
1,256,128,tg,1,99.364458,95.586500,99.852583,5
1,256,128,block,1,43.428917,43.422125,43.439625,5
1,256,128,cpu,1,124.870458,124.717208,125.108917,5
1,256,128,tridiag,1,621.229875,621.202500,621.365270,3
1,256,128,tg_vals,1,86.339584,86.283500,88.390125,5
1,256,128,block_vals,1,34.515667,34.460416,34.718625,5
1,256,128,cpu_vals,1,66.859708,66.772167,66.867666,5
1,256,128,tridiag_vals,1,534.263041,532.646396,534.327979,3
1,64,4,simd,1,0.172084,0.151958,0.188458,25
1,64,4,tg,1,0.175666,0.159334,0.182000,25
1,64,4,cpu,1,0.053666,0.052708,0.055500,25
1,64,4,simd_vals,1,0.150500,0.146000,0.164417,25
1,64,4,tg_vals,1,0.151750,0.148209,0.168458,25
1,64,4,cpu_vals,1,0.031459,0.030666,0.034625,25
1,16,1024,block,1,1239.937375,1239.856563,1239.978479,3
1,16,1024,tridiag,1,571.267625,571.027355,573.581625,3
1,16,1024,block_vals,1,764.527583,763.540771,766.570438,3
1,16,1024,tridiag_vals,1,431.172417,430.666792,431.401125,3
1,128,192,tg,1,267.262709,265.306583,269.882792,5
1,128,192,block,1,64.933542,64.804042,64.959792,5
1,128,192,cpu,1,148.383625,147.435458,148.688667,5
1,128,192,tridiag,1,505.849750,505.723646,506.276500,3
1,128,192,tg_vals,1,146.767166,146.394000,148.926917,5
1,128,192,block_vals,1,51.233500,51.060041,51.370291,5
1,128,192,cpu_vals,1,74.967458,74.920500,75.002166,5
1,128,192,tridiag_vals,1,415.852042,415.603625,419.197541,3
1,512,24,simd,1,1.591750,1.549083,1.696583,25
1,512,24,tg,1,1.253917,1.228542,1.270916,25
1,512,24,cpu,1,10.202209,10.171750,10.219521,15
1,512,24,simd_vals,1,1.331250,1.303625,1.521792,25
1,512,24,tg_vals,1,1.038958,1.020875,1.060584,25
1,512,24,cpu_vals,1,3.526167,3.513458,3.549959,25
1,4096,32,simd,1,24.184208,23.808000,24.588000,7
1,4096,32,tg,1,17.511833,17.451625,18.030459,9
1,4096,32,block,1,18.318125,17.919667,18.637959,9
1,4096,32,cpu,1,136.710917,135.905583,136.805208,5
1,4096,32,simd_vals,1,15.264625,15.172104,15.287083,10
1,4096,32,tg_vals,1,14.931167,14.815917,14.960458,11
1,4096,32,block_vals,1,15.987146,15.864062,16.053927,10
1,4096,32,cpu_vals,1,46.839459,46.778125,46.933333,5
1,64,256,tg,1,428.369000,427.297438,428.987146,3
1,64,256,block,1,79.821167,77.830666,79.835375,5
1,64,256,cpu,1,141.380875,140.139375,141.473959,5
1,64,256,tridiag,1,338.887334,338.465480,339.084167,3
1,64,256,tg_vals,1,241.945125,241.499417,243.816500,5
1,64,256,block_vals,1,53.858042,53.851125,53.934000,5
1,64,256,cpu_vals,1,66.255875,66.200458,66.345750,5
1,64,256,tridiag_vals,1,278.446500,278.235750,278.456500,5
1,128,128,tg,1,46.556458,46.486000,46.560292,5
1,128,128,block,1,20.784208,20.674094,20.836906,8
1,128,128,cpu,1,62.426042,62.412208,62.462708,5
1,128,128,tridiag,1,301.176375,301.065187,301.436916,3
1,128,128,tg_vals,1,40.330291,40.207667,40.792042,5
1,128,128,block_vals,1,18.691459,18.634917,18.729542,9
1,128,128,cpu_vals,1,32.943542,32.935584,32.954542,5
1,128,128,tridiag_vals,1,245.928917,245.535125,246.396084,5
1,32,256,tg,1,194.139625,193.772875,194.503291,5
1,32,256,block,1,35.082375,35.031375,35.326959,5
1,32,256,cpu,1,70.074750,69.983833,70.319500,5
1,32,256,tridiag,1,170.571583,169.911750,170.782750,5
1,32,256,tg_vals,1,122.350917,121.664417,122.482708,5
1,32,256,block_vals,1,29.931145,29.901615,29.973615,6
1,32,256,cpu_vals,1,33.109208,33.104792,33.179792,5
1,32,256,tridiag_vals,1,141.300917,139.524375,141.606833,5
1,2,256,tg,1,54.980208,54.978458,55.004958,5
1,2,256,block,1,11.972875,11.914500,12.009375,13
1,2,256,cpu,1,4.406709,4.362750,4.457708,25
1,2,256,tridiag,1,10.559000,10.540375,10.574146,15
1,2,256,tg_vals,1,53.930625,53.913875,53.940625,5
1,2,256,block_vals,1,11.486479,11.376062,11.628896,14
1,2,256,cpu_vals,1,2.075250,2.046667,2.082959,25
1,2,256,tridiag_vals,1,8.694084,8.689594,8.734469,18
1,8,24,simd,1,0.827208,0.751875,0.836333,25
1,8,24,tg,1,0.288250,0.281333,0.291041,25
1,8,24,cpu,1,0.164333,0.162125,0.167458,25
1,8,24,simd_vals,1,0.780584,0.777625,0.784459,25
1,8,24,tg_vals,1,0.274792,0.261708,0.278375,25
1,8,24,cpu_vals,1,0.056542,0.056250,0.057166,25
1,4,384,tg,1,218.188000,218.114042,218.206458,5
1,4,384,block,1,25.178417,25.171594,25.188896,6
1,4,384,cpu,1,17.698000,17.387209,17.936625,9
1,4,384,tridiag,1,36.767959,36.728167,37.855667,5
1,4,384,tg_vals,1,190.196417,190.188666,190.199750,5
1,4,384,block_vals,1,22.778417,22.714875,23.010354,7
1,4,384,cpu_vals,1,9.319791,9.290208,9.339542,17
1,4,384,tridiag_vals,1,28.894146,28.746489,28.998302,6
1,32,512,block,1,292.574625,290.674167,292.968458,5
1,32,512,cpu,1,284.511625,281.279500,284.753750,5
1,32,512,tridiag,1,423.388334,422.768229,423.415833,3
1,32,512,block_vals,1,187.294000,186.697167,187.335750,5
1,32,512,cpu_vals,1,134.477959,134.472500,134.557875,5
1,32,512,tridiag_vals,1,339.230667,338.747521,339.364354,3
1,1,4,simd,1,0.200833,0.155667,0.261583,25
1,1,4,tg,1,0.173667,0.153542,0.213209,25
1,1,4,cpu,1,0.001667,0.001625,0.001791,25
1,1,4,simd_vals,1,0.175958,0.162750,0.181500,25
1,1,4,tg_vals,1,0.172416,0.160833,0.180125,25
1,1,4,cpu_vals,1,0.001667,0.001625,0.001792,25
1,2,128,tg,1,7.957084,7.951479,7.966479,19
1,2,128,block,1,5.960291,5.903667,6.013000,25
1,2,128,cpu,1,0.990959,0.984500,0.995709,25
1,2,128,tridiag,1,4.639208,4.622125,4.675542,25
1,2,128,tg_vals,1,7.201167,7.195125,7.205916,21
1,2,128,block_vals,1,5.844708,5.786000,5.940166,25
1,2,128,cpu_vals,1,0.522125,0.519833,0.525292,25
1,2,128,tridiag_vals,1,3.769083,3.762292,3.882208,25
1,4096,192,block,1,2180.807709,2170.133521,2183.458938,3
1,4096,192,block_vals,1,1756.618500,1756.533563,1758.552334,3
1,4,192,tg,1,27.817771,27.791469,27.824886,6
1,4,192,block,1,9.429438,9.333604,9.500479,16
1,4,192,cpu,1,4.638333,4.624541,4.697500,25
1,4,192,tridiag,1,15.846479,15.606084,15.921542,10
1,4,192,tg_vals,1,25.805729,25.801094,25.809677,6
1,4,192,block_vals,1,9.077916,8.937167,9.108708,17
1,4,192,cpu_vals,1,2.342459,2.332583,2.362416,25
1,4,192,tridiag_vals,1,12.880896,12.727958,13.071886,12
1,4,2048,block,1,2360.023000,2351.149500,2369.675271,3
1,4,2048,cpu,1,927.903750,926.825396,928.169396,3
1,4,2048,tridiag,1,480.885167,480.158646,482.269979,3
1,4,2048,block_vals,1,1564.095875,1555.958208,1579.434167,3
1,4,2048,cpu_vals,1,325.798500,325.726417,326.072021,3
1,4,2048,tridiag_vals,1,346.827209,346.732479,346.886313,3
1,2,192,tg,1,27.658749,27.629614,27.672322,6
1,2,192,block,1,9.015750,8.977625,9.100417,17
1,2,192,cpu,1,2.351375,2.327958,2.373417,25
1,2,192,tridiag,1,7.636042,7.594917,7.688229,20
1,2,192,tg_vals,1,25.703500,25.702448,25.708334,6
1,2,192,block_vals,1,8.765979,8.690072,8.845771,18
1,2,192,cpu_vals,1,1.187458,1.182833,1.198875,25
1,2,192,tridiag_vals,1,6.169417,6.162041,6.178917,25
1,16,4,simd,1,0.172042,0.164625,0.205584,25
1,16,4,tg,1,0.162334,0.148375,0.172042,25
1,16,4,cpu,1,0.014916,0.014792,0.015625,25
1,16,4,simd_vals,1,0.153791,0.148000,0.164250,25
1,16,4,tg_vals,1,0.149125,0.144250,0.162208,25
1,16,4,cpu_vals,1,0.008667,0.008583,0.008959,25
1,4096,16,simd,1,2.433125,2.403417,2.526291,25
1,4096,16,tg,1,2.402667,2.388209,2.429750,25
1,4096,16,cpu,1,35.002250,34.956833,35.041500,5
1,4096,16,simd_vals,1,2.046417,2.016334,2.221166,25
1,4096,16,tg_vals,1,2.030708,2.021084,2.083459,25
1,4096,16,cpu_vals,1,14.134166,14.115500,14.164458,11
1,4096,24,simd,1,7.892375,7.842938,7.948542,19
1,4096,24,tg,1,7.791813,7.614406,7.861937,20
1,4096,24,cpu,1,80.289292,80.260167,80.297417,5
1,4096,24,simd_vals,1,6.444709,6.385281,6.513531,24
1,4096,24,tg_vals,1,6.556271,6.375813,6.630959,24
1,4096,24,cpu_vals,1,28.442167,28.270958,28.631687,6
1,512,2,simd,1,0.192833,0.163000,0.690541,25
1,512,2,tg,1,0.203542,0.180041,0.253750,25
1,512,2,cpu,1,0.174833,0.173041,0.176708,25
1,512,2,simd_vals,1,0.143042,0.135584,0.160667,25
1,512,2,tg_vals,1,0.145875,0.140417,0.158875,25
1,512,2,cpu_vals,1,0.077458,0.076416,0.077958,25
