pass,batch,M,N,backend,ok,ms,p25,p75,reps
0,1,1024,256,complete,1,9.311292,9.255750,9.387250,17
0,64,768,768,reduced,1,306.721500,305.568958,309.896209,5
0,16,32,128,reduced,1,1.598542,1.569375,1.655542,25
0,1,512,32,complete,1,1.581917,1.525875,1.647958,25
0,16,1024,64,unblocked,1,20.564833,20.429959,20.802490,8
0,1,16,256,reduced,1,1.379000,1.323084,1.410417,25
0,4,256,64,complete,1,2.222208,1.954208,2.401250,25
0,16,512,32,unblocked,1,3.980791,3.909917,4.053292,25
0,1,1024,128,reduced,1,4.447250,4.407833,4.530291,25
0,16,1024,512,unblocked,1,133.843000,133.711042,136.171250,5
0,4,256,1024,unblocked,1,5.959459,5.913531,6.139053,24
0,1,128,128,reduced,1,2.716792,2.684792,2.769750,25
0,64,384,384,reduced,1,72.507666,72.018667,72.716792,5
0,16,64,64,reduced,1,2.230708,1.920625,2.378958,25
0,16,128,32,complete,1,1.759709,1.608459,1.801333,25
0,4,512,32,complete,1,1.928708,1.847625,2.002959,25
0,1,64,256,unblocked,1,1.242625,1.230416,1.295875,25
0,1,512,128,reduced,1,3.359000,3.333916,3.428083,25
0,16,1024,128,unblocked,1,40.310916,39.856416,40.375917,5
0,4,1024,256,complete,1,16.688104,16.591177,16.788083,10
0,16,256,64,reduced,1,2.541500,2.482292,2.882834,25
0,16,448,448,reduced,1,25.011000,24.928020,25.377136,6
0,4,32,128,unblocked,1,0.690542,0.680250,0.725500,25
0,1,384,384,unblocked,1,7.344042,7.279375,7.418833,21
0,1,512,512,complete,1,12.121458,12.085084,12.174542,13
0,4,2048,64,reduced,1,5.285875,5.213167,5.470750,25
0,16,512,64,complete,1,5.074708,5.000958,5.235250,25
0,16,64,1024,complete,1,21.776709,21.709396,21.891042,7
0,16,128,512,reduced,1,5.735250,5.626625,5.991167,25
0,1,512,256,unblocked,1,7.182042,7.160167,7.212834,21
0,4,2048,128,reduced,1,10.358000,10.327875,10.373500,15
0,64,512,128,unblocked,1,37.761791,37.542125,38.392583,5
0,16,32,128,unblocked,1,0.667375,0.621500,0.716000,25
0,1,640,640,reduced,1,16.359167,16.169760,16.694500,10
0,1,64,512,unblocked,1,1.292416,1.213542,1.306333,25
0,1,512,128,complete,1,3.731541,3.656417,4.227750,25
0,4,256,256,unblocked,1,3.907291,3.776750,4.214041,25
0,1,128,32,unblocked,1,0.982458,0.957083,1.012041,25
0,64,1024,64,reduced,1,19.632687,19.445979,19.888292,8
0,16,256,16,complete,1,2.118083,1.850292,2.293708,25
0,16,576,576,complete,1,42.676125,42.340584,42.962375,5
0,4,768,768,complete,1,33.061292,32.728750,34.101833,5
0,4,128,2048,unblocked,1,4.519542,4.450334,4.860500,25
0,1,128,1024,complete,1,16.302541,16.247875,16.347146,10
0,1,32,512,reduced,1,1.371708,1.174166,1.393458,25
0,1,512,32,reduced,1,1.620625,1.481042,1.827042,25
0,4,2048,64,complete,1,15.447959,15.360750,15.623021,10
0,1,768,768,reduced,1,20.517605,20.419063,20.616313,8
0,16,320,320,unblocked,1,13.244125,13.154687,13.485781,12
0,4,1024,512,reduced,1,25.528229,24.524146,26.192719,6
0,16,32,512,reduced,1,2.173000,2.105750,2.325708,25
0,4,64,1024,complete,1,16.457458,16.423917,17.065917,9
0,16,256,16,unblocked,1,1.549916,1.507125,1.608125,25
0,1,576,576,complete,1,14.129042,14.032958,14.923625,11
0,16,1024,1024,reduced,1,174.443917,172.177709,180.534000,5
0,16,64,1024,unblocked,1,3.924667,3.692625,4.378000,25
0,16,32,512,unblocked,1,1.449625,1.368209,1.725083,25
0,16,8,8,reduced,1,1.160375,1.124375,1.411708,25
0,4,320,320,complete,1,8.262250,8.072833,8.325500,19
0,16,384,384,unblocked,1,19.703000,19.553396,20.117989,8
0,64,256,256,reduced,1,37.881917,37.828083,37.887833,5
0,1,1024,128,complete,1,5.145583,5.106167,5.250000,25
0,64,512,128,reduced,1,25.016770,24.866365,25.187365,6
0,16,256,1024,unblocked,1,16.173083,15.946605,16.229031,10
0,4,256,512,complete,1,10.515542,10.415959,10.605208,15
0,1,1024,64,reduced,1,2.553000,2.513500,2.790083,25
0,1,1024,512,reduced,1,16.352063,16.321948,16.464750,10
0,64,32,128,unblocked,1,2.324042,1.949417,2.360416,25
0,1,64,2048,complete,1,31.839209,31.779916,31.924958,5
0,64,128,512,reduced,1,18.996750,18.736386,19.097594,8
0,64,512,64,unblocked,1,19.105125,18.755167,19.402813,8
0,64,64,512,reduced,1,9.156500,9.094625,9.232041,17
0,4,128,2048,reduced,1,5.276292,5.098459,5.404958,25
0,64,256,1024,unblocked,1,59.336333,58.947542,59.710958,5
0,1,1024,1024,reduced,1,30.618458,30.525625,30.656250,5
0,4,32,512,complete,1,8.032292,7.987563,8.087625,19
0,64,64,256,reduced,1,7.526979,7.431167,7.701750,20
0,16,32,32,complete,1,1.446750,1.287416,1.492209,25
0,4,512,64,complete,1,2.538084,2.371875,2.629125,25
0,16,1024,256,unblocked,1,73.314542,72.762250,74.840084,5
0,16,512,64,unblocked,1,5.284833,5.214375,5.347625,25
0,4,448,448,unblocked,1,10.724063,10.664958,10.877459,14
0,64,512,512,unblocked,1,145.495875,142.833042,149.598875,5
0,4,128,32,complete,1,1.031125,0.965959,1.142542,25
0,64,512,512,reduced,1,124.530917,123.661083,126.654917,5
0,1,256,16,unblocked,1,1.059209,0.956292,1.211125,25
0,16,1024,64,reduced,1,5.182708,5.002833,5.661834,25
0,64,128,1024,complete,1,91.031291,90.993584,91.036625,5
0,1,128,2048,unblocked,1,2.640750,2.577375,2.859667,25
0,16,576,576,unblocked,1,50.734083,50.481208,50.885542,5
0,16,128,2048,complete,1,47.449791,47.345375,47.981125,5
0,64,512,32,reduced,1,5.673500,5.573292,6.156958,25
0,4,384,384,complete,1,10.122167,9.988542,10.254853,15
0,4,2048,64,unblocked,1,42.251625,42.236083,42.442250,5
0,4,256,1024,complete,1,18.997895,18.937688,19.106375,8
0,16,64,256,unblocked,1,2.320583,2.082042,2.525250,25
0,4,512,256,reduced,1,7.422417,7.345083,7.597125,21
0,16,1024,128,reduced,1,11.104812,11.022115,11.208907,14
0,1,256,256,unblocked,1,3.485042,3.436250,3.518083,25
0,1,32,512,complete,1,7.880313,7.838636,7.906864,20
0,4,1024,128,complete,1,9.106084,9.047083,9.158917,17
0,4,1024,64,reduced,1,2.765292,2.691416,2.986083,25
0,4,64,512,reduced,1,2.241792,2.004083,2.687125,25
0,64,256,1024,reduced,1,58.555708,58.455209,58.742625,5
0,16,512,1024,reduced,1,41.639750,41.471667,41.674417,5
0,16,2048,128,complete,1,88.913084,88.335167,89.044042,5
0,64,320,320,reduced,1,52.855625,52.789667,52.887750,5
0,1,64,64,complete,1,1.734333,1.566583,1.910083,25
0,64,512,1024,complete,1,197.131708,196.244792,197.262667,5
0,64,512,256,reduced,1,54.971292,54.627416,55.414125,5
0,4,512,64,reduced,1,2.156917,2.072125,2.487458,25
0,16,512,1024,unblocked,1,50.646500,50.557500,50.674292,5
0,1,64,2048,reduced,1,2.286083,2.189958,2.463250,25
0,16,32,512,complete,1,10.439541,10.386146,10.500125,15
0,16,64,2048,unblocked,1,4.925875,4.882875,4.974750,25
0,1,128,1024,reduced,1,3.125708,3.092375,3.201875,25
0,1,16,256,complete,1,4.136375,4.085250,4.175208,25
0,1,256,256,complete,1,5.418875,5.359625,5.455583,25
0,16,256,256,unblocked,1,8.630479,8.219375,9.028531,18
0,4,512,1024,complete,1,26.189979,26.108864,26.219312,6
0,1,64,1024,reduced,1,2.065417,1.959375,2.437917,25
0,16,128,128,unblocked,1,2.895792,2.715958,2.968000,25
0,16,128,128,complete,1,3.879625,3.747667,4.094875,25
0,16,512,256,reduced,1,14.141916,13.965896,14.193604,11
0,16,384,384,complete,1,18.959771,18.750135,19.036510,8
0,4,128,1024,reduced,1,4.131791,3.844625,4.732417,25
0,64,1024,512,reduced,1,261.449458,260.249166,265.155458,5
0,1,640,640,complete,1,16.051375,15.881000,16.222188,10
0,4,1024,128,reduced,1,5.499375,5.456417,5.629166,25
0,4,64,256,unblocked,1,1.351334,1.319458,1.412333,25
0,16,128,1024,reduced,1,8.877187,8.521813,8.989146,18
0,64,128,32,reduced,1,3.528833,3.488459,3.617458,25
0,16,32,32,reduced,1,1.475167,1.452125,1.508250,25
0,1,512,128,unblocked,1,4.109459,4.093875,4.137709,25
0,64,1024,512,unblocked,1,527.812083,527.289917,530.394583,5
0,1,256,512,complete,1,9.386584,9.362448,9.463635,16
0,4,64,256,complete,1,4.389083,4.368459,4.462834,25
0,4,256,512,unblocked,1,4.505292,4.419834,4.554958,25
0,1,256,1024,complete,1,17.144417,17.029542,17.195250,9
0,4,128,1024,unblocked,1,3.109334,2.998375,3.668167,25
0,1,32,32,reduced,1,1.023834,1.012458,1.243250,25
0,4,576,576,reduced,1,18.225792,18.038542,18.336459,9
0,64,640,640,reduced,1,199.019375,198.512167,199.310625,5
0,1,64,64,unblocked,1,1.223292,1.093625,1.259917,25
0,64,512,32,unblocked,1,12.660208,12.357323,13.421781,12
0,16,128,2048,reduced,1,10.788625,10.331635,11.380021,14
0,1,320,320,complete,1,7.020417,6.954729,7.057355,22
0,1,256,64,unblocked,1,1.487167,1.453541,1.740541,25
0,16,256,256,reduced,1,9.209333,9.150666,9.247375,17
0,4,256,16,reduced,1,1.513834,1.372917,1.581250,25
0,4,1024,256,unblocked,1,23.573375,23.487813,23.754125,7
0,1,2048,128,unblocked,1,43.802959,43.785792,43.941750,5
0,64,256,512,complete,1,61.876541,61.808208,62.038458,5
0,64,128,512,complete,1,46.914958,46.752666,47.126958,5
0,16,2048,128,reduced,1,21.961458,21.783417,22.104917,7
0,64,1024,128,complete,1,97.063167,94.940208,97.082958,5
0,4,128,512,unblocked,1,2.026500,1.934000,2.300042,25
0,1,1024,64,complete,1,2.859000,2.812833,2.884125,25
0,1,768,768,complete,1,20.375042,20.219125,20.519927,8
0,4,16,256,unblocked,1,0.486959,0.472542,0.539750,25
0,64,512,256,unblocked,1,79.834625,79.403750,80.057916,5
0,4,448,448,complete,1,12.497917,12.439334,12.560709,12
0,4,64,1024,unblocked,1,1.205708,1.153834,1.292250,25
0,4,512,1024,reduced,1,18.330292,18.131541,18.693375,9
0,16,768,768,complete,1,79.902667,79.709167,80.384208,5
0,4,512,256,unblocked,1,7.841333,7.780385,7.911906,20
0,16,384,384,reduced,1,18.426208,18.322875,18.471958,9
0,64,1024,512,complete,1,352.654125,350.225334,353.289500,5
0,16,2048,64,unblocked,1,93.060833,93.020084,94.028375,5
0,4,640,640,complete,1,22.713833,22.566167,22.761104,7
0,64,1024,128,reduced,1,42.949041,42.924750,43.005958,5
0,1,256,64,reduced,1,1.747291,1.640875,1.768500,25
0,16,256,64,complete,1,3.460792,2.982084,4.267250,25
0,16,16,256,unblocked,1,0.751583,0.734125,0.767625,25
0,64,320,320,unblocked,1,50.597292,50.315541,51.088125,5
0,1,2048,64,reduced,1,4.126541,4.110375,4.166250,25
0,4,768,768,reduced,1,30.793416,30.530500,30.907542,5
0,16,2048,64,complete,1,48.050917,48.035666,48.216584,5
0,1,128,2048,complete,1,31.650166,31.648834,31.681458,5
0,1,64,512,complete,1,8.133292,8.041041,8.228063,19
0,4,64,1024,reduced,1,2.658917,2.444750,2.778958,25
0,16,256,512,complete,1,16.226271,16.135260,16.316448,10
0,1,576,576,reduced,1,14.000875,13.940146,14.047875,11
0,1,64,256,reduced,1,1.762667,1.663958,2.021416,25
0,4,64,2048,reduced,1,3.593500,3.301625,3.735375,25
0,4,576,576,complete,1,18.433125,18.355125,18.802583,9
0,1,448,448,reduced,1,10.343667,10.327500,10.413396,15
0,16,64,512,unblocked,1,2.885375,2.812166,2.927000,25
0,4,32,128,complete,1,2.278542,2.238375,2.560250,25
0,64,256,64,reduced,1,8.250979,8.190437,8.375083,18
0,16,512,512,reduced,1,31.852708,31.677917,32.038375,5
0,64,256,512,reduced,1,42.810209,42.246708,43.358625,5
0,16,256,1024,reduced,1,15.514854,15.424990,15.599105,10
0,1,128,128,unblocked,1,1.849083,1.633500,1.934875,25
0,64,768,768,complete,1,304.155709,302.263333,304.559500,5
0,16,128,1024,complete,1,23.716375,23.617812,23.751750,7
0,16,512,128,complete,1,9.188104,9.122646,9.258834,16
0,4,2048,128,complete,1,27.934041,27.882344,27.971958,6
0,64,384,384,unblocked,1,80.220584,79.104416,80.297333,5
0,4,512,512,complete,1,15.292708,15.213427,15.419989,10
0,16,640,640,complete,1,52.953791,52.863834,53.166875,5
0,1,128,512,unblocked,1,2.167375,2.016792,2.228875,25
0,1,256,16,reduced,1,1.315875,1.251083,1.503250,25
0,16,2048,64,reduced,1,9.658749,9.611989,9.699125,16
0,4,256,256,reduced,1,6.026666,5.996375,6.063459,25
0,16,128,512,unblocked,1,4.272500,3.950042,4.521625,25
0,4,32,512,reduced,1,1.615042,1.569208,1.640000,25
0,4,640,640,reduced,1,21.835375,21.659271,21.849146,7
0,64,256,1024,complete,1,113.533583,113.418583,113.560583,5
0,16,512,256,unblocked,1,20.127458,20.045041,20.325021,8
0,1,512,256,complete,1,6.517542,6.484583,6.556146,23
0,1,384,384,complete,1,8.687708,8.652709,8.766031,18
0,64,32,512,complete,1,39.910791,39.833458,39.924000,5
0,1,576,576,unblocked,1,17.125084,17.109291,17.156084,9
0,64,448,448,reduced,1,94.392250,93.969916,94.393167,5
0,4,2048,128,unblocked,1,57.142625,56.850167,57.364875,5
0,16,128,2048,unblocked,1,9.708417,9.492813,10.283178,16
0,16,512,128,reduced,1,6.230354,6.154426,6.334125,24
0,16,128,128,reduced,1,3.802542,3.632167,4.102000,25
0,16,64,256,reduced,1,2.226958,2.151458,2.720208,25
0,1,1024,64,unblocked,1,9.366583,9.325625,9.415875,17
0,16,1024,1024,complete,1,160.045875,158.628833,160.393917,5
0,4,512,128,reduced,1,3.765417,3.735209,3.917791,25
0,4,512,256,complete,1,8.187917,8.125916,8.246270,19
0,1,128,1024,unblocked,1,2.161875,2.009583,2.380000,25
0,4,256,256,complete,1,5.898208,5.878333,5.956667,25
0,4,320,320,reduced,1,7.959667,7.942270,8.012666,19
0,64,1024,64,unblocked,1,87.843167,87.489875,87.906917,5
0,16,512,128,unblocked,1,9.722812,9.564240,9.856000,16
0,16,256,256,complete,1,9.394063,9.279261,9.487063,16
0,4,64,256,reduced,1,1.956458,1.674208,2.095042,25
0,4,128,32,reduced,1,1.390792,1.360125,1.417459,25
0,1,32,128,unblocked,1,0.705208,0.679083,0.734458,25
0,16,128,1024,unblocked,1,8.108417,8.048063,8.525917,19
0,16,1024,128,complete,1,24.928958,24.907792,25.106563,7
0,64,16,256,unblocked,1,1.597125,1.547958,1.647375,25
0,64,1024,256,unblocked,1,280.688667,277.533375,286.854250,5
0,16,1024,1024,unblocked,1,232.563167,232.244375,232.994959,5
0,64,512,64,complete,1,17.577084,17.488541,17.925416,9
0,16,640,640,unblocked,1,64.225459,64.114500,64.301417,5
0,16,64,512,complete,1,10.907813,10.879843,10.955125,14
0,1,8,8,complete,1,0.908625,0.861709,1.234375,25
0,1,256,1024,unblocked,1,5.087542,5.059666,5.162333,25
0,16,512,64,reduced,1,3.762084,3.676167,3.959333,25
0,1,256,1024,reduced,1,5.944167,5.878792,6.196167,25
0,4,1024,512,unblocked,1,43.727209,43.128417,43.737208,5
0,16,768,768,reduced,1,82.771375,82.580541,83.416459,5
0,1,256,512,unblocked,1,4.068750,4.011667,4.114000,25
0,1,512,64,complete,1,2.348625,2.009542,2.566125,25
0,16,576,576,reduced,1,41.798542,41.784542,41.962250,5
0,16,32,32,unblocked,1,0.596084,0.537291,0.606875,25
0,16,8,8,complete,1,1.198916,1.171250,1.435834,25
0,16,512,32,reduced,1,2.474750,2.391625,2.601625,25
0,1,1024,1024,unblocked,1,67.441667,67.293083,67.524708,5
0,64,64,256,unblocked,1,6.276479,6.098063,7.585552,22
0,64,448,448,unblocked,1,107.587833,105.010375,110.178292,5
0,4,128,512,reduced,1,3.558917,3.350709,3.723625,25
0,16,64,2048,reduced,1,7.875541,7.805250,8.029104,19
0,1,128,128,complete,1,2.732333,2.690500,2.867875,25
0,4,768,768,unblocked,1,37.598042,37.334250,37.619167,5
0,1,128,32,reduced,1,0.957750,0.940500,1.008209,25
0,64,64,1024,reduced,1,12.428500,12.327625,12.467625,13
0,1,64,64,reduced,1,1.875083,1.555875,1.928917,25
0,1,8,8,reduced,1,1.215666,1.071083,1.267125,25
0,16,640,640,reduced,1,53.156041,53.042667,53.186000,5
0,4,64,2048,unblocked,1,1.973584,1.765833,2.023875,25
0,1,512,1024,reduced,1,13.040709,12.990750,13.115000,12
0,16,1024,512,complete,1,89.973875,89.008750,89.981791,5
0,4,16,256,complete,1,4.213875,4.186917,4.260750,25
0,16,16,256,complete,1,5.268625,5.225917,5.335375,25
0,16,256,64,unblocked,1,2.518083,2.393500,2.613334,25
0,64,768,768,unblocked,1,402.271792,401.783584,403.439667,5
0,4,32,128,reduced,1,1.350833,1.331833,1.379541,25
0,1,32,128,reduced,1,1.323375,1.276292,1.365083,25
0,64,256,512,unblocked,1,40.761042,40.718083,40.790042,5
0,4,128,32,unblocked,1,0.707375,0.667541,0.730375,25
0,1,1024,1024,complete,1,31.116750,31.092250,31.156625,5
0,16,1024,256,reduced,1,26.349937,26.324520,26.445261,6
0,64,576,576,unblocked,1,200.160375,198.934083,201.023542,5
0,64,576,576,complete,1,158.241625,157.683917,160.381833,5
0,1,128,2048,reduced,1,3.833042,3.758792,4.006958,25
0,1,512,1024,complete,1,20.283042,20.229876,20.338708,8
0,64,64,1024,unblocked,1,9.781750,9.468563,10.225709,15
0,1,512,256,reduced,1,6.315396,6.287823,6.416417,24
0,1,512,512,unblocked,1,12.613625,12.546646,12.627896,12
0,1,64,1024,complete,1,16.027354,15.871510,16.046312,10
0,16,512,32,complete,1,3.041250,2.900583,3.306042,25
0,16,512,256,complete,1,17.455292,17.389250,17.490458,9
0,4,512,32,unblocked,1,2.799833,2.745042,3.000750,25
0,16,448,448,unblocked,1,26.980458,26.727625,27.280792,6
0,1,1024,512,complete,1,17.335750,17.196750,17.366875,9
0,4,64,2048,complete,1,32.750375,32.626375,32.760208,5
0,16,320,320,complete,1,13.974583,13.830729,14.146021,11
0,1,448,448,complete,1,10.378792,10.350125,10.440354,15
0,64,32,128,reduced,1,3.402917,3.312042,3.760208,25
0,16,768,768,unblocked,1,99.790375,99.676958,100.207750,5
0,1,512,64,unblocked,1,3.060833,3.045042,3.096458,25
0,16,512,512,unblocked,1,37.095250,36.713500,37.288125,5
0,4,512,32,reduced,1,1.536042,1.402917,1.707666,25
0,1,256,256,reduced,1,5.479333,5.437125,5.537666,25
0,64,1024,256,complete,1,185.465750,185.421959,185.544541,5
0,64,256,256,complete,1,36.777125,36.649208,36.812417,5
0,1,64,512,reduced,1,1.763375,1.696333,2.006250,25
0,1,64,1024,unblocked,1,1.477292,1.450709,1.517500,25
0,4,256,16,complete,1,1.308875,1.226917,1.360917,25
0,64,128,1024,reduced,1,25.415292,25.298021,25.489375,6
0,64,256,64,complete,1,10.013375,9.817625,10.176792,15
0,4,1024,64,complete,1,5.032292,4.985542,5.099041,25
0,64,64,1024,complete,1,84.207708,84.140125,84.313167,5
0,64,448,448,complete,1,95.293500,95.146208,95.327333,5
0,4,1024,256,reduced,1,10.355625,10.299542,10.446084,15
0,64,64,512,complete,1,42.151000,42.038458,42.199250,5
0,64,1024,256,reduced,1,103.865292,103.777125,104.680459,5
0,64,1024,64,complete,1,52.237292,51.955459,52.283791,5
0,16,512,512,complete,1,32.331791,32.259625,32.462542,5
0,16,448,448,complete,1,25.081688,25.033448,25.128833,6
0,1,16,256,unblocked,1,0.384542,0.363209,0.398833,25
0,4,320,320,unblocked,1,5.711375,5.677041,5.760125,25
0,64,512,64,reduced,1,11.595292,11.483292,11.638875,13
0,4,256,64,unblocked,1,1.877334,1.790708,1.956583,25
0,4,256,64,reduced,1,1.857417,1.753166,2.213167,25
0,64,640,640,complete,1,199.396709,199.069958,199.775417,5
0,1,2048,128,reduced,1,8.194459,8.157000,8.224146,19
0,1,128,512,reduced,1,2.840083,2.820542,2.888000,25
0,4,1024,128,unblocked,1,14.455209,14.383000,14.518583,11
0,64,576,576,reduced,1,156.198625,156.079083,157.580208,5
0,16,64,1024,reduced,1,4.241750,4.131375,4.594875,25
0,64,16,256,complete,1,20.074354,20.047500,20.111771,8
0,4,448,448,reduced,1,12.424917,12.380667,12.512791,13
0,4,512,64,unblocked,1,3.337083,3.288750,3.861000,25
0,4,384,384,reduced,1,10.043375,9.996438,10.383938,15
0,16,128,512,complete,1,12.347959,12.234041,12.382208,13
0,16,1024,256,complete,1,47.445750,47.423458,47.681375,5
0,1,512,32,unblocked,1,2.536791,2.522208,2.582291,25
0,1,1024,512,unblocked,1,39.093542,39.092250,39.487708,5
0,1,384,384,reduced,1,8.642937,8.605906,8.685750,18
0,4,512,1024,unblocked,1,19.407249,19.368364,19.459688,8
0,1,32,512,unblocked,1,0.591875,0.555417,0.652875,25
0,64,256,16,reduced,1,3.964000,3.898084,4.073959,25
0,64,320,320,complete,1,52.746958,52.584084,52.852292,5
0,1,128,512,complete,1,8.463166,8.428438,8.540916,18
0,16,2048,128,unblocked,1,156.459000,155.549834,156.687416,5
0,16,32,128,complete,1,2.895708,2.870250,2.951875,25
0,64,512,128,complete,1,33.782792,33.628084,33.853542,5
0,1,64,2048,unblocked,1,1.672209,1.396708,1.743625,25
0,1,32,32,unblocked,1,0.720708,0.689250,0.744000,25
0,4,384,384,unblocked,1,7.982875,7.924917,8.132313,19
0,16,64,512,reduced,1,3.654042,3.153083,3.784708,25
0,4,128,512,complete,1,8.917208,8.880166,8.951916,17
0,16,512,1024,complete,1,51.053292,51.010209,51.127250,5
0,64,128,32,complete,1,3.651709,3.628333,3.684042,25
0,64,512,1024,reduced,1,164.060041,163.059167,164.834458,5
0,64,512,512,complete,1,123.327125,122.594667,123.673208,5
0,4,576,576,unblocked,1,19.086583,18.974812,19.398260,8
0,4,256,16,unblocked,1,0.867500,0.807292,0.917500,25
0,1,320,320,reduced,1,7.043230,7.016781,7.083521,22
0,16,64,2048,complete,1,44.284917,44.267083,44.409583,5
0,16,1024,64,complete,1,13.495770,13.433031,13.656500,12
0,4,512,128,complete,1,4.384834,4.339542,4.507375,25
0,4,16,256,reduced,1,1.419917,1.236750,1.451667,25
0,64,512,1024,unblocked,1,206.095833,204.258833,206.718541,5
0,64,16,256,reduced,1,3.451833,3.422833,3.506041,25
0,4,256,1024,reduced,1,7.494500,7.468177,7.665073,20
0,4,640,640,unblocked,1,24.853583,24.628937,24.936813,7
0,64,256,256,unblocked,1,31.943750,31.464000,32.556500,5
0,1,1024,128,unblocked,1,12.171875,12.126125,12.187375,13
0,1,320,320,unblocked,1,5.248125,5.215208,5.300834,25
0,16,320,320,reduced,1,13.513666,13.447021,13.640146,12
0,16,256,16,reduced,1,1.635334,1.487708,1.823500,25
0,4,128,2048,complete,1,33.864500,33.692625,33.878917,5
0,4,64,512,complete,1,8.304709,8.273573,8.329135,18
0,16,1024,512,reduced,1,74.307916,71.750792,75.887833,5
0,1,32,32,complete,1,0.878375,0.837875,0.896625,25
0,4,256,512,reduced,1,7.339187,7.219666,7.732813,20
0,1,8,8,unblocked,1,0.419750,0.395042,0.458750,25
0,1,256,16,complete,1,1.236167,1.212417,1.267458,25
0,4,128,1024,complete,1,17.896666,17.768334,17.984292,9
0,1,512,512,reduced,1,13.708834,13.032104,16.776094,6
0,4,64,512,unblocked,1,1.644208,1.567375,1.779833,25
0,1,256,512,reduced,1,6.059499,5.962490,6.513750,24
0,64,128,1024,unblocked,1,31.576334,28.979928,31.861833,6
0,64,128,512,unblocked,1,16.184813,15.993823,16.391948,10
0,1,640,640,unblocked,1,22.028334,21.865458,22.483021,7
0,16,256,1024,complete,1,30.181167,30.091250,32.066708,5
0,1,2048,64,unblocked,1,35.650250,35.333333,35.721292,5
0,64,256,64,unblocked,1,6.261125,6.067188,7.151770,23
0,64,1024,128,unblocked,1,154.161875,153.765333,154.497417,5
0,16,256,512,reduced,1,11.184874,11.140958,11.312313,14
0,1,32,128,complete,1,2.286250,2.235041,2.498959,25
0,1,1024,256,unblocked,1,20.529375,20.436229,20.568979,8
0,64,128,32,unblocked,1,1.276625,1.235708,1.344084,25
0,4,1024,512,complete,1,30.882542,30.848250,30.939583,5
0,64,256,16,unblocked,1,2.160750,2.010291,2.212834,25
0,64,256,16,complete,1,5.039000,4.980750,5.097625,25
0,16,64,64,complete,1,1.949000,1.865625,2.308167,25
0,1,512,64,reduced,1,1.891167,1.800625,2.357166,25
0,16,128,32,unblocked,1,1.100834,1.075042,1.131334,25
0,64,384,384,complete,1,71.860042,71.630375,71.899083,5
0,64,640,640,unblocked,1,256.678292,251.472833,259.197166,5
0,1,64,256,complete,1,4.315084,4.280250,4.372167,25
0,1,768,768,unblocked,1,33.295083,33.274042,33.446125,5
0,16,64,64,unblocked,1,0.961917,0.881125,0.999833,25
0,1,2048,128,complete,1,12.884979,12.743375,13.039427,12
0,4,512,512,reduced,1,14.990875,14.919625,15.026708,11
0,64,32,128,complete,1,10.376917,10.309624,10.444145,15
0,64,64,512,unblocked,1,7.854125,7.547104,8.284521,19
0,1,1024,256,reduced,1,8.602958,8.548948,8.644135,18
0,16,128,32,reduced,1,1.694042,1.630167,1.739416,25
0,64,64,256,complete,1,21.451667,21.397937,21.502479,7
0,4,512,512,unblocked,1,13.950541,13.925833,14.017250,11
0,4,32,512,unblocked,1,0.646417,0.630667,0.668250,25
0,64,32,512,reduced,1,5.032333,4.956834,5.783500,25
0,1,2048,64,complete,1,6.742458,6.684417,6.773938,23
0,1,448,448,unblocked,1,9.772542,9.747750,9.875511,16
0,16,16,256,reduced,1,1.483958,1.405083,1.692125,25
0,16,256,512,unblocked,1,10.373541,10.342937,10.476042,15
0,1,512,1024,unblocked,1,16.690875,16.682667,16.711625,9
0,16,64,256,complete,1,5.685000,5.657375,5.716208,25
0,1,128,32,complete,1,1.374167,1.249917,1.394041,25
0,4,512,128,unblocked,1,4.583709,4.562584,4.638958,25
0,4,1024,64,unblocked,1,10.936250,10.916166,11.007542,14
0,1,256,64,complete,1,1.833084,1.697625,2.122792,25
0,64,512,32,complete,1,10.119375,9.944125,10.237396,15
0,64,32,512,unblocked,1,4.879542,4.324750,5.197709,25
0,16,8,8,unblocked,1,0.405625,0.392125,0.422542,25
0,64,512,256,complete,1,62.705625,62.501709,64.859917,5
1,4,64,256,complete,1,4.340625,4.313917,4.357292,25
1,64,32,512,complete,1,39.818416,39.643042,39.881667,5
1,64,128,1024,reduced,1,25.270646,25.133989,25.520490,6
1,1,1024,256,complete,1,9.304084,9.271542,9.324459,17
1,64,128,32,unblocked,1,1.381583,1.293750,1.460833,25
1,1,128,1024,unblocked,1,2.170333,2.113458,2.302208,25
1,4,1024,512,complete,1,31.396083,31.188125,31.461708,5
1,4,16,256,unblocked,1,0.387542,0.364084,0.396500,25
1,4,512,64,unblocked,1,3.466584,3.368709,3.702625,25
1,64,64,1024,complete,1,83.412000,83.361584,83.570417,5
1,1,320,320,reduced,1,7.055312,7.018458,7.102219,22
1,16,1024,256,complete,1,47.363875,47.263125,47.587458,5
1,4,2048,128,complete,1,27.828291,27.748053,28.088281,6
1,1,16,256,complete,1,4.063125,4.041709,4.141250,25
1,1,64,512,reduced,1,1.946416,1.744667,2.055666,25
1,16,128,32,complete,1,1.642834,1.509084,1.751791,25
1,64,512,64,reduced,1,11.432625,11.387417,11.453667,14
1,1,640,640,complete,1,16.077979,16.027094,16.123146,10
1,1,128,1024,complete,1,16.157854,16.074521,16.263406,10
1,16,256,64,complete,1,2.867583,2.796583,3.121000,25
1,64,256,256,complete,1,35.604000,35.562542,35.859584,5
1,64,576,576,reduced,1,156.663459,156.402917,156.754000,5
1,64,768,768,complete,1,303.805000,301.169209,307.062083,5
1,16,64,512,complete,1,10.961479,10.893802,11.010833,14
1,64,512,512,reduced,1,122.657667,120.936625,123.775167,5
1,1,512,1024,unblocked,1,16.773583,16.742292,16.849916,9
1,4,32,128,reduced,1,1.307333,1.082750,1.374708,25
1,4,256,16,unblocked,1,1.255708,1.238292,1.271000,25
1,16,448,448,reduced,1,24.746042,24.534708,25.124833,7
1,16,256,256,complete,1,9.410355,9.313937,9.523157,16
1,16,576,576,unblocked,1,49.508125,49.328667,49.764958,5
1,4,512,32,unblocked,1,2.974625,2.941375,3.075625,25
1,4,256,512,complete,1,10.372875,10.335708,10.402541,15
1,4,128,512,unblocked,1,2.542125,2.452208,2.890417,25
1,16,640,640,reduced,1,52.603083,52.569583,52.861959,5
1,16,640,640,unblocked,1,64.174084,63.724500,64.823667,5
1,4,2048,128,unblocked,1,57.431791,57.074375,57.505500,5
1,16,64,64,unblocked,1,0.999459,0.959833,1.078459,25
1,16,1024,64,complete,1,13.609875,13.455969,13.653218,12
1,64,256,16,complete,1,5.036417,4.948375,5.085875,25
1,4,2048,128,reduced,1,10.037833,9.992271,10.176917,15
1,64,256,256,reduced,1,36.401250,36.395792,36.464167,5
1,4,768,768,reduced,1,30.841041,30.829625,30.867917,5
1,4,64,256,reduced,1,2.024875,1.752417,2.059959,25
1,1,512,1024,complete,1,20.225209,20.211032,20.321688,8
1,1,64,2048,complete,1,31.281750,31.190708,31.296917,5
1,16,128,1024,complete,1,23.687291,23.577250,23.729042,7
1,1,1024,1024,complete,1,31.185459,31.040542,31.268750,5
1,1,512,32,unblocked,1,2.566125,2.524542,2.641583,25
1,4,512,512,unblocked,1,14.000750,13.943625,14.166167,11
1,1,512,256,complete,1,6.511000,6.480938,6.544000,23
1,1,128,2048,complete,1,31.819167,31.762375,31.874458,5
1,1,32,32,unblocked,1,0.514333,0.498166,0.536583,25
1,4,1024,512,unblocked,1,42.762167,42.720667,43.169917,5
1,4,256,1024,complete,1,19.024417,18.980927,19.054396,8
1,16,2048,128,reduced,1,22.068791,22.014834,22.259687,7
1,4,256,1024,reduced,1,7.911958,7.751271,8.414666,19
1,16,512,32,complete,1,3.055333,2.928958,3.396958,25
1,64,128,1024,unblocked,1,22.322750,22.089875,23.167208,7
1,64,512,512,complete,1,125.644167,124.827625,128.192541,5
1,16,448,448,complete,1,25.241000,25.192521,25.474886,6
1,1,256,256,complete,1,5.457292,5.417458,5.498334,25
1,1,256,1024,unblocked,1,5.132709,5.093666,5.155708,25
1,1,512,64,unblocked,1,3.093583,3.028417,3.299833,25
1,16,512,128,unblocked,1,9.756271,9.639145,9.841896,16
1,64,256,512,unblocked,1,40.720208,40.682333,41.075291,5
1,16,320,320,unblocked,1,13.137083,12.993574,13.174406,12
1,1,128,512,unblocked,1,1.919000,1.819000,2.306792,25
1,16,512,256,complete,1,17.531708,17.497375,17.570333,9
1,64,1024,64,unblocked,1,88.873583,88.508167,89.393958,5
1,1,576,576,complete,1,13.960791,13.874416,14.009167,11
1,4,128,1024,complete,1,17.908542,17.472833,18.319375,9
1,4,640,640,reduced,1,23.772208,23.670333,24.333979,7
1,16,512,1024,complete,1,51.945792,51.848917,53.482292,5
1,4,32,512,complete,1,8.413917,8.303209,8.604292,17
1,1,128,128,complete,1,2.844208,2.771667,3.910792,25
1,4,256,16,reduced,1,1.562792,1.530333,1.586416,25
1,4,576,576,complete,1,21.482958,19.377562,24.583688,7
1,64,512,128,unblocked,1,39.768250,37.675458,41.031000,5
1,16,1024,128,unblocked,1,45.051542,42.124042,46.902625,5
1,64,512,1024,complete,1,229.899500,218.679541,233.439083,5
1,16,32,512,complete,1,10.542583,10.507959,10.635292,15
1,4,32,128,complete,1,2.351417,2.281708,2.688125,25
1,64,640,640,reduced,1,213.600792,209.584917,217.312250,5
1,16,16,256,complete,1,5.415209,5.330500,5.526583,25
1,4,256,1024,unblocked,1,6.327834,5.982229,6.772437,23
1,4,1024,256,unblocked,1,23.659334,23.363500,25.194479,7
1,1,512,512,unblocked,1,12.595729,12.467344,12.773948,12
1,4,448,448,unblocked,1,10.715625,10.680968,10.901844,14
1,4,1024,64,unblocked,1,10.938771,10.907510,11.074135,14
1,64,32,512,reduced,1,5.598750,5.051708,5.845625,25
1,1,16,256,unblocked,1,0.459459,0.444416,0.494833,25
1,1,512,256,unblocked,1,7.125833,7.083084,7.278000,21
1,4,512,256,complete,1,8.247583,8.184303,8.333875,18
1,4,16,256,reduced,1,1.405625,1.322041,1.421500,25
1,16,64,1024,complete,1,21.880917,21.717229,21.991437,7
1,4,640,640,unblocked,1,24.257083,24.222604,24.273229,7
1,16,1024,1024,unblocked,1,266.137042,252.005459,268.785500,5
1,4,1024,64,complete,1,5.150334,5.014209,5.474959,25
1,64,16,256,unblocked,1,2.226709,2.011000,2.307333,25
1,4,512,256,unblocked,1,7.996750,7.888979,8.252896,19
1,4,64,2048,complete,1,32.799750,32.737000,41.036959,5
1,1,1024,512,reduced,1,26.703479,25.928719,27.252084,6
1,4,2048,64,complete,1,16.034000,15.978583,16.249792,9
1,4,64,2048,reduced,1,3.713834,3.455458,4.027375,25
1,1,576,576,unblocked,1,17.475209,17.449084,17.621750,9
1,64,512,32,reduced,1,5.707916,5.650625,5.891125,25
1,64,64,256,complete,1,21.442292,21.382001,21.582980,7
1,64,256,16,unblocked,1,2.190625,2.136000,2.383709,25
1,16,128,128,reduced,1,4.023958,3.840750,4.241625,25
1,1,384,384,unblocked,1,7.489291,7.291042,7.604667,21
1,64,1024,64,complete,1,55.688958,55.576250,57.470291,5
1,4,128,1024,reduced,1,4.095333,3.767791,4.422000,25
1,1,2048,64,reduced,1,4.108500,4.080125,4.238541,25
1,4,64,512,reduced,1,2.197333,1.918208,2.385417,25
1,64,128,512,reduced,1,18.721979,18.620552,19.228917,8
1,16,8,8,unblocked,1,0.329292,0.321959,0.345875,25
1,16,512,128,reduced,1,6.004458,5.958417,6.063750,25
1,1,1024,64,reduced,1,2.484875,2.463792,2.733958,25
1,64,384,384,complete,1,75.808708,74.634708,76.717167,5
1,16,64,256,unblocked,1,2.116958,1.959625,2.425500,25
1,64,448,448,reduced,1,93.083167,92.291083,93.234292,5
1,4,1024,64,reduced,1,2.685542,2.623500,3.033500,25
1,4,320,320,reduced,1,7.857750,7.812688,7.878896,19
1,4,128,2048,unblocked,1,4.033542,3.900250,4.286416,25
1,1,320,320,unblocked,1,5.182958,5.147125,5.224042,25
1,16,256,16,unblocked,1,1.037209,1.002667,1.055667,25
1,16,128,32,unblocked,1,1.085833,1.068292,1.096750,25
1,16,256,64,unblocked,1,2.393833,2.150209,2.425791,25
1,4,2048,64,unblocked,1,42.458708,41.865334,42.486542,5
1,1,1024,64,complete,1,2.956500,2.908333,3.076417,25
1,4,320,320,complete,1,8.006000,7.926188,8.110021,19
1,1,512,64,complete,1,2.097542,1.934542,2.582459,25
1,16,16,256,reduced,1,1.498916,1.365584,1.650583,25
1,1,64,2048,unblocked,1,1.454292,1.383000,1.664833,25
1,16,2048,64,reduced,1,9.403146,9.224500,9.573146,16
1,1,512,512,complete,1,12.008083,11.969792,12.124583,13
1,4,512,512,complete,1,15.213354,15.202875,15.230896,10
1,4,128,2048,complete,1,33.536500,33.471625,33.591875,5
1,4,32,512,reduced,1,1.002750,0.991291,1.023500,25
1,4,128,1024,unblocked,1,2.803958,2.684833,2.913166,25
1,4,576,576,unblocked,1,18.744896,18.664813,18.856479,8
1,16,1024,64,reduced,1,4.746625,4.668667,4.897917,25
1,1,32,32,complete,1,1.039084,1.010625,1.229875,25
1,64,448,448,unblocked,1,109.286416,108.546416,116.162333,5
1,16,128,2048,complete,1,46.856833,46.855708,46.903292,5
1,4,128,512,reduced,1,3.104167,3.092792,3.146750,25
1,1,64,64,complete,1,1.719542,1.477875,1.862375,25
1,4,512,32,reduced,1,1.484333,1.431500,1.778167,25
1,1,576,576,reduced,1,13.870542,13.834395,13.952209,11
1,1,256,16,complete,1,1.233042,1.077208,1.267625,25
1,4,64,1024,reduced,1,2.235208,2.165583,2.451875,25
1,1,32,512,reduced,1,1.367834,1.148916,1.383334,25
1,4,512,128,complete,1,4.261667,4.225833,4.319666,25
1,16,576,576,reduced,1,40.044625,40.013125,40.065291,5
1,1,32,128,complete,1,2.225000,2.183167,2.479708,25
1,64,32,512,unblocked,1,4.005167,3.832250,4.337459,25
1,1,64,512,complete,1,8.006958,7.949563,8.059501,19
1,16,64,64,complete,1,3.483583,2.685375,3.640250,25
1,1,64,1024,complete,1,21.123209,21.044802,21.233250,8
1,16,1024,64,unblocked,1,21.264521,20.973115,21.559666,8
1,64,1024,128,reduced,1,42.513542,42.441125,42.579291,5
1,4,768,768,unblocked,1,37.918583,37.578792,38.346167,5
1,1,64,64,reduced,1,1.392958,1.372083,1.437709,25
1,1,2048,64,complete,1,6.603042,6.535563,6.688270,23
1,4,128,2048,reduced,1,5.106834,4.949167,5.420250,25
1,16,8,8,reduced,1,1.166875,1.154208,1.258459,25
1,64,32,128,reduced,1,3.329584,3.291375,3.426709,25
1,64,32,128,unblocked,1,2.303500,2.103958,2.403709,25
1,4,256,512,unblocked,1,4.333833,4.307666,4.646125,25
1,4,1024,256,complete,1,18.426000,17.614271,19.411896,8
1,1,2048,128,complete,1,12.718187,12.563115,12.928083,12
1,1,640,640,reduced,1,16.208833,16.146896,16.418844,10
1,1,256,256,reduced,1,5.414125,5.374125,5.430959,25
1,64,256,16,reduced,1,3.799584,3.748541,3.861625,25
1,64,384,384,unblocked,1,73.604458,73.579459,79.581125,5
1,16,256,512,reduced,1,10.790604,10.736760,10.834115,14
1,4,512,64,complete,1,2.297541,2.274625,2.521125,25
1,1,32,512,unblocked,1,0.604625,0.592292,0.617791,25
1,16,512,256,reduced,1,13.606167,13.517667,13.655323,12
1,1,128,32,reduced,1,0.949500,0.896208,0.960500,25
1,16,128,512,unblocked,1,4.229666,4.150084,4.347541,25
1,1,640,640,unblocked,1,21.445208,21.417396,21.450333,7
1,1,1024,128,reduced,1,4.352208,4.326667,4.380083,25
1,16,320,320,reduced,1,13.020125,12.955792,13.077156,12
1,16,2048,128,unblocked,1,149.995291,149.813042,150.260208,5
1,4,2048,64,reduced,1,5.202375,5.084375,5.305000,25
1,64,512,32,unblocked,1,12.543625,12.234541,12.619958,13
1,16,64,1024,reduced,1,4.086833,3.901958,4.600542,25
1,4,256,16,complete,1,1.323166,1.309375,1.611875,25
1,64,640,640,unblocked,1,270.124709,267.735583,273.519834,5
1,16,384,384,unblocked,1,18.019500,17.966042,18.115083,9
1,64,1024,256,unblocked,1,307.937875,307.622625,308.373833,5
1,16,1024,512,unblocked,1,137.094291,135.832416,137.532791,5
1,4,1024,512,reduced,1,25.896292,25.288000,26.334739,6
1,4,512,512,reduced,1,14.870604,14.751219,15.016417,10
1,64,1024,512,complete,1,347.631416,338.764875,360.662375,5
1,1,512,256,reduced,1,6.314458,6.290938,6.340625,24
1,1,8,8,reduced,1,0.992709,0.858625,1.233208,25
1,16,128,1024,reduced,1,8.053250,7.820833,8.645646,19
1,1,64,256,complete,1,4.262542,4.223833,4.288708,25
1,1,768,768,complete,1,20.054292,19.996667,20.085521,8
1,16,512,256,unblocked,1,19.731521,19.388042,19.990271,8
1,16,512,1024,reduced,1,41.182208,41.182125,41.434292,5
1,1,512,128,complete,1,3.449416,3.427750,3.479041,25
1,1,2048,128,reduced,1,8.068959,8.061833,8.100459,19
1,4,128,32,reduced,1,0.987750,0.967542,1.379208,25
1,4,448,448,complete,1,12.351875,12.312458,12.450042,13
1,4,256,256,reduced,1,5.918541,5.882125,5.983250,25
1,16,128,128,complete,1,3.597250,3.567917,3.863042,25
1,1,8,8,unblocked,1,0.364458,0.349875,0.377958,25
1,4,512,128,reduced,1,3.683166,3.656625,3.725167,25
1,1,1024,128,unblocked,1,12.156084,12.102042,12.202958,13
1,1,448,448,reduced,1,10.276416,10.239625,10.297084,15
1,1,16,256,reduced,1,0.863625,0.820041,0.923000,25
1,16,320,320,complete,1,13.553083,13.428188,13.638885,12
1,64,256,1024,reduced,1,56.318583,56.217000,56.590208,5
1,4,128,32,unblocked,1,0.705166,0.697292,0.712042,25
1,16,1024,512,complete,1,87.590041,87.389708,93.786250,5
1,1,128,1024,reduced,1,3.104667,3.069541,3.149584,25
1,16,32,128,complete,1,2.784208,2.762542,2.879750,25
1,1,128,2048,unblocked,1,2.568667,2.479667,2.916250,25
1,16,64,512,reduced,1,3.059375,2.827042,3.392417,25
1,16,1024,128,reduced,1,10.621334,10.591021,10.706291,15
1,64,16,256,reduced,1,3.488791,3.416750,3.652833,25
1,4,640,640,complete,1,22.542167,22.478083,22.604708,7
1,4,128,32,complete,1,0.906458,0.888083,0.955792,25
1,16,1024,256,reduced,1,25.869000,25.769979,26.058709,6
1,64,64,512,reduced,1,8.843875,8.764250,8.968333,17
1,16,128,1024,unblocked,1,6.740875,6.472073,7.381729,22
1,4,64,512,complete,1,8.285875,8.246854,8.340250,19
1,4,320,320,unblocked,1,5.576166,5.537375,5.623417,25
1,16,32,32,unblocked,1,0.559708,0.547917,0.611625,25
1,1,64,1024,unblocked,1,1.428583,1.416792,1.446334,25
1,64,128,32,complete,1,3.650375,3.623958,3.709458,25
1,1,256,512,unblocked,1,3.951625,3.922125,4.021000,25
1,64,64,512,complete,1,41.439167,41.407208,41.449375,5
1,4,512,32,complete,1,1.424250,1.407750,1.434375,25
1,16,256,1024,unblocked,1,15.275208,14.549635,16.333646,10
1,1,448,448,complete,1,10.253917,10.205917,10.298938,15
1,4,64,1024,complete,1,16.293333,16.282480,16.344594,10
1,4,32,128,unblocked,1,0.475750,0.474959,0.479625,25
1,16,128,2048,unblocked,1,9.255333,9.049677,9.720469,16
1,16,512,512,unblocked,1,36.579792,35.268125,37.605125,5
1,16,512,64,unblocked,1,5.365542,5.295917,5.789958,25
1,16,32,512,reduced,1,1.701458,1.637875,2.028000,25
1,1,32,32,reduced,1,1.010541,0.998667,1.223208,25
1,64,32,128,complete,1,11.120666,10.472375,11.208260,14
1,64,16,256,complete,1,20.905770,20.728938,21.123438,8
1,16,64,2048,unblocked,1,3.949750,3.859042,4.034834,25
1,1,1024,512,unblocked,1,39.593542,38.699041,41.031625,5
1,16,32,128,unblocked,1,0.568584,0.547958,0.591541,25
1,1,512,64,reduced,1,1.852625,1.792958,2.025917,25
1,64,768,768,unblocked,1,454.916958,453.876959,457.757459,5
1,64,128,512,unblocked,1,15.211292,15.127146,15.233479,10
1,16,64,2048,reduced,1,5.786917,5.415916,5.985667,25
1,64,512,128,reduced,1,23.844625,23.813105,23.968146,7
1,16,32,128,reduced,1,1.071708,0.996708,1.091750,25
1,4,256,64,unblocked,1,1.549417,1.446375,1.811125,25
1,4,128,512,complete,1,8.869709,8.828292,8.913209,17
1,16,256,512,unblocked,1,9.909209,9.851312,10.031938,15
1,16,256,64,reduced,1,2.394417,2.154833,2.773291,25
1,1,512,32,complete,1,1.398334,1.286166,1.665875,25
1,64,256,64,reduced,1,8.321084,8.035854,8.520000,19
1,16,32,32,reduced,1,1.299792,1.242584,1.485292,25
1,16,1024,256,unblocked,1,74.834333,73.369958,77.191167,5
1,4,32,512,unblocked,1,0.553750,0.521625,0.562875,25
1,64,640,640,complete,1,192.353583,191.282917,193.599208,5
1,16,384,384,reduced,1,18.371917,18.131458,18.485500,9
1,1,128,128,unblocked,1,1.554709,1.472500,1.839583,25
1,64,256,64,complete,1,9.690397,9.586885,9.729615,16
1,16,128,512,reduced,1,4.796292,4.747125,5.140125,25
1,64,512,64,unblocked,1,19.527062,19.064208,21.087458,8
1,16,512,512,reduced,1,45.901375,39.590000,47.811875,5
1,1,1024,512,complete,1,17.429833,17.311666,19.097250,9
1,64,64,1024,reduced,1,13.562209,12.741250,14.163479,12
1,16,64,64,reduced,1,3.127000,2.940417,3.665167,25
1,16,2048,64,unblocked,1,115.430416,109.068292,115.963750,5
1,16,256,256,reduced,1,10.254083,10.007416,10.325499,15
1,4,1024,128,complete,1,9.823271,9.434562,10.128271,16
1,16,64,256,complete,1,5.898084,5.845375,6.012709,25
1,16,128,2048,reduced,1,11.032667,10.758010,11.256761,14
1,64,512,256,reduced,1,57.901208,57.660416,58.106542,5
1,16,512,32,reduced,1,1.921583,1.821708,2.063625,25
1,4,64,256,unblocked,1,1.357500,1.325791,1.437458,25
1,1,128,2048,reduced,1,4.444500,4.251437,4.950895,23
1,64,512,256,complete,1,69.017041,68.454875,69.449584,5
1,64,64,512,unblocked,1,8.350979,7.797636,9.609010,18
1,1,256,512,complete,1,9.367355,9.335438,9.422990,16
1,1,128,32,complete,1,0.991291,0.953458,1.102375,25
1,4,256,64,complete,1,1.849333,1.762083,1.952791,25
1,16,1024,128,complete,1,25.887083,25.233323,26.318406,6
1,16,576,576,complete,1,41.786333,40.863667,41.847000,5
1,1,1024,1024,reduced,1,31.674625,31.670375,32.726875,5
1,1,128,512,reduced,1,2.918166,2.892833,3.331500,25
1,1,768,768,reduced,1,21.221417,20.779270,21.524855,8
1,64,320,320,unblocked,1,52.484125,51.170250,53.702666,5
1,1,384,384,reduced,1,8.758792,8.631042,9.505708,17
1,4,256,256,complete,1,6.225958,6.177479,6.401584,24
1,1,256,64,complete,1,2.126958,1.816125,2.279583,25
1,64,64,256,unblocked,1,6.557541,6.035042,7.261520,23
1,4,384,384,complete,1,10.377000,10.191542,10.572541,15
1,16,256,1024,reduced,1,15.769812,15.642885,16.125636,10
1,64,512,64,complete,1,19.109854,18.518073,19.736063,8
1,4,256,64,reduced,1,1.823459,1.723125,1.913625,25
1,64,256,512,complete,1,62.690000,62.577250,63.086708,5
1,16,128,32,reduced,1,1.175792,1.145500,1.359125,25
1,4,384,384,reduced,1,10.713666,10.086917,10.990229,15
1,64,320,320,complete,1,53.403417,53.342167,53.493833,5
1,16,64,256,reduced,1,2.731166,2.598042,3.060541,25
1,1,32,512,complete,1,7.921667,7.825979,7.977645,19
1,16,1024,1024,complete,1,158.908958,158.475250,159.164125,5
1,4,256,512,reduced,1,6.719812,6.549323,7.155917,22
1,64,64,256,reduced,1,7.414792,7.299989,7.545782,20
1,4,384,384,unblocked,1,7.975750,7.931292,8.028626,19
1,16,768,768,unblocked,1,103.716625,101.842459,105.295375,5
1,1,128,128,reduced,1,2.699125,2.674792,2.849542,25
1,1,256,512,reduced,1,5.710834,5.667542,5.778041,25
1,4,512,1024,reduced,1,18.133125,17.876792,18.161333,9
1,16,256,16,complete,1,1.829250,1.594750,1.860250,25
1,16,448,448,unblocked,1,27.362354,26.713760,27.834854,6
1,1,1024,256,reduced,1,8.569833,8.546000,8.643916,18
1,16,64,2048,complete,1,44.167583,43.978084,44.214209,5
1,1,256,1024,complete,1,17.139541,17.108000,17.150292,9
1,1,2048,128,unblocked,1,43.977125,43.906416,44.048875,5
1,64,512,1024,reduced,1,161.052459,160.578334,161.271958,5
1,1,256,64,reduced,1,1.718458,1.571250,1.815708,25
1,4,64,1024,unblocked,1,1.619375,1.563042,1.646959,25
1,4,64,2048,unblocked,1,2.035125,2.013917,2.099250,25
1,16,64,1024,unblocked,1,3.502417,3.436625,3.526834,25
1,1,320,320,complete,1,7.100791,7.047593,7.171385,22
1,1,512,128,unblocked,1,4.110833,4.071083,4.151083,25
1,1,384,384,complete,1,8.620583,8.588146,8.658260,18
1,16,1024,1024,reduced,1,167.781959,167.411500,169.238208,5
1,1,64,2048,reduced,1,2.435083,2.221083,2.650583,25
1,16,32,512,unblocked,1,1.457542,1.402209,1.492708,25
1,1,32,128,reduced,1,1.286000,1.262958,1.330625,25
1,16,64,512,unblocked,1,2.786750,2.731542,2.815875,25
1,4,512,256,reduced,1,7.572000,7.361407,7.816031,20
1,16,512,512,complete,1,32.581000,32.373875,32.732833,5
1,16,256,16,reduced,1,1.498375,1.359375,1.819792,25
1,4,16,256,complete,1,4.131917,4.110584,4.163667,25
1,64,256,512,reduced,1,43.328333,43.302584,43.494500,5
1,16,768,768,complete,1,81.409792,81.257958,82.254125,5
1,1,64,512,unblocked,1,1.023000,0.920416,1.277167,25
1,64,128,32,reduced,1,3.502584,3.463916,3.589458,25
1,16,256,256,unblocked,1,8.106667,8.015958,8.261041,19
1,4,512,128,unblocked,1,4.766542,4.658688,5.232448,22
1,1,256,1024,reduced,1,9.886083,9.201500,10.576396,16
1,1,768,768,unblocked,1,34.552709,34.405375,37.804250,5
1,64,320,320,reduced,1,56.329958,55.802333,56.930333,5
1,4,512,1024,unblocked,1,20.286313,20.032073,20.659177,8
1,64,1024,512,reduced,1,272.462166,270.994041,279.355750,5
1,1,64,256,reduced,1,1.638625,1.525750,1.912917,25
1,16,512,64,complete,1,4.857042,4.808417,4.944125,25
1,1,2048,64,unblocked,1,35.367292,35.318750,35.375541,5
1,16,32,32,complete,1,0.935708,0.920458,0.980791,25
1,16,256,512,complete,1,15.965625,15.889271,16.025198,10
1,1,512,32,reduced,1,1.190459,1.094958,1.207417,25
1,1,1024,256,unblocked,1,20.367166,20.336438,20.390917,8
1,4,448,448,reduced,1,12.303417,12.247084,12.354417,13
1,16,512,128,complete,1,9.120125,9.096333,9.266000,17
1,16,8,8,complete,1,1.162833,1.051584,1.385250,25
1,1,8,8,complete,1,1.231667,1.214542,1.250875,25
1,1,1024,1024,unblocked,1,68.002083,67.875833,68.196583,5
1,64,576,576,unblocked,1,204.298958,203.145708,210.467292,5
1,1,256,64,unblocked,1,1.491958,1.462625,1.783250,25
1,64,1024,256,complete,1,178.647750,178.420292,179.558042,5
1,1,64,256,unblocked,1,0.858583,0.809125,0.871417,25
1,4,1024,128,unblocked,1,14.143292,14.005520,14.195042,11
1,1,512,1024,reduced,1,12.639188,12.624906,12.657854,12
1,4,512,64,reduced,1,2.087334,1.900625,2.142500,25
1,4,256,256,unblocked,1,3.641750,3.613875,3.710667,25
1,1,256,16,unblocked,1,1.198791,0.999375,1.218625,25
1,4,768,768,complete,1,31.265083,31.258125,31.541541,5
1,64,1024,128,complete,1,95.033000,94.577958,96.820625,5
1,16,256,1024,complete,1,29.005730,28.929886,29.079104,6
1,1,128,512,complete,1,8.373770,8.340041,8.403761,18
1,16,512,1024,unblocked,1,51.704542,51.427834,52.412709,5
1,16,16,256,unblocked,1,0.566750,0.549792,0.617792,25
1,4,64,512,unblocked,1,1.365833,1.352458,1.381792,25
1,64,448,448,complete,1,90.904458,90.497833,91.306750,5
1,1,448,448,unblocked,1,9.607313,9.592510,9.622625,16
1,64,64,1024,unblocked,1,9.231792,9.046354,9.491937,16
1,64,1024,64,reduced,1,18.305875,18.241084,18.415250,9
1,16,1024,512,reduced,1,64.251583,64.229458,64.294125,5
1,1,256,256,unblocked,1,3.398208,3.373375,3.453458,25
1,64,768,768,reduced,1,290.050458,289.064334,290.062083,5
1,1,32,128,unblocked,1,0.579625,0.571042,0.616125,25
1,1,512,128,reduced,1,3.313125,3.287416,3.331833,25
1,64,512,128,complete,1,33.063167,33.029334,33.174792,5
1,64,256,1024,unblocked,1,58.882583,58.484542,62.571208,5
1,16,128,512,complete,1,12.265584,12.172500,12.392166,13
1,1,1024,64,unblocked,1,9.468250,9.365323,9.516365,16
1,64,1024,128,unblocked,1,160.239959,150.805791,185.517333,5
1,16,768,768,reduced,1,77.107458,76.825250,77.126375,5
1,16,2048,128,complete,1,93.405459,93.344583,93.638625,5
1,64,128,512,complete,1,46.494292,46.454791,46.670625,5
1,64,256,64,unblocked,1,5.572333,5.487667,5.701375,25
1,16,128,128,unblocked,1,2.351458,2.300292,2.481042,25
1,64,384,384,reduced,1,69.726500,69.652375,69.859250,5
1,64,128,1024,complete,1,93.044958,91.355250,95.391333,5
1,64,256,1024,complete,1,112.496291,112.325750,112.908208,5
1,1,64,64,unblocked,1,1.194666,0.942083,1.224583,25
1,1,64,1024,reduced,1,1.772875,1.743834,2.009666,25
1,16,640,640,complete,1,51.581875,51.437583,51.699709,5
1,64,1024,256,reduced,1,100.115459,99.951292,100.145500,5
1,16,512,64,reduced,1,3.117417,2.894042,3.266791,25
1,64,512,512,unblocked,1,138.966709,137.831792,142.502875,5
1,4,1024,128,reduced,1,5.037667,4.999667,5.088708,25
1,64,512,256,unblocked,1,76.859708,76.848833,77.166667,5
1,16,2048,64,complete,1,47.230334,47.063375,47.317625,5
1,16,512,32,unblocked,1,3.825000,3.788334,3.863000,25
1,4,512,1024,complete,1,25.906896,25.895104,25.967469,6
1,64,256,256,unblocked,1,32.013500,31.732958,32.032166,5
1,4,1024,256,reduced,1,10.549625,10.246250,10.853146,15
1,1,512,512,reduced,1,11.990541,11.950834,12.066417,13
1,64,512,1024,unblocked,1,214.580583,208.670541,217.041167,5
1,4,576,576,reduced,1,19.284062,18.346385,19.815739,8
1,16,384,384,complete,1,19.791604,18.893510,19.982937,8
1,1,256,16,reduced,1,1.043209,0.991166,1.095542,25
1,1,1024,128,complete,1,4.960959,4.919917,5.050125,25
1,64,1024,512,unblocked,1,589.384583,554.731459,603.543292,5
1,64,512,32,complete,1,11.011521,10.536948,12.572760,14
1,1,128,32,unblocked,1,0.787667,0.758667,1.004208,25
1,64,576,576,complete,1,173.119166,155.780709,182.088250,5
0,4,448,128,reduced,1,3.630208,3.592042,3.694500,25
0,1,192,512,unblocked,1,2.777209,2.744000,2.839917,25
0,1,128,256,reduced,1,2.790083,2.773458,2.830375,25
0,16,512,256,reduced,1,14.249542,14.037270,14.461104,11
0,1,384,16,reduced,1,1.367542,1.321875,1.515542,25
0,1,320,64,reduced,1,1.737375,1.721958,1.998167,25
0,64,320,512,reduced,1,67.599875,66.600375,67.712250,5
0,64,448,512,unblocked,1,124.649958,121.665041,130.076792,5
0,4,192,128,unblocked,1,2.169958,2.042208,2.384791,25
0,64,512,512,reduced,1,132.925416,129.957750,133.144625,5
0,4,512,128,unblocked,1,4.635791,4.588667,4.691125,25
0,1,320,16,unblocked,1,1.347125,1.289500,1.559584,25
0,16,512,16,unblocked,1,2.700750,2.593708,2.762333,25
0,16,512,16,reduced,1,1.949208,1.891458,2.019416,25
0,1,128,16,unblocked,1,0.726125,0.711791,0.748209,25
0,1,256,32,reduced,1,1.191541,1.184500,1.435667,25
0,4,320,64,reduced,1,1.970625,1.800000,2.097583,25
0,64,384,128,reduced,1,21.374708,21.104146,21.590823,8
0,16,448,256,reduced,1,12.847751,12.722646,13.276927,12
0,64,384,256,reduced,1,46.490834,45.851167,47.165875,5
0,64,256,256,unblocked,1,33.585833,32.899750,33.605959,5
0,4,512,256,reduced,1,7.489375,7.404240,7.634989,20
0,4,320,16,reduced,1,1.373083,1.322125,1.621042,25
0,1,448,256,unblocked,1,6.387750,6.283062,6.542833,19
0,16,448,16,unblocked,1,2.306084,2.157125,2.574959,25
0,4,448,16,reduced,1,1.478458,1.450958,1.756083,25
0,4,192,64,unblocked,1,1.552959,1.530959,1.796417,25
0,1,256,512,reduced,1,5.789750,5.760292,5.826333,25
0,4,128,512,unblocked,1,2.422000,2.212042,2.483000,25
0,4,192,32,reduced,1,1.459833,1.252208,1.503292,25
0,4,320,32,unblocked,1,1.649333,1.484958,1.930917,25
0,64,640,16,unblocked,1,11.596333,11.323125,11.891000,13
0,64,256,32,reduced,1,4.094583,4.053875,4.253375,25
0,16,320,32,unblocked,1,2.147458,2.114834,2.477375,25
0,64,128,64,unblocked,1,3.321750,3.197500,3.392417,25
0,4,256,64,unblocked,1,1.658333,1.597750,1.914375,25
0,4,128,16,reduced,1,1.408292,1.242084,1.459084,25
0,4,192,512,reduced,1,4.973625,4.923916,5.108750,25
0,64,128,256,unblocked,1,13.310271,13.130990,13.488615,12
0,64,640,16,reduced,1,5.991250,5.955708,6.056791,25
0,4,320,512,unblocked,1,6.614541,6.556604,6.829896,23
0,1,640,256,reduced,1,7.015667,6.962511,7.085406,22
0,1,384,512,unblocked,1,7.937292,7.919771,8.064438,19
0,1,256,64,unblocked,1,1.555500,1.484375,1.797709,25
0,1,192,32,reduced,1,1.342792,1.208125,1.485709,25
0,1,320,128,reduced,1,3.133167,3.112083,3.170958,25
0,1,192,128,reduced,1,2.868375,2.838875,2.919208,25
0,16,384,512,unblocked,1,21.533916,21.465834,21.765542,7
0,16,512,512,reduced,1,32.553959,31.974250,32.601250,5
0,1,384,128,reduced,1,3.200708,3.186042,3.265584,25
0,1,192,64,unblocked,1,1.487500,1.386083,1.763917,25
0,1,640,16,unblocked,1,2.521125,2.436667,2.673416,25
0,1,512,256,reduced,1,6.469604,6.416520,6.564948,24
0,1,384,512,reduced,1,8.857041,8.819208,8.891208,17
0,1,128,512,unblocked,1,1.867000,1.681875,2.286083,25
0,4,384,128,unblocked,1,3.250834,3.196833,3.343375,25
0,16,640,16,reduced,1,2.123833,2.009292,2.521000,25
0,1,512,128,reduced,1,3.384875,3.371541,3.444750,25
0,64,448,32,unblocked,1,9.257917,8.944417,9.490209,17
0,16,192,16,unblocked,1,1.119125,1.091500,1.213583,25
0,16,640,32,unblocked,1,5.987625,5.926875,6.026083,25
0,4,512,256,unblocked,1,8.066458,7.944792,8.095062,19
0,1,512,512,reduced,1,12.332083,12.205708,12.532291,13
0,1,320,32,unblocked,1,1.845750,1.721750,1.888500,25
0,16,320,512,reduced,1,15.794230,15.592073,15.954156,10
0,16,192,16,reduced,1,1.469750,1.331083,1.759083,25
0,4,640,128,reduced,1,4.129541,4.080583,4.202042,25
0,4,192,16,unblocked,1,0.967041,0.952917,1.006625,25
0,64,256,16,unblocked,1,2.169959,2.103125,2.363791,25
0,64,320,512,unblocked,1,68.255291,61.920583,71.117708,5
0,16,128,16,unblocked,1,0.674167,0.662500,0.706041,25
0,1,320,256,unblocked,1,4.438292,4.391833,4.495458,25
0,4,192,512,unblocked,1,3.306125,3.099500,3.394083,25
0,64,320,32,unblocked,1,4.735625,4.519500,4.942583,25
0,16,384,256,unblocked,1,14.941500,14.355614,15.300427,10
0,4,640,256,reduced,1,8.366791,8.316761,8.596334,18
0,16,640,128,unblocked,1,16.287146,15.915208,16.681271,10
0,64,256,256,reduced,1,37.663875,37.521917,38.504209,5
0,4,192,32,unblocked,1,1.367916,1.297500,1.395333,25
0,4,192,256,reduced,1,4.450917,4.416375,4.506333,25
0,64,512,64,reduced,1,11.563208,11.381240,11.694667,14
0,1,320,16,reduced,1,1.351042,1.335666,1.602542,25
0,1,128,128,unblocked,1,1.620000,1.463000,1.884791,25
0,64,640,512,unblocked,1,226.559416,226.067500,227.529625,5
0,64,384,32,unblocked,1,6.513417,6.314624,6.713083,23
0,64,128,512,unblocked,1,16.399146,15.848198,16.735312,10
0,4,192,16,reduced,1,1.468416,1.417625,1.515125,25
0,4,320,512,reduced,1,8.767812,8.634500,8.848135,18
0,1,128,64,reduced,1,1.705083,1.664875,1.968791,25
0,4,384,16,unblocked,1,1.511125,1.459125,1.703584,25
0,1,192,16,unblocked,1,0.949500,0.924875,0.967667,25
0,16,192,32,reduced,1,1.774500,1.559667,1.836541,25
0,16,640,64,unblocked,1,7.960333,7.863751,8.063438,19
0,1,640,32,unblocked,1,3.722583,3.686458,3.788833,25
0,64,128,64,reduced,1,6.880000,6.836386,6.934770,22
0,1,256,16,reduced,1,1.362458,1.270709,1.546917,25
0,64,448,32,reduced,1,5.146583,5.059792,5.208917,25
0,16,512,64,unblocked,1,5.472417,5.332417,5.541917,25
0,4,448,32,unblocked,1,2.403875,2.274167,2.538750,25
0,4,384,256,unblocked,1,5.793917,5.689084,5.911208,25
0,64,448,512,reduced,1,107.047000,106.825375,107.496708,5
0,16,256,32,reduced,1,1.768834,1.625250,1.939041,25
0,4,320,32,reduced,1,1.600125,1.361959,1.654917,25
0,4,128,256,reduced,1,2.976041,2.934875,3.090416,25
0,1,384,32,reduced,1,1.397708,1.369041,1.619708,25
0,16,320,128,reduced,1,4.985167,4.942166,5.050792,25
0,4,128,128,unblocked,1,1.939166,1.723458,2.048583,25
0,4,128,128,reduced,1,2.830833,2.815000,2.868709,25
0,4,512,32,reduced,1,1.602292,1.487458,1.809833,25
0,4,256,128,reduced,1,3.194125,3.172375,3.213292,25
0,1,320,128,unblocked,1,2.543875,2.535625,2.572208,25
0,4,640,128,unblocked,1,6.870104,6.819604,6.945989,22
0,4,192,128,reduced,1,3.025500,3.005625,3.080791,25
0,64,320,32,reduced,1,4.373708,4.315667,4.563958,25
0,1,512,32,reduced,1,1.502541,1.431666,1.757916,25
0,64,320,128,reduced,1,19.508479,19.306583,19.727948,8
0,4,512,16,reduced,1,1.491417,1.455333,1.745084,25
0,64,128,32,reduced,1,3.519042,3.497625,3.585750,25
0,1,256,32,unblocked,1,1.417917,1.221417,1.641958,25
0,1,256,64,reduced,1,1.720208,1.633625,2.031416,25
0,1,128,32,unblocked,1,0.967459,0.951834,0.998625,25
0,4,640,16,reduced,1,1.584584,1.491875,1.682375,25
0,1,320,512,unblocked,1,5.986000,5.925750,6.046041,25
0,16,448,64,unblocked,1,4.379250,4.342500,4.436500,25
0,1,128,32,reduced,1,1.430250,1.338541,1.444917,25
0,4,448,128,unblocked,1,3.972750,3.921375,4.002375,25
0,64,448,64,unblocked,1,14.864396,14.778458,15.042583,10
0,16,256,128,reduced,1,4.484625,4.399458,4.542333,25
0,4,512,64,reduced,1,2.104333,1.971166,2.624000,25
0,64,192,32,reduced,1,3.802250,3.751583,3.854000,25
0,4,192,64,reduced,1,1.816083,1.660916,2.194125,25
0,64,128,16,reduced,1,3.399083,3.383292,3.438458,25
0,1,640,64,reduced,1,2.040667,2.026541,2.102291,25
0,4,384,128,reduced,1,3.499542,3.452167,3.537333,25
0,4,384,16,reduced,1,1.443333,1.408584,1.651417,25
0,64,640,256,reduced,1,72.423541,71.464042,72.527500,5
0,16,448,512,reduced,1,26.654416,26.326229,27.098729,6
0,16,640,32,reduced,1,1.809041,1.791667,1.837042,25
0,64,384,16,unblocked,1,3.645042,3.602833,3.743667,25
0,64,128,128,unblocked,1,8.124750,7.967812,8.461104,19
0,16,384,64,unblocked,1,3.624625,3.556875,3.751792,25
0,16,512,64,reduced,1,3.256458,3.061083,3.486708,25
0,1,512,64,reduced,1,1.858458,1.828750,2.121000,25
0,16,384,512,reduced,1,20.851042,20.433292,21.165416,8
0,64,192,512,reduced,1,31.238416,30.923792,31.444334,5
0,16,320,32,reduced,1,1.833667,1.653709,2.004875,25
0,16,128,128,unblocked,1,2.900500,2.570125,2.986875,25
0,16,128,128,reduced,1,3.723250,3.678250,3.755625,25
0,16,384,16,unblocked,1,1.976542,1.838792,2.120416,25
0,64,256,128,unblocked,1,12.380292,12.125625,12.836375,13
0,1,128,128,reduced,1,2.719833,2.710667,2.857084,25
0,16,512,32,unblocked,1,3.781333,3.744459,3.807708,25
0,64,384,128,unblocked,1,24.586583,24.109938,25.128292,7
0,1,640,64,unblocked,1,4.429375,4.355500,4.530292,25
0,16,448,512,unblocked,1,30.319792,30.268000,30.633167,5
0,1,320,64,unblocked,1,1.803792,1.768917,2.069125,25
0,1,320,512,reduced,1,7.310167,7.219833,7.350500,21
0,16,256,64,unblocked,1,2.404792,2.250041,2.441125,25
0,64,256,64,reduced,1,8.299375,8.232667,8.446875,19
0,16,256,16,reduced,1,1.597542,1.543291,1.859958,25
0,4,128,256,unblocked,1,2.154542,2.124333,2.205417,25
0,64,640,64,reduced,1,13.541459,13.373687,14.022563,11
0,16,448,256,unblocked,1,17.077500,16.385916,17.232125,9
0,64,384,512,unblocked,1,89.359667,88.417375,89.818292,5
0,1,448,256,reduced,1,6.271125,6.245271,6.333521,24
0,4,256,64,reduced,1,1.884583,1.741167,2.131083,25
0,16,384,256,reduced,1,11.508375,11.455000,11.960250,13
0,4,320,256,reduced,1,6.586000,6.529999,6.673103,23
0,64,256,512,unblocked,1,41.164333,40.962917,41.488875,5
0,1,256,16,unblocked,1,0.785625,0.774125,0.792417,25
0,1,512,128,unblocked,1,4.172416,4.151750,4.193333,25
0,16,256,128,unblocked,1,4.120250,4.038334,4.328250,25
0,1,448,16,unblocked,1,1.644916,1.538000,1.910625,25
0,16,128,32,unblocked,1,1.143792,1.123333,1.167750,25
0,64,384,64,unblocked,1,11.376876,11.194375,11.486312,14
0,4,128,64,unblocked,1,1.459667,1.265000,1.489791,25
0,16,320,256,reduced,1,10.730646,10.535021,11.015656,14
0,4,320,16,unblocked,1,1.413292,1.353583,1.647042,25
0,1,640,512,reduced,1,13.364959,13.191583,13.522886,12
0,16,512,512,unblocked,1,39.559708,39.457250,40.531583,5
0,4,448,32,reduced,1,1.153542,1.105834,1.235959,25
0,1,448,512,unblocked,1,10.114916,10.092813,10.171396,15
0,64,320,256,unblocked,1,43.883000,42.656167,43.942166,5
0,16,128,512,unblocked,1,5.074667,4.716584,5.347083,25
0,64,448,128,reduced,1,22.890167,22.815083,23.291646,7
0,64,512,16,reduced,1,5.177375,5.127041,5.239500,25
0,64,640,64,unblocked,1,31.798750,31.042291,31.975583,5
0,16,384,64,reduced,1,2.929542,2.810333,3.153208,25
0,64,320,256,reduced,1,44.128167,43.239458,45.150042,5
0,1,256,128,reduced,1,3.005292,2.983333,3.053208,25
0,16,320,512,unblocked,1,15.605063,15.106615,16.015042,10
0,4,320,128,unblocked,1,2.781584,2.761958,2.840917,25
0,64,384,16,reduced,1,4.380875,4.351875,4.498125,25
0,64,128,128,reduced,1,14.227542,14.077667,14.393083,11
0,16,448,64,reduced,1,3.064167,2.991500,3.319583,25
0,64,448,256,reduced,1,53.161125,52.578833,54.296541,5
0,1,640,256,unblocked,1,10.296542,10.237896,10.328021,15
0,16,256,256,reduced,1,9.400354,9.317792,9.759250,16
0,4,640,512,unblocked,1,21.182875,20.939906,21.543291,8
0,1,128,512,reduced,1,2.911417,2.898042,2.951042,25
0,16,192,128,reduced,1,4.158250,4.108083,4.206542,25
0,4,640,16,unblocked,1,2.723709,2.704875,2.760667,25
0,1,192,16,reduced,1,1.346833,1.194666,1.425916,25
0,16,640,512,unblocked,1,57.564375,56.706167,58.761333,5
0,4,256,32,reduced,1,1.486042,1.285625,1.544791,25
0,1,384,128,unblocked,1,2.973292,2.955083,3.004292,25
0,1,320,32,reduced,1,1.409208,1.274000,1.561625,25
0,1,448,32,reduced,1,1.459042,1.403750,1.527166,25
0,64,320,64,reduced,1,9.061292,8.847500,9.187334,17
0,64,512,64,unblocked,1,19.945750,19.722031,20.468656,8
0,16,128,64,reduced,1,2.151708,2.089959,2.519625,25
0,16,384,16,reduced,1,1.714416,1.676083,2.008834,25
0,4,448,64,reduced,1,2.184250,2.120625,2.384417,25
0,64,448,16,unblocked,1,4.905042,4.827041,5.009750,25
0,16,128,16,reduced,1,1.497917,1.396041,1.686042,25
0,1,384,256,unblocked,1,5.310500,5.280958,5.335125,25
0,64,128,16,unblocked,1,1.065084,0.930250,1.096042,25
0,4,448,512,unblocked,1,11.481855,11.339666,11.712979,14
0,1,256,512,unblocked,1,4.045458,4.010875,4.067833,25
0,16,256,16,unblocked,1,1.481959,1.372250,1.514542,25
0,16,640,128,reduced,1,8.170042,8.095730,8.445187,19
0,4,192,256,unblocked,1,2.876042,2.698667,3.044625,25
0,4,640,32,reduced,1,1.624667,1.579416,1.831917,25
0,16,256,512,reduced,1,11.465125,11.240490,11.809969,14
0,1,448,128,reduced,1,3.354500,3.342041,3.455792,25
0,4,256,256,unblocked,1,3.789250,3.739916,3.849166,25
0,1,192,128,unblocked,1,1.979792,1.751375,2.364042,25
0,4,320,128,reduced,1,3.379125,3.343750,3.406292,25
0,64,448,16,reduced,1,4.738625,4.680500,4.832333,25
0,1,192,32,unblocked,1,1.320125,1.169042,1.361500,25
0,4,512,512,unblocked,1,14.308916,14.021791,14.537062,11
0,64,384,32,reduced,1,4.783666,4.721166,4.828833,25
0,64,512,256,reduced,1,58.992667,58.597542,59.426875,5
0,16,320,16,reduced,1,1.642625,1.528875,1.834667,25
0,4,128,32,reduced,1,1.435958,1.393375,1.483291,25
0,16,192,64,unblocked,1,2.246250,1.986250,2.312750,25
0,16,384,32,reduced,1,1.861792,1.813625,2.035959,25
0,16,384,32,unblocked,1,2.511750,2.492125,2.579625,25
0,64,256,64,unblocked,1,5.887041,5.775459,5.987041,25
0,16,192,512,unblocked,1,8.447250,8.334854,8.873333,18
0,16,192,32,unblocked,1,1.631209,1.600500,1.684250,25
0,1,448,16,reduced,1,1.447792,1.405792,1.719791,25
0,4,384,256,reduced,1,6.826917,6.775375,6.915886,22
0,1,320,256,reduced,1,5.872958,5.835875,5.931209,25
0,1,384,256,reduced,1,6.131958,6.081791,6.162666,25
0,4,640,256,unblocked,1,11.581375,11.458417,11.685917,13
0,64,320,64,unblocked,1,8.333167,8.264010,8.541156,18
0,16,192,256,reduced,1,6.663334,6.576042,6.820208,23
0,16,320,64,unblocked,1,2.928417,2.836291,3.281708,25
0,4,512,64,unblocked,1,3.357916,3.333500,3.385375,25
0,64,640,128,unblocked,1,57.077833,56.051041,57.398583,5
0,64,192,256,reduced,1,26.009916,25.468416,26.539760,6
0,1,384,64,unblocked,1,2.130542,2.115917,2.395500,25
0,4,384,512,reduced,1,10.568250,10.446875,10.679250,15
0,4,384,32,unblocked,1,1.833584,1.794000,2.013584,25
0,1,448,512,reduced,1,10.435500,10.389729,10.529542,15
0,64,192,128,reduced,1,15.884063,15.692365,15.956938,10
0,64,640,128,reduced,1,30.364500,30.244750,30.815583,5
0,4,128,512,reduced,1,3.269709,3.244000,3.486834,25
0,4,512,512,reduced,1,15.210646,15.172437,15.377896,10
0,4,320,64,unblocked,1,1.880750,1.875000,1.889708,25
0,1,192,256,reduced,1,4.127167,4.104041,4.146584,25
0,4,448,64,unblocked,1,2.816125,2.774750,2.864083,25
0,4,384,512,unblocked,1,8.741000,8.707292,8.901584,17
0,64,256,16,reduced,1,3.828875,3.796250,3.849292,25
0,64,128,256,reduced,1,15.917062,15.588979,16.229219,10
0,16,384,128,reduced,1,5.378041,5.287667,5.467750,25
0,16,640,256,reduced,1,17.489000,17.324542,17.907709,9
0,64,320,16,reduced,1,4.096750,4.066834,4.141417,25
0,64,512,32,unblocked,1,13.363604,13.077156,13.478614,12
0,4,448,256,reduced,1,7.111833,7.073708,7.193000,21
0,64,384,512,reduced,1,85.210667,84.490875,85.654250,5
0,16,448,16,reduced,1,1.756792,1.514167,1.882625,25
0,16,512,128,unblocked,1,9.468271,9.271427,9.561437,16
0,64,320,128,unblocked,1,17.480209,16.989709,18.136042,9
0,64,384,64,reduced,1,9.932229,9.855781,9.998750,16
0,1,512,16,unblocked,1,1.726000,1.705417,2.185208,25
0,4,320,256,unblocked,1,4.747459,4.694458,4.836875,25
0,64,384,256,unblocked,1,54.385375,53.346750,56.110125,5
0,64,640,256,unblocked,1,124.889291,124.793708,127.535000,5
0,16,256,32,unblocked,1,1.767834,1.723291,1.979916,25
0,4,640,32,unblocked,1,4.083708,4.057792,4.122583,25
0,4,384,64,unblocked,1,2.310208,2.274959,2.520834,25
0,1,512,256,unblocked,1,7.320167,7.273959,7.342833,21
0,1,512,512,unblocked,1,12.700813,12.654625,12.786479,12
0,1,512,32,unblocked,1,2.548917,2.529459,2.727375,25
0,64,192,512,unblocked,1,27.891354,27.554907,28.564552,6
0,64,192,128,unblocked,1,9.737833,9.493938,9.936167,16
0,1,448,64,unblocked,1,2.623084,2.583500,2.681542,25
0,16,448,32,reduced,1,2.011833,1.846917,2.209708,25
0,16,128,64,unblocked,1,1.676500,1.490416,1.696209,25
0,4,640,64,unblocked,1,5.050208,5.024292,5.082792,25
0,64,512,128,unblocked,1,37.956792,37.206541,39.074166,5
0,1,448,64,reduced,1,1.782125,1.770417,1.970042,25
0,64,512,32,reduced,1,5.692958,5.635167,5.862667,25
0,1,256,256,reduced,1,5.529625,5.495584,5.561875,25
0,1,128,256,unblocked,1,1.724334,1.510542,2.066917,25
0,64,128,32,unblocked,1,1.679167,1.670083,1.688209,25
0,4,448,256,unblocked,1,6.829459,6.739270,6.882531,22
0,1,640,512,unblocked,1,18.589000,18.520209,18.632333,9
0,1,640,128,unblocked,1,5.934875,5.904875,5.965792,25
0,64,448,64,reduced,1,10.592791,10.465771,10.952167,15
0,16,128,32,reduced,1,1.451959,1.370875,1.662208,25
0,4,256,16,unblocked,1,1.261792,1.245833,1.269875,25
0,1,640,16,reduced,1,1.320209,1.299042,1.604208,25
0,64,512,256,unblocked,1,86.863458,85.018333,87.157334,5
0,16,192,64,reduced,1,2.248750,2.058875,2.663375,25
0,4,512,128,reduced,1,3.758167,3.734125,3.796625,25
0,64,192,16,unblocked,1,1.630958,1.476917,1.642667,25
0,1,128,16,reduced,1,1.120709,1.113834,1.364875,25
0,16,384,128,unblocked,1,6.287166,6.161823,6.495052,24
0,16,128,256,reduced,1,4.263125,4.196708,4.465000,25
0,16,192,256,unblocked,1,5.835083,5.651500,6.088125,25
0,1,256,128,unblocked,1,2.014334,2.007625,2.154417,25
0,64,512,16,unblocked,1,7.627979,7.458354,7.787260,20
0,16,320,64,reduced,1,2.634458,2.496625,2.736417,25
0,64,640,32,unblocked,1,20.281375,19.643208,20.941094,8
0,1,384,16,unblocked,1,1.541042,1.328625,1.601667,25
0,16,192,512,reduced,1,8.351584,8.150604,8.574677,18
0,16,640,512,reduced,1,42.331292,42.306625,42.979542,5
0,1,448,32,unblocked,1,2.144792,2.123125,2.592000,25
0,1,192,512,reduced,1,4.282791,4.265208,4.310791,25
0,1,640,128,reduced,1,3.706167,3.679959,3.717416,25
0,64,192,64,reduced,1,7.698416,7.666833,7.745833,19
0,4,448,512,reduced,1,13.023416,12.778605,13.207969,12
0,4,256,512,unblocked,1,4.542250,4.485500,4.626125,25
0,64,192,256,unblocked,1,22.290583,22.123230,22.537771,7
0,16,640,64,reduced,1,3.697292,3.571917,3.936500,25
0,16,128,256,unblocked,1,3.631291,3.480000,3.770666,25
0,16,320,256,unblocked,1,10.776875,10.530260,10.942751,14
0,1,192,64,reduced,1,1.605333,1.578959,2.081000,25
0,16,512,256,unblocked,1,20.910375,20.578250,21.200708,8
0,16,256,512,unblocked,1,10.492833,10.392647,10.577271,15
0,4,256,512,reduced,1,6.682208,6.613708,6.834271,23
0,4,128,32,unblocked,1,0.984709,0.830958,0.986875,25
0,16,640,16,unblocked,1,3.784583,3.748459,3.826875,25
0,16,448,128,reduced,1,5.806250,5.728583,5.930792,25
0,1,256,256,unblocked,1,3.474292,3.435583,3.503792,25
0,64,512,512,unblocked,1,159.958458,158.819333,160.382125,5
0,16,448,128,unblocked,1,7.853896,7.784135,7.981563,20
0,64,256,128,reduced,1,17.541333,17.247334,17.909958,9
0,64,192,16,reduced,1,3.583417,3.561250,3.608000,25
0,64,320,16,unblocked,1,2.769000,2.727417,2.934667,25
0,16,512,32,reduced,1,2.048167,1.963708,2.337917,25
0,4,256,32,unblocked,1,1.462292,1.289000,1.689375,25
0,16,640,256,unblocked,1,30.826584,30.527292,31.273708,5
0,16,192,128,unblocked,1,3.115416,2.859458,3.191750,25
0,16,320,128,unblocked,1,4.628209,4.528209,4.749333,25
0,64,256,32,unblocked,1,3.189167,3.119166,3.307917,25
0,16,256,64,reduced,1,2.415625,2.303834,2.765208,25
0,4,128,64,reduced,1,1.723125,1.580916,1.789416,25
0,64,256,512,reduced,1,44.337750,44.287958,44.815917,5
0,4,384,64,reduced,1,1.861459,1.850083,2.064250,25
0,1,640,32,reduced,1,1.433375,1.416291,1.550125,25
0,16,512,128,reduced,1,6.260167,6.167979,6.352531,24
0,4,128,16,unblocked,1,0.612334,0.597250,0.630250,25
0,16,320,16,unblocked,1,1.598209,1.413958,1.622833,25
0,16,448,32,unblocked,1,3.182250,3.140208,3.200084,25
0,64,192,64,unblocked,1,4.430917,4.187083,4.685167,25
0,1,384,32,unblocked,1,1.771583,1.734417,1.969250,25
0,4,640,64,reduced,1,2.385458,2.204292,2.782041,25
0,64,192,32,unblocked,1,2.674083,2.498500,2.718208,25
0,1,512,64,unblocked,1,3.025625,3.000792,3.077292,25
0,64,640,512,reduced,1,172.964458,171.128417,176.265000,5
0,64,640,32,reduced,1,6.695521,6.568625,6.841532,22
0,64,448,256,unblocked,1,81.678125,68.670542,87.278458,5
0,64,448,128,unblocked,1,36.787666,36.767250,39.993375,5
0,4,256,256,reduced,1,6.015417,5.973791,6.093209,25
0,16,128,512,reduced,1,5.409083,5.161166,5.979459,25
0,4,512,32,unblocked,1,2.763875,2.723709,3.285417,25
0,4,448,16,unblocked,1,1.699417,1.549375,2.042167,25
0,1,384,64,reduced,1,1.745041,1.716333,1.919250,25
0,1,192,256,unblocked,1,2.415792,2.399041,2.491875,25
0,4,384,32,reduced,1,1.445458,1.335750,1.657875,25
0,1,448,128,unblocked,1,3.685917,3.667625,3.710666,25
0,4,512,16,unblocked,1,1.873208,1.841167,2.046291,25
0,16,256,256,unblocked,1,8.602980,8.468042,8.754542,18
0,64,512,128,reduced,1,25.045834,24.667083,25.246563,7
0,1,512,16,reduced,1,1.405667,1.324584,1.507791,25
0,64,128,512,reduced,1,19.088937,18.890218,19.429406,8
0,4,256,16,reduced,1,1.371667,1.256417,1.535583,25
0,4,640,512,reduced,1,17.468625,17.412166,17.817334,9
0,4,256,128,unblocked,1,2.233375,2.147125,2.412000,25
0,1,128,64,unblocked,1,1.410333,1.197333,1.438458,25
1,16,512,16,reduced,1,1.876750,1.654708,1.900875,25
1,4,320,128,unblocked,1,2.768625,2.742334,2.809000,25
1,16,256,16,reduced,1,1.572167,1.515750,1.858959,25
1,1,128,16,unblocked,1,0.696542,0.687250,0.708416,25
1,16,192,256,reduced,1,6.786708,6.718386,6.846197,22
1,4,128,16,unblocked,1,0.701083,0.689334,0.709458,25
1,1,512,128,unblocked,1,4.143542,4.133875,4.171250,25
1,16,320,128,unblocked,1,4.767834,4.652125,5.007459,25
1,1,512,32,reduced,1,1.422084,1.263250,1.533208,25
1,64,128,512,unblocked,1,16.441333,16.054240,16.940864,10
1,16,448,512,unblocked,1,28.671709,28.499520,29.247240,6
1,64,640,256,reduced,1,72.446000,72.205458,73.165625,5
1,4,384,256,reduced,1,6.829229,6.788386,6.953708,22
1,16,128,128,reduced,1,3.723291,3.688542,3.782125,25
1,4,640,512,reduced,1,17.615500,17.477292,17.923250,9
1,64,512,512,reduced,1,132.342750,131.290459,132.658583,5
1,16,640,256,unblocked,1,32.265083,30.841500,32.374500,5
1,4,384,64,unblocked,1,2.344333,2.318250,2.548916,25
1,4,256,128,unblocked,1,2.306333,2.144500,2.722291,25
1,1,512,512,reduced,1,12.260250,12.186041,12.359125,13
1,16,640,32,reduced,1,1.870583,1.804375,1.926875,25
1,64,320,128,unblocked,1,17.366375,17.125875,17.700000,9
1,64,256,128,reduced,1,17.565875,17.392875,17.830208,9
1,4,512,256,reduced,1,7.385396,7.333542,7.485573,20
1,16,640,16,unblocked,1,3.801375,3.771125,3.826459,25
1,64,448,16,unblocked,1,5.262750,5.192375,5.326458,25
1,64,256,512,unblocked,1,42.394542,42.169792,42.896458,5
1,16,512,32,unblocked,1,3.859750,3.811959,3.922917,25
1,4,512,256,unblocked,1,8.154916,7.881397,8.656604,19
1,1,512,64,unblocked,1,3.052708,3.016958,3.107708,25
1,1,384,32,reduced,1,1.130292,1.087334,1.175625,25
1,16,192,16,unblocked,1,1.086958,1.068375,1.103792,25
1,64,384,64,unblocked,1,11.718917,11.433208,12.201000,13
1,4,320,256,unblocked,1,4.786417,4.694750,4.865125,25
1,1,128,32,reduced,1,1.132708,1.013291,1.353708,25
1,1,448,128,unblocked,1,3.679667,3.655375,3.700000,25
1,64,320,128,reduced,1,18.987146,18.940000,19.027980,8
1,4,448,64,reduced,1,1.933916,1.908584,2.119208,25
1,4,512,16,reduced,1,1.448292,1.403709,1.791333,25
1,64,192,256,reduced,1,26.282958,25.784167,26.375249,6
1,64,448,128,unblocked,1,30.027583,29.953416,30.485958,5
1,64,192,32,reduced,1,3.798125,3.753417,3.876708,25
1,16,320,512,reduced,1,16.396563,16.123521,16.603229,10
1,1,320,256,unblocked,1,4.400000,4.381959,4.448750,25
1,64,192,512,unblocked,1,27.649396,27.362937,28.634980,6
1,64,448,16,reduced,1,4.716375,4.654083,4.763792,25
1,64,192,256,unblocked,1,22.598792,22.233521,22.865521,7
1,1,192,64,unblocked,1,1.456208,1.432291,1.641291,25
1,64,128,128,reduced,1,14.910709,14.567979,15.106396,11
1,4,448,512,reduced,1,13.609021,13.450750,13.909354,12
1,64,512,16,unblocked,1,7.961250,7.639563,8.458979,19
1,64,512,256,reduced,1,58.276916,58.254667,59.028292,5
1,64,192,128,unblocked,1,10.078584,9.767000,10.336979,15
1,64,448,512,reduced,1,103.065166,102.975459,103.185583,5
1,16,448,16,reduced,1,1.910833,1.819458,2.092083,25
1,4,256,512,reduced,1,6.791417,6.657542,7.221104,22
1,4,192,128,reduced,1,3.099083,3.029167,3.605708,25
1,16,384,16,unblocked,1,1.879708,1.807834,2.219000,25
1,4,320,16,reduced,1,1.355916,1.309042,1.511208,25
1,1,640,32,unblocked,1,3.848625,3.727625,4.103209,25
1,4,192,128,unblocked,1,2.074458,1.939416,2.393459,25
1,16,640,512,reduced,1,44.141875,42.282250,45.409917,5
1,64,448,64,reduced,1,10.997125,10.545573,11.184146,14
1,1,320,16,unblocked,1,1.290750,1.250667,1.534333,25
1,64,512,128,reduced,1,24.847834,24.775271,25.180938,7
1,4,128,16,reduced,1,1.172167,1.101875,1.350667,25
1,1,320,256,reduced,1,5.842166,5.816708,5.887291,25
1,4,448,32,unblocked,1,2.466583,2.314209,2.860625,25
1,4,320,32,reduced,1,1.316417,1.293542,1.609583,25
1,4,512,64,reduced,1,2.042333,1.940667,2.168333,25
1,1,256,64,reduced,1,1.929458,1.614958,2.208500,25
1,1,640,32,reduced,1,1.433833,1.293542,1.731541,25
1,64,256,128,unblocked,1,13.341166,12.694896,13.657896,12
1,64,640,64,unblocked,1,35.505208,35.277500,35.925583,5
1,1,448,512,unblocked,1,10.435625,10.287646,10.683750,15
1,64,640,512,reduced,1,171.101125,166.485875,172.793583,5
1,4,512,32,unblocked,1,2.839375,2.746833,3.095708,25
1,64,512,16,reduced,1,5.290834,5.201708,5.735292,25
1,4,448,32,reduced,1,1.445667,1.401542,1.659042,25
1,64,512,128,unblocked,1,40.769541,40.461000,41.025042,5
1,4,384,512,reduced,1,10.974458,10.850104,11.372063,14
1,1,256,256,unblocked,1,3.593417,3.455584,3.652042,25
1,4,192,32,reduced,1,1.197083,1.089333,1.452208,25
1,16,128,256,reduced,1,4.212792,4.119833,4.420125,25
1,16,256,256,unblocked,1,8.689542,8.499062,8.852802,18
1,16,256,32,reduced,1,1.589959,1.530541,1.878708,25
1,4,320,64,reduced,1,1.955292,1.777209,2.021750,25
1,64,128,16,reduced,1,3.388208,3.358500,3.525500,25
1,4,448,16,unblocked,1,1.969333,1.708833,2.298791,25
1,4,256,32,reduced,1,1.258375,1.219375,1.485834,25
1,16,448,16,unblocked,1,2.296500,2.108542,2.593916,25
1,4,320,256,reduced,1,6.681375,6.480646,7.024083,23
1,4,512,128,unblocked,1,4.637542,4.591708,5.036292,25
1,16,640,64,reduced,1,3.794500,3.561708,4.260291,25
1,16,128,16,unblocked,1,0.785250,0.777375,0.801500,25
1,16,384,64,unblocked,1,3.765542,3.529250,4.020625,25
1,16,384,128,unblocked,1,6.569417,6.177500,6.979917,23
1,4,256,16,reduced,1,1.508041,1.253083,1.571000,25
1,1,384,512,reduced,1,8.963417,8.791458,9.238125,15
1,64,128,32,unblocked,1,1.373375,1.259125,1.419250,25
1,4,128,64,reduced,1,1.707542,1.550625,1.762459,25
1,1,448,16,unblocked,1,1.572875,1.448917,1.652542,25
1,1,128,512,unblocked,1,1.836000,1.660792,2.187584,25
1,1,192,128,unblocked,1,1.732375,1.714042,1.922708,25
1,16,512,256,reduced,1,15.194854,14.698552,15.358594,10
1,16,512,128,unblocked,1,10.227500,9.716271,10.683355,15
1,16,192,32,unblocked,1,1.607041,1.341834,1.638416,25
1,1,640,128,reduced,1,3.825500,3.706250,4.148167,25
1,4,640,512,unblocked,1,21.854459,21.523792,22.516229,7
1,16,384,32,unblocked,1,2.703875,2.527000,2.907334,25
1,16,448,128,reduced,1,5.959584,5.764875,6.467708,25
1,64,448,32,unblocked,1,9.602000,9.287865,10.140708,16
1,16,192,128,unblocked,1,2.805000,2.704666,3.163584,25
1,16,512,64,reduced,1,3.224208,3.169166,3.324583,25
1,4,640,16,unblocked,1,2.733542,2.699250,2.767917,25
1,16,640,32,unblocked,1,5.895750,5.830958,6.291417,25
1,64,192,128,reduced,1,15.943333,15.816073,16.231583,10
1,64,192,64,unblocked,1,4.245250,3.998208,4.780459,25
1,16,448,64,unblocked,1,4.785500,4.591125,5.283542,25
1,1,384,128,reduced,1,3.227584,3.181583,3.693000,25
1,64,512,256,unblocked,1,95.074792,92.570542,98.391333,5
1,4,128,512,reduced,1,3.335875,3.288625,3.813042,25
1,16,512,32,reduced,1,1.985708,1.915084,2.357209,25
1,64,320,256,unblocked,1,43.394209,42.825125,44.764125,5
1,4,384,128,reduced,1,3.502833,3.449584,3.533958,25
1,16,448,128,unblocked,1,8.299208,8.128291,8.656792,18
1,64,192,16,reduced,1,3.663083,3.605500,4.354708,25
1,1,512,512,unblocked,1,13.101584,12.791397,13.397718,12
1,64,384,256,unblocked,1,58.289625,57.018708,58.416291,5
1,4,256,64,unblocked,1,1.826125,1.594459,2.109458,25
1,1,192,32,unblocked,1,1.230209,1.109125,1.360875,25
1,16,384,512,reduced,1,21.554791,21.426687,21.695729,7
1,16,128,64,unblocked,1,1.680416,1.400917,1.703417,25
1,1,192,512,reduced,1,4.300458,4.259833,4.432375,25
1,64,320,32,reduced,1,4.581250,4.420125,4.770834,25
1,64,640,32,unblocked,1,20.533917,19.895062,21.141948,8
1,1,320,64,unblocked,1,1.935042,1.761167,2.146750,25
1,1,256,16,reduced,1,1.349500,1.127291,1.509250,25
1,16,448,512,reduced,1,27.346688,26.903833,27.738916,6
1,1,256,256,reduced,1,5.664916,5.523125,6.020000,25
1,1,384,128,unblocked,1,2.995042,2.965917,3.378667,25
1,1,640,64,reduced,1,2.206542,2.037125,2.412458,25
1,1,192,16,reduced,1,1.189791,1.166834,1.421625,25
1,1,448,64,unblocked,1,2.599083,2.574166,2.878166,25
1,4,320,512,reduced,1,9.221542,8.683458,9.550875,17
1,16,256,128,unblocked,1,4.007167,3.814666,4.708417,25
1,64,256,512,reduced,1,44.729833,44.527042,45.231125,5
1,4,448,512,unblocked,1,11.712500,11.575041,12.047792,13
1,1,128,64,reduced,1,1.693500,1.509834,1.989666,25
1,1,384,512,unblocked,1,8.213438,7.981114,8.675021,18
1,1,640,256,reduced,1,7.228708,7.019052,7.828875,20
1,1,512,64,reduced,1,2.087709,1.833875,2.354667,25
1,1,448,32,reduced,1,1.462291,1.396458,1.705666,25
1,16,640,512,unblocked,1,60.200334,59.595833,60.932625,5
1,64,128,256,unblocked,1,14.053208,13.902729,14.275500,11
1,64,256,256,unblocked,1,34.353125,34.347083,35.333667,5
1,1,640,128,unblocked,1,5.957209,5.893666,6.018375,25
1,64,192,16,unblocked,1,1.652333,1.394042,1.688041,25
1,1,128,256,reduced,1,2.782167,2.764750,2.826375,25
1,1,448,16,reduced,1,1.424167,1.373125,1.666667,25
1,1,320,64,reduced,1,1.753500,1.733416,1.973958,25
1,4,640,64,unblocked,1,5.166458,5.059000,5.440166,25
1,4,448,256,unblocked,1,7.081875,6.967958,7.619625,21
1,16,128,32,unblocked,1,1.106000,1.020375,1.172083,25
1,1,192,512,unblocked,1,2.838916,2.764666,3.236458,25
1,4,448,128,reduced,1,3.745083,3.621125,4.398667,25
1,1,448,256,unblocked,1,6.422917,6.325396,6.577719,24
1,16,256,32,unblocked,1,1.776458,1.694250,2.133333,25
1,64,256,16,reduced,1,3.927584,3.867250,4.663209,25
1,16,128,512,reduced,1,5.429291,5.143958,5.910375,25
1,64,640,256,unblocked,1,126.329667,125.577709,127.437958,5
1,64,384,128,unblocked,1,25.803166,25.657374,26.116396,6
1,4,384,64,reduced,1,2.074750,1.934083,2.572791,25
1,1,192,128,reduced,1,2.889416,2.862917,3.048209,25
1,4,640,128,reduced,1,4.191792,4.093292,4.500792,25
1,1,640,512,unblocked,1,18.949312,18.842636,19.000437,8
1,4,512,16,unblocked,1,2.071875,1.888583,2.160542,25
1,4,256,256,reduced,1,6.263459,6.147979,6.666667,24
1,16,320,128,reduced,1,5.035417,4.968791,5.552334,25
1,1,384,256,reduced,1,6.112917,6.062625,6.148458,25
1,1,320,512,unblocked,1,5.971792,5.922791,6.019125,25
1,16,384,64,reduced,1,2.991292,2.823041,3.330583,25
1,64,128,256,reduced,1,16.568792,16.492541,16.813833,9
1,1,320,16,reduced,1,1.345000,1.287375,1.586542,25
1,4,192,256,reduced,1,4.585542,4.503542,5.011875,25
1,16,192,16,reduced,1,1.531125,1.463458,1.766042,25
1,16,448,256,unblocked,1,18.321458,17.696500,18.341666,9
1,64,512,64,unblocked,1,21.072478,20.986677,21.573688,8
1,1,384,256,unblocked,1,5.376958,5.298834,5.629167,25
1,64,320,64,unblocked,1,9.045750,8.730041,9.393042,17
1,4,448,64,unblocked,1,2.857792,2.808375,2.920625,25
1,64,384,16,unblocked,1,3.751584,3.692542,3.813375,25
1,4,640,256,reduced,1,8.336813,8.197907,8.516177,18
1,1,384,64,unblocked,1,2.145667,2.116917,2.428625,25
1,64,512,32,unblocked,1,14.418792,13.919896,14.662645,11
1,1,512,128,reduced,1,3.559250,3.370417,4.112125,25
1,4,256,128,reduced,1,3.263917,3.189833,3.886750,25
1,16,640,128,unblocked,1,16.263958,15.893479,16.425562,10
1,4,640,256,unblocked,1,11.840208,11.591083,12.147875,13
1,16,448,32,reduced,1,1.935208,1.837291,2.252416,25
1,64,128,32,reduced,1,3.536750,3.508834,3.688209,25
1,1,256,32,unblocked,1,1.487042,1.404875,1.770500,25
1,16,384,128,reduced,1,5.570333,5.393291,5.981209,25
1,4,640,128,unblocked,1,7.000542,6.890209,7.376990,22
1,16,640,16,reduced,1,2.087084,1.954708,2.112792,25
1,16,384,32,reduced,1,1.890500,1.825708,2.122875,25
1,64,256,32,reduced,1,4.153166,4.082500,4.350875,25
1,64,512,32,reduced,1,5.713791,5.656625,5.886458,25
1,1,256,32,reduced,1,1.194125,1.183916,1.459709,25
1,1,128,32,unblocked,1,0.974125,0.925125,1.003083,25
1,16,192,32,reduced,1,1.538834,1.485791,1.772209,25
1,1,256,512,unblocked,1,4.047875,4.001541,4.206875,25
1,4,192,16,unblocked,1,0.924250,0.810791,0.989667,25
1,4,256,256,unblocked,1,3.851458,3.736917,4.180750,25
1,64,448,256,unblocked,1,66.671292,66.548833,69.118041,5
1,4,192,64,reduced,1,1.913333,1.673583,2.446417,25
1,16,512,512,unblocked,1,39.719291,39.017375,40.749375,5
1,64,448,256,reduced,1,54.737583,54.369458,55.368958,5
1,64,320,256,reduced,1,44.094208,43.207958,44.719792,5
1,64,384,64,reduced,1,10.085125,9.907000,10.457083,15
1,16,384,16,reduced,1,1.677833,1.466250,1.749917,25
1,16,384,512,unblocked,1,23.505500,23.088625,23.859105,7
1,4,192,512,reduced,1,4.993709,4.923792,5.609000,25
1,64,448,128,reduced,1,24.327000,23.883146,24.617728,7
1,16,512,256,unblocked,1,21.590250,21.210876,21.826875,7
1,64,512,64,reduced,1,11.852459,11.391417,11.994833,13
1,16,320,512,unblocked,1,15.867479,15.635250,16.161937,10
1,64,128,16,unblocked,1,0.917250,0.858167,1.067959,25
1,16,128,256,unblocked,1,3.766292,3.688458,4.226166,25
1,64,384,128,reduced,1,22.196791,21.630312,22.582104,7
1,64,192,32,unblocked,1,2.347458,2.152084,2.634708,25
1,1,320,128,unblocked,1,2.570875,2.536125,2.863125,25
1,4,320,32,unblocked,1,1.658166,1.584708,2.039375,25
1,16,384,256,reduced,1,12.212000,11.796750,12.288250,13
1,1,640,512,reduced,1,14.071333,13.867771,14.218020,11
1,1,320,512,reduced,1,7.585375,7.384822,7.763844,20
1,1,512,256,reduced,1,6.522708,6.467729,6.559938,23
1,4,320,128,reduced,1,3.383625,3.325917,3.650375,25
1,16,192,128,reduced,1,4.157791,4.127666,4.261291,25
1,16,128,16,reduced,1,1.478708,1.330375,1.696583,25
1,1,256,128,reduced,1,2.991750,2.971333,3.052125,25
1,1,256,64,unblocked,1,1.599709,1.474042,1.856041,25
1,4,512,512,unblocked,1,15.140375,14.665063,15.254334,11
1,16,256,16,unblocked,1,1.281250,1.095750,1.478375,25
1,1,384,32,unblocked,1,1.945708,1.772667,2.270709,25
1,64,320,64,reduced,1,9.446146,8.992667,9.839094,16
1,64,256,64,unblocked,1,6.190771,5.881708,6.903990,24
1,1,448,256,reduced,1,6.494750,6.366437,7.174959,23
1,1,448,32,unblocked,1,2.214083,2.156042,2.689584,25
1,64,448,64,unblocked,1,16.270146,16.153083,16.456927,10
1,16,640,256,reduced,1,17.509375,17.493083,17.690167,9
1,1,256,16,unblocked,1,0.898458,0.853208,0.918750,25
1,16,320,64,reduced,1,2.709125,2.640917,2.956584,25
1,64,448,512,unblocked,1,127.726500,118.733833,128.640375,5
1,4,128,512,unblocked,1,2.358583,2.007750,2.538750,25
1,4,320,16,unblocked,1,1.390917,1.315917,1.602708,25
1,4,128,256,reduced,1,3.033250,2.970166,3.419667,25
1,1,448,512,reduced,1,11.225250,10.845562,11.463167,14
1,16,448,64,reduced,1,3.060208,2.887625,3.581084,25
1,64,640,16,reduced,1,5.991250,5.943458,6.182250,25
1,1,384,16,reduced,1,1.488125,1.377833,1.640083,25
1,64,640,128,reduced,1,30.034958,29.951917,30.114750,5
1,64,640,128,unblocked,1,57.566959,56.934125,58.209167,5
1,1,320,32,unblocked,1,1.776792,1.617459,1.947500,25
1,4,192,64,unblocked,1,1.524958,1.360208,1.842291,25
1,1,640,64,unblocked,1,4.579250,4.421792,4.824833,25
1,1,640,16,reduced,1,1.523500,1.328625,1.899667,25
1,16,512,128,reduced,1,6.650166,6.358230,7.103333,23
1,64,512,512,unblocked,1,146.702000,144.347375,160.203958,5
1,64,128,64,reduced,1,7.139333,7.022625,7.673250,21
1,64,128,128,unblocked,1,8.483916,7.413625,8.845187,19
1,1,192,256,unblocked,1,2.435375,2.409833,2.661541,25
1,4,448,256,reduced,1,7.403500,7.228834,7.961885,20
1,4,256,512,unblocked,1,4.692541,4.561125,5.113334,25
1,4,192,32,unblocked,1,1.316750,1.211833,1.405041,25
1,4,512,128,reduced,1,3.916542,3.755417,4.393125,25
1,1,384,64,reduced,1,1.866125,1.723833,2.175584,25
1,1,128,256,unblocked,1,1.676333,1.507292,2.238875,25
1,4,640,16,reduced,1,1.570625,1.548708,1.787584,25
1,16,320,32,reduced,1,1.676875,1.666000,2.034958,25
1,4,640,32,reduced,1,1.599334,1.511375,1.660875,25
1,16,192,64,reduced,1,2.297083,2.138458,2.691000,25
1,16,256,512,unblocked,1,10.725125,10.473948,11.119927,14
1,16,192,512,unblocked,1,8.204750,7.948270,8.491646,19
1,1,192,64,reduced,1,1.715792,1.600250,2.138959,25
1,4,128,64,unblocked,1,1.278459,1.207042,1.483583,25
1,4,128,128,reduced,1,2.891250,2.835042,3.359000,25
1,16,256,64,unblocked,1,2.420958,2.139333,2.776459,25
1,64,384,32,unblocked,1,7.025458,6.537063,7.507531,22
1,64,128,512,reduced,1,20.351750,19.945563,20.504510,8
1,64,256,16,unblocked,1,2.062583,1.967583,2.145625,25
1,16,512,512,reduced,1,34.791167,34.386250,34.943000,5
1,16,448,32,unblocked,1,3.299458,3.195500,3.764834,25
1,64,128,64,unblocked,1,3.199000,2.959458,3.832917,25
1,1,512,256,unblocked,1,7.227500,7.206958,7.278542,21
1,16,448,256,reduced,1,13.054021,12.860250,13.423281,12
1,64,320,16,reduced,1,4.104917,4.062167,4.187958,25
1,1,512,16,unblocked,1,1.977542,1.748041,2.532125,25
1,4,448,16,reduced,1,1.621209,1.433084,1.772334,25
1,64,448,32,reduced,1,5.248500,5.077167,5.566041,25
1,4,512,512,reduced,1,15.850855,15.772521,16.131636,10
1,1,384,16,unblocked,1,1.528042,1.346959,1.595000,25
1,16,128,64,reduced,1,2.179958,1.921291,2.488416,25
1,64,384,32,reduced,1,4.813500,4.722834,5.343084,25
1,64,640,32,reduced,1,6.826646,6.654698,7.372948,22
1,16,320,256,reduced,1,11.165625,10.729031,11.456177,14
1,4,128,32,reduced,1,1.261375,1.145583,1.405833,25
1,16,128,32,reduced,1,1.652625,1.417333,1.695250,25
1,1,640,16,unblocked,1,2.404792,2.384833,2.454542,25
1,4,448,128,unblocked,1,4.022000,3.970542,4.191375,25
1,16,384,256,unblocked,1,13.598479,13.147229,13.893145,12
1,1,192,256,reduced,1,4.294000,4.192834,4.649250,25
1,1,128,512,reduced,1,2.955792,2.897667,3.321750,25
1,1,128,64,unblocked,1,1.214666,1.160834,1.416167,25
1,64,256,32,unblocked,1,3.245709,3.143541,3.581959,25
1,4,256,64,reduced,1,2.074625,1.846209,2.514750,25
1,4,128,32,unblocked,1,0.990875,0.899417,1.023000,25
1,1,192,32,reduced,1,1.310417,1.239292,1.469166,25
1,64,384,512,reduced,1,85.661125,84.500417,87.702334,5
1,16,256,512,reduced,1,11.472458,11.260323,11.592771,14
1,4,192,256,unblocked,1,2.640250,2.605167,3.021667,25
1,1,320,128,reduced,1,3.163042,3.128875,3.261417,25
1,16,192,512,reduced,1,8.761250,8.449708,9.222875,17
1,4,256,16,unblocked,1,1.278458,1.192458,1.334417,25
1,1,256,128,unblocked,1,2.037167,2.019125,2.447541,25
1,64,320,512,unblocked,1,67.486625,64.157333,68.666167,5
1,4,320,512,unblocked,1,6.763416,6.646271,7.134948,22
1,4,384,32,unblocked,1,1.908375,1.836792,2.408875,25
1,1,128,128,unblocked,1,1.851542,1.589625,2.159000,25
1,64,384,512,unblocked,1,94.073500,92.761791,95.899083,5
1,64,320,16,unblocked,1,2.852667,2.803416,3.048375,25
1,1,128,16,reduced,1,1.123500,1.087625,1.361125,25
1,16,640,128,reduced,1,8.299334,7.727479,8.528834,19
1,4,128,256,unblocked,1,2.085833,1.905958,2.273667,25
1,4,384,16,unblocked,1,1.666667,1.502333,2.014417,25
1,16,256,256,reduced,1,10.020812,9.656645,10.381677,16
1,4,192,512,unblocked,1,3.156667,3.086792,3.575791,25
1,16,320,16,reduced,1,1.648084,1.532250,1.753584,25
1,4,640,64,reduced,1,2.196833,2.175917,2.645667,25
1,1,512,32,unblocked,1,2.687833,2.546125,3.139167,25
1,16,320,256,unblocked,1,11.477541,11.321250,11.882416,13
1,1,192,16,unblocked,1,0.939625,0.911792,0.988750,25
1,4,384,256,unblocked,1,5.815375,5.710791,6.087000,25
1,4,384,32,reduced,1,1.506250,1.406542,1.759458,25
1,1,448,128,reduced,1,3.354000,3.328250,3.388666,25
1,4,320,64,unblocked,1,2.142625,1.910750,2.201375,25
1,16,640,64,unblocked,1,8.067959,8.009563,8.162126,19
1,1,256,512,reduced,1,6.027583,5.871916,6.456250,25
1,16,192,256,unblocked,1,6.107292,5.720250,6.670583,25
1,4,192,16,reduced,1,1.419000,1.274958,1.493209,25
1,16,320,64,unblocked,1,2.926791,2.691542,3.144792,25
1,64,640,64,reduced,1,14.720375,14.513730,15.040166,11
1,4,512,64,unblocked,1,3.471250,3.426833,3.826791,25
1,16,512,16,unblocked,1,2.791291,2.555833,3.154833,25
1,64,320,32,unblocked,1,4.655791,4.533667,5.067292,25
1,64,640,512,unblocked,1,228.823709,227.874125,235.837250,5
1,16,512,64,unblocked,1,5.541250,5.319500,6.038292,25
1,64,320,512,reduced,1,68.603917,67.613333,68.815084,5
1,1,512,16,reduced,1,1.122083,1.107417,1.142333,25
1,4,384,512,unblocked,1,9.002375,8.869333,9.388708,17
1,4,384,16,reduced,1,1.538375,1.382542,1.733542,25
1,64,192,512,reduced,1,33.007250,32.811875,33.366708,5
1,64,192,64,reduced,1,7.907875,7.677437,8.505562,19
1,64,384,16,reduced,1,4.440125,4.375625,4.832041,25
1,1,320,32,reduced,1,1.305417,1.265292,1.589042,25
1,16,128,512,unblocked,1,4.562333,4.324958,5.357875,25
1,4,640,32,unblocked,1,4.199083,4.095958,4.559750,25
1,64,256,256,reduced,1,38.530791,38.503750,39.295042,5
1,16,320,16,unblocked,1,1.449250,1.429250,1.507209,25
1,4,128,128,unblocked,1,1.985917,1.734458,2.019584,25
1,1,128,128,reduced,1,2.732667,2.705709,2.793250,25
1,16,256,64,reduced,1,2.497250,2.428417,2.885500,25
1,4,512,32,reduced,1,1.683958,1.514750,1.842542,25
1,16,256,128,reduced,1,4.461916,4.402959,4.634833,25
1,16,320,32,unblocked,1,2.279167,2.130166,2.475209,25
1,1,640,256,unblocked,1,10.726458,10.573729,10.836416,15
1,64,640,16,unblocked,1,11.802000,11.504708,12.148333,13
1,64,256,64,reduced,1,8.668750,8.342761,9.137990,18
1,16,128,128,unblocked,1,2.490000,2.334542,2.903625,25
1,64,384,256,reduced,1,48.768959,48.422459,48.809250,5
1,1,448,64,reduced,1,1.800750,1.774625,1.900833,25
1,4,384,128,unblocked,1,3.254500,3.220500,3.689042,25
1,4,256,32,unblocked,1,1.502667,1.257917,1.781084,25
1,16,192,64,unblocked,1,1.937208,1.868417,2.278000,25
0,4,416,32,reduced,1,1.428709,1.328083,1.706709,25
0,4,512,32,reduced,1,1.457958,1.409958,1.788958,25
0,4,416,128,reduced,1,3.446333,3.426000,3.484375,25
0,4,480,128,reduced,1,3.585500,3.561833,3.667042,25
0,4,480,128,unblocked,1,4.198791,4.191208,4.230583,25
0,1,448,64,unblocked,1,2.613666,2.547583,2.789625,25
0,4,384,448,reduced,1,9.962687,9.940520,9.976927,16
0,4,448,448,reduced,1,12.092959,12.059625,12.102667,13
0,1,512,64,unblocked,1,2.983125,2.952083,3.073458,25
0,4,384,128,unblocked,1,3.120458,3.107250,3.154000,25
0,1,384,128,reduced,1,3.134709,3.113833,3.166916,25
0,4,416,448,reduced,1,11.178750,11.082646,11.321645,14
0,4,512,448,unblocked,1,12.495188,12.410437,12.588260,12
0,1,448,32,reduced,1,1.425000,1.365625,1.668292,25
0,1,512,128,reduced,1,3.341583,3.305542,3.378292,25
0,1,384,32,reduced,1,1.327500,1.175417,1.619250,25
0,4,480,448,unblocked,1,12.921958,11.817167,13.219260,12
0,1,480,128,unblocked,1,3.891875,3.866584,3.909250,25
0,4,416,64,reduced,1,2.024541,1.860667,2.167125,25
0,1,480,128,reduced,1,3.343541,3.327583,3.370417,25
0,4,480,64,unblocked,1,3.116417,3.082250,3.190000,25
0,1,416,448,reduced,1,9.369000,9.322417,9.402833,17
0,1,384,128,unblocked,1,2.919416,2.910708,2.960792,25
0,1,512,32,reduced,1,1.610292,1.439500,1.784167,25
0,1,416,32,reduced,1,1.327167,1.168875,1.355250,25
0,4,448,64,reduced,1,1.941292,1.879250,2.121500,25
0,1,512,448,reduced,1,11.195625,10.972084,12.864917,9
0,4,384,32,unblocked,1,1.876666,1.810500,1.950833,25
0,4,416,128,unblocked,1,3.654000,3.611667,3.722084,25
0,1,448,448,reduced,1,10.211333,10.193542,10.231458,15
0,1,512,64,reduced,1,1.831292,1.803709,1.912667,25
0,1,448,128,unblocked,1,3.624583,3.612416,3.658917,25
0,4,448,128,unblocked,1,4.083333,3.893125,4.139792,25
0,4,480,64,reduced,1,2.073709,1.936250,2.153875,25
0,4,448,448,unblocked,1,10.732083,10.568843,10.853520,14
0,4,384,64,unblocked,1,2.276959,2.258083,2.346041,25
0,4,448,128,reduced,1,3.513250,3.490959,3.528417,25
0,1,480,32,unblocked,1,2.386959,2.365500,2.478625,25
0,4,448,64,unblocked,1,2.778958,2.744875,2.913667,25
0,1,416,448,unblocked,1,8.616395,8.583000,8.650490,18
0,4,480,32,reduced,1,1.463167,1.416375,1.575833,25
0,1,448,448,unblocked,1,9.804438,9.758146,9.898073,16
0,1,480,448,reduced,1,10.453167,10.444104,10.549209,15
0,1,384,64,unblocked,1,2.141333,2.107792,2.349458,25
0,1,512,128,unblocked,1,4.079625,4.058000,4.111709,25
0,4,512,128,unblocked,1,4.587667,4.493834,4.647458,25
0,1,384,448,reduced,1,8.643458,8.624281,8.708417,18
0,4,512,64,unblocked,1,3.398333,3.322583,3.543375,25
0,4,448,32,unblocked,1,2.281958,2.248084,2.438458,25
0,1,416,32,unblocked,1,1.941750,1.913959,2.175291,25
0,1,480,32,reduced,1,1.423458,1.383917,1.687333,25
0,4,512,32,unblocked,1,2.696833,2.664125,2.777666,25
0,1,384,64,reduced,1,1.775750,1.707875,2.138292,25
0,4,384,64,reduced,1,2.100250,1.867500,2.428917,25
0,1,416,64,unblocked,1,2.408667,2.382875,2.542375,25
0,1,416,64,reduced,1,1.872084,1.734125,2.298625,25
0,4,384,128,reduced,1,3.384667,3.361458,3.514458,25
0,4,512,128,reduced,1,3.740292,3.691416,3.849791,25
0,1,480,64,reduced,1,1.803583,1.778792,2.366375,25
0,4,512,448,reduced,1,13.120000,12.934354,13.327865,12
0,1,384,448,unblocked,1,7.515292,7.452417,7.594802,20
0,1,480,64,unblocked,1,2.875875,2.853667,2.942375,25
0,4,480,32,unblocked,1,2.541208,2.486125,2.772208,25
0,4,416,64,unblocked,1,2.611917,2.570041,2.825167,25
0,4,480,448,reduced,1,12.812166,12.759479,12.929135,12
0,4,384,32,reduced,1,1.174166,1.136083,1.353125,25
0,4,448,32,reduced,1,1.409625,1.291125,1.568250,25
0,1,384,32,unblocked,1,1.739667,1.709542,1.917875,25
0,1,512,32,unblocked,1,2.537167,2.514125,2.748417,25
0,4,416,32,unblocked,1,2.360000,2.122292,2.773542,25
0,1,512,448,unblocked,1,11.481959,11.348541,11.627917,13
0,4,512,64,reduced,1,2.088667,1.898125,2.333750,25
0,1,480,448,unblocked,1,10.919187,10.804802,11.038792,14
0,1,448,64,reduced,1,1.979875,1.789583,2.276792,25
0,4,384,448,unblocked,1,8.491167,8.300313,9.154261,18
0,1,416,128,unblocked,1,3.384625,3.328208,3.561458,25
0,4,416,448,unblocked,1,9.392209,9.348417,9.597198,16
0,1,416,128,reduced,1,3.257542,3.216042,3.406917,25
0,1,448,128,reduced,1,3.312166,3.277083,3.683541,25
0,1,448,32,unblocked,1,2.203042,2.111500,2.449000,25
1,1,416,32,reduced,1,1.351750,1.334750,1.641667,25
1,4,512,64,unblocked,1,3.347625,3.312000,3.425875,25
1,1,416,448,unblocked,1,8.706083,8.667333,8.801750,17
1,1,416,64,unblocked,1,2.422709,2.371750,2.603250,25
1,4,448,32,reduced,1,1.399042,1.386291,1.593167,25
1,4,384,448,reduced,1,10.097000,10.038396,10.374229,15
1,4,384,448,unblocked,1,8.228625,8.199396,8.246334,19
1,4,512,32,unblocked,1,2.765875,2.732542,3.010000,25
1,1,512,128,unblocked,1,4.071000,4.052167,4.141125,25
1,4,416,32,reduced,1,1.350083,1.201833,1.404958,25
1,1,480,64,unblocked,1,2.897125,2.870542,3.012167,25
1,4,448,448,reduced,1,12.251208,12.168291,12.301250,13
1,1,384,128,unblocked,1,2.924458,2.910500,2.967041,25
1,4,448,64,reduced,1,2.062667,1.885292,2.402458,25
1,1,512,64,unblocked,1,3.037250,2.981916,3.280708,25
1,4,480,448,reduced,1,12.644604,12.559865,12.708458,12
1,4,448,128,unblocked,1,3.943209,3.914042,3.981541,25
1,4,416,448,reduced,1,11.118562,11.081750,11.309927,14
1,4,480,128,reduced,1,3.597333,3.579042,3.696833,25
1,1,480,448,reduced,1,10.438000,10.411167,10.593667,15
1,4,512,128,unblocked,1,4.494875,4.466500,4.587500,25
1,4,512,32,reduced,1,1.443917,1.384000,1.483416,25
1,1,512,32,unblocked,1,2.532417,2.517125,2.659917,25
1,1,448,64,unblocked,1,2.597209,2.548958,2.919500,25
1,4,416,128,reduced,1,3.446708,3.418667,3.515750,25
1,4,384,32,unblocked,1,1.813625,1.800125,2.090709,25
1,1,416,128,reduced,1,3.235625,3.214709,3.298833,25
1,4,480,32,unblocked,1,2.491292,2.461708,2.568416,25
1,4,448,32,unblocked,1,2.253625,2.243458,2.530750,25
1,1,480,128,unblocked,1,3.876417,3.859875,3.901375,25
1,1,416,64,reduced,1,1.899458,1.724042,2.215084,25
1,1,448,448,reduced,1,10.186125,10.154771,10.302105,15
1,4,384,64,reduced,1,2.010500,1.837750,2.099333,25
1,1,384,32,unblocked,1,1.718917,1.700750,1.829041,25
1,1,448,64,reduced,1,1.773250,1.735958,2.287667,25
1,1,384,64,reduced,1,1.704625,1.682708,2.331750,25
1,4,512,64,reduced,1,1.928875,1.880000,2.163250,25
1,1,512,448,unblocked,1,11.313729,11.279698,11.360500,14
1,4,384,128,unblocked,1,3.174208,3.132584,3.430959,25
1,1,416,32,unblocked,1,1.941125,1.904709,2.168167,25
1,1,448,32,reduced,1,1.419792,1.354083,1.658208,25
1,1,448,128,reduced,1,3.269666,3.255750,3.308500,25
1,1,512,448,reduced,1,10.627709,10.600188,10.670896,15
1,4,448,448,unblocked,1,10.588167,10.529355,10.647938,15
1,1,512,128,reduced,1,3.322583,3.310875,3.355083,25
1,1,416,448,reduced,1,9.305250,9.276375,9.320084,17
1,1,384,128,reduced,1,3.132542,3.112084,3.144667,25
1,4,512,448,unblocked,1,12.398834,12.351916,12.558792,13
1,4,384,64,unblocked,1,2.284709,2.245750,2.499750,25
1,4,480,64,reduced,1,1.934459,1.907917,2.505125,25
1,1,384,448,reduced,1,8.582208,8.562438,8.618761,18
1,4,384,32,reduced,1,1.332541,1.156291,1.350917,25
1,4,480,128,unblocked,1,4.200917,4.191583,4.254542,25
1,4,416,64,reduced,1,1.952750,1.860209,2.072334,25
1,1,512,64,reduced,1,1.841333,1.799792,2.395833,25
1,1,480,32,reduced,1,1.379833,1.222833,1.481166,25
1,1,480,128,reduced,1,3.334084,3.323375,3.386083,25
1,4,384,128,reduced,1,3.383959,3.344958,3.498833,25
1,1,480,64,reduced,1,1.985458,1.793875,2.358542,25
1,1,512,32,reduced,1,1.408292,1.366250,1.575125,25
1,4,416,128,unblocked,1,3.622834,3.608250,3.635375,25
1,1,448,128,unblocked,1,3.607167,3.590000,3.651042,25
1,4,480,448,unblocked,1,11.804209,11.715084,11.923042,13
1,4,448,128,reduced,1,3.524167,3.514291,3.550958,25
1,4,512,128,reduced,1,3.659000,3.649083,3.690125,25
1,1,448,448,unblocked,1,9.763500,9.717094,9.796010,16
1,4,416,64,unblocked,1,2.599292,2.560042,2.705208,25
1,4,416,448,unblocked,1,9.330958,9.286927,9.379969,16
1,1,384,32,reduced,1,1.319750,1.290459,1.457833,25
1,1,480,32,unblocked,1,2.361959,2.345708,2.372208,25
1,1,480,448,unblocked,1,10.662542,10.638125,10.680084,15
1,4,512,448,reduced,1,12.882812,12.829448,12.914458,12
1,4,480,32,reduced,1,1.334917,1.229792,1.443667,25
1,4,416,32,unblocked,1,2.033875,2.010875,2.074375,25
1,1,384,64,unblocked,1,2.118125,2.091000,2.545625,25
1,4,480,64,unblocked,1,3.117875,3.088458,3.189666,25
1,1,448,32,unblocked,1,2.151000,2.120000,2.388375,25
1,4,448,64,unblocked,1,2.787208,2.745000,3.146875,25
1,1,384,448,unblocked,1,7.473583,7.439791,7.485917,21
1,1,416,128,unblocked,1,3.315459,3.299500,3.355792,25
0,1,8,8,unblocked,1,0.469094,0,0,0
0,1,8,8,reduced,1,1.237994,0,0,0
0,1,8,8,complete,1,1.211075,0,0,0
0,2,8,8,unblocked,1,0.420873,0,0,0
0,2,8,8,reduced,1,1.286331,0,0,0
0,2,8,8,complete,1,1.358971,0,0,0
0,4,8,8,unblocked,1,0.472819,0,0,0
0,4,8,8,reduced,1,1.304233,0,0,0
0,4,8,8,complete,1,1.383379,0,0,0
0,8,8,8,unblocked,1,0.480704,0,0,0
0,8,8,8,reduced,1,1.317910,0,0,0
0,8,8,8,complete,1,1.341583,0,0,0
0,16,8,8,unblocked,1,0.425173,0,0,0
0,16,8,8,reduced,1,1.349021,0,0,0
0,16,8,8,complete,1,1.290296,0,0,0
0,32,8,8,unblocked,1,0.435394,0,0,0
0,32,8,8,reduced,1,1.996500,0,0,0
0,32,8,8,complete,1,1.885515,0,0,0
0,64,8,8,unblocked,1,0.527260,0,0,0
0,64,8,8,reduced,1,3.040640,0,0,0
0,64,8,8,complete,1,3.040181,0,0,0
0,128,8,8,unblocked,1,0.796771,0,0,0
0,128,8,8,reduced,1,5.606156,0,0,0
0,128,8,8,complete,1,5.711467,0,0,0
0,256,8,8,unblocked,1,1.064021,0,0,0
0,256,8,8,reduced,1,11.106583,0,0,0
0,256,8,8,complete,1,11.079390,0,0,0
0,512,8,8,unblocked,1,1.738469,0,0,0
0,512,8,8,reduced,1,21.984411,0,0,0
0,512,8,8,complete,1,22.325708,0,0,0
0,1024,8,8,unblocked,1,2.371158,0,0,0
0,1024,8,8,reduced,1,43.496989,0,0,0
0,1024,8,8,complete,1,44.078990,0,0,0
0,2048,8,8,unblocked,1,3.744008,0,0,0
0,2048,8,8,reduced,1,86.644542,0,0,0
0,2048,8,8,complete,1,86.875597,0,0,0
0,1,16,16,unblocked,1,0.476273,0,0,0
0,1,16,16,reduced,1,1.290429,0,0,0
0,1,16,16,complete,1,1.257996,0,0,0
0,2,16,16,unblocked,1,0.688110,0,0,0
0,2,16,16,reduced,1,1.300869,0,0,0
0,2,16,16,complete,1,1.314415,0,0,0
0,4,16,16,unblocked,1,0.567558,0,0,0
0,4,16,16,reduced,1,1.526323,0,0,0
0,4,16,16,complete,1,1.323473,0,0,0
0,8,16,16,unblocked,1,0.614552,0,0,0
0,8,16,16,reduced,1,1.261102,0,0,0
0,8,16,16,complete,1,1.241333,0,0,0
0,16,16,16,unblocked,1,0.521773,0,0,0
0,16,16,16,reduced,1,1.553794,0,0,0
0,16,16,16,complete,1,1.342498,0,0,0
0,32,16,16,unblocked,1,0.505154,0,0,0
0,32,16,16,reduced,1,1.985485,0,0,0
0,32,16,16,complete,1,2.107527,0,0,0
0,64,16,16,unblocked,1,0.570646,0,0,0
0,64,16,16,reduced,1,3.136679,0,0,0
0,64,16,16,complete,1,3.181914,0,0,0
0,128,16,16,unblocked,1,0.977390,0,0,0
0,128,16,16,reduced,1,5.834379,0,0,0
0,128,16,16,complete,1,5.828448,0,0,0
0,256,16,16,unblocked,1,1.453331,0,0,0
0,256,16,16,reduced,1,11.201065,0,0,0
0,256,16,16,complete,1,11.206202,0,0,0
0,512,16,16,unblocked,1,2.416627,0,0,0
0,512,16,16,reduced,1,22.015815,0,0,0
0,512,16,16,complete,1,22.200268,0,0,0
0,1024,16,16,unblocked,1,3.390079,0,0,0
0,1024,16,16,reduced,1,43.992677,0,0,0
0,1024,16,16,complete,1,44.022833,0,0,0
0,2048,16,16,unblocked,1,5.502985,0,0,0
0,2048,16,16,reduced,1,87.589514,0,0,0
0,2048,16,16,complete,1,87.607042,0,0,0
0,1,32,32,unblocked,1,0.708256,0,0,0
0,1,32,32,reduced,1,1.130608,0,0,0
0,1,32,32,complete,1,1.249148,0,0,0
0,2,32,32,unblocked,1,0.746686,0,0,0
0,2,32,32,reduced,1,1.222963,0,0,0
0,2,32,32,complete,1,1.292319,0,0,0
0,4,32,32,unblocked,1,0.740856,0,0,0
0,4,32,32,reduced,1,1.345281,0,0,0
0,4,32,32,complete,1,1.356333,0,0,0
0,8,32,32,unblocked,1,0.746442,0,0,0
0,8,32,32,reduced,1,1.315242,0,0,0
0,8,32,32,complete,1,1.261121,0,0,0
0,16,32,32,unblocked,1,0.768075,0,0,0
0,16,32,32,reduced,1,1.483031,0,0,0
0,16,32,32,complete,1,1.463037,0,0,0
0,32,32,32,unblocked,1,0.788175,0,0,0
0,32,32,32,reduced,1,2.060294,0,0,0
0,32,32,32,complete,1,2.140408,0,0,0
0,64,32,32,unblocked,1,0.877802,0,0,0
0,64,32,32,reduced,1,3.332039,0,0,0
0,64,32,32,complete,1,3.448710,0,0,0
0,128,32,32,unblocked,1,2.013294,0,0,0
0,128,32,32,reduced,1,6.100469,0,0,0
0,128,32,32,complete,1,6.000765,0,0,0
0,256,32,32,unblocked,1,3.196733,0,0,0
0,256,32,32,reduced,1,11.501030,0,0,0
0,256,32,32,complete,1,11.587314,0,0,0
0,512,32,32,unblocked,1,4.670098,0,0,0
0,512,32,32,reduced,1,22.806905,0,0,0
0,512,32,32,complete,1,22.752321,0,0,0
0,1024,32,32,unblocked,1,7.839856,0,0,0
0,1024,32,32,reduced,1,46.124927,0,0,0
0,1024,32,32,complete,1,46.700114,0,0,0
0,2048,32,32,unblocked,1,14.084367,0,0,0
0,2048,32,32,reduced,1,91.057764,0,0,0
0,2048,32,32,complete,1,92.053695,0,0,0
0,1,48,48,unblocked,1,1.000098,0,0,0
0,1,48,48,reduced,1,1.680809,0,0,0
0,1,48,48,complete,1,1.773342,0,0,0
0,2,48,48,unblocked,1,1.101717,0,0,0
0,2,48,48,reduced,1,2.004431,0,0,0
0,2,48,48,complete,1,1.922867,0,0,0
0,4,48,48,unblocked,1,1.113652,0,0,0
0,4,48,48,reduced,1,2.016554,0,0,0
0,4,48,48,complete,1,1.782510,0,0,0
0,8,48,48,unblocked,1,1.038494,0,0,0
0,8,48,48,reduced,1,2.047635,0,0,0
0,8,48,48,complete,1,1.926512,0,0,0
0,16,48,48,unblocked,1,1.075046,0,0,0
0,16,48,48,reduced,1,2.188410,0,0,0
0,16,48,48,complete,1,2.108548,0,0,0
0,32,48,48,unblocked,1,1.195381,0,0,0
0,32,48,48,reduced,1,3.475852,0,0,0
0,32,48,48,complete,1,3.444033,0,0,0
0,64,48,48,unblocked,1,2.092169,0,0,0
0,64,48,48,reduced,1,6.372167,0,0,0
0,64,48,48,complete,1,6.140629,0,0,0
0,128,48,48,unblocked,1,4.112158,0,0,0
0,128,48,48,reduced,1,11.958304,0,0,0
0,128,48,48,complete,1,12.062221,0,0,0
0,256,48,48,unblocked,1,5.244602,0,0,0
0,256,48,48,reduced,1,23.813827,0,0,0
0,256,48,48,complete,1,23.759530,0,0,0
0,512,48,48,unblocked,1,8.782525,0,0,0
0,512,48,48,reduced,1,47.116594,0,0,0
0,512,48,48,complete,1,47.383760,0,0,0
0,1024,48,48,unblocked,1,16.712310,0,0,0
0,1024,48,48,reduced,1,93.119875,0,0,0
0,1024,48,48,complete,1,93.796222,0,0,0
0,2048,48,48,unblocked,1,32.521150,0,0,0
0,2048,48,48,reduced,1,186.110028,0,0,0
0,2048,48,48,complete,1,188.142903,0,0,0
0,1,64,64,unblocked,1,1.202288,0,0,0
0,1,64,64,reduced,1,1.884658,0,0,0
0,1,64,64,complete,1,1.811181,0,0,0
0,2,64,64,unblocked,1,1.253123,0,0,0
0,2,64,64,reduced,1,2.071027,0,0,0
0,2,64,64,complete,1,1.745140,0,0,0
0,4,64,64,unblocked,1,1.264310,0,0,0
0,4,64,64,reduced,1,2.156579,0,0,0
0,4,64,64,complete,1,1.771062,0,0,0
0,8,64,64,unblocked,1,1.287146,0,0,0
0,8,64,64,reduced,1,2.183435,0,0,0
0,8,64,64,complete,1,2.050852,0,0,0
0,16,64,64,unblocked,1,1.353686,0,0,0
0,16,64,64,reduced,1,2.466004,0,0,0
0,16,64,64,complete,1,2.219685,0,0,0
0,32,64,64,unblocked,1,1.539940,0,0,0
0,32,64,64,reduced,1,3.415515,0,0,0
0,32,64,64,complete,1,3.473823,0,0,0
0,64,64,64,unblocked,1,3.193831,0,0,0
0,64,64,64,reduced,1,6.941935,0,0,0
0,64,64,64,complete,1,6.963517,0,0,0
0,128,64,64,unblocked,1,4.680919,0,0,0
0,128,64,64,reduced,1,12.936007,0,0,0
0,128,64,64,complete,1,13.086351,0,0,0
0,256,64,64,unblocked,1,8.083261,0,0,0
0,256,64,64,reduced,1,25.935597,0,0,0
0,256,64,64,complete,1,25.559090,0,0,0
0,512,64,64,unblocked,1,14.129667,0,0,0
0,512,64,64,reduced,1,50.590833,0,0,0
0,512,64,64,complete,1,50.061833,0,0,0
0,1024,64,64,unblocked,1,26.768702,0,0,0
0,1024,64,64,reduced,1,101.822528,0,0,0
0,1024,64,64,complete,1,101.677208,0,0,0
0,2048,64,64,unblocked,1,55.145958,0,0,0
0,2048,64,64,reduced,1,202.233764,0,0,0
0,2048,64,64,complete,1,202.086278,0,0,0
0,1,96,96,unblocked,1,1.542556,0,0,0
0,1,96,96,reduced,1,2.197519,0,0,0
0,1,96,96,complete,1,2.554331,0,0,0
0,2,96,96,unblocked,1,1.779564,0,0,0
0,2,96,96,reduced,1,2.231465,0,0,0
0,2,96,96,complete,1,2.527591,0,0,0
0,4,96,96,unblocked,1,1.842504,0,0,0
0,4,96,96,reduced,1,2.432208,0,0,0
0,4,96,96,complete,1,2.460783,0,0,0
0,8,96,96,unblocked,1,1.919790,0,0,0
0,8,96,96,reduced,1,2.708769,0,0,0
0,8,96,96,complete,1,2.490786,0,0,0
0,16,96,96,unblocked,1,2.395512,0,0,0
0,16,96,96,reduced,1,3.292102,0,0,0
0,16,96,96,complete,1,3.026300,0,0,0
0,32,96,96,unblocked,1,3.527039,0,0,0
0,32,96,96,reduced,1,5.437346,0,0,0
0,32,96,96,complete,1,5.494454,0,0,0
0,64,96,96,unblocked,1,5.374317,0,0,0
0,64,96,96,reduced,1,10.109136,0,0,0
0,64,96,96,complete,1,10.471011,0,0,0
0,128,96,96,unblocked,1,10.178497,0,0,0
0,128,96,96,reduced,1,19.826526,0,0,0
0,128,96,96,complete,1,20.611302,0,0,0
0,256,96,96,unblocked,1,19.522156,0,0,0
0,256,96,96,reduced,1,40.522385,0,0,0
0,256,96,96,complete,1,40.924636,0,0,0
0,512,96,96,unblocked,1,38.216416,0,0,0
0,512,96,96,reduced,1,81.170083,0,0,0
0,512,96,96,complete,1,81.854917,0,0,0
0,1024,96,96,unblocked,1,73.243347,0,0,0
0,1024,96,96,reduced,1,162.685653,0,0,0
0,1024,96,96,complete,1,155.594222,0,0,0
0,2048,96,96,unblocked,1,153.449625,0,0,0
0,2048,96,96,reduced,1,322.371389,0,0,0
0,2048,96,96,complete,1,327.091666,0,0,0
0,1,128,128,unblocked,1,1.967456,0,0,0
0,1,128,128,reduced,1,2.793560,0,0,0
0,1,128,128,complete,1,2.940702,0,0,0
0,2,128,128,unblocked,1,2.255504,0,0,0
0,2,128,128,reduced,1,2.997392,0,0,0
0,2,128,128,complete,1,3.007942,0,0,0
0,4,128,128,unblocked,1,2.043004,0,0,0
0,4,128,128,reduced,1,2.881938,0,0,0
0,4,128,128,complete,1,3.149490,0,0,0
0,8,128,128,unblocked,1,2.603196,0,0,0
0,8,128,128,reduced,1,3.240798,0,0,0
0,8,128,128,complete,1,3.243477,0,0,0
0,16,128,128,unblocked,1,2.897460,0,0,0
0,16,128,128,reduced,1,4.024489,0,0,0
0,16,128,128,complete,1,3.797750,0,0,0
0,32,128,128,unblocked,1,4.434519,0,0,0
0,32,128,128,reduced,1,7.382090,0,0,0
0,32,128,128,complete,1,7.330800,0,0,0
0,64,128,128,unblocked,1,8.481093,0,0,0
0,64,128,128,reduced,1,14.054519,0,0,0
0,64,128,128,complete,1,14.105064,0,0,0
0,128,128,128,unblocked,1,14.395072,0,0,0
0,128,128,128,reduced,1,27.757847,0,0,0
0,128,128,128,complete,1,29.296243,0,0,0
0,256,128,128,unblocked,1,29.190312,0,0,0
0,256,128,128,reduced,1,56.203375,0,0,0
0,256,128,128,complete,1,58.336708,0,0,0
0,512,128,128,unblocked,1,61.421973,0,0,0
0,512,128,128,reduced,1,110.895112,0,0,0
0,512,128,128,complete,1,120.596208,0,0,0
0,1024,128,128,unblocked,1,118.377736,0,0,0
0,1024,128,128,reduced,1,229.037694,0,0,0
0,1024,128,128,complete,1,224.584791,0,0,0
0,2048,128,128,unblocked,1,224.726583,0,0,0
0,2048,128,128,reduced,1,463.815431,0,0,0
0,2048,128,128,complete,1,460.190306,0,0,0
0,1,192,192,unblocked,1,2.719381,0,0,0
0,1,192,192,reduced,1,4.346010,0,0,0
0,1,192,192,complete,1,4.256394,0,0,0
0,2,192,192,unblocked,1,3.031609,0,0,0
0,2,192,192,reduced,1,4.464358,0,0,0
0,2,192,192,complete,1,4.276506,0,0,0
0,4,192,192,unblocked,1,3.123356,0,0,0
0,4,192,192,reduced,1,4.483592,0,0,0
0,4,192,192,complete,1,4.507262,0,0,0
0,8,192,192,unblocked,1,3.579252,0,0,0
0,8,192,192,reduced,1,5.242798,0,0,0
0,8,192,192,complete,1,4.973300,0,0,0
0,16,192,192,unblocked,1,5.566360,0,0,0
0,16,192,192,reduced,1,6.288342,0,0,0
0,16,192,192,complete,1,6.418623,0,0,0
0,32,192,192,unblocked,1,10.361578,0,0,0
0,32,192,192,reduced,1,12.337336,0,0,0
0,32,192,192,complete,1,12.228743,0,0,0
0,64,192,192,unblocked,1,21.235609,0,0,0
0,64,192,192,reduced,1,24.208077,0,0,0
0,64,192,192,complete,1,24.393964,0,0,0
0,128,192,192,unblocked,1,40.917604,0,0,0
0,128,192,192,reduced,1,47.821875,0,0,0
0,128,192,192,complete,1,48.241896,0,0,0
0,256,192,192,unblocked,1,81.554333,0,0,0
0,256,192,192,reduced,1,93.993680,0,0,0
0,256,192,192,complete,1,94.113556,0,0,0
0,512,192,192,unblocked,1,164.575847,0,0,0
0,512,192,192,reduced,1,187.260431,0,0,0
0,512,192,192,complete,1,187.424125,0,0,0
0,1024,192,192,unblocked,1,323.136833,0,0,0
0,1024,192,192,reduced,1,369.401042,0,0,0
0,1024,192,192,complete,1,373.834819,0,0,0
0,2048,192,192,unblocked,1,639.021167,0,0,0
0,2048,192,192,reduced,1,746.121792,0,0,0
0,2048,192,192,complete,1,743.081931,0,0,0
0,1,256,256,unblocked,1,3.659788,0,0,0
0,1,256,256,reduced,1,5.477754,0,0,0
0,1,256,256,complete,1,5.587796,0,0,0
0,2,256,256,unblocked,1,3.661373,0,0,0
0,2,256,256,reduced,1,5.716312,0,0,0
0,2,256,256,complete,1,5.581260,0,0,0
0,4,256,256,unblocked,1,4.096088,0,0,0
0,4,256,256,reduced,1,6.070138,0,0,0
0,4,256,256,complete,1,6.231723,0,0,0
0,8,256,256,unblocked,1,4.938748,0,0,0
0,8,256,256,reduced,1,6.775958,0,0,0
0,8,256,256,complete,1,6.830681,0,0,0
0,16,256,256,unblocked,1,8.408375,0,0,0
0,16,256,256,reduced,1,9.029809,0,0,0
0,16,256,256,complete,1,9.532620,0,0,0
0,32,256,256,unblocked,1,16.102096,0,0,0
0,32,256,256,reduced,1,18.617815,0,0,0
0,32,256,256,complete,1,18.814922,0,0,0
0,64,256,256,unblocked,1,32.323991,0,0,0
0,64,256,256,reduced,1,36.602633,0,0,0
0,64,256,256,complete,1,36.679034,0,0,0
0,128,256,256,unblocked,1,65.787445,0,0,0
0,128,256,256,reduced,1,72.712486,0,0,0
0,128,256,256,complete,1,71.704000,0,0,0
0,256,256,256,unblocked,1,129.108194,0,0,0
0,256,256,256,reduced,1,143.370695,0,0,0
0,256,256,256,complete,1,144.630666,0,0,0
0,512,256,256,unblocked,1,259.771056,0,0,0
0,512,256,256,reduced,1,303.433333,0,0,0
0,512,256,256,complete,1,297.382028,0,0,0
0,1024,256,256,unblocked,1,516.327417,0,0,0
0,1024,256,256,reduced,1,562.408000,0,0,0
0,1024,256,256,complete,1,563.750473,0,0,0
0,1,384,384,unblocked,1,7.243035,0,0,0
0,1,384,384,reduced,1,8.666889,0,0,0
0,1,384,384,complete,1,8.605488,0,0,0
0,2,384,384,unblocked,1,7.539836,0,0,0
0,2,384,384,reduced,1,9.072478,0,0,0
0,2,384,384,complete,1,9.096917,0,0,0
0,4,384,384,unblocked,1,8.086241,0,0,0
0,4,384,384,reduced,1,9.972297,0,0,0
0,4,384,384,complete,1,10.009606,0,0,0
0,8,384,384,unblocked,1,9.709328,0,0,0
0,8,384,384,reduced,1,11.740474,0,0,0
0,8,384,384,complete,1,12.564385,0,0,0
0,16,384,384,unblocked,1,18.994635,0,0,0
0,16,384,384,reduced,1,18.648301,0,0,0
0,16,384,384,complete,1,18.929229,0,0,0
0,32,384,384,unblocked,1,37.708813,0,0,0
0,32,384,384,reduced,1,36.518650,0,0,0
0,32,384,384,complete,1,37.612532,0,0,0
0,64,384,384,unblocked,1,73.159125,0,0,0
0,64,384,384,reduced,1,72.152653,0,0,0
0,64,384,384,complete,1,69.960250,0,0,0
0,128,384,384,unblocked,1,148.937792,0,0,0
0,128,384,384,reduced,1,141.997778,0,0,0
0,128,384,384,complete,1,140.175181,0,0,0
0,256,384,384,unblocked,1,296.952750,0,0,0
0,256,384,384,reduced,1,278.841125,0,0,0
0,256,384,384,complete,1,282.876861,0,0,0
0,512,384,384,unblocked,1,611.118916,0,0,0
0,512,384,384,reduced,1,566.625472,0,0,0
0,512,384,384,complete,1,557.125084,0,0,0
0,1,512,512,unblocked,1,12.588938,0,0,0
0,1,512,512,reduced,1,12.126067,0,0,0
0,1,512,512,complete,1,12.091811,0,0,0
0,2,512,512,unblocked,1,13.111889,0,0,0
0,2,512,512,reduced,1,13.749254,0,0,0
0,2,512,512,complete,1,13.008816,0,0,0
0,4,512,512,unblocked,1,14.151008,0,0,0
0,4,512,512,reduced,1,15.173479,0,0,0
0,4,512,512,complete,1,15.411975,0,0,0
0,8,512,512,unblocked,1,19.383703,0,0,0
0,8,512,512,reduced,1,19.608896,0,0,0
0,8,512,512,complete,1,20.470495,0,0,0
0,16,512,512,unblocked,1,37.961937,0,0,0
0,16,512,512,reduced,1,32.231000,0,0,0
0,16,512,512,complete,1,33.000867,0,0,0
0,32,512,512,unblocked,1,72.188236,0,0,0
0,32,512,512,reduced,1,64.576097,0,0,0
0,32,512,512,complete,1,61.766069,0,0,0
0,64,512,512,unblocked,1,146.054931,0,0,0
0,64,512,512,reduced,1,123.046139,0,0,0
0,64,512,512,complete,1,122.926959,0,0,0
0,128,512,512,unblocked,1,300.324542,0,0,0
0,128,512,512,reduced,1,277.860430,0,0,0
0,128,512,512,complete,1,245.858347,0,0,0
0,256,512,512,unblocked,1,593.125556,0,0,0
0,256,512,512,reduced,1,492.808625,0,0,0
0,256,512,512,complete,1,473.798319,0,0,0
0,1,768,768,unblocked,1,33.532692,0,0,0
0,1,768,768,reduced,1,20.523297,0,0,0
0,1,768,768,complete,1,20.488739,0,0,0
0,2,768,768,unblocked,1,34.901892,0,0,0
0,2,768,768,reduced,1,23.237250,0,0,0
0,2,768,768,complete,1,23.719131,0,0,0
0,4,768,768,unblocked,1,37.802042,0,0,0
0,4,768,768,reduced,1,31.104634,0,0,0
0,4,768,768,complete,1,32.225583,0,0,0
0,8,768,768,unblocked,1,55.829486,0,0,0
0,8,768,768,reduced,1,46.951917,0,0,0
0,8,768,768,complete,1,47.705458,0,0,0
0,16,768,768,unblocked,1,108.363208,0,0,0
0,16,768,768,reduced,1,81.136070,0,0,0
0,16,768,768,complete,1,91.274473,0,0,0
0,32,768,768,unblocked,1,210.179500,0,0,0
0,32,768,768,reduced,1,157.870875,0,0,0
0,32,768,768,complete,1,159.418958,0,0,0
0,64,768,768,unblocked,1,421.199000,0,0,0
0,64,768,768,reduced,1,308.076569,0,0,0
0,64,768,768,complete,1,304.610097,0,0,0
0,128,768,768,unblocked,1,817.158166,0,0,0
0,128,768,768,reduced,1,623.555222,0,0,0
0,128,768,768,complete,1,608.346389,0,0,0
0,1,1024,1024,unblocked,1,68.118903,0,0,0
0,1,1024,1024,reduced,1,30.660675,0,0,0
0,1,1024,1024,complete,1,30.975683,0,0,0
0,2,1024,1024,unblocked,1,69.673431,0,0,0
0,2,1024,1024,reduced,1,38.699135,0,0,0
0,2,1024,1024,complete,1,39.844917,0,0,0
0,4,1024,1024,unblocked,1,76.082056,0,0,0
0,4,1024,1024,reduced,1,55.407139,0,0,0
0,4,1024,1024,complete,1,54.315278,0,0,0
0,8,1024,1024,unblocked,1,126.322306,0,0,0
0,8,1024,1024,reduced,1,93.777153,0,0,0
0,8,1024,1024,complete,1,95.591278,0,0,0
0,16,1024,1024,unblocked,1,278.208430,0,0,0
0,16,1024,1024,reduced,1,163.665542,0,0,0
0,16,1024,1024,complete,1,166.260944,0,0,0
0,32,1024,1024,unblocked,1,475.415111,0,0,0
0,32,1024,1024,reduced,1,316.878736,0,0,0
0,32,1024,1024,complete,1,315.258764,0,0,0
0,64,1024,1024,unblocked,1,967.677499,0,0,0
0,64,1024,1024,reduced,1,632.055264,0,0,0
0,64,1024,1024,complete,1,651.617430,0,0,0
