pass,batch,N,backend,ok,ms,p25,p75,reps
0,4096,48,tg,1,60.535250,60.485708,60.991958,5
0,4096,48,block,1,86.710041,86.707167,87.085584,5
0,4096,48,ql,1,17.384958,17.295917,17.459792,9
0,4096,48,cpu,1,23.034500,22.956854,23.288812,7
0,4096,48,tg_vals,1,52.291375,52.221125,52.457417,5
0,4096,48,block_vals,1,76.777584,76.774458,76.787834,5
0,4096,48,ql_vals,1,11.953417,11.893542,11.980666,13
0,4096,48,cpu_vals,1,9.919708,9.878937,9.960239,16
0,2048,32,simd,1,11.414333,11.340073,11.498052,14
0,2048,32,tg,1,8.770458,8.737833,8.918500,17
0,2048,32,block,1,10.199917,10.106874,10.280625,15
0,2048,32,ql,1,2.936334,2.885875,2.962208,25
0,2048,32,cpu,1,4.920500,4.849792,5.377166,25
0,2048,32,simd_vals,1,7.711479,7.645417,7.761687,20
0,2048,32,tg_vals,1,7.454292,7.404959,7.483334,21
0,2048,32,block_vals,1,9.309958,9.190916,9.326709,17
0,2048,32,ql_vals,1,1.800583,1.765250,1.810292,25
0,2048,32,cpu_vals,1,2.237041,1.789875,2.305083,25
0,8,384,tg,1,238.364458,238.256041,238.435791,5
0,8,384,block,1,32.257333,32.195583,32.342416,5
0,8,384,cpu,1,6.375500,6.069677,6.551687,24
0,8,384,tridiag,1,72.358834,72.150833,72.822208,5
0,8,384,tg_vals,1,189.971125,189.967250,189.977125,5
0,8,384,block_vals,1,28.106625,27.943229,28.165802,6
0,8,384,cpu_vals,1,3.161208,3.092709,3.657500,25
0,8,384,tridiag_vals,1,57.826958,57.728208,57.889834,5
0,4096,8,simd,1,0.559042,0.554333,0.567625,25
0,4096,8,tg,1,0.563250,0.558292,0.566375,25
0,4096,8,ql,1,0.586959,0.581708,0.592667,25
0,4096,8,cpu,1,0.770667,0.763375,0.830833,25
0,4096,8,simd_vals,1,0.484375,0.476041,0.493875,25
0,4096,8,tg_vals,1,0.485625,0.478292,0.492416,25
0,4096,8,ql_vals,1,0.431875,0.425750,0.438667,25
0,4096,8,cpu_vals,1,0.441208,0.416500,0.639708,25
0,4096,4,simd,1,0.318125,0.308875,0.327208,25
0,4096,4,tg,1,0.319792,0.313375,0.330250,25
0,4096,4,ql,1,0.290792,0.282208,0.294875,25
0,4096,4,cpu,1,0.359583,0.350833,0.629750,25
0,4096,4,simd_vals,1,0.258250,0.244666,0.263916,25
0,4096,4,tg_vals,1,0.261292,0.254500,0.267834,25
0,4096,4,ql_vals,1,0.245875,0.241791,0.249250,25
0,4096,4,cpu_vals,1,0.208583,0.195042,0.317625,25
0,2,768,block,1,74.174709,74.163333,74.419833,5
0,2,768,cpu,1,21.189937,20.944614,21.335000,8
0,2,768,tridiag,1,46.019958,45.945542,46.158250,5
0,2,768,block_vals,1,65.491416,65.484208,65.533834,5
0,2,768,cpu_vals,1,11.270709,10.855041,12.702667,13
0,2,768,tridiag_vals,1,36.147833,36.140875,36.778375,5
0,4,2,simd,1,0.148666,0.139166,0.215958,25
0,4,2,tg,1,0.164083,0.142083,0.185666,25
0,4,2,ql,1,0.150916,0.142875,0.157833,25
0,4,2,cpu,1,0.006083,0.004458,0.009125,25
0,4,2,simd_vals,1,0.158875,0.150125,0.168792,25
0,4,2,tg_vals,1,0.139709,0.136125,0.154375,25
0,4,2,ql_vals,1,0.149583,0.135042,0.168667,25
0,4,2,cpu_vals,1,0.004291,0.002625,0.004750,25
0,2,16,simd,1,0.319417,0.314417,0.336166,25
0,2,16,tg,1,0.226250,0.208833,0.247250,25
0,2,16,ql,1,0.256667,0.251042,0.262042,25
0,2,16,cpu,1,0.020167,0.019500,0.022000,25
0,2,16,simd_vals,1,0.312959,0.306958,0.323667,25
0,2,16,tg_vals,1,0.212875,0.207542,0.228666,25
0,2,16,ql_vals,1,0.219334,0.210167,0.254334,25
0,2,16,cpu_vals,1,0.009667,0.009458,0.010333,25
0,1,8,simd,1,0.167291,0.156500,0.174708,25
0,1,8,tg,1,0.181125,0.168041,0.191209,25
0,1,8,ql,1,0.171667,0.163167,0.181417,25
0,1,8,cpu,1,0.004459,0.004250,0.004834,25
0,1,8,simd_vals,1,0.174083,0.156500,0.218916,25
0,1,8,tg_vals,1,0.163333,0.156042,0.173208,25
0,1,8,ql_vals,1,0.155584,0.150209,0.163083,25
0,1,8,cpu_vals,1,0.002459,0.002417,0.002541,25
0,64,8,simd,1,0.180916,0.165250,0.190167,25
0,64,8,tg,1,0.175625,0.163875,0.181375,25
0,64,8,ql,1,0.178750,0.169959,0.198459,25
0,64,8,cpu,1,0.082542,0.077167,0.170584,25
0,64,8,simd_vals,1,0.168375,0.157417,0.184750,25
0,64,8,tg_vals,1,0.169209,0.160875,0.182709,25
0,64,8,ql_vals,1,0.155875,0.153583,0.164208,25
0,64,8,cpu_vals,1,0.091959,0.085458,0.095625,25
0,128,128,tg,1,49.617250,49.174917,50.373125,5
0,128,128,block,1,20.996979,20.928490,21.070958,8
0,128,128,cpu,1,6.375459,5.994885,6.569823,24
0,128,128,tridiag,1,306.878833,305.709458,310.352562,3
0,128,128,tg_vals,1,44.302291,44.067666,44.339208,5
0,128,128,block_vals,1,18.855041,18.769823,18.933636,8
0,128,128,cpu_vals,1,3.157292,2.690458,3.185292,25
0,128,128,tridiag_vals,1,246.894208,246.637000,250.623833,5
0,4,128,tg,1,8.024458,8.004355,8.038146,19
0,4,128,block,1,5.895291,5.766542,5.974000,25
0,4,128,cpu,1,0.588042,0.577709,0.599750,25
0,4,128,tridiag,1,9.489354,9.414125,9.560896,16
0,4,128,tg_vals,1,7.240792,7.225959,7.258625,21
0,4,128,block_vals,1,5.648083,5.546208,5.829500,25
0,4,128,cpu_vals,1,0.297584,0.296208,0.302792,25
0,4,128,tridiag_vals,1,7.683896,7.631333,7.725656,20
0,2,1024,block,1,137.892750,137.613125,138.096083,5
0,2,1024,cpu,1,46.454416,45.553250,46.580958,5
0,2,1024,tridiag,1,71.960125,71.766375,72.131083,5
0,2,1024,block_vals,1,113.507041,113.293583,113.535833,5
0,2,1024,cpu_vals,1,20.755854,19.870885,22.310927,8
0,2,1024,tridiag_vals,1,54.399458,53.967583,54.708333,5
0,256,192,tg,1,559.226625,556.123709,559.642646,3
0,256,192,block,1,138.551708,138.432250,139.101541,5
0,256,192,cpu,1,23.475042,23.472083,23.641687,7
0,256,192,tridiag,1,983.010000,982.770604,983.612208,3
0,256,192,tg_vals,1,278.461334,278.303416,281.309750,5
0,256,192,block_vals,1,107.060083,106.962917,107.210125,5
0,256,192,cpu_vals,1,11.881875,11.553917,12.094709,13
0,256,192,tridiag_vals,1,802.977208,802.420687,803.186479,3
0,1,12,simd,1,0.251833,0.244709,0.264125,25
0,1,12,tg,1,0.207042,0.202125,0.209208,25
0,1,12,ql,1,0.243958,0.221416,0.262541,25
0,1,12,cpu,1,0.006583,0.006541,0.006666,25
0,1,12,simd_vals,1,0.249125,0.238750,0.260959,25
0,1,12,tg_vals,1,0.203375,0.199667,0.205958,25
0,1,12,ql_vals,1,0.196292,0.183208,0.202708,25
0,1,12,cpu_vals,1,0.003334,0.003292,0.003417,25
0,512,384,block,1,2127.145792,2122.542521,2128.093479,3
0,512,384,cpu,1,211.690208,205.944292,214.039708,5
0,512,384,block_vals,1,1532.646417,1532.459604,1538.065708,3
0,512,384,cpu_vals,1,104.589000,104.485375,106.543375,5
0,64,48,tg,1,1.610833,1.595375,1.622750,25
0,64,48,block,1,3.843042,3.768208,3.922750,25
0,64,48,ql,1,0.926584,0.876916,0.932458,25
0,64,48,cpu,1,0.507125,0.466041,0.598875,25
0,64,48,tg_vals,1,1.429125,1.400666,1.436583,25
0,64,48,block_vals,1,3.636959,3.609667,3.771333,25
0,64,48,ql_vals,1,0.741250,0.728458,0.788875,25
0,64,48,cpu_vals,1,0.251584,0.234958,0.648334,25
0,2048,16,simd,1,1.388833,1.345667,1.396500,25
0,2048,16,tg,1,1.379292,1.347250,1.398416,25
0,2048,16,ql,1,0.985292,0.923708,0.992917,25
0,2048,16,cpu,1,1.341458,1.302083,1.375500,25
0,2048,16,simd_vals,1,1.169583,1.139959,1.189791,25
0,2048,16,tg_vals,1,1.160208,1.122791,1.175083,25
0,2048,16,ql_vals,1,0.609750,0.603500,0.622500,25
0,2048,16,cpu_vals,1,0.598500,0.564167,0.647000,25
0,4,12,simd,1,0.288209,0.282666,0.311208,25
0,4,12,tg,1,0.227208,0.212042,0.231958,25
0,4,12,ql,1,0.236584,0.223500,0.257125,25
0,4,12,cpu,1,0.020208,0.019375,0.020917,25
0,4,12,simd_vals,1,0.245083,0.236250,0.259417,25
0,4,12,tg_vals,1,0.202750,0.192542,0.211834,25
0,4,12,ql_vals,1,0.187500,0.180250,0.198583,25
0,4,12,cpu_vals,1,0.015500,0.014834,0.016584,25
0,1,768,block,1,61.389583,61.251584,61.392208,5
0,1,768,cpu,1,18.791458,18.671125,18.820834,9
0,1,768,tridiag,1,22.736625,22.688771,22.973958,7
0,1,768,block_vals,1,56.077375,56.010875,56.183792,5
0,1,768,cpu_vals,1,9.799229,9.773125,9.811552,16
0,1,768,tridiag_vals,1,17.678375,17.556333,18.035292,9
0,2,384,tg,1,203.167625,203.114708,203.186458,5
0,2,384,block,1,21.773542,21.646646,21.808187,7
0,2,384,cpu,1,5.036209,4.881375,5.063250,25
0,2,384,tridiag,1,18.379167,18.147625,18.673375,9
0,2,384,tg_vals,1,190.592916,190.487042,190.628958,5
0,2,384,block_vals,1,20.434916,20.378437,20.471353,8
0,2,384,cpu_vals,1,2.444584,2.437584,2.451625,25
0,2,384,tridiag_vals,1,14.495208,14.429500,14.507834,11
0,128,2,simd,1,0.143959,0.139792,0.160416,25
0,128,2,tg,1,0.144292,0.137333,0.163500,25
0,128,2,ql,1,0.168834,0.158500,0.182125,25
0,128,2,cpu,1,0.055083,0.052000,0.057917,25
0,128,2,simd_vals,1,0.143250,0.138250,0.157584,25
0,128,2,tg_vals,1,0.139416,0.137000,0.149375,25
0,128,2,ql_vals,1,0.137667,0.135792,0.146000,25
0,128,2,cpu_vals,1,0.028917,0.028792,0.029458,25
0,8,128,tg,1,8.031708,8.016979,8.039646,19
0,8,128,block,1,6.145708,6.057458,6.190667,25
0,8,128,cpu,1,0.655375,0.651833,0.664834,25
0,8,128,tridiag,1,18.939750,18.869667,18.975115,8
0,8,128,tg_vals,1,7.215875,7.188333,7.221167,21
0,8,128,block_vals,1,5.854750,5.790125,5.911500,25
0,8,128,cpu_vals,1,0.376208,0.371959,0.388917,25
0,8,128,tridiag_vals,1,15.530521,15.454490,15.699812,10
0,4,16,simd,1,0.323333,0.318875,0.336583,25
0,4,16,tg,1,0.223583,0.212625,0.233583,25
0,4,16,ql,1,0.244708,0.233875,0.254875,25
0,4,16,cpu,1,0.023833,0.022709,0.026666,25
0,4,16,simd_vals,1,0.308000,0.300250,0.317583,25
0,4,16,tg_vals,1,0.209666,0.199375,0.221625,25
0,4,16,ql_vals,1,0.215375,0.201250,0.234291,25
0,4,16,cpu_vals,1,0.022792,0.020167,0.025042,25
0,512,2,simd,1,0.160750,0.140584,0.182959,25
0,512,2,tg,1,0.140209,0.132292,0.151208,25
0,512,2,ql,1,0.144417,0.137083,0.161917,25
0,512,2,cpu,1,0.183750,0.086542,0.193375,25
0,512,2,simd_vals,1,0.140709,0.134833,0.148084,25
0,512,2,tg_vals,1,0.146083,0.136792,0.149750,25
0,512,2,ql_vals,1,0.135084,0.131375,0.152000,25
0,512,2,cpu_vals,1,0.081292,0.079292,0.085000,25
0,32,128,tg,1,14.173750,14.157333,14.225979,11
0,32,128,block,1,8.004958,7.963063,8.129208,19
0,32,128,cpu,1,1.469583,1.449959,1.486750,25
0,32,128,tridiag,1,75.732416,75.729958,75.818709,5
0,32,128,tg_vals,1,12.122458,12.107125,12.151917,13
0,32,128,block_vals,1,7.421875,7.361167,7.466292,21
0,32,128,cpu_vals,1,0.741750,0.731167,0.759041,25
0,32,128,tridiag_vals,1,61.595125,61.525583,61.814042,5
0,32,192,tg,1,64.703500,63.564834,64.867125,5
0,32,192,block,1,18.627125,18.418166,18.693583,9
0,32,192,cpu,1,3.452084,3.380333,4.009958,25
0,32,192,tridiag,1,123.161000,123.046834,123.291625,5
0,32,192,tg_vals,1,42.820167,42.751750,42.849792,5
0,32,192,block_vals,1,16.923583,16.888791,16.980208,9
0,32,192,cpu_vals,1,2.211584,1.815292,2.268167,25
0,32,192,tridiag_vals,1,101.153083,101.082375,101.198083,5
0,512,12,simd,1,0.393000,0.389459,0.407250,25
0,512,12,tg,1,0.367834,0.365625,0.368917,25
0,512,12,ql,1,0.308375,0.301208,0.314875,25
0,512,12,cpu,1,0.291667,0.288167,0.295542,25
0,512,12,simd_vals,1,0.344291,0.337667,0.350750,25
0,512,12,tg_vals,1,0.336292,0.326791,0.339541,25
0,512,12,ql_vals,1,0.251042,0.243375,0.256250,25
0,512,12,cpu_vals,1,0.179459,0.167167,0.196542,25
0,256,96,tg,1,37.512958,37.292375,37.547417,5
0,256,96,block,1,19.351021,19.304510,19.412803,8
0,256,96,cpu,1,5.937125,5.823709,6.049084,25
0,256,96,tg_vals,1,29.792479,29.430167,30.020948,6
0,256,96,block_vals,1,17.441125,17.365500,17.444292,9
0,256,96,cpu_vals,1,3.465500,3.063209,3.601292,25
0,1,192,tg,1,24.631500,24.588291,24.662687,7
0,1,192,block,1,8.801000,8.742635,8.849927,18
0,1,192,cpu,1,1.195250,1.173917,1.227333,25
0,1,192,tridiag,1,3.846959,3.801333,3.916500,25
0,1,192,tg_vals,1,23.137959,23.127750,23.153979,7
0,1,192,block_vals,1,8.645875,8.600781,8.704396,18
0,1,192,cpu_vals,1,0.590417,0.586917,0.596750,25
0,1,192,tridiag_vals,1,3.105750,3.088208,3.152833,25
0,128,64,tg,1,5.384209,5.361416,5.403500,25
0,128,64,block,1,5.480000,5.354417,5.569458,25
0,128,64,ql,1,2.635542,2.589209,2.647375,25
0,128,64,cpu,1,1.370750,1.354042,1.398458,25
0,128,64,tg_vals,1,4.764833,4.732791,4.786000,25
0,128,64,block_vals,1,5.184917,5.104583,5.307459,25
0,128,64,ql_vals,1,2.021459,1.988583,2.036292,25
0,128,64,cpu_vals,1,0.631750,0.585708,0.676417,25
0,4,8,simd,1,0.183333,0.168708,0.189958,25
0,4,8,tg,1,0.191875,0.187541,0.196291,25
0,4,8,ql,1,0.176417,0.168000,0.197208,25
0,4,8,cpu,1,0.018042,0.017291,0.019333,25
0,4,8,simd_vals,1,0.175167,0.157791,0.193042,25
0,4,8,tg_vals,1,0.178875,0.165209,0.185000,25
0,4,8,ql_vals,1,0.172167,0.157084,0.182250,25
0,4,8,cpu_vals,1,0.011666,0.010083,0.016125,25
0,2,2,simd,1,0.149583,0.139750,0.176708,25
0,2,2,tg,1,0.142458,0.140250,0.152000,25
0,2,2,ql,1,0.159209,0.143792,0.162083,25
0,2,2,cpu,1,0.002834,0.001875,0.003792,25
0,2,2,simd_vals,1,0.161959,0.160125,0.176000,25
0,2,2,tg_vals,1,0.150875,0.138875,0.181916,25
0,2,2,ql_vals,1,0.154583,0.139584,0.178209,25
0,2,2,cpu_vals,1,0.002667,0.002375,0.003459,25
0,1,3072,block,1,2200.436208,2195.304791,2203.654166,3
0,1,3072,cpu,1,710.913208,709.845145,711.250542,3
0,1,3072,tridiag,1,262.692959,262.425625,264.035125,5
0,1,3072,block_vals,1,1422.154542,1421.981917,1424.779042,3
0,1,3072,cpu_vals,1,211.980500,211.798875,212.276959,5
0,1,3072,tridiag_vals,1,186.772250,186.730250,187.069000,5
0,16,256,tg,1,84.753750,84.685625,84.777625,5
0,16,256,block,1,20.682083,20.589292,20.739146,8
0,16,256,cpu,1,3.526083,3.450625,3.947958,25
0,16,256,tridiag,1,85.496000,85.256542,85.620208,5
0,16,256,tg_vals,1,61.272834,61.214708,61.279167,5
0,16,256,block_vals,1,18.302542,18.158541,18.346708,9
0,16,256,cpu_vals,1,1.944375,1.568375,2.223625,25
0,16,256,tridiag_vals,1,70.950000,70.843125,70.970458,5
0,2,512,tg,1,480.949166,480.705895,481.195728,3
0,2,512,block,1,35.953625,35.807291,35.982458,5
0,2,512,cpu,1,9.824396,9.227698,9.881573,16
0,2,512,tridiag,1,26.421563,26.398459,26.658698,6
0,2,512,tg_vals,1,444.440375,444.380791,444.515584,3
0,2,512,block_vals,1,32.784208,32.753750,32.826625,5
0,2,512,cpu_vals,1,4.402125,4.378500,4.437375,25
0,2,512,tridiag_vals,1,21.015437,20.982156,21.189729,8
0,2,256,tg,1,55.152500,55.143583,55.175708,5
0,2,256,block,1,11.979917,11.869958,12.109625,13
0,2,256,cpu,1,2.142834,2.128875,2.163416,25
0,2,256,tridiag,1,10.714708,10.663646,10.764438,15
0,2,256,tg_vals,1,54.035750,54.025042,54.049250,5
0,2,256,block_vals,1,11.508792,11.413709,11.539802,14
0,2,256,cpu_vals,1,1.087666,1.081667,1.096084,25
0,2,256,tridiag_vals,1,8.815750,8.779416,8.831875,17
0,2048,2,simd,1,0.192500,0.184583,0.219292,25
0,2048,2,tg,1,0.185083,0.181917,0.190792,25
0,2048,2,ql,1,0.180375,0.176959,0.184875,25
0,2048,2,cpu,1,0.152167,0.146500,0.165292,25
0,2048,2,simd_vals,1,0.172083,0.160792,0.180875,25
0,2048,2,tg_vals,1,0.174084,0.164708,0.178667,25
0,2048,2,ql_vals,1,0.166208,0.160958,0.175208,25
0,2048,2,cpu_vals,1,0.114458,0.103250,0.129167,25
0,4096,32,simd,1,24.045542,23.934854,24.119416,7
0,4096,32,tg,1,16.998125,16.960000,17.074166,9
0,4096,32,block,1,17.985083,17.943500,18.086208,9
0,4096,32,ql,1,5.494709,5.459625,5.525958,25
0,4096,32,cpu,1,9.673604,9.555906,9.844656,16
0,4096,32,simd_vals,1,14.759750,14.684980,14.938417,11
0,4096,32,tg_vals,1,14.370833,14.331417,14.442750,11
0,4096,32,block_vals,1,15.548000,15.500813,15.693125,10
0,4096,32,ql_vals,1,3.259833,3.225042,3.287083,25
0,4096,32,cpu_vals,1,3.609458,3.508000,3.759958,25
0,512,64,tg,1,20.147042,19.954406,20.380229,8
0,512,64,block,1,13.362312,13.306666,13.478959,12
0,512,64,ql,1,6.520583,6.486479,6.620896,23
0,512,64,cpu,1,5.531708,5.453667,5.936709,25
0,512,64,tg_vals,1,16.988791,16.871666,17.120166,9
0,512,64,block_vals,1,12.243667,12.211416,12.356750,13
0,512,64,ql_vals,1,4.802458,4.346125,4.833417,25
0,512,64,cpu_vals,1,2.665958,2.131375,2.696042,25
0,8,24,simd,1,0.780167,0.744000,0.844167,25
0,8,24,tg,1,0.290625,0.281084,0.293709,25
0,8,24,ql,1,0.378791,0.374792,0.384583,25
0,8,24,cpu,1,0.073083,0.070375,0.075584,25
0,8,24,simd_vals,1,0.710167,0.679834,0.760833,25
0,8,24,tg_vals,1,0.270916,0.264666,0.272583,25
0,8,24,ql_vals,1,0.310375,0.305167,0.314583,25
0,8,24,cpu_vals,1,0.037875,0.036417,0.039750,25
0,16,1024,block,1,1177.634875,1174.049771,1177.785375,3
0,16,1024,cpu,1,129.999542,127.996083,132.323208,5
0,16,1024,tridiag,1,570.128792,570.106687,572.758417,3
0,16,1024,block_vals,1,788.104416,787.740667,792.432270,3
0,16,1024,cpu_vals,1,35.071750,34.277417,35.140166,5
0,16,1024,tridiag_vals,1,436.839000,435.970666,436.846354,3
0,16,12,simd,1,0.267750,0.258834,0.285958,25
0,16,12,tg,1,0.219666,0.214209,0.224458,25
0,16,12,ql,1,0.226291,0.215916,0.229792,25
0,16,12,cpu,1,0.063459,0.044208,0.084292,25
0,16,12,simd_vals,1,0.252000,0.240125,0.265292,25
0,16,12,tg_vals,1,0.195875,0.187959,0.202292,25
0,16,12,ql_vals,1,0.185125,0.181500,0.197208,25
0,16,12,cpu_vals,1,0.040375,0.039667,0.043000,25
0,16,768,block,1,500.645375,500.380167,500.927792,3
0,16,768,cpu,1,40.931500,40.862083,41.280625,5
0,16,768,tridiag,1,369.283458,369.088958,370.079791,3
0,16,768,block_vals,1,326.695375,326.562063,326.741875,3
0,16,768,cpu_vals,1,19.169396,19.102239,19.305583,8
0,16,768,tridiag_vals,1,288.189667,287.159291,288.326125,5
0,4,64,tg,1,1.247041,1.214959,1.297875,25
0,4,64,block,1,3.210292,3.152625,3.236333,25
0,4,64,ql,1,1.340500,1.311833,1.354750,25
0,4,64,cpu,1,0.168042,0.164250,0.174125,25
0,4,64,tg_vals,1,1.140542,1.122959,1.152708,25
0,4,64,block_vals,1,3.183625,3.130166,3.208292,25
0,4,64,ql_vals,1,0.999708,0.993750,1.013083,25
0,4,64,cpu_vals,1,0.133959,0.124083,0.138584,25
0,16,128,tg,1,8.080625,8.062772,8.104667,19
0,16,128,block,1,6.352063,6.274886,6.441240,24
0,16,128,cpu,1,0.798083,0.787458,1.116333,25
0,16,128,tridiag,1,37.920458,37.829125,37.922584,5
0,16,128,tg_vals,1,7.227458,7.218792,7.241417,21
0,16,128,block_vals,1,6.196625,6.115417,6.285417,25
0,16,128,cpu_vals,1,0.423833,0.411000,0.583959,25
0,16,128,tridiag_vals,1,30.803583,30.672041,30.878416,5
0,16,4,simd,1,0.167792,0.161417,0.181000,25
0,16,4,tg,1,0.148458,0.145166,0.167041,25
0,16,4,ql,1,0.169167,0.166625,0.172166,25
0,16,4,cpu,1,0.018417,0.017875,0.019792,25
0,16,4,simd_vals,1,0.160958,0.145333,0.168709,25
0,16,4,tg_vals,1,0.148209,0.144042,0.160625,25
0,16,4,ql_vals,1,0.146666,0.142458,0.155958,25
0,16,4,cpu_vals,1,0.011125,0.011083,0.011291,25
0,64,16,simd,1,0.355792,0.348583,0.364250,25
0,64,16,tg,1,0.249375,0.244958,0.252042,25
0,64,16,ql,1,0.277292,0.269208,0.281042,25
0,64,16,cpu,1,0.136291,0.128584,0.148333,25
0,64,16,simd_vals,1,0.324042,0.318958,0.329708,25
0,64,16,tg_vals,1,0.237917,0.222375,0.242167,25
0,64,16,ql_vals,1,0.237041,0.227542,0.240459,25
0,64,16,cpu_vals,1,0.171666,0.084916,0.241458,25
0,4,192,tg,1,27.744959,27.687375,27.776854,6
0,4,192,block,1,9.228167,9.088916,9.289125,17
0,4,192,cpu,1,1.260625,1.243875,1.278042,25
0,4,192,tridiag,1,15.413187,15.260542,15.467322,10
0,4,192,tg_vals,1,25.795771,25.777250,25.799386,6
0,4,192,block_vals,1,8.911959,8.805375,8.979292,17
0,4,192,cpu_vals,1,0.633667,0.628083,0.638208,25
0,4,192,tridiag_vals,1,12.514292,12.423708,12.555000,13
0,8,96,tg,1,3.669458,3.628708,3.673334,25
0,8,96,block,1,4.882958,4.754083,4.946709,25
0,8,96,cpu,1,0.402166,0.393208,0.445667,25
0,8,96,tg_vals,1,3.316417,3.299625,3.321000,25
0,8,96,block_vals,1,4.697250,4.557125,4.828917,25
0,8,96,cpu_vals,1,0.278625,0.232042,0.282417,25
0,1,24,simd,1,0.794417,0.764125,0.823125,25
0,1,24,tg,1,0.281166,0.277625,0.285958,25
0,1,24,ql,1,0.366000,0.355500,0.374875,25
0,1,24,cpu,1,0.023583,0.023500,0.023708,25
0,1,24,simd_vals,1,0.746834,0.706417,0.765291,25
0,1,24,tg_vals,1,0.263750,0.255625,0.276042,25
0,1,24,ql_vals,1,0.300334,0.290458,0.307917,25
0,1,24,cpu_vals,1,0.008500,0.008417,0.008584,25
0,16,16,simd,1,0.335834,0.325708,0.346958,25
0,16,16,tg,1,0.241083,0.239375,0.243916,25
0,16,16,ql,1,0.261042,0.252917,0.270292,25
0,16,16,cpu,1,0.148625,0.075750,0.150834,25
0,16,16,simd_vals,1,0.323167,0.308208,0.334333,25
0,16,16,tg_vals,1,0.235000,0.232709,0.238292,25
0,16,16,ql_vals,1,0.233959,0.222250,0.237500,25
0,16,16,cpu_vals,1,0.062416,0.043375,0.064583,25
0,4096,128,block,1,665.301500,665.254625,667.440000,3
0,4096,128,cpu,1,155.003625,148.567500,157.935500,5
0,4096,128,block_vals,1,550.314541,549.325333,553.290771,3
0,4096,128,cpu_vals,1,76.598125,75.905250,77.043209,5
0,16,512,block,1,133.489375,133.389667,133.701250,5
0,16,512,cpu,1,16.647000,16.448125,17.702750,9
0,16,512,tridiag,1,213.662791,211.807292,213.813083,5
0,16,512,block_vals,1,93.532750,93.439000,93.610959,5
0,16,512,cpu_vals,1,8.295000,7.467980,9.176354,19
0,16,512,tridiag_vals,1,170.359042,170.256875,171.215459,5
0,256,16,simd,1,0.392542,0.381292,0.400500,25
0,256,16,tg,1,0.374667,0.371250,0.380042,25
0,256,16,ql,1,0.310375,0.303125,0.315750,25
0,256,16,cpu,1,0.268083,0.263375,0.274000,25
0,256,16,simd_vals,1,0.353083,0.344208,0.357084,25
0,256,16,tg_vals,1,0.343334,0.339167,0.346125,25
0,256,16,ql_vals,1,0.257125,0.249375,0.261833,25
0,256,16,cpu_vals,1,0.160958,0.154208,0.172375,25
0,1024,128,block,1,173.288708,172.959750,173.411583,5
0,1024,128,cpu,1,42.093958,41.775584,42.762333,5
0,1024,128,block_vals,1,142.482000,142.131292,142.686458,5
0,1024,128,cpu_vals,1,20.606146,20.521864,21.023990,8
0,128,48,tg,1,2.600167,2.560209,2.613333,25
0,128,48,block,1,5.271625,5.168458,5.336375,25
0,128,48,ql,1,0.997541,0.947125,1.028458,25
0,128,48,cpu,1,0.825459,0.814250,0.842125,25
0,128,48,tg_vals,1,2.278917,2.249042,2.299958,25
0,128,48,block_vals,1,4.975916,4.926709,5.072792,25
0,128,48,ql_vals,1,0.772875,0.737042,0.799625,25
0,128,48,cpu_vals,1,0.398500,0.388500,0.624250,25
0,16,384,tg,1,358.938709,357.445021,361.974646,3
0,16,384,block,1,55.905084,55.676875,55.911542,5
0,16,384,cpu,1,8.032333,7.915292,8.484042,19
0,16,384,tridiag,1,145.969458,145.512250,146.037042,5
0,16,384,tg_vals,1,224.599292,224.534791,224.603834,5
0,16,384,block_vals,1,46.292917,46.199708,46.344167,5
0,16,384,cpu_vals,1,4.794375,4.154334,5.200958,25
0,16,384,tridiag_vals,1,115.243833,115.160958,115.529792,5
0,512,32,simd,1,2.846292,2.831333,2.880584,25
0,512,32,tg,1,2.522042,2.504167,2.542209,25
0,512,32,block,1,4.459209,4.384875,4.557708,25
0,512,32,ql,1,1.143208,1.088541,1.159666,25
0,512,32,cpu,1,1.294708,1.253708,1.387708,25
0,512,32,simd_vals,1,2.736459,2.699875,2.753167,25
0,512,32,tg_vals,1,2.175917,2.160542,2.220125,25
0,512,32,block_vals,1,4.152917,4.126792,4.174792,25
0,512,32,ql_vals,1,0.771541,0.729667,0.794500,25
0,512,32,cpu_vals,1,0.527125,0.498083,0.610541,25
0,2048,192,block,1,1083.795375,1083.270562,1086.183146,3
0,2048,192,cpu,1,167.222375,165.652750,170.221250,5
0,2048,192,block_vals,1,849.605459,849.515625,850.339229,3
0,2048,192,cpu_vals,1,88.019250,87.427334,88.056292,5
0,1024,256,block,1,1268.558834,1268.208605,1271.453896,3
0,1024,256,cpu,1,175.410375,175.156958,177.777375,5
0,1024,256,block_vals,1,958.633875,958.574813,959.740792,3
0,1024,256,cpu_vals,1,87.006959,85.333167,90.302583,5
0,16,2,simd,1,0.202541,0.180125,0.323750,25
0,16,2,tg,1,0.203375,0.186084,0.220500,25
0,16,2,ql,1,0.166250,0.144458,0.201500,25
0,16,2,cpu,1,0.009833,0.009333,0.011584,25
0,16,2,simd_vals,1,0.148500,0.141834,0.160042,25
0,16,2,tg_vals,1,0.150375,0.144291,0.161333,25
0,16,2,ql_vals,1,0.157041,0.140375,0.183708,25
0,16,2,cpu_vals,1,0.005209,0.005167,0.005333,25
0,16,64,tg,1,1.287667,1.232917,1.348000,25
0,16,64,block,1,3.229750,3.196958,3.251042,25
0,16,64,ql,1,1.394959,1.352167,1.411250,25
0,16,64,cpu,1,0.298167,0.288708,0.331542,25
0,16,64,tg_vals,1,1.149709,1.124541,1.156625,25
0,16,64,block_vals,1,3.152125,3.117959,3.216292,25
0,16,64,ql_vals,1,1.126167,1.100833,1.139834,25
0,16,64,cpu_vals,1,0.178833,0.177292,0.209708,25
0,4096,96,block,1,300.225459,300.148251,300.885750,3
0,4096,96,cpu,1,82.611250,82.023709,83.987000,5
0,4096,96,block_vals,1,250.347542,250.056083,250.909917,5
0,4096,96,cpu_vals,1,45.595709,44.234208,45.698959,5
0,1024,2,simd,1,0.239959,0.199500,0.258667,25
0,1024,2,tg,1,0.207458,0.179458,0.214666,25
0,1024,2,ql,1,0.164000,0.153792,0.166417,25
0,1024,2,cpu,1,0.267500,0.113208,0.348083,25
0,1024,2,simd_vals,1,0.145583,0.140584,0.160500,25
0,1024,2,tg_vals,1,0.164667,0.155333,0.168500,25
0,1024,2,ql_vals,1,0.147750,0.141916,0.152041,25
0,1024,2,cpu_vals,1,0.154417,0.123083,0.167583,25
0,256,24,simd,1,0.926583,0.889917,1.205375,25
0,256,24,tg,1,0.829542,0.752916,0.855833,25
0,256,24,ql,1,0.450667,0.445667,0.454583,25
0,256,24,cpu,1,0.487542,0.480958,0.498875,25
0,256,24,simd_vals,1,0.763083,0.751125,0.822250,25
0,256,24,tg_vals,1,0.729083,0.687333,0.759125,25
0,256,24,ql_vals,1,0.337792,0.331375,0.340250,25
0,256,24,cpu_vals,1,0.222708,0.212833,0.633542,25
0,2,32,simd,1,1.733292,1.701500,1.751334,25
0,2,32,tg,1,0.347334,0.331375,0.354708,25
0,2,32,block,1,2.723917,2.694667,2.809084,25
0,2,32,ql,1,0.516709,0.505333,0.528333,25
0,2,32,cpu,1,0.046000,0.044167,0.047250,25
0,2,32,simd_vals,1,1.548833,1.535583,1.567875,25
0,2,32,tg_vals,1,0.322875,0.321500,0.338500,25
0,2,32,block_vals,1,2.759917,2.554000,2.909041,25
0,2,32,ql_vals,1,0.377500,0.370542,0.400166,25
0,2,32,cpu_vals,1,0.025375,0.024458,0.027625,25
0,256,12,simd,1,0.245292,0.237333,0.274125,25
0,256,12,tg,1,0.256750,0.242542,0.261459,25
0,256,12,ql,1,0.196750,0.189458,0.212291,25
0,256,12,cpu,1,0.183291,0.179167,0.195500,25
0,256,12,simd_vals,1,0.236750,0.221708,0.261084,25
0,256,12,tg_vals,1,0.225541,0.216875,0.230375,25
0,256,12,ql_vals,1,0.171083,0.164625,0.179417,25
0,256,12,cpu_vals,1,0.135458,0.128000,0.153625,25
0,64,24,simd,1,0.734375,0.717792,0.751666,25
0,64,24,tg,1,0.353000,0.349125,0.363667,25
0,64,24,ql,1,0.383625,0.377958,0.393750,25
0,64,24,cpu,1,0.191000,0.188833,0.202750,25
0,64,24,simd_vals,1,0.689375,0.682917,0.754000,25
0,64,24,tg_vals,1,0.325500,0.320583,0.334334,25
0,64,24,ql_vals,1,0.306833,0.300542,0.314708,25
0,64,24,cpu_vals,1,0.130458,0.121291,0.222208,25
0,256,32,simd,1,1.941500,1.922833,1.972708,25
0,256,32,tg,1,1.616208,1.608209,1.634083,25
0,256,32,block,1,3.422167,3.370166,3.468875,25
0,256,32,ql,1,0.629000,0.625750,0.636875,25
0,256,32,cpu,1,0.677500,0.656292,0.700875,25
0,256,32,simd_vals,1,1.697875,1.664500,1.713583,25
0,256,32,tg_vals,1,1.409333,1.391084,1.421917,25
0,256,32,block_vals,1,3.305291,3.254042,3.362541,25
0,256,32,ql_vals,1,0.447834,0.441000,0.453083,25
0,256,32,cpu_vals,1,0.311000,0.293292,0.653208,25
0,1,384,tg,1,203.000792,202.930583,203.023000,5
0,1,384,block,1,20.170938,20.152584,20.210542,8
0,1,384,cpu,1,4.679750,4.474375,4.779708,25
0,1,384,tridiag,1,9.016792,8.864000,9.465542,17
0,1,384,tg_vals,1,190.604959,190.571833,190.682041,5
0,1,384,block_vals,1,19.574625,19.515386,19.658729,8
0,1,384,cpu_vals,1,2.396958,2.384834,2.405833,25
0,1,384,tridiag_vals,1,7.239459,7.228208,7.260458,21
0,2048,4,simd,1,0.235834,0.231792,0.241541,25
0,2048,4,tg,1,0.240875,0.235834,0.250458,25
0,2048,4,ql,1,0.226875,0.223750,0.232917,25
0,2048,4,cpu,1,0.221250,0.215083,0.230333,25
0,2048,4,simd_vals,1,0.212208,0.206292,0.217959,25
0,2048,4,tg_vals,1,0.220500,0.218167,0.222458,25
0,2048,4,ql_vals,1,0.202125,0.193375,0.207292,25
0,2048,4,cpu_vals,1,0.164750,0.149708,0.624708,25
0,1,4,simd,1,0.156167,0.145041,0.164125,25
0,1,4,tg,1,0.165208,0.146875,0.183583,25
0,1,4,ql,1,0.177250,0.168583,0.217209,25
0,1,4,cpu,1,0.001834,0.001792,0.001959,25
0,1,4,simd_vals,1,0.166709,0.158250,0.171042,25
0,1,4,tg_vals,1,0.163458,0.146750,0.167917,25
0,1,4,ql_vals,1,0.154042,0.148500,0.162833,25
0,1,4,cpu_vals,1,0.001833,0.001792,0.001958,25
0,16,24,simd,1,0.789500,0.750083,0.823292,25
0,16,24,tg,1,0.288083,0.286083,0.291084,25
0,16,24,ql,1,0.392708,0.387458,0.399542,25
0,16,24,cpu,1,0.110000,0.097875,0.268375,25
0,16,24,simd_vals,1,0.729459,0.703625,0.762209,25
0,16,24,tg_vals,1,0.281542,0.269542,0.287958,25
0,16,24,ql_vals,1,0.316542,0.313084,0.323166,25
0,16,24,cpu_vals,1,0.078000,0.054625,0.118375,25
0,4,2048,block,1,2398.273208,2396.802416,2398.374833,3
0,4,2048,cpu,1,469.891709,467.248522,473.127708,3
0,4,2048,tridiag,1,479.455667,479.124083,480.347354,3
0,4,2048,block_vals,1,1581.362875,1580.327333,1582.800000,3
0,4,2048,cpu_vals,1,113.140333,113.132667,114.279375,5
0,4,2048,tridiag_vals,1,349.394667,349.030501,350.663584,3
0,1024,16,simd,1,0.900916,0.840959,0.945708,25
0,1024,16,tg,1,0.818791,0.797875,0.889625,25
0,1024,16,ql,1,0.573833,0.568875,0.580625,25
0,1024,16,cpu,1,0.730333,0.710375,0.770625,25
0,1024,16,simd_vals,1,0.766583,0.720708,0.787583,25
0,1024,16,tg_vals,1,0.738583,0.690250,0.752375,25
0,1024,16,ql_vals,1,0.411834,0.407542,0.493417,25
0,1024,16,cpu_vals,1,0.344417,0.341708,0.348500,25
0,1024,192,block,1,550.986708,550.577499,550.993375,3
0,1024,192,cpu,1,87.763334,86.987375,89.293042,5
0,1024,192,block_vals,1,428.954417,428.941729,429.365188,3
0,1024,192,cpu_vals,1,45.645125,44.810417,47.873791,5
0,2048,48,tg,1,30.299334,30.254125,30.340458,5
0,2048,48,block,1,44.825458,44.750459,44.833833,5
0,2048,48,ql,1,8.947500,8.915125,9.008875,17
0,2048,48,cpu,1,11.777000,11.710166,11.967375,13
0,2048,48,tg_vals,1,26.126792,26.111198,26.170042,6
0,2048,48,block_vals,1,40.227042,40.215292,40.245500,5
0,2048,48,ql_vals,1,6.287875,6.256052,6.313844,24
0,2048,48,cpu_vals,1,5.228542,4.956958,5.449083,25
0,4096,12,simd,1,1.455834,1.441125,1.513667,25
0,4096,12,tg,1,1.453875,1.420334,1.467875,25
0,4096,12,ql,1,1.103709,1.061167,1.140292,25
0,4096,12,cpu,1,1.530083,1.515166,1.611750,25
0,4096,12,simd_vals,1,1.334916,1.222792,1.410542,25
0,4096,12,tg_vals,1,1.226917,1.180459,1.239583,25
0,4096,12,ql_vals,1,0.741542,0.686417,0.786584,25
0,4096,12,cpu_vals,1,0.722458,0.700125,0.745791,25
0,64,2,simd,1,0.172959,0.165750,0.193000,25
0,64,2,tg,1,0.165125,0.155792,0.174250,25
0,64,2,ql,1,0.166458,0.157833,0.170917,25
0,64,2,cpu,1,0.033458,0.032209,0.034541,25
0,64,2,simd_vals,1,0.163750,0.142458,0.168250,25
0,64,2,tg_vals,1,0.150917,0.139375,0.168042,25
0,64,2,ql_vals,1,0.149000,0.142500,0.164875,25
0,64,2,cpu_vals,1,0.018792,0.018625,0.019084,25
0,32,24,simd,1,0.989667,0.872125,1.023667,25
0,32,24,tg,1,0.298333,0.295000,0.304125,25
0,32,24,ql,1,0.395917,0.390000,0.403500,25
0,32,24,cpu,1,0.145084,0.137084,0.156167,25
0,32,24,simd_vals,1,0.703625,0.680250,0.733875,25
0,32,24,tg_vals,1,0.288083,0.274208,0.292291,25
0,32,24,ql_vals,1,0.316333,0.309458,0.319959,25
0,32,24,cpu_vals,1,0.120416,0.086334,0.232042,25
0,64,512,block,1,626.027417,625.923792,626.217355,3
0,64,512,cpu,1,57.071542,56.972791,57.390000,5
0,64,512,tridiag,1,841.276458,840.463688,841.732146,3
0,64,512,block_vals,1,433.536833,432.963562,433.821792,3
0,64,512,cpu_vals,1,23.707708,23.502771,23.901708,7
0,64,512,tridiag_vals,1,677.990917,676.723167,678.564208,3
0,1024,8,simd,1,0.502583,0.491917,0.531125,25
0,1024,8,tg,1,0.296750,0.290708,0.299291,25
0,1024,8,ql,1,0.296292,0.287000,0.298917,25
0,1024,8,cpu,1,0.283625,0.279792,0.284875,25
0,1024,8,simd_vals,1,0.256625,0.249541,0.258167,25
0,1024,8,tg_vals,1,0.253708,0.251708,0.255292,25
0,1024,8,ql_vals,1,0.237375,0.233459,0.242542,25
0,1024,8,cpu_vals,1,0.187625,0.160375,0.579291,25
0,64,768,block,1,2063.039250,2062.475708,2063.700270,3
0,64,768,cpu,1,147.557041,147.363042,148.765791,5
0,64,768,tridiag,1,1470.342500,1470.060500,1470.551229,3
0,64,768,block_vals,1,1376.122875,1375.214375,1376.186479,3
0,64,768,cpu_vals,1,57.635333,57.627417,57.762208,5
0,64,768,tridiag_vals,1,1139.075084,1137.677647,1139.349917,3
0,64,384,block,1,251.372292,251.034458,251.570167,5
0,64,384,cpu,1,27.155230,26.915990,27.629844,6
0,64,384,tridiag,1,592.034041,591.681729,592.630708,3
0,64,384,block_vals,1,170.640291,170.558708,170.699709,5
0,64,384,cpu_vals,1,13.434479,13.129333,13.510448,12
0,64,384,tridiag_vals,1,453.647250,453.510917,453.666396,3
0,32,384,tg,1,754.811709,754.631813,754.914583,3
0,32,384,block,1,113.159667,112.954667,113.198375,5
0,32,384,cpu,1,15.007188,14.929709,15.076114,10
0,32,384,tridiag,1,295.646625,295.471958,295.659791,5
0,32,384,tg_vals,1,485.033875,484.757479,485.137875,3
0,32,384,block_vals,1,81.025125,81.021375,81.111958,5
0,32,384,cpu_vals,1,7.561250,7.029458,7.671834,21
0,32,384,tridiag_vals,1,226.673750,226.441375,226.727500,5
0,1024,48,tg,1,15.167313,15.154031,15.253979,10
0,1024,48,block,1,22.680458,22.621125,22.767437,7
0,1024,48,ql,1,4.814209,4.793583,4.836042,25
0,1024,48,cpu,1,5.711500,5.690917,6.252042,25
0,1024,48,tg_vals,1,13.042708,13.006761,13.103552,12
0,1024,48,block_vals,1,19.692417,19.678469,19.721323,8
0,1024,48,ql_vals,1,3.443875,3.436167,3.449709,25
0,1024,48,cpu_vals,1,2.952375,2.491042,3.019125,25
0,1024,4,simd,1,0.368125,0.361833,0.374542,25
0,1024,4,tg,1,0.364625,0.360167,0.373375,25
0,1024,4,ql,1,0.209333,0.205959,0.214917,25
0,1024,4,cpu,1,0.152666,0.149083,0.163584,25
0,1024,4,simd_vals,1,0.195750,0.191042,0.201208,25
0,1024,4,tg_vals,1,0.200084,0.196167,0.202583,25
0,1024,4,ql_vals,1,0.193459,0.179375,0.195792,25
0,1024,4,cpu_vals,1,0.127208,0.119292,0.134000,25
0,1,1024,block,1,100.885083,100.824416,101.026542,5
0,1,1024,cpu,1,40.055667,40.006292,40.078041,5
0,1,1024,tridiag,1,35.540083,35.505792,35.595500,5
0,1,1024,block_vals,1,90.263083,90.249875,90.329250,5
0,1,1024,cpu_vals,1,18.053541,18.019084,18.090083,9
0,1,1024,tridiag_vals,1,26.565708,26.475542,26.615063,6
0,256,4,simd,1,0.186166,0.174000,0.194167,25
0,256,4,tg,1,0.191250,0.186167,0.207417,25
0,256,4,ql,1,0.196250,0.194417,0.198208,25
0,256,4,cpu,1,0.103583,0.078833,0.211666,25
0,256,4,simd_vals,1,0.168750,0.157709,0.179584,25
0,256,4,tg_vals,1,0.163209,0.149708,0.171584,25
0,256,4,ql_vals,1,0.149916,0.145625,0.166125,25
0,256,4,cpu_vals,1,0.118917,0.116208,0.121875,25
0,8,16,simd,1,0.511042,0.476792,0.545084,25
0,8,16,tg,1,0.250250,0.233125,0.284500,25
0,8,16,ql,1,0.256666,0.244750,0.263458,25
0,8,16,cpu,1,0.039083,0.034542,0.040834,25
0,8,16,simd_vals,1,0.309917,0.300250,0.322209,25
0,8,16,tg_vals,1,0.227667,0.216625,0.230875,25
0,8,16,ql_vals,1,0.227834,0.217333,0.234834,25
0,8,16,cpu_vals,1,0.030458,0.028000,0.032625,25
0,8,64,tg,1,1.253625,1.200750,1.288834,25
0,8,64,block,1,3.198875,3.177125,3.242209,25
0,8,64,ql,1,1.384541,1.340000,1.413792,25
0,8,64,cpu,1,0.269583,0.265625,0.277584,25
0,8,64,tg_vals,1,1.103833,1.098541,1.134084,25
0,8,64,block_vals,1,3.119083,3.112625,3.140041,25
0,8,64,ql_vals,1,1.072042,1.064375,1.107291,25
0,8,64,cpu_vals,1,0.147083,0.142250,0.149208,25
0,2048,96,tg,1,295.771708,295.596417,296.350000,5
0,2048,96,block,1,149.738541,149.457542,149.822208,5
0,2048,96,cpu,1,41.969333,41.825333,42.197875,5
0,2048,96,tg_vals,1,230.798000,230.705166,231.065500,5
0,2048,96,block_vals,1,136.665917,136.545750,136.816000,5
0,2048,96,cpu_vals,1,24.526875,23.832521,25.480229,7
0,16,96,tg,1,3.786625,3.704833,3.887625,25
0,16,96,block,1,5.278291,5.183209,5.491791,25
0,16,96,cpu,1,0.523042,0.514000,0.532542,25
0,16,96,tg_vals,1,3.361750,3.303583,3.418208,25
0,16,96,block_vals,1,5.072375,4.842375,5.267208,25
0,16,96,cpu_vals,1,0.351167,0.334333,0.388083,25
0,2,1536,block,1,463.770583,463.732437,467.263521,3
0,2,1536,cpu,1,113.639833,112.729083,113.734917,5
0,2,1536,tridiag,1,138.668791,138.131125,139.469125,5
0,2,1536,block_vals,1,299.841584,299.812667,300.020354,3
0,2,1536,cpu_vals,1,53.554167,53.534667,53.750209,5
0,2,1536,tridiag_vals,1,101.374750,101.083125,101.532125,5
0,4,768,block,1,107.054791,106.955792,107.117833,5
0,4,768,cpu,1,21.711875,21.706395,21.855000,7
0,4,768,tridiag,1,91.937750,91.713250,92.149458,5
0,4,768,block_vals,1,85.218500,85.135292,85.357542,5
0,4,768,cpu_vals,1,12.384125,11.684791,12.633667,13
0,4,768,tridiag_vals,1,71.926208,71.085500,72.115334,5
0,2,192,tg,1,27.699334,27.670949,27.717406,6
0,2,192,block,1,8.991625,8.902000,9.013125,17
0,2,192,cpu,1,1.156209,1.144875,1.165625,25
0,2,192,tridiag,1,7.699750,7.641927,7.735198,20
0,2,192,tg_vals,1,25.792646,25.778375,25.824292,6
0,2,192,block_vals,1,8.597583,8.550636,8.684978,18
0,2,192,cpu_vals,1,0.626167,0.611750,0.630708,25
0,2,192,tridiag_vals,1,6.284792,6.180375,6.317937,24
0,32,32,simd,1,1.756166,1.728166,1.766708,25
0,32,32,tg,1,0.429166,0.423875,0.437584,25
0,32,32,block,1,2.768459,2.705000,2.799833,25
0,32,32,ql,1,0.501375,0.493958,0.533833,25
0,32,32,cpu,1,0.183333,0.179125,0.191125,25
0,32,32,simd_vals,1,1.569500,1.549875,1.577000,25
0,32,32,tg_vals,1,0.397333,0.383458,0.428791,25
0,32,32,block_vals,1,2.620458,2.583292,2.675250,25
0,32,32,ql_vals,1,0.385375,0.378875,0.422000,25
0,32,32,cpu_vals,1,0.123875,0.106958,0.219041,25
0,512,256,block,1,681.507666,670.507500,683.730417,3
0,512,256,cpu,1,88.514042,88.425125,88.545250,5
0,512,256,block_vals,1,488.743958,488.371667,493.508375,3
0,512,256,cpu_vals,1,42.262250,41.588833,43.789792,5
0,1,256,tg,1,55.105167,55.087708,55.137000,5
0,1,256,block,1,11.661208,11.611250,11.731500,13
0,1,256,cpu,1,2.269208,2.247500,2.309083,25
0,1,256,tridiag,1,5.367750,5.327416,5.436333,25
0,1,256,tg_vals,1,54.061500,54.047500,54.071250,5
0,1,256,block_vals,1,11.351729,11.265302,11.448865,14
0,1,256,cpu_vals,1,1.058750,1.049417,1.067375,25
0,1,256,tridiag_vals,1,4.426209,4.394625,4.470250,25
0,32,768,block,1,1030.825584,1029.868500,1040.399792,3
0,32,768,cpu,1,81.009417,80.556750,82.934458,5
0,32,768,tridiag,1,732.320917,732.100688,734.604438,3
0,32,768,block_vals,1,694.328666,694.087166,694.583062,3
0,32,768,cpu_vals,1,32.516666,31.747083,33.049125,5
0,32,768,tridiag_vals,1,570.908500,570.716896,571.389896,3
0,512,16,simd,1,0.583750,0.574667,0.618000,25
0,512,16,tg,1,0.512583,0.507833,0.523667,25
0,512,16,ql,1,0.398584,0.393125,0.403958,25
0,512,16,cpu,1,0.421458,0.416875,0.427833,25
0,512,16,simd_vals,1,0.512083,0.506417,0.518292,25
0,512,16,tg_vals,1,0.459458,0.451417,0.471459,25
0,512,16,ql_vals,1,0.303000,0.299916,0.309666,25
0,512,16,cpu_vals,1,0.243792,0.210833,0.585916,25
0,32,256,tg,1,196.348417,196.021959,196.382042,5
0,32,256,block,1,35.337709,35.323125,35.430375,5
0,32,256,cpu,1,6.879396,6.540594,7.060813,22
0,32,256,tridiag,1,170.464667,170.149167,170.530208,5
0,32,256,tg_vals,1,122.820875,122.112792,122.860959,5
0,32,256,block_vals,1,30.244791,30.194958,30.343333,5
0,32,256,cpu_vals,1,3.398333,2.955375,3.521042,25
0,32,256,tridiag_vals,1,140.752584,140.635959,140.849084,5
0,4,24,simd,1,0.768875,0.745792,0.837667,25
0,4,24,tg,1,0.279875,0.276583,0.284250,25
0,4,24,ql,1,0.379292,0.361708,0.392667,25
0,4,24,cpu,1,0.042959,0.037375,0.043750,25
0,4,24,simd_vals,1,0.733167,0.694416,0.774792,25
0,4,24,tg_vals,1,0.264666,0.256250,0.274000,25
0,4,24,ql_vals,1,0.305083,0.291250,0.308000,25
0,4,24,cpu_vals,1,0.022125,0.020959,0.023375,25
0,256,384,block,1,1075.434875,1074.277021,1078.385896,3
0,256,384,cpu,1,103.157167,102.352791,103.340792,5
0,256,384,block_vals,1,769.421833,768.364021,770.786687,3
0,256,384,cpu_vals,1,49.191375,48.824666,49.358875,5
0,1024,64,tg,1,39.694250,39.327958,39.838708,5
0,1024,64,block,1,25.591625,25.515510,25.629272,6
0,1024,64,ql,1,11.923375,11.852625,12.088709,13
0,1024,64,cpu,1,10.453750,10.368666,10.621813,15
0,1024,64,tg_vals,1,32.999542,32.939791,33.492708,5
0,1024,64,block_vals,1,21.989459,21.935084,22.050896,7
0,1024,64,ql_vals,1,8.572688,8.544688,8.590427,18
0,1024,64,cpu_vals,1,4.151625,4.056375,4.505125,25
0,16,32,simd,1,1.743375,1.713250,1.758125,25
0,16,32,tg,1,0.372042,0.369291,0.374792,25
0,16,32,block,1,2.768750,2.740000,2.798458,25
0,16,32,ql,1,0.520542,0.512875,0.539375,25
0,16,32,cpu,1,0.146041,0.140083,0.171250,25
0,16,32,simd_vals,1,1.575583,1.549250,1.581833,25
0,16,32,tg_vals,1,0.346500,0.333666,0.351209,25
0,16,32,block_vals,1,2.737666,2.684292,2.753500,25
0,16,32,ql_vals,1,0.423458,0.393625,0.452291,25
0,16,32,cpu_vals,1,0.070333,0.065291,0.132792,25
0,4096,192,block,1,2154.664125,2154.153916,2154.883166,3
0,4096,192,cpu,1,338.888833,333.232813,338.924958,3
0,4096,192,block_vals,1,1710.004042,1709.200625,1710.463000,3
0,4096,192,cpu_vals,1,171.794959,169.374834,172.201708,5
0,256,8,simd,1,0.364625,0.334750,0.703625,25
0,256,8,tg,1,0.214667,0.205084,0.227000,25
0,256,8,ql,1,0.210083,0.203417,0.217792,25
0,256,8,cpu,1,0.134625,0.131584,0.150917,25
0,256,8,simd_vals,1,0.188959,0.175500,0.192583,25
0,256,8,tg_vals,1,0.185375,0.170792,0.190166,25
0,256,8,ql_vals,1,0.179125,0.164875,0.184208,25
0,256,8,cpu_vals,1,0.102375,0.094833,0.241208,25
0,1024,24,simd,1,2.417458,2.406084,2.448375,25
0,1024,24,tg,1,2.192292,2.171042,2.202375,25
0,1024,24,ql,1,1.083916,1.057000,1.118208,25
0,1024,24,cpu,1,1.541375,1.524792,1.570541,25
0,1024,24,simd_vals,1,2.103208,2.079875,2.131709,25
0,1024,24,tg_vals,1,1.879125,1.845875,1.885083,25
0,1024,24,ql_vals,1,0.753750,0.670916,0.765667,25
0,1024,24,cpu_vals,1,0.593167,0.582042,0.616250,25
0,8,2,simd,1,0.167375,0.160375,0.195958,25
0,8,2,tg,1,0.160834,0.149583,0.162250,25
0,8,2,ql,1,0.157167,0.146959,0.167208,25
0,8,2,cpu,1,0.007292,0.004792,0.015708,25
0,8,2,simd_vals,1,0.162167,0.139167,0.172083,25
0,8,2,tg_vals,1,0.143083,0.138041,0.150459,25
0,8,2,ql_vals,1,0.140292,0.137875,0.150334,25
0,8,2,cpu_vals,1,0.003583,0.003417,0.004500,25
0,4,256,tg,1,55.285250,55.230833,55.293375,5
0,4,256,block,1,12.866063,12.799834,12.924708,12
0,4,256,cpu,1,2.379709,2.370250,2.394750,25
0,4,256,tridiag,1,21.416250,21.391334,21.440625,8
0,4,256,tg_vals,1,54.023583,54.012459,54.036666,5
0,4,256,block_vals,1,12.099917,12.085583,12.138875,13
0,4,256,cpu_vals,1,1.140333,1.134250,1.145083,25
0,4,256,tridiag_vals,1,17.733292,17.715000,17.745167,9
0,64,96,tg,1,11.439521,11.358385,11.548781,14
0,64,96,block,1,7.656104,7.536083,7.724333,20
0,64,96,cpu,1,1.590541,1.574750,1.609042,25
0,64,96,tg_vals,1,9.361791,9.235500,9.397584,17
0,64,96,block_vals,1,7.170875,7.052292,7.226250,21
0,64,96,cpu_vals,1,0.866750,0.853417,0.875958,25
0,16,192,tg,1,29.264916,29.229157,29.275521,6
0,16,192,block,1,11.792459,11.654667,11.887417,13
0,16,192,cpu,1,1.923292,1.875042,2.379208,25
0,16,192,tridiag,1,61.232750,61.137833,61.304000,5
0,16,192,tg_vals,1,25.817500,25.803719,25.837906,6
0,16,192,block_vals,1,10.556375,10.546521,10.666688,15
0,16,192,cpu_vals,1,0.879334,0.863250,1.250625,25
0,16,192,tridiag_vals,1,50.018250,49.789709,50.027208,5
0,1,128,tg,1,7.971334,7.965167,7.984896,19
0,1,128,block,1,5.821667,5.773083,5.934041,25
0,1,128,cpu,1,0.497000,0.493917,0.501625,25
0,1,128,tridiag,1,2.350208,2.337417,2.376833,25
0,1,128,tg_vals,1,7.201292,7.181459,7.217625,21
0,1,128,block_vals,1,5.675667,5.599083,5.750833,25
0,1,128,cpu_vals,1,0.264042,0.263042,0.266333,25
0,1,128,tridiag_vals,1,1.894709,1.875083,1.947167,25
0,1,2,simd,1,0.160417,0.142917,0.191125,25
0,1,2,tg,1,0.150583,0.138125,0.162958,25
0,1,2,ql,1,0.152334,0.142416,0.163167,25
0,1,2,cpu,1,0.001250,0.001250,0.001584,25
0,1,2,simd_vals,1,0.153750,0.145542,0.161958,25
0,1,2,tg_vals,1,0.158917,0.146916,0.204708,25
0,1,2,ql_vals,1,0.142250,0.134583,0.151458,25
0,1,2,cpu_vals,1,0.001417,0.001416,0.001833,25
0,2,2048,block,1,1202.491791,1201.334271,1202.765521,3
0,2,2048,cpu,1,316.685459,316.079896,318.863104,3
0,2,2048,tridiag,1,240.761666,239.657541,241.175459,5
0,2,2048,block_vals,1,736.794333,736.609770,736.863145,3
0,2,2048,cpu_vals,1,108.224709,108.008375,109.353875,5
0,2,2048,tridiag_vals,1,174.559834,174.550417,174.679959,5
0,128,8,simd,1,0.210333,0.194542,0.289167,25
0,128,8,tg,1,0.206750,0.198583,0.210959,25
0,128,8,ql,1,0.201375,0.193459,0.207167,25
0,128,8,cpu,1,0.124792,0.111792,0.240209,25
0,128,8,simd_vals,1,0.184541,0.169542,0.191458,25
0,128,8,tg_vals,1,0.191833,0.179417,0.200250,25
0,128,8,ql_vals,1,0.186750,0.184917,0.189292,25
0,128,8,cpu_vals,1,0.074958,0.071209,0.166917,25
0,128,384,block,1,538.844458,538.653125,538.878041,3
0,128,384,cpu,1,52.158208,52.087750,52.591083,5
0,128,384,tridiag,1,1160.766000,1160.398708,1162.048813,3
0,128,384,block_vals,1,386.547000,385.825917,386.828375,3
0,128,384,cpu_vals,1,24.444750,24.415917,24.729896,7
0,128,384,tridiag_vals,1,914.937459,914.805584,915.178959,3
0,64,12,simd,1,0.283958,0.275792,0.293834,25
0,64,12,tg,1,0.227583,0.226167,0.233375,25
0,64,12,ql,1,0.236500,0.232042,0.239959,25
0,64,12,cpu,1,0.193292,0.121292,0.265917,25
0,64,12,simd_vals,1,0.250583,0.231209,0.254916,25
0,64,12,tg_vals,1,0.213250,0.190459,0.216000,25
0,64,12,ql_vals,1,0.204458,0.198584,0.210166,25
0,64,12,cpu_vals,1,0.145959,0.132542,0.148417,25
0,512,96,tg,1,72.455417,72.141500,72.570166,5
0,512,96,block,1,38.763667,38.641375,38.779167,5
0,512,96,cpu,1,11.549416,11.459250,11.970292,13
0,512,96,tg_vals,1,58.137584,57.670667,58.148791,5
0,512,96,block_vals,1,31.526125,31.394250,31.546375,5
0,512,96,cpu_vals,1,6.137333,5.974417,6.329000,25
0,512,24,simd,1,1.497125,1.473416,1.511708,25
0,512,24,tg,1,1.238833,1.233417,1.263250,25
0,512,24,ql,1,0.645375,0.637291,0.652584,25
0,512,24,cpu,1,0.826625,0.814250,0.853000,25
0,512,24,simd_vals,1,1.304500,1.278375,1.318834,25
0,512,24,tg_vals,1,1.073041,1.046666,1.086875,25
0,512,24,ql_vals,1,0.448959,0.447167,0.467708,25
0,512,24,cpu_vals,1,0.423750,0.338542,0.574292,25
0,2,8,simd,1,0.166417,0.157541,0.185375,25
0,2,8,tg,1,0.180250,0.165625,0.182584,25
0,2,8,ql,1,0.185750,0.181542,0.204666,25
0,2,8,cpu,1,0.007833,0.007750,0.008000,25
0,2,8,simd_vals,1,0.161167,0.155125,0.184583,25
0,2,8,tg_vals,1,0.161125,0.155250,0.174958,25
0,2,8,ql_vals,1,0.160542,0.151042,0.202042,25
0,2,8,cpu_vals,1,0.005333,0.004959,0.006250,25
0,8,1024,block,1,566.675500,566.463563,567.099396,3
0,8,1024,cpu,1,70.824542,70.655791,71.451458,5
0,8,1024,tridiag,1,285.853167,284.492167,287.154250,5
0,8,1024,block_vals,1,352.548834,352.512458,352.864813,3
0,8,1024,cpu_vals,1,26.439583,26.053510,27.866906,6
0,8,1024,tridiag_vals,1,216.271125,216.157417,216.334958,5
0,32,2,simd,1,0.181500,0.161208,0.727209,25
0,32,2,tg,1,0.159958,0.151000,0.163666,25
0,32,2,ql,1,0.157500,0.140625,0.162834,25
0,32,2,cpu,1,0.016250,0.016083,0.016334,25
0,32,2,simd_vals,1,0.141333,0.137000,0.154041,25
0,32,2,tg_vals,1,0.146333,0.138958,0.155000,25
0,32,2,ql_vals,1,0.145208,0.137833,0.152625,25
0,32,2,cpu_vals,1,0.009166,0.009042,0.009208,25
0,4,1536,block,1,1003.049208,1001.792250,1003.242479,3
0,4,1536,cpu,1,123.197834,120.818250,123.376375,5
0,4,1536,tridiag,1,276.424250,276.366667,277.189416,5
0,4,1536,block_vals,1,633.346042,632.857813,634.062021,3
0,4,1536,cpu_vals,1,57.629000,56.585750,57.754625,5
0,4,1536,tridiag_vals,1,202.495583,202.208875,202.714250,5
0,256,64,tg,1,10.228375,10.098063,10.371292,15
0,256,64,block,1,8.218875,8.131583,8.273979,19
0,256,64,ql,1,3.923666,3.872875,3.935083,25
0,256,64,cpu,1,2.683250,2.637083,3.163083,25
0,256,64,tg_vals,1,8.454000,8.434313,8.520031,18
0,256,64,block_vals,1,7.521104,7.433770,7.616270,20
0,256,64,ql_vals,1,2.936500,2.891583,2.947750,25
0,256,64,cpu_vals,1,1.127833,1.095292,1.165292,25
0,1,4096,block,1,5050.144791,5049.948416,5051.345938,3
0,1,4096,cpu,1,2430.458500,2429.802813,2431.437250,3
0,1,4096,tridiag,1,533.930916,533.272250,534.176062,3
0,1,4096,block_vals,1,3401.924916,3401.625791,3406.296916,3
0,1,4096,cpu_vals,1,477.064083,476.749416,477.123020,3
0,1,4096,tridiag_vals,1,392.483458,392.363208,393.454979,3
0,8,192,tg,1,27.802791,27.799469,27.810645,6
0,8,192,block,1,9.937729,9.897115,10.072667,16
0,8,192,cpu,1,1.490667,1.468458,1.507500,25
0,8,192,tridiag,1,30.692250,30.621333,30.735125,5
0,8,192,tg_vals,1,25.782667,25.745833,25.816063,6
0,8,192,block_vals,1,9.382062,9.349094,9.473562,16
0,8,192,cpu_vals,1,0.767334,0.760708,0.776417,25
0,8,192,tridiag_vals,1,25.008979,24.946281,25.048458,6
0,128,96,tg,1,20.195917,19.940823,20.541594,8
0,128,96,block,1,11.560583,11.501167,11.664458,13
0,128,96,cpu,1,3.056375,3.001792,3.420792,25
0,128,96,tg_vals,1,16.131125,15.975677,16.249677,10
0,128,96,block_vals,1,10.491000,10.390895,10.594230,15
0,128,96,cpu_vals,1,2.059375,1.598083,2.118167,25
0,4096,16,simd,1,2.433750,2.398833,2.447333,25
0,4096,16,tg,1,2.430917,2.408000,2.450042,25
0,4096,16,ql,1,1.651667,1.641125,1.671083,25
0,4096,16,cpu,1,2.606833,2.572209,2.924625,25
0,4096,16,simd_vals,1,2.027625,1.996667,2.080709,25
0,4096,16,tg_vals,1,2.035334,2.017333,2.079417,25
0,4096,16,ql_vals,1,1.063000,1.017834,1.100458,25
0,4096,16,cpu_vals,1,1.098917,1.092125,1.158875,25
0,8,12,simd,1,0.270917,0.264583,0.280708,25
0,8,12,tg,1,0.216667,0.213166,0.228667,25
0,8,12,ql,1,0.225916,0.222583,0.243916,25
0,8,12,cpu,1,0.030042,0.027500,0.037791,25
0,8,12,simd_vals,1,0.244334,0.237458,0.254791,25
0,8,12,tg_vals,1,0.203833,0.190625,0.207959,25
0,8,12,ql_vals,1,0.183958,0.178666,0.199958,25
0,8,12,cpu_vals,1,0.019500,0.019291,0.022500,25
0,2,64,tg,1,1.311041,1.236875,1.433917,25
0,2,64,block,1,3.225250,3.164500,3.261417,25
0,2,64,ql,1,1.332250,1.307125,1.344834,25
0,2,64,cpu,1,0.165209,0.162541,0.167458,25
0,2,64,tg_vals,1,1.147458,1.125459,1.183417,25
0,2,64,block_vals,1,3.151791,3.112833,3.196541,25
0,2,64,ql_vals,1,1.028959,0.999542,1.045125,25
0,2,64,cpu_vals,1,0.076250,0.074917,0.078375,25
0,1,96,tg,1,3.624000,3.601125,3.642250,25
0,1,96,block,1,4.650084,4.583875,4.780750,25
0,1,96,cpu,1,0.290167,0.287209,0.293875,25
0,1,96,tg_vals,1,3.307250,3.290000,3.315416,25
0,1,96,block_vals,1,4.661250,4.516208,4.769000,25
0,1,96,cpu_vals,1,0.148000,0.145833,0.152000,25
0,512,48,tg,1,8.207708,8.152021,8.293104,19
0,512,48,block,1,12.370000,12.283792,12.480417,13
0,512,48,ql,1,2.603750,2.561958,2.635458,25
0,512,48,cpu,1,3.450500,2.989125,3.552750,25
0,512,48,tg_vals,1,7.063125,6.982511,7.152698,22
0,512,48,block_vals,1,11.455417,11.371834,11.548271,14
0,512,48,ql_vals,1,1.850750,1.841458,1.866250,25
0,512,48,cpu_vals,1,1.462500,1.324375,1.890583,25
0,128,192,tg,1,274.593584,274.347500,277.660541,5
0,128,192,block,1,65.778917,65.578417,65.819167,5
0,128,192,cpu,1,12.274208,12.189042,12.378375,13
0,128,192,tridiag,1,489.342250,489.340250,489.813395,3
0,128,192,tg_vals,1,145.187917,144.982750,145.516791,5
0,128,192,block_vals,1,49.360292,49.287000,49.492042,5
0,128,192,cpu_vals,1,5.883500,5.864916,5.955125,25
0,128,192,tridiag_vals,1,400.180708,399.749541,400.233749,3
0,1,32,simd,1,1.488916,1.481916,1.504417,25
0,1,32,tg,1,0.325834,0.307750,0.339750,25
0,1,32,block,1,2.645917,2.507625,2.796917,25
0,1,32,ql,1,0.522833,0.510709,0.540792,25
0,1,32,cpu,1,0.032084,0.031250,0.034250,25
0,1,32,simd_vals,1,1.385417,1.383041,1.391959,25
0,1,32,tg_vals,1,0.304417,0.299208,0.315250,25
0,1,32,block_vals,1,2.480625,2.409833,2.751459,25
0,1,32,ql_vals,1,0.400250,0.385083,0.425166,25
0,1,32,cpu_vals,1,0.012750,0.012625,0.013416,25
0,32,96,tg,1,5.834416,5.782875,5.850333,25
0,32,96,block,1,5.431042,5.290041,5.473083,25
0,32,96,cpu,1,0.847250,0.838417,0.911875,25
0,32,96,tg_vals,1,5.189917,4.958000,5.228250,25
0,32,96,block_vals,1,5.228458,4.997666,5.269666,25
0,32,96,cpu_vals,1,0.556791,0.484709,0.610542,25
0,128,512,block,1,1264.069667,1263.945667,1265.601459,3
0,128,512,cpu,1,113.254000,112.688500,113.601667,5
0,128,512,tridiag,1,1684.199959,1683.587855,1685.609459,3
0,128,512,block_vals,1,883.963667,883.685833,884.000313,3
0,128,512,cpu_vals,1,45.519833,45.388250,46.006417,5
0,128,512,tridiag_vals,1,1342.586167,1341.987542,1343.082479,3
0,2,24,simd,1,0.787125,0.768416,0.829000,25
0,2,24,tg,1,0.276000,0.266917,0.284458,25
0,2,24,ql,1,0.357958,0.343875,0.366709,25
0,2,24,cpu,1,0.041125,0.040875,0.041416,25
0,2,24,simd_vals,1,0.733208,0.696333,0.773250,25
0,2,24,tg_vals,1,0.251292,0.247083,0.270625,25
0,2,24,ql_vals,1,0.295541,0.278834,0.304666,25
0,2,24,cpu_vals,1,0.021458,0.021125,0.022417,25
0,2048,24,simd,1,4.040291,4.010291,4.068750,25
0,2048,24,tg,1,3.973666,3.948208,4.005833,25
0,2048,24,ql,1,1.777708,1.766875,1.791833,25
0,2048,24,cpu,1,3.244209,2.979416,3.432792,25
0,2048,24,simd_vals,1,3.332833,3.323625,3.376458,25
0,2048,24,tg_vals,1,3.342166,3.323041,3.370625,25
0,2048,24,ql_vals,1,1.121125,1.077208,1.131083,25
0,2048,24,cpu_vals,1,1.166750,1.098166,1.617792,25
0,128,4,simd,1,0.188583,0.177375,0.255417,25
0,128,4,tg,1,0.175750,0.164459,0.192958,25
0,128,4,ql,1,0.154250,0.147458,0.174291,25
0,128,4,cpu,1,0.109542,0.084417,0.117834,25
0,128,4,simd_vals,1,0.163375,0.143500,0.172959,25
0,128,4,tg_vals,1,0.150958,0.145333,0.163458,25
0,128,4,ql_vals,1,0.145417,0.141166,0.157917,25
0,128,4,cpu_vals,1,0.066416,0.062875,0.071250,25
0,16,48,tg,1,0.772625,0.712209,0.778625,25
0,16,48,block,1,3.220417,3.176084,3.243667,25
0,16,48,ql,1,0.886750,0.875084,0.908042,25
0,16,48,cpu,1,0.211375,0.205958,0.220125,25
0,16,48,tg_vals,1,0.654375,0.636000,0.703042,25
0,16,48,block_vals,1,3.123959,3.105791,3.144208,25
0,16,48,ql_vals,1,0.754167,0.740000,0.797292,25
0,16,48,cpu_vals,1,0.143000,0.130167,0.151666,25
0,64,256,tg,1,421.572292,421.411209,421.690584,3
0,64,256,block,1,73.029250,72.861791,73.033417,5
0,64,256,cpu,1,12.248709,12.172958,12.427209,13
0,64,256,tridiag,1,339.881125,339.385208,340.082437,3
0,64,256,tg_vals,1,251.625000,251.154333,254.776333,5
0,64,256,block_vals,1,55.118541,55.102084,55.221042,5
0,64,256,cpu_vals,1,5.562042,5.517958,5.968875,25
0,64,256,tridiag_vals,1,280.929500,280.862292,280.935958,5
0,16,8,simd,1,0.183834,0.170834,0.194083,25
0,16,8,tg,1,0.182125,0.168583,0.186167,25
0,16,8,ql,1,0.183667,0.174208,0.188791,25
0,16,8,cpu,1,0.040709,0.040166,0.043083,25
0,16,8,simd_vals,1,0.173125,0.160541,0.185875,25
0,16,8,tg_vals,1,0.178333,0.168833,0.185625,25
0,16,8,ql_vals,1,0.172708,0.159250,0.187166,25
0,16,8,cpu_vals,1,0.021708,0.021625,0.022125,25
0,8,512,tg,1,589.650041,589.601520,589.697479,3
0,8,512,block,1,64.633500,64.501333,64.778708,5
0,8,512,cpu,1,12.350708,12.083208,12.743166,13
0,8,512,tridiag,1,104.804500,104.397459,104.933250,5
0,8,512,tg_vals,1,445.990958,445.979084,446.065916,3
0,8,512,block_vals,1,52.767125,52.703250,53.016125,5
0,8,512,cpu_vals,1,5.835083,5.729125,6.230417,25
0,8,512,tridiag_vals,1,83.824333,83.762375,83.861250,5
0,128,256,block,1,160.279416,160.273541,160.411583,5
0,128,256,cpu,1,22.814583,22.714875,22.911292,7
0,128,256,tridiag,1,681.577959,681.002375,681.697479,3
0,128,256,block_vals,1,114.009083,113.928334,114.009667,5
0,128,256,cpu_vals,1,10.817688,10.732709,11.077875,14
0,128,256,tridiag_vals,1,563.699875,563.126459,563.846834,3
0,1024,12,simd,1,0.534583,0.528542,0.551084,25
0,1024,12,tg,1,0.514042,0.509750,0.525500,25
0,1024,12,ql,1,0.410334,0.405417,0.413666,25
0,1024,12,cpu,1,0.465250,0.457541,0.482208,25
0,1024,12,simd_vals,1,0.466542,0.463833,0.473417,25
0,1024,12,tg_vals,1,0.456000,0.446125,0.459917,25
0,1024,12,ql_vals,1,0.312000,0.304666,0.317666,25
0,1024,12,cpu_vals,1,0.248167,0.228000,0.598958,25
0,8,256,tg,1,62.768125,62.751334,62.771042,5
0,8,256,block,1,14.875958,14.808854,14.937875,11
0,8,256,cpu,1,2.675833,2.644666,2.704542,25
0,8,256,tridiag,1,42.458084,42.420708,42.458875,5
0,8,256,tg_vals,1,60.478250,60.472916,60.479167,5
0,8,256,block_vals,1,13.495729,13.458271,13.571584,12
0,8,256,cpu_vals,1,1.323958,1.310083,1.340666,25
0,8,256,tridiag_vals,1,35.278458,35.268667,35.283459,5
0,8,8,simd,1,0.183375,0.170916,0.196000,25
0,8,8,tg,1,0.188000,0.176375,0.196417,25
0,8,8,ql,1,0.188583,0.179208,0.192917,25
0,8,8,cpu,1,0.028792,0.023959,0.032792,25
0,8,8,simd_vals,1,0.163208,0.156000,0.181458,25
0,8,8,tg_vals,1,0.180958,0.162875,0.183208,25
0,8,8,ql_vals,1,0.158084,0.154291,0.167666,25
0,8,8,cpu_vals,1,0.020834,0.015000,0.024959,25
0,2,128,tg,1,7.974583,7.949020,7.982249,19
0,2,128,block,1,5.836958,5.737958,5.913875,25
0,2,128,cpu,1,0.538500,0.533083,0.555709,25
0,2,128,tridiag,1,4.714750,4.680333,4.768375,25
0,2,128,tg_vals,1,7.205459,7.197000,7.217750,21
0,2,128,block_vals,1,5.682208,5.646041,5.796625,25
0,2,128,cpu_vals,1,0.290209,0.288333,0.293083,25
0,2,128,tridiag_vals,1,3.848250,3.819500,3.875709,25
0,256,48,tg,1,4.312250,4.286416,4.337583,25
0,256,48,block,1,7.591729,7.517979,7.656052,20
0,256,48,ql,1,1.705792,1.658417,1.726916,25
0,256,48,cpu,1,1.552584,1.520750,1.612250,25
0,256,48,tg_vals,1,3.771666,3.747333,3.821500,25
0,256,48,block_vals,1,7.094584,7.039375,7.214385,22
0,256,48,ql_vals,1,1.296167,1.253208,1.305500,25
0,256,48,cpu_vals,1,0.717250,0.699375,0.735292,25
0,8,768,block,1,229.403000,228.930833,229.497416,5
0,8,768,cpu,1,28.325563,28.188552,28.958385,6
0,8,768,tridiag,1,182.716500,182.584750,183.001458,5
0,8,768,block_vals,1,151.029292,150.974500,151.038625,5
0,8,768,cpu_vals,1,13.776250,13.537437,13.961604,11
0,8,768,tridiag_vals,1,141.715750,141.575792,141.983375,5
0,8,48,tg,1,0.733959,0.684375,0.767709,25
0,8,48,block,1,3.202625,3.149000,3.250334,25
0,8,48,ql,1,0.871333,0.840125,0.893167,25
0,8,48,cpu,1,0.186250,0.183167,0.188667,25
0,8,48,tg_vals,1,0.709542,0.647000,0.721750,25
0,8,48,block_vals,1,3.124041,3.100833,3.180042,25
0,8,48,ql_vals,1,0.721500,0.702667,0.747167,25
0,8,48,cpu_vals,1,0.094708,0.091417,0.102708,25
0,4096,2,simd,1,0.194125,0.187959,0.202750,25
0,4096,2,tg,1,0.189333,0.182500,0.195208,25
0,4096,2,ql,1,0.186833,0.174375,0.189708,25
0,4096,2,cpu,1,0.202375,0.199083,0.206750,25
0,4096,2,simd_vals,1,0.182666,0.171000,0.186791,25
0,4096,2,tg_vals,1,0.183125,0.167916,0.187500,25
0,4096,2,ql_vals,1,0.179875,0.169500,0.184292,25
0,4096,2,cpu_vals,1,0.144333,0.140458,0.151583,25
0,8,32,simd,1,1.738417,1.705000,1.749375,25
0,8,32,tg,1,0.364417,0.359750,0.368416,25
0,8,32,block,1,2.785500,2.723666,2.792959,25
0,8,32,ql,1,0.520792,0.507584,0.532625,25
0,8,32,cpu,1,0.100083,0.097708,0.104959,25
0,8,32,simd_vals,1,1.574833,1.564167,1.586334,25
0,8,32,tg_vals,1,0.346625,0.334333,0.348875,25
0,8,32,block_vals,1,2.715708,2.674292,2.761292,25
0,8,32,ql_vals,1,0.419916,0.393500,0.428916,25
0,8,32,cpu_vals,1,0.057958,0.054500,0.073625,25
0,4096,24,simd,1,7.730875,7.680364,7.787854,20
0,4096,24,tg,1,7.550542,7.491573,7.590239,20
0,4096,24,ql,1,3.236750,3.223041,3.264833,25
0,4096,24,cpu,1,5.918000,5.819791,6.076667,25
0,4096,24,simd_vals,1,6.378146,6.348708,6.393156,24
0,4096,24,tg_vals,1,6.378916,6.358270,6.398084,24
0,4096,24,ql_vals,1,1.961000,1.924334,1.969625,25
0,4096,24,cpu_vals,1,2.557000,2.184125,2.699917,25
0,32,16,simd,1,0.357792,0.349250,0.369791,25
0,32,16,tg,1,0.246875,0.242750,0.249583,25
0,32,16,ql,1,0.274041,0.269125,0.278917,25
0,32,16,cpu,1,0.102625,0.095209,0.275250,25
0,32,16,simd_vals,1,0.328084,0.309000,0.334792,25
0,32,16,tg_vals,1,0.236500,0.233375,0.239917,25
0,32,16,ql_vals,1,0.233208,0.225958,0.236250,25
0,32,16,cpu_vals,1,0.112709,0.062833,0.120708,25
0,4,384,tg,1,218.807500,218.722084,218.885125,5
0,4,384,block,1,25.229334,25.177813,25.372198,6
0,4,384,cpu,1,5.180750,5.114709,5.275209,25
0,4,384,tridiag,1,36.246833,36.077541,36.307083,5
0,4,384,tg_vals,1,190.630500,190.625333,190.721250,5
0,4,384,block_vals,1,22.818209,22.779333,22.871979,7
0,4,384,cpu_vals,1,2.595708,2.582625,2.614667,25
0,4,384,tridiag_vals,1,28.651584,28.584021,28.706271,6
0,32,48,tg,1,0.990875,0.946875,1.013000,25
0,32,48,block,1,3.328584,3.277167,3.382750,25
0,32,48,ql,1,0.912750,0.904000,0.918792,25
0,32,48,cpu,1,0.307167,0.303792,0.311917,25
0,32,48,tg_vals,1,0.883792,0.857875,0.903333,25
0,32,48,block_vals,1,3.244291,3.204000,3.263583,25
0,32,48,ql_vals,1,0.743250,0.719250,0.796959,25
0,32,48,cpu_vals,1,0.175875,0.169917,0.189917,25
0,32,8,simd,1,0.180041,0.162416,0.216459,25
0,32,8,tg,1,0.169500,0.163416,0.192667,25
0,32,8,ql,1,0.185833,0.179792,0.193959,25
0,32,8,cpu,1,0.078292,0.061333,0.085750,25
0,32,8,simd_vals,1,0.175541,0.154917,0.180083,25
0,32,8,tg_vals,1,0.183708,0.173084,0.188250,25
0,32,8,ql_vals,1,0.169542,0.159375,0.173708,25
0,32,8,cpu_vals,1,0.041291,0.037542,0.041917,25
0,128,24,simd,1,0.883542,0.828667,0.909875,25
0,128,24,tg,1,0.484666,0.479291,0.489375,25
0,128,24,ql,1,0.411750,0.407583,0.416791,25
0,128,24,cpu,1,0.286583,0.281625,0.293833,25
0,128,24,simd_vals,1,0.732292,0.704959,0.775792,25
0,128,24,tg_vals,1,0.449500,0.440042,0.468750,25
0,128,24,ql_vals,1,0.307542,0.296875,0.321625,25
0,128,24,cpu_vals,1,0.166125,0.156208,0.170958,25
0,128,16,simd,1,0.394333,0.388375,0.424417,25
0,128,16,tg,1,0.291792,0.286208,0.297916,25
0,128,16,ql,1,0.280541,0.279000,0.290500,25
0,128,16,cpu,1,0.170917,0.167125,0.179958,25
0,128,16,simd_vals,1,0.332334,0.321833,0.341959,25
0,128,16,tg_vals,1,0.259459,0.256584,0.262875,25
0,128,16,ql_vals,1,0.243000,0.239958,0.249625,25
0,128,16,cpu_vals,1,0.133792,0.114208,0.218292,25
0,4,512,tg,1,540.898833,540.881666,540.936479,3
0,4,512,block,1,43.642417,43.589083,43.810708,5
0,4,512,cpu,1,10.633626,10.230823,11.280907,14
0,4,512,tridiag,1,52.809417,52.758334,52.823333,5
0,4,512,tg_vals,1,445.956625,445.865125,446.005500,3
0,4,512,block_vals,1,38.503209,38.490708,38.545459,5
0,4,512,cpu_vals,1,4.786333,4.752416,4.819959,25
0,4,512,tridiag_vals,1,42.215666,42.142750,42.219542,5
0,4,96,tg,1,3.646167,3.625458,3.661708,25
0,4,96,block,1,4.733625,4.645750,4.802541,25
0,4,96,cpu,1,0.333458,0.327833,0.338375,25
0,4,96,tg_vals,1,3.303333,3.281708,3.316250,25
0,4,96,block_vals,1,4.666708,4.565625,4.701625,25
0,4,96,cpu_vals,1,0.182542,0.179541,0.186250,25
0,512,4,simd,1,0.179208,0.172083,0.184416,25
0,512,4,tg,1,0.176625,0.165625,0.184333,25
0,512,4,ql,1,0.173875,0.158250,0.184083,25
0,512,4,cpu,1,0.177208,0.130125,0.426291,25
0,512,4,simd_vals,1,0.161625,0.156166,0.172000,25
0,512,4,tg_vals,1,0.162042,0.155917,0.178416,25
0,512,4,ql_vals,1,0.164709,0.151417,0.175375,25
0,512,4,cpu_vals,1,0.126833,0.082750,0.224875,25
0,4,4,simd,1,0.169666,0.166041,0.178417,25
0,4,4,tg,1,0.168500,0.155791,0.174334,25
0,4,4,ql,1,0.169875,0.166500,0.173750,25
0,4,4,cpu,1,0.008625,0.008333,0.010500,25
0,4,4,simd_vals,1,0.149000,0.143375,0.163333,25
0,4,4,tg_vals,1,0.170875,0.149708,0.218417,25
0,4,4,ql_vals,1,0.171917,0.148875,0.178375,25
0,4,4,cpu_vals,1,0.006250,0.005875,0.010416,25
0,64,128,tg,1,27.658645,27.490687,27.947417,6
0,64,128,block,1,12.483000,12.415417,12.563208,13
0,64,128,cpu,1,2.773833,2.749708,2.865083,25
0,64,128,tridiag,1,150.854125,150.560667,151.070792,5
0,64,128,tg_vals,1,24.941583,24.920125,25.016229,7
0,64,128,block_vals,1,11.257125,11.204448,11.328531,14
0,64,128,cpu_vals,1,1.951917,1.385375,2.016250,25
0,64,128,tridiag_vals,1,122.687833,122.604500,123.141542,5
0,1,2048,block,1,590.141792,589.675667,590.373626,3
0,1,2048,cpu,1,230.014875,230.010167,239.131208,5
0,1,2048,tridiag,1,119.339083,117.912917,119.483542,5
0,1,2048,block_vals,1,418.469208,417.701437,418.553458,3
0,1,2048,cpu_vals,1,81.526583,81.486750,81.726042,5
0,1,2048,tridiag_vals,1,86.653666,86.571125,86.695625,5
0,2,12,simd,1,0.237000,0.222584,0.277042,25
0,2,12,tg,1,0.206208,0.202541,0.209417,25
0,2,12,ql,1,0.252834,0.245875,0.266250,25
0,2,12,cpu,1,0.015250,0.014958,0.015667,25
0,2,12,simd_vals,1,0.222792,0.214750,0.236667,25
0,2,12,tg_vals,1,0.202792,0.197708,0.205375,25
0,2,12,ql_vals,1,0.200542,0.194125,0.251708,25
0,2,12,cpu_vals,1,0.006917,0.006875,0.007416,25
0,32,512,block,1,291.396084,291.167417,291.496167,5
0,32,512,cpu,1,30.617291,30.601167,30.864125,5
0,32,512,tridiag,1,418.879667,418.686562,419.780167,3
0,32,512,block_vals,1,192.525333,192.286083,192.910625,5
0,32,512,cpu_vals,1,13.733291,13.137208,13.853093,12
0,32,512,tridiag_vals,1,336.380541,336.297395,336.612166,3
0,64,192,tg,1,144.475708,143.694958,144.616042,5
0,64,192,block,1,31.577958,31.471333,31.671833,5
0,64,192,cpu,1,6.609709,6.394958,6.933646,23
0,64,192,tridiag,1,244.820459,244.710375,245.192875,5
0,64,192,tg_vals,1,83.598500,83.521375,83.747708,5
0,64,192,block_vals,1,27.517917,27.473292,27.586886,6
0,64,192,cpu_vals,1,3.107667,3.051875,3.622125,25
0,64,192,tridiag_vals,1,199.873416,199.856000,199.926917,5
0,1,1536,block,1,249.650625,249.618459,249.733250,5
0,1,1536,cpu,1,99.602792,99.218084,99.929000,5
0,1,1536,tridiag,1,68.818375,68.691292,69.071667,5
0,1,1536,block_vals,1,206.030292,205.950667,206.136500,5
0,1,1536,cpu_vals,1,43.024125,42.991125,43.056291,5
0,1,1536,tridiag_vals,1,50.081542,49.998792,50.167125,5
0,512,8,simd,1,0.240833,0.238833,0.258292,25
0,512,8,tg,1,0.241875,0.239708,0.248792,25
0,512,8,ql,1,0.237958,0.234500,0.240917,25
0,512,8,cpu,1,0.185666,0.183125,0.190667,25
0,512,8,simd_vals,1,0.218042,0.211167,0.224791,25
0,512,8,tg_vals,1,0.220125,0.217167,0.221250,25
0,512,8,ql_vals,1,0.203125,0.195500,0.210000,25
0,512,8,cpu_vals,1,0.136209,0.132334,0.142166,25
0,1,512,tg,1,475.530542,475.493334,475.795584,3
0,1,512,block,1,30.015562,29.841854,30.053927,6
0,1,512,cpu,1,8.956833,8.768333,9.151333,17
0,1,512,tridiag,1,13.399396,13.362084,13.549427,12
0,1,512,tg_vals,1,445.081625,445.067145,445.097583,3
0,1,512,block_vals,1,28.342604,28.185948,28.559760,6
0,1,512,cpu_vals,1,4.202125,4.182500,4.229958,25
0,1,512,tridiag_vals,1,10.588792,10.215875,10.690583,15
0,64,32,simd,1,1.773583,1.730667,1.784208,25
0,64,32,tg,1,0.589792,0.583792,0.609041,25
0,64,32,block,1,2.851167,2.804834,2.864625,25
0,64,32,ql,1,0.552667,0.547416,0.560542,25
0,64,32,cpu,1,0.254042,0.245917,0.273625,25
0,64,32,simd_vals,1,1.582208,1.567958,1.594000,25
0,64,32,tg_vals,1,0.541458,0.535833,0.549125,25
0,64,32,block_vals,1,2.788416,2.755500,2.811333,25
0,64,32,ql_vals,1,0.418458,0.411000,0.427833,25
0,64,32,cpu_vals,1,0.150959,0.147875,0.158583,25
0,2,4,simd,1,0.149791,0.146334,0.173416,25
0,2,4,tg,1,0.147166,0.145375,0.152125,25
0,2,4,ql,1,0.151875,0.147042,0.174916,25
0,2,4,cpu,1,0.004791,0.003750,0.005584,25
0,2,4,simd_vals,1,0.156458,0.147000,0.171250,25
0,2,4,tg_vals,1,0.158625,0.146667,0.166167,25
0,2,4,ql_vals,1,0.142167,0.139458,0.153459,25
0,2,4,cpu_vals,1,0.004583,0.003417,0.005208,25
0,4,48,tg,1,0.722875,0.676292,0.764208,25
0,4,48,block,1,3.132916,3.091208,3.158708,25
0,4,48,ql,1,0.866750,0.840000,0.897000,25
0,4,48,cpu,1,0.103583,0.101291,0.108541,25
0,4,48,tg_vals,1,0.700000,0.640083,0.726375,25
0,4,48,block_vals,1,3.089458,3.020375,3.112833,25
0,4,48,ql_vals,1,0.739375,0.705667,0.767167,25
0,4,48,cpu_vals,1,0.058041,0.057250,0.061042,25
0,1,48,tg,1,0.734542,0.704042,0.784625,25
0,1,48,block,1,3.105375,3.073791,3.153333,25
0,1,48,ql,1,0.850375,0.824958,0.880042,25
0,1,48,cpu,1,0.077500,0.075167,0.077958,25
0,1,48,tg_vals,1,0.670042,0.632083,0.727000,25
0,1,48,block_vals,1,3.071375,3.026000,3.094667,25
0,1,48,ql_vals,1,0.719542,0.694375,0.777167,25
0,1,48,cpu_vals,1,0.034083,0.033958,0.034166,25
0,256,256,block,1,322.688000,322.639688,322.733292,3
0,256,256,cpu,1,44.231584,44.218584,44.447500,5
0,256,256,tridiag,1,1356.894458,1356.818395,1357.004083,3
0,256,256,block_vals,1,244.561041,244.461834,244.570667,5
0,256,256,cpu_vals,1,21.060937,20.906834,21.187323,8
0,256,256,tridiag_vals,1,1122.985166,1122.139270,1123.012916,3
0,2048,64,tg,1,77.572833,77.566500,77.776250,5
0,2048,64,block,1,50.679208,50.613834,50.992000,5
0,2048,64,ql,1,23.342125,23.131646,23.446771,7
0,2048,64,cpu,1,20.574104,20.511906,20.704969,8
0,2048,64,tg_vals,1,65.867791,65.656000,65.946833,5
0,2048,64,block_vals,1,44.244792,44.242875,44.556791,5
0,2048,64,ql_vals,1,16.663916,16.351146,16.737885,10
0,2048,64,cpu_vals,1,8.042000,7.998916,8.392416,19
0,1,64,tg,1,1.244792,1.225875,1.284500,25
0,1,64,block,1,3.212792,3.145417,3.238375,25
0,1,64,ql,1,1.336834,1.316791,1.355417,25
0,1,64,cpu,1,0.148542,0.146833,0.150917,25
0,1,64,tg_vals,1,1.132000,1.107291,1.144875,25
0,1,64,block_vals,1,3.126542,3.112000,3.158917,25
0,1,64,ql_vals,1,1.039709,1.026667,1.054166,25
0,1,64,cpu_vals,1,0.062125,0.061458,0.062667,25
0,2048,128,block,1,340.283166,340.181187,340.955291,3
0,2048,128,cpu,1,76.317375,74.635041,77.931625,5
0,2048,128,block_vals,1,278.221291,278.146667,278.417125,5
0,2048,128,cpu_vals,1,39.140792,39.039417,39.826667,5
0,4,32,simd,1,1.740584,1.705209,1.759792,25
0,4,32,tg,1,0.369875,0.360875,0.371500,25
0,4,32,block,1,2.847083,2.761958,2.989041,25
0,4,32,ql,1,0.541375,0.532541,0.554000,25
0,4,32,cpu,1,0.055208,0.053417,0.057041,25
0,4,32,simd_vals,1,1.589792,1.572542,1.601292,25
0,4,32,tg_vals,1,0.351625,0.338666,0.355459,25
0,4,32,block_vals,1,2.853125,2.785875,3.029292,25
0,4,32,ql_vals,1,0.426292,0.410208,0.449292,25
0,4,32,cpu_vals,1,0.035917,0.035542,0.036708,25
0,2048,12,simd,1,0.830917,0.809333,0.900791,25
0,2048,12,tg,1,0.865625,0.817125,0.919333,25
0,2048,12,ql,1,0.631708,0.625333,0.639542,25
0,2048,12,cpu,1,0.802166,0.792125,0.833541,25
0,2048,12,simd_vals,1,0.703125,0.690792,0.782708,25
0,2048,12,tg_vals,1,0.708042,0.699208,0.783958,25
0,2048,12,ql_vals,1,0.439375,0.431958,0.445500,25
0,2048,12,cpu_vals,1,0.513708,0.390625,0.638833,25
0,1,16,simd,1,0.376083,0.364166,0.396375,25
0,1,16,tg,1,0.256833,0.250042,0.263209,25
0,1,16,ql,1,0.255291,0.247875,0.261459,25
0,1,16,cpu,1,0.009834,0.009750,0.010333,25
0,1,16,simd_vals,1,0.316792,0.305375,0.327875,25
0,1,16,tg_vals,1,0.227500,0.218708,0.236083,25
0,1,16,ql_vals,1,0.222000,0.209042,0.226750,25
0,1,16,cpu_vals,1,0.004417,0.004375,0.004708,25
0,64,4,simd,1,0.161792,0.153083,0.168625,25
0,64,4,tg,1,0.162084,0.156208,0.176083,25
0,64,4,ql,1,0.176459,0.170583,0.187167,25
0,64,4,cpu,1,0.060125,0.058625,0.063167,25
0,64,4,simd_vals,1,0.161792,0.155750,0.173334,25
0,64,4,tg_vals,1,0.167625,0.154042,0.174875,25
0,64,4,ql_vals,1,0.158875,0.147917,0.168250,25
0,64,4,cpu_vals,1,0.036333,0.035792,0.037541,25
0,512,128,tg,1,180.857708,178.685417,180.859250,5
0,512,128,block,1,86.656959,86.586834,86.700500,5
0,512,128,cpu,1,20.791084,20.506844,20.834906,8
0,512,128,tridiag,1,1206.864417,1206.627812,1207.404104,3
0,512,128,tg_vals,1,164.625792,163.491750,166.805000,5
0,512,128,block_vals,1,69.670625,69.640625,69.810208,5
0,512,128,cpu_vals,1,10.334584,10.050771,10.457667,15
0,512,128,tridiag_vals,1,978.872083,977.922687,979.061604,3
0,128,12,simd,1,0.280584,0.275333,0.285709,25
0,128,12,tg,1,0.233417,0.227334,0.240542,25
0,128,12,ql,1,0.228750,0.220500,0.238292,25
0,128,12,cpu,1,0.154208,0.147834,0.158291,25
0,128,12,simd_vals,1,0.253083,0.242500,0.262250,25
0,128,12,tg_vals,1,0.195042,0.191417,0.211208,25
0,128,12,ql_vals,1,0.201125,0.186875,0.211000,25
0,128,12,cpu_vals,1,0.099625,0.088125,0.125958,25
0,8,4,simd,1,0.154541,0.143417,0.168791,25
0,8,4,tg,1,0.157000,0.148708,0.166667,25
0,8,4,ql,1,0.166458,0.158833,0.176125,25
0,8,4,cpu,1,0.019917,0.017916,0.023708,25
0,8,4,simd_vals,1,0.155416,0.146917,0.178125,25
0,8,4,tg_vals,1,0.148417,0.143375,0.154083,25
0,8,4,ql_vals,1,0.150833,0.140250,0.165041,25
0,8,4,cpu_vals,1,0.006208,0.005667,0.011542,25
0,32,4,simd,1,0.158542,0.145667,0.168667,25
0,32,4,tg,1,0.147916,0.140459,0.162250,25
0,32,4,ql,1,0.153250,0.148458,0.168333,25
0,32,4,cpu,1,0.031542,0.030292,0.033125,25
0,32,4,simd_vals,1,0.164291,0.150750,0.170209,25
0,32,4,tg_vals,1,0.159667,0.147833,0.171458,25
0,32,4,ql_vals,1,0.146459,0.138375,0.153917,25
0,32,4,cpu_vals,1,0.018834,0.018625,0.019250,25
0,32,64,tg,1,1.847584,1.801791,2.216708,25
0,32,64,block,1,3.311000,3.256917,3.363083,25
0,32,64,ql,1,1.403500,1.392167,1.420792,25
0,32,64,cpu,1,0.461792,0.455792,0.475459,25
0,32,64,tg_vals,1,1.655417,1.629583,1.659625,25
0,32,64,block_vals,1,3.260125,3.231708,3.311125,25
0,32,64,ql_vals,1,1.126875,1.103292,1.136583,25
0,32,64,cpu_vals,1,0.249417,0.220709,0.659458,25
0,1024,96,tg,1,143.254250,142.566542,143.645625,5
0,1024,96,block,1,77.860833,77.819583,77.933042,5
0,1024,96,cpu,1,22.894458,22.771729,23.145250,7
0,1024,96,tg_vals,1,114.722416,114.516541,114.864334,5
0,1024,96,block_vals,1,65.717459,65.657667,65.771250,5
0,1024,96,cpu_vals,1,11.762875,11.723584,11.797333,13
0,2,48,tg,1,0.991083,0.919416,1.457542,25
0,2,48,block,1,3.204458,3.160292,3.296000,25
0,2,48,ql,1,0.838041,0.831875,0.881459,25
0,2,48,cpu,1,0.099375,0.094083,0.106959,25
0,2,48,tg_vals,1,0.645291,0.637667,0.671458,25
0,2,48,block_vals,1,3.116500,3.085208,3.148917,25
0,2,48,ql_vals,1,0.701416,0.689583,0.758500,25
0,2,48,cpu_vals,1,0.055709,0.054625,0.056667,25
0,4096,64,tg,1,155.283417,155.056958,155.434125,5
0,4096,64,block,1,97.946209,97.863500,97.989500,5
0,4096,64,ql,1,45.629666,45.566209,45.857875,5
0,4096,64,cpu,1,39.875458,39.678959,39.925042,5
0,4096,64,tg_vals,1,131.337375,130.845875,131.883750,5
0,4096,64,block_vals,1,85.487417,85.463792,85.599417,5
0,4096,64,ql_vals,1,31.879625,31.741291,32.158416,5
0,4096,64,cpu_vals,1,16.493771,16.328459,16.567385,10
0,32,12,simd,1,0.735792,0.703375,0.975125,25
0,32,12,tg,1,0.227417,0.222166,0.233833,25
0,32,12,ql,1,0.230958,0.223958,0.234416,25
0,32,12,cpu,1,0.117792,0.076208,0.173666,25
0,32,12,simd_vals,1,0.253625,0.246458,0.256667,25
0,32,12,tg_vals,1,0.219417,0.209917,0.222292,25
0,32,12,ql_vals,1,0.206458,0.195042,0.208750,25
0,32,12,cpu_vals,1,0.055500,0.043875,0.078541,25
0,4,1024,block,1,253.999375,253.955792,254.596708,5
0,4,1024,cpu,1,48.253834,47.977625,48.515875,5
0,4,1024,tridiag,1,142.476042,142.111916,143.039000,5
0,4,1024,block_vals,1,172.373291,172.355125,172.682958,5
0,4,1024,cpu_vals,1,23.716375,23.411209,23.815604,7
0,4,1024,tridiag_vals,1,108.947208,108.750667,109.127708,5
0,2,96,tg,1,3.644709,3.622791,3.655500,25
0,2,96,block,1,4.748542,4.568750,4.813500,25
0,2,96,cpu,1,0.315000,0.309042,0.318792,25
0,2,96,tg_vals,1,3.285084,3.263125,3.313792,25
0,2,96,block_vals,1,4.649583,4.542042,4.717625,25
0,2,96,cpu_vals,1,0.166334,0.165291,0.167625,25
0,64,64,tg,1,3.327292,3.268917,3.345583,25
0,64,64,block,1,4.006542,3.900417,4.071959,25
0,64,64,ql,1,1.477791,1.461625,1.493584,25
0,64,64,cpu,1,0.733917,0.724209,0.750583,25
0,64,64,tg_vals,1,2.941458,2.907000,2.973500,25
0,64,64,block_vals,1,3.751584,3.645500,3.823292,25
0,64,64,ql_vals,1,1.141333,1.108542,1.161459,25
0,64,64,cpu_vals,1,0.376250,0.340875,0.596333,25
0,2048,8,simd,1,0.381750,0.375292,0.397542,25
0,2048,8,tg,1,0.381416,0.373709,0.388167,25
0,2048,8,ql,1,0.393458,0.385541,0.395333,25
0,2048,8,cpu,1,0.450500,0.447791,0.462834,25
0,2048,8,simd_vals,1,0.335541,0.329667,0.340916,25
0,2048,8,tg_vals,1,0.340208,0.334958,0.343458,25
0,2048,8,ql_vals,1,0.304834,0.300791,0.309750,25
0,2048,8,cpu_vals,1,0.261625,0.233708,0.638625,25
0,256,128,tg,1,95.848709,91.933792,96.210750,5
0,256,128,block,1,42.549834,42.400000,42.576958,5
0,256,128,cpu,1,10.376541,10.241667,10.556916,15
0,256,128,tridiag,1,606.747542,605.994479,606.889146,3
0,256,128,tg_vals,1,82.043125,81.426584,82.193584,5
0,256,128,block_vals,1,33.847708,33.688083,33.945750,5
0,256,128,cpu_vals,1,5.414584,5.165458,5.666583,25
0,256,128,tridiag_vals,1,490.777583,490.694333,491.280958,3
0,256,2,simd,1,0.158833,0.143000,0.167625,25
0,256,2,tg,1,0.159583,0.145833,0.167334,25
0,256,2,ql,1,0.161417,0.157667,0.163416,25
0,256,2,cpu,1,0.094083,0.081542,0.096125,25
0,256,2,simd_vals,1,0.140750,0.138417,0.147250,25
0,256,2,tg_vals,1,0.141292,0.138500,0.161083,25
0,256,2,ql_vals,1,0.139209,0.136791,0.155500,25
0,256,2,cpu_vals,1,0.044667,0.043958,0.047500,25
0,512,192,block,1,280.580750,280.179500,280.827208,5
0,512,192,cpu,1,45.885333,44.805666,46.200625,5
0,512,192,block_vals,1,220.588292,220.377667,221.490708,5
0,512,192,cpu_vals,1,23.986458,23.672521,24.269541,7
0,128,32,simd,1,1.828833,1.798875,1.844208,25
0,128,32,tg,1,1.000250,0.969125,1.046417,25
0,128,32,block,1,2.992834,2.971459,3.062875,25
0,128,32,ql,1,0.581333,0.576167,0.585625,25
0,128,32,cpu,1,0.413208,0.406084,0.424542,25
0,128,32,simd_vals,1,1.631917,1.625958,1.639584,25
0,128,32,tg_vals,1,0.892000,0.857959,0.902709,25
0,128,32,block_vals,1,2.970416,2.933208,3.005416,25
0,128,32,ql_vals,1,0.434250,0.429542,0.441500,25
0,128,32,cpu_vals,1,0.212542,0.199125,0.224042,25
0,1024,32,simd,1,5.184458,5.136500,5.227791,25
0,1024,32,tg,1,4.595375,4.564208,4.634125,25
0,1024,32,block,1,6.505521,6.405542,6.563250,24
0,1024,32,ql,1,1.682500,1.663250,1.695500,25
0,1024,32,cpu,1,2.491458,2.441958,2.989875,25
0,1024,32,simd_vals,1,4.581875,4.565667,4.610042,25
0,1024,32,tg_vals,1,3.970542,3.937791,4.017583,25
0,1024,32,block_vals,1,6.090750,6.004917,6.151375,25
0,1024,32,ql_vals,1,1.051833,1.016292,1.078500,25
0,1024,32,cpu_vals,1,0.954625,0.927000,1.477041,25
1,4,2,simd,1,0.162333,0.152167,0.173667,25
1,4,2,tg,1,0.146250,0.137958,0.159708,25
1,4,2,ql,1,0.150833,0.144292,0.163042,25
1,4,2,cpu,1,0.005375,0.004334,0.006584,25
1,4,2,simd_vals,1,0.161208,0.147542,0.167875,25
1,4,2,tg_vals,1,0.158292,0.142208,0.163541,25
1,4,2,ql_vals,1,0.147375,0.136292,0.167333,25
1,4,2,cpu_vals,1,0.004708,0.003625,0.005500,25
1,1024,8,simd,1,0.291250,0.283834,0.319416,25
1,1024,8,tg,1,0.276500,0.273125,0.283125,25
1,1024,8,ql,1,0.283875,0.279500,0.289166,25
1,1024,8,cpu,1,0.287917,0.283208,0.328459,25
1,1024,8,simd_vals,1,0.252500,0.243584,0.261042,25
1,1024,8,tg_vals,1,0.255625,0.252708,0.258125,25
1,1024,8,ql_vals,1,0.236250,0.231375,0.242542,25
1,1024,8,cpu_vals,1,0.187084,0.184958,0.190875,25
1,4096,12,simd,1,1.584958,1.456292,1.649666,25
1,4096,12,tg,1,1.450959,1.419625,1.471459,25
1,4096,12,ql,1,1.085917,1.028750,1.110625,25
1,4096,12,cpu,1,1.517417,1.506250,1.605666,25
1,4096,12,simd_vals,1,1.331000,1.283041,1.386125,25
1,4096,12,tg_vals,1,1.197291,1.186166,1.253500,25
1,4096,12,ql_vals,1,0.720417,0.693750,0.791792,25
1,4096,12,cpu_vals,1,0.725959,0.679625,0.750041,25
1,2,512,tg,1,481.542958,481.446209,481.671979,3
1,2,512,block,1,35.734084,35.729167,35.764959,5
1,2,512,cpu,1,9.277791,9.185135,9.929896,16
1,2,512,tridiag,1,26.734395,26.380833,26.920208,6
1,2,512,tg_vals,1,444.751583,444.695562,444.812958,3
1,2,512,block_vals,1,32.907250,32.846917,32.979750,5
1,2,512,cpu_vals,1,4.410417,4.384167,4.442708,25
1,2,512,tridiag_vals,1,21.219104,20.968364,21.399802,8
1,1024,192,block,1,552.516792,552.496729,553.070271,3
1,1024,192,cpu,1,87.461083,87.235250,88.206667,5
1,1024,192,block_vals,1,432.773375,432.236395,432.794271,3
1,1024,192,cpu_vals,1,45.515125,44.667792,45.636959,5
1,2048,192,block,1,1101.163083,1100.333604,1101.226354,3
1,2048,192,cpu,1,170.026500,169.203250,171.835250,5
1,2048,192,block_vals,1,851.722250,851.695688,852.071708,3
1,2048,192,cpu_vals,1,88.072166,87.380958,90.337959,5
1,2,16,simd,1,0.361083,0.342833,1.096875,25
1,2,16,tg,1,0.230375,0.217792,0.236750,25
1,2,16,ql,1,0.252375,0.239459,0.262375,25
1,2,16,cpu,1,0.020959,0.020750,0.021583,25
1,2,16,simd_vals,1,0.305334,0.302750,0.320792,25
1,2,16,tg_vals,1,0.226333,0.219375,0.233291,25
1,2,16,ql_vals,1,0.224792,0.211833,0.236208,25
1,2,16,cpu_vals,1,0.009750,0.009666,0.010000,25
1,4096,128,block,1,679.316084,678.798896,679.686500,3
1,4096,128,cpu,1,145.828666,144.977750,147.027000,5
1,4096,128,block_vals,1,553.003791,552.797792,555.249124,3
1,4096,128,cpu_vals,1,79.504250,77.274250,79.741333,5
1,32,32,simd,1,1.752333,1.738875,1.767083,25
1,32,32,tg,1,0.429000,0.425292,0.439167,25
1,32,32,block,1,2.754042,2.731917,2.776584,25
1,32,32,ql,1,0.502334,0.495875,0.526000,25
1,32,32,cpu,1,0.172250,0.167625,0.177834,25
1,32,32,simd_vals,1,1.583250,1.573625,1.594500,25
1,32,32,tg_vals,1,0.402000,0.393125,0.409541,25
1,32,32,block_vals,1,2.659833,2.597709,2.711208,25
1,32,32,ql_vals,1,0.393041,0.384166,0.412208,25
1,32,32,cpu_vals,1,0.229625,0.121250,0.382625,25
1,16,12,simd,1,0.268375,0.250875,0.281667,25
1,16,12,tg,1,0.213500,0.200250,0.216209,25
1,16,12,ql,1,0.202958,0.196417,0.212209,25
1,16,12,cpu,1,0.083875,0.052583,0.085375,25
1,16,12,simd_vals,1,0.251917,0.244667,0.260584,25
1,16,12,tg_vals,1,0.189000,0.185667,0.207041,25
1,16,12,ql_vals,1,0.181083,0.175125,0.190084,25
1,16,12,cpu_vals,1,0.039750,0.039041,0.040417,25
1,1,192,tg,1,24.612792,24.597708,24.620687,7
1,1,192,block,1,8.791270,8.721458,8.845042,18
1,1,192,cpu,1,1.199291,1.179666,1.221584,25
1,1,192,tridiag,1,3.836042,3.808834,3.876458,25
1,1,192,tg_vals,1,23.125792,23.104792,23.129375,7
1,1,192,block_vals,1,8.588750,8.527583,8.616948,18
1,1,192,cpu_vals,1,0.587750,0.586042,0.593583,25
1,1,192,tridiag_vals,1,3.103125,3.077958,3.143875,25
1,2,96,tg,1,3.639708,3.604875,3.644333,25
1,2,96,block,1,4.708500,4.663125,4.808000,25
1,2,96,cpu,1,0.308500,0.305458,0.312458,25
1,2,96,tg_vals,1,3.310500,3.294666,3.322833,25
1,2,96,block_vals,1,4.606083,4.493916,4.684916,25
1,2,96,cpu_vals,1,0.167083,0.165750,0.172208,25
1,2048,24,simd,1,4.025792,4.000417,4.048583,25
1,2048,24,tg,1,3.977292,3.947250,4.009375,25
1,2048,24,ql,1,1.809292,1.791083,1.826708,25
1,2048,24,cpu,1,3.411334,2.995708,3.502291,25
1,2048,24,simd_vals,1,3.351000,3.331917,3.398417,25
1,2048,24,tg_vals,1,3.325125,3.308833,3.383334,25
1,2048,24,ql_vals,1,1.079250,1.073250,1.125458,25
1,2048,24,cpu_vals,1,1.636291,1.118208,1.696625,25
1,128,12,simd,1,0.283459,0.273875,0.297625,25
1,128,12,tg,1,0.232666,0.225250,0.234166,25
1,128,12,ql,1,0.233250,0.227625,0.237792,25
1,128,12,cpu,1,0.137292,0.135084,0.144208,25
1,128,12,simd_vals,1,0.253375,0.240375,0.260542,25
1,128,12,tg_vals,1,0.219250,0.210375,0.221667,25
1,128,12,ql_vals,1,0.191500,0.187333,0.205292,25
1,128,12,cpu_vals,1,0.116125,0.092041,0.296708,25
1,1,2048,block,1,603.582750,602.806209,603.588042,3
1,1,2048,cpu,1,235.038292,234.663417,235.679583,5
1,1,2048,tridiag,1,119.554000,119.543500,119.961083,5
1,1,2048,block_vals,1,420.662083,420.643333,421.056792,3
1,1,2048,cpu_vals,1,82.435500,82.404750,82.598000,5
1,1,2048,tridiag_vals,1,87.112041,87.023291,87.261000,5
1,1,1024,block,1,102.077833,102.071834,102.227958,5
1,1,1024,cpu,1,40.632584,40.564000,40.826041,5
1,1,1024,tridiag,1,35.546208,35.197375,35.579833,5
1,1,1024,block_vals,1,91.003875,90.936208,91.004250,5
1,1,1024,cpu_vals,1,18.178375,18.130417,18.219084,9
1,1,1024,tridiag_vals,1,26.970208,26.746001,27.254011,6
1,32,24,simd,1,0.756292,0.741166,0.824542,25
1,32,24,tg,1,0.302417,0.296666,0.306542,25
1,32,24,ql,1,0.397292,0.387625,0.403250,25
1,32,24,cpu,1,0.141041,0.140083,0.150125,25
1,32,24,simd_vals,1,0.722375,0.683916,0.750625,25
1,32,24,tg_vals,1,0.287541,0.282959,0.290833,25
1,32,24,ql_vals,1,0.319208,0.314875,0.324334,25
1,32,24,cpu_vals,1,0.145041,0.099667,0.230750,25
1,4096,8,simd,1,0.555209,0.551916,0.568084,25
1,4096,8,tg,1,0.562833,0.558958,0.568167,25
1,4096,8,ql,1,0.587917,0.583417,0.596541,25
1,4096,8,cpu,1,0.770417,0.765166,0.778042,25
1,4096,8,simd_vals,1,0.485166,0.477000,0.491625,25
1,4096,8,tg_vals,1,0.492584,0.483167,0.535709,25
1,4096,8,ql_vals,1,0.430792,0.424084,0.437583,25
1,4096,8,cpu_vals,1,0.412750,0.378291,0.461625,25
1,256,192,tg,1,549.943958,549.718062,559.784520,3
1,256,192,block,1,140.520458,140.512667,140.716375,5
1,256,192,cpu,1,23.719500,23.144646,23.949188,7
1,256,192,tridiag,1,981.660084,981.310396,981.734709,3
1,256,192,tg_vals,1,277.190042,269.024084,280.940583,5
1,256,192,block_vals,1,106.391875,106.293500,106.538458,5
1,256,192,cpu_vals,1,11.583000,11.418375,11.775041,13
1,256,192,tridiag_vals,1,798.727167,798.303437,799.448750,3
1,256,8,simd,1,0.207459,0.198417,0.223292,25
1,256,8,tg,1,0.201458,0.194834,0.210708,25
1,256,8,ql,1,0.204667,0.202458,0.207042,25
1,256,8,cpu,1,0.129625,0.125542,0.141875,25
1,256,8,simd_vals,1,0.186625,0.178833,0.190417,25
1,256,8,tg_vals,1,0.186000,0.180792,0.191958,25
1,256,8,ql_vals,1,0.163875,0.160583,0.182833,25
1,256,8,cpu_vals,1,0.113875,0.097000,0.308125,25
1,1024,24,simd,1,2.404083,2.386541,2.423333,25
1,1024,24,tg,1,2.187167,2.166000,2.204375,25
1,1024,24,ql,1,1.085000,1.075000,1.088833,25
1,1024,24,cpu,1,1.550083,1.533833,1.574000,25
1,1024,24,simd_vals,1,2.075916,2.064625,2.089625,25
1,1024,24,tg_vals,1,1.884459,1.874083,1.898000,25
1,1024,24,ql_vals,1,0.719375,0.673459,0.764584,25
1,1024,24,cpu_vals,1,0.613458,0.595875,0.672250,25
1,16,256,tg,1,84.647125,84.634416,84.655917,5
1,16,256,block,1,20.541250,20.426615,20.676916,8
1,16,256,cpu,1,3.508625,3.402916,3.940792,25
1,16,256,tridiag,1,85.265875,85.227500,85.293125,5
1,16,256,tg_vals,1,61.278250,61.153083,61.288791,5
1,16,256,block_vals,1,18.195250,18.130542,18.345292,9
1,16,256,cpu_vals,1,1.584125,1.534625,1.930750,25
1,16,256,tridiag_vals,1,70.761000,70.707833,70.974250,5
1,2,384,tg,1,203.110125,203.019500,203.124417,5
1,2,384,block,1,21.725458,21.713229,21.797229,7
1,2,384,cpu,1,5.026542,4.914709,5.057833,25
1,2,384,tridiag,1,18.389750,17.641708,18.423000,9
1,2,384,tg_vals,1,190.545167,190.497792,190.551208,5
1,2,384,block_vals,1,20.535334,20.433021,20.568323,8
1,2,384,cpu_vals,1,2.446083,2.433250,2.462459,25
1,2,384,tridiag_vals,1,14.335250,14.294583,14.380479,11
1,2,32,simd,1,1.734500,1.721959,1.748500,25
1,2,32,tg,1,0.359166,0.351584,0.362708,25
1,2,32,block,1,3.053875,2.935542,3.203875,25
1,2,32,ql,1,0.541916,0.528916,0.558334,25
1,2,32,cpu,1,0.044791,0.044167,0.050875,25
1,2,32,simd_vals,1,1.575542,1.567500,1.588625,25
1,2,32,tg_vals,1,0.342625,0.336417,0.345834,25
1,2,32,block_vals,1,2.983500,2.780834,3.118334,25
1,2,32,ql_vals,1,0.409541,0.384417,0.438625,25
1,2,32,cpu_vals,1,0.023458,0.023125,0.024375,25
1,1024,16,simd,1,0.883959,0.846209,0.949958,25
1,1024,16,tg,1,0.852542,0.807959,0.874417,25
1,1024,16,ql,1,0.577583,0.569791,0.591750,25
1,1024,16,cpu,1,0.716791,0.704500,0.762792,25
1,1024,16,simd_vals,1,0.735000,0.718708,0.789542,25
1,1024,16,tg_vals,1,0.734916,0.697958,0.785250,25
1,1024,16,ql_vals,1,0.409042,0.404583,0.421209,25
1,1024,16,cpu_vals,1,0.349334,0.324042,0.632542,25
1,256,48,tg,1,4.316791,4.283166,4.371042,25
1,256,48,block,1,7.628229,7.508979,7.723584,20
1,256,48,ql,1,1.724667,1.707083,1.733167,25
1,256,48,cpu,1,1.583208,1.572625,1.597709,25
1,256,48,tg_vals,1,3.761041,3.752583,3.774208,25
1,256,48,block_vals,1,7.260500,7.131625,7.302666,21
1,256,48,ql_vals,1,1.303042,1.293416,1.307125,25
1,256,48,cpu_vals,1,0.703459,0.691334,0.733750,25
1,512,4,simd,1,0.201166,0.193000,0.230167,25
1,512,4,tg,1,0.190125,0.184959,0.199459,25
1,512,4,ql,1,0.182625,0.177666,0.187958,25
1,512,4,cpu,1,0.189667,0.121791,0.257709,25
1,512,4,simd_vals,1,0.161875,0.154541,0.175584,25
1,512,4,tg_vals,1,0.180208,0.175000,0.183083,25
1,512,4,ql_vals,1,0.169542,0.158583,0.174625,25
1,512,4,cpu_vals,1,0.084584,0.081833,0.177542,25
1,8,96,tg,1,3.665583,3.628708,3.673667,25
1,8,96,block,1,4.814333,4.722250,4.862000,25
1,8,96,cpu,1,0.397458,0.389125,0.433542,25
1,8,96,tg_vals,1,3.299416,3.275084,3.313250,25
1,8,96,block_vals,1,4.722791,4.669875,4.808250,25
1,8,96,cpu_vals,1,0.272250,0.223291,0.280209,25
1,128,16,simd,1,0.367041,0.364083,0.370917,25
1,128,16,tg,1,0.278000,0.274959,0.288292,25
1,128,16,ql,1,0.288042,0.284708,0.293292,25
1,128,16,cpu,1,0.177375,0.173917,0.183709,25
1,128,16,simd_vals,1,0.326375,0.310083,0.332041,25
1,128,16,tg_vals,1,0.253208,0.250667,0.256500,25
1,128,16,ql_vals,1,0.247583,0.245958,0.250000,25
1,128,16,cpu_vals,1,0.153250,0.118083,0.230167,25
1,8,192,tg,1,27.814312,27.798052,27.844979,6
1,8,192,block,1,9.941729,9.858542,10.027271,16
1,8,192,cpu,1,1.479833,1.469916,1.516542,25
1,8,192,tridiag,1,30.561417,30.474750,30.693250,5
1,8,192,tg_vals,1,25.784416,25.782552,25.796094,6
1,8,192,block_vals,1,9.370334,9.253375,9.458459,17
1,8,192,cpu_vals,1,0.765000,0.756042,0.774708,25
1,8,192,tridiag_vals,1,24.933916,24.892708,25.007063,7
1,32,2,simd,1,0.150625,0.139458,0.168292,25
1,32,2,tg,1,0.162500,0.158500,0.166291,25
1,32,2,ql,1,0.163750,0.157541,0.166458,25
1,32,2,cpu,1,0.015542,0.015458,0.015792,25
1,32,2,simd_vals,1,0.136833,0.132125,0.148292,25
1,32,2,tg_vals,1,0.136792,0.133375,0.150166,25
1,32,2,ql_vals,1,0.152917,0.137833,0.158666,25
1,32,2,cpu_vals,1,0.009542,0.009208,0.010000,25
1,16,2,simd,1,0.143833,0.138167,0.165583,25
1,16,2,tg,1,0.157083,0.142458,0.161417,25
1,16,2,ql,1,0.160041,0.146792,0.163792,25
1,16,2,cpu,1,0.009166,0.008333,0.009667,25
1,16,2,simd_vals,1,0.146709,0.143958,0.157375,25
1,16,2,tg_vals,1,0.139833,0.136250,0.144084,25
1,16,2,ql_vals,1,0.138416,0.132042,0.154541,25
1,16,2,cpu_vals,1,0.004916,0.004875,0.005208,25
1,4,1536,block,1,1000.617709,1000.051250,1000.722105,3
1,4,1536,cpu,1,124.096208,121.346500,124.403000,5
1,4,1536,tridiag,1,277.466500,277.342875,277.578583,5
1,4,1536,block_vals,1,635.261667,634.748605,635.344021,3
1,4,1536,cpu_vals,1,56.086417,56.010834,56.126291,5
1,4,1536,tridiag_vals,1,203.566666,203.126083,203.608083,5
1,4,1024,block,1,258.096291,257.716750,258.126250,5
1,4,1024,cpu,1,48.363958,48.357959,49.988625,5
1,4,1024,tridiag,1,142.985583,142.555416,143.056875,5
1,4,1024,block_vals,1,172.317334,172.306834,172.338625,5
1,4,1024,cpu_vals,1,23.516125,23.431813,23.849125,7
1,4,1024,tridiag_vals,1,108.628792,108.602958,108.807959,5
1,16,24,simd,1,0.752417,0.747541,0.812458,25
1,16,24,tg,1,0.294333,0.292209,0.298333,25
1,16,24,ql,1,0.397708,0.393500,0.409375,25
1,16,24,cpu,1,0.101917,0.099000,0.109916,25
1,16,24,simd_vals,1,0.699166,0.683583,0.757875,25
1,16,24,tg_vals,1,0.283083,0.279625,0.285583,25
1,16,24,ql_vals,1,0.320667,0.316083,0.322750,25
1,16,24,cpu_vals,1,0.111459,0.065250,0.118791,25
1,1,768,block,1,61.297834,61.271542,61.335500,5
1,1,768,cpu,1,18.664333,18.442333,19.057625,9
1,1,768,tridiag,1,23.042083,22.937146,23.206479,7
1,1,768,block_vals,1,56.099250,55.940333,56.122083,5
1,1,768,cpu_vals,1,9.786292,9.766969,9.805511,16
1,1,768,tridiag_vals,1,18.031209,17.619625,18.039709,9
1,2048,48,tg,1,30.547500,30.396459,30.549084,5
1,2048,48,block,1,45.008792,44.793542,45.076833,5
1,2048,48,ql,1,8.895375,8.868500,8.907042,17
1,2048,48,cpu,1,11.600000,11.503084,11.769875,13
1,2048,48,tg_vals,1,26.186146,26.080844,26.321635,6
1,2048,48,block_vals,1,39.900375,39.725917,39.959583,5
1,2048,48,ql_vals,1,6.269937,6.254521,6.294531,24
1,2048,48,cpu_vals,1,5.106500,4.969458,5.452459,25
1,16,768,block,1,496.173458,495.739958,496.326229,3
1,16,768,cpu,1,40.941083,40.716750,40.997292,5
1,16,768,tridiag,1,367.382208,367.013499,367.542375,3
1,16,768,block_vals,1,322.486334,322.271333,322.570312,3
1,16,768,cpu_vals,1,18.874937,18.747250,19.131865,8
1,16,768,tridiag_vals,1,286.093875,285.814042,286.897500,5
1,2,1024,block,1,137.686625,137.671833,137.760750,5
1,2,1024,cpu,1,46.128292,45.438791,46.817334,5
1,2,1024,tridiag,1,71.229209,71.168417,71.986042,5
1,2,1024,block_vals,1,113.239958,112.983916,113.322500,5
1,2,1024,cpu_vals,1,22.832958,20.079479,22.857458,7
1,2,1024,tridiag_vals,1,54.185292,53.488791,54.402959,5
1,32,4,simd,1,0.164416,0.149458,0.183417,25
1,32,4,tg,1,0.157416,0.146708,0.167333,25
1,32,4,ql,1,0.160959,0.151959,0.173833,25
1,32,4,cpu,1,0.032125,0.030750,0.033417,25
1,32,4,simd_vals,1,0.161875,0.155625,0.165792,25
1,32,4,tg_vals,1,0.158292,0.153083,0.167084,25
1,32,4,ql_vals,1,0.154041,0.143833,0.164750,25
1,32,4,cpu_vals,1,0.019250,0.018625,0.019625,25
1,1,4096,block,1,4966.892292,4966.717855,4967.629271,3
1,1,4096,cpu,1,2434.155916,2433.831062,2436.128479,3
1,1,4096,tridiag,1,540.827750,538.381958,554.120791,3
1,1,4096,block_vals,1,3428.121291,3427.993354,3432.410583,3
1,1,4096,cpu_vals,1,480.607708,479.997479,480.714917,3
1,1,4096,tridiag_vals,1,398.484375,398.366500,398.589250,3
1,512,32,simd,1,2.846667,2.827916,2.867500,25
1,512,32,tg,1,2.523209,2.483625,2.539333,25
1,512,32,block,1,4.487208,4.442916,4.653542,25
1,512,32,ql,1,1.135083,1.124000,1.141625,25
1,512,32,cpu,1,1.274250,1.255583,1.310042,25
1,512,32,simd_vals,1,2.739542,2.726875,2.785584,25
1,512,32,tg_vals,1,2.186500,2.180125,2.216667,25
1,512,32,block_vals,1,4.280042,4.176750,4.327875,25
1,512,32,ql_vals,1,0.793709,0.763583,0.812917,25
1,512,32,cpu_vals,1,0.528166,0.487333,0.587875,25
1,4,768,block,1,107.731458,107.668084,107.852500,5
1,4,768,cpu,1,22.221125,22.000501,22.440562,7
1,4,768,tridiag,1,92.167750,92.153791,92.212333,5
1,4,768,block_vals,1,85.177209,85.153541,85.256750,5
1,4,768,cpu_vals,1,12.406958,11.392083,12.578209,13
1,4,768,tridiag_vals,1,71.594292,71.449583,71.631416,5
1,2048,64,tg,1,77.567125,77.523792,77.763291,5
1,2048,64,block,1,51.043417,50.917000,51.078333,5
1,2048,64,ql,1,23.350500,23.267354,23.485541,7
1,2048,64,cpu,1,20.115833,19.909792,20.426198,8
1,2048,64,tg_vals,1,65.631084,65.538500,65.798500,5
1,2048,64,block_vals,1,44.566166,44.562959,44.827959,5
1,2048,64,ql_vals,1,16.838250,16.831333,16.890167,9
1,2048,64,cpu_vals,1,8.077750,8.017812,8.282500,19
1,512,128,tg,1,182.448917,181.318208,183.426958,5
1,512,128,block,1,87.252250,87.244375,87.468542,5
1,512,128,cpu,1,20.742104,20.489209,20.983511,8
1,512,128,tridiag,1,1211.572958,1210.567624,1212.356583,3
1,512,128,tg_vals,1,162.029250,161.516083,162.641166,5
1,512,128,block_vals,1,70.464625,70.202583,70.580208,5
1,512,128,cpu_vals,1,10.214625,10.101855,10.469083,15
1,512,128,tridiag_vals,1,985.886458,985.541145,986.080166,3
1,4,96,tg,1,3.651250,3.628667,3.662250,25
1,4,96,block,1,4.782959,4.672459,4.884875,25
1,4,96,cpu,1,0.331958,0.326750,0.339959,25
1,4,96,tg_vals,1,3.308959,3.299875,3.323291,25
1,4,96,block_vals,1,4.701708,4.525333,4.852250,25
1,4,96,cpu_vals,1,0.182500,0.180500,0.195083,25
1,1024,256,block,1,1289.935042,1289.877063,1290.839875,3
1,1024,256,cpu,1,169.593666,168.927584,171.854667,5
1,1024,256,block_vals,1,960.583666,959.415062,962.255375,3
1,1024,256,cpu_vals,1,82.020917,79.227334,85.801208,5
1,256,2,simd,1,0.220458,0.194833,0.264375,25
1,256,2,tg,1,0.204833,0.190000,0.215125,25
1,256,2,ql,1,0.183542,0.155625,0.218625,25
1,256,2,cpu,1,0.095583,0.082375,0.098417,25
1,256,2,simd_vals,1,0.155875,0.142416,0.164083,25
1,256,2,tg_vals,1,0.156875,0.142333,0.163917,25
1,256,2,ql_vals,1,0.140416,0.137167,0.156584,25
1,256,2,cpu_vals,1,0.047417,0.045333,0.048416,25
1,16,384,tg,1,355.824292,355.788500,355.993500,3
1,16,384,block,1,55.491084,55.481167,55.602416,5
1,16,384,cpu,1,7.935084,7.879917,8.029958,19
1,16,384,tridiag,1,146.325750,146.113166,146.886542,5
1,16,384,tg_vals,1,224.957417,224.952084,224.976167,5
1,16,384,block_vals,1,46.238417,46.185209,46.245792,5
1,16,384,cpu_vals,1,4.175500,3.762500,4.856958,25
1,16,384,tridiag_vals,1,115.256458,115.168250,115.268333,5
1,8,32,simd,1,1.729833,1.723875,1.748917,25
1,8,32,tg,1,0.368792,0.364500,0.374250,25
1,8,32,block,1,2.749000,2.717500,2.788000,25
1,8,32,ql,1,0.529166,0.508541,0.540291,25
1,8,32,cpu,1,0.092209,0.085875,0.102208,25
1,8,32,simd_vals,1,1.581375,1.571125,1.594375,25
1,8,32,tg_vals,1,0.349417,0.345292,0.355125,25
1,8,32,block_vals,1,2.720750,2.638375,2.763083,25
1,8,32,ql_vals,1,0.391750,0.378375,0.425084,25
1,8,32,cpu_vals,1,0.060458,0.054959,0.064417,25
1,2,8,simd,1,0.180917,0.168208,0.191042,25
1,2,8,tg,1,0.161500,0.153417,0.170833,25
1,2,8,ql,1,0.177166,0.161083,0.201959,25
1,2,8,cpu,1,0.007959,0.007791,0.008167,25
1,2,8,simd_vals,1,0.161000,0.154333,0.178834,25
1,2,8,tg_vals,1,0.158750,0.154459,0.170291,25
1,2,8,ql_vals,1,0.172875,0.155542,0.210375,25
1,2,8,cpu_vals,1,0.006209,0.005583,0.008791,25
1,512,384,block,1,2165.514417,2164.676313,2170.781250,3
1,512,384,cpu,1,202.006291,200.406958,205.937250,5
1,512,384,block_vals,1,1535.890125,1535.708083,1537.780333,3
1,512,384,cpu_vals,1,98.155458,96.516834,98.222250,5
1,128,256,block,1,161.857666,161.471084,162.176125,5
1,128,256,cpu,1,22.731083,22.590271,22.995146,7
1,128,256,tridiag,1,685.128666,685.110645,686.740750,3
1,128,256,block_vals,1,116.048959,115.797167,116.065208,5
1,128,256,cpu_vals,1,10.759521,10.660292,10.847406,14
1,128,256,tridiag_vals,1,566.192708,566.175083,566.393437,3
1,16,512,block,1,133.939167,133.648792,133.957708,5
1,16,512,cpu,1,16.411895,16.287385,16.526583,10
1,16,512,tridiag,1,211.830291,211.664375,211.987208,5
1,16,512,block_vals,1,93.754666,93.659875,94.004250,5
1,16,512,cpu_vals,1,7.402708,7.319625,7.691958,21
1,16,512,tridiag_vals,1,169.469084,169.203208,170.027500,5
1,1024,96,tg,1,142.975250,141.621291,143.391167,5
1,1024,96,block,1,78.073542,77.996542,78.109833,5
1,1024,96,cpu,1,22.636083,22.467541,22.902313,7
1,1024,96,tg_vals,1,114.452583,114.064458,114.499542,5
1,1024,96,block_vals,1,65.778500,65.616166,65.900042,5
1,1024,96,cpu_vals,1,11.730792,11.696458,11.772042,13
1,4096,96,block,1,300.941500,300.868167,301.100188,3
1,4096,96,cpu,1,83.847250,83.803042,84.450584,5
1,4096,96,block_vals,1,251.918417,251.821792,251.992792,5
1,4096,96,cpu_vals,1,43.836500,42.912792,44.936417,5
1,32,192,tg,1,63.694458,63.686041,63.855250,5
1,32,192,block,1,18.504709,18.496083,18.605833,9
1,32,192,cpu,1,3.467458,3.420625,3.995291,25
1,32,192,tridiag,1,123.075917,122.956833,123.085292,5
1,32,192,tg_vals,1,42.739292,42.727292,42.748084,5
1,32,192,block_vals,1,16.471770,16.414969,16.629645,10
1,32,192,cpu_vals,1,2.120875,1.612667,2.135083,25
1,32,192,tridiag_vals,1,99.809875,99.728125,100.046417,5
1,32,128,tg,1,14.119458,14.097146,14.149521,11
1,32,128,block,1,8.064792,8.030042,8.145667,19
1,32,128,cpu,1,1.461750,1.445416,1.474166,25
1,32,128,tridiag,1,75.523917,75.407000,75.539333,5
1,32,128,tg_vals,1,12.136916,12.120916,12.148083,13
1,32,128,block_vals,1,7.494583,7.441042,7.549833,21
1,32,128,cpu_vals,1,0.743625,0.737167,0.758500,25
1,32,128,tridiag_vals,1,61.373125,61.354625,61.561583,5
1,2048,8,simd,1,0.387250,0.376250,0.409833,25
1,2048,8,tg,1,0.381375,0.376875,0.388208,25
1,2048,8,ql,1,0.385625,0.381458,0.390375,25
1,2048,8,cpu,1,0.473209,0.429375,0.590500,25
1,2048,8,simd_vals,1,0.343042,0.340209,0.347417,25
1,2048,8,tg_vals,1,0.340834,0.338500,0.347042,25
1,2048,8,ql_vals,1,0.307667,0.303833,0.314834,25
1,2048,8,cpu_vals,1,0.278917,0.252958,0.579625,25
1,64,768,block,1,2123.289917,2121.855626,2124.430771,3
1,64,768,cpu,1,149.495291,146.497000,150.165708,5
1,64,768,tridiag,1,1469.715416,1469.391687,1470.106583,3
1,64,768,block_vals,1,1426.673750,1426.286666,1426.686458,3
1,64,768,cpu_vals,1,57.391958,56.788709,57.673167,5
1,64,768,tridiag_vals,1,1141.585250,1140.637729,1145.038479,3
1,1024,128,block,1,173.232042,173.157167,173.332875,5
1,1024,128,cpu,1,39.869959,39.280917,40.214875,5
1,1024,128,block_vals,1,142.175375,142.166458,142.238584,5
1,1024,128,cpu_vals,1,20.573749,20.427469,20.607740,8
1,512,8,simd,1,0.541875,0.483333,0.818250,25
1,512,8,tg,1,0.245291,0.234458,0.455584,25
1,512,8,ql,1,0.239125,0.236583,0.241542,25
1,512,8,cpu,1,0.186000,0.182750,0.188959,25
1,512,8,simd_vals,1,0.221750,0.215125,0.224834,25
1,512,8,tg_vals,1,0.216250,0.213333,0.221208,25
1,512,8,ql_vals,1,0.203083,0.199917,0.206167,25
1,512,8,cpu_vals,1,0.135583,0.129208,0.139292,25
1,1,256,tg,1,55.108500,55.065291,55.126084,5
1,1,256,block,1,11.746292,11.675833,11.773625,13
1,1,256,cpu,1,2.300750,2.258625,2.319750,25
1,1,256,tridiag,1,5.366000,5.332333,5.416166,25
1,1,256,tg_vals,1,53.910000,53.905834,53.925542,5
1,1,256,block_vals,1,11.360792,11.325625,11.500739,14
1,1,256,cpu_vals,1,1.058750,1.049875,1.068083,25
1,1,256,tridiag_vals,1,4.432208,4.360875,4.452750,25
1,16,64,tg,1,1.281291,1.271541,1.297292,25
1,16,64,block,1,3.263958,3.230958,3.346792,25
1,16,64,ql,1,1.396084,1.347542,1.401584,25
1,16,64,cpu,1,0.289458,0.284166,0.298833,25
1,16,64,tg_vals,1,1.153208,1.122750,1.162459,25
1,16,64,block_vals,1,3.155875,3.140250,3.229458,25
1,16,64,ql_vals,1,1.137875,1.102625,1.154709,25
1,16,64,cpu_vals,1,0.177166,0.174459,0.183125,25
1,16,96,tg,1,3.698417,3.673917,3.722166,25
1,16,96,block,1,4.992791,4.890458,5.104625,25
1,16,96,cpu,1,0.510750,0.504417,0.519875,25
1,16,96,tg_vals,1,3.313708,3.300250,3.328291,25
1,16,96,block_vals,1,4.858666,4.767750,4.962250,25
1,16,96,cpu_vals,1,0.337750,0.281667,0.388250,25
1,512,256,block,1,644.745708,643.698542,644.944771,3
1,512,256,cpu,1,87.888208,87.540959,89.241375,5
1,512,256,block_vals,1,490.727458,490.659166,493.209750,3
1,512,256,cpu_vals,1,42.925958,42.918875,43.000333,5
1,4096,4,simd,1,0.708458,0.303291,0.867292,25
1,4096,4,tg,1,0.300459,0.295625,0.303916,25
1,4096,4,ql,1,0.293750,0.287125,0.297083,25
1,4096,4,cpu,1,0.353792,0.349667,0.364042,25
1,4096,4,simd_vals,1,0.262834,0.257667,0.266584,25
1,4096,4,tg_vals,1,0.267833,0.257583,0.273875,25
1,4096,4,ql_vals,1,0.244042,0.241250,0.249041,25
1,4096,4,cpu_vals,1,0.216250,0.194459,0.585416,25
1,512,192,block,1,280.627625,280.514000,280.664708,5
1,512,192,cpu,1,46.027625,45.577458,46.551291,5
1,512,192,block_vals,1,220.583042,220.453208,220.584916,5
1,512,192,cpu_vals,1,23.710584,23.459520,23.901146,7
1,256,384,block,1,1079.030166,1078.399500,1079.140874,3
1,256,384,cpu,1,102.569125,102.096458,102.582083,5
1,256,384,block_vals,1,780.508333,780.097208,781.329625,3
1,256,384,cpu_vals,1,48.861750,48.474917,55.589833,5
1,2048,12,simd,1,0.862334,0.826250,0.910792,25
1,2048,12,tg,1,0.884417,0.860625,0.907709,25
1,2048,12,ql,1,0.624125,0.620417,0.639375,25
1,2048,12,cpu,1,0.799375,0.749375,0.808208,25
1,2048,12,simd_vals,1,0.752334,0.742958,0.786583,25
1,2048,12,tg_vals,1,0.759750,0.724708,0.795334,25
1,2048,12,ql_vals,1,0.442125,0.433750,0.454333,25
1,2048,12,cpu_vals,1,0.401125,0.386708,0.552875,25
1,64,16,simd,1,0.670375,0.589417,0.744166,25
1,64,16,tg,1,0.338042,0.330083,0.346167,25
1,64,16,ql,1,0.279625,0.276667,0.282458,25
1,64,16,cpu,1,0.129875,0.126584,0.135292,25
1,64,16,simd_vals,1,0.322875,0.307292,0.331167,25
1,64,16,tg_vals,1,0.240500,0.239625,0.242959,25
1,64,16,ql_vals,1,0.239209,0.237042,0.242333,25
1,64,16,cpu_vals,1,0.127417,0.086542,0.241959,25
1,16,8,simd,1,0.251958,0.236875,0.259209,25
1,16,8,tg,1,0.260917,0.255250,0.265458,25
1,16,8,ql,1,0.258083,0.248458,0.268250,25
1,16,8,cpu,1,0.042667,0.042208,0.043958,25
1,16,8,simd_vals,1,0.169125,0.159792,0.180250,25
1,16,8,tg_vals,1,0.164250,0.154416,0.172959,25
1,16,8,ql_vals,1,0.156500,0.150875,0.166625,25
1,16,8,cpu_vals,1,0.023417,0.023083,0.023833,25
1,2,12,simd,1,0.308459,0.291917,0.609084,25
1,2,12,tg,1,0.228417,0.224625,0.232750,25
1,2,12,ql,1,0.250709,0.238833,0.261291,25
1,2,12,cpu,1,0.015583,0.015291,0.017125,25
1,2,12,simd_vals,1,0.223333,0.217583,0.233625,25
1,2,12,tg_vals,1,0.188750,0.181125,0.202917,25
1,2,12,ql_vals,1,0.184125,0.177875,0.191750,25
1,2,12,cpu_vals,1,0.007334,0.007125,0.007959,25
1,1,384,tg,1,203.016500,202.907833,203.062708,5
1,1,384,block,1,20.306833,20.213949,20.326667,8
1,1,384,cpu,1,4.686125,4.480458,4.804458,25
1,1,384,tridiag,1,9.434396,9.165990,9.620354,16
1,1,384,tg_vals,1,190.705542,190.694125,190.721125,5
1,1,384,block_vals,1,19.463209,19.440907,19.485479,8
1,1,384,cpu_vals,1,2.385542,2.377583,2.401667,25
1,1,384,tridiag_vals,1,7.215750,7.194250,7.258542,21
1,8,12,simd,1,0.261208,0.245334,0.269750,25
1,8,12,tg,1,0.212709,0.207625,0.217042,25
1,8,12,ql,1,0.221708,0.210333,0.227459,25
1,8,12,cpu,1,0.034958,0.031834,0.037709,25
1,8,12,simd_vals,1,0.253375,0.249584,0.257708,25
1,8,12,tg_vals,1,0.206916,0.196333,0.217291,25
1,8,12,ql_vals,1,0.198583,0.185000,0.213709,25
1,8,12,cpu_vals,1,0.023459,0.020958,0.030208,25
1,128,24,simd,1,0.834375,0.784041,0.886209,25
1,128,24,tg,1,0.488250,0.485333,0.492250,25
1,128,24,ql,1,0.415833,0.412292,0.429584,25
1,128,24,cpu,1,0.293791,0.287375,0.304334,25
1,128,24,simd_vals,1,0.756042,0.737250,0.791167,25
1,128,24,tg_vals,1,0.450125,0.440584,0.463584,25
1,128,24,ql_vals,1,0.319667,0.315500,0.327500,25
1,128,24,cpu_vals,1,0.162583,0.157250,0.167125,25
1,1024,32,simd,1,5.166375,5.150833,5.220958,25
1,1024,32,tg,1,4.659375,4.632750,4.709792,25
1,1024,32,block,1,6.526084,6.428146,6.615687,23
1,1024,32,ql,1,1.681250,1.647917,1.704333,25
1,1024,32,cpu,1,2.573125,2.448875,3.000542,25
1,1024,32,simd_vals,1,4.516083,4.508209,4.553250,25
1,1024,32,tg_vals,1,3.972625,3.950625,4.016666,25
1,1024,32,block_vals,1,6.155333,5.993833,6.217459,25
1,1024,32,ql_vals,1,1.057875,1.014167,1.084250,25
1,1024,32,cpu_vals,1,0.962292,0.937333,1.432041,25
1,128,48,tg,1,2.599333,2.570334,2.615750,25
1,128,48,block,1,5.310500,5.199083,5.378291,25
1,128,48,ql,1,0.984292,0.946208,0.995208,25
1,128,48,cpu,1,0.824041,0.807083,0.845209,25
1,128,48,tg_vals,1,2.281125,2.247708,2.300583,25
1,128,48,block_vals,1,5.062583,4.976750,5.148958,25
1,128,48,ql_vals,1,0.790875,0.767084,0.825125,25
1,128,48,cpu_vals,1,0.390375,0.380625,0.543042,25
1,2,24,simd,1,0.796792,0.746167,0.841417,25
1,2,24,tg,1,0.273625,0.260667,0.279167,25
1,2,24,ql,1,0.361500,0.354208,0.365709,25
1,2,24,cpu,1,0.034500,0.034125,0.035209,25
1,2,24,simd_vals,1,0.728292,0.705958,0.749666,25
1,2,24,tg_vals,1,0.261042,0.252750,0.268375,25
1,2,24,ql_vals,1,0.299375,0.294208,0.310125,25
1,2,24,cpu_vals,1,0.018292,0.018125,0.018584,25
1,2,4,simd,1,0.150625,0.141042,0.169542,25
1,2,4,tg,1,0.159709,0.146542,0.188459,25
1,2,4,ql,1,0.171500,0.154292,0.185167,25
1,2,4,cpu,1,0.004750,0.003875,0.005458,25
1,2,4,simd_vals,1,0.160333,0.152459,0.170875,25
1,2,4,tg_vals,1,0.169417,0.146375,0.187708,25
1,2,4,ql_vals,1,0.142166,0.140250,0.153208,25
1,2,4,cpu_vals,1,0.003750,0.002625,0.005250,25
1,8,1024,block,1,574.764000,574.595438,574.971771,3
1,8,1024,cpu,1,70.405959,66.672583,70.663583,5
1,8,1024,tridiag,1,285.956167,285.660250,286.222875,5
1,8,1024,block_vals,1,359.327833,359.153354,359.652375,3
1,8,1024,cpu_vals,1,26.949250,26.757959,27.190135,6
1,8,1024,tridiag_vals,1,217.126041,217.089875,217.781125,5
1,64,128,tg,1,27.626062,27.483229,27.945239,6
1,64,128,block,1,12.503833,12.475177,12.551719,12
1,64,128,cpu,1,2.785416,2.755458,3.272292,25
1,64,128,tridiag,1,151.621875,151.578875,152.218458,5
1,64,128,tg_vals,1,24.836562,24.757718,25.415468,6
1,64,128,block_vals,1,11.399000,11.339958,11.450042,14
1,64,128,cpu_vals,1,1.889375,1.389917,1.941959,25
1,64,128,tridiag_vals,1,123.158459,123.134291,123.544208,5
1,128,2,simd,1,0.165291,0.155084,0.186792,25
1,128,2,tg,1,0.159834,0.152625,0.166500,25
1,128,2,ql,1,0.141708,0.138708,0.157416,25
1,128,2,cpu,1,0.049291,0.049042,0.051291,25
1,128,2,simd_vals,1,0.143333,0.135542,0.158041,25
1,128,2,tg_vals,1,0.151000,0.143333,0.159500,25
1,128,2,ql_vals,1,0.135042,0.134166,0.142334,25
1,128,2,cpu_vals,1,0.029083,0.027625,0.030750,25
1,64,512,block,1,627.138791,626.832187,627.252875,3
1,64,512,cpu,1,57.604875,57.464916,57.929375,5
1,64,512,tridiag,1,844.081833,843.088062,845.041187,3
1,64,512,block_vals,1,432.763416,432.311146,433.063271,3
1,64,512,cpu_vals,1,23.688250,23.654312,23.872271,7
1,64,512,tridiag_vals,1,674.466083,673.989083,674.663583,3
1,1,48,tg,1,0.750458,0.675667,0.764250,25
1,1,48,block,1,3.130583,3.109416,3.170667,25
1,1,48,ql,1,0.866000,0.854750,0.908583,25
1,1,48,cpu,1,0.078084,0.078000,0.078625,25
1,1,48,tg_vals,1,0.646875,0.631167,0.686917,25
1,1,48,block_vals,1,3.077708,3.045417,3.122083,25
1,1,48,ql_vals,1,0.730333,0.690125,0.768416,25
1,1,48,cpu_vals,1,0.034250,0.034125,0.034500,25
1,16,32,simd,1,1.747042,1.739167,1.761333,25
1,16,32,tg,1,0.368958,0.364291,0.371792,25
1,16,32,block,1,2.730500,2.671917,2.786667,25
1,16,32,ql,1,0.529500,0.508834,0.554042,25
1,16,32,cpu,1,0.141667,0.136958,0.168084,25
1,16,32,simd_vals,1,1.579792,1.560000,1.588333,25
1,16,32,tg_vals,1,0.344542,0.333666,0.350875,25
1,16,32,block_vals,1,2.684584,2.647250,2.720750,25
1,16,32,ql_vals,1,0.383833,0.379083,0.389625,25
1,16,32,cpu_vals,1,0.086667,0.079875,0.180459,25
1,256,12,simd,1,0.286250,0.282000,0.304708,25
1,256,12,tg,1,0.276542,0.269375,0.278500,25
1,256,12,ql,1,0.235875,0.230916,0.242500,25
1,256,12,cpu,1,0.183250,0.179875,0.191750,25
1,256,12,simd_vals,1,0.243875,0.241042,0.262375,25
1,256,12,tg_vals,1,0.244334,0.240333,0.252542,25
1,256,12,ql_vals,1,0.193834,0.192625,0.210000,25
1,256,12,cpu_vals,1,0.131750,0.126083,0.135292,25
1,128,64,tg,1,5.369208,5.344084,5.416875,25
1,128,64,block,1,5.495833,5.467292,5.569916,25
1,128,64,ql,1,2.630625,2.616083,2.639959,25
1,128,64,cpu,1,1.359000,1.348791,1.382583,25
1,128,64,tg_vals,1,4.763500,4.726000,4.793792,25
1,128,64,block_vals,1,5.235625,5.186375,5.331750,25
1,128,64,ql_vals,1,2.024375,2.009625,2.034000,25
1,128,64,cpu_vals,1,0.596708,0.586167,0.615750,25
1,1,64,tg,1,1.242875,1.226000,1.256542,25
1,1,64,block,1,3.179916,3.149666,3.259792,25
1,1,64,ql,1,1.329042,1.300084,1.349417,25
1,1,64,cpu,1,0.146834,0.144166,0.147833,25
1,1,64,tg_vals,1,1.158792,1.109750,1.182917,25
1,1,64,block_vals,1,3.125042,3.109041,3.175250,25
1,1,64,ql_vals,1,1.028750,1.004000,1.046458,25
1,1,64,cpu_vals,1,0.062084,0.061667,0.062417,25
1,128,8,simd,1,0.197625,0.191166,0.203958,25
1,128,8,tg,1,0.199375,0.196625,0.201250,25
1,128,8,ql,1,0.201500,0.195541,0.206291,25
1,128,8,cpu,1,0.230125,0.110292,0.278958,25
1,128,8,simd_vals,1,0.178375,0.170000,0.190292,25
1,128,8,tg_vals,1,0.188583,0.185041,0.191750,25
1,128,8,ql_vals,1,0.167750,0.160083,0.183250,25
1,128,8,cpu_vals,1,0.110791,0.076958,0.161000,25
1,4,512,tg,1,542.093291,542.088792,542.189229,3
1,4,512,block,1,43.953042,43.926875,43.961750,5
1,4,512,cpu,1,10.260416,10.083896,10.866250,15
1,4,512,tridiag,1,52.694334,52.636708,52.857125,5
1,4,512,tg_vals,1,446.596458,446.458833,446.686750,3
1,4,512,block_vals,1,38.970125,38.774042,39.042166,5
1,4,512,cpu_vals,1,4.785000,4.759208,4.824333,25
1,4,512,tridiag_vals,1,42.039417,41.883208,42.184334,5
1,1,96,tg,1,3.638708,3.626292,3.656417,25
1,1,96,block,1,4.796875,4.687334,4.931292,25
1,1,96,cpu,1,0.290250,0.289458,0.294125,25
1,1,96,tg_vals,1,3.302959,3.283375,3.319958,25
1,1,96,block_vals,1,4.761250,4.664833,4.844042,25
1,1,96,cpu_vals,1,0.146416,0.145458,0.148125,25
1,128,4,simd,1,0.165541,0.147208,0.197083,25
1,128,4,tg,1,0.169541,0.152791,0.173500,25
1,128,4,ql,1,0.169750,0.156666,0.173542,25
1,128,4,cpu,1,0.110792,0.108542,0.116416,25
1,128,4,simd_vals,1,0.153750,0.144708,0.157792,25
1,128,4,tg_vals,1,0.148125,0.144667,0.151625,25
1,128,4,ql_vals,1,0.149166,0.141958,0.158792,25
1,128,4,cpu_vals,1,0.064125,0.062000,0.066625,25
1,2048,4,simd,1,0.226167,0.223584,0.246250,25
1,2048,4,tg,1,0.234958,0.231583,0.242209,25
1,2048,4,ql,1,0.232167,0.227750,0.234792,25
1,2048,4,cpu,1,0.227125,0.217084,0.251042,25
1,2048,4,simd_vals,1,0.212625,0.203250,0.219125,25
1,2048,4,tg_vals,1,0.215125,0.209334,0.218833,25
1,2048,4,ql_vals,1,0.202334,0.187167,0.204041,25
1,2048,4,cpu_vals,1,0.158375,0.152542,0.165041,25
1,64,96,tg,1,11.509458,11.379333,11.719500,13
1,64,96,block,1,7.683833,7.583177,7.777240,20
1,64,96,cpu,1,1.592958,1.569083,1.608417,25
1,64,96,tg_vals,1,9.413166,9.265896,9.430031,16
1,64,96,block_vals,1,7.145437,7.040021,7.200844,22
1,64,96,cpu_vals,1,0.872625,0.867583,0.886542,25
1,1,8,simd,1,0.179208,0.169125,0.194833,25
1,1,8,tg,1,0.189625,0.182500,0.223542,25
1,1,8,ql,1,0.175333,0.167208,0.188833,25
1,1,8,cpu,1,0.004917,0.004791,0.005083,25
1,1,8,simd_vals,1,0.161292,0.157167,0.208875,25
1,1,8,tg_vals,1,0.165041,0.158458,0.185708,25
1,1,8,ql_vals,1,0.158125,0.151334,0.164125,25
1,1,8,cpu_vals,1,0.002375,0.002292,0.002792,25
1,32,96,tg,1,5.852667,5.839875,5.864042,25
1,32,96,block,1,5.317125,5.200208,5.457375,25
1,32,96,cpu,1,0.845500,0.837292,0.884541,25
1,32,96,tg_vals,1,5.180125,4.938500,5.215000,25
1,32,96,block_vals,1,5.096250,5.034583,5.285750,25
1,32,96,cpu_vals,1,0.540750,0.483000,0.609084,25
1,512,16,simd,1,0.588167,0.578500,0.632875,25
1,512,16,tg,1,0.503167,0.498083,0.510291,25
1,512,16,ql,1,0.396334,0.394083,0.401375,25
1,512,16,cpu,1,0.425416,0.420334,0.435666,25
1,512,16,simd_vals,1,0.511209,0.505208,0.515791,25
1,512,16,tg_vals,1,0.446375,0.443125,0.456166,25
1,512,16,ql_vals,1,0.303208,0.297000,0.313000,25
1,512,16,cpu_vals,1,0.216791,0.205875,0.590417,25
1,256,4,simd,1,0.169333,0.152875,0.174500,25
1,256,4,tg,1,0.179750,0.175500,0.186583,25
1,256,4,ql,1,0.176500,0.172083,0.182834,25
1,256,4,cpu,1,0.099333,0.085834,0.200333,25
1,256,4,simd_vals,1,0.153875,0.147750,0.165166,25
1,256,4,tg_vals,1,0.171333,0.164542,0.176291,25
1,256,4,ql_vals,1,0.150041,0.143208,0.159833,25
1,256,4,cpu_vals,1,0.117208,0.116291,0.120958,25
1,128,32,simd,1,1.839292,1.801500,1.854667,25
1,128,32,tg,1,1.005333,0.967833,1.023166,25
1,128,32,block,1,3.033916,2.994709,3.087208,25
1,128,32,ql,1,0.585125,0.578750,0.590500,25
1,128,32,cpu,1,0.412625,0.408708,0.430042,25
1,128,32,simd_vals,1,1.625000,1.596458,1.635292,25
1,128,32,tg_vals,1,0.905709,0.865417,0.937792,25
1,128,32,block_vals,1,2.938666,2.894291,2.970583,25
1,128,32,ql_vals,1,0.429459,0.422208,0.514375,25
1,128,32,cpu_vals,1,0.214250,0.207625,0.244583,25
1,4,48,tg,1,0.719292,0.674250,0.758500,25
1,4,48,block,1,3.149833,3.113667,3.168167,25
1,4,48,ql,1,0.857750,0.836875,0.886750,25
1,4,48,cpu,1,0.102209,0.100458,0.104583,25
1,4,48,tg_vals,1,0.659459,0.636875,0.713167,25
1,4,48,block_vals,1,3.103875,3.051791,3.134041,25
1,4,48,ql_vals,1,0.748333,0.706375,0.784416,25
1,4,48,cpu_vals,1,0.058125,0.056792,0.061959,25
1,4,32,simd,1,1.738541,1.726667,1.856750,25
1,4,32,tg,1,0.370167,0.360167,0.374542,25
1,4,32,block,1,2.839209,2.721625,2.900917,25
1,4,32,ql,1,0.524125,0.512917,0.536500,25
1,4,32,cpu,1,0.057000,0.055792,0.059292,25
1,4,32,simd_vals,1,1.576584,1.564250,1.591000,25
1,4,32,tg_vals,1,0.344416,0.339625,0.349875,25
1,4,32,block_vals,1,2.815500,2.734209,3.074208,25
1,4,32,ql_vals,1,0.406792,0.388750,0.436250,25
1,4,32,cpu_vals,1,0.035250,0.034917,0.036209,25
1,1024,4,simd,1,0.217083,0.205500,0.231375,25
1,1024,4,tg,1,0.204917,0.200708,0.213500,25
1,1024,4,ql,1,0.196250,0.191209,0.199250,25
1,1024,4,cpu,1,0.154125,0.149208,0.160250,25
1,1024,4,simd_vals,1,0.189667,0.177083,0.191250,25
1,1024,4,tg_vals,1,0.188542,0.175500,0.193791,25
1,1024,4,ql_vals,1,0.176625,0.163333,0.187000,25
1,1024,4,cpu_vals,1,0.131000,0.124416,0.172667,25
1,4,64,tg,1,1.260959,1.248417,1.387583,25
1,4,64,block,1,3.231250,3.207292,3.243750,25
1,4,64,ql,1,1.343416,1.314417,1.356292,25
1,4,64,cpu,1,0.168958,0.165833,0.174584,25
1,4,64,tg_vals,1,1.147750,1.123042,1.151875,25
1,4,64,block_vals,1,3.134917,3.106041,3.213041,25
1,4,64,ql_vals,1,1.041250,1.023375,1.058542,25
1,4,64,cpu_vals,1,0.079791,0.078875,0.081625,25
1,64,48,tg,1,1.626959,1.607500,1.642291,25
1,64,48,block,1,3.859292,3.779541,3.900583,25
1,64,48,ql,1,0.948583,0.927334,0.975416,25
1,64,48,cpu,1,0.464291,0.459417,0.490750,25
1,64,48,tg_vals,1,1.428292,1.410000,1.449917,25
1,64,48,block_vals,1,3.630916,3.530625,3.656334,25
1,64,48,ql_vals,1,0.760834,0.728625,0.798125,25
1,64,48,cpu_vals,1,0.279834,0.247709,0.309792,25
1,1,24,simd,1,0.793750,0.748584,0.815166,25
1,1,24,tg,1,0.272625,0.261042,0.284375,25
1,1,24,ql,1,0.361500,0.344875,0.366917,25
1,1,24,cpu,1,0.022542,0.022250,0.022917,25
1,1,24,simd_vals,1,0.755834,0.721750,0.775083,25
1,1,24,tg_vals,1,0.273333,0.266417,0.274959,25
1,1,24,ql_vals,1,0.301083,0.294792,0.303500,25
1,1,24,cpu_vals,1,0.007959,0.007958,0.008042,25
1,4,16,simd,1,0.334167,0.322208,0.353625,25
1,4,16,tg,1,0.232125,0.219959,0.240250,25
1,4,16,ql,1,0.254709,0.248500,0.273291,25
1,4,16,cpu,1,0.026416,0.025542,0.027333,25
1,4,16,simd_vals,1,0.318208,0.301375,0.327000,25
1,4,16,tg_vals,1,0.230125,0.224417,0.232541,25
1,4,16,ql_vals,1,0.223583,0.208458,0.241333,25
1,4,16,cpu_vals,1,0.022209,0.020792,0.023458,25
1,1,16,simd,1,0.403292,0.381667,0.442875,25
1,1,16,tg,1,0.237333,0.234000,0.254708,25
1,1,16,ql,1,0.255291,0.243875,0.263375,25
1,1,16,cpu,1,0.009708,0.009708,0.009917,25
1,1,16,simd_vals,1,0.319750,0.305667,0.327833,25
1,1,16,tg_vals,1,0.226250,0.213875,0.231375,25
1,1,16,ql_vals,1,0.215291,0.208250,0.223709,25
1,1,16,cpu_vals,1,0.004417,0.004416,0.004459,25
1,4096,2,simd,1,0.212666,0.206833,0.230750,25
1,4096,2,tg,1,0.221292,0.214250,0.224458,25
1,4096,2,ql,1,0.194542,0.187167,0.209708,25
1,4096,2,cpu,1,0.202166,0.195792,0.208666,25
1,4096,2,simd_vals,1,0.184583,0.172542,0.191375,25
1,4096,2,tg_vals,1,0.185750,0.171500,0.187666,25
1,4096,2,ql_vals,1,0.178959,0.165334,0.181125,25
1,4096,2,cpu_vals,1,0.142416,0.136083,0.146416,25
1,64,384,block,1,261.987709,261.281250,262.025375,5
1,64,384,cpu,1,27.208625,27.051750,27.375094,6
1,64,384,tridiag,1,581.065667,580.429854,581.956792,3
1,64,384,block_vals,1,181.163167,180.958000,181.305042,5
1,64,384,cpu_vals,1,13.165875,13.093396,13.325864,12
1,64,384,tridiag_vals,1,459.955958,459.867542,460.150854,3
1,8,4,simd,1,0.166000,0.158083,0.174416,25
1,8,4,tg,1,0.168458,0.163375,0.174916,25
1,8,4,ql,1,0.165125,0.158667,0.167667,25
1,8,4,cpu,1,0.022208,0.015334,0.025625,25
1,8,4,simd_vals,1,0.166083,0.152750,0.187583,25
1,8,4,tg_vals,1,0.153875,0.145584,0.168000,25
1,8,4,ql_vals,1,0.144875,0.141708,0.158125,25
1,8,4,cpu_vals,1,0.006458,0.005375,0.014375,25
1,16,48,tg,1,0.766125,0.686500,0.785292,25
1,16,48,block,1,3.199875,3.171666,3.229500,25
1,16,48,ql,1,0.896000,0.884291,0.937167,25
1,16,48,cpu,1,0.215125,0.211625,0.220334,25
1,16,48,tg_vals,1,0.705750,0.658625,0.715542,25
1,16,48,block_vals,1,3.138709,3.107917,3.189125,25
1,16,48,ql_vals,1,0.770334,0.737875,0.799208,25
1,16,48,cpu_vals,1,0.145708,0.141750,0.148583,25
1,256,32,simd,1,1.963167,1.938500,1.991250,25
1,256,32,tg,1,1.604917,1.583500,1.625000,25
1,256,32,block,1,3.472084,3.405458,3.512500,25
1,256,32,ql,1,0.637666,0.633208,0.641875,25
1,256,32,cpu,1,0.691084,0.669917,0.721834,25
1,256,32,simd_vals,1,1.708917,1.680209,1.718375,25
1,256,32,tg_vals,1,1.412917,1.385208,1.428459,25
1,256,32,block_vals,1,3.332291,3.287000,3.377000,25
1,256,32,ql_vals,1,0.453917,0.447292,0.493209,25
1,256,32,cpu_vals,1,0.365292,0.306500,0.570959,25
1,1,12,simd,1,0.236500,0.224042,0.256167,25
1,1,12,tg,1,0.201583,0.186292,0.208084,25
1,1,12,ql,1,0.248792,0.218084,0.265709,25
1,1,12,cpu,1,0.006209,0.006125,0.006750,25
1,1,12,simd_vals,1,0.232333,0.222667,0.249834,25
1,1,12,tg_vals,1,0.196792,0.182125,0.202042,25
1,1,12,ql_vals,1,0.184291,0.178667,0.199458,25
1,1,12,cpu_vals,1,0.003167,0.003166,0.003250,25
1,2,64,tg,1,1.260500,1.240167,1.313917,25
1,2,64,block,1,3.161584,3.137458,3.203917,25
1,2,64,ql,1,1.339500,1.322291,1.351917,25
1,2,64,cpu,1,0.170167,0.168000,0.182917,25
1,2,64,tg_vals,1,1.148417,1.123083,1.157292,25
1,2,64,block_vals,1,3.118584,3.083750,3.153583,25
1,2,64,ql_vals,1,1.035625,1.018042,1.045250,25
1,2,64,cpu_vals,1,0.080833,0.079833,0.082291,25
1,128,384,block,1,537.780750,537.649875,537.928646,3
1,128,384,cpu,1,52.564958,52.411792,52.599250,5
1,128,384,tridiag,1,1161.058917,1159.683104,1163.383396,3
1,128,384,block_vals,1,382.885833,382.804459,383.352729,3
1,128,384,cpu_vals,1,24.351125,24.248771,24.518438,7
1,128,384,tridiag_vals,1,917.500625,916.921250,917.783625,3
1,1024,64,tg,1,39.608708,39.223458,39.691625,5
1,1024,64,block,1,25.805542,25.762063,25.835552,6
1,1024,64,ql,1,12.032750,11.781250,12.132958,13
1,1024,64,cpu,1,10.379916,10.352208,10.629188,15
1,1024,64,tg_vals,1,33.193500,33.168458,33.265750,5
1,1024,64,block_vals,1,22.110375,22.093042,22.222229,7
1,1024,64,ql_vals,1,8.605104,8.565250,8.642812,18
1,1024,64,cpu_vals,1,4.150625,4.028416,4.530833,25
1,4,256,tg,1,55.301209,55.247417,55.312750,5
1,4,256,block,1,12.848500,12.762687,12.998667,12
1,4,256,cpu,1,2.378250,2.370458,2.387250,25
1,4,256,tridiag,1,21.261458,21.205313,21.296125,8
1,4,256,tg_vals,1,53.993417,53.991000,54.015291,5
1,4,256,block_vals,1,12.208333,12.179667,12.301834,13
1,4,256,cpu_vals,1,1.137125,1.135333,1.150917,25
1,4,256,tridiag_vals,1,17.637375,17.581625,17.744375,9
1,512,12,simd,1,0.390792,0.383291,0.400500,25
1,512,12,tg,1,0.367208,0.361416,0.373792,25
1,512,12,ql,1,0.304917,0.302292,0.308917,25
1,512,12,cpu,1,0.292250,0.288084,0.296250,25
1,512,12,simd_vals,1,0.341375,0.338750,0.345333,25
1,512,12,tg_vals,1,0.330375,0.326084,0.333792,25
1,512,12,ql_vals,1,0.250541,0.232084,0.251708,25
1,512,12,cpu_vals,1,0.199958,0.181916,0.312958,25
1,8,384,tg,1,236.192833,236.134666,236.257167,5
1,8,384,block,1,32.227209,32.224791,32.477500,5
1,8,384,cpu,1,6.282375,6.089125,6.313292,25
1,8,384,tridiag,1,74.029792,73.243084,74.080708,5
1,8,384,tg_vals,1,190.028709,190.002083,190.095750,5
1,8,384,block_vals,1,28.002854,27.980667,28.122729,6
1,8,384,cpu_vals,1,3.131083,3.082792,3.592375,25
1,8,384,tridiag_vals,1,57.499250,57.418167,57.544500,5
1,64,12,simd,1,0.288792,0.282375,0.301250,25
1,64,12,tg,1,0.226292,0.222209,0.229459,25
1,64,12,ql,1,0.231334,0.227750,0.235208,25
1,64,12,cpu,1,0.263667,0.126459,0.318958,25
1,64,12,simd_vals,1,0.249792,0.240458,0.255459,25
1,64,12,tg_vals,1,0.209125,0.194291,0.213292,25
1,64,12,ql_vals,1,0.191167,0.185125,0.204125,25
1,64,12,cpu_vals,1,0.140541,0.074584,0.148042,25
1,4096,48,tg,1,60.928250,60.889583,60.985708,5
1,4096,48,block,1,86.841667,86.747459,87.215042,5
1,4096,48,ql,1,17.470375,17.415291,17.519458,9
1,4096,48,cpu,1,23.681583,23.445021,23.743167,7
1,4096,48,tg_vals,1,52.518583,52.282083,52.579709,5
1,4096,48,block_vals,1,76.956167,76.847167,77.001875,5
1,4096,48,ql_vals,1,11.928125,11.887167,11.996417,13
1,4096,48,cpu_vals,1,9.939958,9.905459,9.983052,16
1,64,32,simd,1,1.774292,1.751584,1.779958,25
1,64,32,tg,1,0.589584,0.587375,0.595500,25
1,64,32,block,1,2.827084,2.773875,2.861917,25
1,64,32,ql,1,0.554417,0.550042,0.564250,25
1,64,32,cpu,1,0.250166,0.246458,0.255792,25
1,64,32,simd_vals,1,1.580541,1.553417,1.596083,25
1,64,32,tg_vals,1,0.533709,0.525625,0.540750,25
1,64,32,block_vals,1,2.731667,2.682959,2.832583,25
1,64,32,ql_vals,1,0.395167,0.386833,0.425500,25
1,64,32,cpu_vals,1,0.150667,0.147917,0.155375,25
1,2,2048,block,1,1197.835083,1197.761792,1198.391625,3
1,2,2048,cpu,1,307.851666,305.818896,308.225395,3
1,2,2048,tridiag,1,240.348833,240.157791,240.679500,5
1,2,2048,block_vals,1,744.505750,743.963521,744.655209,3
1,2,2048,cpu_vals,1,101.155083,100.776792,107.746041,5
1,2,2048,tridiag_vals,1,173.845875,173.801042,174.329333,5
1,1024,2,simd,1,0.173834,0.160041,0.188042,25
1,1024,2,tg,1,0.178708,0.172500,0.183625,25
1,1024,2,ql,1,0.174291,0.170208,0.176416,25
1,1024,2,cpu,1,0.123916,0.106625,0.236375,25
1,1024,2,simd_vals,1,0.150334,0.144959,0.162667,25
1,1024,2,tg_vals,1,0.156333,0.147958,0.163792,25
1,1024,2,ql_vals,1,0.159500,0.145208,0.165167,25
1,1024,2,cpu_vals,1,0.144125,0.090417,0.152459,25
1,4,24,simd,1,0.786875,0.765625,0.809625,25
1,4,24,tg,1,0.281333,0.261792,0.282750,25
1,4,24,ql,1,0.379792,0.366125,0.407625,25
1,4,24,cpu,1,0.043916,0.037584,0.045084,25
1,4,24,simd_vals,1,0.709083,0.675875,0.745834,25
1,4,24,tg_vals,1,0.269125,0.252916,0.272875,25
1,4,24,ql_vals,1,0.307667,0.292333,0.314250,25
1,4,24,cpu_vals,1,0.021750,0.021042,0.022500,25
1,8,256,tg,1,62.824250,62.758208,62.838084,5
1,8,256,block,1,14.929250,14.858604,14.967375,11
1,8,256,cpu,1,2.714000,2.695875,2.802250,25
1,8,256,tridiag,1,42.710083,42.563500,42.747292,5
1,8,256,tg_vals,1,60.450042,60.449417,60.459500,5
1,8,256,block_vals,1,13.609562,13.538250,13.646761,12
1,8,256,cpu_vals,1,1.343583,1.339000,1.350917,25
1,8,256,tridiag_vals,1,35.362667,35.328875,35.388625,5
1,64,2,simd,1,0.168417,0.163250,0.179542,25
1,64,2,tg,1,0.164666,0.155625,0.170250,25
1,64,2,ql,1,0.170666,0.162958,0.177750,25
1,64,2,cpu,1,0.030250,0.029542,0.031208,25
1,64,2,simd_vals,1,0.161000,0.146542,0.164458,25
1,64,2,tg_vals,1,0.146917,0.137333,0.155458,25
1,64,2,ql_vals,1,0.153042,0.143917,0.160167,25
1,64,2,cpu_vals,1,0.017792,0.017542,0.019291,25
1,4,8,simd,1,0.174208,0.161375,0.184667,25
1,4,8,tg,1,0.166250,0.161500,0.180459,25
1,4,8,ql,1,0.180125,0.166834,0.226875,25
1,4,8,cpu,1,0.019584,0.019167,0.020208,25
1,4,8,simd_vals,1,0.175250,0.159125,0.188125,25
1,4,8,tg_vals,1,0.182834,0.170000,0.187750,25
1,4,8,ql_vals,1,0.169958,0.156291,0.175334,25
1,4,8,cpu_vals,1,0.013625,0.010042,0.014250,25
1,32,768,block,1,1032.062084,1030.676980,1032.304521,3
1,32,768,cpu,1,79.071208,78.601916,79.340250,5
1,32,768,tridiag,1,733.299958,733.207604,733.438874,3
1,32,768,block_vals,1,693.632167,693.564958,694.258812,3
1,32,768,cpu_vals,1,31.737584,31.656667,31.815666,5
1,32,768,tridiag_vals,1,572.109917,571.879667,572.213001,3
1,1024,12,simd,1,0.543708,0.534041,0.563792,25
1,1024,12,tg,1,0.519167,0.515708,0.522167,25
1,1024,12,ql,1,0.414375,0.410583,0.418375,25
1,1024,12,cpu,1,0.464375,0.461334,0.477709,25
1,1024,12,simd_vals,1,0.477208,0.466250,0.486209,25
1,1024,12,tg_vals,1,0.460375,0.454833,0.467917,25
1,1024,12,ql_vals,1,0.320917,0.318666,0.326417,25
1,1024,12,cpu_vals,1,0.253667,0.231375,0.565250,25
1,16,192,tg,1,29.295667,29.253802,29.321843,6
1,16,192,block,1,11.706291,11.650958,11.844583,13
1,16,192,cpu,1,1.878833,1.831917,2.046458,25
1,16,192,tridiag,1,61.184542,61.162291,61.200500,5
1,16,192,tg_vals,1,25.839938,25.825177,25.846073,6
1,16,192,block_vals,1,10.595833,10.518750,10.735562,15
1,16,192,cpu_vals,1,1.256500,1.231333,1.400875,25
1,16,192,tridiag_vals,1,49.981291,49.776417,50.021667,5
1,256,64,tg,1,10.232375,10.143292,10.375354,15
1,256,64,block,1,8.257583,8.166833,8.278437,19
1,256,64,ql,1,3.915500,3.856333,3.918250,25
1,256,64,cpu,1,2.701333,2.648917,3.180125,25
1,256,64,tg_vals,1,8.561812,8.475822,8.867635,18
1,256,64,block_vals,1,7.599709,7.475968,7.645375,20
1,256,64,ql_vals,1,2.930333,2.241708,2.960292,25
1,256,64,cpu_vals,1,1.128625,1.101458,1.156792,25
1,8,64,tg,1,1.270542,1.260334,1.310917,25
1,8,64,block,1,3.221541,3.183375,3.248291,25
1,8,64,ql,1,1.378375,1.360541,1.386583,25
1,8,64,cpu,1,0.275250,0.259041,0.308375,25
1,8,64,tg_vals,1,1.145833,1.117291,1.150917,25
1,8,64,block_vals,1,3.154042,3.125750,3.202000,25
1,8,64,ql_vals,1,1.062833,1.041792,1.075250,25
1,8,64,cpu_vals,1,0.139667,0.137541,0.143458,25
1,32,384,tg,1,881.763834,880.812313,882.997792,3
1,32,384,block,1,121.486583,121.256583,121.635750,5
1,32,384,cpu,1,15.227875,15.071240,15.366594,10
1,32,384,tridiag,1,292.379875,292.249375,292.538375,5
1,32,384,tg_vals,1,488.684584,488.628521,489.341667,3
1,32,384,block_vals,1,83.348542,83.119583,83.435875,5
1,32,384,cpu_vals,1,7.659875,7.261833,8.369229,19
1,32,384,tridiag_vals,1,230.241291,230.233708,230.303959,5
1,4,4,simd,1,0.149584,0.141084,0.163583,25
1,4,4,tg,1,0.164875,0.150625,0.171458,25
1,4,4,ql,1,0.166416,0.157541,0.171416,25
1,4,4,cpu,1,0.009417,0.008625,0.010584,25
1,4,4,simd_vals,1,0.158333,0.147250,0.212792,25
1,4,4,tg_vals,1,0.162584,0.151959,0.171834,25
1,4,4,ql_vals,1,0.155084,0.144709,0.173583,25
1,4,4,cpu_vals,1,0.006209,0.005417,0.009250,25
1,64,64,tg,1,3.302708,3.292625,3.311584,25
1,64,64,block,1,3.937750,3.858792,4.004209,25
1,64,64,ql,1,1.475542,1.462458,1.483542,25
1,64,64,cpu,1,0.730750,0.723209,0.753541,25
1,64,64,tg_vals,1,2.931917,2.917416,2.945666,25
1,64,64,block_vals,1,3.693292,3.644333,3.763125,25
1,64,64,ql_vals,1,1.160708,1.126959,1.166416,25
1,64,64,cpu_vals,1,0.345459,0.335083,0.566291,25
1,64,192,tg,1,145.333333,144.079375,145.398500,5
1,64,192,block,1,31.793542,31.703375,31.921792,5
1,64,192,cpu,1,6.675542,6.420916,6.952667,23
1,64,192,tridiag,1,245.384708,245.216417,245.413291,5
1,64,192,tg_vals,1,82.641375,82.584459,83.084500,5
1,64,192,block_vals,1,27.681770,27.465885,27.715187,6
1,64,192,cpu_vals,1,3.501958,3.064500,3.553084,25
1,64,192,tridiag_vals,1,200.148208,199.935833,200.208750,5
1,1,128,tg,1,7.971334,7.953708,7.987438,19
1,1,128,block,1,5.765125,5.721542,5.840042,25
1,1,128,cpu,1,0.489333,0.481791,0.494958,25
1,1,128,tridiag,1,2.409291,2.372083,2.431625,25
1,1,128,tg_vals,1,7.212417,7.197042,7.229209,21
1,1,128,block_vals,1,5.667209,5.499000,5.791750,25
1,1,128,cpu_vals,1,0.262958,0.262750,0.263709,25
1,1,128,tridiag_vals,1,1.926042,1.899666,1.971833,25
1,8,2,simd,1,0.139875,0.136541,0.151583,25
1,8,2,tg,1,0.150625,0.141708,0.162792,25
1,8,2,ql,1,0.149459,0.144166,0.157458,25
1,8,2,cpu,1,0.005583,0.004584,0.013416,25
1,8,2,simd_vals,1,0.149375,0.137500,0.154583,25
1,8,2,tg_vals,1,0.141083,0.137625,0.160875,25
1,8,2,ql_vals,1,0.136625,0.133750,0.139667,25
1,8,2,cpu_vals,1,0.003166,0.003083,0.003458,25
1,8,48,tg,1,0.723250,0.679042,0.766250,25
1,8,48,block,1,3.211709,3.183750,3.254334,25
1,8,48,ql,1,0.872750,0.842208,0.911917,25
1,8,48,cpu,1,0.195125,0.190333,0.200875,25
1,8,48,tg_vals,1,0.664625,0.633250,0.721708,25
1,8,48,block_vals,1,3.150000,3.119916,3.187167,25
1,8,48,ql_vals,1,0.745292,0.707458,0.793208,25
1,8,48,cpu_vals,1,0.092291,0.092125,0.096041,25
1,2,768,block,1,74.470250,74.468417,74.545542,5
1,2,768,cpu,1,21.016374,20.890687,21.199813,8
1,2,768,tridiag,1,45.364208,45.287167,46.355792,5
1,2,768,block_vals,1,65.498333,65.493125,65.557000,5
1,2,768,cpu_vals,1,10.239708,10.169708,10.371375,15
1,2,768,tridiag_vals,1,35.740500,35.672541,35.773875,5
1,256,24,simd,1,0.918166,0.871667,0.950375,25
1,256,24,tg,1,0.818125,0.766583,0.858916,25
1,256,24,ql,1,0.456959,0.448042,0.488917,25
1,256,24,cpu,1,0.480125,0.471333,0.501083,25
1,256,24,simd_vals,1,0.794292,0.778291,0.844292,25
1,256,24,tg_vals,1,0.756667,0.693208,0.769500,25
1,256,24,ql_vals,1,0.336833,0.334000,0.341750,25
1,256,24,cpu_vals,1,0.232125,0.220208,0.580167,25
1,4,128,tg,1,8.006125,7.975062,8.025771,19
1,4,128,block,1,5.985833,5.829250,6.067416,25
1,4,128,cpu,1,0.579875,0.575417,0.588875,25
1,4,128,tridiag,1,9.467437,9.426042,9.495844,16
1,4,128,tg_vals,1,7.203583,7.187375,7.222500,21
1,4,128,block_vals,1,5.852000,5.722458,5.917500,25
1,4,128,cpu_vals,1,0.298791,0.296167,0.303416,25
1,4,128,tridiag_vals,1,7.746208,7.656240,7.793209,20
1,2,48,tg,1,0.737250,0.669791,0.760625,25
1,2,48,block,1,3.112000,3.079375,3.152708,25
1,2,48,ql,1,0.866959,0.852584,0.915500,25
1,2,48,cpu,1,0.099417,0.098000,0.102958,25
1,2,48,tg_vals,1,0.676291,0.635875,0.718500,25
1,2,48,block_vals,1,3.112208,3.087916,3.138833,25
1,2,48,ql_vals,1,0.765209,0.716625,0.783833,25
1,2,48,cpu_vals,1,0.055959,0.055083,0.057250,25
1,256,16,simd,1,0.400458,0.394375,0.402334,25
1,256,16,tg,1,0.374750,0.371083,0.377750,25
1,256,16,ql,1,0.312584,0.309625,0.318792,25
1,256,16,cpu,1,0.272958,0.259958,0.283875,25
1,256,16,simd_vals,1,0.352584,0.350000,0.356792,25
1,256,16,tg_vals,1,0.345083,0.338500,0.349625,25
1,256,16,ql_vals,1,0.248958,0.242959,0.252458,25
1,256,16,cpu_vals,1,0.164959,0.160583,0.170750,25
1,2,1536,block,1,462.806083,462.667270,462.944625,3
1,2,1536,cpu,1,112.987666,110.803750,113.281417,5
1,2,1536,tridiag,1,139.129875,137.893209,139.203417,5
1,2,1536,block_vals,1,298.056000,297.583583,298.250000,5
1,2,1536,cpu_vals,1,53.934875,53.806542,55.071250,5
1,2,1536,tridiag_vals,1,101.441417,101.213166,101.551125,5
1,8,8,simd,1,0.179375,0.168000,0.186125,25
1,8,8,tg,1,0.171500,0.162708,0.184083,25
1,8,8,ql,1,0.169500,0.164417,0.179666,25
1,8,8,cpu,1,0.024042,0.023458,0.027083,25
1,8,8,simd_vals,1,0.164292,0.158833,0.177875,25
1,8,8,tg_vals,1,0.168708,0.162458,0.179583,25
1,8,8,ql_vals,1,0.154542,0.151375,0.166708,25
1,8,8,cpu_vals,1,0.012084,0.011791,0.020709,25
1,2048,32,simd,1,11.474542,11.365083,11.966541,13
1,2048,32,tg,1,8.696646,8.661032,8.737625,18
1,2048,32,block,1,10.321625,10.177979,10.353980,15
1,2048,32,ql,1,2.940083,2.914292,2.994625,25
1,2048,32,cpu,1,5.069667,4.848250,5.235000,25
1,2048,32,simd_vals,1,7.770271,7.715167,7.851260,20
1,2048,32,tg_vals,1,7.465667,7.429875,7.502458,21
1,2048,32,block_vals,1,9.266458,9.211500,9.379125,17
1,2048,32,ql_vals,1,1.784666,1.768375,1.814083,25
1,2048,32,cpu_vals,1,2.126625,2.104167,2.213375,25
1,2048,128,block,1,342.147042,341.877062,342.185458,3
1,2048,128,cpu,1,76.479542,75.712000,78.571291,5
1,2048,128,block_vals,1,279.341334,279.241541,279.581500,5
1,2048,128,cpu_vals,1,39.112583,38.960125,39.890542,5
1,32,64,tg,1,1.848750,1.840375,1.856333,25
1,32,64,block,1,3.467000,3.421875,3.511000,25
1,32,64,ql,1,1.422166,1.418750,1.437792,25
1,32,64,cpu,1,0.465750,0.455542,0.488708,25
1,32,64,tg_vals,1,1.648458,1.637250,1.662500,25
1,32,64,block_vals,1,3.306375,3.254583,3.344917,25
1,32,64,ql_vals,1,1.133583,1.110708,1.151250,25
1,32,64,cpu_vals,1,0.239541,0.218750,0.265083,25
1,2048,2,simd,1,0.184708,0.179667,0.197334,25
1,2048,2,tg,1,0.189833,0.179792,0.194500,25
1,2048,2,ql,1,0.182833,0.178458,0.185292,25
1,2048,2,cpu,1,0.150125,0.143792,0.177375,25
1,2048,2,simd_vals,1,0.171667,0.164875,0.175667,25
1,2048,2,tg_vals,1,0.178250,0.168167,0.182042,25
1,2048,2,ql_vals,1,0.174416,0.165917,0.176625,25
1,2048,2,cpu_vals,1,0.138042,0.116916,0.287792,25
1,256,256,block,1,327.128708,326.780083,327.139875,3
1,256,256,cpu,1,45.006709,44.992417,46.006500,5
1,256,256,tridiag,1,1364.611584,1363.603001,1365.837001,3
1,256,256,block_vals,1,246.858542,246.703958,246.925916,5
1,256,256,cpu_vals,1,21.167583,21.037354,21.310395,8
1,256,256,tridiag_vals,1,1129.267875,1128.812500,1131.087979,3
1,2048,96,tg,1,284.128458,283.920708,285.003583,5
1,2048,96,block,1,152.748166,152.212292,152.853959,5
1,2048,96,cpu,1,43.877334,43.804958,44.494541,5
1,2048,96,tg_vals,1,227.915666,226.840833,229.281708,5
1,2048,96,block_vals,1,127.900000,127.736041,127.960167,5
1,2048,96,cpu_vals,1,23.035333,22.668375,23.467354,7
1,128,96,tg,1,19.796771,19.626885,19.941885,8
1,128,96,block,1,11.493084,11.385375,11.746750,13
1,128,96,cpu,1,3.103083,3.010625,3.521292,25
1,128,96,tg_vals,1,16.405271,16.118719,16.697916,10
1,128,96,block_vals,1,10.575292,10.507729,10.618979,15
1,128,96,cpu_vals,1,2.047709,1.597125,2.129375,25
1,2,2,simd,1,0.161250,0.145167,0.169875,25
1,2,2,tg,1,0.161458,0.145125,0.168542,25
1,2,2,ql,1,0.162208,0.155125,0.184333,25
1,2,2,cpu,1,0.003000,0.002083,0.003583,25
1,2,2,simd_vals,1,0.156750,0.139750,0.169708,25
1,2,2,tg_vals,1,0.149833,0.142125,0.159375,25
1,2,2,ql_vals,1,0.153834,0.144334,0.193125,25
1,2,2,cpu_vals,1,0.002084,0.001792,0.003000,25
1,8,16,simd,1,0.328583,0.316750,0.341875,25
1,8,16,tg,1,0.235292,0.225208,0.239417,25
1,8,16,ql,1,0.256042,0.243375,0.266708,25
1,8,16,cpu,1,0.040125,0.036750,0.042250,25
1,8,16,simd_vals,1,0.300834,0.298917,0.313000,25
1,8,16,tg_vals,1,0.212250,0.205500,0.224291,25
1,8,16,ql_vals,1,0.222875,0.211500,0.229000,25
1,8,16,cpu_vals,1,0.029208,0.027917,0.033125,25
1,1,2,simd,1,0.145500,0.136084,0.163250,25
1,1,2,tg,1,0.147291,0.134709,0.152042,25
1,1,2,ql,1,0.143083,0.133333,0.154708,25
1,1,2,cpu,1,0.001250,0.001208,0.001375,25
1,1,2,simd_vals,1,0.153584,0.145667,0.188000,25
1,1,2,tg_vals,1,0.139417,0.133833,0.148833,25
1,1,2,ql_vals,1,0.136833,0.131875,0.175667,25
1,1,2,cpu_vals,1,0.001458,0.001417,0.001542,25
1,128,512,block,1,1269.352167,1268.716563,1270.187937,3
1,128,512,cpu,1,112.865875,112.826250,113.565458,5
1,128,512,tridiag,1,1694.059833,1692.150750,1694.278354,3
1,128,512,block_vals,1,891.940125,890.628104,891.964479,3
1,128,512,cpu_vals,1,46.122667,46.058666,46.433584,5
1,128,512,tridiag_vals,1,1350.692208,1350.638604,1351.691250,3
1,1024,48,tg,1,15.691292,15.506948,15.811000,10
1,1024,48,block,1,23.416917,23.364187,23.448146,7
1,1024,48,ql,1,4.871875,4.845333,4.907417,25
1,1024,48,cpu,1,5.880208,5.765459,6.332500,25
1,1024,48,tg_vals,1,13.364646,13.312041,13.476313,12
1,1024,48,block_vals,1,20.413167,20.402823,20.451208,8
1,1024,48,ql_vals,1,3.448208,3.429500,3.466000,25
1,1024,48,cpu_vals,1,3.056833,2.552959,3.122833,25
1,32,8,simd,1,0.191792,0.186333,0.218750,25
1,32,8,tg,1,0.188500,0.181292,0.195958,25
1,32,8,ql,1,0.189000,0.175875,0.192167,25
1,32,8,cpu,1,0.078917,0.050708,0.082583,25
1,32,8,simd_vals,1,0.165417,0.156542,0.179000,25
1,32,8,tg_vals,1,0.176458,0.167792,0.180291,25
1,32,8,ql_vals,1,0.158666,0.149416,0.164542,25
1,32,8,cpu_vals,1,0.041458,0.040667,0.043833,25
1,512,96,tg,1,72.927958,71.967458,73.313959,5
1,512,96,block,1,39.159916,38.974458,39.244875,5
1,512,96,cpu,1,11.611583,11.412083,11.810416,13
1,512,96,tg_vals,1,57.253625,57.251458,57.647666,5
1,512,96,block_vals,1,31.861542,31.835458,31.930708,5
1,512,96,cpu_vals,1,6.038625,5.945667,6.362459,25
1,1,3072,block,1,2194.892250,2194.518500,2195.895062,3
1,1,3072,cpu,1,716.250416,715.700708,718.239229,3
1,1,3072,tridiag,1,263.070916,262.072625,263.210042,5
1,1,3072,block_vals,1,1425.507000,1425.188771,1426.476104,3
1,1,3072,cpu_vals,1,211.024833,210.847000,211.328709,5
1,1,3072,tridiag_vals,1,186.155334,185.941709,186.227958,5
1,32,12,simd,1,0.278625,0.270167,0.288708,25
1,32,12,tg,1,0.232541,0.226000,0.235959,25
1,32,12,ql,1,0.231167,0.226625,0.237334,25
1,32,12,cpu,1,0.166250,0.080000,0.171667,25
1,32,12,simd_vals,1,0.262834,0.255417,0.268792,25
1,32,12,tg_vals,1,0.220625,0.211542,0.226875,25
1,32,12,ql_vals,1,0.200583,0.192000,0.210208,25
1,32,12,cpu_vals,1,0.077417,0.061000,0.082250,25
1,64,24,simd,1,0.821917,0.759792,0.839291,25
1,64,24,tg,1,0.377041,0.369083,0.379750,25
1,64,24,ql,1,0.403709,0.396791,0.406542,25
1,64,24,cpu,1,0.195167,0.190875,0.203458,25
1,64,24,simd_vals,1,0.705375,0.689875,0.773125,25
1,64,24,tg_vals,1,0.351625,0.348292,0.355500,25
1,64,24,ql_vals,1,0.327583,0.323125,0.329333,25
1,64,24,cpu_vals,1,0.133333,0.127458,0.151625,25
1,8,128,tg,1,8.033750,7.993166,8.046542,19
1,8,128,block,1,6.086083,5.997333,6.201417,25
1,8,128,cpu,1,0.659084,0.654334,0.667167,25
1,8,128,tridiag,1,18.965187,18.931917,19.014542,8
1,8,128,tg_vals,1,7.211167,7.187000,7.223250,21
1,8,128,block_vals,1,5.838833,5.803417,5.912667,25
1,8,128,cpu_vals,1,0.369917,0.362875,0.385417,25
1,8,128,tridiag_vals,1,15.333583,15.268729,15.384052,10
1,16,128,tg,1,8.072250,8.030854,8.075458,19
1,16,128,block,1,6.517229,6.393865,6.623292,24
1,16,128,cpu,1,0.774833,0.767791,0.787792,25
1,16,128,tridiag,1,37.907375,37.778292,38.006208,5
1,16,128,tg_vals,1,7.234125,7.223500,7.246375,21
1,16,128,block_vals,1,6.138292,6.090292,6.210500,25
1,16,128,cpu_vals,1,0.417834,0.402833,0.511667,25
1,16,128,tridiag_vals,1,30.655875,30.588375,30.715625,5
1,32,48,tg,1,1.003250,0.988042,1.021291,25
1,32,48,block,1,3.370750,3.342458,3.439625,25
1,32,48,ql,1,0.914125,0.863542,0.926542,25
1,32,48,cpu,1,0.311584,0.307541,0.318375,25
1,32,48,tg_vals,1,0.877875,0.851541,0.902250,25
1,32,48,block_vals,1,3.238083,3.195250,3.311958,25
1,32,48,ql_vals,1,0.750500,0.721833,0.798750,25
1,32,48,cpu_vals,1,0.178500,0.170542,0.193792,25
1,8,768,block,1,231.291208,231.221250,231.415375,5
1,8,768,cpu,1,28.945917,28.374792,29.123073,6
1,8,768,tridiag,1,184.607541,184.097208,184.669375,5
1,8,768,block_vals,1,151.146833,151.096875,151.529625,5
1,8,768,cpu_vals,1,14.688583,14.363020,14.756979,11
1,8,768,tridiag_vals,1,143.154542,143.142792,143.546458,5
1,1,512,tg,1,476.508583,476.303229,476.546562,3
1,1,512,block,1,30.136500,30.091542,30.340167,5
1,1,512,cpu,1,8.928417,8.751958,9.037709,17
1,1,512,tridiag,1,13.278709,13.042188,13.437552,12
1,1,512,tg_vals,1,444.812250,444.792917,444.924667,3
1,1,512,block_vals,1,28.444437,28.251573,28.584927,6
1,1,512,cpu_vals,1,4.254958,4.241875,4.263916,25
1,1,512,tridiag_vals,1,10.596041,10.322583,10.670770,15
1,4,12,simd,1,0.248041,0.239709,0.255958,25
1,4,12,tg,1,0.207417,0.192375,0.216000,25
1,4,12,ql,1,0.218500,0.210000,0.229042,25
1,4,12,cpu,1,0.022333,0.020833,0.025875,25
1,4,12,simd_vals,1,0.256083,0.252625,0.267500,25
1,4,12,tg_vals,1,0.208709,0.197875,0.214250,25
1,4,12,ql_vals,1,0.180583,0.176750,0.198167,25
1,4,12,cpu_vals,1,0.015083,0.011208,0.016792,25
1,8,512,tg,1,590.088917,589.994480,590.107708,3
1,8,512,block,1,64.976208,64.917250,65.067000,5
1,8,512,cpu,1,12.397437,12.191021,12.897250,12
1,8,512,tridiag,1,105.274209,104.936375,105.700458,5
1,8,512,tg_vals,1,448.774709,448.697187,448.845979,3
1,8,512,block_vals,1,53.068292,52.852625,53.109291,5
1,8,512,cpu_vals,1,5.746583,5.700792,5.808416,25
1,8,512,tridiag_vals,1,84.810792,84.646083,85.088375,5
1,1,32,simd,1,1.525792,1.522792,1.537125,25
1,1,32,tg,1,0.332458,0.328125,0.334458,25
1,1,32,block,1,2.590500,2.462333,2.671167,25
1,1,32,ql,1,0.514209,0.499541,0.530959,25
1,1,32,cpu,1,0.036709,0.030000,0.036875,25
1,1,32,simd_vals,1,1.385625,1.373584,1.394917,25
1,1,32,tg_vals,1,0.312458,0.299083,0.317459,25
1,1,32,block_vals,1,2.454084,2.341875,2.613042,25
1,1,32,ql_vals,1,0.389625,0.377167,0.410375,25
1,1,32,cpu_vals,1,0.011875,0.011834,0.014708,25
1,64,8,simd,1,0.158292,0.151667,0.164667,25
1,64,8,tg,1,0.156042,0.152084,0.165542,25
1,64,8,ql,1,0.164959,0.158750,0.175750,25
1,64,8,cpu,1,0.160042,0.109000,0.173917,25
1,64,8,simd_vals,1,0.155375,0.150958,0.166708,25
1,64,8,tg_vals,1,0.156084,0.150917,0.169208,25
1,64,8,ql_vals,1,0.152708,0.147917,0.158166,25
1,64,8,cpu_vals,1,0.090834,0.085125,0.092167,25
1,256,96,tg,1,37.185250,37.183083,37.886542,5
1,256,96,block,1,19.298521,19.258011,19.452302,8
1,256,96,cpu,1,5.860375,5.777458,5.976459,25
1,256,96,tg_vals,1,30.293667,29.552167,31.282875,5
1,256,96,block_vals,1,17.440416,17.416167,17.458583,9
1,256,96,cpu_vals,1,3.146583,3.047917,3.586125,25
1,2048,16,simd,1,1.391125,1.336292,1.418125,25
1,2048,16,tg,1,1.364292,1.336042,1.389875,25
1,2048,16,ql,1,0.993625,0.956584,1.025834,25
1,2048,16,cpu,1,1.334625,1.308083,1.341959,25
1,2048,16,simd_vals,1,1.171500,1.128083,1.175542,25
1,2048,16,tg_vals,1,1.173292,1.122916,1.197333,25
1,2048,16,ql_vals,1,0.609875,0.606958,0.618291,25
1,2048,16,cpu_vals,1,0.602500,0.584625,0.647625,25
1,32,16,simd,1,0.391292,0.381542,0.407209,25
1,32,16,tg,1,0.261750,0.251500,0.268958,25
1,32,16,ql,1,0.297542,0.294042,0.306291,25
1,32,16,cpu,1,0.131083,0.112250,0.287042,25
1,32,16,simd_vals,1,0.309916,0.307209,0.328916,25
1,32,16,tg_vals,1,0.234000,0.231166,0.237792,25
1,32,16,ql_vals,1,0.237541,0.234167,0.241250,25
1,32,16,cpu_vals,1,0.102209,0.059958,0.118292,25
1,512,48,tg,1,8.138209,8.086188,8.232771,19
1,512,48,block,1,12.311250,12.271667,12.392750,13
1,512,48,ql,1,2.588042,2.563875,2.631208,25
1,512,48,cpu,1,2.977875,2.929333,3.569333,25
1,512,48,tg_vals,1,7.020271,6.945136,7.089698,22
1,512,48,block_vals,1,11.450375,11.400729,11.502562,14
1,512,48,ql_vals,1,1.856875,1.851542,1.889792,25
1,512,48,cpu_vals,1,1.728583,1.289875,1.944166,25
1,4096,64,tg,1,156.163125,156.069875,156.452583,5
1,4096,64,block,1,98.116458,97.986041,98.122959,5
1,4096,64,ql,1,45.383333,45.328875,45.748166,5
1,4096,64,cpu,1,38.898667,38.894083,39.410458,5
1,4096,64,tg_vals,1,131.466208,130.495833,131.818417,5
1,4096,64,block_vals,1,85.657292,85.637167,85.964458,5
1,4096,64,ql_vals,1,32.265792,31.882834,32.416333,5
1,4096,64,cpu_vals,1,16.486312,16.342688,16.586760,10
1,1,1536,block,1,250.858375,250.660666,250.957167,5
1,1,1536,cpu,1,99.863542,99.822083,99.956916,5
1,1,1536,tridiag,1,69.407875,68.775375,69.491958,5
1,1,1536,block_vals,1,206.601791,206.585708,206.704500,5
1,1,1536,cpu_vals,1,42.970042,42.957167,42.978042,5
1,1,1536,tridiag_vals,1,50.848041,50.707125,50.938917,5
1,16,16,simd,1,0.344917,0.333709,0.355166,25
1,16,16,tg,1,0.245084,0.242292,0.247375,25
1,16,16,ql,1,0.271958,0.266625,0.274625,25
1,16,16,cpu,1,0.141250,0.106875,0.150125,25
1,16,16,simd_vals,1,0.329167,0.325083,0.334875,25
1,16,16,tg_vals,1,0.230208,0.223125,0.235042,25
1,16,16,ql_vals,1,0.221041,0.210708,0.234833,25
1,16,16,cpu_vals,1,0.061166,0.059791,0.063166,25
1,512,64,tg,1,20.091437,19.879417,20.303292,8
1,512,64,block,1,13.550562,13.486167,13.698042,12
1,512,64,ql,1,6.562500,6.441604,6.632729,23
1,512,64,cpu,1,5.480667,5.312458,5.652917,25
1,512,64,tg_vals,1,17.182125,17.046541,17.355542,9
1,512,64,block_vals,1,12.397875,12.289042,12.421667,13
1,512,64,ql_vals,1,4.778041,4.159625,4.812167,25
1,512,64,cpu_vals,1,2.162417,2.064833,2.717084,25
1,256,128,tg,1,90.996375,90.772833,92.923959,5
1,256,128,block,1,42.312041,42.238875,42.348042,5
1,256,128,cpu,1,10.590834,10.322938,10.983521,15
1,256,128,tridiag,1,607.105791,606.941583,607.130333,3
1,256,128,tg_vals,1,84.479250,82.117208,84.538125,5
1,256,128,block_vals,1,33.661041,33.604125,33.841125,5
1,256,128,cpu_vals,1,5.543708,5.118750,5.633792,25
1,256,128,tridiag_vals,1,492.442125,491.855500,492.544271,3
1,64,4,simd,1,0.156584,0.149209,0.166750,25
1,64,4,tg,1,0.167917,0.151708,0.173584,25
1,64,4,ql,1,0.169708,0.151833,0.174625,25
1,64,4,cpu,1,0.059542,0.058750,0.063041,25
1,64,4,simd_vals,1,0.167792,0.158958,0.174834,25
1,64,4,tg_vals,1,0.145459,0.142542,0.157000,25
1,64,4,ql_vals,1,0.147583,0.139500,0.159666,25
1,64,4,cpu_vals,1,0.038875,0.038042,0.039416,25
1,16,1024,block,1,1174.022292,1173.956604,1175.436730,3
1,16,1024,cpu,1,128.962416,128.471791,129.509833,5
1,16,1024,tridiag,1,569.828542,569.457000,570.435855,3
1,16,1024,block_vals,1,791.821833,791.211417,792.713270,3
1,16,1024,cpu_vals,1,36.046292,34.963167,36.409875,5
1,16,1024,tridiag_vals,1,435.901709,435.113042,442.075333,3
1,128,192,tg,1,277.367500,276.925125,278.354583,5
1,128,192,block,1,66.944083,66.920375,67.087459,5
1,128,192,cpu,1,12.232750,12.081125,12.346417,13
1,128,192,tridiag,1,490.496041,490.342166,491.346187,3
1,128,192,tg_vals,1,144.205417,143.231625,144.345334,5
1,128,192,block_vals,1,49.431584,49.417541,49.452291,5
1,128,192,cpu_vals,1,5.993042,5.915250,6.380041,25
1,128,192,tridiag_vals,1,400.221542,399.297063,400.293938,3
1,512,24,simd,1,1.452209,1.447500,1.502667,25
1,512,24,tg,1,1.240583,1.228833,1.251000,25
1,512,24,ql,1,0.642375,0.635375,0.646625,25
1,512,24,cpu,1,0.812459,0.803292,0.821833,25
1,512,24,simd_vals,1,1.319459,1.279333,1.323542,25
1,512,24,tg_vals,1,1.072917,1.055917,1.092708,25
1,512,24,ql_vals,1,0.444250,0.441791,0.451292,25
1,512,24,cpu_vals,1,0.349000,0.325334,0.630042,25
1,4096,32,simd,1,23.836083,23.621209,23.939208,7
1,4096,32,tg,1,16.841167,16.778709,16.910209,9
1,4096,32,block,1,17.897459,17.844167,17.946667,9
1,4096,32,ql,1,5.415458,5.374208,5.484292,25
1,4096,32,cpu,1,9.632417,9.587645,9.779927,16
1,4096,32,simd_vals,1,14.717125,14.645979,14.857312,11
1,4096,32,tg_vals,1,14.324500,14.278333,14.342437,11
1,4096,32,block_vals,1,15.527583,15.466062,15.585240,10
1,4096,32,ql_vals,1,3.208916,3.175750,3.226958,25
1,4096,32,cpu_vals,1,3.618667,3.441584,3.779000,25
1,64,256,tg,1,428.192542,426.476855,430.473521,3
1,64,256,block,1,73.306041,73.198000,73.327708,5
1,64,256,cpu,1,12.310833,12.016417,12.489667,13
1,64,256,tridiag,1,340.711375,340.630104,340.744312,3
1,64,256,tg_vals,1,251.676042,251.245375,253.972833,5
1,64,256,block_vals,1,54.944583,54.934917,55.142625,5
1,64,256,cpu_vals,1,5.585208,5.547375,5.700416,25
1,64,256,tridiag_vals,1,281.491083,281.382167,281.590208,5
1,128,128,tg,1,49.182917,48.568791,49.681542,5
1,128,128,block,1,21.176666,21.067667,21.201167,8
1,128,128,cpu,1,5.354125,5.295375,5.735875,25
1,128,128,tridiag,1,303.012292,302.926896,303.232250,3
1,128,128,tg_vals,1,45.145458,44.472791,46.104709,5
1,128,128,block_vals,1,18.816980,18.763864,18.839667,8
1,128,128,cpu_vals,1,3.138750,2.598292,3.176417,25
1,128,128,tridiag_vals,1,246.724708,246.323584,247.030750,5
1,32,256,tg,1,196.879958,196.000833,197.040584,5
1,32,256,block,1,35.488041,35.388833,35.653041,5
1,32,256,cpu,1,6.591083,6.503666,7.055854,23
1,32,256,tridiag,1,170.314042,169.964458,170.630750,5
1,32,256,tg_vals,1,123.315542,122.745291,123.329500,5
1,32,256,block_vals,1,30.346083,30.172458,30.384917,5
1,32,256,cpu_vals,1,2.965084,2.940167,3.560625,25
1,32,256,tridiag_vals,1,140.944125,140.601625,141.056833,5
1,2,256,tg,1,55.198791,55.196875,55.201000,5
1,2,256,block,1,11.864917,11.802416,11.961375,13
1,2,256,cpu,1,2.143167,2.124208,2.166000,25
1,2,256,tridiag,1,10.649500,10.608083,10.748520,15
1,2,256,tg_vals,1,53.963459,53.916167,53.975583,5
1,2,256,block_vals,1,11.433958,11.357249,11.557792,14
1,2,256,cpu_vals,1,1.084459,1.078333,1.100375,25
1,2,256,tridiag_vals,1,8.782459,8.773323,8.794010,18
1,8,24,simd,1,0.809417,0.758458,0.833458,25
1,8,24,tg,1,0.294375,0.292250,0.300292,25
1,8,24,ql,1,0.383042,0.372083,0.387667,25
1,8,24,cpu,1,0.073625,0.070750,0.082541,25
1,8,24,simd_vals,1,0.738417,0.702625,0.758708,25
1,8,24,tg_vals,1,0.274125,0.258666,0.281292,25
1,8,24,ql_vals,1,0.315833,0.311167,0.318000,25
1,8,24,cpu_vals,1,0.041167,0.038417,0.042167,25
1,4,384,tg,1,219.079375,219.060333,219.115917,5
1,4,384,block,1,25.355792,25.300010,25.453260,6
1,4,384,cpu,1,5.099083,5.025416,5.240042,25
1,4,384,tridiag,1,36.488334,35.772417,36.607875,5
1,4,384,tg_vals,1,190.699375,190.689875,190.716042,5
1,4,384,block_vals,1,22.958042,22.765166,23.017708,7
1,4,384,cpu_vals,1,2.594208,2.588417,2.628375,25
1,4,384,tridiag_vals,1,28.771729,28.698490,28.815906,6
1,32,512,block,1,294.727833,294.463083,295.616042,5
1,32,512,cpu,1,30.862583,30.610250,31.056458,5
1,32,512,tridiag,1,422.948583,422.567124,423.026896,3
1,32,512,block_vals,1,196.654875,196.606583,196.673500,5
1,32,512,cpu_vals,1,14.104791,13.604688,14.258396,11
1,32,512,tridiag_vals,1,338.387708,337.790583,338.522979,3
1,1,4,simd,1,0.178083,0.148625,0.210792,25
1,1,4,tg,1,0.157334,0.144375,0.169375,25
1,1,4,ql,1,0.163875,0.152041,0.188041,25
1,1,4,cpu,1,0.001750,0.001625,0.002000,25
1,1,4,simd_vals,1,0.164625,0.153375,0.181542,25
1,1,4,tg_vals,1,0.161292,0.149583,0.170958,25
1,1,4,ql_vals,1,0.159334,0.153042,0.173875,25
1,1,4,cpu_vals,1,0.001833,0.001750,0.001917,25
1,2,128,tg,1,7.989875,7.965292,7.996062,19
1,2,128,block,1,5.826417,5.766708,5.936292,25
1,2,128,cpu,1,0.541209,0.536584,0.548875,25
1,2,128,tridiag,1,4.738709,4.690791,4.807875,25
1,2,128,tg_vals,1,7.213834,7.186417,7.224584,21
1,2,128,block_vals,1,5.722750,5.607041,5.813167,25
1,2,128,cpu_vals,1,0.288917,0.285167,0.292791,25
1,2,128,tridiag_vals,1,3.855125,3.831375,3.873667,25
1,4096,192,block,1,2165.370625,2163.543583,2165.653438,3
1,4096,192,cpu,1,330.003625,329.328000,330.839833,3
1,4096,192,block_vals,1,1711.530375,1711.430709,1711.862625,3
1,4096,192,cpu_vals,1,172.107375,170.227125,175.403458,5
1,4,192,tg,1,27.749271,27.739031,27.757979,6
1,4,192,block,1,9.233542,9.189667,9.311542,17
1,4,192,cpu,1,1.254083,1.246250,1.273875,25
1,4,192,tridiag,1,15.402583,15.321771,15.496469,10
1,4,192,tg_vals,1,25.772312,25.745646,25.798979,6
1,4,192,block_vals,1,8.855875,8.811708,8.954625,17
1,4,192,cpu_vals,1,0.633917,0.629125,0.643083,25
1,4,192,tridiag_vals,1,12.575792,12.526740,12.631844,12
1,4,2048,block,1,2384.589500,2379.734604,2391.257042,3
1,4,2048,cpu,1,439.720500,433.496291,448.273063,3
1,4,2048,tridiag,1,478.295709,477.431771,479.719771,3
1,4,2048,block_vals,1,1597.725458,1595.766083,1599.604063,3
1,4,2048,cpu_vals,1,112.179958,111.794041,112.806000,5
1,4,2048,tridiag_vals,1,349.853667,349.341917,352.234229,3
1,2,192,tg,1,27.750000,27.726270,27.775198,6
1,2,192,block,1,8.852459,8.830542,8.914709,17
1,2,192,cpu,1,1.152625,1.144333,1.168125,25
1,2,192,tridiag,1,7.711958,7.648261,7.767823,20
1,2,192,tg_vals,1,25.776458,25.775521,25.792427,6
1,2,192,block_vals,1,8.679354,8.576916,8.774093,18
1,2,192,cpu_vals,1,0.620959,0.612625,0.628292,25
1,2,192,tridiag_vals,1,6.278938,6.220625,6.334271,24
1,16,4,simd,1,0.170625,0.167667,0.175917,25
1,16,4,tg,1,0.169708,0.166250,0.173083,25
1,16,4,ql,1,0.169667,0.163041,0.176917,25
1,16,4,cpu,1,0.018375,0.017791,0.021541,25
1,16,4,simd_vals,1,0.170875,0.163583,0.174500,25
1,16,4,tg_vals,1,0.152208,0.144250,0.161375,25
1,16,4,ql_vals,1,0.146625,0.141042,0.162875,25
1,16,4,cpu_vals,1,0.010959,0.010917,0.011125,25
1,4096,16,simd,1,2.424625,2.406959,2.447542,25
1,4096,16,tg,1,2.425917,2.394875,2.463042,25
1,4096,16,ql,1,1.662041,1.646625,1.687833,25
1,4096,16,cpu,1,2.587000,2.502125,2.964667,25
1,4096,16,simd_vals,1,2.020417,1.983875,2.110042,25
1,4096,16,tg_vals,1,2.011708,1.977208,2.031667,25
1,4096,16,ql_vals,1,1.052625,1.016625,1.067417,25
1,4096,16,cpu_vals,1,1.140334,1.093959,1.635750,25
1,4096,24,simd,1,7.709875,7.672584,7.765552,20
1,4096,24,tg,1,7.586146,7.557657,7.645136,20
1,4096,24,ql,1,3.247500,3.217083,3.264750,25
1,4096,24,cpu,1,5.909541,5.829458,6.147375,25
1,4096,24,simd_vals,1,6.424208,6.376010,6.464490,24
1,4096,24,tg_vals,1,6.375063,6.363271,6.392979,24
1,4096,24,ql_vals,1,1.963000,1.954959,1.978042,25
1,4096,24,cpu_vals,1,2.230166,2.171459,2.578083,25
1,512,2,simd,1,0.173125,0.165917,0.914000,25
1,512,2,tg,1,0.161917,0.155708,0.165708,25
1,512,2,ql,1,0.163833,0.159000,0.172834,25
1,512,2,cpu,1,0.179708,0.084416,0.184833,25
1,512,2,simd_vals,1,0.142791,0.137417,0.156375,25
1,512,2,tg_vals,1,0.165208,0.151334,0.168417,25
1,512,2,ql_vals,1,0.148958,0.140416,0.158917,25
1,512,2,cpu_vals,1,0.080333,0.077125,0.082041,25
