pass,batch,M,N,backend,ok,ms,p25,p75,reps
0,256,96,96,jacobi,1,47.800333,47.640042,47.806917,5
0,256,96,96,block,1,22.522000,22.459667,22.609562,7
0,256,96,96,cpu,1,10.957584,10.861698,11.022625,14
0,1,1024,1024,jacobi,1,2819.688375,2819.573729,2820.637896,3
0,1,1024,1024,block,1,115.374625,115.314291,115.395125,5
0,1,1024,1024,cpu,1,77.601375,77.449167,77.869375,5
0,1,1024,1024,bidiag,1,55.377791,55.341084,55.425417,5
0,1,1024,1024,bidiag_vals,1,26.489125,26.452781,26.528126,6
0,1,1024,1024,cpu_vals,1,35.597958,35.554458,35.607208,5
0,4,1024,1024,jacobi,1,4031.938125,4030.988271,4032.002271,3
0,4,1024,1024,block,1,294.084041,293.771250,294.288542,5
0,4,1024,1024,cpu,1,93.626375,92.989709,95.607375,5
0,4,1024,1024,bidiag,1,142.309333,142.234125,142.497916,5
0,4,1024,1024,bidiag_vals,1,86.366167,86.310584,86.389291,5
0,4,1024,1024,cpu_vals,1,41.277083,41.242875,42.427583,5
0,256,64,32,jacobi,1,2.421916,2.408583,2.432750,25
0,256,64,32,block,1,3.010459,2.997500,3.041417,25
0,256,64,32,qr,1,2.827208,2.787792,2.847792,25
0,256,64,32,qrblock,1,3.484542,3.457334,3.500125,25
0,256,64,32,gk,1,1.543834,1.531208,1.562750,25
0,256,64,32,gk_vals,1,0.943334,0.906292,0.975625,25
0,256,64,32,cpu_vals,1,0.662792,0.592625,0.682125,25
0,256,64,32,gk_share,1,1.021917,1.015500,1.024292,25
0,256,64,32,gk_share_vals,1,0.670000,0.664708,0.671375,25
0,256,64,32,cpu,1,1.505500,1.476958,1.539958,25
0,1024,56,56,jacobi,1,27.599896,27.173073,28.198468,6
0,1024,56,56,block,1,28.354083,28.239833,28.489427,6
0,1024,56,56,gk,1,11.478917,11.463875,11.487626,14
0,1024,56,56,gk_vals,1,4.985083,4.961917,4.997083,25
0,1024,56,56,cpu_vals,1,3.996125,3.684208,4.084500,25
0,1024,56,56,gk_share,1,6.887021,6.833000,6.940885,22
0,1024,56,56,gk_share_vals,1,2.809709,2.786542,2.828834,25
0,1024,56,56,cpu,1,10.659875,10.552021,10.764750,15
0,4096,1024,32,jacobi,0,0,0,0,0
0,4096,1024,32,block,0,0,0,0,0
0,4096,1024,32,qr,0,0,0,0,0
0,4096,1024,32,qrblock,0,0,0,0,0
0,4096,1024,32,gk,0,0,0,0,0
0,4096,1024,32,gk_vals,0,0,0,0,0
0,4096,1024,32,cpu_vals,0,0,0,0,0
0,4096,1024,32,gk_share,0,0,0,0,0
0,4096,1024,32,gk_share_vals,0,0,0,0,0
0,4096,1024,32,cpu,0,0,0,0,0
0,16,1024,256,jacobi,1,175.759708,175.666417,175.814875,5
0,16,1024,256,block,1,37.943542,37.938083,38.194625,5
0,16,1024,256,qr,1,67.677000,67.289000,68.362208,5
0,16,1024,256,qrblock,1,28.824438,28.725531,28.916594,6
0,16,1024,256,cpu,1,12.280708,11.988782,13.735083,12
0,16,1024,256,bidiag,1,123.264417,122.913709,123.884791,5
0,16,1024,256,bidiag_vals,1,105.510917,105.254708,105.632666,5
0,16,1024,256,cpu_vals,1,7.120166,6.047396,7.493218,22
0,64,64,8,jacobi,1,0.373708,0.363458,0.383042,25
0,64,64,8,qr,1,0.534000,0.506125,0.562875,25
0,64,64,8,gk,1,0.243625,0.241166,0.251083,25
0,64,64,8,gk_vals,1,0.201875,0.190708,0.214125,25
0,64,64,8,cpu_vals,1,0.155875,0.122542,0.262291,25
0,64,64,8,gk_share,1,0.347666,0.342458,0.353000,25
0,64,64,8,gk_share_vals,1,0.308792,0.302958,0.312416,25
0,64,64,8,cpu,1,0.160250,0.157625,0.169875,25
0,16,768,768,jacobi,1,3690.676583,3688.748792,3692.813354,3
0,16,768,768,block,1,529.163000,528.980063,529.305938,3
0,16,768,768,cpu,1,77.830916,77.170584,77.873959,5
0,16,768,768,bidiag,1,272.693792,272.484541,272.811417,5
0,16,768,768,bidiag_vals,1,208.864042,208.584083,208.872375,5
0,16,768,768,cpu_vals,1,49.799875,49.282208,49.943709,5
0,4,512,16,jacobi,1,1.039209,0.375667,1.099500,25
0,4,512,16,qr,1,0.496208,0.486375,0.500917,25
0,4,512,16,gk,1,0.614667,0.604375,0.623458,25
0,4,512,16,gk_vals,1,0.338000,0.334750,0.345875,25
0,4,512,16,cpu_vals,1,0.068625,0.067875,0.069584,25
0,4,512,16,cpu,1,0.105583,0.103833,0.107208,25
0,256,256,256,jacobi,1,1113.413500,1113.201375,1113.953063,3
0,256,256,256,block,1,346.552875,346.260562,347.663958,3
0,256,256,256,cpu,1,78.422208,78.351792,79.378417,5
0,1024,48,48,jacobi,1,21.312188,21.176708,21.368073,8
0,1024,48,48,block,1,26.052084,26.003688,26.145229,6
0,1024,48,48,gk,1,7.194208,7.185917,7.211000,21
0,1024,48,48,gk_vals,1,3.260292,3.253292,3.276792,25
0,1024,48,48,cpu_vals,1,3.167125,2.745583,3.265083,25
0,1024,48,48,gk_share,1,5.175208,5.155125,5.226792,25
0,1024,48,48,gk_share_vals,1,2.349959,2.311875,2.378625,25
0,1024,48,48,cpu,1,8.957792,8.862000,9.219333,17
0,256,1024,128,jacobi,1,712.330167,712.226001,714.332146,3
0,256,1024,128,block,1,137.400042,137.027209,137.660833,5
0,256,1024,128,qr,1,158.852667,157.187041,159.078875,5
0,256,1024,128,qrblock,1,100.968209,100.744292,102.004833,5
0,256,1024,128,cpu,1,62.994292,62.800917,63.476250,5
0,256,1024,128,bidiag,1,861.199958,860.987938,861.618396,3
0,256,1024,128,bidiag_vals,1,692.193250,691.528292,692.196271,3
0,256,1024,128,cpu_vals,1,28.634604,28.214729,28.715979,6
0,64,128,64,jacobi,1,3.511875,3.506250,3.516875,25
0,64,128,64,block,1,3.922417,3.840125,3.968458,25
0,64,128,64,qr,1,4.061542,4.034500,4.078583,25
0,64,128,64,qrblock,1,4.579834,4.482875,4.619583,25
0,64,128,64,gk,1,3.285917,3.255500,3.417166,25
0,64,128,64,gk_vals,1,2.325125,2.297708,2.494417,25
0,64,128,64,cpu_vals,1,0.728042,0.710208,0.748958,25
0,64,128,64,gk_share,1,3.334459,3.316084,3.355750,25
0,64,128,64,gk_share_vals,1,2.319958,2.294209,2.468625,25
0,64,128,64,cpu,1,1.607583,1.600875,1.620250,25
0,4,16,8,jacobi,1,0.322000,0.296208,0.333458,25
0,4,16,8,qr,1,0.400667,0.391375,0.422000,25
0,4,16,8,gk,1,0.231208,0.217291,0.234792,25
0,4,16,8,gk_vals,1,0.190375,0.174500,0.245416,25
0,4,16,8,cpu_vals,1,0.022791,0.020667,0.023416,25
0,4,16,8,cpu,1,0.026791,0.023875,0.028291,25
0,1,128,8,jacobi,1,0.349791,0.339542,0.359750,25
0,1,128,8,qr,1,0.388041,0.355667,0.419000,25
0,1,128,8,gk,1,0.257583,0.249584,0.268542,25
0,1,128,8,gk_vals,1,0.256834,0.244708,0.268917,25
0,1,128,8,cpu_vals,1,0.007375,0.007333,0.007417,25
0,1,128,8,cpu,1,0.013667,0.013583,0.013792,25
0,64,192,192,jacobi,1,109.523250,109.334875,109.724166,5
0,64,192,192,block,1,37.502125,37.500542,37.538667,5
0,64,192,192,cpu,1,10.448458,10.312125,10.704104,15
0,64,192,192,bidiag,1,217.965542,217.824084,218.048416,5
0,64,192,192,bidiag_vals,1,164.381500,164.224292,164.425750,5
0,64,192,192,cpu_vals,1,5.176417,5.049542,5.646083,25
0,16,256,32,jacobi,1,0.524458,0.506208,1.468417,25
0,16,256,32,block,1,2.312917,2.293917,2.344000,25
0,16,256,32,qr,1,0.814333,0.807458,0.829250,25
0,16,256,32,qrblock,1,2.260042,2.229791,2.292917,25
0,16,256,32,gk,1,1.289209,1.241667,1.335042,25
0,16,256,32,gk_vals,1,0.767958,0.742708,0.792417,25
0,16,256,32,cpu_vals,1,0.173542,0.167209,0.209875,25
0,16,256,32,cpu,1,0.311417,0.278083,0.350958,25
0,256,256,16,jacobi,1,1.280416,1.236000,1.352958,25
0,256,256,16,qr,1,1.699000,1.594125,2.219625,25
0,256,256,16,gk,1,1.194875,1.162417,1.216417,25
0,256,256,16,gk_vals,1,0.580875,0.577125,0.583250,25
0,256,256,16,cpu_vals,1,0.701333,0.424292,0.798958,25
0,256,256,16,gk_share,1,0.931667,0.908625,0.969167,25
0,256,256,16,gk_share_vals,1,0.556542,0.551167,0.566000,25
0,256,256,16,cpu,1,0.889458,0.866584,1.491583,25
0,1,256,256,jacobi,1,33.970250,33.929583,33.977125,5
0,1,256,256,block,1,12.997833,12.871833,13.108875,12
0,1,256,256,cpu,1,3.971292,3.595708,4.035209,25
0,1,256,256,bidiag,1,6.317666,5.958667,6.440208,25
0,1,256,256,bidiag_vals,1,3.953459,3.950667,3.980750,25
0,1,256,256,cpu_vals,1,1.732208,1.722292,1.741584,25
0,256,64,8,jacobi,1,0.792625,0.346000,0.869875,25
0,256,64,8,qr,1,0.689458,0.676334,0.719291,25
0,256,64,8,gk,1,0.288791,0.285542,0.291125,25
0,256,64,8,gk_vals,1,0.209458,0.198500,0.216208,25
0,256,64,8,cpu_vals,1,0.204000,0.199291,0.214083,25
0,256,64,8,gk_share,1,0.405792,0.396500,0.422500,25
0,256,64,8,gk_share_vals,1,0.341959,0.324959,0.350500,25
0,256,64,8,cpu,1,0.285334,0.283583,0.292209,25
0,4096,1024,64,jacobi,0,0,0,0,0
0,4096,1024,64,block,0,0,0,0,0
0,4096,1024,64,qr,0,0,0,0,0
0,4096,1024,64,qrblock,0,0,0,0,0
0,4096,1024,64,gk,0,0,0,0,0
0,4096,1024,64,gk_vals,0,0,0,0,0
0,4096,1024,64,cpu_vals,0,0,0,0,0
0,4096,1024,64,gk_share,0,0,0,0,0
0,4096,1024,64,gk_share_vals,0,0,0,0,0
0,4096,1024,64,cpu,0,0,0,0,0
0,4,1024,64,jacobi,1,4.587750,4.575000,4.609583,25
0,4,1024,64,block,1,5.381000,5.213167,5.477084,25
0,4,1024,64,qr,1,2.292875,2.256542,2.327875,25
0,4,1024,64,qrblock,1,3.636834,3.597542,3.655375,25
0,4,1024,64,gk,1,3.188500,3.176666,3.212875,25
0,4,1024,64,gk_vals,1,2.500250,2.468959,2.522917,25
0,4,1024,64,cpu_vals,1,0.559708,0.547375,0.567833,25
0,4,1024,64,cpu,1,1.106250,1.102000,1.115209,25
0,64,512,128,jacobi,1,82.068667,81.933375,82.235750,5
0,64,512,128,block,1,20.921750,20.831708,21.028354,8
0,64,512,128,qr,1,37.994208,37.825125,38.611541,5
0,64,512,128,qrblock,1,20.146563,19.998927,20.204843,8
0,64,512,128,cpu,1,11.275938,11.148219,11.536114,14
0,64,512,128,bidiag,1,183.296958,183.256375,183.433459,5
0,64,512,128,bidiag_vals,1,141.788375,141.514000,142.089917,5
0,64,512,128,cpu_vals,1,6.192167,6.146459,6.254291,25
0,4,16,16,jacobi,1,0.489416,0.315625,0.507833,25
0,4,16,16,gk,1,0.343792,0.331167,0.349709,25
0,4,16,16,gk_vals,1,0.269958,0.259416,0.281792,25
0,4,16,16,cpu_vals,1,0.027542,0.024625,0.029000,25
0,4,16,16,cpu,1,0.042334,0.041959,0.044292,25
0,1024,128,128,jacobi,1,473.821375,472.428105,473.873604,3
0,1024,128,128,block,1,191.255917,191.148583,191.281209,5
0,1024,128,128,cpu,1,78.226417,77.670458,78.330750,5
0,4,48,48,jacobi,1,1.100333,0.801584,1.384583,25
0,4,48,48,block,1,2.505166,2.478666,2.537625,25
0,4,48,48,gk,1,1.103125,1.054875,1.154208,25
0,4,48,48,gk_vals,1,0.859833,0.822625,0.898125,25
0,4,48,48,cpu_vals,1,0.070083,0.069625,0.071000,25
0,4,48,48,cpu,1,0.157875,0.155625,0.160500,25
0,1,1024,32,jacobi,1,0.936834,0.892875,0.966875,25
0,1,1024,32,block,1,4.252042,4.158708,4.291291,25
0,1,1024,32,qr,1,0.706542,0.700792,0.713125,25
0,1,1024,32,qrblock,1,2.351958,2.191709,2.413708,25
0,1,1024,32,gk,1,1.152708,1.112584,1.213166,25
0,1,1024,32,gk_vals,1,0.730334,0.720208,0.743500,25
0,1,1024,32,cpu_vals,1,0.111333,0.110583,0.111916,25
0,1,1024,32,cpu,1,0.227084,0.225208,0.230833,25
0,4,768,768,jacobi,1,1244.698625,1244.596959,1245.094687,3
0,4,768,768,block,1,115.659292,115.398917,115.671708,5
0,4,768,768,cpu,1,40.205833,39.866083,40.405584,5
0,4,768,768,bidiag,1,75.135750,75.102791,75.351167,5
0,4,768,768,bidiag_vals,1,55.186750,55.104292,55.316000,5
0,4,768,768,cpu_vals,1,18.400000,18.281250,18.513875,9
0,1024,256,16,jacobi,1,4.059250,4.040917,4.094791,25
0,1024,256,16,qr,1,4.984500,4.898583,5.354333,25
0,1024,256,16,gk,1,3.445292,3.426167,3.459750,25
0,1024,256,16,gk_vals,1,1.498375,1.490125,1.547458,25
0,1024,256,16,cpu_vals,1,1.748625,1.348625,1.846041,25
0,1024,256,16,gk_share,1,2.815500,2.695417,3.558833,25
0,1024,256,16,gk_share_vals,1,1.220334,1.138500,2.145667,25
0,1024,256,16,cpu,1,3.524792,3.046459,3.545250,25
0,16,128,64,jacobi,1,1.290792,1.278166,1.339667,25
0,16,128,64,block,1,2.862250,2.826833,2.877291,25
0,16,128,64,qr,1,1.666250,1.647167,1.712958,25
0,16,128,64,qrblock,1,3.285959,3.237084,3.361667,25
0,16,128,64,gk,1,2.598417,2.546709,2.610125,25
0,16,128,64,gk_vals,1,1.830375,1.815250,1.858375,25
0,16,128,64,cpu_vals,1,0.268208,0.265166,0.331958,25
0,16,128,64,cpu,1,0.505750,0.500458,0.698917,25
0,4096,24,24,jacobi,1,14.100125,14.087229,14.137333,11
0,4096,24,24,gk,1,5.725417,5.720792,5.735333,25
0,4096,24,24,gk_vals,1,2.383958,2.380125,2.389417,25
0,4096,24,24,cpu_vals,1,3.282084,3.030875,3.591334,25
0,4096,24,24,gk_share,1,5.995875,5.544000,6.075916,25
0,4096,24,24,gk_share_vals,1,2.077209,2.060834,2.090333,25
0,4096,24,24,cpu,1,9.701917,9.439167,10.468386,16
0,256,32,16,jacobi,1,0.858708,0.795917,1.107125,25
0,256,32,16,qr,1,1.079792,1.044250,1.149125,25
0,256,32,16,gk,1,0.421417,0.420166,0.424834,25
0,256,32,16,gk_vals,1,0.303792,0.298834,0.308041,25
0,256,32,16,cpu_vals,1,0.257375,0.251541,0.383584,25
0,256,32,16,gk_share,1,0.539333,0.531667,0.556791,25
0,256,32,16,gk_share_vals,1,0.394750,0.390125,0.430125,25
0,256,32,16,cpu,1,0.574875,0.556791,0.665167,25
0,16,128,128,jacobi,1,5.047791,5.043625,5.062000,25
0,16,128,128,block,1,7.184334,7.068208,7.285416,21
0,16,128,128,cpu,1,1.761125,1.679292,1.840500,25
0,16,128,128,bidiag,1,35.203000,35.141584,35.254083,5
0,16,128,128,bidiag_vals,1,26.149396,25.981489,26.284958,6
0,16,128,128,cpu_vals,1,1.108334,1.104875,1.116042,25
0,16,80,80,jacobi,1,1.901375,1.895125,1.907292,25
0,16,80,80,block,1,4.339625,4.281375,4.365958,25
0,16,80,80,gk,1,2.631750,2.628833,2.636667,25
0,16,80,80,gk_vals,1,1.917542,1.901667,1.923167,25
0,16,80,80,cpu_vals,1,0.345167,0.326916,0.482458,25
0,16,80,80,cpu,1,0.562292,0.556083,0.584791,25
0,256,16,16,jacobi,1,0.644292,0.637583,0.746625,25
0,256,16,16,gk,1,0.384792,0.381625,0.387875,25
0,256,16,16,gk_vals,1,0.271958,0.257916,0.278875,25
0,256,16,16,cpu_vals,1,0.248708,0.212459,0.662125,25
0,256,16,16,gk_share,1,0.514333,0.508375,0.524542,25
0,256,16,16,gk_share_vals,1,0.411500,0.396833,0.414541,25
0,256,16,16,cpu,1,0.403541,0.398541,0.405583,25
0,1,128,32,jacobi,1,0.715083,0.600916,1.221250,25
0,1,128,32,block,1,2.185500,2.111333,2.272000,25
0,1,128,32,qr,1,0.560584,0.544334,0.566292,25
0,1,128,32,qrblock,1,2.275459,2.228250,2.432583,25
0,1,128,32,gk,1,0.794000,0.735292,0.812417,25
0,1,128,32,gk_vals,1,0.547584,0.522833,0.563458,25
0,1,128,32,cpu_vals,1,0.032375,0.032167,0.032666,25
0,1,128,32,cpu,1,0.092208,0.089917,0.093208,25
0,64,56,56,jacobi,1,2.469833,2.457625,2.495958,25
0,64,56,56,block,1,3.759875,3.668708,3.809625,25
0,64,56,56,gk,1,1.551083,1.546292,1.554083,25
0,64,56,56,gk_vals,1,1.104583,1.072500,1.157916,25
0,64,56,56,cpu_vals,1,0.389250,0.329208,0.652042,25
0,64,56,56,gk_share,1,1.667542,1.651875,1.700000,25
0,64,56,56,gk_share_vals,1,1.257292,1.221291,1.285833,25
0,64,56,56,cpu,1,0.815333,0.796417,0.832542,25
0,256,32,32,jacobi,1,2.189875,2.186625,2.205500,25
0,256,32,32,block,1,3.037333,3.008125,3.074333,25
0,256,32,32,gk,1,0.950625,0.921334,0.966291,25
0,256,32,32,gk_vals,1,0.524958,0.521417,0.531167,25
0,256,32,32,cpu_vals,1,0.441833,0.427708,0.585834,25
0,256,32,32,gk_share,1,0.883917,0.881833,0.892250,25
0,256,32,32,gk_share_vals,1,0.606083,0.601292,0.634500,25
0,256,32,32,cpu,1,1.114958,1.092542,1.137584,25
0,1,512,512,jacobi,1,262.208417,262.107417,262.352750,5
0,1,512,512,block,1,32.043542,31.999250,32.123250,5
0,1,512,512,cpu,1,16.656917,16.516416,16.836532,10
0,1,512,512,bidiag,1,16.465979,16.406927,16.505469,10
0,1,512,512,bidiag_vals,1,9.506979,9.490291,9.544906,16
0,1,512,512,cpu_vals,1,7.711105,7.697792,7.721969,20
0,4,256,32,jacobi,1,0.787583,0.477625,0.883500,25
0,4,256,32,block,1,2.192416,2.157583,2.235708,25
0,4,256,32,qr,1,0.612125,0.605417,0.616375,25
0,4,256,32,qrblock,1,2.036917,2.009292,2.049500,25
0,4,256,32,gk,1,1.130416,1.037291,1.139208,25
0,4,256,32,gk_vals,1,0.653667,0.649083,0.657958,25
0,4,256,32,cpu_vals,1,0.089167,0.088292,0.090750,25
0,4,256,32,cpu,1,0.158916,0.157042,0.159792,25
0,4,64,64,jacobi,1,1.151458,1.087750,1.453000,25
0,4,64,64,block,1,2.845000,2.835208,2.901792,25
0,4,64,64,gk,1,1.763250,1.755916,1.766916,25
0,4,64,64,gk_vals,1,1.349709,1.337458,1.381000,25
0,4,64,64,cpu_vals,1,0.101417,0.100333,0.102792,25
0,4,64,64,cpu,1,0.229458,0.226250,0.232542,25
0,16,128,16,jacobi,1,0.709375,0.648584,0.770667,25
0,16,128,16,qr,1,0.511000,0.499250,0.561375,25
0,16,128,16,gk,1,0.372959,0.370791,0.377750,25
0,16,128,16,gk_vals,1,0.288792,0.272542,0.293833,25
0,16,128,16,cpu_vals,1,0.092916,0.086125,0.113416,25
0,16,128,16,cpu,1,0.168375,0.155291,0.205709,25
0,4,2048,128,jacobi,1,42.197750,42.197250,42.234459,5
0,4,2048,128,block,1,14.283459,14.137166,14.305063,11
0,4,2048,128,qr,1,8.240833,8.112458,8.705323,18
0,4,2048,128,qrblock,1,9.336250,9.140209,9.441792,17
0,4,2048,128,cpu,1,4.125542,4.091542,4.285125,25
0,4,2048,128,bidiag,1,20.170687,20.102146,20.252001,8
0,4,2048,128,bidiag_vals,1,17.561959,17.503333,17.685208,9
0,4,2048,128,cpu_vals,1,2.523209,2.478167,2.534833,25
0,256,2048,256,qr,1,1190.007209,1187.775459,1196.723334,3
0,256,2048,256,qrblock,1,521.659292,519.666980,524.437917,3
0,256,2048,256,cpu,1,267.442292,265.305250,268.711584,5
0,4096,32,32,jacobi,1,26.843812,26.828219,26.873500,6
0,4096,32,32,block,1,22.548042,22.518479,22.625521,7
0,4096,32,32,gk,1,9.455396,9.426188,9.491396,16
0,4096,32,32,gk_vals,1,4.176666,4.167958,4.180500,25
0,4096,32,32,cpu_vals,1,5.412875,5.242542,5.491542,25
0,4096,32,32,gk_share,1,7.854146,7.622552,7.983365,18
0,4096,32,32,gk_share_vals,1,3.660167,2.925625,3.999792,25
0,4096,32,32,cpu,1,15.408021,15.162719,15.513979,10
0,256,56,56,jacobi,1,7.573874,7.564135,7.597791,20
0,256,56,56,block,1,8.377938,8.247427,8.448438,18
0,256,56,56,gk,1,3.328042,3.318834,3.332958,25
0,256,56,56,gk_vals,1,1.527333,1.514500,1.533375,25
0,256,56,56,cpu_vals,1,1.019500,0.981958,1.074000,25
0,256,56,56,gk_share,1,3.049042,3.031041,3.064625,25
0,256,56,56,gk_share_vals,1,1.655208,1.634708,1.687958,25
0,256,56,56,cpu,1,2.755208,2.738375,2.775833,25
0,64,1024,32,jacobi,1,8.082917,8.010542,8.112375,19
0,64,1024,32,block,1,5.749375,5.670541,5.817375,25
0,64,1024,32,qr,1,3.549666,3.496416,3.619291,25
0,64,1024,32,qrblock,1,4.798875,4.736750,4.905667,25
0,64,1024,32,gk,1,3.682541,3.599583,3.782292,25
0,64,1024,32,gk_vals,1,2.604792,1.980334,2.911500,25
0,64,1024,32,cpu_vals,1,1.352625,0.923209,1.415208,25
0,64,1024,32,gk_share,1,3.486500,3.397708,3.662708,25
0,64,1024,32,gk_share_vals,1,1.965792,1.866500,2.503167,25
0,64,1024,32,cpu,1,2.181083,1.830583,2.222125,25
0,16,96,96,jacobi,1,2.604708,2.601167,2.614375,25
0,16,96,96,block,1,4.684333,4.655458,4.715083,25
0,16,96,96,cpu,1,0.871791,0.860167,1.309000,25
0,1,128,64,jacobi,1,1.162750,1.144208,1.190250,25
0,1,128,64,block,1,2.622250,2.605917,2.740833,25
0,1,128,64,qr,1,1.267084,1.230416,1.286083,25
0,1,128,64,qrblock,1,2.905542,2.865583,2.966458,25
0,1,128,64,gk,1,2.080083,2.055542,2.095208,25
0,1,128,64,gk_vals,1,1.486125,1.473250,1.512625,25
0,1,128,64,cpu_vals,1,0.110542,0.109625,0.112583,25
0,1,128,64,cpu,1,0.271500,0.268584,0.272458,25
0,1,32,32,jacobi,1,0.357375,0.337333,1.076583,25
0,1,32,32,block,1,2.356709,2.241166,2.416542,25
0,1,32,32,gk,1,0.691750,0.635084,0.706875,25
0,1,32,32,gk_vals,1,0.478583,0.449000,0.507667,25
0,1,32,32,cpu_vals,1,0.019834,0.019583,0.020708,25
0,1,32,32,cpu,1,0.060500,0.057916,0.061292,25
0,1,8,8,jacobi,1,0.257833,0.235667,0.272625,25
0,1,8,8,gk,1,0.262958,0.252666,0.284250,25
0,1,8,8,gk_vals,1,0.216875,0.195584,0.231208,25
0,1,8,8,cpu_vals,1,0.005125,0.005084,0.005375,25
0,1,8,8,cpu,1,0.008375,0.008334,0.008458,25
0,1024,32,16,jacobi,1,1.757791,1.743667,1.789708,25
0,1024,32,16,qr,1,2.437792,2.402875,2.482667,25
0,1024,32,16,gk,1,1.123084,1.036291,1.133416,25
0,1024,32,16,gk_vals,1,0.542459,0.533750,0.546292,25
0,1024,32,16,cpu_vals,1,0.678625,0.666333,0.710000,25
0,1024,32,16,gk_share,1,1.369417,1.269333,1.381958,25
0,1024,32,16,gk_share_vals,1,0.972959,0.958833,0.987000,25
0,1024,32,16,cpu,1,1.814250,1.759084,1.833708,25
0,1024,128,32,jacobi,1,9.500063,9.463240,9.655115,16
0,1024,128,32,block,1,10.012875,9.940812,10.081250,16
0,1024,128,32,qr,1,11.196729,11.144844,11.296208,14
0,1024,128,32,qrblock,1,10.319916,10.208771,10.393916,15
0,1024,128,32,gk,1,6.862208,6.828449,6.907511,22
0,1024,128,32,gk_vals,1,3.669750,3.656917,3.678083,25
0,1024,128,32,cpu_vals,1,2.828709,2.398209,2.946333,25
0,1024,128,32,gk_share,1,4.305791,4.291375,4.329000,25
0,1024,128,32,gk_share_vals,1,1.985959,1.975041,1.991500,25
0,1024,128,32,cpu,1,6.831583,6.421083,6.892021,23
0,4096,16,8,jacobi,1,1.613417,1.496042,1.745625,25
0,4096,16,8,qr,1,2.290083,2.227292,2.344583,25
0,4096,16,8,gk,1,1.058875,1.024292,1.071333,25
0,4096,16,8,gk_vals,1,0.537875,0.522084,0.541958,25
0,4096,16,8,cpu_vals,1,1.035459,1.005042,1.060416,25
0,4096,16,8,gk_share,1,1.187666,1.157917,1.197875,25
0,4096,16,8,gk_share_vals,1,0.935625,0.757917,1.469708,25
0,4096,16,8,cpu,1,1.889709,1.858209,1.911375,25
0,256,4,4,jacobi,1,0.318125,0.309208,0.330000,25
0,256,4,4,gk,1,0.347708,0.338042,0.365958,25
0,256,4,4,gk_vals,1,0.189125,0.182250,0.194916,25
0,256,4,4,cpu_vals,1,0.267208,0.139083,0.370834,25
0,256,4,4,gk_share,1,0.344500,0.330084,0.354417,25
0,256,4,4,gk_share_vals,1,0.284292,0.278833,0.286625,25
0,256,4,4,cpu,1,0.139708,0.135750,0.159084,25
0,16,192,192,jacobi,1,18.052208,18.038541,18.061208,9
0,16,192,192,block,1,12.839792,12.800010,12.938802,12
0,16,192,192,cpu,1,3.202000,3.152959,3.527958,25
0,16,192,192,bidiag,1,54.501041,54.272542,54.666542,5
0,16,192,192,bidiag_vals,1,41.219125,41.125709,41.289834,5
0,16,192,192,cpu_vals,1,2.122375,1.644709,2.191708,25
0,256,24,24,jacobi,1,1.333083,1.280084,1.377750,25
0,256,24,24,gk,1,0.617125,0.614875,0.624750,25
0,256,24,24,gk_vals,1,0.386750,0.382666,0.394375,25
0,256,24,24,cpu_vals,1,0.325292,0.308875,0.646500,25
0,256,24,24,gk_share,1,0.694250,0.686750,0.703917,25
0,256,24,24,gk_share_vals,1,0.481917,0.478708,0.486209,25
0,256,24,24,cpu,1,0.754500,0.732333,0.776500,25
0,1024,16,16,jacobi,1,1.759208,1.749666,1.779083,25
0,1024,16,16,gk,1,0.902417,0.810625,0.908250,25
0,1024,16,16,gk_vals,1,0.480084,0.477083,0.547041,25
0,1024,16,16,cpu_vals,1,0.583959,0.524208,0.624250,25
0,1024,16,16,gk_share,1,0.938708,0.921625,0.957041,25
0,1024,16,16,gk_share_vals,1,0.789875,0.773708,0.797709,25
0,1024,16,16,cpu,1,1.194375,1.178625,1.206667,25
0,16,56,56,jacobi,1,1.125583,1.009417,1.265250,25
0,16,56,56,block,1,2.903167,2.874209,2.960500,25
0,16,56,56,gk,1,1.446083,1.442875,1.490709,25
0,16,56,56,gk_vals,1,1.116833,1.103333,1.143916,25
0,16,56,56,cpu_vals,1,0.195167,0.190375,0.205875,25
0,16,56,56,cpu,1,0.340166,0.334209,0.369666,25
0,64,256,64,jacobi,1,5.089875,5.081625,5.122875,25
0,64,256,64,block,1,4.714417,4.651375,4.798333,25
0,64,256,64,qr,1,5.169916,4.671083,5.257875,25
0,64,256,64,qrblock,1,5.708250,5.668417,5.755833,25
0,64,256,64,gk,1,4.514458,3.992792,4.537500,25
0,64,256,64,gk_vals,1,2.910209,2.859959,3.294250,25
0,64,256,64,cpu_vals,1,1.019500,0.993667,1.083042,25
0,64,256,64,gk_share,1,4.469750,4.441667,4.636500,25
0,64,256,64,gk_share_vals,1,2.819333,2.770375,2.866083,25
0,64,256,64,cpu,1,2.534458,2.114792,2.591500,25
0,1024,128,64,jacobi,1,71.227292,71.148792,71.513916,5
0,1024,128,64,block,1,33.654667,33.653917,34.043291,5
0,1024,128,64,qr,1,55.975333,55.524458,56.228834,5
0,1024,128,64,qrblock,1,35.882583,34.931542,36.003542,5
0,1024,128,64,gk,1,27.221666,27.039697,27.715073,6
0,1024,128,64,gk_vals,1,13.990166,13.853833,14.103667,11
0,1024,128,64,cpu_vals,1,8.000375,7.962437,8.048396,19
0,1024,128,64,gk_share,1,18.227333,17.495625,18.441208,9
0,1024,128,64,gk_share_vals,1,10.474958,10.364916,10.498167,15
0,1024,128,64,cpu,1,20.971646,20.469219,21.108865,8
0,4096,128,128,jacobi,1,1893.167417,1892.770000,1894.769646,3
0,4096,128,128,block,1,764.422500,763.629125,765.104125,3
0,4096,128,128,cpu,1,304.921667,302.645375,307.108021,3
0,4096,128,32,jacobi,1,35.794250,35.734417,35.809042,5
0,4096,128,32,block,1,33.677291,33.604042,33.770334,5
0,4096,128,32,qr,1,36.740250,36.040083,36.772625,5
0,4096,128,32,qrblock,1,32.476333,31.927792,32.775750,5
0,4096,128,32,gk,1,25.920980,25.908271,25.940219,6
0,4096,128,32,gk_vals,1,13.460062,13.423073,13.473979,12
0,4096,128,32,cpu_vals,1,9.121042,9.045250,9.252833,17
0,4096,128,32,gk_share,1,15.897667,15.592916,16.055052,10
0,4096,128,32,gk_share_vals,1,6.235125,6.042666,6.270791,25
0,4096,128,32,cpu,1,25.734687,25.570145,26.004354,6
0,1,2048,2048,cpu,1,440.721458,439.988416,442.210645,3
0,1,2048,2048,bidiag,1,251.507958,251.426167,251.748209,5
0,1,2048,2048,bidiag_vals,1,111.314708,111.308375,111.344042,5
0,1,2048,2048,cpu_vals,1,198.315167,198.283000,198.403834,5
0,4,1024,256,jacobi,1,105.337041,105.312083,105.381958,5
0,4,1024,256,block,1,19.663667,19.598584,19.862375,8
0,4,1024,256,qr,1,33.537958,33.527500,33.604125,5
0,4,1024,256,qrblock,1,15.894500,15.698114,16.286625,10
0,4,1024,256,cpu,1,7.803979,7.721531,7.959281,20
0,4,1024,256,bidiag,1,31.722667,31.515417,31.756708,5
0,4,1024,256,bidiag_vals,1,27.197187,27.020667,27.303989,6
0,4,1024,256,cpu_vals,1,4.113875,3.828000,4.130083,25
0,4,64,8,jacobi,1,0.343583,0.332167,0.352583,25
0,4,64,8,qr,1,0.483292,0.472125,0.497375,25
0,4,64,8,gk,1,0.226125,0.224916,0.229958,25
0,4,64,8,gk_vals,1,0.202583,0.193542,0.233667,25
0,4,64,8,cpu_vals,1,0.024833,0.021084,0.026459,25
0,4,64,8,cpu,1,0.030291,0.029750,0.031125,25
0,1024,512,64,jacobi,1,151.123750,146.394791,151.332250,5
0,1024,512,64,block,1,71.504958,70.948083,71.523583,5
0,1024,512,64,qr,1,79.739541,78.815459,79.767334,5
0,1024,512,64,qrblock,1,60.047459,59.775208,60.757625,5
0,1024,512,64,gk,1,56.508125,55.917875,57.029542,5
0,1024,512,64,gk_vals,1,29.570792,29.516781,29.593208,6
0,1024,512,64,cpu_vals,1,19.512250,19.413145,19.585448,8
0,1024,512,64,gk_share,1,41.712916,40.772500,42.744791,5
0,1024,512,64,gk_share_vals,1,24.841437,23.107489,26.225198,6
0,1024,512,64,cpu,1,42.287375,42.065708,42.358083,5
0,1024,40,40,jacobi,1,13.972542,13.865730,14.037854,11
0,1024,40,40,block,1,23.737667,23.685417,23.779208,7
0,1024,40,40,gk,1,4.812416,4.804791,4.826542,25
0,1024,40,40,gk_vals,1,2.189166,2.187000,2.190917,25
0,1024,40,40,cpu_vals,1,1.999625,1.925083,2.498583,25
0,1024,40,40,gk_share,1,4.276250,4.168958,4.326750,25
0,1024,40,40,gk_share_vals,1,1.692167,1.679625,1.703750,25
0,1024,40,40,cpu,1,6.483416,6.423459,6.615875,23
0,16,1024,128,jacobi,1,37.817458,37.791417,37.845750,5
0,16,1024,128,block,1,13.121729,13.090021,13.188292,12
0,16,1024,128,qr,1,9.276917,9.116698,9.637021,16
0,16,1024,128,qrblock,1,10.855542,10.558229,10.919167,14
0,16,1024,128,cpu,1,5.003625,4.953708,5.033375,25
0,16,1024,128,bidiag,1,55.265334,55.253125,55.287708,5
0,16,1024,128,bidiag_vals,1,45.047625,44.994375,45.107792,5
0,16,1024,128,cpu_vals,1,2.798916,2.729541,3.123334,25
0,1,128,128,jacobi,1,4.908125,4.902917,4.913333,25
0,1,128,128,block,1,6.131291,6.009042,6.224083,25
0,1,128,128,cpu,1,1.031250,1.027792,1.035000,25
0,1,128,128,bidiag,1,2.630875,2.620750,2.660709,25
0,1,128,128,bidiag_vals,1,1.744542,1.739875,1.752125,25
0,1,128,128,cpu_vals,1,0.629916,0.627000,0.632375,25
0,4096,32,8,jacobi,1,1.564791,1.534875,1.583500,25
0,4096,32,8,qr,1,2.620417,2.580208,2.880417,25
0,4096,32,8,gk,1,1.318542,1.301416,1.347334,25
0,4096,32,8,gk_vals,1,0.593833,0.586833,0.599292,25
0,4096,32,8,cpu_vals,1,1.123416,1.080875,1.737292,25
0,4096,32,8,gk_share,1,1.935166,1.912667,1.947416,25
0,4096,32,8,gk_share_vals,1,1.174333,1.150500,1.180583,25
0,4096,32,8,cpu,1,2.587917,2.075125,2.654833,25
0,16,128,32,jacobi,1,0.449625,0.438291,1.369333,25
0,16,128,32,block,1,2.048792,1.985584,2.087791,25
0,16,128,32,qr,1,0.702917,0.698583,0.713792,25
0,16,128,32,qrblock,1,2.100625,2.085625,2.162291,25
0,16,128,32,gk,1,0.840000,0.786167,0.882583,25
0,16,128,32,gk_vals,1,0.551875,0.550125,0.555792,25
0,16,128,32,cpu_vals,1,0.180959,0.164167,0.190792,25
0,16,128,32,cpu,1,0.259791,0.258708,0.263250,25
0,4,8,8,jacobi,1,0.290584,0.282250,0.313916,25
0,4,8,8,gk,1,0.293500,0.272292,0.317750,25
0,4,8,8,gk_vals,1,0.233583,0.217333,0.258125,25
0,4,8,8,cpu_vals,1,0.017542,0.017000,0.018833,25
0,4,8,8,cpu,1,0.021334,0.019208,0.024875,25
0,4,32,8,jacobi,1,0.254875,0.250417,0.270166,25
0,4,32,8,qr,1,0.453250,0.431750,0.470208,25
0,4,32,8,gk,1,0.200167,0.193750,0.210958,25
0,4,32,8,gk_vals,1,0.210333,0.171292,0.254458,25
0,4,32,8,cpu_vals,1,0.019417,0.018375,0.023208,25
0,4,32,8,cpu,1,0.027125,0.024291,0.028500,25
0,1,64,32,jacobi,1,0.476208,0.460875,0.514083,25
0,1,64,32,block,1,2.085792,2.023500,2.110750,25
0,1,64,32,qr,1,0.525833,0.517584,0.531209,25
0,1,64,32,qrblock,1,2.253834,2.174041,2.347250,25
0,1,64,32,gk,1,0.753792,0.707958,0.757000,25
0,1,64,32,gk_vals,1,0.512333,0.481709,0.541625,25
0,1,64,32,cpu_vals,1,0.027375,0.027209,0.027542,25
0,1,64,32,cpu,1,0.072334,0.071625,0.073167,25
0,1024,80,80,jacobi,1,109.259625,108.966583,109.813334,5
0,1024,80,80,block,1,78.654708,78.565959,78.660208,5
0,1024,80,80,gk,1,38.671042,38.483500,38.982333,5
0,1024,80,80,gk_vals,1,16.221105,16.209010,16.247052,10
0,1024,80,80,cpu_vals,1,13.789083,13.469083,15.027646,11
0,1024,80,80,gk_share,1,18.218459,18.162500,18.258875,9
0,1024,80,80,gk_share_vals,1,9.281083,8.953240,9.340531,16
0,1024,80,80,cpu,1,26.229979,26.088313,26.400646,6
0,2,1536,1536,cpu,1,200.292208,198.299791,201.736000,5
0,2,1536,1536,bidiag,1,190.517292,190.452458,190.538333,5
0,2,1536,1536,bidiag_vals,1,104.483292,104.208500,104.549125,5
0,2,1536,1536,cpu_vals,1,101.380917,101.096666,101.586000,5
0,16,16,8,jacobi,1,0.325958,0.320375,0.339166,25
0,16,16,8,qr,1,0.414750,0.407416,0.424041,25
0,16,16,8,gk,1,0.241667,0.224583,0.246334,25
0,16,16,8,gk_vals,1,0.198875,0.193333,0.208625,25
0,16,16,8,cpu_vals,1,0.055583,0.054208,0.061041,25
0,16,16,8,cpu,1,0.098042,0.062292,0.102250,25
0,16,8,8,jacobi,1,0.324291,0.299208,0.345250,25
0,16,8,8,gk,1,0.216917,0.212209,0.256750,25
0,16,8,8,gk_vals,1,0.187834,0.171458,0.191709,25
0,16,8,8,cpu_vals,1,0.045125,0.040125,0.048625,25
0,16,8,8,cpu,1,0.076917,0.060250,0.079541,25
0,256,8,8,jacobi,1,0.506542,0.475209,0.598667,25
0,256,8,8,gk,1,0.294958,0.252583,0.349833,25
0,256,8,8,gk_vals,1,0.205958,0.195125,0.210750,25
0,256,8,8,cpu_vals,1,0.143708,0.140792,0.147167,25
0,256,8,8,gk_share,1,0.384000,0.378083,0.388834,25
0,256,8,8,gk_share_vals,1,0.353709,0.340292,0.359625,25
0,256,8,8,cpu,1,0.191208,0.186292,0.197750,25
0,16,1024,1024,jacobi,1,9126.405625,9125.189916,9134.045479,3
0,16,1024,1024,block,1,1228.216500,1226.546396,1228.262270,3
0,16,1024,1024,cpu,1,306.874125,304.691937,308.251479,3
0,16,1024,1024,bidiag,1,494.080083,493.993854,494.184645,3
0,16,1024,1024,bidiag_vals,1,325.755084,325.719667,325.785897,3
0,16,1024,1024,cpu_vals,1,222.818000,221.481042,222.981750,5
0,64,64,16,jacobi,1,0.923875,0.350666,0.995875,25
0,64,64,16,qr,1,0.653334,0.647042,0.664750,25
0,64,64,16,gk,1,0.372750,0.368500,0.376833,25
0,64,64,16,gk_vals,1,0.281417,0.272333,0.288208,25
0,64,64,16,cpu_vals,1,0.163958,0.161334,0.175208,25
0,64,64,16,gk_share,1,0.470334,0.466042,0.474166,25
0,64,64,16,gk_share_vals,1,0.378791,0.375750,0.379875,25
0,64,64,16,cpu,1,0.255167,0.250875,0.256666,25
0,16,40,40,jacobi,1,0.966750,0.574250,1.037458,25
0,16,40,40,block,1,2.487459,2.467125,2.504917,25
0,16,40,40,gk,1,0.868666,0.854084,0.917333,25
0,16,40,40,gk_vals,1,0.719666,0.704708,0.729334,25
0,16,40,40,cpu_vals,1,0.153667,0.136833,0.252416,25
0,16,40,40,cpu,1,0.241958,0.240416,0.248458,25
0,1,512,256,jacobi,1,48.119500,48.103750,48.127417,5
0,1,512,256,block,1,12.320709,12.303625,12.433083,13
0,1,512,256,qr,1,31.823583,31.821375,31.828666,5
0,1,512,256,qrblock,1,12.127709,12.092917,12.236541,13
0,1,512,256,cpu,1,5.408333,5.251250,5.485667,25
0,1,512,256,bidiag,1,8.226334,8.137250,8.336396,19
0,1,512,256,bidiag_vals,1,5.889000,5.867542,5.963792,25
0,1,512,256,cpu_vals,1,2.416583,2.412375,2.424125,25
0,4096,40,40,jacobi,1,49.514250,49.506375,49.514250,5
0,4096,40,40,block,1,91.752209,91.584250,91.766000,5
0,4096,40,40,gk,1,18.264125,18.257333,18.319792,9
0,4096,40,40,gk_vals,1,7.386875,7.372083,7.398291,21
0,4096,40,40,cpu_vals,1,7.519417,7.439791,7.603167,21
0,4096,40,40,gk_share,1,12.942479,12.760833,13.240449,12
0,4096,40,40,gk_share_vals,1,4.513625,4.480083,4.620542,25
0,4096,40,40,cpu,1,23.784208,23.735229,24.100395,7
0,1024,256,8,jacobi,1,1.499792,1.457708,2.046292,25
0,1024,256,8,qr,1,2.293167,2.201208,2.388500,25
0,1024,256,8,gk,1,1.494041,1.450458,1.522041,25
0,1024,256,8,gk_vals,1,0.581125,0.578583,0.583208,25
0,1024,256,8,cpu_vals,1,0.781167,0.710667,1.133791,25
0,1024,256,8,gk_share,1,1.079291,1.067208,1.088041,25
0,1024,256,8,gk_share_vals,1,0.551167,0.546500,0.563917,25
0,1024,256,8,cpu,1,1.798791,1.261375,1.830667,25
0,256,128,32,jacobi,1,2.758042,2.748000,2.769750,25
0,256,128,32,block,1,3.632333,3.609042,3.688125,25
0,256,128,32,qr,1,3.169000,3.099667,3.220375,25
0,256,128,32,qrblock,1,3.889000,3.852583,3.961041,25
0,256,128,32,gk,1,2.271708,2.267625,2.294750,25
0,256,128,32,gk_vals,1,1.337291,1.320000,1.360250,25
0,256,128,32,cpu_vals,1,0.822375,0.704250,1.326959,25
0,256,128,32,gk_share,1,1.790584,1.752583,1.800916,25
0,256,128,32,gk_share_vals,1,1.153041,1.104125,1.168125,25
0,256,128,32,cpu,1,1.736334,1.711500,1.803292,25
0,1,16,16,jacobi,1,0.524583,0.515833,0.535833,25
0,1,16,16,gk,1,0.327459,0.313958,0.372583,25
0,1,16,16,gk_vals,1,0.256250,0.253084,0.268375,25
0,1,16,16,cpu_vals,1,0.008958,0.008875,0.009041,25
0,1,16,16,cpu,1,0.020042,0.020041,0.020125,25
0,1024,4,4,jacobi,1,0.380000,0.373416,0.384292,25
0,1024,4,4,gk,1,0.281166,0.261708,0.287208,25
0,1024,4,4,gk_vals,1,0.228125,0.223042,0.231958,25
0,1024,4,4,cpu_vals,1,0.218417,0.184625,0.663833,25
0,1024,4,4,gk_share,1,0.387792,0.379209,0.400375,25
0,1024,4,4,gk_share_vals,1,0.333791,0.324500,0.339292,25
0,1024,4,4,cpu,1,0.246000,0.244500,0.248458,25
0,4,1536,1536,cpu,1,227.230542,224.738833,227.820750,5
0,4,1536,1536,bidiag,1,324.336916,324.237541,324.760333,3
0,4,1536,1536,bidiag_vals,1,193.903250,193.821542,193.987000,5
0,4,1536,1536,cpu_vals,1,124.926750,119.559583,125.449833,5
0,256,128,16,jacobi,1,0.986458,0.951417,1.022833,25
0,256,128,16,qr,1,1.294666,1.285417,1.322000,25
0,256,128,16,gk,1,0.737000,0.733292,0.756625,25
0,256,128,16,gk_vals,1,0.444792,0.436375,0.509833,25
0,256,128,16,cpu_vals,1,0.343667,0.323375,0.652625,25
0,256,128,16,gk_share,1,0.640167,0.634041,0.652959,25
0,256,128,16,gk_share_vals,1,0.431084,0.427083,0.439292,25
0,256,128,16,cpu,1,0.707458,0.687083,0.730708,25
0,1,1024,256,jacobi,1,85.945041,85.927500,85.962709,5
0,1,1024,256,block,1,15.713750,15.687145,15.807282,10
0,1,1024,256,qr,1,31.311792,31.309959,31.364000,5
0,1,1024,256,qrblock,1,14.053042,13.977542,14.118333,11
0,1,1024,256,cpu,1,6.530938,6.422948,6.612302,24
0,1,1024,256,bidiag,1,9.427812,9.398698,9.507510,16
0,1,1024,256,bidiag_vals,1,7.067334,7.026458,7.122375,22
0,1,1024,256,cpu_vals,1,2.975583,2.973000,2.980541,25
0,64,512,16,jacobi,1,0.657917,0.651333,0.723916,25
0,64,512,16,qr,1,1.046750,1.033916,1.066334,25
0,64,512,16,gk,1,1.100959,1.073084,1.117375,25
0,64,512,16,gk_vals,1,0.682250,0.592125,0.711250,25
0,64,512,16,cpu_vals,1,0.287625,0.265708,0.658042,25
0,64,512,16,gk_share,1,1.223125,1.197833,1.290000,25
0,64,512,16,gk_share_vals,1,0.707584,0.691041,0.731000,25
0,64,512,16,cpu,1,0.642291,0.467083,0.674417,25
0,16,24,24,jacobi,1,0.798583,0.322958,0.847291,25
0,16,24,24,gk,1,0.511500,0.508500,0.513792,25
0,16,24,24,gk_vals,1,0.362458,0.356916,0.365125,25
0,16,24,24,cpu_vals,1,0.103083,0.094625,0.124042,25
0,16,24,24,cpu,1,0.162000,0.157333,0.167417,25
0,1,256,64,jacobi,1,1.448917,1.438333,1.454042,25
0,1,256,64,block,1,3.123750,3.098958,3.174750,25
0,1,256,64,qr,1,1.337000,1.308583,1.375750,25
0,1,256,64,qrblock,1,2.777625,2.746625,2.834417,25
0,1,256,64,gk,1,2.154917,2.151208,2.159500,25
0,1,256,64,gk_vals,1,1.560125,1.544834,1.566000,25
0,1,256,64,cpu_vals,1,0.125208,0.125042,0.125792,25
0,1,256,64,cpu,1,0.301333,0.297542,0.304708,25
0,64,512,256,jacobi,1,441.196916,440.641958,441.604000,3
0,64,512,256,block,1,102.525708,102.415208,102.632125,5
0,64,512,256,qr,1,275.948875,274.548542,276.706500,5
0,64,512,256,qrblock,1,84.305834,84.178208,84.353833,5
0,64,512,256,cpu,1,30.907417,30.659542,30.909292,5
0,64,512,256,bidiag,1,410.961292,410.350416,411.742792,3
0,64,512,256,bidiag_vals,1,319.533167,318.487958,321.036687,3
0,64,512,256,cpu_vals,1,14.767125,14.604250,14.894188,11
0,1,256,8,jacobi,1,0.458458,0.434125,0.493292,25
0,1,256,8,qr,1,0.403416,0.391459,0.405833,25
0,1,256,8,gk,1,0.258500,0.257000,0.266375,25
0,1,256,8,gk_vals,1,0.256958,0.252208,0.268542,25
0,1,256,8,cpu_vals,1,0.009417,0.009375,0.009458,25
0,1,256,8,cpu,1,0.018041,0.017709,0.018084,25
0,4,2048,256,jacobi,1,206.631291,206.595917,206.676625,5
0,4,2048,256,block,1,30.112209,30.074375,30.162542,5
0,4,2048,256,qr,1,35.755292,35.625709,36.900250,5
0,4,2048,256,qrblock,1,19.430791,19.232812,19.519740,8
0,4,2048,256,cpu,1,10.564500,10.409896,10.652458,15
0,4,2048,256,bidiag,1,43.126084,42.797375,43.217458,5
0,4,2048,256,bidiag_vals,1,36.342917,36.313792,36.572458,5
0,4,2048,256,cpu_vals,1,5.444083,5.248625,5.520750,25
0,4096,128,8,jacobi,1,2.924791,2.907208,2.945958,25
0,4096,128,8,qr,1,5.128042,5.055000,5.458375,25
0,4096,128,8,gk,1,2.884083,2.848084,2.915625,25
0,4096,128,8,gk_vals,1,1.178959,1.120375,1.489917,25
0,4096,128,8,cpu_vals,1,1.987792,1.968500,2.074375,25
0,4096,128,8,gk_share,1,2.755750,2.746500,2.788292,25
0,4096,128,8,gk_share_vals,1,1.272750,1.261208,1.284292,25
0,4096,128,8,cpu,1,3.560041,3.529458,3.605000,25
0,64,32,32,jacobi,1,1.034458,0.983833,1.087084,25
0,64,32,32,block,1,2.284458,2.227667,2.340292,25
0,64,32,32,gk,1,0.762917,0.709250,0.809834,25
0,64,32,32,gk_vals,1,0.487583,0.484750,0.493667,25
0,64,32,32,cpu_vals,1,0.199250,0.188833,0.206875,25
0,64,32,32,gk_share,1,0.879208,0.802959,0.905584,25
0,64,32,32,gk_share_vals,1,0.578250,0.574500,0.590958,25
0,64,32,32,cpu,1,0.398084,0.389375,0.643167,25
0,4,1024,128,jacobi,1,19.399271,19.372146,19.408542,8
0,4,1024,128,block,1,9.084500,8.910666,9.220417,17
0,4,1024,128,qr,1,6.565042,6.523770,6.591938,24
0,4,1024,128,qrblock,1,7.703000,7.586146,7.819709,20
0,4,1024,128,cpu,1,2.689542,2.634625,2.760416,25
0,4,1024,128,bidiag,1,13.717625,13.693334,13.720187,11
0,4,1024,128,bidiag_vals,1,11.992209,11.861000,12.019042,13
0,4,1024,128,cpu_vals,1,1.427458,1.386334,1.475084,25
0,1,80,80,jacobi,1,1.682458,1.671875,1.690208,25
0,1,80,80,block,1,3.997125,3.923708,4.082708,25
0,1,80,80,gk,1,2.448084,2.444333,2.449958,25
0,1,80,80,gk_vals,1,1.841083,1.838042,1.852833,25
0,1,80,80,cpu_vals,1,0.194000,0.192208,0.194542,25
0,1,80,80,cpu,1,0.363334,0.360167,0.367667,25
0,16,256,16,jacobi,1,0.416041,0.385750,0.619625,25
0,16,256,16,qr,1,0.562708,0.557750,0.595750,25
0,16,256,16,gk,1,0.385500,0.382667,0.388750,25
0,16,256,16,gk_vals,1,0.298042,0.293875,0.300875,25
0,16,256,16,cpu_vals,1,0.153458,0.134791,0.253959,25
0,16,256,16,cpu,1,0.194208,0.190042,0.202291,25
0,4,128,64,jacobi,1,1.244084,1.237625,1.298916,25
0,4,128,64,block,1,2.619250,2.596291,2.670625,25
0,4,128,64,qr,1,1.420167,1.399375,1.479334,25
0,4,128,64,qrblock,1,2.857583,2.814334,2.936458,25
0,4,128,64,gk,1,2.191875,2.186875,2.195250,25
0,4,128,64,gk_vals,1,1.580542,1.568083,1.618958,25
0,4,128,64,cpu_vals,1,0.161959,0.160917,0.165375,25
0,4,128,64,cpu,1,0.343959,0.342667,0.346042,25
0,64,40,40,jacobi,1,1.312167,1.300209,1.362958,25
0,64,40,40,block,1,3.577167,3.462417,3.626375,25
0,64,40,40,gk,1,0.923208,0.894666,0.970083,25
0,64,40,40,gk_vals,1,0.735042,0.689083,0.739125,25
0,64,40,40,cpu_vals,1,0.227584,0.216709,0.646000,25
0,64,40,40,gk_share,1,1.049208,1.032666,1.077208,25
0,64,40,40,gk_share_vals,1,0.805459,0.723792,0.826375,25
0,64,40,40,cpu,1,0.579416,0.530500,0.664958,25
0,256,32,8,jacobi,1,0.667958,0.635500,0.766292,25
0,256,32,8,qr,1,0.632583,0.620459,0.656667,25
0,256,32,8,gk,1,0.263084,0.259666,0.266875,25
0,256,32,8,gk_vals,1,0.198208,0.189375,0.207666,25
0,256,32,8,cpu_vals,1,0.185000,0.181875,0.188875,25
0,256,32,8,gk_share,1,0.401042,0.398083,0.407541,25
0,256,32,8,gk_share_vals,1,0.350750,0.343458,0.354042,25
0,256,32,8,cpu,1,0.256334,0.253916,0.262875,25
0,1,4096,4096,cpu,1,3422.311916,3416.897229,3424.735208,3
0,1,4096,4096,bidiag,1,1513.622000,1512.503312,1514.972583,3
0,1,4096,4096,bidiag_vals,1,807.932959,807.655855,808.925417,3
0,1,4096,4096,cpu_vals,1,1878.011125,1875.560396,1880.122375,3
0,4,4,4,jacobi,1,0.257875,0.246416,0.261875,25
0,4,4,4,gk,1,0.279042,0.275250,0.289709,25
0,4,4,4,gk_vals,1,0.176083,0.168500,0.215084,25
0,4,4,4,cpu_vals,1,0.019500,0.018000,0.019834,25
0,4,4,4,cpu,1,0.024584,0.024042,0.025042,25
0,1,256,16,jacobi,1,0.821875,0.744416,0.843292,25
0,1,256,16,qr,1,0.444750,0.438917,0.461750,25
0,1,256,16,gk,1,0.348167,0.339041,0.365708,25
0,1,256,16,gk_vals,1,0.259625,0.254750,0.265167,25
0,1,256,16,cpu_vals,1,0.017500,0.017458,0.017541,25
0,1,256,16,cpu,1,0.054958,0.054500,0.055834,25
0,4096,256,8,jacobi,1,4.753042,4.681167,4.826917,25
0,4096,256,8,qr,1,8.529917,8.388282,8.572073,18
0,4096,256,8,gk,1,5.225209,5.189041,5.275625,25
0,4096,256,8,gk_vals,1,1.891084,1.853458,2.272166,25
0,4096,256,8,cpu_vals,1,2.313875,2.041875,2.350667,25
0,4096,256,8,gk_share,1,3.651083,3.635917,3.713459,25
0,4096,256,8,gk_share_vals,1,1.923125,1.878208,1.953958,25
0,4096,256,8,cpu,1,4.557209,4.513417,4.571125,25
0,64,384,384,jacobi,1,1175.835958,1175.388500,1176.902062,3
0,64,384,384,block,1,274.024958,273.868625,274.047750,5
0,64,384,384,cpu,1,45.264292,45.027666,46.068708,5
0,64,384,384,bidiag,1,444.784458,444.716895,445.092688,3
0,64,384,384,bidiag_vals,1,350.316125,350.216250,350.475937,3
0,64,384,384,cpu_vals,1,24.196209,23.997250,24.377021,7
0,1,64,64,jacobi,1,1.075459,1.041167,1.118959,25
0,1,64,64,block,1,3.008625,2.974958,3.048833,25
0,1,64,64,gk,1,1.704542,1.668584,1.711084,25
0,1,64,64,gk_vals,1,1.327834,1.318333,1.356667,25
0,1,64,64,cpu_vals,1,0.071583,0.070750,0.073375,25
0,1,64,64,cpu,1,0.197625,0.195959,0.200750,25
0,1,32,8,jacobi,1,0.202833,0.190459,0.208625,25
0,1,32,8,qr,1,0.407291,0.395833,0.447292,25
0,1,32,8,gk,1,0.251375,0.239334,0.269250,25
0,1,32,8,gk_vals,1,0.208208,0.202834,0.252750,25
0,1,32,8,cpu_vals,1,0.006041,0.006000,0.006083,25
0,1,32,8,cpu,1,0.010500,0.010458,0.010625,25
0,16,4,4,jacobi,1,0.272250,0.259208,0.276708,25
0,16,4,4,gk,1,0.206500,0.194958,0.309125,25
0,16,4,4,gk_vals,1,0.182417,0.178500,0.191542,25
0,16,4,4,cpu_vals,1,0.027041,0.026792,0.027375,25
0,16,4,4,cpu,1,0.037958,0.037583,0.042084,25
0,1,1024,64,jacobi,1,4.489792,4.485000,4.497708,25
0,1,1024,64,block,1,5.133292,5.021875,5.181292,25
0,1,1024,64,qr,1,1.560583,1.510291,1.611042,25
0,1,1024,64,qrblock,1,2.857166,2.839792,2.881209,25
0,1,1024,64,gk,1,2.489125,2.482208,2.493666,25
0,1,1024,64,gk_vals,1,1.867166,1.861000,1.871708,25
0,1,1024,64,cpu_vals,1,0.268000,0.266458,0.269917,25
0,1,1024,64,cpu,1,0.586708,0.582875,0.588542,25
0,4096,64,8,jacobi,1,2.018334,1.995542,2.048500,25
0,4096,64,8,qr,1,3.347750,3.233042,3.481375,25
0,4096,64,8,gk,1,1.856584,1.830417,1.884584,25
0,4096,64,8,gk_vals,1,0.804209,0.751500,0.856208,25
0,4096,64,8,cpu_vals,1,1.799541,1.284958,1.859541,25
0,4096,64,8,gk_share,1,1.716833,1.705542,1.729125,25
0,4096,64,8,gk_share_vals,1,1.011208,0.980500,1.028542,25
0,4096,64,8,cpu,1,2.953167,2.458125,2.979083,25
0,256,512,128,jacobi,1,311.451041,310.605479,312.300000,3
0,256,512,128,block,1,83.478666,83.418375,83.569833,5
0,256,512,128,qr,1,134.828250,133.867209,135.238000,5
0,256,512,128,qrblock,1,68.670542,68.437208,68.757583,5
0,256,512,128,cpu,1,42.564541,42.529209,42.865458,5
0,256,512,128,bidiag,1,730.884666,730.848749,731.593603,3
0,256,512,128,bidiag_vals,1,565.835083,565.651687,565.972708,3
0,256,512,128,cpu_vals,1,21.577792,21.374437,21.685187,7
0,4,384,384,jacobi,1,126.921584,126.890667,126.961375,5
0,4,384,384,block,1,28.799333,28.748021,28.910114,6
0,4,384,384,cpu,1,8.713750,8.675678,8.791291,18
0,4,384,384,bidiag,1,29.452937,29.383687,29.500188,6
0,4,384,384,bidiag_vals,1,22.971417,22.883354,23.001959,7
0,4,384,384,cpu_vals,1,4.233250,4.184875,4.374750,25
0,256,512,64,jacobi,1,36.589500,36.460000,38.221167,5
0,256,512,64,block,1,19.746708,19.653781,19.879604,8
0,256,512,64,qr,1,22.915375,21.666437,24.474646,7
0,256,512,64,qrblock,1,20.195188,19.930645,20.309729,8
0,256,512,64,gk,1,18.103125,18.022916,18.232250,9
0,256,512,64,gk_vals,1,12.094584,11.944791,12.211791,13
0,256,512,64,cpu_vals,1,5.597833,5.494083,5.659000,25
0,256,512,64,gk_share,1,16.513875,15.875636,16.593395,10
0,256,512,64,gk_share_vals,1,10.165708,10.008104,10.339834,15
0,256,512,64,cpu,1,11.642625,11.554667,11.818334,13
0,64,128,8,jacobi,1,0.437250,0.424959,0.454917,25
0,64,128,8,qr,1,0.533375,0.517333,0.598667,25
0,64,128,8,gk,1,0.250000,0.246042,0.254417,25
0,64,128,8,gk_vals,1,0.208042,0.193083,0.212166,25
0,64,128,8,cpu_vals,1,0.256167,0.157750,0.319958,25
0,64,128,8,gk_share,1,0.353375,0.351333,0.355709,25
0,64,128,8,gk_share_vals,1,0.309250,0.305667,0.311958,25
0,64,128,8,cpu,1,0.189792,0.186042,0.193209,25
0,4,24,24,jacobi,1,0.540542,0.316125,0.585709,25
0,4,24,24,gk,1,0.549667,0.527250,0.559250,25
0,4,24,24,gk_vals,1,0.367542,0.352750,0.371333,25
0,4,24,24,cpu_vals,1,0.032583,0.031041,0.034250,25
0,4,24,24,cpu,1,0.063084,0.062500,0.064208,25
0,1024,64,32,jacobi,1,7.984917,7.944021,8.044833,19
0,1024,64,32,block,1,7.255625,7.218833,7.393500,21
0,1024,64,32,qr,1,9.835187,9.778833,9.891677,16
0,1024,64,32,qrblock,1,9.078333,8.847584,9.432667,17
0,1024,64,32,gk,1,4.253666,4.249542,4.261041,25
0,1024,64,32,gk_vals,1,2.357916,2.336875,2.370375,25
0,1024,64,32,cpu_vals,1,2.505125,1.988541,2.528583,25
0,1024,64,32,gk_share,1,4.360250,3.758750,4.456959,25
0,1024,64,32,gk_share_vals,1,1.842792,1.778667,1.891500,25
0,1024,64,32,cpu,1,5.441584,5.400167,5.932667,25
0,4,192,192,jacobi,1,15.357563,15.344583,15.360479,10
0,4,192,192,block,1,9.822854,9.770906,9.865709,16
0,4,192,192,cpu,1,2.003791,1.993583,2.022041,25
0,4,192,192,bidiag,1,13.602792,13.509937,13.668667,12
0,4,192,192,bidiag_vals,1,10.492750,10.441125,10.547604,15
0,4,192,192,cpu_vals,1,1.120250,1.113000,1.132625,25
0,64,512,512,jacobi,1,4116.718625,4116.374625,4116.763709,3
0,64,512,512,block,1,629.372042,629.249646,629.573437,3
0,64,512,512,cpu,1,101.734750,100.955250,102.119084,5
0,64,512,512,bidiag,1,624.847625,624.252271,625.605021,3
0,64,512,512,bidiag_vals,1,482.440416,482.429458,482.687792,3
0,64,512,512,cpu_vals,1,52.347416,52.092459,52.364792,5
0,1,192,192,jacobi,1,14.876709,14.864250,14.897562,11
0,1,192,192,block,1,9.342292,9.224125,9.387375,17
0,1,192,192,cpu,1,1.917084,1.901833,1.929250,25
0,1,192,192,bidiag,1,4.165792,4.153792,4.215583,25
0,1,192,192,bidiag_vals,1,2.816292,2.809000,2.823959,25
0,1,192,192,cpu_vals,1,0.856417,0.849708,0.860125,25
0,256,256,128,jacobi,1,123.951833,123.457833,127.307000,5
0,256,256,128,block,1,56.250791,56.120625,56.423459,5
0,256,256,128,qr,1,123.712625,123.159209,124.433667,5
0,256,256,128,qrblock,1,55.933417,55.618708,56.063458,5
0,256,256,128,cpu,1,32.529208,32.205167,32.589875,5
0,256,256,128,bidiag,1,652.736125,652.623729,653.043021,3
0,256,256,128,bidiag_vals,1,490.659167,490.336813,490.765750,3
0,256,256,128,cpu_vals,1,17.388000,17.310209,17.543750,9
0,64,2048,256,jacobi,1,2367.927750,2367.032250,2370.649250,3
0,64,2048,256,block,1,279.809042,279.741583,280.565875,5
0,64,2048,256,qr,1,312.997708,312.331875,313.122083,3
0,64,2048,256,qrblock,1,137.369375,137.038875,137.654042,5
0,64,2048,256,cpu,1,70.689792,68.604250,71.078792,5
0,64,2048,256,bidiag,1,656.218625,655.991625,657.685416,3
0,64,2048,256,bidiag_vals,1,564.434916,564.346562,564.483874,3
0,64,2048,256,cpu_vals,1,30.635125,30.315292,30.725375,5
0,16,2048,64,jacobi,1,19.562083,19.542094,19.619573,8
0,16,2048,64,block,1,10.293166,10.207687,10.417666,15
0,16,2048,64,qr,1,5.099625,5.010541,5.171792,25
0,16,2048,64,qrblock,1,6.833708,6.712937,6.886313,23
0,16,2048,64,gk,1,6.101667,6.033875,6.177791,25
0,16,2048,64,gk_vals,1,4.693000,4.627667,4.756875,25
0,16,2048,64,cpu_vals,1,1.744583,1.733166,1.771458,25
0,16,2048,64,cpu,1,3.182292,3.131042,3.246667,25
0,1,40,40,jacobi,1,0.869334,0.532084,0.971459,25
0,1,40,40,block,1,2.508750,2.461209,2.542542,25
0,1,40,40,gk,1,0.842666,0.794000,0.857958,25
0,1,40,40,gk_vals,1,0.685416,0.636833,0.718917,25
0,1,40,40,cpu_vals,1,0.027000,0.026875,0.027583,25
0,1,40,40,cpu,1,0.086167,0.085708,0.086750,25
0,16,512,128,jacobi,1,13.789208,13.783124,13.803583,11
0,16,512,128,block,1,8.792041,8.676489,8.896375,18
0,16,512,128,qr,1,7.094959,7.061261,7.183730,22
0,16,512,128,qrblock,1,8.767479,8.692812,8.814240,18
0,16,512,128,cpu,1,3.680333,3.311333,4.293417,25
0,16,512,128,bidiag,1,45.816375,45.770291,45.825875,5
0,16,512,128,bidiag_vals,1,35.985333,35.844750,36.072667,5
0,16,512,128,cpu_vals,1,2.229584,2.130750,2.872417,25
0,1024,512,256,qrblock,1,1400.978292,1396.443376,1403.154750,3
0,1024,512,256,cpu,1,441.626000,441.582229,442.771562,3
0,4,512,32,jacobi,1,0.895500,0.730667,1.133750,25
0,4,512,32,block,1,2.791333,2.766291,2.810167,25
0,4,512,32,qr,1,0.718833,0.709458,0.725459,25
0,4,512,32,qrblock,1,2.155292,2.106500,2.198459,25
0,4,512,32,gk,1,1.178833,1.140333,1.235875,25
0,4,512,32,gk_vals,1,0.725792,0.717917,0.731834,25
0,4,512,32,cpu_vals,1,0.137250,0.133209,0.139542,25
0,4,512,32,cpu,1,0.240584,0.238958,0.244708,25
0,4096,64,32,jacobi,1,28.245416,28.153333,28.534000,6
0,4096,64,32,block,1,25.116813,25.033031,25.143344,6
0,4096,64,32,qr,1,31.188834,31.168583,31.210333,5
0,4096,64,32,qrblock,1,27.243479,27.138979,27.347511,6
0,4096,64,32,gk,1,15.518604,15.478156,15.535843,10
0,4096,64,32,gk_vals,1,7.913292,7.907584,7.936479,19
0,4096,64,32,cpu_vals,1,7.492521,7.436073,7.593885,20
0,4096,64,32,gk_share,1,11.467500,11.160084,11.655833,13
0,4096,64,32,gk_share_vals,1,4.860042,4.742292,5.001583,25
0,4096,64,32,cpu,1,21.307938,21.246292,21.459312,8
0,16,64,32,jacobi,1,0.518625,0.415709,1.241209,25
0,16,64,32,block,1,2.062584,2.042916,2.126208,25
0,16,64,32,qr,1,0.628792,0.621916,0.646125,25
0,16,64,32,qrblock,1,2.267667,2.235000,2.302458,25
0,16,64,32,gk,1,0.788042,0.746917,0.826541,25
0,16,64,32,gk_vals,1,0.529417,0.519125,0.534417,25
0,16,64,32,cpu_vals,1,0.138458,0.132291,0.149375,25
0,16,64,32,cpu,1,0.229625,0.225917,0.232750,25
0,64,4,4,jacobi,1,0.200000,0.189000,0.212458,25
0,64,4,4,gk,1,0.218708,0.204125,0.224459,25
0,64,4,4,gk_vals,1,0.194875,0.178542,0.198416,25
0,64,4,4,cpu_vals,1,0.103375,0.092625,0.104791,25
0,64,4,4,gk_share,1,0.283125,0.279458,0.287791,25
0,64,4,4,gk_share_vals,1,0.138875,0.133708,0.146083,25
0,64,4,4,cpu,1,0.139750,0.080291,0.144625,25
0,64,16,16,jacobi,1,0.740750,0.638500,0.864792,25
0,64,16,16,gk,1,0.356334,0.351375,0.367666,25
0,64,16,16,gk_vals,1,0.268167,0.263458,0.270167,25
0,64,16,16,cpu_vals,1,0.169875,0.128625,0.281666,25
0,64,16,16,gk_share,1,0.445167,0.443167,0.452000,25
0,64,16,16,gk_share_vals,1,0.360042,0.354042,0.364083,25
0,64,16,16,cpu,1,0.182167,0.176958,0.195500,25
0,4096,256,32,jacobi,1,86.998250,86.855625,87.081417,5
0,4096,256,32,block,1,51.092833,50.922000,51.277292,5
0,4096,256,32,qr,1,49.447708,49.333333,49.675166,5
0,4096,256,32,qrblock,1,45.232084,44.967500,45.695916,5
0,4096,256,32,gk,1,35.684291,35.352750,35.813333,5
0,4096,256,32,gk_vals,1,18.291500,18.185958,18.354541,9
0,4096,256,32,cpu_vals,1,13.973291,13.931313,14.048708,11
0,4096,256,32,gk_share,1,29.219750,28.725958,30.021250,5
0,4096,256,32,gk_share_vals,1,16.369688,15.856969,16.600302,10
0,4096,256,32,cpu,1,32.558917,32.405750,34.475958,5
0,1,256,128,jacobi,1,5.657667,5.645792,5.666000,25
0,1,256,128,block,1,5.699666,5.614625,5.755875,25
0,1,256,128,qr,1,4.753125,4.745792,4.768041,25
0,1,256,128,qrblock,1,5.695500,5.612875,5.787542,25
0,1,256,128,cpu,1,1.345666,1.342583,1.350958,25
0,1,256,128,bidiag,1,2.965458,2.948917,3.000916,25
0,1,256,128,bidiag_vals,1,2.099333,2.096250,2.155000,25
0,1,256,128,cpu_vals,1,0.785917,0.783542,0.788542,25
0,4096,256,128,jacobi,1,2092.210209,2091.304230,2093.880688,3
0,4096,256,128,block,1,866.269750,865.894271,867.521813,3
0,4096,256,128,qr,1,1932.241750,1931.373646,1932.720125,3
0,4096,256,128,qrblock,1,807.333250,807.009021,807.820875,3
0,4096,256,128,cpu,1,457.278459,456.508584,458.162209,3
0,4096,8,8,jacobi,1,1.419000,1.399291,1.460000,25
0,4096,8,8,gk,1,0.948334,0.904625,0.954625,25
0,4096,8,8,gk_vals,1,0.498500,0.495833,0.588125,25
0,4096,8,8,cpu_vals,1,0.839959,0.828792,0.889334,25
0,4096,8,8,gk_share,1,0.932000,0.922750,1.012875,25
0,4096,8,8,gk_share_vals,1,0.610958,0.608250,0.619125,25
0,4096,8,8,cpu,1,1.488125,1.437750,1.631792,25
0,256,2048,64,jacobi,1,325.372416,325.303875,326.255624,3
0,256,2048,64,block,1,59.929292,59.676375,60.656750,5
0,256,2048,64,qr,1,53.643667,53.368834,53.810500,5
0,256,2048,64,qrblock,1,55.689917,55.220166,58.536125,5
0,256,2048,64,gk,1,53.338125,53.259708,53.550084,5
0,256,2048,64,gk_vals,1,36.605625,36.483292,37.180584,5
0,256,2048,64,cpu_vals,1,17.537042,17.477917,17.661000,9
0,256,2048,64,gk_share,1,48.864000,48.328792,51.743166,5
0,256,2048,64,gk_share_vals,1,30.143833,29.339041,30.243917,5
0,256,2048,64,cpu,1,35.592292,35.318667,36.009042,5
0,4,2048,2048,cpu,1,772.175416,771.443125,779.074708,3
0,4,2048,2048,bidiag,1,666.353791,666.094896,667.441187,3
0,4,2048,2048,bidiag_vals,1,368.657750,368.484334,368.717042,3
0,4,2048,2048,cpu_vals,1,440.762875,437.813063,445.158334,3
0,1024,2048,64,jacobi,0,0,0,0,0
0,1024,2048,64,block,0,0,0,0,0
0,1024,2048,64,qr,0,0,0,0,0
0,1024,2048,64,qrblock,0,0,0,0,0
0,1024,2048,64,gk,0,0,0,0,0
0,1024,2048,64,gk_vals,0,0,0,0,0
0,1024,2048,64,cpu_vals,0,0,0,0,0
0,1024,2048,64,gk_share,0,0,0,0,0
0,1024,2048,64,gk_share_vals,0,0,0,0,0
0,1024,2048,64,cpu,0,0,0,0,0
0,1024,1024,64,jacobi,1,624.594542,623.379167,624.972563,3
0,1024,1024,64,block,1,121.115041,121.026833,121.987292,5
0,1024,1024,64,qr,1,114.201708,112.928667,114.771250,5
0,1024,1024,64,qrblock,1,90.733083,90.043875,91.526084,5
0,1024,1024,64,gk,1,87.197750,87.176042,87.770875,5
0,1024,1024,64,gk_vals,1,47.639916,47.279791,48.127958,5
0,1024,1024,64,cpu_vals,1,33.512500,33.462916,33.686291,5
0,1024,1024,64,gk_share,1,68.874291,68.473500,69.640166,5
0,1024,1024,64,gk_share_vals,1,45.491417,40.436625,45.859750,5
0,1024,1024,64,cpu,1,69.079708,68.585250,69.370208,5
0,1024,64,64,jacobi,1,52.383333,51.618375,53.338291,5
0,1024,64,64,block,1,30.290375,30.168792,30.304417,5
0,1024,64,64,gk,1,17.520083,17.497750,17.535083,9
0,1024,64,64,gk_vals,1,7.767250,7.756000,7.775240,20
0,1024,64,64,cpu_vals,1,5.003667,4.818500,5.078291,25
0,1024,64,64,gk_share,1,9.202042,8.977500,9.250667,17
0,1024,64,64,gk_share_vals,1,3.793750,3.775375,3.818209,25
0,1024,64,64,cpu,1,14.185500,13.853271,14.431500,11
0,1,256,32,jacobi,1,0.691875,0.613750,0.714125,25
0,1,256,32,block,1,2.333333,2.309041,2.437167,25
0,1,256,32,qr,1,0.590459,0.579833,0.597417,25
0,1,256,32,qrblock,1,2.270792,2.196458,2.378791,25
0,1,256,32,gk,1,1.063791,1.055709,1.115125,25
0,1,256,32,gk_vals,1,0.604708,0.602750,0.606292,25
0,1,256,32,cpu_vals,1,0.053333,0.053167,0.053500,25
0,1,256,32,cpu,1,0.115042,0.114334,0.116042,25
0,64,2048,128,jacobi,1,419.637250,419.485854,420.494292,3
0,64,2048,128,block,1,67.100916,66.707167,67.594417,5
0,64,2048,128,qr,1,58.553375,57.955750,59.071041,5
0,64,2048,128,qrblock,1,43.150250,42.558083,43.771167,5
0,64,2048,128,cpu,1,29.183021,29.040990,29.284428,6
0,64,2048,128,bidiag,1,316.878625,316.784063,317.126104,3
0,64,2048,128,bidiag_vals,1,270.698166,268.839084,270.705292,5
0,64,2048,128,cpu_vals,1,12.278750,12.230542,12.338167,13
0,64,512,64,jacobi,1,11.270709,11.103917,11.428167,14
0,64,512,64,block,1,6.663084,6.593333,6.725917,23
0,64,512,64,qr,1,6.803208,6.672771,6.924490,22
0,64,512,64,qrblock,1,7.399500,7.229334,7.558875,21
0,64,512,64,gk,1,6.144875,6.078708,6.188584,25
0,64,512,64,gk_vals,1,4.687125,4.599666,4.743041,25
0,64,512,64,cpu_vals,1,1.727666,1.595583,1.788875,25
0,64,512,64,gk_share,1,5.917333,5.833833,5.974542,25
0,64,512,64,gk_share_vals,1,4.282750,4.211958,4.359834,25
0,64,512,64,cpu,1,3.703541,3.350667,4.130792,25
0,1,24,24,jacobi,1,0.283250,0.276334,0.752500,25
0,1,24,24,gk,1,0.517125,0.500833,0.529459,25
0,1,24,24,gk_vals,1,0.357958,0.350167,0.368459,25
0,1,24,24,cpu_vals,1,0.012958,0.012916,0.013041,25
0,1,24,24,cpu,1,0.034375,0.034209,0.035542,25
0,256,1024,256,jacobi,1,3486.265208,3483.545625,3486.829916,3
0,256,1024,256,block,1,647.351250,647.243917,649.350729,3
0,256,1024,256,qr,1,1090.829250,1087.156542,1095.230855,3
0,256,1024,256,qrblock,1,399.909542,399.303354,403.783750,3
0,256,1024,256,cpu,1,160.957208,160.614833,162.502292,5
0,4096,64,16,jacobi,1,7.008938,6.951406,7.031208,22
0,4096,64,16,qr,1,8.859542,8.814083,8.955459,17
0,4096,64,16,gk,1,5.016417,4.705792,5.059000,25
0,4096,64,16,gk_vals,1,1.927666,1.923959,1.942000,25
0,4096,64,16,cpu_vals,1,3.193083,3.135083,3.284584,25
0,4096,64,16,gk_share,1,3.984458,3.952792,4.038500,25
0,4096,64,16,gk_share_vals,1,1.822042,1.803250,1.872250,25
0,4096,64,16,cpu,1,7.877521,7.401927,7.919604,20
0,16,1024,64,jacobi,1,5.289959,5.275375,5.304833,25
0,16,1024,64,block,1,6.297959,6.196052,6.417125,24
0,16,1024,64,qr,1,3.420167,3.395584,3.523834,25
0,16,1024,64,qrblock,1,5.074292,4.980625,5.194625,25
0,16,1024,64,gk,1,4.501958,4.460917,4.538541,25
0,16,1024,64,gk_vals,1,3.053708,3.005125,3.593208,25
0,16,1024,64,cpu_vals,1,0.856375,0.815959,1.377792,25
0,16,1024,64,cpu,1,1.745542,1.693500,2.194334,25
0,64,256,16,jacobi,1,0.572792,0.481667,1.420667,25
0,64,256,16,qr,1,0.791958,0.769959,0.802833,25
0,64,256,16,gk,1,0.474083,0.467000,0.562417,25
0,64,256,16,gk_vals,1,0.315959,0.311208,0.320292,25
0,64,256,16,cpu_vals,1,0.190417,0.182250,0.220625,25
0,64,256,16,gk_share,1,0.564417,0.558583,0.574542,25
0,64,256,16,gk_share_vals,1,0.404875,0.400791,0.406541,25
0,64,256,16,cpu,1,0.329916,0.324292,0.335084,25
0,16,512,64,jacobi,1,2.262125,2.259250,2.275125,25
0,16,512,64,block,1,4.202333,4.165416,4.245750,25
0,16,512,64,qr,1,2.205583,2.173042,2.242084,25
0,16,512,64,qrblock,1,3.829791,3.761333,3.905500,25
0,16,512,64,gk,1,3.312625,3.241625,3.344250,25
0,16,512,64,gk_vals,1,2.438666,2.424792,2.463625,25
0,16,512,64,cpu_vals,1,0.614292,0.588500,0.697208,25
0,16,512,64,cpu,1,1.047459,1.020834,1.250917,25
0,1024,128,16,jacobi,1,2.735958,2.725875,2.758750,25
0,1024,128,16,qr,1,3.260916,3.213000,3.344083,25
0,1024,128,16,gk,1,2.094541,2.083917,2.110083,25
0,1024,128,16,gk_vals,1,0.979000,0.943542,0.989250,25
0,1024,128,16,cpu_vals,1,1.532333,0.986291,1.571917,25
0,1024,128,16,gk_share,1,1.668750,1.642833,1.676917,25
0,1024,128,16,gk_share_vals,1,0.939792,0.925333,0.948083,25
0,1024,128,16,cpu,1,2.916167,2.836875,2.936291,25
0,4,512,512,jacobi,1,327.039375,327.002834,327.165250,3
0,4,512,512,block,1,48.496959,48.429958,48.501166,5
0,4,512,512,cpu,1,18.532959,18.398208,18.598584,9
0,4,512,512,bidiag,1,43.549417,43.528834,43.682083,5
0,4,512,512,bidiag_vals,1,32.357833,32.313541,32.536750,5
0,4,512,512,cpu_vals,1,9.029500,8.945000,9.083833,17
0,4096,48,48,jacobi,1,79.946292,79.926750,80.020250,5
0,4096,48,48,block,1,97.976000,97.716875,98.041709,5
0,4096,48,48,gk,1,27.567479,27.542719,27.632802,6
0,4096,48,48,gk_vals,1,11.584666,11.557042,11.610917,13
0,4096,48,48,cpu_vals,1,10.270041,10.241083,10.322230,15
0,4096,48,48,gk_share,1,18.735937,18.445239,18.845709,8
0,4096,48,48,gk_share_vals,1,6.486521,6.460750,6.572875,22
0,4096,48,48,cpu,1,34.139500,33.585458,34.214292,5
0,16,32,16,jacobi,1,0.537834,0.527458,0.554000,25
0,16,32,16,qr,1,0.462875,0.456833,0.471625,25
0,16,32,16,gk,1,0.330500,0.324166,0.341208,25
0,16,32,16,gk_vals,1,0.263666,0.254792,0.273125,25
0,16,32,16,cpu_vals,1,0.086042,0.067834,0.141750,25
0,16,32,16,cpu,1,0.116833,0.111875,0.119792,25
0,1024,24,24,jacobi,1,4.009958,3.996208,4.023542,25
0,1024,24,24,gk,1,1.796875,1.778500,1.804834,25
0,1024,24,24,gk_vals,1,0.884000,0.849417,0.891250,25
0,1024,24,24,cpu_vals,1,0.899209,0.870334,0.923666,25
0,1024,24,24,gk_share,1,1.470167,1.460208,1.485292,25
0,1024,24,24,gk_share_vals,1,0.851292,0.845375,0.860833,25
0,1024,24,24,cpu,1,2.523208,2.518458,2.545167,25
0,1024,64,8,jacobi,1,0.699875,0.691750,0.762500,25
0,1024,64,8,qr,1,1.224083,1.208875,1.242083,25
0,1024,64,8,gk,1,0.615666,0.613250,0.619709,25
0,1024,64,8,gk_vals,1,0.337875,0.334625,0.339417,25
0,1024,64,8,cpu_vals,1,0.438000,0.391959,0.644875,25
0,1024,64,8,gk_share,1,0.736208,0.720541,0.741750,25
0,1024,64,8,gk_share_vals,1,0.431875,0.422833,0.437625,25
0,1024,64,8,cpu,1,0.735250,0.690291,0.777834,25
0,16,512,256,jacobi,1,93.849042,93.835125,93.861042,5
0,16,512,256,block,1,26.642521,26.609063,26.741417,6
0,16,512,256,qr,1,64.247417,64.066042,65.037459,5
0,16,512,256,qrblock,1,25.015291,24.496896,25.212812,7
0,16,512,256,cpu,1,8.863959,8.773292,8.966292,17
0,16,512,256,bidiag,1,104.469459,103.985500,104.498208,5
0,16,512,256,bidiag_vals,1,86.445917,86.407916,86.916333,5
0,16,512,256,cpu_vals,1,5.934000,5.660917,6.459875,25
0,64,512,32,jacobi,1,2.268625,2.250792,2.287417,25
0,64,512,32,block,1,3.662625,3.626708,3.717125,25
0,64,512,32,qr,1,2.133208,2.079125,2.185834,25
0,64,512,32,qrblock,1,3.231666,3.195208,3.262834,25
0,64,512,32,gk,1,2.200791,2.166583,2.227416,25
0,64,512,32,gk_vals,1,1.316542,1.295375,1.756500,25
0,64,512,32,cpu_vals,1,0.727083,0.563875,1.058208,25
0,64,512,32,gk_share,1,2.222208,2.188000,2.292042,25
0,64,512,32,gk_share_vals,1,1.365666,1.317833,1.417167,25
0,64,512,32,cpu,1,1.563375,1.079917,1.606750,25
0,1,1024,128,jacobi,1,18.389500,18.379625,18.391250,9
0,1,1024,128,block,1,8.779500,8.634614,8.818344,18
0,1,1024,128,qr,1,5.547541,5.545291,5.552625,25
0,1,1024,128,qrblock,1,6.492708,6.426042,6.547678,24
0,1,1024,128,cpu,1,2.161042,2.153417,2.167709,25
0,1,1024,128,bidiag,1,3.801459,3.793375,3.822208,25
0,1,1024,128,bidiag_vals,1,2.907708,2.902416,2.914667,25
0,1,1024,128,cpu_vals,1,1.157750,1.154250,1.160958,25
0,256,512,32,jacobi,1,11.929084,11.722292,12.060834,13
0,256,512,32,block,1,7.924875,7.858417,8.072021,19
0,256,512,32,qr,1,7.115291,6.979666,7.286125,21
0,256,512,32,qrblock,1,7.835271,7.669688,7.907844,20
0,256,512,32,gk,1,6.076875,5.880458,6.206750,25
0,256,512,32,gk_vals,1,4.031125,3.946709,4.075417,25
0,256,512,32,cpu_vals,1,1.974208,1.938334,2.032791,25
0,256,512,32,gk_share,1,5.450542,5.426166,5.513792,25
0,256,512,32,gk_share_vals,1,3.429000,3.311541,3.717334,25
0,256,512,32,cpu,1,3.931542,3.877000,3.999500,25
0,1,512,128,jacobi,1,10.248666,10.244729,10.262583,15
0,1,512,128,block,1,6.517083,6.477980,6.550958,23
0,1,512,128,qr,1,5.013125,5.007959,5.023916,25
0,1,512,128,qrblock,1,5.820250,5.765250,5.881834,25
0,1,512,128,cpu,1,1.649958,1.644167,1.658417,25
0,1,512,128,bidiag,1,3.289417,3.281667,3.302084,25
0,1,512,128,bidiag_vals,1,2.405417,2.399708,2.408166,25
0,1,512,128,cpu_vals,1,0.928125,0.925208,0.931750,25
0,16,512,512,jacobi,1,838.112708,837.997729,839.200187,3
0,16,512,512,block,1,153.030125,153.014750,153.284041,5
0,16,512,512,cpu,1,28.481437,28.391969,28.591125,6
0,16,512,512,bidiag,1,159.694875,159.544042,159.883500,5
0,16,512,512,bidiag_vals,1,122.088667,121.815209,122.147500,5
0,16,512,512,cpu_vals,1,15.645500,15.516969,15.805427,10
0,1024,8,8,jacobi,1,0.949375,0.513042,1.314500,25
0,1024,8,8,gk,1,0.376542,0.374208,0.381667,25
0,1024,8,8,gk_vals,1,0.269708,0.258417,0.274042,25
0,1024,8,8,cpu_vals,1,0.275709,0.269208,0.285625,25
0,1024,8,8,gk_share,1,0.595416,0.577833,0.615667,25
0,1024,8,8,gk_share_vals,1,0.363042,0.357708,0.372375,25
0,1024,8,8,cpu,1,0.488458,0.434667,0.602959,25
0,4,128,8,jacobi,1,0.406584,0.396500,0.414750,25
0,4,128,8,qr,1,0.429833,0.425250,0.558167,25
0,4,128,8,gk,1,0.240500,0.236417,0.245750,25
0,4,128,8,gk_vals,1,0.225584,0.202292,0.255000,25
0,4,128,8,cpu_vals,1,0.022083,0.018958,0.025041,25
0,4,128,8,cpu,1,0.041667,0.040375,0.043208,25
0,1,64,16,jacobi,1,0.523500,0.505625,0.553167,25
0,1,64,16,qr,1,0.435250,0.432750,0.440042,25
0,1,64,16,gk,1,0.348292,0.344208,0.358792,25
0,1,64,16,gk_vals,1,0.286416,0.278833,0.291209,25
0,1,64,16,cpu_vals,1,0.011667,0.011583,0.012125,25
0,1,64,16,cpu,1,0.036583,0.029834,0.037417,25
0,64,96,96,jacobi,1,8.547833,8.530042,8.570531,18
0,64,96,96,block,1,8.191000,8.119938,8.280562,19
0,64,96,96,cpu,1,2.948167,2.927417,2.960500,25
0,256,256,8,jacobi,1,0.527083,0.503500,1.283750,25
0,256,256,8,qr,1,0.974125,0.961834,1.000709,25
0,256,256,8,gk,1,0.514167,0.511542,0.517792,25
0,256,256,8,gk_vals,1,0.289292,0.283500,0.295042,25
0,256,256,8,cpu_vals,1,0.274666,0.232292,0.655958,25
0,256,256,8,gk_share,1,0.555542,0.540167,0.562959,25
0,256,256,8,gk_share_vals,1,0.369250,0.361208,0.387167,25
0,256,256,8,cpu,1,0.443166,0.439250,0.451625,25
0,1,96,96,jacobi,1,2.373792,2.369917,2.384042,25
0,1,96,96,block,1,4.103833,4.032417,4.175958,25
0,1,96,96,cpu,1,0.551209,0.548708,0.558667,25
0,256,256,32,jacobi,1,5.209417,5.174041,5.262916,25
0,256,256,32,block,1,4.738750,4.645250,4.817542,25
0,256,256,32,qr,1,4.943375,4.889167,5.101250,25
0,256,256,32,qrblock,1,5.474791,5.226916,5.728334,25
0,256,256,32,gk,1,3.925667,3.677167,4.043000,25
0,256,256,32,gk_vals,1,1.934084,1.829583,2.672083,25
0,256,256,32,cpu_vals,1,1.545834,1.084959,1.610375,25
0,256,256,32,gk_share,1,3.667542,3.605500,3.767917,25
0,256,256,32,gk_share_vals,1,1.811375,1.781625,2.047500,25
0,256,256,32,cpu,1,2.753542,2.306417,2.832042,25
0,256,16,8,jacobi,1,0.752291,0.666458,0.768084,25
0,256,16,8,qr,1,0.586958,0.575834,0.605875,25
0,256,16,8,gk,1,0.247792,0.245083,0.249583,25
0,256,16,8,gk_vals,1,0.199375,0.183000,0.203958,25
0,256,16,8,cpu_vals,1,0.162833,0.161083,0.168167,25
0,256,16,8,gk_share,1,0.394333,0.389958,0.407750,25
0,256,16,8,gk_share_vals,1,0.346208,0.342042,0.350250,25
0,256,16,8,cpu,1,0.227917,0.225708,0.233958,25
0,256,48,48,jacobi,1,5.553458,5.539459,5.563375,25
0,256,48,48,block,1,7.938083,7.838770,7.992875,19
0,256,48,48,gk,1,2.348333,2.346416,2.352875,25
0,256,48,48,gk_vals,1,1.227750,1.211917,1.264875,25
0,256,48,48,cpu_vals,1,0.776666,0.753042,0.812291,25
0,256,48,48,gk_share,1,1.530916,1.521583,1.544333,25
0,256,48,48,gk_share_vals,1,1.091250,1.069333,1.100417,25
0,256,48,48,cpu,1,2.371041,2.331542,2.405500,25
0,1024,1024,32,jacobi,1,142.256083,141.863959,142.456250,5
0,1024,1024,32,block,1,40.156791,39.875750,40.412959,5
0,1024,1024,32,qr,1,37.956708,37.653166,37.976083,5
0,1024,1024,32,qrblock,1,42.113042,41.956417,42.367500,5
0,1024,1024,32,gk,1,39.646417,39.297500,40.910583,5
0,1024,1024,32,gk_vals,1,22.100625,21.336604,24.388604,7
0,1024,1024,32,cpu_vals,1,10.367458,10.331250,10.511729,15
0,1024,1024,32,gk_share,1,24.998958,22.877958,26.052021,7
0,1024,1024,32,gk_share_vals,1,14.199667,13.546792,14.245708,11
0,1024,1024,32,cpu,1,22.545125,22.432604,23.913708,7
0,1,1536,1536,cpu,1,176.758208,176.635375,178.266208,5
0,1,1536,1536,bidiag,1,130.977292,130.638750,131.697792,5
0,1,1536,1536,bidiag_vals,1,59.116958,59.075209,59.148709,5
0,1,1536,1536,cpu_vals,1,84.522417,84.465333,84.528375,5
0,4,256,128,jacobi,1,5.752417,5.748000,5.769167,25
0,4,256,128,block,1,5.781125,5.724125,5.918625,25
0,4,256,128,qr,1,5.109625,5.107583,5.121000,25
0,4,256,128,qrblock,1,6.122334,6.022667,6.168458,25
0,4,256,128,cpu,1,1.890250,1.872542,1.905500,25
0,4,256,128,bidiag,1,10.190542,10.158646,10.222917,15
0,4,256,128,bidiag_vals,1,7.801875,7.779594,7.837219,20
0,4,256,128,cpu_vals,1,1.096959,1.090084,1.108959,25
0,64,256,32,jacobi,1,1.344666,1.324750,1.376584,25
0,64,256,32,block,1,2.602583,2.591833,2.614167,25
0,64,256,32,qr,1,1.607334,1.573959,1.638875,25
0,64,256,32,qrblock,1,2.698416,2.669084,2.764375,25
0,64,256,32,gk,1,1.700667,1.631792,1.732291,25
0,64,256,32,gk_vals,1,0.991000,0.932459,1.035375,25
0,64,256,32,cpu_vals,1,0.402916,0.366834,0.622000,25
0,64,256,32,gk_share,1,1.800917,1.739208,1.894917,25
0,64,256,32,gk_share_vals,1,1.055958,1.027375,1.077542,25
0,64,256,32,cpu,1,0.725667,0.700416,0.742792,25
0,4,256,8,jacobi,1,0.461250,0.454167,0.532958,25
0,4,256,8,qr,1,0.424084,0.413250,0.433375,25
0,4,256,8,gk,1,0.241834,0.232792,0.260292,25
0,4,256,8,gk_vals,1,0.221958,0.198250,0.257750,25
0,4,256,8,cpu_vals,1,0.027833,0.027583,0.028250,25
0,4,256,8,cpu,1,0.051625,0.050583,0.052667,25
0,4,128,32,jacobi,1,0.407584,0.390959,0.419250,25
0,4,128,32,block,1,2.083042,2.055833,2.097083,25
0,4,128,32,qr,1,0.572167,0.568333,0.578666,25
0,4,128,32,qrblock,1,1.992250,1.982000,2.053417,25
0,4,128,32,gk,1,0.773000,0.726959,0.826500,25
0,4,128,32,gk_vals,1,0.529709,0.525291,0.546292,25
0,4,128,32,cpu_vals,1,0.068250,0.067417,0.068875,25
0,4,128,32,cpu,1,0.122750,0.121125,0.126250,25
0,1,64,8,jacobi,1,0.214958,0.209750,0.234875,25
0,1,64,8,qr,1,0.383667,0.361625,0.418958,25
0,1,64,8,gk,1,0.254500,0.241542,0.272750,25
0,1,64,8,gk_vals,1,0.219958,0.198167,0.249042,25
0,1,64,8,cpu_vals,1,0.006667,0.006625,0.006750,25
0,1,64,8,cpu,1,0.012334,0.012291,0.012417,25
0,256,64,64,jacobi,1,13.552084,12.431156,13.917354,12
0,256,64,64,block,1,8.940167,8.831709,9.091458,17
0,256,64,64,gk,1,5.050375,5.039042,5.070625,25
0,256,64,64,gk_vals,1,2.381667,2.377750,2.388084,25
0,256,64,64,cpu_vals,1,1.288750,1.276667,1.334000,25
0,256,64,64,gk_share,1,3.427167,3.404292,3.480209,25
0,256,64,64,gk_share_vals,1,2.014250,1.981375,2.519458,25
0,256,64,64,cpu,1,3.678833,3.639875,4.252833,25
0,1024,64,16,jacobi,1,2.096667,2.082042,2.121083,25
0,1024,64,16,qr,1,2.763458,2.725542,2.897292,25
0,1024,64,16,gk,1,1.433625,1.410583,1.446750,25
0,1024,64,16,gk_vals,1,0.745459,0.655959,0.748584,25
0,1024,64,16,cpu_vals,1,0.806000,0.777500,1.352625,25
0,1024,64,16,gk_share,1,1.362042,1.349458,1.373500,25
0,1024,64,16,gk_share_vals,1,0.807875,0.795334,0.821250,25
0,1024,64,16,cpu,1,2.015167,1.991834,2.551417,25
0,16,48,48,jacobi,1,0.841083,0.796208,0.873875,25
0,16,48,48,block,1,2.867459,2.851583,2.954916,25
0,16,48,48,gk,1,1.116000,1.064416,1.158125,25
0,16,48,48,gk_vals,1,0.841583,0.812125,0.859208,25
0,16,48,48,cpu_vals,1,0.160209,0.157875,0.166750,25
0,16,48,48,cpu,1,0.296667,0.287292,0.306042,25
0,1,32,16,jacobi,1,0.366917,0.332083,0.466917,25
0,1,32,16,qr,1,0.428000,0.419459,0.452292,25
0,1,32,16,gk,1,0.324875,0.308625,0.340167,25
0,1,32,16,gk_vals,1,0.255667,0.251583,0.266041,25
0,1,32,16,cpu_vals,1,0.010292,0.010250,0.010375,25
0,1,32,16,cpu,1,0.031458,0.026500,0.031625,25
0,256,512,256,jacobi,1,1718.348125,1717.862584,1719.555313,3
0,256,512,256,block,1,416.741208,416.300416,416.839938,3
0,256,512,256,qr,1,1067.262334,1065.394376,1071.314562,3
0,256,512,256,qrblock,1,349.986167,348.625250,350.645146,3
0,256,512,256,cpu,1,117.820542,117.399125,118.020333,5
0,16,256,64,jacobi,1,1.629791,1.622750,1.656958,25
0,16,256,64,block,1,3.371500,3.304208,3.390458,25
0,16,256,64,qr,1,1.852625,1.800541,1.893500,25
0,16,256,64,qrblock,1,3.398041,3.375208,3.450292,25
0,16,256,64,gk,1,2.762458,2.707958,2.774083,25
0,16,256,64,gk_vals,1,1.988166,1.949542,2.030167,25
0,16,256,64,cpu_vals,1,0.421541,0.393583,0.576042,25
0,16,256,64,cpu,1,0.670958,0.658792,0.876791,25
0,1024,512,32,jacobi,1,48.464708,48.393250,48.535667,5
0,1024,512,32,block,1,23.207167,23.157791,23.367812,7
0,1024,512,32,qr,1,22.570875,22.447229,22.613416,7
0,1024,512,32,qrblock,1,22.065916,21.978521,22.153708,7
0,1024,512,32,gk,1,19.643770,19.260813,19.847573,8
0,1024,512,32,gk_vals,1,12.345542,11.595250,12.639083,13
0,1024,512,32,cpu_vals,1,5.715209,5.617917,5.889709,25
0,1024,512,32,gk_share,1,16.112021,15.796437,16.271104,10
0,1024,512,32,gk_share_vals,1,7.926375,7.866958,7.974083,19
0,1024,512,32,cpu,1,13.109813,12.930271,13.268239,12
0,16,64,8,jacobi,1,0.374667,0.362417,0.388625,25
0,16,64,8,qr,1,0.422083,0.408458,0.434625,25
0,16,64,8,gk,1,0.237375,0.234416,0.238667,25
0,16,64,8,gk_vals,1,0.206041,0.194375,0.210042,25
0,16,64,8,cpu_vals,1,0.075208,0.074167,0.077792,25
0,16,64,8,cpu,1,0.096583,0.080250,0.138583,25
0,4,128,16,jacobi,1,0.291250,0.286958,0.609375,25
0,4,128,16,qr,1,0.479125,0.475958,0.485208,25
0,4,128,16,gk,1,0.348667,0.342667,0.353625,25
0,4,128,16,gk_vals,1,0.286708,0.268625,0.288209,25
0,4,128,16,cpu_vals,1,0.048208,0.047583,0.049083,25
0,4,128,16,cpu,1,0.063083,0.062125,0.063917,25
0,64,32,8,jacobi,1,0.389459,0.378833,0.397916,25
0,64,32,8,qr,1,0.477792,0.468625,0.502792,25
0,64,32,8,gk,1,0.247042,0.244875,0.249000,25
0,64,32,8,gk_vals,1,0.207875,0.191458,0.212500,25
0,64,32,8,cpu_vals,1,0.250750,0.148458,0.257083,25
0,64,32,8,gk_share,1,0.334292,0.328875,0.347792,25
0,64,32,8,gk_share_vals,1,0.301000,0.294209,0.304000,25
0,64,32,8,cpu,1,0.168916,0.155500,0.243166,25
0,4096,512,64,jacobi,0,0,0,0,0
0,4096,512,64,block,0,0,0,0,0
0,4096,512,64,qr,0,0,0,0,0
0,4096,512,64,qrblock,0,0,0,0,0
0,4096,512,64,gk,0,0,0,0,0
0,4096,512,64,gk_vals,0,0,0,0,0
0,4096,512,64,cpu_vals,0,0,0,0,0
0,4096,512,64,gk_share,0,0,0,0,0
0,4096,512,64,gk_share_vals,0,0,0,0,0
0,4096,512,64,cpu,0,0,0,0,0
0,16,64,16,jacobi,1,0.513250,0.502208,0.520250,25
0,16,64,16,qr,1,0.447666,0.435542,0.463750,25
0,16,64,16,gk,1,0.311500,0.308917,0.320916,25
0,16,64,16,gk_vals,1,0.251375,0.247666,0.255167,25
0,16,64,16,cpu_vals,1,0.146583,0.097875,0.164291,25
0,16,64,16,cpu,1,0.139958,0.133250,0.175625,25
0,4096,80,80,jacobi,1,431.079750,430.647167,431.380521,3
0,4096,80,80,block,1,309.717541,309.709791,309.854250,3
0,4096,80,80,gk,1,150.041583,149.600084,150.262750,5
0,4096,80,80,gk_vals,1,62.206125,62.181209,62.505167,5
0,4096,80,80,cpu_vals,1,52.753250,52.682042,52.991708,5
0,4096,80,80,gk_share,1,66.626250,66.560167,66.847375,5
0,4096,80,80,gk_share_vals,1,32.721875,32.713125,33.206833,5
0,4096,80,80,cpu,1,97.914791,97.825417,99.473500,5
0,64,256,8,jacobi,1,0.530958,0.524375,0.538125,25
0,64,256,8,qr,1,0.609042,0.588666,0.673459,25
0,64,256,8,gk,1,0.290291,0.288708,0.292792,25
0,64,256,8,gk_vals,1,0.218750,0.202667,0.223708,25
0,64,256,8,cpu_vals,1,0.185958,0.166500,0.293708,25
0,64,256,8,gk_share,1,0.371042,0.365042,0.377333,25
0,64,256,8,gk_share_vals,1,0.304709,0.300166,0.309833,25
0,64,256,8,cpu,1,0.220458,0.214333,0.233125,25
0,4096,4,4,jacobi,1,0.418959,0.414042,1.211000,25
0,4096,4,4,gk,1,0.387500,0.385666,0.389542,25
0,4096,4,4,gk_vals,1,0.279750,0.275042,0.283584,25
0,4096,4,4,cpu_vals,1,0.481416,0.468458,0.665084,25
0,4096,4,4,gk_share,1,0.573583,0.565791,0.585042,25
0,4096,4,4,gk_share_vals,1,0.580000,0.552917,0.642500,25
0,4096,4,4,cpu,1,0.688541,0.677000,0.781750,25
0,64,128,128,jacobi,1,32.826750,32.755292,32.850208,5
0,64,128,128,block,1,14.337500,14.230958,14.417729,11
0,64,128,128,cpu,1,6.053542,6.020792,6.469583,25
0,64,128,128,bidiag,1,140.832375,140.792125,141.412416,5
0,64,128,128,bidiag_vals,1,104.303667,103.670667,104.437792,5
0,64,128,128,cpu_vals,1,3.966000,3.908292,4.605542,25
0,16,512,32,jacobi,1,0.797834,0.782625,0.810875,25
0,16,512,32,block,1,2.864875,2.858292,2.903667,25
0,16,512,32,qr,1,0.975459,0.960583,0.989625,25
0,16,512,32,qrblock,1,2.401083,2.362333,2.438708,25
0,16,512,32,gk,1,1.480084,1.428708,1.491125,25
0,16,512,32,gk_vals,1,0.864709,0.823042,0.906250,25
0,16,512,32,cpu_vals,1,0.246000,0.219291,0.258708,25
0,16,512,32,cpu,1,0.444541,0.367292,0.543750,25
0,16,384,384,jacobi,1,234.797125,234.775750,234.949042,5
0,16,384,384,block,1,67.097208,67.037375,67.146334,5
0,16,384,384,cpu,1,13.281875,13.153187,17.760875,11
0,16,384,384,bidiag,1,112.975417,112.815625,113.060750,5
0,16,384,384,bidiag_vals,1,88.675500,88.592083,88.677500,5
0,16,384,384,cpu_vals,1,7.435145,7.402740,7.552865,20
0,16,32,8,jacobi,1,0.341459,0.331083,0.398792,25
0,16,32,8,qr,1,0.420375,0.412875,0.426708,25
0,16,32,8,gk,1,0.230833,0.220333,0.233875,25
0,16,32,8,gk_vals,1,0.202375,0.186458,0.207625,25
0,16,32,8,cpu_vals,1,0.069125,0.067584,0.069500,25
0,16,32,8,cpu,1,0.086167,0.070375,0.119167,25
0,1,4,4,jacobi,1,0.272750,0.252750,0.279458,25
0,1,4,4,gk,1,0.253791,0.207958,0.264583,25
0,1,4,4,gk_vals,1,0.196125,0.185250,0.201958,25
0,1,4,4,cpu_vals,1,0.003917,0.003875,0.004250,25
0,1,4,4,cpu,1,0.003875,0.003834,0.004166,25
0,16,2048,256,jacobi,1,505.610042,505.277250,506.005959,3
0,16,2048,256,block,1,68.487334,68.243833,68.491833,5
0,16,2048,256,qr,1,74.178792,74.169416,74.430000,5
0,16,2048,256,qrblock,1,36.984125,36.939084,37.019334,5
0,16,2048,256,cpu,1,19.810750,19.482989,20.049698,8
0,16,2048,256,bidiag,1,167.119500,163.330292,167.986292,5
0,16,2048,256,bidiag_vals,1,141.968416,141.705459,141.978458,5
0,16,2048,256,cpu_vals,1,9.668646,9.541968,10.056886,16
0,256,80,80,jacobi,1,26.031396,25.866802,26.142145,6
0,256,80,80,block,1,19.831750,19.807927,19.844719,8
0,256,80,80,gk,1,10.648917,10.627562,10.690480,15
0,256,80,80,gk_vals,1,4.794084,4.791875,4.801584,25
0,256,80,80,cpu_vals,1,3.938542,3.804834,4.311708,25
0,256,80,80,gk_share,1,6.937875,6.898500,7.022459,21
0,256,80,80,gk_share_vals,1,3.479834,3.435375,4.538792,25
0,256,80,80,cpu,1,7.364000,7.147375,7.524375,21
0,256,512,16,jacobi,1,2.721166,2.656417,2.744791,25
0,256,512,16,qr,1,2.951958,2.411000,3.354333,25
0,256,512,16,gk,1,2.987125,2.276958,3.117458,25
0,256,512,16,gk_vals,1,1.734917,1.338334,1.906667,25
0,256,512,16,cpu_vals,1,1.277084,0.990375,1.318666,25
0,256,512,16,gk_share,1,2.202083,2.169542,2.991708,25
0,256,512,16,gk_share_vals,1,1.518541,1.284084,1.812875,25
0,256,512,16,cpu,1,1.965417,1.918583,1.992666,25
0,4,256,256,jacobi,1,34.723459,34.713917,34.729375,5
0,4,256,256,block,1,14.059375,13.999583,14.303417,11
0,4,256,256,cpu,1,4.163583,4.151416,4.180583,25
0,4,256,256,bidiag,1,18.403417,18.309125,18.448500,9
0,4,256,256,bidiag_vals,1,14.393875,14.353979,14.433521,11
0,4,256,256,cpu_vals,1,2.308625,2.291500,2.320125,25
0,4096,512,32,jacobi,1,201.069000,200.979333,201.142792,5
0,4096,512,32,block,1,88.053875,87.913833,88.236666,5
0,4096,512,32,qr,1,78.080459,78.001375,79.400167,5
0,4096,512,32,qrblock,1,72.802417,72.655708,74.028333,5
0,4096,512,32,gk,1,63.129000,62.816042,68.229000,5
0,4096,512,32,gk_vals,1,32.123875,32.077625,32.288250,5
0,4096,512,32,cpu_vals,1,23.591792,22.158938,23.810875,7
0,4096,512,32,gk_share,1,46.945583,46.571542,53.016833,5
0,4096,512,32,gk_share_vals,1,27.776896,25.568198,30.172562,6
0,4096,512,32,cpu,1,51.920584,51.189334,52.885209,5
0,4096,56,56,jacobi,1,112.507208,112.323125,113.109292,5
0,4096,56,56,block,1,110.579666,109.234000,114.257375,5
0,4096,56,56,gk,1,44.095500,44.087250,44.704417,5
0,4096,56,56,gk_vals,1,18.154875,18.102916,18.727709,9
0,4096,56,56,cpu_vals,1,13.888958,13.669333,14.078083,11
0,4096,56,56,gk_share,1,25.226979,25.127677,25.453000,6
0,4096,56,56,gk_share_vals,1,9.161291,8.906208,9.403958,17
0,4096,56,56,cpu,1,41.540584,41.078625,41.600125,5
0,1024,192,192,jacobi,1,1635.733750,1634.309729,1657.095729,3
0,1024,192,192,block,1,605.023584,604.928063,605.213272,3
0,1024,192,192,cpu,1,137.586833,137.261125,138.520625,5
0,64,8,8,jacobi,1,0.367541,0.358083,0.375250,25
0,64,8,8,gk,1,0.244125,0.236125,0.285875,25
0,64,8,8,gk_vals,1,0.206417,0.198791,0.209084,25
0,64,8,8,cpu_vals,1,0.186291,0.126625,0.191708,25
0,64,8,8,gk_share,1,0.328084,0.325833,0.332333,25
0,64,8,8,gk_share_vals,1,0.297250,0.294584,0.300959,25
0,64,8,8,cpu,1,0.154542,0.128625,0.266625,25
0,1,2048,256,jacobi,1,147.985292,147.977125,147.998000,5
0,1,2048,256,block,1,22.551709,22.515104,22.618271,7
0,1,2048,256,qr,1,32.939458,32.852875,33.014042,5
0,1,2048,256,qrblock,1,16.478501,16.315645,16.568760,10
0,1,2048,256,cpu,1,8.872709,8.814500,9.035458,17
0,1,2048,256,bidiag,1,12.040041,11.987833,12.079416,13
0,1,2048,256,bidiag_vals,1,9.510854,9.479625,9.535584,16
0,1,2048,256,cpu_vals,1,4.133959,4.129583,4.139792,25
0,64,1024,256,jacobi,1,875.756208,875.135917,881.518041,3
0,64,1024,256,block,1,166.019000,165.850083,166.226750,5
0,64,1024,256,qr,1,282.629917,280.570542,284.587792,5
0,64,1024,256,qrblock,1,96.610875,96.408084,96.926834,5
0,64,1024,256,cpu,1,42.481333,42.027042,42.985250,5
0,64,1024,256,bidiag,1,485.853667,485.806063,486.522833,3
0,64,1024,256,bidiag_vals,1,414.026125,413.862500,414.484604,3
0,64,1024,256,cpu_vals,1,19.301521,19.107021,19.360000,8
0,64,32,16,jacobi,1,0.414208,0.318375,0.957208,25
0,64,32,16,qr,1,0.593208,0.586583,0.599792,25
0,64,32,16,gk,1,0.359667,0.356292,0.362291,25
0,64,32,16,gk_vals,1,0.288625,0.283750,0.291958,25
0,64,32,16,cpu_vals,1,0.149666,0.144667,0.153209,25
0,64,32,16,gk_share,1,0.462917,0.461250,0.471250,25
0,64,32,16,gk_share_vals,1,0.374375,0.370625,0.378292,25
0,64,32,16,cpu,1,0.227250,0.224000,0.233375,25
0,4096,256,16,jacobi,1,14.993728,14.934927,15.094656,10
0,4096,256,16,qr,1,19.739375,19.416990,20.575906,8
0,4096,256,16,gk,1,12.775896,12.601520,12.896167,12
0,4096,256,16,gk_vals,1,5.055208,5.019083,5.063209,25
0,4096,256,16,cpu_vals,1,4.716541,4.673583,4.777292,25
0,4096,256,16,gk_share,1,8.717520,8.667906,8.964260,18
0,4096,256,16,gk_share_vals,1,2.907375,2.892667,2.921833,25
0,4096,256,16,cpu,1,12.331834,12.114250,12.450458,13
0,1024,1024,256,qrblock,1,1607.499625,1607.325896,1608.284958,3
0,16,256,8,jacobi,1,0.459584,0.453792,0.474209,25
0,16,256,8,qr,1,0.455833,0.448750,0.470000,25
0,16,256,8,gk,1,0.241250,0.239833,0.242375,25
0,16,256,8,gk_vals,1,0.197583,0.185250,0.208583,25
0,16,256,8,cpu_vals,1,0.117625,0.094125,0.119333,25
0,16,256,8,cpu,1,0.123625,0.121000,0.127958,25
0,256,1024,64,jacobi,1,155.708875,155.008083,156.230625,5
0,256,1024,64,block,1,33.195375,33.061667,33.200667,5
0,256,1024,64,qr,1,32.954667,32.578708,34.094750,5
0,256,1024,64,qrblock,1,32.291584,31.760916,32.827083,5
0,256,1024,64,gk,1,29.058104,28.785698,29.442698,6
0,256,1024,64,gk_vals,1,20.104208,19.939281,20.833511,8
0,256,1024,64,cpu_vals,1,9.284459,9.135750,9.586083,17
0,256,1024,64,gk_share,1,27.829563,27.276812,28.177156,6
0,256,1024,64,gk_share_vals,1,17.031042,16.916792,17.318583,9
0,256,1024,64,cpu,1,19.047520,18.928687,19.265583,8
0,1024,16,8,jacobi,1,0.536417,0.522917,1.682250,25
0,1024,16,8,qr,1,0.962750,0.955625,1.018500,25
0,1024,16,8,gk,1,0.401500,0.398792,0.404459,25
0,1024,16,8,gk_vals,1,0.288500,0.284750,0.292791,25
0,1024,16,8,cpu_vals,1,0.335167,0.327250,0.611167,25
0,1024,16,8,gk_share,1,0.625333,0.619709,0.640625,25
0,1024,16,8,gk_share_vals,1,0.399042,0.389167,0.412166,25
0,1024,16,8,cpu,1,0.558458,0.548792,0.615375,25
0,4,80,80,jacobi,1,1.851750,1.848333,1.861584,25
0,4,80,80,block,1,4.011667,3.902000,4.077333,25
0,4,80,80,gk,1,2.487125,2.485291,2.491042,25
0,4,80,80,gk_vals,1,1.851250,1.827834,1.873792,25
0,4,80,80,cpu_vals,1,0.240250,0.237500,0.243167,25
0,4,80,80,cpu,1,0.428542,0.424708,0.434875,25
0,16,128,8,jacobi,1,0.389458,0.379542,0.395833,25
0,16,128,8,qr,1,0.447625,0.441208,0.457500,25
0,16,128,8,gk,1,0.235167,0.232792,0.244708,25
0,16,128,8,gk_vals,1,0.187750,0.181292,0.197292,25
0,16,128,8,cpu_vals,1,0.087292,0.073584,0.093083,25
0,16,128,8,cpu,1,0.158292,0.088750,0.169375,25
0,1024,128,8,jacobi,1,1.027375,0.986625,1.042000,25
0,1024,128,8,qr,1,1.728250,1.646708,2.147250,25
0,1024,128,8,gk,1,0.981208,0.976209,0.988416,25
0,1024,128,8,gk_vals,1,0.409583,0.407167,0.411125,25
0,1024,128,8,cpu_vals,1,0.638083,0.497125,0.683958,25
0,1024,128,8,gk_share,1,0.929208,0.823291,0.957708,25
0,1024,128,8,gk_share_vals,1,0.608375,0.602458,0.612500,25
0,1024,128,8,cpu,1,1.384375,0.911292,1.398333,25
0,1,48,48,jacobi,1,0.781750,0.735708,1.271792,25
0,1,48,48,block,1,2.597041,2.551500,2.644125,25
0,1,48,48,gk,1,1.068417,1.054458,1.095667,25
0,1,48,48,gk_vals,1,0.865208,0.848459,0.893084,25
0,1,48,48,cpu_vals,1,0.038875,0.037292,0.039042,25
0,1,48,48,cpu,1,0.114125,0.113625,0.114959,25
0,1024,2048,128,qr,1,723.833583,720.885708,723.874604,3
0,1024,2048,128,qrblock,1,458.420959,455.183563,464.164376,3
0,1024,2048,128,cpu,1,410.507333,407.980500,420.068313,3
0,1,3072,3072,cpu,1,1284.145583,1281.892104,1285.623333,3
0,1,3072,3072,bidiag,1,612.328500,612.249708,612.814416,3
0,1,3072,3072,bidiag_vals,1,333.370375,333.343500,334.088375,3
0,1,3072,3072,cpu_vals,1,691.988250,689.789438,693.336000,3
0,256,2048,128,jacobi,1,1733.214584,1731.863521,1746.794938,3
0,256,2048,128,block,1,238.978000,238.766208,239.837250,5
0,256,2048,128,qr,1,216.531125,215.838000,218.065125,5
0,256,2048,128,qrblock,1,159.218416,159.130333,159.775583,5
0,256,2048,128,cpu,1,109.277292,108.431917,109.568958,5
0,256,2048,128,bidiag,1,1265.964500,1265.512083,1266.288646,3
0,256,2048,128,bidiag_vals,1,1081.367708,1080.306729,1082.726042,3
0,256,2048,128,cpu_vals,1,46.396208,46.045208,46.477500,5
0,1024,32,8,jacobi,1,0.551625,0.543833,1.680708,25
0,1024,32,8,qr,1,1.041084,1.028500,1.053125,25
0,1024,32,8,gk,1,0.465458,0.462042,0.476333,25
0,1024,32,8,gk_vals,1,0.290917,0.286375,0.297834,25
0,1024,32,8,cpu_vals,1,0.399834,0.349250,0.612417,25
0,1024,32,8,gk_share,1,0.648375,0.624041,0.674750,25
0,1024,32,8,gk_share_vals,1,0.422125,0.411666,0.485709,25
0,1024,32,8,cpu,1,0.636125,0.601416,0.643250,25
0,4,128,128,jacobi,1,4.932334,4.926916,4.935167,25
0,4,128,128,block,1,6.249000,6.058208,6.287250,25
0,4,128,128,cpu,1,1.337834,1.330625,1.346375,25
0,4,128,128,bidiag,1,9.012583,8.938750,9.061042,17
0,4,128,128,bidiag_vals,1,6.570166,6.562854,6.648375,23
0,4,128,128,cpu_vals,1,0.928084,0.907125,0.933375,25
0,64,16,8,jacobi,1,0.362375,0.356417,0.367542,25
0,64,16,8,qr,1,0.632916,0.618542,0.669250,25
0,64,16,8,gk,1,0.242166,0.238334,0.247959,25
0,64,16,8,gk_vals,1,0.204875,0.194291,0.207125,25
0,64,16,8,cpu_vals,1,0.198000,0.108041,0.220666,25
0,64,16,8,gk_share,1,0.336417,0.334042,0.338209,25
0,64,16,8,gk_share_vals,1,0.299375,0.297916,0.300875,25
0,64,16,8,cpu,1,0.144833,0.136084,0.219833,25
0,4,56,56,jacobi,1,0.938750,0.928250,1.413709,25
0,4,56,56,block,1,2.808833,2.762167,2.884083,25
0,4,56,56,gk,1,1.349750,1.326375,1.399792,25
0,4,56,56,gk_vals,1,1.048125,1.020500,1.092750,25
0,4,56,56,cpu_vals,1,0.084708,0.083875,0.085333,25
0,4,56,56,cpu,1,0.183666,0.181750,0.186208,25
0,64,80,80,jacobi,1,5.714625,5.707083,5.733667,25
0,64,80,80,block,1,7.651229,7.467865,7.834031,20
0,64,80,80,gk,1,4.063500,4.058667,4.071458,25
0,64,80,80,gk_vals,1,2.608083,2.601500,2.619792,25
0,64,80,80,cpu_vals,1,1.044417,1.032916,1.053833,25
0,64,80,80,gk_share,1,2.970667,2.960792,2.989917,25
0,64,80,80,gk_share_vals,1,2.129792,2.096250,2.239500,25
0,64,80,80,cpu,1,1.935792,1.915792,1.948000,25
0,4096,96,96,jacobi,1,754.629083,754.539979,757.453354,3
0,4096,96,96,block,1,347.008666,346.504416,347.791729,3
0,4096,96,96,cpu,1,150.262292,148.185833,153.354750,5
0,4096,1024,128,qr,1,2361.366375,2358.989771,2366.393605,3
0,4096,1024,128,qrblock,1,1276.009500,1268.474062,1281.881729,3
0,4096,1024,128,cpu,1,909.231625,906.074458,912.343771,3
0,256,128,64,jacobi,1,14.478625,14.113000,15.302750,11
0,256,128,64,block,1,9.408104,9.334052,9.516510,16
0,256,128,64,qr,1,17.088084,16.849500,17.372000,9
0,256,128,64,qrblock,1,12.189750,11.959167,12.349625,13
0,256,128,64,gk,1,9.986417,9.689229,10.471812,15
0,256,128,64,gk_vals,1,5.674250,5.318750,5.724583,25
0,256,128,64,cpu_vals,1,2.565250,2.213250,2.602292,25
0,256,128,64,gk_share,1,7.983416,7.889520,8.078522,19
0,256,128,64,gk_share_vals,1,4.777375,4.700750,5.120333,25
0,256,128,64,cpu,1,5.584417,5.508167,5.843500,25
0,4096,16,16,jacobi,1,5.773500,5.753417,5.791125,25
0,4096,16,16,gk,1,2.454375,2.451834,2.465250,25
0,4096,16,16,gk_vals,1,1.289334,1.273084,1.326209,25
0,4096,16,16,cpu_vals,1,1.836958,1.722208,2.255542,25
0,4096,16,16,gk_share,1,3.959083,3.935250,4.001708,25
0,4096,16,16,gk_share_vals,1,1.600084,1.591583,1.614416,25
0,4096,16,16,cpu,1,4.634958,4.603416,4.677333,25
0,1024,256,256,jacobi,1,4488.348458,4482.726958,4488.924563,3
0,1024,256,256,block,1,1414.392375,1414.162229,1426.217562,3
0,1024,256,256,cpu,1,289.695459,288.820959,294.311583,5
0,4,2048,64,jacobi,1,8.649251,8.641354,8.676115,18
0,4,2048,64,block,1,8.332084,8.267875,8.379812,19
0,4,2048,64,qr,1,3.497416,3.424417,3.582292,25
0,4,2048,64,qrblock,1,5.161583,5.047959,5.214875,25
0,4,2048,64,gk,1,4.452416,4.385500,4.557667,25
0,4,2048,64,gk_vals,1,3.712291,3.587541,3.748417,25
0,4,2048,64,cpu_vals,1,1.002625,0.977084,1.016084,25
0,4,2048,64,cpu,1,1.981625,1.957333,2.003125,25
0,4,1024,32,jacobi,1,1.023208,0.945167,1.037042,25
0,4,1024,32,block,1,4.152709,4.047333,4.190833,25
0,4,1024,32,qr,1,0.847250,0.838542,0.854292,25
0,4,1024,32,qrblock,1,2.279083,2.227333,2.301125,25
0,4,1024,32,gk,1,1.329542,1.267000,1.379625,25
0,4,1024,32,gk_vals,1,0.854625,0.847458,0.866375,25
0,4,1024,32,cpu_vals,1,0.207167,0.205625,0.214208,25
0,4,1024,32,cpu,1,0.380542,0.377750,0.386583,25
0,64,1024,64,jacobi,1,39.000625,38.915750,39.154208,5
0,64,1024,64,block,1,11.547854,11.495541,11.591667,14
0,64,1024,64,qr,1,9.933542,9.737979,10.747187,15
0,64,1024,64,qrblock,1,10.320625,10.285021,10.391730,15
0,64,1024,64,gk,1,9.611875,9.277334,9.715302,16
0,64,1024,64,gk_vals,1,6.771917,6.689250,7.011250,21
0,64,1024,64,cpu_vals,1,3.220625,2.879958,3.406959,25
0,64,1024,64,gk_share,1,9.045333,8.892667,9.355792,17
0,64,1024,64,gk_share_vals,1,6.166666,6.094917,6.213292,25
0,64,1024,64,cpu,1,6.012833,5.576833,6.911459,23
0,16,256,128,jacobi,1,6.177709,6.171541,6.189125,25
0,16,256,128,block,1,6.896313,6.761386,7.004468,22
0,16,256,128,qr,1,5.961084,5.930583,6.028875,25
0,16,256,128,qrblock,1,7.552979,7.467937,7.631334,20
0,16,256,128,cpu,1,2.409334,2.391792,2.509667,25
0,16,256,128,bidiag,1,41.155292,41.084333,41.184208,5
0,16,256,128,bidiag_vals,1,31.392875,31.205500,31.393709,5
0,16,256,128,cpu_vals,1,1.830125,1.814333,1.894792,25
0,4096,128,16,jacobi,1,9.392855,9.348396,9.425542,16
0,4096,128,16,qr,1,12.281541,11.841291,12.855750,13
0,4096,128,16,gk,1,7.370416,7.335625,7.415542,21
0,4096,128,16,gk_vals,1,2.869083,2.862209,2.874625,25
0,4096,128,16,cpu_vals,1,3.588750,3.445000,3.626708,25
0,4096,128,16,gk_share,1,7.013646,6.777614,7.149605,22
0,4096,128,16,gk_share_vals,1,3.058458,2.913125,3.136958,25
0,4096,128,16,cpu,1,9.115791,9.040708,9.265375,17
0,1,512,32,jacobi,1,0.794084,0.612625,1.083625,25
0,1,512,32,block,1,2.767458,2.739375,2.813292,25
0,1,512,32,qr,1,0.621000,0.613542,0.624917,25
0,1,512,32,qrblock,1,2.335167,2.202500,2.382375,25
0,1,512,32,gk,1,1.063583,0.965208,1.066292,25
0,1,512,32,gk_vals,1,0.594209,0.592167,0.595542,25
0,1,512,32,cpu_vals,1,0.072875,0.072625,0.073084,25
0,1,512,32,cpu,1,0.158000,0.156541,0.159834,25
0,64,64,64,jacobi,1,3.219916,3.179917,3.236791,25
0,64,64,64,block,1,3.833125,3.738375,3.914458,25
0,64,64,64,gk,1,1.941292,1.938834,1.945083,25
0,64,64,64,gk_vals,1,1.361208,1.355500,1.400500,25
0,64,64,64,cpu_vals,1,0.415458,0.406416,0.605417,25
0,64,64,64,gk_share,1,2.073333,2.057083,2.107583,25
0,64,64,64,gk_share_vals,1,1.508416,1.466917,1.523167,25
0,64,64,64,cpu,1,1.035334,1.029917,1.052375,25
0,1024,512,128,jacobi,1,1269.312166,1266.561812,1270.449978,3
0,1024,512,128,block,1,326.622459,326.484938,328.289271,3
0,1024,512,128,qr,1,515.857875,514.823542,516.303604,3
0,1024,512,128,qrblock,1,241.125250,239.520792,242.036166,5
0,1024,512,128,cpu,1,156.890458,156.591750,156.970334,5
0,256,64,16,jacobi,1,1.170583,0.817041,1.262791,25
0,256,64,16,qr,1,1.130917,1.118333,1.179417,25
0,256,64,16,gk,1,0.512125,0.508583,0.514083,25
0,256,64,16,gk_vals,1,0.327333,0.321333,0.331000,25
0,256,64,16,cpu_vals,1,0.296958,0.271083,0.584417,25
0,256,64,16,gk_share,1,0.561875,0.543500,0.579625,25
0,256,64,16,gk_share_vals,1,0.404083,0.395917,0.408916,25
0,256,64,16,cpu,1,0.612958,0.595792,0.630208,25
0,1024,256,128,jacobi,1,516.171292,515.624750,516.411187,3
0,1024,256,128,block,1,221.444459,221.208458,221.612041,5
0,1024,256,128,qr,1,481.143833,479.096917,481.832396,3
0,1024,256,128,qrblock,1,206.526917,202.079041,208.233292,5
0,1024,256,128,cpu,1,118.660792,118.114750,118.698791,5
0,64,256,128,jacobi,1,31.037208,30.612209,31.123959,5
0,64,256,128,block,1,14.833750,14.787750,14.935437,11
0,64,256,128,qr,1,35.219750,34.852292,35.492792,5
0,64,256,128,qrblock,1,17.450458,17.226333,17.613708,9
0,64,256,128,cpu,1,8.790709,8.733365,9.431396,16
0,64,256,128,bidiag,1,161.807750,161.794167,161.869750,5
0,64,256,128,bidiag_vals,1,123.985458,123.429250,124.038333,5
0,64,256,128,cpu_vals,1,4.878875,4.777333,7.469083,25
0,1,2048,64,jacobi,1,8.531917,8.527292,8.536604,18
0,1,2048,64,block,1,7.808208,7.699156,7.916521,20
0,1,2048,64,qr,1,1.931916,1.883208,1.946833,25
0,1,2048,64,qrblock,1,3.146500,3.134333,3.201833,25
0,1,2048,64,gk,1,2.846708,2.838875,2.853208,25
0,1,2048,64,gk_vals,1,2.194041,2.188583,2.224541,25
0,1,2048,64,cpu_vals,1,0.436500,0.432167,0.440292,25
0,1,2048,64,cpu,1,0.894667,0.891458,0.900875,25
0,1,2048,128,jacobi,1,34.426125,34.422833,34.426333,5
0,1,2048,128,block,1,11.370020,11.339344,11.438656,14
0,1,2048,128,qr,1,6.921229,6.903115,6.960240,22
0,1,2048,128,qrblock,1,8.129542,8.014499,8.213646,19
0,1,2048,128,cpu,1,3.146208,3.136416,3.156167,25
0,1,2048,128,bidiag,1,5.409125,5.355625,5.464417,25
0,1,2048,128,bidiag_vals,1,4.426708,4.406917,4.482000,25
0,1,2048,128,cpu_vals,1,1.653125,1.649583,1.661208,25
0,4,512,128,jacobi,1,10.445334,10.437188,10.455813,15
0,4,512,128,block,1,6.930000,6.797438,6.988719,22
0,4,512,128,qr,1,5.638542,5.631042,5.658042,25
0,4,512,128,qrblock,1,6.583208,6.544688,6.695084,23
0,4,512,128,cpu,1,1.952667,1.933292,1.964500,25
0,4,512,128,bidiag,1,11.569542,11.548083,11.576083,13
0,4,512,128,bidiag_vals,1,9.202875,9.191042,9.217417,17
0,4,512,128,cpu_vals,1,1.155209,1.150833,1.167875,25
0,1,56,56,jacobi,1,0.950875,0.907750,1.020459,25
0,1,56,56,block,1,2.650250,2.533875,2.676416,25
0,1,56,56,gk,1,1.304333,1.303000,1.316583,25
0,1,56,56,gk_vals,1,1.039625,1.004000,1.078917,25
0,1,56,56,cpu_vals,1,0.049625,0.049041,0.050375,25
0,1,56,56,cpu,1,0.139041,0.138417,0.139541,25
0,4,64,32,jacobi,1,0.378375,0.367834,0.385125,25
0,4,64,32,block,1,2.077500,2.060958,2.184875,25
0,4,64,32,qr,1,0.591292,0.583292,0.602250,25
0,4,64,32,qrblock,1,2.205334,2.175416,2.274750,25
0,4,64,32,gk,1,0.793916,0.756375,0.800166,25
0,4,64,32,gk_vals,1,0.515833,0.504875,0.533541,25
0,4,64,32,cpu_vals,1,0.059167,0.058625,0.060750,25
0,4,64,32,cpu,1,0.107833,0.106084,0.109125,25
0,256,256,64,jacobi,1,26.092541,26.061625,26.144678,6
0,256,256,64,block,1,12.827938,12.737541,12.929115,12
0,256,256,64,qr,1,18.875417,18.290708,19.302209,9
0,256,256,64,qrblock,1,14.776375,14.608875,15.124271,11
0,256,256,64,gk,1,12.421000,12.358219,12.914156,12
0,256,256,64,gk_vals,1,7.727292,7.616687,8.775208,19
0,256,256,64,cpu_vals,1,4.096250,3.484250,4.564625,25
0,256,256,64,gk_share,1,10.494916,10.434999,10.667875,15
0,256,256,64,gk_share_vals,1,6.508126,6.427625,6.600803,24
0,256,256,64,cpu,1,7.995750,7.545166,8.833667,17
0,4096,2048,64,qr,1,691.468917,678.005459,701.869042,3
0,4096,2048,64,qrblock,1,597.593792,596.466334,605.018583,3
0,4096,2048,64,cpu,1,503.517041,500.567104,504.757396,3
0,1,384,384,jacobi,1,112.988667,112.972333,113.000042,5
0,1,384,384,block,1,22.476542,22.463458,22.517271,7
0,1,384,384,cpu,1,7.636708,7.427365,7.798625,20
0,1,384,384,bidiag,1,10.395625,10.372208,10.513105,15
0,1,384,384,bidiag_vals,1,6.418458,6.409115,6.454698,24
0,1,384,384,cpu_vals,1,3.635666,3.631750,3.640500,25
0,16,64,64,jacobi,1,1.196125,1.176417,1.238083,25
0,16,64,64,block,1,2.945792,2.922500,2.980334,25
0,16,64,64,gk,1,1.796000,1.790042,1.799333,25
0,16,64,64,gk_vals,1,1.348958,1.337500,1.381791,25
0,16,64,64,cpu_vals,1,0.218541,0.212958,0.221958,25
0,16,64,64,cpu,1,0.390417,0.387750,0.398792,25
0,64,128,32,jacobi,1,1.070792,1.034167,1.079583,25
0,64,128,32,block,1,2.230042,2.131708,2.311667,25
0,64,128,32,qr,1,1.328708,1.264125,1.345375,25
0,64,128,32,qrblock,1,2.353541,2.328417,2.384292,25
0,64,128,32,gk,1,0.981584,0.946042,0.995416,25
0,64,128,32,gk_vals,1,0.588375,0.583917,0.590875,25
0,64,128,32,cpu_vals,1,0.287584,0.253708,0.589916,25
0,64,128,32,gk_share,1,1.070542,1.020458,1.076917,25
0,64,128,32,gk_share_vals,1,0.663666,0.656459,0.688542,25
0,64,128,32,cpu,1,0.602833,0.535042,0.622791,25
0,64,256,256,jacobi,1,288.049625,287.633083,289.335875,5
0,64,256,256,block,1,83.737458,83.459375,83.818917,5
0,64,256,256,cpu,1,20.228917,20.105489,20.347896,8
0,64,256,256,bidiag,1,287.828208,287.715083,287.989542,5
0,64,256,256,bidiag_vals,1,224.883167,224.432625,225.285458,5
0,64,256,256,cpu_vals,1,10.931834,10.751406,11.011500,14
0,4096,512,16,jacobi,1,46.977459,45.487416,46.977625,5
0,4096,512,16,qr,1,36.992458,36.620125,37.107291,5
0,4096,512,16,gk,1,34.883875,34.727792,35.165292,5
0,4096,512,16,gk_vals,1,20.767375,20.386948,21.050781,8
0,4096,512,16,cpu_vals,1,8.963708,8.908041,9.005042,17
0,4096,512,16,gk_share,1,19.586042,18.981750,20.866521,8
0,4096,512,16,gk_share_vals,1,11.446396,10.862313,11.598167,14
0,4096,512,16,cpu,1,19.604896,19.472865,20.117020,8
0,64,24,24,jacobi,1,0.976834,0.536292,0.991750,25
0,64,24,24,gk,1,0.523542,0.519959,0.528709,25
0,64,24,24,gk_vals,1,0.364041,0.360875,0.370167,25
0,64,24,24,cpu_vals,1,0.158833,0.155709,0.161875,25
0,64,24,24,gk_share,1,0.629166,0.626542,0.638833,25
0,64,24,24,gk_share_vals,1,0.459583,0.455959,0.462000,25
0,64,24,24,cpu,1,0.282583,0.280250,0.285834,25
0,4,64,16,jacobi,1,0.516459,0.508834,0.523875,25
0,4,64,16,qr,1,0.442833,0.438584,0.452208,25
0,4,64,16,gk,1,0.344334,0.336334,0.351875,25
0,4,64,16,gk_vals,1,0.281750,0.263291,0.283666,25
0,4,64,16,cpu_vals,1,0.041792,0.041292,0.042083,25
0,4,64,16,cpu,1,0.062959,0.062041,0.064333,25
0,4,32,16,jacobi,1,0.358958,0.338333,0.452083,25
0,4,32,16,qr,1,0.438208,0.431833,0.527583,25
0,4,32,16,gk,1,0.319000,0.308125,0.324208,25
0,4,32,16,gk_vals,1,0.257625,0.248708,0.262250,25
0,4,32,16,cpu_vals,1,0.029583,0.028792,0.030208,25
0,4,32,16,cpu,1,0.047792,0.047292,0.048458,25
0,2,2048,2048,cpu,1,580.248417,578.303646,581.332646,3
0,2,2048,2048,bidiag,1,387.648250,387.555145,387.849541,3
0,2,2048,2048,bidiag_vals,1,196.617000,196.321417,196.635792,5
0,2,2048,2048,cpu_vals,1,278.815375,276.911666,280.841167,5
0,4096,512,128,qr,1,2053.208333,2051.539437,2054.354646,3
0,4096,512,128,qrblock,1,954.646250,951.822083,958.515833,3
0,4096,512,128,cpu,1,601.286416,600.126208,602.792458,3
0,64,64,32,jacobi,1,0.861542,0.813875,0.878167,25
0,64,64,32,block,1,2.248833,2.215334,2.322208,25
0,64,64,32,qr,1,1.256084,1.174084,1.272167,25
0,64,64,32,qrblock,1,2.500959,2.486333,2.560042,25
0,64,64,32,gk,1,0.899083,0.833875,0.902708,25
0,64,64,32,gk_vals,1,0.549875,0.542375,0.552542,25
0,64,64,32,cpu_vals,1,0.241542,0.231792,0.635625,25
0,64,64,32,gk_share,1,0.995583,0.948500,1.018875,25
0,64,64,32,gk_share_vals,1,0.634792,0.628125,0.644625,25
0,64,64,32,cpu,1,0.477250,0.464708,0.647125,25
0,4096,64,64,jacobi,1,202.334000,200.560167,202.732333,5
0,4096,64,64,block,1,113.589250,113.525042,114.235291,5
0,4096,64,64,gk,1,64.542875,64.502750,64.617083,5
0,4096,64,64,gk_vals,1,28.256459,28.243781,28.276479,6
0,4096,64,64,cpu_vals,1,18.066459,17.873833,18.244125,9
0,4096,64,64,gk_share,1,33.810875,33.377375,34.078583,5
0,4096,64,64,gk_share_vals,1,12.338500,12.193084,12.430792,13
0,4096,64,64,cpu,1,52.746667,52.402917,52.765834,5
0,256,128,8,jacobi,1,0.785917,0.706750,1.088209,25
0,256,128,8,qr,1,0.783542,0.762666,0.796875,25
0,256,128,8,gk,1,0.377292,0.373333,0.379917,25
0,256,128,8,gk_vals,1,0.237750,0.233791,0.241500,25
0,256,128,8,cpu_vals,1,0.209834,0.195291,0.228084,25
0,256,128,8,gk_share,1,0.455042,0.449000,0.459750,25
0,256,128,8,gk_share_vals,1,0.363167,0.345500,0.374417,25
0,256,128,8,cpu,1,0.329125,0.324208,0.335041,25
0,1,16,8,jacobi,1,0.299791,0.274708,0.310292,25
0,1,16,8,qr,1,0.404333,0.378708,0.426292,25
0,1,16,8,gk,1,0.246959,0.234959,0.267208,25
0,1,16,8,gk_vals,1,0.190084,0.177458,0.204334,25
0,1,16,8,cpu_vals,1,0.006084,0.005958,0.006209,25
0,1,16,8,cpu,1,0.010458,0.010375,0.010750,25
0,1,512,64,jacobi,1,2.072542,2.069292,2.080625,25
0,1,512,64,block,1,3.936750,3.889417,3.996583,25
0,1,512,64,qr,1,1.444166,1.397625,1.461458,25
0,1,512,64,qrblock,1,2.871292,2.856834,2.890708,25
0,1,512,64,gk,1,2.406625,2.393500,2.411375,25
0,1,512,64,gk_vals,1,1.786667,1.763875,1.794792,25
0,1,512,64,cpu_vals,1,0.190250,0.189833,0.192625,25
0,1,512,64,cpu,1,0.427125,0.425250,0.431208,25
0,4,512,64,jacobi,1,2.114750,2.110000,2.171583,25
0,4,512,64,block,1,3.835916,3.765000,3.885125,25
0,4,512,64,qr,1,1.705250,1.667792,1.754625,25
0,4,512,64,qrblock,1,3.154375,3.134750,3.194167,25
0,4,512,64,gk,1,2.704542,2.671834,2.713958,25
0,4,512,64,gk_vals,1,2.055250,2.030875,2.084250,25
0,4,512,64,cpu_vals,1,0.348125,0.345666,0.353125,25
0,4,512,64,cpu,1,0.697667,0.694125,0.704125,25
0,64,48,48,jacobi,1,1.856084,1.844083,1.880750,25
0,64,48,48,block,1,3.644958,3.581208,3.707083,25
0,64,48,48,gk,1,1.197042,1.148833,1.215250,25
0,64,48,48,gk_vals,1,0.877958,0.838375,0.908833,25
0,64,48,48,cpu_vals,1,0.294416,0.283042,0.358333,25
0,64,48,48,gk_share,1,1.352041,1.305875,1.362708,25
0,64,48,48,gk_share_vals,1,1.005375,0.957000,1.025250,25
0,64,48,48,cpu,1,0.689125,0.679083,0.702250,25
0,16,32,32,jacobi,1,0.400333,0.390000,1.212042,25
0,16,32,32,block,1,2.170166,2.143625,2.203750,25
0,16,32,32,gk,1,0.730791,0.672583,0.774667,25
0,16,32,32,gk_vals,1,0.482250,0.478541,0.496833,25
0,16,32,32,cpu_vals,1,0.121166,0.109125,0.286208,25
0,16,32,32,cpu,1,0.189458,0.186500,0.194584,25
0,256,128,128,jacobi,1,118.611000,118.418958,118.966833,5
0,256,128,128,block,1,48.143375,48.105375,48.168792,5
0,256,128,128,cpu,1,21.662667,21.507708,21.872126,7
0,256,128,128,bidiag,1,564.311791,564.106917,564.541729,3
0,256,128,128,bidiag_vals,1,416.114958,416.019354,416.151521,3
0,256,128,128,cpu_vals,1,14.519291,14.482667,14.650813,11
0,4096,256,64,jacobi,1,424.134500,423.160042,424.199458,3
0,4096,256,64,block,1,177.927250,177.415167,179.149459,5
0,4096,256,64,qr,1,257.351417,251.505458,259.890000,5
0,4096,256,64,qrblock,1,168.113584,165.992583,172.963292,5
0,4096,256,64,gk,1,146.432167,146.172542,147.789791,5
0,4096,256,64,gk_vals,1,69.150541,68.856042,70.673000,5
0,4096,256,64,cpu_vals,1,40.127791,38.845583,42.102250,5
0,4096,256,64,gk_share,1,83.036042,82.930542,85.088750,5
0,4096,256,64,gk_share_vals,1,43.761791,43.643875,44.254458,5
0,4096,256,64,cpu,1,99.223917,98.485459,99.478959,5
0,4,96,96,jacobi,1,2.397667,2.394833,2.403750,25
0,4,96,96,block,1,4.092750,4.044750,4.172666,25
0,4,96,96,cpu,1,0.686583,0.675625,0.701875,25
0,4,512,256,jacobi,1,48.190042,48.166250,48.190042,5
0,4,512,256,block,1,14.038500,13.963000,14.066854,11
0,4,512,256,qr,1,33.034584,33.001125,33.118250,5
0,4,512,256,qrblock,1,14.708917,14.622125,14.840333,11
0,4,512,256,cpu,1,5.907167,5.745083,5.960167,25
0,4,512,256,bidiag,1,25.897480,25.834010,26.182105,6
0,4,512,256,bidiag_vals,1,21.101479,20.569500,21.336709,8
0,4,512,256,cpu_vals,1,2.826833,2.811167,2.840416,25
0,1,128,16,jacobi,1,0.677000,0.616875,0.713958,25
0,1,128,16,qr,1,0.436583,0.425833,0.444584,25
0,1,128,16,gk,1,0.332167,0.318166,0.354542,25
0,1,128,16,gk_vals,1,0.264959,0.258500,0.267834,25
0,1,128,16,cpu_vals,1,0.013375,0.013334,0.013500,25
0,1,128,16,cpu,1,0.040042,0.031167,0.040542,25
0,4,32,32,jacobi,1,0.375250,0.367833,0.879917,25
0,4,32,32,block,1,2.019625,1.979042,2.103375,25
0,4,32,32,gk,1,0.743041,0.673833,0.751000,25
0,4,32,32,gk_vals,1,0.513709,0.484375,0.527042,25
0,4,32,32,cpu_vals,1,0.050750,0.050125,0.051375,25
0,4,32,32,cpu,1,0.089667,0.089125,0.091458,25
0,1024,512,16,jacobi,1,11.461250,11.201844,11.622687,14
0,1024,512,16,qr,1,8.737583,8.669834,8.801032,18
0,1024,512,16,gk,1,8.155291,8.001979,8.355979,19
0,1024,512,16,gk_vals,1,4.607417,4.527292,4.671500,25
0,1024,512,16,cpu_vals,1,2.668542,2.653666,2.694666,25
0,1024,512,16,gk_share,1,6.450875,6.346719,6.558187,24
0,1024,512,16,gk_share_vals,1,3.470917,3.436708,3.528334,25
0,1024,512,16,cpu,1,5.214792,5.147000,5.247250,25
0,1,512,16,jacobi,1,1.068958,0.354000,1.109291,25
0,1,512,16,qr,1,0.457166,0.447709,0.466667,25
0,1,512,16,gk,1,0.571292,0.563042,0.579583,25
0,1,512,16,gk_vals,1,0.295042,0.290333,0.297458,25
0,1,512,16,cpu_vals,1,0.034625,0.033750,0.036333,25
0,1,512,16,cpu,1,0.077000,0.071458,0.077958,25
0,4096,128,64,jacobi,1,283.502000,283.231667,284.006416,5
0,4096,128,64,block,1,128.820459,127.934708,129.306000,5
0,4096,128,64,qr,1,231.297666,223.876875,231.848042,5
0,4096,128,64,qrblock,1,135.976958,133.876917,140.635083,5
0,4096,128,64,gk,1,107.971167,106.585375,108.384500,5
0,4096,128,64,gk_vals,1,49.344583,49.325583,49.943083,5
0,4096,128,64,cpu_vals,1,30.050333,29.660459,32.189625,5
0,4096,128,64,gk_share,1,61.110334,60.987583,63.072125,5
0,4096,128,64,gk_share_vals,1,29.425396,28.764542,29.474063,6
0,4096,128,64,cpu,1,76.665750,76.555625,77.140541,5
0,1024,256,32,jacobi,1,21.693000,21.321333,21.932188,7
0,1024,256,32,block,1,14.611667,14.360042,14.790688,11
0,1024,256,32,qr,1,15.001541,14.939896,15.127896,11
0,1024,256,32,qrblock,1,14.131083,14.048750,14.430208,11
0,1024,256,32,gk,1,11.004084,10.920458,11.077583,14
0,1024,256,32,gk_vals,1,6.552584,6.414271,6.625563,23
0,1024,256,32,cpu_vals,1,3.870292,3.808625,3.902250,25
0,1024,256,32,gk_share,1,10.140313,9.508230,10.276198,16
0,1024,256,32,gk_share_vals,1,4.820208,4.792667,4.886792,25
0,1024,256,32,cpu,1,8.613855,8.439302,8.957906,18
0,16,2048,128,jacobi,1,87.783917,87.765209,87.788000,5
0,16,2048,128,block,1,20.922376,20.898948,20.943240,8
0,16,2048,128,qr,1,13.573355,13.389355,13.708979,12
0,16,2048,128,qrblock,1,14.763625,14.674750,15.195542,11
0,16,2048,128,cpu,1,8.494104,8.415740,8.621604,18
0,16,2048,128,bidiag,1,79.002541,78.948333,79.170125,5
0,16,2048,128,bidiag_vals,1,68.010958,67.886417,68.206708,5
0,16,2048,128,cpu_vals,1,4.483458,4.238166,4.844292,25
0,4096,32,16,jacobi,1,5.679958,5.659208,5.712625,25
0,4096,32,16,qr,1,7.335500,7.183917,7.443750,21
0,4096,32,16,gk,1,3.263166,3.253917,3.278708,25
0,4096,32,16,gk_vals,1,1.465625,1.459375,1.474542,25
0,4096,32,16,cpu_vals,1,2.473459,2.455041,2.986666,25
0,4096,32,16,gk_share,1,3.846250,3.834292,3.871250,25
0,4096,32,16,gk_share_vals,1,1.670416,1.659208,1.688542,25
0,4096,32,16,cpu,1,6.996750,6.940718,7.112635,22
0,256,384,384,jacobi,1,4783.410500,4752.163209,4784.986083,3
0,256,384,384,block,1,1143.157250,1142.667334,1145.061875,3
0,256,384,384,cpu,1,171.965167,171.503583,172.717333,5
0,1,768,768,jacobi,1,1031.090167,1030.775333,1031.249396,3
0,1,768,768,block,1,65.180833,65.164083,65.181083,5
0,1,768,768,cpu,1,33.544334,33.538167,33.685625,5
0,1,768,768,bidiag,1,29.751500,29.677646,29.855635,6
0,1,768,768,bidiag_vals,1,16.816667,16.796542,16.820417,9
0,1,768,768,cpu_vals,1,16.193708,16.134604,16.412448,10
0,256,40,40,jacobi,1,4.110583,4.076458,4.145959,25
0,256,40,40,block,1,7.649938,7.562010,7.753938,20
0,256,40,40,gk,1,1.754708,1.740833,1.765833,25
0,256,40,40,gk_vals,1,0.942667,0.901166,0.987083,25
0,256,40,40,cpu_vals,1,0.579292,0.569625,0.672667,25
0,256,40,40,gk_share,1,1.166375,1.157250,1.174500,25
0,256,40,40,gk_share_vals,1,0.759916,0.758125,0.768959,25
0,256,40,40,cpu,1,1.672792,1.655333,1.684541,25
0,1024,1024,128,jacobi,1,2877.553416,2876.902958,2879.175646,3
0,1024,1024,128,block,1,541.375666,540.766437,543.065791,3
0,1024,1024,128,qr,1,572.545291,570.766562,574.436750,3
0,1024,1024,128,qrblock,1,304.938875,303.773188,310.008833,3
0,1024,1024,128,cpu,1,234.256083,233.084459,234.938208,5
0,16,256,256,jacobi,1,66.043792,66.026917,66.047958,5
0,16,256,256,block,1,24.762083,24.710187,24.834374,7
0,16,256,256,cpu,1,6.059500,6.021833,6.242500,25
0,16,256,256,bidiag,1,71.671375,71.656083,71.759667,5
0,16,256,256,bidiag_vals,1,56.333916,56.311125,56.365833,5
0,16,256,256,cpu_vals,1,4.283083,4.105375,4.709250,25
0,1024,32,32,jacobi,1,7.281459,7.268417,7.298750,21
0,1024,32,32,block,1,6.777000,6.642542,6.877584,23
0,1024,32,32,gk,1,2.615000,2.611042,2.621958,25
0,1024,32,32,gk_vals,1,1.324125,1.272875,1.335917,25
0,1024,32,32,cpu_vals,1,1.381334,1.335584,1.430250,25
0,1024,32,32,gk_share,1,3.558333,3.337959,3.618917,25
0,1024,32,32,gk_share_vals,1,1.878416,1.837666,1.898917,25
0,1024,32,32,cpu,1,3.985708,3.964958,4.068125,25
0,4,40,40,jacobi,1,0.579292,0.572833,0.980750,25
0,4,40,40,block,1,2.437875,2.401333,2.450875,25
0,4,40,40,gk,1,0.824208,0.784291,0.874667,25
0,4,40,40,gk_vals,1,0.690625,0.637000,0.710209,25
0,4,40,40,cpu_vals,1,0.057625,0.055666,0.058875,25
0,4,40,40,cpu,1,0.118583,0.116750,0.120959,25
0,16,1024,32,jacobi,1,1.102958,1.036959,1.147042,25
0,16,1024,32,block,1,4.364292,4.306208,4.401750,25
0,16,1024,32,qr,1,1.263000,1.249875,1.279750,25
0,16,1024,32,qrblock,1,2.723291,2.666666,2.767792,25
0,16,1024,32,gk,1,1.760958,1.698000,1.815583,25
0,16,1024,32,gk_vals,1,1.089792,1.059209,1.140375,25
0,16,1024,32,cpu_vals,1,0.349333,0.310708,0.583209,25
0,16,1024,32,cpu,1,0.645166,0.583000,0.673208,25
0,64,2048,64,jacobi,1,83.601875,83.595792,83.689208,5
0,64,2048,64,block,1,19.827438,19.757250,20.023740,8
0,64,2048,64,qr,1,15.550771,15.502250,15.977688,10
0,64,2048,64,qrblock,1,16.181708,15.826708,16.479531,10
0,64,2048,64,gk,1,15.604958,15.468146,16.111386,10
0,64,2048,64,gk_vals,1,11.845042,11.598459,12.217917,13
0,64,2048,64,cpu_vals,1,5.200333,5.087125,5.270583,25
0,64,2048,64,gk_share,1,14.519500,13.674125,14.617417,11
0,64,2048,64,gk_share_vals,1,9.359750,9.225240,9.513281,16
0,64,2048,64,cpu,1,10.110000,9.986708,10.364125,15
0,16,512,16,jacobi,1,0.562500,0.467834,1.172042,25
0,16,512,16,qr,1,0.672125,0.653458,0.710291,25
0,16,512,16,gk,1,0.807833,0.782500,0.815250,25
0,16,512,16,gk_vals,1,0.457291,0.426625,0.611208,25
0,16,512,16,cpu_vals,1,0.138417,0.134875,0.148917,25
0,16,512,16,cpu,1,0.215083,0.196208,0.237834,25
0,4,256,64,jacobi,1,1.478125,1.466875,1.489042,25
0,4,256,64,block,1,3.116041,3.088125,3.130291,25
0,4,256,64,qr,1,1.509750,1.473000,1.564875,25
0,4,256,64,qrblock,1,2.952917,2.914125,2.993459,25
0,4,256,64,gk,1,2.383625,2.380458,2.387208,25
0,4,256,64,gk_vals,1,1.758000,1.737417,1.792000,25
0,4,256,64,cpu_vals,1,0.226625,0.224959,0.229167,25
0,4,256,64,cpu,1,0.455625,0.452042,0.458167,25
0,256,192,192,jacobi,1,402.943333,402.709916,403.671500,3
0,256,192,192,block,1,148.649625,148.585959,149.207875,5
0,256,192,192,cpu,1,37.252167,37.172833,37.392833,5
0,256,192,192,bidiag,1,870.840500,869.817208,871.803042,3
0,256,192,192,bidiag_vals,1,656.273625,656.270854,656.391896,3
0,256,192,192,cpu_vals,1,18.551791,18.235125,18.782375,9
0,1024,256,64,jacobi,1,105.040583,104.554917,105.165667,5
0,1024,256,64,block,1,45.664084,45.304959,45.807875,5
0,1024,256,64,qr,1,61.649167,61.340375,61.741708,5
0,1024,256,64,qrblock,1,41.996375,41.755292,42.312917,5
0,1024,256,64,gk,1,36.915042,36.806667,36.935875,5
0,1024,256,64,gk_vals,1,19.235646,19.038948,20.603760,8
0,1024,256,64,cpu_vals,1,11.247563,10.704687,11.514490,14
0,1024,256,64,gk_share,1,23.003125,22.993354,23.397292,7
0,1024,256,64,gk_share_vals,1,15.492646,14.835761,15.734073,10
0,1024,256,64,cpu,1,26.725042,25.983854,27.116823,6
0,256,1024,32,jacobi,1,34.938958,34.695000,35.056625,5
0,256,1024,32,block,1,13.209979,13.110136,13.452541,12
0,256,1024,32,qr,1,10.721292,10.590958,10.796499,15
0,256,1024,32,qrblock,1,11.282208,11.161666,11.374948,14
0,256,1024,32,gk,1,10.178667,10.067666,10.263666,15
0,256,1024,32,gk_vals,1,6.518000,6.440521,6.601958,23
0,256,1024,32,cpu_vals,1,3.162417,3.105875,3.253833,25
0,256,1024,32,gk_share,1,9.768270,9.656646,9.948594,16
0,256,1024,32,gk_share_vals,1,5.884250,5.686250,6.178125,25
0,256,1024,32,cpu,1,6.261083,6.168709,6.324499,24
0,1024,96,96,jacobi,1,189.748542,189.079000,190.135084,5
0,1024,96,96,block,1,86.623209,86.575250,86.717000,5
0,1024,96,96,cpu,1,39.989208,39.082791,44.027209,5
0,64,1024,128,jacobi,1,183.884375,183.591625,185.073292,5
0,64,1024,128,block,1,37.453250,37.449584,37.568708,5
0,64,1024,128,qr,1,44.394125,44.250291,44.653000,5
0,64,1024,128,qrblock,1,26.906604,26.839427,27.127156,6
0,64,1024,128,cpu,1,16.885584,16.753917,16.987416,9
0,64,1024,128,bidiag,1,215.921750,215.670042,216.071542,5
0,64,1024,128,bidiag_vals,1,173.263250,173.250125,173.593541,5
0,64,1024,128,cpu_vals,1,7.728667,7.514687,7.863958,20
0,16,16,16,jacobi,1,0.534750,0.523666,0.545667,25
0,16,16,16,gk,1,0.351500,0.346625,0.362542,25
0,16,16,16,gk_vals,1,0.265250,0.263750,0.269167,25
0,16,16,16,cpu_vals,1,0.102667,0.098000,0.107125,25
0,16,16,16,cpu,1,0.112000,0.103000,0.147792,25
0,64,128,16,jacobi,1,1.069666,0.393834,1.090083,25
0,64,128,16,qr,1,0.713042,0.700250,0.725625,25
0,64,128,16,gk,1,0.399834,0.396292,0.403209,25
0,64,128,16,gk_vals,1,0.293334,0.282916,0.296000,25
0,64,128,16,cpu_vals,1,0.184500,0.178500,0.193917,25
0,64,128,16,gk_share,1,0.502042,0.498417,0.507834,25
0,64,128,16,gk_share_vals,1,0.391209,0.386375,0.392292,25
0,64,128,16,cpu,1,0.288542,0.285208,0.292917,25
0,4,256,16,jacobi,1,0.757542,0.383000,0.865750,25
0,4,256,16,qr,1,0.458584,0.454750,0.461250,25
0,4,256,16,gk,1,0.361167,0.356667,0.362625,25
0,4,256,16,gk_vals,1,0.285583,0.264292,0.294625,25
0,4,256,16,cpu_vals,1,0.052125,0.051458,0.054125,25
0,4,256,16,cpu,1,0.075042,0.074000,0.075750,25
1,64,1024,32,jacobi,1,8.008250,7.995146,8.036895,19
1,64,1024,32,block,1,5.743083,5.669917,5.834167,25
1,64,1024,32,qr,1,3.520542,3.471375,3.584666,25
1,64,1024,32,qrblock,1,4.767958,4.709000,5.117750,25
1,64,1024,32,gk,1,3.637584,3.550000,3.684583,25
1,64,1024,32,gk_vals,1,2.236250,1.996250,2.889458,25
1,64,1024,32,cpu_vals,1,1.335959,0.916875,1.386750,25
1,64,1024,32,gk_share,1,3.484375,3.401333,3.667375,25
1,64,1024,32,gk_share_vals,1,2.006250,1.880333,2.630333,25
1,64,1024,32,cpu,1,2.191917,2.136500,2.264666,25
1,1024,256,64,jacobi,1,105.487625,104.492208,106.134167,5
1,1024,256,64,block,1,45.737959,45.248666,45.781125,5
1,1024,256,64,qr,1,61.614375,61.237541,64.082167,5
1,1024,256,64,qrblock,1,42.500834,42.225333,43.897709,5
1,1024,256,64,gk,1,36.040542,35.987459,36.419000,5
1,1024,256,64,gk_vals,1,19.238750,19.165062,19.297011,8
1,1024,256,64,cpu_vals,1,10.827459,10.649948,11.049021,14
1,1024,256,64,gk_share,1,23.091417,22.904875,26.837063,7
1,1024,256,64,gk_share_vals,1,15.358937,15.072416,15.633542,10
1,1024,256,64,cpu,1,27.309188,27.089541,27.358677,6
1,4096,96,96,jacobi,1,756.372125,756.192063,757.395291,3
1,4096,96,96,block,1,345.975916,345.385646,346.640937,3
1,4096,96,96,cpu,1,150.164625,148.977667,153.065500,5
1,256,1024,128,jacobi,1,713.070792,711.216625,713.344313,3
1,256,1024,128,block,1,136.418292,136.150375,136.442875,5
1,256,1024,128,qr,1,158.410375,157.903167,162.361792,5
1,256,1024,128,qrblock,1,99.224250,94.477291,101.647750,5
1,256,1024,128,cpu,1,62.687666,62.447667,63.578958,5
1,256,1024,128,bidiag,1,862.495708,861.818771,862.894041,3
1,256,1024,128,bidiag_vals,1,692.203042,692.125542,692.349958,3
1,256,1024,128,cpu_vals,1,28.494146,28.324250,28.622636,6
1,16,24,24,jacobi,1,0.358458,0.345125,0.822250,25
1,16,24,24,gk,1,0.583917,0.513000,0.600000,25
1,16,24,24,gk_vals,1,0.363208,0.356916,0.372583,25
1,16,24,24,cpu_vals,1,0.084709,0.083875,0.095333,25
1,16,24,24,cpu,1,0.159208,0.157750,0.165458,25
1,1,4096,4096,cpu,1,3455.822000,3453.220667,3456.766896,3
1,1,4096,4096,bidiag,1,1513.074333,1512.268979,1513.855312,3
1,1,4096,4096,bidiag_vals,1,815.111500,813.213687,818.173834,3
1,1,4096,4096,cpu_vals,1,1884.321917,1880.670562,1889.217979,3
1,256,64,32,jacobi,1,2.384875,2.374084,2.423959,25
1,256,64,32,block,1,2.999750,2.974000,3.031042,25
1,256,64,32,qr,1,2.828750,2.792834,2.867625,25
1,256,64,32,qrblock,1,3.503542,3.456583,3.533000,25
1,256,64,32,gk,1,1.544250,1.524625,1.570416,25
1,256,64,32,gk_vals,1,0.948541,0.887584,0.976791,25
1,256,64,32,cpu_vals,1,0.667000,0.612292,0.690375,25
1,256,64,32,gk_share,1,1.013792,1.006166,1.022625,25
1,256,64,32,gk_share_vals,1,0.659834,0.657708,0.663375,25
1,256,64,32,cpu,1,1.473583,1.454458,1.497709,25
1,16,32,32,jacobi,1,0.395583,0.390875,1.072625,25
1,16,32,32,block,1,2.155750,2.140333,2.204666,25
1,16,32,32,gk,1,0.770208,0.722583,0.776333,25
1,16,32,32,gk_vals,1,0.487292,0.469625,0.520708,25
1,16,32,32,cpu_vals,1,0.149375,0.111250,0.287375,25
1,16,32,32,cpu,1,0.192792,0.188250,0.197625,25
1,1024,32,8,jacobi,1,0.541125,0.533792,0.551416,25
1,1024,32,8,qr,1,1.042083,1.029625,1.053750,25
1,1024,32,8,gk,1,0.469000,0.466000,0.480292,25
1,1024,32,8,gk_vals,1,0.290875,0.285625,0.293416,25
1,1024,32,8,cpu_vals,1,0.359416,0.348292,0.479333,25
1,1024,32,8,gk_share,1,0.648250,0.639167,0.663375,25
1,1024,32,8,gk_share_vals,1,0.560125,0.417875,0.588209,25
1,1024,32,8,cpu,1,0.606583,0.597500,0.672541,25
1,64,32,16,jacobi,1,0.846167,0.758166,0.925500,25
1,64,32,16,qr,1,0.591625,0.583708,0.604000,25
1,64,32,16,gk,1,0.354875,0.349334,0.358292,25
1,64,32,16,gk_vals,1,0.257209,0.252625,0.263834,25
1,64,32,16,cpu_vals,1,0.149917,0.139292,0.196917,25
1,64,32,16,gk_share,1,0.465666,0.455542,0.472250,25
1,64,32,16,gk_share_vals,1,0.382250,0.378125,0.386500,25
1,64,32,16,cpu,1,0.225875,0.222042,0.231084,25
1,64,384,384,jacobi,1,1175.513667,1173.414042,1187.530688,3
1,64,384,384,block,1,276.230583,275.834708,277.730667,5
1,64,384,384,cpu,1,45.055458,44.736000,45.060291,5
1,64,384,384,bidiag,1,445.222000,445.199125,445.473708,3
1,64,384,384,bidiag_vals,1,350.805916,350.370604,350.982583,3
1,64,384,384,cpu_vals,1,24.000334,23.858666,24.159771,7
1,1,16,8,jacobi,1,0.316000,0.310917,0.324875,25
1,1,16,8,qr,1,0.548250,0.461541,0.571042,25
1,1,16,8,gk,1,0.257667,0.253250,0.266125,25
1,1,16,8,gk_vals,1,0.201375,0.185417,0.245666,25
1,1,16,8,cpu_vals,1,0.005709,0.005584,0.005958,25
1,1,16,8,cpu,1,0.009959,0.009792,0.010334,25
1,64,48,48,jacobi,1,1.859792,1.853167,1.882167,25
1,64,48,48,block,1,3.646542,3.571667,3.729167,25
1,64,48,48,gk,1,1.203333,1.193667,1.248333,25
1,64,48,48,gk_vals,1,0.881500,0.826292,0.909916,25
1,64,48,48,cpu_vals,1,0.289583,0.275625,0.644583,25
1,64,48,48,gk_share,1,1.304834,1.263958,1.339209,25
1,64,48,48,gk_share_vals,1,0.989500,0.967209,1.014083,25
1,64,48,48,cpu,1,0.692583,0.680000,0.703250,25
1,1,256,128,jacobi,1,5.650208,5.643875,5.656666,25
1,1,256,128,block,1,5.750209,5.509791,5.787125,25
1,1,256,128,qr,1,4.750375,4.742333,4.754750,25
1,1,256,128,qrblock,1,5.758417,5.690958,5.822666,25
1,1,256,128,cpu,1,1.353750,1.345833,1.358958,25
1,1,256,128,bidiag,1,2.974459,2.962292,3.025125,25
1,1,256,128,bidiag_vals,1,2.101083,2.093916,2.205959,25
1,1,256,128,cpu_vals,1,0.785834,0.781375,0.789500,25
1,256,128,64,jacobi,1,13.846708,13.482250,14.124479,11
1,256,128,64,block,1,9.275250,9.187417,9.390708,17
1,256,128,64,qr,1,16.909208,16.303083,17.086750,9
1,256,128,64,qrblock,1,12.284334,11.996708,12.326500,13
1,256,128,64,gk,1,9.723229,9.428219,9.990167,16
1,256,128,64,gk_vals,1,5.715917,5.628041,5.806750,25
1,256,128,64,cpu_vals,1,2.469625,2.260583,2.697542,25
1,256,128,64,gk_share,1,8.168208,8.016458,8.499458,19
1,256,128,64,gk_share_vals,1,4.925000,4.681041,5.111792,25
1,256,128,64,cpu,1,5.702667,5.537125,5.987417,25
1,4,256,16,jacobi,1,0.299166,0.293375,0.776625,25
1,4,256,16,qr,1,0.464000,0.455542,0.471250,25
1,4,256,16,gk,1,0.358625,0.356625,0.360541,25
1,4,256,16,gk_vals,1,0.286250,0.276500,0.295250,25
1,4,256,16,cpu_vals,1,0.051666,0.051208,0.052583,25
1,4,256,16,cpu,1,0.076583,0.074583,0.077666,25
1,4,1024,256,jacobi,1,105.341542,105.201584,105.381292,5
1,4,1024,256,block,1,19.712937,19.684980,19.784907,8
1,4,1024,256,qr,1,33.598667,33.431666,34.030000,5
1,4,1024,256,qrblock,1,16.134374,16.021635,16.303646,10
1,4,1024,256,cpu,1,7.737667,7.251135,7.820573,20
1,4,1024,256,bidiag,1,31.724334,31.699792,31.809417,5
1,4,1024,256,bidiag_vals,1,27.083645,26.949948,27.262813,6
1,4,1024,256,cpu_vals,1,4.086417,3.514167,4.152625,25
1,16,512,512,jacobi,1,836.718583,834.943917,845.323583,3
1,16,512,512,block,1,155.204000,154.036833,155.504666,5
1,16,512,512,cpu,1,28.804730,28.545261,28.813573,6
1,16,512,512,bidiag,1,159.587375,159.208833,159.598042,5
1,16,512,512,bidiag_vals,1,121.791666,121.761375,121.948375,5
1,16,512,512,cpu_vals,1,15.616062,15.540302,15.789198,10
1,16,96,96,jacobi,1,2.603042,2.600625,2.608500,25
1,16,96,96,block,1,4.695583,4.668250,4.719709,25
1,16,96,96,cpu,1,1.306000,0.857375,1.314250,25
1,16,64,32,jacobi,1,1.198125,0.407042,1.261167,25
1,16,64,32,block,1,2.079167,2.054000,2.130500,25
1,16,64,32,qr,1,0.647541,0.639542,0.653792,25
1,16,64,32,qrblock,1,2.309042,2.242042,2.344084,25
1,16,64,32,gk,1,0.786208,0.735667,0.843083,25
1,16,64,32,gk_vals,1,0.539875,0.531958,0.561916,25
1,16,64,32,cpu_vals,1,0.143833,0.137375,0.272250,25
1,16,64,32,cpu,1,0.224333,0.221750,0.234208,25
1,256,512,32,jacobi,1,11.899458,11.711542,11.963458,13
1,256,512,32,block,1,8.504188,8.384604,8.620125,18
1,256,512,32,qr,1,6.951375,6.704813,7.046115,22
1,256,512,32,qrblock,1,7.791459,7.699031,7.936375,20
1,256,512,32,gk,1,5.999750,5.939416,6.087250,25
1,256,512,32,gk_vals,1,4.117416,3.910416,4.275500,25
1,256,512,32,cpu_vals,1,1.976208,1.937542,2.028500,25
1,256,512,32,gk_share,1,5.467750,5.430084,5.509167,25
1,256,512,32,gk_share_vals,1,3.389166,3.322167,3.503042,25
1,256,512,32,cpu,1,3.973583,3.840208,4.136042,25
1,4,32,16,jacobi,1,0.488583,0.481416,0.508625,25
1,4,32,16,qr,1,0.442917,0.430250,0.448333,25
1,4,32,16,gk,1,0.325333,0.321958,0.330292,25
1,4,32,16,gk_vals,1,0.256542,0.249042,0.263833,25
1,4,32,16,cpu_vals,1,0.029167,0.028250,0.029958,25
1,4,32,16,cpu,1,0.047916,0.047292,0.048500,25
1,16,256,16,jacobi,1,0.834041,0.328625,0.926584,25
1,16,256,16,qr,1,0.568084,0.563958,0.578875,25
1,16,256,16,gk,1,0.389917,0.387041,0.396750,25
1,16,256,16,gk_vals,1,0.304750,0.300083,0.308333,25
1,16,256,16,cpu_vals,1,0.134875,0.130042,0.254166,25
1,16,256,16,cpu,1,0.187041,0.182625,0.191375,25
1,16,16,8,jacobi,1,0.351625,0.329375,0.356750,25
1,16,16,8,qr,1,0.406250,0.397916,0.417292,25
1,16,16,8,gk,1,0.223833,0.208958,0.227292,25
1,16,16,8,gk_vals,1,0.191417,0.180291,0.195333,25
1,16,16,8,cpu_vals,1,0.055125,0.052708,0.056500,25
1,16,16,8,cpu,1,0.099834,0.082917,0.102500,25
1,1024,1024,256,qrblock,1,1633.091209,1619.207834,1638.797251,3
1,256,384,384,jacobi,1,4712.678667,4705.820312,4712.930855,3
1,256,384,384,block,1,1143.717458,1142.566125,1146.197417,3
1,256,384,384,cpu,1,174.066375,169.163916,174.656750,5
1,64,256,256,jacobi,1,288.334333,288.309834,288.732000,5
1,64,256,256,block,1,83.874792,83.811708,83.886750,5
1,64,256,256,cpu,1,20.314334,20.158489,20.472073,8
1,64,256,256,bidiag,1,286.389209,286.073625,286.452750,5
1,64,256,256,bidiag_vals,1,224.531166,224.496417,224.628666,5
1,64,256,256,cpu_vals,1,10.977208,10.685323,11.160656,14
1,4,64,64,jacobi,1,1.093041,1.080333,1.132542,25
1,4,64,64,block,1,2.846250,2.814167,2.868875,25
1,4,64,64,gk,1,1.758750,1.716750,1.763916,25
1,4,64,64,gk_vals,1,1.338458,1.300584,1.361125,25
1,4,64,64,cpu_vals,1,0.098917,0.098000,0.100542,25
1,4,64,64,cpu,1,0.228375,0.225500,0.231750,25
1,1024,56,56,jacobi,1,27.925041,27.709312,28.043177,6
1,1024,56,56,block,1,28.369084,28.338521,28.442146,6
1,1024,56,56,gk,1,11.560625,11.505958,11.604459,13
1,1024,56,56,gk_vals,1,4.984125,4.967292,4.987708,25
1,1024,56,56,cpu_vals,1,3.700708,3.468209,4.020875,25
1,1024,56,56,gk_share,1,6.855291,6.796062,6.878343,22
1,1024,56,56,gk_share_vals,1,2.760417,2.752000,2.782125,25
1,1024,56,56,cpu,1,10.611292,10.410270,10.760959,15
1,1,24,24,jacobi,1,0.742625,0.715750,0.790875,25
1,1,24,24,gk,1,0.678083,0.622083,0.700625,25
1,1,24,24,gk_vals,1,0.397500,0.382833,0.416250,25
1,1,24,24,cpu_vals,1,0.013667,0.013584,0.013750,25
1,1,24,24,cpu,1,0.036750,0.036542,0.037208,25
1,16,2048,128,jacobi,1,87.670708,87.613416,87.694292,5
1,16,2048,128,block,1,21.002667,20.947406,21.124771,8
1,16,2048,128,qr,1,13.753917,13.567604,13.878687,11
1,16,2048,128,qrblock,1,14.982813,14.750302,15.249781,10
1,16,2048,128,cpu,1,8.589083,8.478135,8.696760,18
1,16,2048,128,bidiag,1,79.182375,79.004375,79.341416,5
1,16,2048,128,bidiag_vals,1,68.078000,67.901000,68.372417,5
1,16,2048,128,cpu_vals,1,4.181708,4.009416,5.180333,25
1,16,256,32,jacobi,1,1.036792,0.537375,1.055875,25
1,16,256,32,block,1,2.341125,2.290125,2.356334,25
1,16,256,32,qr,1,0.801583,0.787000,0.826916,25
1,16,256,32,qrblock,1,2.248375,2.215958,2.283625,25
1,16,256,32,gk,1,1.251750,1.244625,1.314334,25
1,16,256,32,gk_vals,1,0.749750,0.725583,0.776042,25
1,16,256,32,cpu_vals,1,0.181791,0.163292,0.213584,25
1,16,256,32,cpu,1,0.314375,0.297333,0.368041,25
1,256,2048,256,qr,1,1198.407958,1193.644229,1206.577313,3
1,256,2048,256,qrblock,1,525.484792,522.180792,528.453750,3
1,256,2048,256,cpu,1,267.917375,265.855000,269.049875,5
1,1,1024,32,jacobi,1,1.053125,0.937709,1.113208,25
1,1,1024,32,block,1,4.210125,4.136167,4.280500,25
1,1,1024,32,qr,1,0.691709,0.685792,0.695916,25
1,1,1024,32,qrblock,1,2.379541,2.250125,2.458625,25
1,1,1024,32,gk,1,1.190667,1.101833,1.204333,25
1,1,1024,32,gk_vals,1,0.709250,0.707042,0.731416,25
1,1,1024,32,cpu_vals,1,0.105291,0.105208,0.106167,25
1,1,1024,32,cpu,1,0.225334,0.223917,0.230667,25
1,16,128,64,jacobi,1,1.282375,1.233000,1.332500,25
1,16,128,64,block,1,2.892250,2.827834,2.962875,25
1,16,128,64,qr,1,1.678250,1.654416,1.718416,25
1,16,128,64,qrblock,1,3.275750,3.252000,3.311958,25
1,16,128,64,gk,1,2.587209,2.541625,2.597166,25
1,16,128,64,gk_vals,1,1.876292,1.846458,1.891042,25
1,16,128,64,cpu_vals,1,0.322458,0.262084,0.574209,25
1,16,128,64,cpu,1,0.501167,0.497834,0.695000,25
1,4096,1024,128,qr,1,2354.992375,2353.310416,2356.965395,3
1,4096,1024,128,qrblock,1,1265.471833,1265.151813,1290.990000,3
1,4096,1024,128,cpu,1,920.393000,919.422104,924.426021,3
1,64,128,16,jacobi,1,1.090500,0.406042,1.135250,25
1,64,128,16,qr,1,0.723375,0.715625,0.732458,25
1,64,128,16,gk,1,0.398166,0.395084,0.400667,25
1,64,128,16,gk_vals,1,0.279250,0.274958,0.291041,25
1,64,128,16,cpu_vals,1,0.179000,0.173833,0.188375,25
1,64,128,16,gk_share,1,0.496917,0.493583,0.499209,25
1,64,128,16,gk_share_vals,1,0.385917,0.382750,0.388333,25
1,64,128,16,cpu,1,0.288166,0.284000,0.291250,25
1,4096,512,16,jacobi,1,47.085875,46.114125,47.313875,5
1,4096,512,16,qr,1,37.459917,37.284542,37.626708,5
1,4096,512,16,gk,1,35.101542,34.932416,35.428916,5
1,4096,512,16,gk_vals,1,21.139584,20.877468,21.505771,8
1,4096,512,16,cpu_vals,1,9.009000,8.886667,9.073750,17
1,4096,512,16,gk_share,1,20.008041,19.003969,20.789261,8
1,4096,512,16,gk_share_vals,1,11.371604,10.861303,11.571729,14
1,4096,512,16,cpu,1,19.586063,19.369292,19.949824,8
1,256,128,16,jacobi,1,0.982250,0.933625,1.453083,25
1,256,128,16,qr,1,1.288625,1.273666,1.337625,25
1,256,128,16,gk,1,0.736334,0.728542,0.740541,25
1,256,128,16,gk_vals,1,0.437208,0.428584,0.498666,25
1,256,128,16,cpu_vals,1,0.340375,0.317208,0.645500,25
1,256,128,16,gk_share,1,0.639750,0.633500,0.681959,25
1,256,128,16,gk_share_vals,1,0.437416,0.433500,0.501542,25
1,256,128,16,cpu,1,0.690459,0.662042,0.697959,25
1,1,1024,64,jacobi,1,4.491708,4.488542,4.501417,25
1,1,1024,64,block,1,5.108292,5.087000,5.145917,25
1,1,1024,64,qr,1,1.557417,1.508834,1.606500,25
1,1,1024,64,qrblock,1,2.841625,2.806084,2.862292,25
1,1,1024,64,gk,1,2.482458,2.437000,2.484666,25
1,1,1024,64,gk_vals,1,1.864333,1.852875,1.876625,25
1,1,1024,64,cpu_vals,1,0.269542,0.267250,0.270209,25
1,1,1024,64,cpu,1,0.587167,0.583916,0.589375,25
1,1024,256,32,jacobi,1,21.921125,21.824604,22.012083,7
1,1024,256,32,block,1,14.510917,14.399563,14.572188,11
1,1024,256,32,qr,1,14.975979,14.831635,15.052896,10
1,1024,256,32,qrblock,1,14.145625,14.023625,14.209479,11
1,1024,256,32,gk,1,11.218104,11.151156,11.227239,14
1,1024,256,32,gk_vals,1,6.651750,6.579584,6.721687,23
1,1024,256,32,cpu_vals,1,3.885791,3.858917,3.918708,25
1,1024,256,32,gk_share,1,10.261250,10.074480,10.557792,15
1,1024,256,32,gk_share_vals,1,4.844500,4.752125,4.874334,25
1,1024,256,32,cpu,1,8.509583,8.412948,8.554604,18
1,1024,16,16,jacobi,1,1.764625,1.756000,1.775375,25
1,1024,16,16,gk,1,0.907250,0.822875,0.910667,25
1,1024,16,16,gk_vals,1,0.478250,0.471209,0.550625,25
1,1024,16,16,cpu_vals,1,0.553125,0.523584,0.662333,25
1,1024,16,16,gk_share,1,0.892875,0.887708,0.898208,25
1,1024,16,16,gk_share_vals,1,0.620167,0.615541,0.632334,25
1,1024,16,16,cpu,1,1.187042,1.140375,1.198000,25
1,4,768,768,jacobi,1,1261.832125,1261.510166,1262.170000,3
1,4,768,768,block,1,115.172708,115.171958,115.408875,5
1,4,768,768,cpu,1,39.285875,39.113375,39.821458,5
1,4,768,768,bidiag,1,80.208125,80.081958,80.239208,5
1,4,768,768,bidiag_vals,1,55.165292,55.130792,55.178125,5
1,4,768,768,cpu_vals,1,18.376833,18.306916,18.426375,9
1,16,512,32,jacobi,1,0.803542,0.780500,1.146875,25
1,16,512,32,block,1,2.862000,2.842375,2.948000,25
1,16,512,32,qr,1,0.960417,0.943417,0.981417,25
1,16,512,32,qrblock,1,2.375958,2.355209,2.407917,25
1,16,512,32,gk,1,1.460666,1.427958,1.481375,25
1,16,512,32,gk_vals,1,0.883750,0.855333,0.903166,25
1,16,512,32,cpu_vals,1,0.252542,0.216917,0.574084,25
1,16,512,32,cpu,1,0.396250,0.385792,0.411125,25
1,16,1024,256,jacobi,1,175.473375,175.418459,175.533792,5
1,16,1024,256,block,1,37.975000,37.850750,38.065833,5
1,16,1024,256,qr,1,66.220375,66.201000,66.426958,5
1,16,1024,256,qrblock,1,28.027521,27.814656,28.187417,6
1,16,1024,256,cpu,1,12.138875,11.938041,12.366584,13
1,16,1024,256,bidiag,1,122.103417,122.014167,122.262083,5
1,16,1024,256,bidiag_vals,1,104.730083,104.381583,104.771000,5
1,16,1024,256,cpu_vals,1,7.586333,7.312750,7.824167,21
1,64,192,192,jacobi,1,109.195208,108.867042,109.197708,5
1,64,192,192,block,1,37.495042,37.483125,37.510750,5
1,64,192,192,cpu,1,10.271875,10.196770,10.558563,15
1,64,192,192,bidiag,1,217.939417,217.897500,217.965459,5
1,64,192,192,bidiag_vals,1,163.794625,163.742833,164.029500,5
1,64,192,192,cpu_vals,1,5.250541,5.161916,5.640583,25
1,4096,128,64,jacobi,1,284.283667,284.114291,284.364625,5
1,4096,128,64,block,1,129.030750,128.847917,129.202417,5
1,4096,128,64,qr,1,228.697791,225.396875,230.805709,5
1,4096,128,64,qrblock,1,134.400541,134.294709,134.717167,5
1,4096,128,64,gk,1,110.411917,109.169917,110.741792,5
1,4096,128,64,gk_vals,1,49.328750,49.061375,49.416709,5
1,4096,128,64,cpu_vals,1,29.776271,29.538927,29.884990,6
1,4096,128,64,gk_share,1,61.736792,60.818167,61.767709,5
1,4096,128,64,gk_share_vals,1,29.658438,29.550865,29.830135,6
1,4096,128,64,cpu,1,76.643166,76.332416,77.106292,5
1,64,512,32,jacobi,1,2.271625,2.244209,2.322500,25
1,64,512,32,block,1,3.664750,3.630709,3.739291,25
1,64,512,32,qr,1,2.127875,2.094375,2.175459,25
1,64,512,32,qrblock,1,3.217959,3.174417,3.247917,25
1,64,512,32,gk,1,2.188042,2.144917,2.231667,25
1,64,512,32,gk_vals,1,1.320542,1.298708,1.373584,25
1,64,512,32,cpu_vals,1,0.721167,0.552042,0.746000,25
1,64,512,32,gk_share,1,2.239958,2.185708,2.295084,25
1,64,512,32,gk_share_vals,1,1.453000,1.356208,1.596959,25
1,64,512,32,cpu,1,1.075125,1.056500,1.566250,25
1,1,16,16,jacobi,1,0.521375,0.515417,0.532083,25
1,1,16,16,gk,1,0.336541,0.329917,0.379292,25
1,1,16,16,gk_vals,1,0.256291,0.251834,0.267583,25
1,1,16,16,cpu_vals,1,0.009000,0.008667,0.009042,25
1,1,16,16,cpu,1,0.018917,0.018458,0.019542,25
1,4,256,128,jacobi,1,5.753792,5.750875,5.764916,25
1,4,256,128,block,1,5.853042,5.767750,5.915125,25
1,4,256,128,qr,1,5.106500,5.098625,5.110208,25
1,4,256,128,qrblock,1,6.033250,6.001583,6.095584,25
1,4,256,128,cpu,1,1.903500,1.889500,1.914291,25
1,4,256,128,bidiag,1,10.232750,10.174187,10.254500,15
1,4,256,128,bidiag_vals,1,7.840125,7.788792,7.847271,20
1,4,256,128,cpu_vals,1,1.096042,1.080625,1.103083,25
1,256,512,16,jacobi,1,2.691208,2.632833,2.769167,25
1,256,512,16,qr,1,3.230500,2.399833,3.501625,25
1,256,512,16,gk,1,2.987958,2.227750,3.270667,25
1,256,512,16,gk_vals,1,1.801084,1.556625,2.255084,25
1,256,512,16,cpu_vals,1,1.284375,0.940125,1.310166,25
1,256,512,16,gk_share,1,2.183250,2.164333,3.000292,25
1,256,512,16,gk_share_vals,1,1.660500,1.267209,1.857042,25
1,256,512,16,cpu,1,1.981208,1.950083,1.992000,25
1,64,24,24,jacobi,1,0.901417,0.609833,0.990667,25
1,64,24,24,gk,1,0.523542,0.518834,0.530750,25
1,64,24,24,gk_vals,1,0.362125,0.359959,0.363875,25
1,64,24,24,cpu_vals,1,0.158791,0.156542,0.163083,25
1,64,24,24,gk_share,1,0.626791,0.622708,0.635584,25
1,64,24,24,gk_share_vals,1,0.459709,0.452250,0.463042,25
1,64,24,24,cpu,1,0.285417,0.281834,0.297750,25
1,1,128,64,jacobi,1,1.098125,1.095625,1.101084,25
1,1,128,64,block,1,2.841833,2.772500,2.901792,25
1,1,128,64,qr,1,1.274625,1.259250,1.327709,25
1,1,128,64,qrblock,1,2.762750,2.723084,2.784667,25
1,1,128,64,gk,1,2.071917,2.032625,2.079958,25
1,1,128,64,gk_vals,1,1.473250,1.466958,1.496292,25
1,1,128,64,cpu_vals,1,0.112458,0.111792,0.113833,25
1,1,128,64,cpu,1,0.270667,0.268583,0.275708,25
1,16,384,384,jacobi,1,235.185334,235.033667,235.876208,5
1,16,384,384,block,1,67.073416,67.050958,67.077958,5
1,16,384,384,cpu,1,13.096042,13.027104,13.201084,12
1,16,384,384,bidiag,1,113.935375,113.875583,113.982583,5
1,16,384,384,bidiag_vals,1,88.279166,88.277250,88.384000,5
1,16,384,384,cpu_vals,1,9.157937,8.917302,9.479563,16
1,64,16,16,jacobi,1,0.890750,0.333542,1.001833,25
1,64,16,16,gk,1,0.363917,0.361292,0.366417,25
1,64,16,16,gk_vals,1,0.264084,0.258958,0.273709,25
1,64,16,16,cpu_vals,1,0.269250,0.132209,0.395125,25
1,64,16,16,gk_share,1,0.457625,0.452667,0.460708,25
1,64,16,16,gk_share_vals,1,0.370958,0.368333,0.374709,25
1,64,16,16,cpu,1,0.179000,0.175875,0.183417,25
1,4096,80,80,jacobi,1,428.996583,428.923791,429.913541,3
1,4096,80,80,block,1,307.728875,307.645250,309.014313,3
1,4096,80,80,gk,1,149.945625,149.910083,150.047417,5
1,4096,80,80,gk_vals,1,61.996791,61.979791,62.033917,5
1,4096,80,80,cpu_vals,1,50.521125,50.381209,51.930834,5
1,4096,80,80,gk_share,1,66.064459,65.886375,66.465583,5
1,4096,80,80,gk_share_vals,1,33.424792,32.419375,33.676959,5
1,4096,80,80,cpu,1,96.580500,96.551542,96.743000,5
1,4096,64,16,jacobi,1,6.967542,6.938583,7.004094,22
1,4096,64,16,qr,1,9.550166,9.435010,9.594240,16
1,4096,64,16,gk,1,4.572917,4.550708,4.618875,25
1,4096,64,16,gk_vals,1,1.928166,1.913500,1.945958,25
1,4096,64,16,cpu_vals,1,3.175292,2.817125,3.307166,25
1,4096,64,16,gk_share,1,3.967708,3.948875,3.999541,25
1,4096,64,16,gk_share_vals,1,1.649750,1.637709,1.681000,25
1,4096,64,16,cpu,1,7.827875,7.696136,7.964812,20
1,1024,64,8,jacobi,1,0.662875,0.655625,0.676792,25
1,1024,64,8,qr,1,1.219416,1.207584,1.252667,25
1,1024,64,8,gk,1,0.616291,0.613208,0.622292,25
1,1024,64,8,gk_vals,1,0.332541,0.328167,0.336500,25
1,1024,64,8,cpu_vals,1,0.519083,0.398709,0.644083,25
1,1024,64,8,gk_share,1,0.758833,0.716875,0.772583,25
1,1024,64,8,gk_share_vals,1,0.430625,0.425917,0.434416,25
1,1024,64,8,cpu,1,0.708250,0.688334,0.727500,25
1,64,128,32,jacobi,1,1.071959,1.030584,1.532208,25
1,64,128,32,block,1,2.198541,2.136542,2.293333,25
1,64,128,32,qr,1,1.338458,1.272334,1.357125,25
1,64,128,32,qrblock,1,2.369250,2.342250,2.418875,25
1,64,128,32,gk,1,0.946667,0.891417,0.994792,25
1,64,128,32,gk_vals,1,0.588625,0.578583,0.593084,25
1,64,128,32,cpu_vals,1,0.286417,0.256125,0.644792,25
1,64,128,32,gk_share,1,1.065792,1.030416,1.078541,25
1,64,128,32,gk_share_vals,1,0.670208,0.665834,0.682166,25
1,64,128,32,cpu,1,0.525000,0.519833,0.595250,25
1,1,128,32,jacobi,1,0.488292,0.391458,1.249709,25
1,1,128,32,block,1,2.099625,2.035584,2.178917,25
1,1,128,32,qr,1,0.561375,0.552833,0.567375,25
1,1,128,32,qrblock,1,2.316917,2.272917,2.432042,25
1,1,128,32,gk,1,0.808958,0.743208,0.821250,25
1,1,128,32,gk_vals,1,0.529458,0.518042,0.551542,25
1,1,128,32,cpu_vals,1,0.032375,0.032167,0.032583,25
1,1,128,32,cpu,1,0.090500,0.089334,0.093416,25
1,16,1024,64,jacobi,1,5.265875,5.258125,5.273875,25
1,16,1024,64,block,1,6.386604,6.307292,6.483250,24
1,16,1024,64,qr,1,3.415709,3.394250,3.521208,25
1,16,1024,64,qrblock,1,5.051583,4.982584,5.113042,25
1,16,1024,64,gk,1,4.501875,4.473375,4.553042,25
1,16,1024,64,gk_vals,1,3.109125,3.044917,3.480459,25
1,16,1024,64,cpu_vals,1,0.874875,0.838959,1.394541,25
1,16,1024,64,cpu,1,1.745208,1.682000,2.202500,25
1,256,128,128,jacobi,1,118.169125,118.158708,118.962584,5
1,256,128,128,block,1,48.163417,48.156875,48.180334,5
1,256,128,128,cpu,1,21.614792,21.473000,21.865771,7
1,256,128,128,bidiag,1,565.242000,564.811166,565.260667,3
1,256,128,128,bidiag_vals,1,417.983542,417.498334,418.071312,3
1,256,128,128,cpu_vals,1,14.312000,14.188583,14.354000,11
1,1,192,192,jacobi,1,14.870125,14.867875,14.882041,11
1,1,192,192,block,1,9.297834,8.989708,9.368834,17
1,1,192,192,cpu,1,1.906166,1.890166,1.929542,25
1,1,192,192,bidiag,1,4.168042,4.145834,4.192334,25
1,1,192,192,bidiag_vals,1,2.813417,2.809167,2.822667,25
1,1,192,192,cpu_vals,1,0.845917,0.842000,0.850167,25
1,64,512,64,jacobi,1,11.139646,11.075948,11.274260,14
1,64,512,64,block,1,6.626250,6.533354,6.748916,23
1,64,512,64,qr,1,6.738000,6.713876,6.795021,23
1,64,512,64,qrblock,1,7.444000,7.369042,7.587083,21
1,64,512,64,gk,1,6.174250,6.107417,6.253125,25
1,64,512,64,gk_vals,1,4.622417,4.469416,4.754875,25
1,64,512,64,cpu_vals,1,1.858542,1.734417,1.892583,25
1,64,512,64,gk_share,1,6.048958,5.928334,6.130209,25
1,64,512,64,gk_share_vals,1,4.248416,4.173500,4.305333,25
1,64,512,64,cpu,1,3.350959,3.304667,3.528166,25
1,4096,64,8,jacobi,1,1.992833,1.965417,2.018958,25
1,4096,64,8,qr,1,3.184375,3.146958,3.231208,25
1,4096,64,8,gk,1,1.840416,1.825125,1.879167,25
1,4096,64,8,gk_vals,1,0.849291,0.760666,0.860333,25
1,4096,64,8,cpu_vals,1,1.439458,1.259208,1.837000,25
1,4096,64,8,gk_share,1,1.735292,1.726375,1.747875,25
1,4096,64,8,gk_share_vals,1,1.049084,1.009625,1.053625,25
1,4096,64,8,cpu,1,2.952334,2.550500,3.018916,25
1,64,128,8,jacobi,1,0.284833,0.261959,0.578250,25
1,64,128,8,qr,1,0.539792,0.522583,0.608708,25
1,64,128,8,gk,1,0.255042,0.253416,0.258042,25
1,64,128,8,gk_vals,1,0.198208,0.189542,0.207250,25
1,64,128,8,cpu_vals,1,0.299500,0.147625,0.322792,25
1,64,128,8,gk_share,1,0.345917,0.344000,0.349584,25
1,64,128,8,gk_share_vals,1,0.303166,0.293375,0.305834,25
1,64,128,8,cpu,1,0.191625,0.187583,0.197625,25
1,1,4,4,jacobi,1,0.237250,0.212625,0.248459,25
1,1,4,4,gk,1,0.258833,0.248250,0.270458,25
1,1,4,4,gk_vals,1,0.231125,0.211084,0.243500,25
1,1,4,4,cpu_vals,1,0.003750,0.003709,0.004125,25
1,1,4,4,cpu,1,0.003917,0.003917,0.004291,25
1,16,2048,64,jacobi,1,19.524417,19.499448,19.560041,8
1,16,2048,64,block,1,10.248334,10.179479,10.358666,15
1,16,2048,64,qr,1,4.956208,4.938625,5.018875,25
1,16,2048,64,qrblock,1,6.707458,6.560479,6.789416,23
1,16,2048,64,gk,1,6.041666,5.942667,6.089083,25
1,16,2048,64,gk_vals,1,4.658667,4.591000,4.786167,25
1,16,2048,64,cpu_vals,1,1.775417,1.487125,1.850542,25
1,16,2048,64,cpu,1,3.131375,3.047500,3.217917,25
1,1,3072,3072,cpu,1,1272.945959,1272.396187,1273.340583,3
1,1,3072,3072,bidiag,1,604.725000,604.230000,604.807188,3
1,1,3072,3072,bidiag_vals,1,329.447584,328.413813,330.594355,3
1,1,3072,3072,cpu_vals,1,685.251042,681.764542,688.840417,3
1,4096,512,128,qr,1,2067.679083,2058.496729,2072.926979,3
1,4096,512,128,qrblock,1,965.572709,959.749313,965.583646,3
1,4096,512,128,cpu,1,600.732917,600.629917,602.785646,3
1,256,512,256,jacobi,1,1731.315500,1731.115959,1733.772979,3
1,256,512,256,block,1,415.461500,415.367292,415.716083,3
1,256,512,256,qr,1,1071.140208,1066.767125,1073.026833,3
1,256,512,256,qrblock,1,349.147000,348.771375,349.504625,3
1,256,512,256,cpu,1,115.760458,114.734875,116.578041,5
1,1,64,32,jacobi,1,0.391958,0.373083,0.741125,25
1,1,64,32,block,1,2.077250,1.991083,2.149208,25
1,1,64,32,qr,1,0.533625,0.520625,0.539583,25
1,1,64,32,qrblock,1,2.326125,2.274916,2.357500,25
1,1,64,32,gk,1,0.719000,0.676500,0.748167,25
1,1,64,32,gk_vals,1,0.510167,0.505125,0.534500,25
1,1,64,32,cpu_vals,1,0.028583,0.028500,0.028875,25
1,1,64,32,cpu,1,0.070333,0.070166,0.070500,25
1,1,1024,128,jacobi,1,18.381875,18.348834,18.389083,9
1,1,1024,128,block,1,8.751105,8.721864,8.790406,18
1,1,1024,128,qr,1,5.550041,5.542583,5.552667,25
1,1,1024,128,qrblock,1,6.515458,6.412459,6.569386,24
1,1,1024,128,cpu,1,2.156917,2.149750,2.179833,25
1,1,1024,128,bidiag,1,3.798708,3.790833,3.813584,25
1,1,1024,128,bidiag_vals,1,2.905000,2.900750,2.915459,25
1,1,1024,128,cpu_vals,1,1.159209,1.154459,1.163458,25
1,1,128,128,jacobi,1,4.901667,4.895291,4.910083,25
1,1,128,128,block,1,6.027958,5.986500,6.201667,25
1,1,128,128,cpu,1,1.031041,1.028167,1.033667,25
1,1,128,128,bidiag,1,2.612250,2.600333,2.647166,25
1,1,128,128,bidiag_vals,1,1.743667,1.740708,1.746458,25
1,1,128,128,cpu_vals,1,0.635833,0.632541,0.636667,25
1,4,512,512,jacobi,1,327.152542,327.072875,327.207354,3
1,4,512,512,block,1,48.408125,48.404958,48.448250,5
1,4,512,512,cpu,1,18.821563,18.479520,19.157229,8
1,4,512,512,bidiag,1,43.843250,43.779708,44.081459,5
1,4,512,512,bidiag_vals,1,32.270250,32.269750,32.414375,5
1,4,512,512,cpu_vals,1,9.056458,8.926666,9.146917,17
1,4096,128,16,jacobi,1,9.313708,9.298625,9.381541,17
1,4096,128,16,qr,1,12.245833,12.209750,12.340625,13
1,4096,128,16,gk,1,7.291042,7.238542,7.335334,21
1,4096,128,16,gk_vals,1,2.861542,2.856250,2.867500,25
1,4096,128,16,cpu_vals,1,3.651042,3.619250,3.689834,25
1,4096,128,16,gk_share,1,7.002333,6.961583,7.183084,21
1,4096,128,16,gk_share_vals,1,2.390708,2.349584,2.674792,25
1,4096,128,16,cpu,1,9.067125,8.988167,9.199459,17
1,1024,16,8,jacobi,1,0.587417,0.574000,0.605916,25
1,1024,16,8,qr,1,0.986375,0.964125,1.048708,25
1,1024,16,8,gk,1,0.396250,0.392500,0.398583,25
1,1024,16,8,gk_vals,1,0.277667,0.274500,0.280000,25
1,1024,16,8,cpu_vals,1,0.438416,0.367250,0.626291,25
1,1024,16,8,gk_share,1,0.627500,0.618042,0.652500,25
1,1024,16,8,gk_share_vals,1,0.406208,0.388209,0.412166,25
1,1024,16,8,cpu,1,0.612000,0.555834,0.635417,25
1,1,256,64,jacobi,1,1.450375,1.439750,1.498500,25
1,1,256,64,block,1,3.136666,3.094000,3.239958,25
1,1,256,64,qr,1,1.358541,1.327708,1.399917,25
1,1,256,64,qrblock,1,2.797417,2.751917,2.845959,25
1,1,256,64,gk,1,2.151042,2.136792,2.159375,25
1,1,256,64,gk_vals,1,1.552042,1.530875,1.558625,25
1,1,256,64,cpu_vals,1,0.128083,0.127042,0.128875,25
1,1,256,64,cpu,1,0.296583,0.295500,0.298875,25
1,4,512,128,jacobi,1,10.446709,10.429292,10.453312,15
1,4,512,128,block,1,6.885479,6.825052,6.979781,22
1,4,512,128,qr,1,5.653375,5.640583,5.679584,25
1,4,512,128,qrblock,1,6.558959,6.520499,6.582771,23
1,4,512,128,cpu,1,1.948459,1.930458,1.964958,25
1,4,512,128,bidiag,1,11.588042,11.584417,11.687625,13
1,4,512,128,bidiag_vals,1,9.227125,9.214917,9.238666,17
1,4,512,128,cpu_vals,1,1.163000,1.112166,1.169500,25
1,64,8,8,jacobi,1,0.396500,0.389250,0.404208,25
1,64,8,8,gk,1,0.265500,0.248042,0.489500,25
1,64,8,8,gk_vals,1,0.205750,0.201125,0.211167,25
1,64,8,8,cpu_vals,1,0.177750,0.099875,0.187542,25
1,64,8,8,gk_share,1,0.328625,0.324459,0.332625,25
1,64,8,8,gk_share_vals,1,0.295375,0.290917,0.297750,25
1,64,8,8,cpu,1,0.132750,0.116416,0.318208,25
1,1,8,8,jacobi,1,0.300667,0.291208,0.319667,25
1,1,8,8,gk,1,0.400750,0.375167,0.444333,25
1,1,8,8,gk_vals,1,0.193750,0.177500,0.243500,25
1,1,8,8,cpu_vals,1,0.005042,0.005041,0.005084,25
1,1,8,8,cpu,1,0.008417,0.008375,0.008708,25
1,4,384,384,jacobi,1,126.861708,126.823791,126.984333,5
1,4,384,384,block,1,28.863000,28.725437,28.932218,6
1,4,384,384,cpu,1,8.688937,8.629969,8.813979,18
1,4,384,384,bidiag,1,29.739625,29.655636,29.846583,6
1,4,384,384,bidiag_vals,1,22.771916,22.731020,22.834208,7
1,4,384,384,cpu_vals,1,4.187500,4.169125,4.240750,25
1,4,256,8,jacobi,1,0.472833,0.464667,0.489583,25
1,4,256,8,qr,1,0.428292,0.423042,0.432875,25
1,4,256,8,gk,1,0.246167,0.244292,0.249166,25
1,4,256,8,gk_vals,1,0.197375,0.184500,0.222333,25
1,4,256,8,cpu_vals,1,0.027875,0.027500,0.028417,25
1,4,256,8,cpu,1,0.051000,0.049416,0.052375,25
1,16,8,8,jacobi,1,0.354625,0.342042,0.380750,25
1,16,8,8,gk,1,0.234000,0.223083,0.238584,25
1,16,8,8,gk_vals,1,0.206167,0.196667,0.208000,25
1,16,8,8,cpu_vals,1,0.045125,0.044708,0.047125,25
1,16,8,8,cpu,1,0.077000,0.058250,0.080959,25
1,1024,32,16,jacobi,1,1.748958,1.739500,1.762000,25
1,1024,32,16,qr,1,2.418917,2.386916,2.439875,25
1,1024,32,16,gk,1,1.125792,1.085750,1.134083,25
1,1024,32,16,gk_vals,1,0.537166,0.534458,0.540500,25
1,1024,32,16,cpu_vals,1,0.687750,0.670917,0.703417,25
1,1024,32,16,gk_share,1,1.286708,1.244083,1.296458,25
1,1024,32,16,gk_share_vals,1,0.870750,0.854834,0.888625,25
1,1024,32,16,cpu,1,1.822375,1.808875,1.842417,25
1,16,40,40,jacobi,1,0.727958,0.576792,1.077625,25
1,16,40,40,block,1,2.501416,2.466917,2.526125,25
1,16,40,40,gk,1,0.913458,0.812458,0.917917,25
1,16,40,40,gk_vals,1,0.703459,0.647500,0.728625,25
1,16,40,40,cpu_vals,1,0.142792,0.132167,0.239958,25
1,16,40,40,cpu,1,0.245875,0.242250,0.251875,25
1,256,2048,128,jacobi,1,1707.870417,1705.736646,1708.832917,3
1,256,2048,128,block,1,241.099542,240.107833,242.716584,5
1,256,2048,128,qr,1,216.647167,215.018459,218.259917,5
1,256,2048,128,qrblock,1,156.614166,156.229000,157.342458,5
1,256,2048,128,cpu,1,108.723583,107.862292,109.329708,5
1,256,2048,128,bidiag,1,1264.334542,1262.838188,1265.066042,3
1,256,2048,128,bidiag_vals,1,1081.176875,1079.583187,1081.592292,3
1,256,2048,128,cpu_vals,1,45.826667,45.413541,45.943792,5
1,256,16,8,jacobi,1,0.728917,0.675500,0.740833,25
1,256,16,8,qr,1,0.589625,0.574334,0.601917,25
1,256,16,8,gk,1,0.250166,0.249084,0.252083,25
1,256,16,8,gk_vals,1,0.199000,0.183625,0.205667,25
1,256,16,8,cpu_vals,1,0.165708,0.162167,0.167416,25
1,256,16,8,gk_share,1,0.387833,0.386042,0.390583,25
1,256,16,8,gk_share_vals,1,0.344875,0.337792,0.348042,25
1,256,16,8,cpu,1,0.237625,0.235250,0.242250,25
1,1024,40,40,jacobi,1,13.976292,13.781979,14.019979,11
1,1024,40,40,block,1,23.771500,23.610958,23.809833,7
1,1024,40,40,gk,1,4.795875,4.788500,4.804625,25
1,1024,40,40,gk_vals,1,2.202708,2.178958,2.245625,25
1,1024,40,40,cpu_vals,1,2.455917,1.999667,2.537250,25
1,1024,40,40,gk_share,1,3.660667,3.616250,3.907167,25
1,1024,40,40,gk_share_vals,1,1.674500,1.672209,1.684709,25
1,1024,40,40,cpu,1,6.532542,6.264271,6.770062,24
1,2,2048,2048,cpu,1,577.095000,560.526229,579.608438,3
1,2,2048,2048,bidiag,1,386.952750,385.844854,387.249750,3
1,2,2048,2048,bidiag_vals,1,195.719292,195.672250,196.117750,5
1,2,2048,2048,cpu_vals,1,276.368958,275.354000,277.783542,5
1,1024,256,128,jacobi,1,518.356792,516.327521,519.263021,3
1,1024,256,128,block,1,220.185750,219.899666,221.853708,5
1,1024,256,128,qr,1,483.435084,483.083292,486.241230,3
1,1024,256,128,qrblock,1,204.416208,202.866500,205.295833,5
1,1024,256,128,cpu,1,118.447917,118.385792,118.690375,5
1,64,256,8,jacobi,1,0.553458,0.548958,0.562458,25
1,64,256,8,qr,1,0.623208,0.604583,0.677916,25
1,64,256,8,gk,1,0.286834,0.285666,0.288958,25
1,64,256,8,gk_vals,1,0.219375,0.211750,0.221625,25
1,64,256,8,cpu_vals,1,0.194542,0.179167,0.445375,25
1,64,256,8,gk_share,1,0.370958,0.365791,0.378416,25
1,64,256,8,gk_share_vals,1,0.307125,0.304625,0.310125,25
1,64,256,8,cpu,1,0.219167,0.212542,0.234375,25
1,64,32,32,jacobi,1,0.879875,0.777375,1.746292,25
1,64,32,32,block,1,2.280459,2.237875,2.305750,25
1,64,32,32,gk,1,0.708750,0.702958,0.812916,25
1,64,32,32,gk_vals,1,0.496083,0.491125,0.531334,25
1,64,32,32,cpu_vals,1,0.201792,0.196333,0.221417,25
1,64,32,32,gk_share,1,0.879625,0.795042,0.902041,25
1,64,32,32,gk_share_vals,1,0.576250,0.575125,0.579292,25
1,64,32,32,cpu,1,0.388458,0.380625,0.435958,25
1,1024,1024,64,jacobi,1,624.774542,624.179709,625.200542,3
1,1024,1024,64,block,1,122.422958,121.476959,123.381125,5
1,1024,1024,64,qr,1,110.794959,109.049292,112.125791,5
1,1024,1024,64,qrblock,1,89.832875,89.812083,90.597500,5
1,1024,1024,64,gk,1,82.445083,82.252166,83.129542,5
1,1024,1024,64,gk_vals,1,47.250250,47.122083,47.706834,5
1,1024,1024,64,cpu_vals,1,33.265125,33.260250,33.367333,5
1,1024,1024,64,gk_share,1,69.762250,68.954084,71.257084,5
1,1024,1024,64,gk_share_vals,1,43.154750,39.530208,47.976292,5
1,1024,1024,64,cpu,1,69.330959,69.193666,69.399708,5
1,1,1536,1536,cpu,1,176.909083,176.710167,177.034458,5
1,1,1536,1536,bidiag,1,133.254667,129.773833,134.940667,5
1,1,1536,1536,bidiag_vals,1,58.877667,58.719542,58.883083,5
1,1,1536,1536,cpu_vals,1,84.539084,84.484291,84.598208,5
1,4,256,256,jacobi,1,34.715250,34.706583,34.716583,5
1,4,256,256,block,1,14.247375,14.212958,14.336688,11
1,4,256,256,cpu,1,4.156958,4.142833,4.177166,25
1,4,256,256,bidiag,1,18.310750,18.225916,18.362083,9
1,4,256,256,bidiag_vals,1,14.442041,14.384042,14.490729,11
1,4,256,256,cpu_vals,1,2.307875,2.296625,2.326333,25
1,1024,48,48,jacobi,1,21.136750,21.026438,21.163094,8
1,1024,48,48,block,1,25.995833,25.894552,26.106677,6
1,1024,48,48,gk,1,7.163250,7.155584,7.176000,21
1,1024,48,48,gk_vals,1,3.248875,3.243042,3.254500,25
1,1024,48,48,cpu_vals,1,2.735917,2.611500,3.249084,25
1,1024,48,48,gk_share,1,5.125125,5.113500,5.143708,25
1,1024,48,48,gk_share_vals,1,2.195167,2.189250,2.204500,25
1,1024,48,48,cpu,1,8.946500,8.884625,9.042542,17
1,4,96,96,jacobi,1,2.394334,2.392708,2.398958,25
1,4,96,96,block,1,4.086333,4.002917,4.148041,25
1,4,96,96,cpu,1,0.691000,0.672459,0.696084,25
1,256,8,8,jacobi,1,0.657458,0.314916,0.760750,25
1,256,8,8,gk,1,0.252084,0.250500,0.257833,25
1,256,8,8,gk_vals,1,0.198125,0.186875,0.205708,25
1,256,8,8,cpu_vals,1,0.151583,0.144542,0.167375,25
1,256,8,8,gk_share,1,0.386833,0.379625,0.391000,25
1,256,8,8,gk_share_vals,1,0.344500,0.338291,0.347958,25
1,256,8,8,cpu,1,0.197125,0.192083,0.208750,25
1,4096,56,56,jacobi,1,103.710541,103.286000,103.931041,5
1,4096,56,56,block,1,107.993041,107.767458,108.046250,5
1,4096,56,56,gk,1,44.420875,43.884792,44.481833,5
1,4096,56,56,gk_vals,1,17.770500,17.751666,17.816417,9
1,4096,56,56,cpu_vals,1,13.492500,13.092021,13.704208,11
1,4096,56,56,gk_share,1,25.011417,24.739396,25.073729,7
1,4096,56,56,gk_share_vals,1,8.817416,8.789125,9.253500,17
1,4096,56,56,cpu,1,40.022791,39.837333,40.681875,5
1,1,64,64,jacobi,1,1.114000,1.084500,1.455750,25
1,1,64,64,block,1,3.006916,2.977083,3.113125,25
1,1,64,64,gk,1,1.704000,1.683375,1.709625,25
1,1,64,64,gk_vals,1,1.334708,1.317666,1.360291,25
1,1,64,64,cpu_vals,1,0.071750,0.069583,0.072833,25
1,1,64,64,cpu,1,0.197500,0.196458,0.200167,25
1,1,512,64,jacobi,1,2.075125,2.068750,2.077667,25
1,1,512,64,block,1,3.945875,3.902584,3.972625,25
1,1,512,64,qr,1,1.402667,1.359291,1.459625,25
1,1,512,64,qrblock,1,2.883917,2.865166,2.932167,25
1,1,512,64,gk,1,2.403458,2.398042,2.411542,25
1,1,512,64,gk_vals,1,1.793792,1.778875,1.795625,25
1,1,512,64,cpu_vals,1,0.182792,0.182208,0.185709,25
1,1,512,64,cpu,1,0.427208,0.423833,0.429333,25
1,16,56,56,jacobi,1,0.999209,0.989750,1.051291,25
1,16,56,56,block,1,2.893042,2.869042,2.946333,25
1,16,56,56,gk,1,1.446083,1.442667,1.454667,25
1,16,56,56,gk_vals,1,1.105500,1.088292,1.142125,25
1,16,56,56,cpu_vals,1,0.190833,0.187958,0.196083,25
1,16,56,56,cpu,1,0.334583,0.325667,0.340625,25
1,4,512,256,jacobi,1,48.154000,48.143666,48.157417,5
1,4,512,256,block,1,14.019000,13.904979,14.126479,11
1,4,512,256,qr,1,33.060083,33.043625,33.060833,5
1,4,512,256,qrblock,1,14.508459,14.455938,14.656959,11
1,4,512,256,cpu,1,5.808459,5.771833,5.906792,25
1,4,512,256,bidiag,1,25.717479,25.689615,25.752281,6
1,4,512,256,bidiag_vals,1,21.152645,20.615573,21.388343,8
1,4,512,256,cpu_vals,1,2.821916,2.802750,2.921542,25
1,256,4,4,jacobi,1,0.307417,0.302541,0.320542,25
1,256,4,4,gk,1,0.345125,0.336208,0.350417,25
1,256,4,4,gk_vals,1,0.189083,0.184334,0.260583,25
1,256,4,4,cpu_vals,1,0.267417,0.125291,0.365083,25
1,256,4,4,gk_share,1,0.345958,0.337667,0.363041,25
1,256,4,4,gk_share_vals,1,0.288125,0.286875,0.290250,25
1,256,4,4,cpu,1,0.139417,0.135167,0.143084,25
1,16,64,16,jacobi,1,0.569667,0.558500,0.583292,25
1,16,64,16,qr,1,0.487667,0.474958,0.513458,25
1,16,64,16,gk,1,0.350584,0.348833,0.353542,25
1,16,64,16,gk_vals,1,0.279417,0.265417,0.283625,25
1,16,64,16,cpu_vals,1,0.111625,0.091917,0.153500,25
1,16,64,16,cpu,1,0.143125,0.133541,0.193333,25
1,16,48,48,jacobi,1,0.870334,0.818000,0.881375,25
1,16,48,48,block,1,2.871292,2.853166,2.916791,25
1,16,48,48,gk,1,1.065083,1.058292,1.118000,25
1,16,48,48,gk_vals,1,0.899917,0.847959,0.904333,25
1,16,48,48,cpu_vals,1,0.168208,0.160166,0.190625,25
1,16,48,48,cpu,1,0.291917,0.286750,0.298209,25
1,4096,16,8,jacobi,1,1.475833,1.427584,1.894209,25
1,4096,16,8,qr,1,2.264875,2.225750,2.293792,25
1,4096,16,8,gk,1,1.064750,1.018208,1.070709,25
1,4096,16,8,gk_vals,1,0.543291,0.541041,0.544333,25
1,4096,16,8,cpu_vals,1,1.048500,1.038958,1.066500,25
1,4096,16,8,gk_share,1,1.193166,1.167583,1.210000,25
1,4096,16,8,gk_share_vals,1,0.747125,0.738000,0.761375,25
1,4096,16,8,cpu,1,1.899041,1.882959,1.918000,25
1,16,128,128,jacobi,1,5.049917,5.047500,5.066459,25
1,16,128,128,block,1,7.284209,7.163625,7.352250,21
1,16,128,128,cpu,1,1.836959,1.711709,1.854667,25
1,16,128,128,bidiag,1,35.215167,35.154500,35.604708,5
1,16,128,128,bidiag_vals,1,26.306708,26.253343,26.358541,6
1,16,128,128,cpu_vals,1,1.117917,1.106875,1.127708,25
1,1024,192,192,jacobi,1,1624.564458,1623.546208,1625.501874,3
1,1024,192,192,block,1,602.131041,602.017062,602.139458,3
1,1024,192,192,cpu,1,137.185500,136.602167,138.182500,5
1,1024,128,64,jacobi,1,70.965458,70.061541,71.254542,5
1,1024,128,64,block,1,33.555583,33.459833,33.672459,5
1,1024,128,64,qr,1,55.210833,55.012625,55.370000,5
1,1024,128,64,qrblock,1,35.348125,35.076875,35.472541,5
1,1024,128,64,gk,1,28.659354,27.508062,29.734458,6
1,1024,128,64,gk_vals,1,13.778500,13.669187,13.835417,11
1,1024,128,64,cpu_vals,1,7.965291,7.940729,8.073083,19
1,1024,128,64,gk_share,1,18.250584,17.980750,18.586875,9
1,1024,128,64,gk_share_vals,1,10.484209,10.436750,10.524167,15
1,1024,128,64,cpu,1,20.706708,20.647677,20.813292,8
1,256,40,40,jacobi,1,4.129000,4.122292,4.143542,25
1,256,40,40,block,1,7.661145,7.615177,7.739833,20
1,256,40,40,gk,1,1.752875,1.694875,1.757917,25
1,256,40,40,gk_vals,1,0.941125,0.899250,0.982458,25
1,256,40,40,cpu_vals,1,0.618958,0.567250,0.665875,25
1,256,40,40,gk_share,1,1.172875,1.161875,1.184791,25
1,256,40,40,gk_share_vals,1,0.759125,0.755625,0.770167,25
1,256,40,40,cpu,1,1.661041,1.642250,1.675500,25
1,16,16,16,jacobi,1,0.553709,0.548125,0.563250,25
1,16,16,16,gk,1,0.364000,0.356875,0.368417,25
1,16,16,16,gk_vals,1,0.264792,0.251250,0.267791,25
1,16,16,16,cpu_vals,1,0.072292,0.062292,0.111042,25
1,16,16,16,cpu,1,0.092292,0.089083,0.112459,25
1,16,192,192,jacobi,1,18.058250,18.056166,18.102875,9
1,16,192,192,block,1,12.812437,12.768469,12.882020,12
1,16,192,192,cpu,1,3.209542,3.154166,3.294667,25
1,16,192,192,bidiag,1,54.484208,54.382750,54.520417,5
1,16,192,192,bidiag_vals,1,41.127833,41.097459,41.206541,5
1,16,192,192,cpu_vals,1,2.121875,1.556500,2.183333,25
1,1024,256,256,jacobi,1,4475.546583,4471.990062,4479.652187,3
1,1024,256,256,block,1,1414.702166,1414.325187,1416.503333,3
1,1024,256,256,cpu,1,293.300375,290.491750,293.347541,5
1,1024,64,16,jacobi,1,2.094292,2.089417,2.119167,25
1,1024,64,16,qr,1,2.743417,2.669958,2.813209,25
1,1024,64,16,gk,1,1.433583,1.420292,1.457542,25
1,1024,64,16,gk_vals,1,0.744333,0.713834,0.748584,25
1,1024,64,16,cpu_vals,1,0.797667,0.774834,1.366250,25
1,1024,64,16,gk_share,1,1.414916,1.401541,1.429792,25
1,1024,64,16,gk_share_vals,1,0.846750,0.836542,0.860416,25
1,1024,64,16,cpu,1,2.027917,2.016000,2.570167,25
1,4096,128,8,jacobi,1,2.943416,2.896041,2.988875,25
1,4096,128,8,qr,1,5.406083,5.110750,5.459875,25
1,4096,128,8,gk,1,2.885959,2.821709,2.916250,25
1,4096,128,8,gk_vals,1,1.153750,1.100125,1.158834,25
1,4096,128,8,cpu_vals,1,1.980625,1.567750,2.098750,25
1,4096,128,8,gk_share,1,2.742041,2.727417,2.767834,25
1,4096,128,8,gk_share_vals,1,1.279458,1.268833,1.285792,25
1,4096,128,8,cpu,1,3.528792,3.491500,3.635709,25
1,256,256,32,jacobi,1,5.212667,5.152958,5.271167,25
1,256,256,32,block,1,4.708500,4.667750,4.787042,25
1,256,256,32,qr,1,4.877792,4.539833,5.020083,25
1,256,256,32,qrblock,1,5.534166,5.294458,5.666583,25
1,256,256,32,gk,1,3.851584,3.646208,4.023459,25
1,256,256,32,gk_vals,1,1.990666,1.873750,3.107375,25
1,256,256,32,cpu_vals,1,1.548500,1.107583,1.595917,25
1,256,256,32,gk_share,1,3.648542,3.578333,3.868083,25
1,256,256,32,gk_share_vals,1,2.070125,1.838667,2.528209,25
1,256,256,32,cpu,1,2.808333,2.359542,2.854125,25
1,256,512,128,jacobi,1,314.743958,312.962813,314.881333,3
1,256,512,128,block,1,83.411875,83.297625,83.525708,5
1,256,512,128,qr,1,134.056417,133.528500,134.233583,5
1,256,512,128,qrblock,1,67.592958,67.536292,68.014792,5
1,256,512,128,cpu,1,42.391208,42.383666,42.533416,5
1,256,512,128,bidiag,1,729.615708,729.614563,730.033792,3
1,256,512,128,bidiag_vals,1,566.398417,566.390875,566.463125,3
1,256,512,128,cpu_vals,1,21.766375,21.266896,21.838041,7
1,256,32,16,jacobi,1,0.932750,0.885208,0.983125,25
1,256,32,16,qr,1,1.057333,1.042791,1.145250,25
1,256,32,16,gk,1,0.429166,0.427750,0.431208,25
1,256,32,16,gk_vals,1,0.310625,0.304375,0.313791,25
1,256,32,16,cpu_vals,1,0.269750,0.256500,0.640833,25
1,256,32,16,gk_share,1,0.533791,0.531000,0.539875,25
1,256,32,16,gk_share_vals,1,0.396042,0.393417,0.410583,25
1,256,32,16,cpu,1,0.554958,0.535833,0.645500,25
1,4,16,8,jacobi,1,0.350791,0.341459,0.356584,25
1,4,16,8,qr,1,0.409042,0.395334,0.430083,25
1,4,16,8,gk,1,0.247250,0.215500,0.261042,25
1,4,16,8,gk_vals,1,0.195625,0.180750,0.237792,25
1,4,16,8,cpu_vals,1,0.019667,0.018958,0.022625,25
1,4,16,8,cpu,1,0.024458,0.023542,0.027125,25
1,256,512,64,jacobi,1,37.001416,36.378417,37.198458,5
1,256,512,64,block,1,19.683124,19.616604,19.772031,8
1,256,512,64,qr,1,23.051792,22.283125,24.123167,7
1,256,512,64,qrblock,1,20.035833,19.917011,20.134792,8
1,256,512,64,gk,1,18.044375,18.002125,18.112625,9
1,256,512,64,gk_vals,1,12.099583,12.042167,12.190209,13
1,256,512,64,cpu_vals,1,5.657292,5.546791,5.756959,25
1,256,512,64,gk_share,1,16.007271,15.772249,16.138792,10
1,256,512,64,gk_share_vals,1,10.196041,9.981396,10.454355,15
1,256,512,64,cpu,1,11.650041,11.529333,11.837875,13
1,1,96,96,jacobi,1,2.375625,2.370291,2.381750,25
1,1,96,96,block,1,4.147000,4.025666,4.224208,25
1,1,96,96,cpu,1,0.546708,0.543833,0.550417,25
1,4096,2048,64,qr,1,682.528375,676.980333,703.094104,3
1,4096,2048,64,qrblock,1,603.300042,598.523896,613.642854,3
1,4096,2048,64,cpu,1,507.749042,504.970896,507.783125,3
1,4,8,8,jacobi,1,0.354708,0.349084,0.365667,25
1,4,8,8,gk,1,0.300667,0.250000,0.493250,25
1,4,8,8,gk_vals,1,0.200042,0.193917,0.244667,25
1,4,8,8,cpu_vals,1,0.019375,0.018666,0.020167,25
1,4,8,8,cpu,1,0.023542,0.020417,0.025208,25
1,256,64,16,jacobi,1,0.815458,0.731458,0.822458,25
1,256,64,16,qr,1,1.117958,1.104166,1.146458,25
1,256,64,16,gk,1,0.506750,0.504458,0.510750,25
1,256,64,16,gk_vals,1,0.327042,0.322875,0.331500,25
1,256,64,16,cpu_vals,1,0.288584,0.277084,0.650750,25
1,256,64,16,gk_share,1,0.560416,0.550000,0.575458,25
1,256,64,16,gk_share_vals,1,0.406000,0.405083,0.409583,25
1,256,64,16,cpu,1,0.615083,0.595333,0.662250,25
1,4096,8,8,jacobi,1,1.410250,1.398375,1.494833,25
1,4096,8,8,gk,1,0.951417,0.914958,0.955042,25
1,4096,8,8,gk_vals,1,0.495625,0.489084,0.581542,25
1,4096,8,8,cpu_vals,1,0.826041,0.790250,0.894459,25
1,4096,8,8,gk_share,1,0.951583,0.945667,0.964667,25
1,4096,8,8,gk_share_vals,1,0.632250,0.626958,0.643333,25
1,4096,8,8,cpu,1,1.428000,1.378375,1.440333,25
1,64,80,80,jacobi,1,5.723167,5.715417,5.738750,25
1,64,80,80,block,1,7.622854,7.577552,7.808188,20
1,64,80,80,gk,1,4.069084,4.066167,4.074125,25
1,64,80,80,gk_vals,1,2.606084,2.602667,2.613666,25
1,64,80,80,cpu_vals,1,1.002792,0.996750,1.021208,25
1,64,80,80,gk_share,1,2.968542,2.947792,3.007667,25
1,64,80,80,gk_share_vals,1,2.095417,2.078167,2.293041,25
1,64,80,80,cpu,1,1.889750,1.873416,1.895917,25
1,16,128,32,jacobi,1,0.570875,0.556250,0.626250,25
1,16,128,32,block,1,2.076125,2.055000,2.099584,25
1,16,128,32,qr,1,0.690334,0.681792,0.707667,25
1,16,128,32,qrblock,1,2.092333,2.058417,2.118959,25
1,16,128,32,gk,1,0.835750,0.785291,0.883625,25
1,16,128,32,gk_vals,1,0.549458,0.545334,0.552041,25
1,16,128,32,cpu_vals,1,0.172958,0.168583,0.181792,25
1,16,128,32,cpu,1,0.258583,0.254500,0.263125,25
1,16,2048,256,jacobi,1,508.301958,508.239146,508.932749,3
1,16,2048,256,block,1,67.762584,67.743583,68.132875,5
1,16,2048,256,qr,1,74.201833,74.144916,74.282750,5
1,16,2048,256,qrblock,1,36.462584,36.459792,36.936709,5
1,16,2048,256,cpu,1,19.642584,19.328333,19.923302,8
1,16,2048,256,bidiag,1,164.862833,162.394709,165.963167,5
1,16,2048,256,bidiag_vals,1,141.408708,141.364041,141.766667,5
1,16,2048,256,cpu_vals,1,9.672042,9.538823,9.997000,16
1,256,1024,64,jacobi,1,155.489708,155.338916,155.877333,5
1,256,1024,64,block,1,32.753083,32.542792,33.056167,5
1,256,1024,64,qr,1,34.072458,33.808000,34.215000,5
1,256,1024,64,qrblock,1,31.245792,31.152167,31.393042,5
1,256,1024,64,gk,1,28.671292,28.575875,28.821459,6
1,256,1024,64,gk_vals,1,20.293646,20.156375,20.367687,8
1,256,1024,64,cpu_vals,1,9.418417,9.225000,9.637688,16
1,256,1024,64,gk_share,1,26.153146,25.881979,26.587218,6
1,256,1024,64,gk_share_vals,1,17.438667,17.227083,17.621833,9
1,256,1024,64,cpu,1,19.198042,18.882146,19.284959,8
1,64,64,8,jacobi,1,0.428541,0.412250,0.441166,25
1,64,64,8,qr,1,0.501333,0.488917,0.557792,25
1,64,64,8,gk,1,0.245083,0.242875,0.247625,25
1,64,64,8,gk_vals,1,0.218209,0.215583,0.220500,25
1,64,64,8,cpu_vals,1,0.136625,0.117416,0.271500,25
1,64,64,8,gk_share,1,0.345833,0.344708,0.350083,25
1,64,64,8,gk_share_vals,1,0.305166,0.303041,0.310166,25
1,64,64,8,cpu,1,0.159875,0.152500,0.165375,25
1,4,512,32,jacobi,1,0.733000,0.704667,0.969084,25
1,4,512,32,block,1,2.789875,2.761875,2.817000,25
1,4,512,32,qr,1,0.715458,0.702833,0.731708,25
1,4,512,32,qrblock,1,2.167875,2.129000,2.193584,25
1,4,512,32,gk,1,1.213125,1.158625,1.248459,25
1,4,512,32,gk_vals,1,0.719375,0.714500,0.725833,25
1,4,512,32,cpu_vals,1,0.135959,0.133542,0.138583,25
1,4,512,32,cpu,1,0.241625,0.238334,0.245291,25
1,1024,96,96,jacobi,1,189.945667,189.695250,190.369916,5
1,1024,96,96,block,1,86.611833,86.595209,86.812459,5
1,1024,96,96,cpu,1,38.603667,38.588875,39.134708,5
1,4,40,40,jacobi,1,0.609750,0.565625,1.062125,25
1,4,40,40,block,1,2.447166,2.413125,2.477541,25
1,4,40,40,gk,1,0.859375,0.792375,0.876625,25
1,4,40,40,gk_vals,1,0.723708,0.710250,0.726709,25
1,4,40,40,cpu_vals,1,0.058375,0.055917,0.059041,25
1,4,40,40,cpu,1,0.118500,0.117958,0.120750,25
1,1,2048,64,jacobi,1,8.531938,8.524688,8.539084,18
1,1,2048,64,block,1,7.694000,7.613448,7.737532,20
1,1,2048,64,qr,1,1.891250,1.867459,1.925833,25
1,1,2048,64,qrblock,1,3.170042,3.142917,3.221083,25
1,1,2048,64,gk,1,2.846167,2.807625,2.851041,25
1,1,2048,64,gk_vals,1,2.191250,2.186459,2.196750,25
1,1,2048,64,cpu_vals,1,0.439583,0.435167,0.442750,25
1,1,2048,64,cpu,1,0.895584,0.891250,0.899500,25
1,1024,4,4,jacobi,1,0.521750,0.509334,0.529625,25
1,1024,4,4,gk,1,0.252334,0.246166,0.257583,25
1,1024,4,4,gk_vals,1,0.203750,0.200000,0.208750,25
1,1024,4,4,cpu_vals,1,0.194334,0.176208,0.652583,25
1,1024,4,4,gk_share,1,0.387834,0.376042,0.415042,25
1,1024,4,4,gk_share_vals,1,0.333959,0.324333,0.352709,25
1,1024,4,4,cpu,1,0.250041,0.245417,0.252209,25
1,4096,256,64,jacobi,1,424.486458,423.431000,424.664459,3
1,4096,256,64,block,1,178.442667,177.089791,180.806459,5
1,4096,256,64,qr,1,257.145084,256.284291,257.842333,5
1,4096,256,64,qrblock,1,164.034000,162.034958,166.793208,5
1,4096,256,64,gk,1,144.453250,144.076334,145.506208,5
1,4096,256,64,gk_vals,1,70.157792,68.753958,70.496500,5
1,4096,256,64,cpu_vals,1,39.353208,39.081875,40.575000,5
1,4096,256,64,gk_share,1,84.185375,83.512500,84.734833,5
1,4096,256,64,gk_share_vals,1,43.582292,43.500041,44.181166,5
1,4096,256,64,cpu,1,100.499416,99.827250,101.085458,5
1,1024,8,8,jacobi,1,0.504709,0.499625,0.812584,25
1,1024,8,8,gk,1,0.366291,0.361166,0.369875,25
1,1024,8,8,gk_vals,1,0.264917,0.263500,0.266125,25
1,1024,8,8,cpu_vals,1,0.307542,0.276542,0.621625,25
1,1024,8,8,gk_share,1,0.600958,0.583958,0.648083,25
1,1024,8,8,gk_share_vals,1,0.371083,0.361333,0.379750,25
1,1024,8,8,cpu,1,0.443875,0.435917,0.610250,25
1,4,64,16,jacobi,1,0.503584,0.479917,0.508042,25
1,4,64,16,qr,1,0.450333,0.434792,0.456792,25
1,4,64,16,gk,1,0.348625,0.337708,0.354583,25
1,4,64,16,gk_vals,1,0.280417,0.270875,0.288333,25
1,4,64,16,cpu_vals,1,0.039250,0.038625,0.041125,25
1,4,64,16,cpu,1,0.059833,0.058750,0.060500,25
1,4,2048,256,jacobi,1,206.576333,206.564250,206.593666,5
1,4,2048,256,block,1,30.071625,30.021208,30.084709,5
1,4,2048,256,qr,1,35.583792,35.432333,36.763000,5
1,4,2048,256,qrblock,1,19.643563,19.316062,19.764906,8
1,4,2048,256,cpu,1,10.606708,10.520063,10.760103,15
1,4,2048,256,bidiag,1,42.492166,41.582750,42.743917,5
1,4,2048,256,bidiag_vals,1,36.407792,36.262292,36.729959,5
1,4,2048,256,cpu_vals,1,5.497833,5.281875,5.537542,25
1,1,256,8,jacobi,1,0.433208,0.412417,0.460625,25
1,1,256,8,qr,1,0.395584,0.389375,0.418459,25
1,1,256,8,gk,1,0.255834,0.249166,0.267333,25
1,1,256,8,gk_vals,1,0.262209,0.254000,0.268167,25
1,1,256,8,cpu_vals,1,0.008875,0.008833,0.008958,25
1,1,256,8,cpu,1,0.017166,0.017042,0.017208,25
1,4,128,64,jacobi,1,1.207125,1.188083,1.245500,25
1,4,128,64,block,1,2.622875,2.603166,2.724083,25
1,4,128,64,qr,1,1.414042,1.382792,1.467166,25
1,4,128,64,qrblock,1,2.820125,2.787250,2.877958,25
1,4,128,64,gk,1,2.186667,2.150334,2.243333,25
1,4,128,64,gk_vals,1,1.576708,1.544208,1.588708,25
1,4,128,64,cpu_vals,1,0.163542,0.161584,0.166416,25
1,4,128,64,cpu,1,0.344208,0.341542,0.347209,25
1,4096,256,8,jacobi,1,4.768291,4.699083,4.803458,25
1,4096,256,8,qr,1,8.294833,8.193011,8.545072,18
1,4096,256,8,gk,1,5.141208,5.100917,5.174667,25
1,4096,256,8,gk_vals,1,1.807875,1.788709,2.195042,25
1,4096,256,8,cpu_vals,1,2.345708,2.336584,2.366416,25
1,4096,256,8,gk_share,1,3.743750,3.710667,3.796042,25
1,4096,256,8,gk_share_vals,1,1.812042,1.782792,1.834834,25
1,4096,256,8,cpu,1,4.747250,4.700666,4.783417,25
1,4096,32,16,jacobi,1,5.726500,5.695500,5.940833,25
1,4096,32,16,qr,1,8.478209,8.417229,8.572083,18
1,4096,32,16,gk,1,3.272459,3.257625,3.293125,25
1,4096,32,16,gk_vals,1,1.464875,1.425875,1.512708,25
1,4096,32,16,cpu_vals,1,2.509875,2.465666,3.004000,25
1,4096,32,16,gk_share,1,3.867417,3.854708,3.883667,25
1,4096,32,16,gk_share_vals,1,1.665292,1.659291,1.681750,25
1,4096,32,16,cpu,1,7.081895,6.942937,7.177282,22
1,1024,256,8,jacobi,1,1.605250,1.514000,1.665167,25
1,1024,256,8,qr,1,2.353917,2.238833,3.237791,25
1,1024,256,8,gk,1,1.494416,1.444541,1.516500,25
1,1024,256,8,gk_vals,1,0.581959,0.580417,0.584250,25
1,1024,256,8,cpu_vals,1,1.147084,0.718916,1.212334,25
1,1024,256,8,gk_share,1,1.168042,1.149166,1.480084,25
1,1024,256,8,gk_share_vals,1,0.810125,0.794125,0.815791,25
1,1024,256,8,cpu,1,1.797167,1.770750,1.825958,25
1,16,512,128,jacobi,1,13.803000,13.775813,13.806750,11
1,16,512,128,block,1,8.760375,8.644781,8.821510,18
1,16,512,128,qr,1,7.073520,7.017531,7.121052,22
1,16,512,128,qrblock,1,8.813667,8.642542,8.967417,17
1,16,512,128,cpu,1,3.631042,3.551458,3.677041,25
1,16,512,128,bidiag,1,45.768875,45.716542,46.060625,5
1,16,512,128,bidiag_vals,1,35.884958,35.730875,36.027583,5
1,16,512,128,cpu_vals,1,2.268500,2.116125,2.644875,25
1,16,256,128,jacobi,1,6.176250,6.170875,6.191000,25
1,16,256,128,block,1,6.756000,6.673730,6.846083,23
1,16,256,128,qr,1,5.970459,5.949708,6.010458,25
1,16,256,128,qrblock,1,7.314958,7.210417,7.393917,21
1,16,256,128,cpu,1,3.218750,3.156875,3.388916,25
1,16,256,128,bidiag,1,41.256292,41.256166,41.273958,5
1,16,256,128,bidiag_vals,1,31.326958,31.303667,31.394666,5
1,16,256,128,cpu_vals,1,1.606792,1.328875,1.660417,25
1,4096,64,64,jacobi,1,200.829125,200.757750,202.339208,5
1,4096,64,64,block,1,113.985000,113.784334,113.985416,5
1,4096,64,64,gk,1,64.263917,64.255250,64.485459,5
1,4096,64,64,gk_vals,1,28.248062,28.234552,28.287698,6
1,4096,64,64,cpu_vals,1,18.108792,17.925959,18.327291,9
1,4096,64,64,gk_share,1,33.912708,33.724583,33.983833,5
1,4096,64,64,gk_share_vals,1,12.296333,12.234375,12.349750,13
1,4096,64,64,cpu,1,52.488125,52.192000,53.298000,5
1,64,512,16,jacobi,1,0.796750,0.747959,0.874292,25
1,64,512,16,qr,1,1.067333,1.048459,1.082125,25
1,64,512,16,gk,1,1.111541,1.099583,1.137667,25
1,64,512,16,gk_vals,1,0.697542,0.633458,0.714916,25
1,64,512,16,cpu_vals,1,0.325292,0.265792,0.656958,25
1,64,512,16,gk_share,1,1.272667,1.173083,1.656333,25
1,64,512,16,gk_share_vals,1,0.698333,0.680542,0.728333,25
1,64,512,16,cpu,1,0.490917,0.458000,0.662125,25
1,1024,80,80,jacobi,1,109.528333,109.303125,109.555000,5
1,1024,80,80,block,1,78.213625,78.096208,78.360458,5
1,1024,80,80,gk,1,38.252959,38.235125,38.405042,5
1,1024,80,80,gk_vals,1,16.205542,16.183073,16.267615,10
1,1024,80,80,cpu_vals,1,13.961459,13.789167,14.112604,11
1,1024,80,80,gk_share,1,18.211895,18.171875,18.409313,8
1,1024,80,80,gk_share_vals,1,9.267500,8.979084,9.327917,17
1,1024,80,80,cpu,1,25.942395,25.858239,26.031552,6
1,4,128,8,jacobi,1,0.390917,0.373875,0.401542,25
1,4,128,8,qr,1,0.425542,0.417666,0.436458,25
1,4,128,8,gk,1,0.241500,0.240458,0.247459,25
1,4,128,8,gk_vals,1,0.206125,0.200125,0.265542,25
1,4,128,8,cpu_vals,1,0.020708,0.018166,0.024417,25
1,4,128,8,cpu,1,0.042041,0.041250,0.043125,25
1,16,1024,32,jacobi,1,1.154792,1.063834,1.688667,25
1,16,1024,32,block,1,4.349583,4.315958,4.477000,25
1,16,1024,32,qr,1,1.264917,1.240334,1.280125,25
1,16,1024,32,qrblock,1,2.694959,2.672250,2.741041,25
1,16,1024,32,gk,1,1.768292,1.739584,1.810375,25
1,16,1024,32,gk_vals,1,1.069584,1.045792,1.147167,25
1,16,1024,32,cpu_vals,1,0.360208,0.311709,0.615208,25
1,16,1024,32,cpu,1,0.655791,0.640667,0.671542,25
1,1024,128,32,jacobi,1,9.459729,9.425480,9.504312,16
1,1024,128,32,block,1,9.850729,9.719000,9.933354,16
1,1024,128,32,qr,1,11.187750,11.166542,11.288625,14
1,1024,128,32,qrblock,1,10.353458,10.183458,10.383751,15
1,1024,128,32,gk,1,6.764583,6.745771,6.788666,23
1,1024,128,32,gk_vals,1,3.660333,3.654625,3.677167,25
1,1024,128,32,cpu_vals,1,2.823500,2.400625,2.920417,25
1,1024,128,32,gk_share,1,4.327833,4.303542,4.345500,25
1,1024,128,32,gk_share_vals,1,1.987958,1.982709,1.993041,25
1,1024,128,32,cpu,1,6.823833,6.488230,6.902125,23
1,1024,2048,64,jacobi,0,0,0,0,0
1,1024,2048,64,block,0,0,0,0,0
1,1024,2048,64,qr,0,0,0,0,0
1,1024,2048,64,qrblock,0,0,0,0,0
1,1024,2048,64,gk,0,0,0,0,0
1,1024,2048,64,gk_vals,0,0,0,0,0
1,1024,2048,64,cpu_vals,0,0,0,0,0
1,1024,2048,64,gk_share,0,0,0,0,0
1,1024,2048,64,gk_share_vals,0,0,0,0,0
1,1024,2048,64,cpu,0,0,0,0,0
1,64,512,512,jacobi,1,4126.043125,4121.523938,4128.542354,3
1,64,512,512,block,1,629.357459,629.322959,629.874480,3
1,64,512,512,cpu,1,101.929084,101.817417,102.126833,5
1,64,512,512,bidiag,1,623.246958,623.158896,623.960187,3
1,64,512,512,bidiag_vals,1,482.506042,482.446979,482.603708,3
1,64,512,512,cpu_vals,1,52.331250,52.218125,52.396334,5
1,4,56,56,jacobi,1,0.984000,0.933708,1.069541,25
1,4,56,56,block,1,2.842500,2.803333,2.867292,25
1,4,56,56,gk,1,1.352166,1.308208,1.362000,25
1,4,56,56,gk_vals,1,1.054250,1.022500,1.066292,25
1,4,56,56,cpu_vals,1,0.085084,0.084208,0.086375,25
1,4,56,56,cpu,1,0.181167,0.180208,0.186042,25
1,1024,1024,128,jacobi,1,2874.833125,2871.975438,2877.935875,3
1,1024,1024,128,block,1,541.148792,541.118021,541.177688,3
1,1024,1024,128,qr,1,581.204167,578.024854,582.400375,3
1,1024,1024,128,qrblock,1,308.741542,308.106708,308.755396,3
1,1024,1024,128,cpu,1,243.523792,240.889041,251.935000,5
1,4096,256,32,jacobi,1,87.234000,86.937042,87.442667,5
1,4096,256,32,block,1,51.419500,51.388750,51.483084,5
1,4096,256,32,qr,1,48.458791,48.379834,48.511125,5
1,4096,256,32,qrblock,1,45.035500,44.708875,45.445708,5
1,4096,256,32,gk,1,36.096334,35.991625,36.262709,5
1,4096,256,32,gk_vals,1,18.222709,17.996125,18.437166,9
1,4096,256,32,cpu_vals,1,14.022625,13.860292,14.135980,11
1,4096,256,32,gk_share,1,29.151541,28.645291,30.035292,6
1,4096,256,32,gk_share_vals,1,16.534999,16.053656,16.661260,10
1,4096,256,32,cpu,1,32.051333,31.590458,33.587375,5
1,1,128,8,jacobi,1,0.370583,0.353833,0.388333,25
1,1,128,8,qr,1,0.547417,0.422709,0.560417,25
1,1,128,8,gk,1,0.254209,0.250333,0.267083,25
1,1,128,8,gk_vals,1,0.255875,0.243958,0.263875,25
1,1,128,8,cpu_vals,1,0.007708,0.007625,0.007792,25
1,1,128,8,cpu,1,0.014625,0.014583,0.014791,25
1,1024,256,16,jacobi,1,4.112417,4.085042,4.142916,25
1,1024,256,16,qr,1,5.215541,5.003500,5.343875,25
1,1024,256,16,gk,1,3.429250,3.404250,3.466584,25
1,1024,256,16,gk_vals,1,1.489167,1.474750,1.520625,25
1,1024,256,16,cpu_vals,1,1.807917,1.728292,1.871958,25
1,1024,256,16,gk_share,1,3.104416,2.736667,3.699167,25
1,1024,256,16,gk_share_vals,1,1.354542,1.246208,2.137416,25
1,1024,256,16,cpu,1,3.499084,3.077541,3.546083,25
1,4,32,8,jacobi,1,0.350917,0.325417,0.360333,25
1,4,32,8,qr,1,0.444875,0.424625,0.451250,25
1,4,32,8,gk,1,0.217417,0.213000,0.223167,25
1,4,32,8,gk_vals,1,0.202125,0.191292,0.243083,25
1,4,32,8,cpu_vals,1,0.021250,0.019708,0.023625,25
1,4,32,8,cpu,1,0.025500,0.024417,0.028125,25
1,1,512,512,jacobi,1,262.323084,262.169250,262.454375,5
1,1,512,512,block,1,32.112375,32.079042,32.194375,5
1,1,512,512,cpu,1,16.776917,16.467541,16.855011,10
1,1,512,512,bidiag,1,16.473250,16.406177,16.619500,10
1,1,512,512,bidiag_vals,1,9.540771,9.514740,9.609135,16
1,1,512,512,cpu_vals,1,7.728229,7.718135,7.733834,20
1,4,2048,2048,cpu,1,764.570292,762.550855,772.955812,3
1,4,2048,2048,bidiag,1,666.354625,665.151438,666.823125,3
1,4,2048,2048,bidiag_vals,1,368.743375,368.409230,368.897563,3
1,4,2048,2048,cpu_vals,1,440.443708,440.307917,442.294791,3
1,1024,64,64,jacobi,1,52.065083,51.918917,52.854083,5
1,1024,64,64,block,1,30.255959,30.127375,30.383000,5
1,1024,64,64,gk,1,17.417417,17.355625,17.461042,9
1,1024,64,64,gk_vals,1,7.772104,7.760031,7.782583,20
1,1024,64,64,cpu_vals,1,5.029084,4.840875,5.077125,25
1,1024,64,64,gk_share,1,8.977792,8.897917,9.173500,17
1,1024,64,64,gk_share_vals,1,3.764708,3.752791,3.784416,25
1,1024,64,64,cpu,1,14.308042,13.993500,14.429709,11
1,64,128,128,jacobi,1,33.526583,33.109292,33.871583,5
1,64,128,128,block,1,14.424167,14.292458,14.483958,11
1,64,128,128,cpu,1,5.989500,5.973417,6.029792,25
1,64,128,128,bidiag,1,140.952667,140.788417,140.952917,5
1,64,128,128,bidiag_vals,1,104.613334,104.575125,104.632417,5
1,64,128,128,cpu_vals,1,4.004625,3.914875,4.904542,25
1,4,1024,64,jacobi,1,4.654292,4.648167,4.659083,25
1,4,1024,64,block,1,5.534291,5.452708,5.568250,25
1,4,1024,64,qr,1,2.166625,2.134334,2.185125,25
1,4,1024,64,qrblock,1,3.642792,3.622333,3.691625,25
1,4,1024,64,gk,1,3.190000,3.175708,3.209292,25
1,4,1024,64,gk_vals,1,2.502166,2.485000,2.534958,25
1,4,1024,64,cpu_vals,1,0.566000,0.551833,0.571583,25
1,4,1024,64,cpu,1,1.113042,1.100417,1.131750,25
1,4,192,192,jacobi,1,15.357209,15.344750,15.366604,10
1,4,192,192,block,1,9.841146,9.736125,9.999282,16
1,4,192,192,cpu,1,2.023667,2.012791,2.035584,25
1,4,192,192,bidiag,1,13.658584,13.588604,13.689729,11
1,4,192,192,bidiag_vals,1,10.405083,10.372583,10.484084,15
1,4,192,192,cpu_vals,1,1.122666,1.114208,1.136292,25
1,256,128,8,jacobi,1,0.977958,0.908750,1.022625,25
1,256,128,8,qr,1,0.792583,0.779042,0.802875,25
1,256,128,8,gk,1,0.380958,0.372250,0.384292,25
1,256,128,8,gk_vals,1,0.245458,0.240958,0.249875,25
1,256,128,8,cpu_vals,1,0.223042,0.205875,0.617000,25
1,256,128,8,gk_share,1,0.459417,0.454417,0.468417,25
1,256,128,8,gk_share_vals,1,0.363166,0.336250,0.370542,25
1,256,128,8,cpu,1,0.340000,0.328209,0.346208,25
1,4,512,16,jacobi,1,0.716125,0.590583,1.082125,25
1,4,512,16,qr,1,0.502791,0.497000,0.507333,25
1,4,512,16,gk,1,0.621000,0.616958,0.626541,25
1,4,512,16,gk_vals,1,0.347375,0.342875,0.355541,25
1,4,512,16,cpu_vals,1,0.069208,0.067958,0.070833,25
1,4,512,16,cpu,1,0.107292,0.105916,0.108834,25
1,1,2048,128,jacobi,1,34.403875,34.396500,34.408250,5
1,1,2048,128,block,1,11.366416,11.214823,11.543760,14
1,1,2048,128,qr,1,6.927354,6.914333,6.967875,22
1,1,2048,128,qrblock,1,8.102875,7.981250,8.184188,19
1,1,2048,128,cpu,1,3.141667,3.135459,3.159583,25
1,1,2048,128,bidiag,1,5.339500,5.301958,5.445167,25
1,1,2048,128,bidiag_vals,1,4.409250,4.397250,4.429459,25
1,1,2048,128,cpu_vals,1,1.651917,1.648791,1.654666,25
1,1,48,48,jacobi,1,0.770625,0.724167,0.804667,25
1,1,48,48,block,1,2.585500,2.529875,2.628500,25
1,1,48,48,gk,1,1.056625,1.052875,1.094375,25
1,1,48,48,gk_vals,1,0.864000,0.814417,0.893333,25
1,1,48,48,cpu_vals,1,0.037125,0.037000,0.037209,25
1,1,48,48,cpu,1,0.115417,0.114583,0.116209,25
1,1,64,8,jacobi,1,0.202792,0.198583,0.232750,25
1,1,64,8,qr,1,0.389834,0.360792,0.411708,25
1,1,64,8,gk,1,0.260000,0.250209,0.267291,25
1,1,64,8,gk_vals,1,0.256083,0.238625,0.267167,25
1,1,64,8,cpu_vals,1,0.006416,0.006375,0.006458,25
1,1,64,8,cpu,1,0.012041,0.011959,0.012125,25
1,256,1024,32,jacobi,1,34.816667,34.727667,34.967750,5
1,256,1024,32,block,1,13.169438,13.065708,13.383844,12
1,256,1024,32,qr,1,10.568250,10.470229,10.626125,15
1,256,1024,32,qrblock,1,11.284437,11.155688,11.416167,14
1,256,1024,32,gk,1,10.145625,9.961188,10.241021,15
1,256,1024,32,gk_vals,1,6.604541,6.525895,6.696625,23
1,256,1024,32,cpu_vals,1,3.205166,3.122792,3.334958,25
1,256,1024,32,gk_share,1,9.325500,9.279666,9.433500,17
1,256,1024,32,gk_share_vals,1,5.589208,5.483833,5.735250,25
1,256,1024,32,cpu,1,6.270709,6.103625,6.373750,25
1,1024,24,24,jacobi,1,4.004000,3.979416,4.021583,25
1,1024,24,24,gk,1,1.805125,1.795292,1.826292,25
1,1024,24,24,gk_vals,1,0.853333,0.812541,0.906917,25
1,1024,24,24,cpu_vals,1,0.903334,0.870584,0.919583,25
1,1024,24,24,gk_share,1,1.465542,1.460333,1.472792,25
1,1024,24,24,gk_share_vals,1,0.856167,0.841792,0.863875,25
1,1024,24,24,cpu,1,2.519833,2.431042,2.531042,25
1,4,128,16,jacobi,1,0.607292,0.595583,0.616708,25
1,4,128,16,qr,1,0.467375,0.463625,0.474375,25
1,4,128,16,gk,1,0.347166,0.339250,0.350334,25
1,4,128,16,gk_vals,1,0.264333,0.256166,0.280125,25
1,4,128,16,cpu_vals,1,0.045166,0.044500,0.045916,25
1,4,128,16,cpu,1,0.067417,0.066375,0.068416,25
1,1024,32,32,jacobi,1,7.259625,7.251375,7.283083,21
1,1024,32,32,block,1,6.679750,6.573812,6.830979,23
1,1024,32,32,gk,1,2.673334,2.645959,2.709625,25
1,1024,32,32,gk_vals,1,1.320833,1.281625,1.334792,25
1,1024,32,32,cpu_vals,1,1.378667,1.334958,1.936666,25
1,1024,32,32,gk_share,1,2.161500,2.145667,2.172792,25
1,1024,32,32,gk_share_vals,1,1.151917,1.143584,1.156375,25
1,1024,32,32,cpu,1,3.984708,3.930125,4.596333,25
1,256,256,64,jacobi,1,25.996979,25.839573,26.008730,6
1,256,256,64,block,1,12.723625,12.568990,12.829198,12
1,256,256,64,qr,1,18.416833,16.929583,18.631208,9
1,256,256,64,qrblock,1,14.608291,14.442020,14.659104,11
1,256,256,64,gk,1,12.320250,12.306375,12.399083,13
1,256,256,64,gk_vals,1,7.647562,7.592854,7.710968,20
1,256,256,64,cpu_vals,1,3.452750,3.397834,3.548333,25
1,256,256,64,gk_share,1,10.642625,10.508834,10.756250,15
1,256,256,64,gk_share_vals,1,6.551791,6.494688,6.570167,23
1,256,256,64,cpu,1,7.427792,7.269000,7.655000,21
1,1,2048,256,jacobi,1,147.931167,147.896500,147.956583,5
1,1,2048,256,block,1,22.467250,22.425126,22.543688,7
1,1,2048,256,qr,1,33.024666,32.886000,33.026042,5
1,1,2048,256,qrblock,1,16.185875,16.146208,16.341740,10
1,1,2048,256,cpu,1,9.045542,8.903209,9.080000,17
1,1,2048,256,bidiag,1,12.006125,11.979417,12.053875,13
1,1,2048,256,bidiag_vals,1,9.507416,9.482729,9.600094,16
1,1,2048,256,cpu_vals,1,4.117584,4.101000,4.129458,25
1,1,512,256,jacobi,1,48.123708,48.101458,48.147458,5
1,1,512,256,block,1,12.302500,12.279917,12.460000,13
1,1,512,256,qr,1,31.829292,31.825375,31.864250,5
1,1,512,256,qrblock,1,12.171250,12.135334,12.315125,13
1,1,512,256,cpu,1,5.383333,5.308541,5.467833,25
1,1,512,256,bidiag,1,8.123625,8.096833,8.235041,19
1,1,512,256,bidiag_vals,1,5.850125,5.838500,5.883333,25
1,1,512,256,cpu_vals,1,2.394125,2.391042,2.397834,25
1,1024,1024,32,jacobi,1,140.850375,140.703333,141.170167,5
1,1024,1024,32,block,1,39.436583,39.213542,39.712292,5
1,1024,1024,32,qr,1,37.148417,37.024250,37.210417,5
1,1024,1024,32,qrblock,1,42.393250,41.308958,44.494250,5
1,1024,1024,32,gk,1,38.508667,37.594500,38.719959,5
1,1024,1024,32,gk_vals,1,21.793834,21.278749,23.659562,7
1,1024,1024,32,cpu_vals,1,10.409250,10.291938,10.501917,15
1,1024,1024,32,gk_share,1,24.994167,23.219959,26.928917,7
1,1024,1024,32,gk_share_vals,1,14.029375,13.724750,14.327833,11
1,1024,1024,32,cpu,1,22.365417,22.267604,23.121645,7
1,1024,512,64,jacobi,1,148.333333,147.990375,148.711958,5
1,1024,512,64,block,1,70.292459,70.246500,70.841250,5
1,1024,512,64,qr,1,80.756083,80.571542,81.051125,5
1,1024,512,64,qrblock,1,59.662709,59.565875,59.731750,5
1,1024,512,64,gk,1,52.520959,52.408500,52.681500,5
1,1024,512,64,gk_vals,1,29.453666,29.272948,29.715229,6
1,1024,512,64,cpu_vals,1,19.179813,19.099469,19.285229,8
1,1024,512,64,gk_share,1,40.696334,39.985834,40.862459,5
1,1024,512,64,gk_share_vals,1,22.258750,21.738917,23.497417,7
1,1024,512,64,cpu,1,43.875750,43.242625,44.674583,5
1,64,56,56,jacobi,1,2.460208,2.451875,2.505334,25
1,64,56,56,block,1,3.822958,3.732292,3.889875,25
1,64,56,56,gk,1,1.555208,1.503375,1.561125,25
1,64,56,56,gk_vals,1,1.072792,1.062250,1.146167,25
1,64,56,56,cpu_vals,1,0.333375,0.326500,0.383167,25
1,64,56,56,gk_share,1,1.651834,1.625875,1.670166,25
1,64,56,56,gk_share_vals,1,1.250292,1.222208,1.269500,25
1,64,56,56,cpu,1,0.805333,0.793875,0.823042,25
1,4,1024,128,jacobi,1,19.411625,19.406302,19.422896,8
1,4,1024,128,block,1,9.120541,9.050417,9.302750,17
1,4,1024,128,qr,1,6.937083,6.888073,6.994094,22
1,4,1024,128,qrblock,1,7.911500,7.760521,8.085271,19
1,4,1024,128,cpu,1,2.648542,2.601333,2.872583,25
1,4,1024,128,bidiag,1,13.774041,13.745209,13.858771,11
1,4,1024,128,bidiag_vals,1,12.055209,12.031000,12.081583,13
1,4,1024,128,cpu_vals,1,1.394375,1.368458,1.475792,25
1,256,80,80,jacobi,1,26.039625,25.965625,26.359844,6
1,256,80,80,block,1,19.784479,19.742739,19.838781,8
1,256,80,80,gk,1,10.581375,10.560875,10.599187,15
1,256,80,80,gk_vals,1,4.789958,4.789250,4.795625,25
1,256,80,80,cpu_vals,1,3.911583,3.807875,4.262958,25
1,256,80,80,gk_share,1,6.956167,6.926157,6.995844,22
1,256,80,80,gk_share_vals,1,3.491667,3.444500,4.770833,25
1,256,80,80,cpu,1,7.131042,7.021750,7.229416,21
1,64,1024,256,jacobi,1,864.622750,864.417542,865.672063,3
1,64,1024,256,block,1,165.133250,164.684708,166.104334,5
1,64,1024,256,qr,1,280.505209,280.499666,281.181875,5
1,64,1024,256,qrblock,1,97.088125,96.674833,97.693875,5
1,64,1024,256,cpu,1,42.574708,42.270000,42.687875,5
1,64,1024,256,bidiag,1,487.107209,486.823730,487.380417,3
1,64,1024,256,bidiag_vals,1,415.279125,414.777688,415.309229,3
1,64,1024,256,cpu_vals,1,19.259708,19.045323,19.307531,8
1,64,2048,64,jacobi,1,83.503584,83.467666,83.786333,5
1,64,2048,64,block,1,19.896250,19.795969,20.049469,8
1,64,2048,64,qr,1,15.481105,15.072822,15.575490,10
1,64,2048,64,qrblock,1,16.076313,15.969146,16.294573,10
1,64,2048,64,gk,1,15.822625,15.383104,16.031490,10
1,64,2048,64,gk_vals,1,11.991959,11.516958,12.444208,13
1,64,2048,64,cpu_vals,1,5.248208,5.136417,5.270792,25
1,64,2048,64,gk_share,1,14.334167,13.876188,14.553687,11
1,64,2048,64,gk_share_vals,1,9.450542,9.367459,9.631813,16
1,64,2048,64,cpu,1,10.074417,9.959395,10.192792,15
1,4096,40,40,jacobi,1,49.265458,49.210917,49.415167,5
1,4096,40,40,block,1,91.205667,91.205625,91.466042,5
1,4096,40,40,gk,1,18.017417,17.987541,18.100667,9
1,4096,40,40,gk_vals,1,7.371667,7.360541,7.384667,21
1,4096,40,40,cpu_vals,1,7.473208,7.406667,7.532083,21
1,4096,40,40,gk_share,1,12.781167,12.576719,12.907250,12
1,4096,40,40,gk_share_vals,1,4.431333,4.418833,4.545459,25
1,4096,40,40,cpu,1,24.146791,23.523542,24.794604,7
1,4096,48,48,jacobi,1,79.815500,79.588292,79.955542,5
1,4096,48,48,block,1,97.536583,97.451666,97.637250,5
1,4096,48,48,gk,1,27.337666,27.292291,27.484355,6
1,4096,48,48,gk_vals,1,11.582000,11.574792,11.582791,13
1,4096,48,48,cpu_vals,1,10.215042,9.866437,10.339208,15
1,4096,48,48,gk_share,1,18.841938,18.072333,19.455209,8
1,4096,48,48,gk_share_vals,1,6.436166,6.421666,6.479625,23
1,4096,48,48,cpu,1,34.362125,34.208750,34.525209,5
1,4096,512,32,jacobi,1,200.198875,197.070750,200.846166,5
1,4096,512,32,block,1,88.424375,88.173458,89.506375,5
1,4096,512,32,qr,1,74.478459,74.037750,74.636500,5
1,4096,512,32,qrblock,1,70.214875,70.143750,70.943834,5
1,4096,512,32,gk,1,61.001417,60.924583,61.325167,5
1,4096,512,32,gk_vals,1,31.872125,31.865042,32.616458,5
1,4096,512,32,cpu_vals,1,20.894604,20.772156,21.028521,8
1,4096,512,32,gk_share,1,47.645667,47.165916,47.796375,5
1,4096,512,32,gk_share_vals,1,28.068125,26.273969,29.658469,6
1,4096,512,32,cpu,1,49.054791,48.498208,51.431708,5
1,256,56,56,jacobi,1,7.553313,7.538781,7.564031,20
1,256,56,56,block,1,8.367458,8.181375,8.461677,18
1,256,56,56,gk,1,3.310958,3.301042,3.319833,25
1,256,56,56,gk_vals,1,1.525708,1.481584,1.534791,25
1,256,56,56,cpu_vals,1,1.073250,0.983625,1.106542,25
1,256,56,56,gk_share,1,3.028542,2.992667,3.043709,25
1,256,56,56,gk_share_vals,1,1.641834,1.622667,1.663708,25
1,256,56,56,cpu,1,2.773833,2.736333,2.797625,25
1,1024,512,32,jacobi,1,48.262042,48.247834,49.278209,5
1,1024,512,32,block,1,23.202958,23.013979,23.305854,7
1,1024,512,32,qr,1,22.560875,22.499916,22.780583,7
1,1024,512,32,qrblock,1,21.972834,21.929021,22.842146,7
1,1024,512,32,gk,1,19.503771,19.337011,19.650667,8
1,1024,512,32,gk_vals,1,12.381500,11.740750,12.512875,13
1,1024,512,32,cpu_vals,1,5.759959,5.567375,5.963959,25
1,1024,512,32,gk_share,1,15.559417,15.146469,16.624375,10
1,1024,512,32,gk_share_vals,1,7.917708,7.752688,8.101417,19
1,1024,512,32,cpu,1,12.865875,12.766541,13.083458,12
1,64,16,8,jacobi,1,0.391250,0.383458,0.401875,25
1,64,16,8,qr,1,0.484667,0.456917,0.663500,25
1,64,16,8,gk,1,0.248209,0.247042,0.249833,25
1,64,16,8,gk_vals,1,0.207291,0.192625,0.210042,25
1,64,16,8,cpu_vals,1,0.204500,0.112500,0.234125,25
1,64,16,8,gk_share,1,0.343292,0.342000,0.346792,25
1,64,16,8,gk_share_vals,1,0.301292,0.298833,0.305333,25
1,64,16,8,cpu,1,0.137917,0.131458,0.147083,25
1,4,48,48,jacobi,1,1.036291,0.829334,1.151083,25
1,4,48,48,block,1,2.517583,2.502125,2.561667,25
1,4,48,48,gk,1,1.117917,1.098084,1.149459,25
1,4,48,48,gk_vals,1,0.894000,0.830417,0.919750,25
1,4,48,48,cpu_vals,1,0.070875,0.070458,0.071750,25
1,4,48,48,cpu,1,0.159875,0.156625,0.162458,25
1,16,128,16,jacobi,1,0.766333,0.652208,0.777042,25
1,16,128,16,qr,1,0.509333,0.505750,0.528458,25
1,16,128,16,gk,1,0.368167,0.366083,0.372125,25
1,16,128,16,gk_vals,1,0.284958,0.273292,0.291625,25
1,16,128,16,cpu_vals,1,0.098458,0.087916,0.110500,25
1,16,128,16,cpu,1,0.173083,0.164542,0.501625,25
1,16,512,64,jacobi,1,2.241292,2.238125,2.248292,25
1,16,512,64,block,1,4.219042,4.155333,4.279042,25
1,16,512,64,qr,1,2.162542,2.136333,2.241208,25
1,16,512,64,qrblock,1,3.816041,3.783583,3.859917,25
1,16,512,64,gk,1,3.297833,3.254792,3.327250,25
1,16,512,64,gk_vals,1,2.425542,2.340000,2.450541,25
1,16,512,64,cpu_vals,1,0.617708,0.516166,0.669625,25
1,16,512,64,cpu,1,1.239750,1.032625,1.269084,25
1,1,64,16,jacobi,1,0.517459,0.507167,0.542709,25
1,1,64,16,qr,1,0.434084,0.425583,0.460541,25
1,1,64,16,gk,1,0.348959,0.340125,0.367709,25
1,1,64,16,gk_vals,1,0.284292,0.272375,0.294666,25
1,1,64,16,cpu_vals,1,0.011625,0.011541,0.011667,25
1,1,64,16,cpu,1,0.037000,0.029167,0.037416,25
1,256,48,48,jacobi,1,5.560625,5.554125,5.577041,25
1,256,48,48,block,1,7.830896,7.709729,7.921677,20
1,256,48,48,gk,1,2.345542,2.297542,2.349500,25
1,256,48,48,gk_vals,1,1.219917,1.175459,1.265459,25
1,256,48,48,cpu_vals,1,0.774167,0.762958,0.809334,25
1,256,48,48,gk_share,1,1.539750,1.523833,1.554833,25
1,256,48,48,gk_share_vals,1,1.100417,1.086875,1.105250,25
1,256,48,48,cpu,1,2.349667,2.335167,2.375375,25
1,1,1024,1024,jacobi,1,2817.627792,2817.183834,2817.700980,3
1,1,1024,1024,block,1,115.201792,115.136125,115.205708,5
1,1,1024,1024,cpu,1,77.630584,77.564292,77.743125,5
1,1,1024,1024,bidiag,1,55.283250,55.122750,55.559709,5
1,1,1024,1024,bidiag_vals,1,26.431375,26.419334,26.473167,6
1,1,1024,1024,cpu_vals,1,35.593542,35.560666,35.769792,5
1,4096,64,32,jacobi,1,28.111646,28.074531,28.139729,6
1,4096,64,32,block,1,24.835625,24.766521,24.932520,7
1,4096,64,32,qr,1,30.945458,30.910417,31.153916,5
1,4096,64,32,qrblock,1,26.702187,26.549177,27.102635,6
1,4096,64,32,gk,1,15.345229,15.316021,15.385167,10
1,4096,64,32,gk_vals,1,7.925958,7.913375,7.943291,19
1,4096,64,32,cpu_vals,1,7.425625,7.419208,7.453458,21
1,4096,64,32,gk_share,1,11.096000,10.903198,11.333573,14
1,4096,64,32,gk_share_vals,1,4.704375,4.618958,4.850583,25
1,4096,64,32,cpu,1,21.336542,21.072584,21.424010,8
1,4,512,64,jacobi,1,2.114208,2.110958,2.126291,25
1,4,512,64,block,1,3.866708,3.781042,3.885917,25
1,4,512,64,qr,1,1.718208,1.696083,1.752083,25
1,4,512,64,qrblock,1,3.175791,3.137416,3.228541,25
1,4,512,64,gk,1,2.706958,2.671084,2.716375,25
1,4,512,64,gk_vals,1,2.049250,2.012375,2.077375,25
1,4,512,64,cpu_vals,1,0.352375,0.349167,0.356291,25
1,4,512,64,cpu,1,0.697584,0.692708,0.702416,25
1,4,1024,1024,jacobi,1,3999.630917,3998.377334,4000.360625,3
1,4,1024,1024,block,1,292.373375,292.298167,292.599000,5
1,4,1024,1024,cpu,1,93.132458,92.255916,94.305666,5
1,4,1024,1024,bidiag,1,142.319584,142.148916,142.469042,5
1,4,1024,1024,bidiag_vals,1,86.236959,86.224500,86.258084,5
1,4,1024,1024,cpu_vals,1,41.243459,41.202083,41.316875,5
1,1,768,768,jacobi,1,1031.193166,1031.176146,1031.236228,3
1,1,768,768,block,1,65.156583,65.142167,65.250417,5
1,1,768,768,cpu,1,33.812500,33.656209,33.926541,5
1,1,768,768,bidiag,1,29.511166,29.449073,29.575854,6
1,1,768,768,bidiag_vals,1,16.654750,16.649208,16.713167,9
1,1,768,768,cpu_vals,1,16.001041,15.945833,16.051281,10
1,256,24,24,jacobi,1,1.327500,1.277583,1.353541,25
1,256,24,24,gk,1,0.612625,0.607959,0.615375,25
1,256,24,24,gk_vals,1,0.383667,0.381916,0.386250,25
1,256,24,24,cpu_vals,1,0.311166,0.294667,0.376958,25
1,256,24,24,gk_share,1,0.684167,0.679458,0.725791,25
1,256,24,24,gk_share_vals,1,0.481875,0.479875,0.541958,25
1,256,24,24,cpu,1,0.747834,0.730042,0.777750,25
1,16,80,80,jacobi,1,1.890917,1.885708,1.900500,25
1,16,80,80,block,1,4.359500,4.324750,4.424250,25
1,16,80,80,gk,1,2.626667,2.623958,2.630000,25
1,16,80,80,gk_vals,1,1.914459,1.905708,1.920542,25
1,16,80,80,cpu_vals,1,0.463292,0.323416,0.530541,25
1,16,80,80,cpu,1,0.577083,0.565708,0.868042,25
1,256,32,32,jacobi,1,2.193709,2.185125,2.230584,25
1,256,32,32,block,1,3.014875,2.990959,3.059625,25
1,256,32,32,gk,1,0.963084,0.917833,0.966875,25
1,256,32,32,gk_vals,1,0.521875,0.517792,0.525166,25
1,256,32,32,cpu_vals,1,0.555625,0.430833,0.657625,25
1,256,32,32,gk_share,1,0.875083,0.872083,0.881041,25
1,256,32,32,gk_share_vals,1,0.596875,0.595083,0.601333,25
1,256,32,32,cpu,1,1.131750,1.089416,1.172875,25
1,4,64,32,jacobi,1,1.161625,0.390834,1.213041,25
1,4,64,32,block,1,2.116042,2.067542,2.223375,25
1,4,64,32,qr,1,0.573625,0.570750,0.582584,25
1,4,64,32,qrblock,1,2.194750,2.160417,2.256625,25
1,4,64,32,gk,1,0.713125,0.693542,0.792208,25
1,4,64,32,gk_vals,1,0.511875,0.499458,0.531667,25
1,4,64,32,cpu_vals,1,0.058625,0.057875,0.060375,25
1,4,64,32,cpu,1,0.106959,0.106416,0.109083,25
1,1024,128,16,jacobi,1,2.702083,2.692833,2.728792,25
1,1024,128,16,qr,1,3.327250,3.235291,3.405417,25
1,1024,128,16,gk,1,2.057208,2.051000,2.088042,25
1,1024,128,16,gk_vals,1,0.947667,0.902333,0.985625,25
1,1024,128,16,cpu_vals,1,1.510000,0.988542,1.572334,25
1,1024,128,16,gk_share,1,2.080375,2.048833,2.260250,25
1,1024,128,16,gk_share_vals,1,0.871875,0.862292,0.893167,25
1,1024,128,16,cpu,1,2.880000,2.389250,2.928167,25
1,64,256,64,jacobi,1,5.114750,5.094625,5.128708,25
1,64,256,64,block,1,4.679083,4.629708,4.699833,25
1,64,256,64,qr,1,5.209250,4.669292,5.249750,25
1,64,256,64,qrblock,1,5.756166,5.686292,5.821125,25
1,64,256,64,gk,1,4.015083,3.951209,4.507500,25
1,64,256,64,gk_vals,1,2.871167,2.828167,2.908416,25
1,64,256,64,cpu_vals,1,1.028166,0.998459,1.464958,25
1,64,256,64,gk_share,1,4.488708,4.443875,4.518042,25
1,64,256,64,gk_share_vals,1,3.213959,2.854583,3.309125,25
1,64,256,64,cpu,1,2.053875,2.027167,2.455875,25
1,16,64,8,jacobi,1,0.376209,0.364709,0.381500,25
1,16,64,8,qr,1,0.428917,0.423583,0.433792,25
1,16,64,8,gk,1,0.232750,0.227959,0.237709,25
1,16,64,8,gk_vals,1,0.185625,0.180292,0.201209,25
1,16,64,8,cpu_vals,1,0.072458,0.072125,0.076167,25
1,16,64,8,cpu,1,0.093375,0.080167,0.133708,25
1,64,64,64,jacobi,1,3.226292,3.179708,3.237084,25
1,64,64,64,block,1,3.836625,3.765917,3.908459,25
1,64,64,64,gk,1,1.941208,1.938708,1.944875,25
1,64,64,64,gk_vals,1,1.363541,1.351208,1.403291,25
1,64,64,64,cpu_vals,1,0.438416,0.418625,0.643125,25
1,64,64,64,gk_share,1,2.056208,2.042583,2.076834,25
1,64,64,64,gk_share_vals,1,1.484041,1.462250,1.511916,25
1,64,64,64,cpu,1,1.037708,1.023667,1.050959,25
1,1,384,384,jacobi,1,113.021834,113.008500,113.023167,5
1,1,384,384,block,1,22.281167,22.181750,22.334750,7
1,1,384,384,cpu,1,7.547897,7.333396,8.125751,20
1,1,384,384,bidiag,1,10.371542,10.304188,10.384979,15
1,1,384,384,bidiag_vals,1,6.394521,6.383677,6.479375,24
1,1,384,384,cpu_vals,1,3.582875,3.579833,3.591958,25
1,1024,128,128,jacobi,1,470.271750,470.040354,472.432875,3
1,1024,128,128,block,1,189.465375,189.347167,191.158166,5
1,1024,128,128,cpu,1,77.305792,77.058583,77.673459,5
1,1,256,256,jacobi,1,33.986750,33.982042,33.991209,5
1,1,256,256,block,1,13.151333,13.008552,13.204979,12
1,1,256,256,cpu,1,3.961667,3.885583,4.034084,25
1,1,256,256,bidiag,1,6.311458,5.943041,6.430292,25
1,1,256,256,bidiag_vals,1,3.955750,3.949583,3.966250,25
1,1,256,256,cpu_vals,1,1.724416,1.718125,1.728500,25
1,64,256,32,jacobi,1,1.333125,1.317666,1.384042,25
1,64,256,32,block,1,2.603750,2.581500,2.622625,25
1,64,256,32,qr,1,1.636292,1.624833,1.659167,25
1,64,256,32,qrblock,1,2.733583,2.684333,2.759166,25
1,64,256,32,gk,1,1.721417,1.709750,1.729042,25
1,64,256,32,gk_vals,1,1.013917,0.981791,1.097583,25
1,64,256,32,cpu_vals,1,0.475875,0.381667,0.615916,25
1,64,256,32,gk_share,1,1.808166,1.737916,1.865625,25
1,64,256,32,gk_share_vals,1,1.061833,1.032625,1.117709,25
1,64,256,32,cpu,1,0.722459,0.701000,0.745375,25
1,1,128,16,jacobi,1,0.588333,0.580500,0.614500,25
1,1,128,16,qr,1,0.425959,0.418625,0.431209,25
1,1,128,16,gk,1,0.343042,0.328917,0.370542,25
1,1,128,16,gk_vals,1,0.266750,0.260792,0.282583,25
1,1,128,16,cpu_vals,1,0.013542,0.013500,0.013708,25
1,1,128,16,cpu,1,0.039667,0.030875,0.040041,25
1,1,40,40,jacobi,1,1.101791,1.066000,1.135709,25
1,1,40,40,block,1,2.504209,2.436708,2.567542,25
1,1,40,40,gk,1,0.822875,0.787500,0.859542,25
1,1,40,40,gk_vals,1,0.693542,0.637167,0.715292,25
1,1,40,40,cpu_vals,1,0.027375,0.027291,0.027667,25
1,1,40,40,cpu,1,0.085958,0.085750,0.086541,25
1,4096,16,16,jacobi,1,5.748083,5.731875,5.774917,25
1,4096,16,16,gk,1,2.420291,2.402584,2.423625,25
1,4096,16,16,gk_vals,1,1.269708,1.225166,1.292000,25
1,4096,16,16,cpu_vals,1,1.828792,1.719667,2.346709,25
1,4096,16,16,gk_share,1,3.900750,3.854958,3.995875,25
1,4096,16,16,gk_share_vals,1,1.647792,1.600875,1.709916,25
1,4096,16,16,cpu,1,4.638917,4.445042,4.735750,25
1,4,64,8,jacobi,1,0.343208,0.333917,0.349417,25
1,4,64,8,qr,1,0.399667,0.394375,0.583833,25
1,4,64,8,gk,1,0.232167,0.222041,0.236584,25
1,4,64,8,gk_vals,1,0.187083,0.182041,0.204333,25
1,4,64,8,cpu_vals,1,0.023250,0.021917,0.024958,25
1,4,64,8,cpu,1,0.029875,0.029458,0.030833,25
1,1,256,32,jacobi,1,0.486292,0.474208,0.605583,25
1,1,256,32,block,1,2.273667,2.187375,2.290666,25
1,1,256,32,qr,1,0.587208,0.581042,0.591375,25
1,1,256,32,qrblock,1,2.316083,2.246000,2.381458,25
1,1,256,32,gk,1,1.015167,0.990375,1.101334,25
1,1,256,32,gk_vals,1,0.606042,0.602833,0.619625,25
1,1,256,32,cpu_vals,1,0.053541,0.053208,0.053709,25
1,1,256,32,cpu,1,0.115459,0.114417,0.117250,25
1,4096,4,4,jacobi,1,0.622333,0.616250,0.679500,25
1,4096,4,4,gk,1,0.392000,0.389334,0.394500,25
1,4096,4,4,gk_vals,1,0.261000,0.256791,0.273542,25
1,4096,4,4,cpu_vals,1,0.517875,0.461542,0.653292,25
1,4096,4,4,gk_share,1,0.580417,0.573291,0.597667,25
1,4096,4,4,gk_share_vals,1,0.562125,0.548083,0.650916,25
1,4096,4,4,cpu,1,0.692458,0.671166,0.783667,25
1,1,32,32,jacobi,1,1.085708,0.356916,1.139334,25
1,1,32,32,block,1,2.363917,2.268541,2.442500,25
1,1,32,32,gk,1,0.700667,0.662833,0.711209,25
1,1,32,32,gk_vals,1,0.484541,0.459333,0.513291,25
1,1,32,32,cpu_vals,1,0.019458,0.019416,0.019750,25
1,1,32,32,cpu,1,0.060584,0.060375,0.060875,25
1,64,64,16,jacobi,1,0.464250,0.385750,0.576500,25
1,64,64,16,qr,1,0.653542,0.637250,0.673875,25
1,64,64,16,gk,1,0.371542,0.365625,0.377875,25
1,64,64,16,gk_vals,1,0.291833,0.288500,0.296958,25
1,64,64,16,cpu_vals,1,0.166417,0.163417,0.170584,25
1,64,64,16,gk_share,1,0.479000,0.477667,0.481042,25
1,64,64,16,gk_share_vals,1,0.392334,0.389667,0.396208,25
1,64,64,16,cpu,1,0.256125,0.254250,0.260833,25
1,4,2048,128,jacobi,1,42.254791,42.232875,42.265833,5
1,4,2048,128,block,1,14.234708,14.161812,14.321770,11
1,4,2048,128,qr,1,8.164813,8.079334,8.654521,18
1,4,2048,128,qrblock,1,9.249250,9.149833,9.397666,17
1,4,2048,128,cpu,1,4.274750,4.245458,4.300125,25
1,4,2048,128,bidiag,1,20.073167,20.046083,20.188385,8
1,4,2048,128,bidiag_vals,1,17.374167,17.356792,17.506625,9
1,4,2048,128,cpu_vals,1,2.529334,2.149167,2.623833,25
1,4,128,32,jacobi,1,0.906750,0.725166,1.297000,25
1,4,128,32,block,1,2.007708,1.963042,2.078916,25
1,4,128,32,qr,1,0.566583,0.559875,0.576042,25
1,4,128,32,qrblock,1,2.008000,1.976500,2.037417,25
1,4,128,32,gk,1,0.821959,0.732041,0.827708,25
1,4,128,32,gk_vals,1,0.512417,0.505375,0.529833,25
1,4,128,32,cpu_vals,1,0.068166,0.067500,0.069250,25
1,4,128,32,cpu,1,0.121333,0.120583,0.124166,25
1,4,256,32,jacobi,1,0.766500,0.508167,0.849375,25
1,4,256,32,block,1,2.162750,2.143708,2.260375,25
1,4,256,32,qr,1,0.613458,0.602375,0.616500,25
1,4,256,32,qrblock,1,2.042792,2.003458,2.067542,25
1,4,256,32,gk,1,1.082416,1.038125,1.132708,25
1,4,256,32,gk_vals,1,0.650667,0.645708,0.652708,25
1,4,256,32,cpu_vals,1,0.089125,0.088084,0.091417,25
1,4,256,32,cpu,1,0.158333,0.157458,0.160916,25
1,1,56,56,jacobi,1,1.013541,0.950208,1.043250,25
1,1,56,56,block,1,2.541166,2.500792,2.651208,25
1,1,56,56,gk,1,1.286250,1.266541,1.316083,25
1,1,56,56,gk_vals,1,1.031375,1.013875,1.076666,25
1,1,56,56,cpu_vals,1,0.048791,0.048625,0.048875,25
1,1,56,56,cpu,1,0.134667,0.132458,0.137334,25
1,1,512,32,jacobi,1,0.635209,0.598875,0.698250,25
1,1,512,32,block,1,2.800875,2.772000,2.845459,25
1,1,512,32,qr,1,0.625292,0.617917,0.629084,25
1,1,512,32,qrblock,1,2.275625,2.145750,2.368584,25
1,1,512,32,gk,1,1.011917,0.962000,1.067334,25
1,1,512,32,gk_vals,1,0.593833,0.590875,0.601500,25
1,1,512,32,cpu_vals,1,0.070500,0.069916,0.070875,25
1,1,512,32,cpu,1,0.157166,0.155625,0.157792,25
1,4,32,32,jacobi,1,0.371750,0.365334,0.382334,25
1,4,32,32,block,1,1.940625,1.907000,1.974916,25
1,4,32,32,gk,1,0.742083,0.709458,0.752666,25
1,4,32,32,gk_vals,1,0.501583,0.473875,0.531291,25
1,4,32,32,cpu_vals,1,0.050500,0.049500,0.050833,25
1,4,32,32,cpu,1,0.092292,0.090791,0.095041,25
1,1024,2048,128,qr,1,718.166500,715.907542,721.795000,3
1,1024,2048,128,qrblock,1,455.950667,454.590834,462.322000,3
1,1024,2048,128,cpu,1,408.434417,408.431875,411.050771,3
1,256,256,8,jacobi,1,0.872209,0.763458,0.885541,25
1,256,256,8,qr,1,0.965666,0.952208,0.978291,25
1,256,256,8,gk,1,0.523667,0.514625,0.526334,25
1,256,256,8,gk_vals,1,0.282375,0.271417,0.287708,25
1,256,256,8,cpu_vals,1,0.238708,0.221750,0.642292,25
1,256,256,8,gk_share,1,0.563125,0.555208,0.577000,25
1,256,256,8,gk_share_vals,1,0.376625,0.368792,0.379584,25
1,256,256,8,cpu,1,0.440625,0.433667,0.447833,25
1,4096,1024,32,jacobi,0,0,0,0,0
1,4096,1024,32,block,0,0,0,0,0
1,4096,1024,32,qr,0,0,0,0,0
1,4096,1024,32,qrblock,0,0,0,0,0
1,4096,1024,32,gk,0,0,0,0,0
1,4096,1024,32,gk_vals,0,0,0,0,0
1,4096,1024,32,cpu_vals,0,0,0,0,0
1,4096,1024,32,gk_share,0,0,0,0,0
1,4096,1024,32,gk_share_vals,0,0,0,0,0
1,4096,1024,32,cpu,0,0,0,0,0
1,16,768,768,jacobi,1,3689.199959,3687.848792,3689.295292,3
1,16,768,768,block,1,528.611000,528.355292,528.899354,3
1,16,768,768,cpu,1,79.427833,78.606709,79.612292,5
1,16,768,768,bidiag,1,273.564833,273.561375,273.786292,5
1,16,768,768,bidiag_vals,1,208.577708,208.563458,208.653334,5
1,16,768,768,cpu_vals,1,49.300334,49.246125,49.619917,5
1,1,1024,256,jacobi,1,85.948916,85.931208,85.948917,5
1,1,1024,256,block,1,15.735062,15.594854,15.813583,10
1,1,1024,256,qr,1,31.318500,31.269583,31.351500,5
1,1,1024,256,qrblock,1,13.935416,13.814396,14.022313,11
1,1,1024,256,cpu,1,6.563625,6.464459,6.658750,23
1,1,1024,256,bidiag,1,9.388813,9.370844,9.486854,16
1,1,1024,256,bidiag_vals,1,7.065875,7.053761,7.109552,22
1,1,1024,256,cpu_vals,1,2.976041,2.969750,2.983250,25
1,4,128,128,jacobi,1,4.929084,4.925792,4.932833,25
1,4,128,128,block,1,6.185708,6.091917,6.340208,25
1,4,128,128,cpu,1,1.344375,1.329458,1.364125,25
1,4,128,128,bidiag,1,8.902500,8.870208,8.970917,17
1,4,128,128,bidiag_vals,1,6.581167,6.573771,6.605104,23
1,4,128,128,cpu_vals,1,0.914833,0.901959,0.931167,25
1,4,16,16,jacobi,1,0.521917,0.503292,0.535083,25
1,4,16,16,gk,1,0.315625,0.310625,0.347417,25
1,4,16,16,gk_vals,1,0.251167,0.244250,0.266166,25
1,4,16,16,cpu_vals,1,0.026666,0.023875,0.027125,25
1,4,16,16,cpu,1,0.042666,0.041291,0.045875,25
1,4096,256,128,jacobi,1,2091.857583,2089.254396,2092.167395,3
1,4096,256,128,block,1,861.220416,859.870208,861.323938,3
1,4096,256,128,qr,1,1917.530083,1916.903354,1934.776979,3
1,4096,256,128,qrblock,1,803.528083,803.128250,806.097209,3
1,4096,256,128,cpu,1,464.062916,462.279353,465.008687,3
1,1024,64,32,jacobi,1,7.972791,7.953791,8.049417,19
1,1024,64,32,block,1,7.275584,7.165166,7.331750,21
1,1024,64,32,qr,1,9.889021,9.803010,9.927344,16
1,1024,64,32,qrblock,1,9.226666,9.084000,9.345375,17
1,1024,64,32,gk,1,4.287083,4.275500,4.303292,25
1,1024,64,32,gk_vals,1,2.345375,2.339625,2.349167,25
1,1024,64,32,cpu_vals,1,2.490542,2.006250,2.540750,25
1,1024,64,32,gk_share,1,3.718291,3.684583,3.780959,25
1,1024,64,32,gk_share_vals,1,1.652000,1.616708,1.667500,25
1,1024,64,32,cpu,1,5.852000,5.476208,6.026417,25
1,4096,512,64,jacobi,0,0,0,0,0
1,4096,512,64,block,0,0,0,0,0
1,4096,512,64,qr,0,0,0,0,0
1,4096,512,64,qrblock,0,0,0,0,0
1,4096,512,64,gk,0,0,0,0,0
1,4096,512,64,gk_vals,0,0,0,0,0
1,4096,512,64,cpu_vals,0,0,0,0,0
1,4096,512,64,gk_share,0,0,0,0,0
1,4096,512,64,gk_share_vals,0,0,0,0,0
1,4096,512,64,cpu,0,0,0,0,0
1,256,32,8,jacobi,1,0.601667,0.592875,0.608166,25
1,256,32,8,qr,1,0.649875,0.585833,0.785250,25
1,256,32,8,gk,1,0.219208,0.212709,0.229375,25
1,256,32,8,gk_vals,1,0.172709,0.170375,0.175209,25
1,256,32,8,cpu_vals,1,0.201750,0.191209,0.642834,25
1,256,32,8,gk_share,1,0.330250,0.325542,0.335792,25
1,256,32,8,gk_share_vals,1,0.375584,0.271541,0.468417,25
1,256,32,8,cpu,1,0.272875,0.265750,0.284333,25
1,1024,512,16,jacobi,1,11.491500,11.294698,11.585885,14
1,1024,512,16,qr,1,8.727167,8.651063,8.824178,18
1,1024,512,16,gk,1,8.189708,8.116791,8.342834,19
1,1024,512,16,gk_vals,1,4.608584,4.569209,4.658291,25
1,1024,512,16,cpu_vals,1,2.687000,2.648458,2.856167,25
1,1024,512,16,gk_share,1,6.533667,6.452896,6.845688,23
1,1024,512,16,gk_share_vals,1,3.453000,3.396209,3.525708,25
1,1024,512,16,cpu,1,5.204459,5.162750,5.277125,25
1,16,512,16,jacobi,1,0.458583,0.435459,1.161167,25
1,16,512,16,qr,1,0.656250,0.644250,0.664959,25
1,16,512,16,gk,1,0.798792,0.789083,0.809584,25
1,16,512,16,gk_vals,1,0.440625,0.416583,0.640125,25
1,16,512,16,cpu_vals,1,0.145750,0.140750,0.191625,25
1,16,512,16,cpu,1,0.238417,0.234625,0.246375,25
1,64,4,4,jacobi,1,0.249625,0.244625,0.257667,25
1,64,4,4,gk,1,0.297625,0.273667,0.303958,25
1,64,4,4,gk_vals,1,0.239250,0.176291,0.260542,25
1,64,4,4,cpu_vals,1,0.102458,0.100250,0.104416,25
1,64,4,4,gk_share,1,0.289334,0.287333,0.295750,25
1,64,4,4,gk_share_vals,1,0.140333,0.129709,0.147125,25
1,64,4,4,cpu,1,0.120667,0.079375,0.144917,25
1,256,256,256,jacobi,1,1111.782667,1111.428604,1112.176021,3
1,256,256,256,block,1,346.187917,346.070959,346.541625,3
1,256,256,256,cpu,1,77.957042,77.881958,78.375625,5
1,256,96,96,jacobi,1,47.887541,47.828208,47.978166,5
1,256,96,96,block,1,22.319041,22.305062,22.385312,7
1,256,96,96,cpu,1,11.061771,10.871489,11.368938,14
1,64,96,96,jacobi,1,8.549042,8.536844,8.579813,18
1,64,96,96,block,1,8.141959,8.075042,8.238500,19
1,64,96,96,cpu,1,2.945791,2.926417,2.984333,25
1,256,256,16,jacobi,1,1.330625,1.271458,1.354875,25
1,256,256,16,qr,1,1.702709,1.597042,2.082417,25
1,256,256,16,gk,1,1.190167,1.165000,1.205583,25
1,256,256,16,gk_vals,1,0.584667,0.578000,0.590958,25
1,256,256,16,cpu_vals,1,0.522333,0.440292,0.696083,25
1,256,256,16,gk_share,1,0.914292,0.908542,0.936541,25
1,256,256,16,gk_share_vals,1,0.545166,0.543833,0.565917,25
1,256,256,16,cpu,1,0.904417,0.866625,1.492041,25
1,256,1024,256,jacobi,1,3504.229416,3503.380562,3509.308667,3
1,256,1024,256,block,1,643.619875,643.601334,644.276396,3
1,256,1024,256,qr,1,1086.906125,1085.577917,1090.374979,3
1,256,1024,256,qrblock,1,392.710791,392.005041,393.717249,3
1,256,1024,256,cpu,1,158.853208,158.604125,160.381916,5
1,4096,32,8,jacobi,1,1.565041,1.543250,1.592625,25
1,4096,32,8,qr,1,2.569958,2.531709,2.602500,25
1,4096,32,8,gk,1,1.333208,1.313666,1.364292,25
1,4096,32,8,gk_vals,1,0.583709,0.573875,0.590625,25
1,4096,32,8,cpu_vals,1,1.697416,1.142917,1.750416,25
1,4096,32,8,gk_share,1,1.331167,1.315666,1.347209,25
1,4096,32,8,gk_share_vals,1,0.788083,0.777791,0.801583,25
1,4096,32,8,cpu,1,2.120000,2.088583,2.613041,25
1,16,256,256,jacobi,1,66.127917,66.094792,66.144042,5
1,16,256,256,block,1,24.716333,24.669958,24.764125,7
1,16,256,256,cpu,1,6.078125,6.056417,6.100792,25
1,16,256,256,bidiag,1,71.176917,71.173417,71.214916,5
1,16,256,256,bidiag_vals,1,56.500459,56.430042,56.503125,5
1,16,256,256,cpu_vals,1,3.394500,3.334375,3.839625,25
1,256,64,64,jacobi,1,13.619312,12.634156,14.015656,12
1,256,64,64,block,1,8.864292,8.801583,9.107208,17
1,256,64,64,gk,1,5.068917,5.042041,5.086875,25
1,256,64,64,gk_vals,1,2.379208,2.374500,2.384084,25
1,256,64,64,cpu_vals,1,1.306833,1.256333,1.865625,25
1,256,64,64,gk_share,1,3.421334,3.381333,3.440917,25
1,256,64,64,gk_share_vals,1,1.996709,1.974833,2.042833,25
1,256,64,64,cpu,1,3.749041,3.648709,4.207916,25
1,1,256,16,jacobi,1,0.361875,0.350000,0.823833,25
1,1,256,16,qr,1,0.449167,0.437333,0.470500,25
1,1,256,16,gk,1,0.351000,0.346708,0.361834,25
1,1,256,16,gk_vals,1,0.260792,0.253125,0.269084,25
1,1,256,16,cpu_vals,1,0.018584,0.018583,0.018667,25
1,1,256,16,cpu,1,0.051750,0.051459,0.052333,25
1,4,256,64,jacobi,1,1.460916,1.413125,1.472459,25
1,4,256,64,block,1,3.053959,2.967750,3.115000,25
1,4,256,64,qr,1,1.504750,1.468459,1.541875,25
1,4,256,64,qrblock,1,2.904167,2.875208,2.929333,25
1,4,256,64,gk,1,2.373875,2.368750,2.379166,25
1,4,256,64,gk_vals,1,1.752375,1.732792,1.767750,25
1,4,256,64,cpu_vals,1,0.225250,0.223084,0.228042,25
1,4,256,64,cpu,1,0.458125,0.455125,0.459875,25
1,1,512,16,jacobi,1,0.500917,0.490000,0.540083,25
1,1,512,16,qr,1,0.487083,0.482875,0.491417,25
1,1,512,16,gk,1,0.587209,0.572750,0.600625,25
1,1,512,16,gk_vals,1,0.299583,0.297583,0.307500,25
1,1,512,16,cpu_vals,1,0.033917,0.033625,0.034041,25
1,1,512,16,cpu,1,0.069875,0.069375,0.070708,25
1,1024,128,8,jacobi,1,1.003292,0.991875,1.017625,25
1,1024,128,8,qr,1,1.643166,1.580958,2.112709,25
1,1024,128,8,gk,1,0.980584,0.962708,0.990541,25
1,1024,128,8,gk_vals,1,0.414542,0.407708,0.417750,25
1,1024,128,8,cpu_vals,1,0.718542,0.472708,1.079417,25
1,1024,128,8,gk_share,1,1.045709,0.945791,1.083916,25
1,1024,128,8,gk_share_vals,1,0.479250,0.464250,0.687333,25
1,1024,128,8,cpu,1,0.978958,0.888000,1.480917,25
1,16,64,64,jacobi,1,1.179209,1.136917,1.236250,25
1,16,64,64,block,1,2.929292,2.917375,2.966083,25
1,16,64,64,gk,1,1.794459,1.789875,1.799292,25
1,16,64,64,gk_vals,1,1.336416,1.307417,1.371916,25
1,16,64,64,cpu_vals,1,0.221458,0.217542,0.228500,25
1,16,64,64,cpu,1,0.391292,0.387875,0.395000,25
1,64,256,16,jacobi,1,0.508959,0.474625,1.400791,25
1,64,256,16,qr,1,0.788833,0.762375,0.806958,25
1,64,256,16,gk,1,0.462459,0.458084,0.484542,25
1,64,256,16,gk_vals,1,0.304500,0.291833,0.308708,25
1,64,256,16,cpu_vals,1,0.198875,0.187417,0.210458,25
1,64,256,16,gk_share,1,0.556667,0.551958,0.564458,25
1,64,256,16,gk_share_vals,1,0.393125,0.389333,0.400500,25
1,64,256,16,cpu,1,0.328959,0.322041,0.363209,25
1,4,1024,32,jacobi,1,1.016042,0.972750,1.036333,25
1,4,1024,32,block,1,4.123459,4.068583,4.169458,25
1,4,1024,32,qr,1,0.864333,0.857750,0.871417,25
1,4,1024,32,qrblock,1,2.272625,2.254708,2.297291,25
1,4,1024,32,gk,1,1.283417,1.274584,1.367833,25
1,4,1024,32,gk_vals,1,0.852792,0.848375,0.864167,25
1,4,1024,32,cpu_vals,1,0.210250,0.203625,0.215792,25
1,4,1024,32,cpu,1,0.384542,0.381625,0.388583,25
1,4,24,24,jacobi,1,0.765334,0.340250,0.835750,25
1,4,24,24,gk,1,0.621542,0.487958,0.705583,25
1,4,24,24,gk_vals,1,0.353209,0.347000,0.363917,25
1,4,24,24,cpu_vals,1,0.030375,0.028750,0.033792,25
1,4,24,24,cpu,1,0.059875,0.059125,0.062750,25
1,1024,512,128,jacobi,1,1260.630708,1260.529375,1263.092875,3
1,1024,512,128,block,1,329.270000,328.529875,330.255896,3
1,1024,512,128,qr,1,508.468625,508.229979,510.733854,3
1,1024,512,128,qrblock,1,236.441833,234.962083,237.408667,5
1,1024,512,128,cpu,1,158.045041,156.656625,160.308375,5
1,256,2048,64,jacobi,1,324.614584,324.220604,325.482937,3
1,256,2048,64,block,1,58.767458,58.444833,59.280583,5
1,256,2048,64,qr,1,55.479375,53.644083,56.079542,5
1,256,2048,64,qrblock,1,56.213792,53.867750,57.329459,5
1,256,2048,64,gk,1,51.200333,50.982750,51.369459,5
1,256,2048,64,gk_vals,1,37.002458,36.567500,37.148291,5
1,256,2048,64,cpu_vals,1,17.473750,17.237625,17.748500,9
1,256,2048,64,gk_share,1,48.393750,48.107917,50.438459,5
1,256,2048,64,gk_share_vals,1,30.718312,29.194084,31.837386,6
1,256,2048,64,cpu,1,35.287375,35.213541,35.321584,5
1,64,1024,64,jacobi,1,39.188458,39.121792,39.692375,5
1,64,1024,64,block,1,11.363605,11.209053,11.509781,14
1,64,1024,64,qr,1,9.977000,9.897032,10.093937,16
1,64,1024,64,qrblock,1,10.370958,10.248938,10.537021,15
1,64,1024,64,gk,1,9.199542,9.066917,9.313709,17
1,64,1024,64,gk_vals,1,6.770563,6.728219,6.895594,22
1,64,1024,64,cpu_vals,1,2.814958,2.729125,2.960083,25
1,64,1024,64,gk_share,1,9.011208,8.938833,9.154541,17
1,64,1024,64,gk_share_vals,1,6.060666,6.012500,6.136792,25
1,64,1024,64,cpu,1,5.578500,5.431584,5.845541,25
1,16,4,4,jacobi,1,0.288042,0.281083,0.291542,25
1,16,4,4,gk,1,0.332625,0.325584,0.341834,25
1,16,4,4,gk_vals,1,0.181208,0.178000,0.241333,25
1,16,4,4,cpu_vals,1,0.028875,0.028209,0.036958,25
1,16,4,4,cpu,1,0.041083,0.040500,0.043917,25
1,16,1024,1024,jacobi,1,9122.854125,9121.904041,9134.794084,3
1,16,1024,1024,block,1,1227.721959,1227.084896,1227.755188,3
1,16,1024,1024,cpu,1,301.776292,301.686583,304.580021,3
1,16,1024,1024,bidiag,1,495.705791,494.890020,496.127271,3
1,16,1024,1024,bidiag_vals,1,325.330333,325.262208,325.511062,3
1,16,1024,1024,cpu_vals,1,220.881000,220.512375,223.223917,5
1,4,4,4,jacobi,1,0.258208,0.252333,0.270084,25
1,4,4,4,gk,1,0.283375,0.265917,0.296250,25
1,4,4,4,gk_vals,1,0.244583,0.179042,0.253083,25
1,4,4,4,cpu_vals,1,0.018625,0.017750,0.019709,25
1,4,4,4,cpu,1,0.025333,0.024792,0.025833,25
1,64,512,256,jacobi,1,438.950375,438.694375,439.343583,3
1,64,512,256,block,1,104.563791,102.473750,104.950125,5
1,64,512,256,qr,1,277.137084,276.163125,279.450458,5
1,64,512,256,qrblock,1,83.947083,83.797875,83.954916,5
1,64,512,256,cpu,1,30.966958,30.702500,31.023500,5
1,64,512,256,bidiag,1,406.841416,406.745166,406.910083,3
1,64,512,256,bidiag_vals,1,321.978708,320.171375,324.655291,3
1,64,512,256,cpu_vals,1,14.643916,14.552500,14.752084,11
1,4096,128,32,jacobi,1,35.620000,35.596500,35.694792,5
1,4096,128,32,block,1,33.615875,33.324292,33.673083,5
1,4096,128,32,qr,1,35.471875,35.449125,35.686750,5
1,4096,128,32,qrblock,1,32.084500,31.956500,34.452667,5
1,4096,128,32,gk,1,25.904583,25.866479,26.064250,6
1,4096,128,32,gk_vals,1,13.460897,13.430812,13.543656,12
1,4096,128,32,cpu_vals,1,9.093500,8.936000,9.292041,17
1,4096,128,32,gk_share,1,15.562124,15.387615,15.660260,10
1,4096,128,32,gk_share_vals,1,6.008791,5.983125,6.028250,25
1,4096,128,32,cpu,1,25.119937,24.977302,25.189542,6
1,1,80,80,jacobi,1,1.673166,1.639917,1.694291,25
1,1,80,80,block,1,4.011750,3.943209,4.079167,25
1,1,80,80,gk,1,2.451500,2.447042,2.457875,25
1,1,80,80,gk_vals,1,1.839000,1.827625,1.844416,25
1,1,80,80,cpu_vals,1,0.191959,0.185041,0.194042,25
1,1,80,80,cpu,1,0.364500,0.361083,0.370417,25
1,4,2048,64,jacobi,1,8.641479,8.638750,8.646968,18
1,4,2048,64,block,1,8.278125,8.242729,8.407521,19
1,4,2048,64,qr,1,3.499333,3.421167,3.561167,25
1,4,2048,64,qrblock,1,5.159708,5.090791,5.258167,25
1,4,2048,64,gk,1,4.515125,4.436833,4.575125,25
1,4,2048,64,gk_vals,1,3.681917,3.612625,3.731291,25
1,4,2048,64,cpu_vals,1,0.986792,0.971458,1.007750,25
1,4,2048,64,cpu,1,1.983416,1.957125,1.995459,25
1,64,2048,256,jacobi,1,2376.204584,2369.284771,2378.564417,3
1,64,2048,256,block,1,279.738084,279.468583,279.897459,5
1,64,2048,256,qr,1,311.599458,311.590125,311.969604,3
1,64,2048,256,qrblock,1,137.132542,136.844375,137.605750,5
1,64,2048,256,cpu,1,70.856250,70.684292,71.250583,5
1,64,2048,256,bidiag,1,654.957250,654.789354,659.929083,3
1,64,2048,256,bidiag_vals,1,564.772042,564.303146,564.928688,3
1,64,2048,256,cpu_vals,1,30.284083,30.142041,30.290042,5
1,256,192,192,jacobi,1,402.631709,402.436375,402.925208,3
1,256,192,192,block,1,148.299959,148.074667,148.386125,5
1,256,192,192,cpu,1,36.899333,36.628833,37.375750,5
1,256,192,192,bidiag,1,870.597708,870.185084,871.482021,3
1,256,192,192,bidiag_vals,1,654.801916,654.466104,655.009833,3
1,256,192,192,cpu_vals,1,18.550459,18.484833,18.664917,9
1,16,128,8,jacobi,1,0.397708,0.378875,0.430917,25
1,16,128,8,qr,1,0.437833,0.430708,0.456583,25
1,16,128,8,gk,1,0.235333,0.231916,0.238667,25
1,16,128,8,gk_vals,1,0.192083,0.184084,0.201709,25
1,16,128,8,cpu_vals,1,0.086250,0.083917,0.089125,25
1,16,128,8,cpu,1,0.119500,0.090583,0.159250,25
1,1,512,128,jacobi,1,10.239042,10.220959,10.254645,15
1,1,512,128,block,1,6.578458,6.506042,6.699584,23
1,1,512,128,qr,1,4.991375,4.986708,4.994542,25
1,1,512,128,qrblock,1,5.831375,5.797667,5.912250,25
1,1,512,128,cpu,1,1.661708,1.654542,1.673375,25
1,1,512,128,bidiag,1,3.288958,3.277167,3.301208,25
1,1,512,128,bidiag_vals,1,2.397417,2.395042,2.405458,25
1,1,512,128,cpu_vals,1,0.922584,0.921166,0.925625,25
1,64,512,128,jacobi,1,82.415875,82.130458,82.425500,5
1,64,512,128,block,1,20.830562,20.785375,20.904521,8
1,64,512,128,qr,1,38.148959,38.115917,38.587708,5
1,64,512,128,qrblock,1,19.930166,19.820646,20.106531,8
1,64,512,128,cpu,1,12.889542,11.330354,14.475698,12
1,64,512,128,bidiag,1,183.688916,183.639875,183.707375,5
1,64,512,128,bidiag_vals,1,141.648166,141.630041,141.676459,5
1,64,512,128,cpu_vals,1,6.690250,5.848219,7.639813,22
1,64,64,32,jacobi,1,0.970625,0.914750,1.022625,25
1,64,64,32,block,1,2.260250,2.201333,2.348542,25
1,64,64,32,qr,1,1.177333,1.150792,1.237375,25
1,64,64,32,qrblock,1,2.499208,2.471417,2.531625,25
1,64,64,32,gk,1,0.892666,0.797917,0.903042,25
1,64,64,32,gk_vals,1,0.537875,0.527625,0.541750,25
1,64,64,32,cpu_vals,1,0.250000,0.238875,0.637459,25
1,64,64,32,gk_share,1,0.978459,0.936084,0.994125,25
1,64,64,32,gk_share_vals,1,0.642667,0.638750,0.650834,25
1,64,64,32,cpu,1,0.477500,0.467625,0.657959,25
1,64,2048,128,jacobi,1,419.409625,419.249937,419.739312,3
1,64,2048,128,block,1,66.636416,66.608750,67.005333,5
1,64,2048,128,qr,1,58.035458,57.265583,59.145500,5
1,64,2048,128,qrblock,1,44.602000,44.302917,44.781542,5
1,64,2048,128,cpu,1,28.892125,28.858677,28.992948,6
1,64,2048,128,bidiag,1,317.312792,317.135688,317.549396,3
1,64,2048,128,bidiag_vals,1,271.550375,271.372792,271.908792,5
1,64,2048,128,cpu_vals,1,12.564083,12.358229,12.823313,12
1,4096,128,128,jacobi,1,1893.041292,1892.642542,1893.315771,3
1,4096,128,128,block,1,751.795834,749.807750,753.531917,3
1,4096,128,128,cpu,1,295.622916,295.521145,297.897541,3
1,4,1536,1536,cpu,1,227.007667,226.485375,230.094083,5
1,4,1536,1536,bidiag,1,334.013417,332.862438,336.305250,3
1,4,1536,1536,bidiag_vals,1,193.178875,193.158833,193.380542,5
1,4,1536,1536,cpu_vals,1,120.020167,119.099917,125.620041,5
1,16,32,16,jacobi,1,0.506208,0.495834,0.513000,25
1,16,32,16,qr,1,0.477291,0.469167,0.483333,25
1,16,32,16,gk,1,0.336458,0.328708,0.340250,25
1,16,32,16,gk_vals,1,0.261042,0.255833,0.272000,25
1,16,32,16,cpu_vals,1,0.072875,0.067375,0.085333,25
1,16,32,16,cpu,1,0.115375,0.110708,0.119542,25
1,4,80,80,jacobi,1,1.848916,1.809875,1.858500,25
1,4,80,80,block,1,4.020667,3.969250,4.148042,25
1,4,80,80,gk,1,2.487000,2.484416,2.488417,25
1,4,80,80,gk_vals,1,1.829125,1.818292,1.850750,25
1,4,80,80,cpu_vals,1,0.246125,0.242709,0.251875,25
1,4,80,80,cpu,1,0.424375,0.421917,0.428000,25
1,4096,1024,64,jacobi,0,0,0,0,0
1,4096,1024,64,block,0,0,0,0,0
1,4096,1024,64,qr,0,0,0,0,0
1,4096,1024,64,qrblock,0,0,0,0,0
1,4096,1024,64,gk,0,0,0,0,0
1,4096,1024,64,gk_vals,0,0,0,0,0
1,4096,1024,64,cpu_vals,0,0,0,0,0
1,4096,1024,64,gk_share,0,0,0,0,0
1,4096,1024,64,gk_share_vals,0,0,0,0,0
1,4096,1024,64,cpu,0,0,0,0,0
1,1,32,8,jacobi,1,0.256375,0.250834,0.263125,25
1,1,32,8,qr,1,0.425000,0.418167,0.447708,25
1,1,32,8,gk,1,0.251334,0.211500,0.264291,25
1,1,32,8,gk_vals,1,0.244500,0.201042,0.257125,25
1,1,32,8,cpu_vals,1,0.006375,0.006375,0.006458,25
1,1,32,8,cpu,1,0.011250,0.011125,0.011292,25
1,1,2048,2048,cpu,1,432.269917,432.061667,432.309646,3
1,1,2048,2048,bidiag,1,246.697417,246.610542,249.932042,5
1,1,2048,2048,bidiag_vals,1,110.649875,110.559208,110.778916,5
1,1,2048,2048,cpu_vals,1,191.818916,191.678416,192.660000,5
1,256,128,32,jacobi,1,2.746833,2.734459,2.765833,25
1,256,128,32,block,1,3.620875,3.575833,3.661083,25
1,256,128,32,qr,1,3.083375,3.058792,3.157958,25
1,256,128,32,qrblock,1,3.981709,3.853667,5.060500,25
1,256,128,32,gk,1,2.261167,2.215208,2.279416,25
1,256,128,32,gk_vals,1,1.337292,1.299458,1.359541,25
1,256,128,32,cpu_vals,1,0.747958,0.724791,1.271375,25
1,256,128,32,gk_share,1,1.772584,1.748125,1.786416,25
1,256,128,32,gk_share_vals,1,1.120875,1.064834,1.157000,25
1,256,128,32,cpu,1,2.301209,1.746792,2.329416,25
1,16,256,64,jacobi,1,1.629416,1.625500,1.671625,25
1,16,256,64,block,1,3.352458,3.303375,3.397083,25
1,16,256,64,qr,1,1.900459,1.855334,1.913167,25
1,16,256,64,qrblock,1,3.392875,3.373166,3.417333,25
1,16,256,64,gk,1,2.773833,2.754166,2.787459,25
1,16,256,64,gk_vals,1,1.969791,1.955500,2.004250,25
1,16,256,64,cpu_vals,1,0.412792,0.343250,0.580042,25
1,16,256,64,cpu,1,0.673125,0.657666,0.872125,25
1,2,1536,1536,cpu,1,200.115500,197.213666,200.256541,5
1,2,1536,1536,bidiag,1,190.557834,190.239125,190.700083,5
1,2,1536,1536,bidiag_vals,1,103.800959,103.666917,103.843583,5
1,2,1536,1536,cpu_vals,1,98.591334,98.428750,100.291250,5
1,64,128,64,jacobi,1,3.511167,3.504500,3.524667,25
1,64,128,64,block,1,3.864750,3.820500,3.926958,25
1,64,128,64,qr,1,4.113917,4.050083,4.255625,25
1,64,128,64,qrblock,1,4.705583,4.600833,4.788416,25
1,64,128,64,gk,1,3.263833,3.240500,3.444750,25
1,64,128,64,gk_vals,1,2.332084,2.313792,2.506625,25
1,64,128,64,cpu_vals,1,0.727417,0.716333,0.759458,25
1,64,128,64,gk_share,1,3.347209,3.312125,3.367000,25
1,64,128,64,gk_share_vals,1,2.306750,2.283167,2.391583,25
1,64,128,64,cpu,1,1.610334,1.591917,1.622917,25
1,64,1024,128,jacobi,1,185.495375,185.463417,185.947584,5
1,64,1024,128,block,1,37.623500,37.465958,37.689709,5
1,64,1024,128,qr,1,44.115708,43.771375,44.468125,5
1,64,1024,128,qrblock,1,26.533541,26.505958,26.629031,6
1,64,1024,128,cpu,1,16.948166,16.704709,17.080209,9
1,64,1024,128,bidiag,1,216.654000,216.363000,216.811541,5
1,64,1024,128,bidiag_vals,1,173.441583,173.336416,173.523375,5
1,64,1024,128,cpu_vals,1,7.822646,7.668365,7.892854,20
1,64,40,40,jacobi,1,1.375125,1.358583,1.402500,25
1,64,40,40,block,1,3.501417,3.466958,3.565416,25
1,64,40,40,gk,1,0.960792,0.880875,0.974458,25
1,64,40,40,gk_vals,1,0.716792,0.652166,0.733333,25
1,64,40,40,cpu_vals,1,0.240041,0.218666,0.631042,25
1,64,40,40,gk_share,1,1.079750,1.027083,1.085167,25
1,64,40,40,gk_share_vals,1,0.830041,0.777959,0.836292,25
1,64,40,40,cpu,1,0.550291,0.531584,0.639625,25
1,256,256,128,jacobi,1,125.439250,124.714541,126.555041,5
1,256,256,128,block,1,55.981083,55.962875,56.115375,5
1,256,256,128,qr,1,123.132209,122.648500,124.550792,5
1,256,256,128,qrblock,1,55.435334,55.353375,55.870667,5
1,256,256,128,cpu,1,32.511125,32.102958,32.616250,5
1,256,256,128,bidiag,1,658.780833,658.622084,659.036667,3
1,256,256,128,bidiag_vals,1,494.325333,494.009125,494.421625,3
1,256,256,128,cpu_vals,1,17.361750,17.287875,17.557916,9
1,16,256,8,jacobi,1,0.490709,0.470125,0.775083,25
1,16,256,8,qr,1,0.471667,0.463625,0.496916,25
1,16,256,8,gk,1,0.243666,0.239250,0.249792,25
1,16,256,8,gk_vals,1,0.203667,0.189833,0.214500,25
1,16,256,8,cpu_vals,1,0.112166,0.096625,0.114667,25
1,16,256,8,cpu,1,0.111291,0.102167,0.128375,25
1,4096,256,16,jacobi,1,14.727000,14.707833,14.789854,11
1,4096,256,16,qr,1,19.457771,19.346146,19.513479,8
1,4096,256,16,gk,1,12.730666,12.688406,12.772834,12
1,4096,256,16,gk_vals,1,5.056250,5.048500,5.062083,25
1,4096,256,16,cpu_vals,1,4.690917,4.671875,4.739208,25
1,4096,256,16,gk_share,1,8.558604,8.510396,8.633719,18
1,4096,256,16,gk_share_vals,1,3.522625,3.399208,3.694458,25
1,4096,256,16,cpu,1,12.177625,11.968125,12.281458,13
1,16,1024,128,jacobi,1,37.785291,37.741167,37.859500,5
1,16,1024,128,block,1,13.116958,13.073374,13.151708,12
1,16,1024,128,qr,1,9.514354,9.210021,9.661302,16
1,16,1024,128,qrblock,1,10.974208,10.918011,10.989458,14
1,16,1024,128,cpu,1,4.984458,4.856750,5.004375,25
1,16,1024,128,bidiag,1,55.142666,55.117000,55.183750,5
1,16,1024,128,bidiag_vals,1,44.989917,44.916791,45.013667,5
1,16,1024,128,cpu_vals,1,2.880291,2.645625,3.154000,25
1,256,64,8,jacobi,1,0.758500,0.403000,0.851209,25
1,256,64,8,qr,1,0.700042,0.685125,0.717958,25
1,256,64,8,gk,1,0.297709,0.295291,0.299375,25
1,256,64,8,gk_vals,1,0.196459,0.190916,0.200708,25
1,256,64,8,cpu_vals,1,0.197917,0.193125,0.208958,25
1,256,64,8,gk_share,1,0.410625,0.405000,0.418667,25
1,256,64,8,gk_share_vals,1,0.346250,0.332083,0.352875,25
1,256,64,8,cpu,1,0.284708,0.282917,0.289250,25
1,4096,24,24,jacobi,1,14.107333,14.096542,14.164875,11
1,4096,24,24,gk,1,5.773917,5.748333,5.811084,25
1,4096,24,24,gk_vals,1,2.377958,2.371709,2.385583,25
1,4096,24,24,cpu_vals,1,3.595750,3.254375,3.679042,25
1,4096,24,24,gk_share,1,6.044542,5.980875,6.246667,25
1,4096,24,24,gk_share_vals,1,2.244583,2.231833,2.278250,25
1,4096,24,24,cpu,1,9.522625,9.439864,9.647625,16
1,64,256,128,jacobi,1,31.134125,30.827292,31.782333,5
1,64,256,128,block,1,14.821291,14.751459,14.897125,11
1,64,256,128,qr,1,34.686916,34.576917,34.707042,5
1,64,256,128,qrblock,1,17.129084,16.962292,17.213875,9
1,64,256,128,cpu,1,8.783874,8.686667,8.836031,18
1,64,256,128,bidiag,1,163.519500,163.207375,164.098500,5
1,64,256,128,bidiag_vals,1,124.352625,123.336792,124.471084,5
1,64,256,128,cpu_vals,1,5.732292,5.306542,6.288000,25
1,1024,512,256,qrblock,1,1402.272791,1392.822979,1409.554374,3
1,1024,512,256,cpu,1,435.996291,433.544791,438.884812,3
1,16,32,8,jacobi,1,0.372167,0.363375,0.382667,25
1,16,32,8,qr,1,0.449458,0.434750,0.620875,25
1,16,32,8,gk,1,0.243583,0.240542,0.246625,25
1,16,32,8,gk_vals,1,0.213834,0.212250,0.216708,25
1,16,32,8,cpu_vals,1,0.068416,0.067792,0.069041,25
1,16,32,8,cpu,1,0.081833,0.070666,0.122083,25
1,16,512,256,jacobi,1,93.807250,93.770250,93.812417,5
1,16,512,256,block,1,26.715667,26.665688,26.754490,6
1,16,512,256,qr,1,64.158375,64.137542,64.167250,5
1,16,512,256,qrblock,1,25.218999,25.038552,25.331854,6
1,16,512,256,cpu,1,8.882500,8.749916,8.927292,17
1,16,512,256,bidiag,1,104.721209,104.687583,104.870792,5
1,16,512,256,bidiag_vals,1,86.763208,86.071167,87.342667,5
1,16,512,256,cpu_vals,1,5.766125,5.591417,6.354084,25
1,4096,32,32,jacobi,1,26.852771,26.644375,26.917260,6
1,4096,32,32,block,1,22.565084,22.469583,22.590562,7
1,4096,32,32,gk,1,9.269750,9.218958,9.291250,17
1,4096,32,32,gk_vals,1,4.176750,4.170917,4.180083,25
1,4096,32,32,cpu_vals,1,5.277000,5.178583,5.341416,25
1,4096,32,32,gk_share,1,7.348313,7.296385,7.803157,20
1,4096,32,32,gk_share_vals,1,3.568334,3.527875,3.872916,25
1,4096,32,32,cpu,1,15.425104,15.208603,15.560427,10
1,64,32,8,jacobi,1,0.355750,0.348959,0.360375,25
1,64,32,8,qr,1,0.500333,0.467542,0.632792,25
1,64,32,8,gk,1,0.235584,0.223792,0.240583,25
1,64,32,8,gk_vals,1,0.192667,0.185125,0.205125,25
1,64,32,8,cpu_vals,1,0.150042,0.117833,0.249916,25
1,64,32,8,gk_share,1,0.342250,0.338792,0.349500,25
1,64,32,8,gk_share_vals,1,0.302750,0.297708,0.308000,25
1,64,32,8,cpu,1,0.144416,0.141792,0.172416,25
1,1,32,16,jacobi,1,0.482458,0.450417,0.492375,25
1,1,32,16,qr,1,0.430541,0.420958,0.501708,25
1,1,32,16,gk,1,0.332500,0.324500,0.348125,25
1,1,32,16,gk_vals,1,0.271542,0.260875,0.276458,25
1,1,32,16,cpu_vals,1,0.011167,0.011166,0.011458,25
1,1,32,16,cpu,1,0.030750,0.030500,0.031083,25
1,256,16,16,jacobi,1,0.808042,0.624875,1.095875,25
1,256,16,16,gk,1,0.381375,0.377000,0.383250,25
1,256,16,16,gk_vals,1,0.271292,0.266084,0.278416,25
1,256,16,16,cpu_vals,1,0.231292,0.213209,0.638000,25
1,256,16,16,gk_share,1,0.456291,0.452458,0.465375,25
1,256,16,16,gk_share_vals,1,0.383792,0.357375,0.426375,25
1,256,16,16,cpu,1,0.420416,0.399791,0.575708,25
