pass,batch,N,backend,ok,ms,p25,p75,reps
0,512,12,simd,1,0.360500,0.336792,1.189791,25
0,512,12,tg,1,0.312125,0.302792,0.326500,25
0,512,12,ql,1,0.249667,0.245750,0.261417,25
0,512,12,ql_share,1,0.383334,0.370875,0.461500,25
0,512,12,cpu,1,0.272667,0.269416,0.275833,25
0,512,12,simd_vals,1,0.315792,0.304917,0.324875,25
0,512,12,tg_vals,1,0.287250,0.282833,0.306166,25
0,512,12,ql_vals,1,0.214166,0.206083,0.236208,25
0,512,12,ql_share_vals,1,0.344250,0.332041,0.353917,25
0,512,12,cpu_vals,1,0.178917,0.167917,0.599666,25
0,8,512,tg,1,600.686750,600.637812,605.556041,3
0,8,512,block,1,65.591708,65.550083,65.676292,5
0,8,512,cpu,1,12.721979,12.476261,12.840364,12
0,8,512,tridiag,1,47.201458,47.000208,47.459750,5
0,8,512,tg_vals,1,448.306792,448.027938,448.359938,3
0,8,512,block_vals,1,53.733750,53.639959,53.773667,5
0,8,512,cpu_vals,1,5.782042,5.684167,5.956500,25
0,8,512,tridiag_vals,1,34.356000,34.122291,34.702500,5
0,8,512,band8_vals,1,29.705354,29.652938,29.750520,6
0,8,512,band_vals,1,30.140958,30.037125,30.239959,5
0,8,512,band32_vals,1,42.907250,42.728291,43.280208,5
0,1,192,tg,1,24.609000,24.591896,24.611083,7
0,1,192,block,1,9.007666,8.859916,9.062500,17
0,1,192,cpu,1,1.181125,1.167000,1.208459,25
0,1,192,tridiag,1,2.465833,2.429459,2.556625,25
0,1,192,tg_vals,1,23.222334,23.219229,23.248188,7
0,1,192,block_vals,1,8.781333,8.694928,8.828896,18
0,1,192,cpu_vals,1,0.591334,0.589042,0.598167,25
0,1,192,tridiag_vals,1,1.746542,1.727417,1.807292,25
0,4096,8,simd,1,0.480000,0.474292,0.518417,25
0,4096,8,tg,1,0.486417,0.478000,0.498834,25
0,4096,8,ql,1,0.507666,0.496709,0.521083,25
0,4096,8,ql_share,1,0.581916,0.571250,0.607500,25
0,4096,8,cpu,1,0.731209,0.724791,0.797666,25
0,4096,8,simd_vals,1,0.452500,0.434875,0.474417,25
0,4096,8,tg_vals,1,0.447375,0.427500,0.499500,25
0,4096,8,ql_vals,1,0.407333,0.372041,0.423083,25
0,4096,8,ql_share_vals,1,0.512000,0.486333,0.543208,25
0,4096,8,cpu_vals,1,0.421541,0.399916,0.626125,25
0,4096,4,simd,1,0.252917,0.227958,0.273750,25
0,4096,4,tg,1,0.258541,0.242917,0.267792,25
0,4096,4,ql,1,0.255000,0.247292,0.269833,25
0,4096,4,ql_share,1,0.387791,0.366250,0.442334,25
0,4096,4,cpu,1,0.327583,0.322625,0.334000,25
0,4096,4,simd_vals,1,0.229125,0.224500,0.247917,25
0,4096,4,tg_vals,1,0.241792,0.227958,0.259583,25
0,4096,4,ql_vals,1,0.210500,0.201917,0.217292,25
0,4096,4,ql_share_vals,1,0.284250,0.278416,0.304583,25
0,4096,4,cpu_vals,1,0.205125,0.186625,0.230417,25
0,8,768,block,1,227.599500,227.484250,227.688959,5
0,8,768,cpu,1,28.401208,27.732031,28.531417,6
0,8,768,tridiag,1,72.083916,71.367667,72.573667,5
0,8,768,block_vals,1,148.755083,148.672542,148.844042,5
0,8,768,cpu_vals,1,13.905167,13.767188,14.043000,11
0,8,768,tridiag_vals,1,55.474959,55.431833,55.483083,5
0,8,768,band8_vals,1,50.003417,49.817083,50.038959,5
0,8,768,band_vals,1,48.796792,48.569542,48.796792,5
0,8,768,band32_vals,1,69.151417,68.955167,69.185416,5
0,4,2,simd,1,0.177792,0.135334,0.300709,25
0,4,2,tg,1,0.146916,0.128666,0.171583,25
0,4,2,ql,1,0.151916,0.131167,0.184042,25
0,4,2,cpu,1,0.006125,0.004458,0.007292,25
0,4,2,simd_vals,1,0.159583,0.133250,0.211625,25
0,4,2,tg_vals,1,0.135500,0.131208,0.152666,25
0,4,2,ql_vals,1,0.140167,0.130125,0.187667,25
0,4,2,cpu_vals,1,0.003875,0.002334,0.005000,25
0,8,256,tg,1,62.324208,62.279208,62.392625,5
0,8,256,block,1,14.560708,14.452271,14.685187,11
0,8,256,cpu,1,2.677792,2.643292,2.711834,25
0,8,256,tridiag,1,21.420313,21.389594,21.435792,8
0,8,256,tg_vals,1,60.653500,60.644584,60.677000,5
0,8,256,block_vals,1,13.292250,13.284125,13.326573,12
0,8,256,cpu_vals,1,1.352375,1.341583,1.367583,25
0,8,256,tridiag_vals,1,16.469771,16.452011,16.491250,10
0,1,8,simd,1,0.212750,0.160833,0.239750,25
0,1,8,tg,1,0.162417,0.153750,0.191333,25
0,1,8,ql,1,0.157250,0.151625,0.164667,25
0,1,8,cpu,1,0.003500,0.003458,0.003541,25
0,1,8,simd_vals,1,0.155042,0.149667,0.175375,25
0,1,8,tg_vals,1,0.208625,0.162917,0.231000,25
0,1,8,ql_vals,1,0.223708,0.221583,0.227334,25
0,1,8,cpu_vals,1,0.002500,0.002250,0.003500,25
0,64,8,simd,1,0.158917,0.151583,0.176792,25
0,64,8,tg,1,0.160708,0.156541,0.174959,25
0,64,8,ql,1,0.172958,0.161583,0.186000,25
0,64,8,ql_share,1,0.134584,0.127875,0.160417,25
0,64,8,cpu,1,0.142000,0.065959,0.161542,25
0,64,8,simd_vals,1,0.158333,0.147083,0.169083,25
0,64,8,tg_vals,1,0.160458,0.152500,0.174584,25
0,64,8,ql_vals,1,0.157708,0.148708,0.165417,25
0,64,8,ql_share_vals,1,0.117500,0.112292,0.123583,25
0,64,8,cpu_vals,1,0.084333,0.052917,0.086625,25
0,256,96,tg,1,36.810750,36.306000,37.664041,5
0,256,96,block,1,18.472500,18.391833,18.546167,9
0,256,96,cpu,1,6.038250,5.820333,6.224625,25
0,256,96,tg_vals,1,33.364791,32.305958,33.570000,5
0,256,96,block_vals,1,17.059708,16.986375,17.266375,9
0,256,96,cpu_vals,1,3.557542,3.094792,3.625458,25
0,64,48,tg,1,1.563542,1.537459,1.602333,25
0,64,48,block,1,3.794375,3.709541,3.919792,25
0,64,48,ql,1,0.868708,0.842292,0.929209,25
0,64,48,ql_share,1,1.012083,1.001250,1.054750,25
0,64,48,cpu,1,0.445750,0.437167,0.495750,25
0,64,48,tg_vals,1,1.416292,1.396625,1.434667,25
0,64,48,block_vals,1,3.716292,3.620417,3.778625,25
0,64,48,ql_vals,1,0.750584,0.724667,0.785208,25
0,64,48,ql_share_vals,1,0.853916,0.808459,0.901125,25
0,64,48,cpu_vals,1,0.271083,0.241458,0.659167,25
0,4096,128,block,1,685.346042,684.359250,685.388312,3
0,4096,128,cpu,1,143.641709,142.486750,143.693958,5
0,4096,128,block_vals,1,562.083250,559.532854,565.826146,3
0,4096,128,cpu_vals,1,80.295959,79.739125,85.225916,5
0,512,32,simd,1,2.802417,2.737958,3.282250,25
0,512,32,tg,1,2.458208,2.426292,2.476791,25
0,512,32,block,1,4.519458,4.452708,4.655750,25
0,512,32,ql,1,1.022000,1.012166,1.063209,25
0,512,32,ql_share,1,1.219458,1.197291,1.235500,25
0,512,32,cpu,1,1.236916,1.217375,1.257708,25
0,512,32,simd_vals,1,2.715750,2.680500,2.844542,25
0,512,32,tg_vals,1,2.162916,2.129500,2.216375,25
0,512,32,block_vals,1,4.243750,4.097125,4.343917,25
0,512,32,ql_vals,1,0.703416,0.680333,0.734292,25
0,512,32,ql_share_vals,1,0.515583,0.510625,0.521792,25
0,512,32,cpu_vals,1,0.638125,0.519084,0.693750,25
0,1,12,simd,1,0.229084,0.215292,0.263334,25
0,1,12,tg,1,0.180959,0.173041,0.200291,25
0,1,12,ql,1,0.246583,0.194333,0.275791,25
0,1,12,cpu,1,0.005375,0.005375,0.005459,25
0,1,12,simd_vals,1,0.222042,0.210167,0.253917,25
0,1,12,tg_vals,1,0.170417,0.164000,0.180292,25
0,1,12,ql_vals,1,0.186875,0.172250,0.249791,25
0,1,12,cpu_vals,1,0.003125,0.003083,0.003292,25
0,2,512,tg,1,486.467292,483.869979,486.523251,3
0,2,512,block,1,36.466917,36.357667,36.575750,5
0,2,512,cpu,1,9.861605,9.817834,9.948147,16
0,2,512,tridiag,1,12.126042,11.779791,12.190000,13
0,2,512,tg_vals,1,446.878208,446.783292,446.885417,3
0,2,512,block_vals,1,33.290333,33.063125,33.535667,5
0,2,512,cpu_vals,1,4.439542,4.416000,4.468083,25
0,2,512,tridiag_vals,1,9.455188,9.403833,9.541584,16
0,2,512,band8_vals,1,9.501104,9.402010,9.693906,16
0,2,512,band_vals,1,9.917562,9.468073,9.999032,16
0,2,512,band32_vals,1,12.512479,12.474313,12.602156,12
0,1,2048,block,1,616.010875,615.491166,618.118833,3
0,1,2048,cpu,1,235.674583,234.632000,236.907959,5
0,1,2048,tridiag,1,53.071625,52.517958,53.156208,5
0,1,2048,block_vals,1,431.066458,431.009666,431.841458,3
0,1,2048,cpu_vals,1,82.666667,82.624083,82.766166,5
0,1,2048,tridiag_vals,1,36.789292,36.633375,37.032166,5
0,1,2048,band8_vals,1,49.342625,48.699792,49.803625,5
0,1,2048,band_vals,1,37.752792,37.557625,37.892917,5
0,1,2048,band32_vals,1,47.208708,47.133500,47.389167,5
0,1,24,simd,1,0.749750,0.715833,0.778959,25
0,1,24,tg,1,0.253917,0.243083,0.267083,25
0,1,24,ql,1,0.339333,0.328500,0.349875,25
0,1,24,cpu,1,0.022292,0.022291,0.022375,25
0,1,24,simd_vals,1,0.711541,0.681750,0.745333,25
0,1,24,tg_vals,1,0.260625,0.251792,0.264083,25
0,1,24,ql_vals,1,0.265750,0.262958,0.277625,25
0,1,24,cpu_vals,1,0.008292,0.008250,0.008375,25
0,4,12,simd,1,0.242542,0.231000,0.274333,25
0,4,12,tg,1,0.188083,0.184750,0.196750,25
0,4,12,ql,1,0.195916,0.186333,0.210583,25
0,4,12,cpu,1,0.017959,0.017292,0.019958,25
0,4,12,simd_vals,1,0.257792,0.237667,0.265542,25
0,4,12,tg_vals,1,0.188792,0.183333,0.199334,25
0,4,12,ql_vals,1,0.176000,0.166708,0.184791,25
0,4,12,cpu_vals,1,0.017209,0.012834,0.019000,25
0,4,16,simd,1,0.319500,0.307583,0.326750,25
0,4,16,tg,1,0.215667,0.201750,0.243125,25
0,4,16,ql,1,0.236375,0.229500,0.247625,25
0,4,16,cpu,1,0.019667,0.019083,0.020667,25
0,4,16,simd_vals,1,0.294917,0.288125,0.308542,25
0,4,16,tg_vals,1,0.210333,0.193083,0.219667,25
0,4,16,ql_vals,1,0.206417,0.202541,0.214417,25
0,4,16,cpu_vals,1,0.015792,0.015417,0.016291,25
0,2,32,simd,1,1.718458,1.701709,1.755791,25
0,2,32,tg,1,0.331875,0.322541,0.350667,25
0,2,32,block,1,2.849875,2.751792,2.985791,25
0,2,32,ql,1,0.520125,0.510000,0.529917,25
0,2,32,cpu,1,0.042334,0.041375,0.047625,25
0,2,32,simd_vals,1,1.556667,1.536584,1.569625,25
0,2,32,tg_vals,1,0.320917,0.309125,0.331334,25
0,2,32,block_vals,1,3.058542,2.845000,3.122834,25
0,2,32,ql_vals,1,0.408416,0.381958,0.442333,25
0,2,32,cpu_vals,1,0.021792,0.021667,0.022209,25
0,128,2,simd,1,0.136583,0.130458,0.163875,25
0,128,2,tg,1,0.132125,0.129584,0.139875,25
0,128,2,ql,1,0.134750,0.130000,0.140250,25
0,128,2,ql_share,1,0.118959,0.113500,0.139041,25
0,128,2,cpu,1,0.051291,0.050833,0.052958,25
0,128,2,simd_vals,1,0.133667,0.126541,0.139500,25
0,128,2,tg_vals,1,0.139292,0.127208,0.160750,25
0,128,2,ql_vals,1,0.129417,0.122791,0.138792,25
0,128,2,ql_share_vals,1,0.124792,0.117625,0.146334,25
0,128,2,cpu_vals,1,0.025625,0.025500,0.025916,25
0,8,96,tg,1,3.636541,3.616000,3.644459,25
0,8,96,block,1,4.937708,4.799125,5.008584,25
0,8,96,cpu,1,0.419791,0.401083,0.464000,25
0,8,96,tg_vals,1,3.336250,3.320208,3.353625,25
0,8,96,block_vals,1,4.835084,4.742625,4.935625,25
0,8,96,cpu_vals,1,0.283291,0.237750,0.304375,25
0,16,16,simd,1,0.313125,0.306541,0.328250,25
0,16,16,tg,1,0.206709,0.198458,0.215625,25
0,16,16,ql,1,0.246875,0.238083,0.264834,25
0,16,16,cpu,1,0.093625,0.060708,0.141459,25
0,16,16,simd_vals,1,0.298750,0.288792,0.308458,25
0,16,16,tg_vals,1,0.197500,0.194375,0.215125,25
0,16,16,ql_vals,1,0.201291,0.194000,0.219667,25
0,16,16,cpu_vals,1,0.058417,0.058208,0.058625,25
0,512,2,simd,1,0.135416,0.125375,0.153667,25
0,512,2,tg,1,0.132125,0.126875,0.142333,25
0,512,2,ql,1,0.134875,0.126208,0.152375,25
0,512,2,ql_share,1,0.261834,0.247625,0.271584,25
0,512,2,cpu,1,0.111417,0.069334,0.178666,25
0,512,2,simd_vals,1,0.133083,0.124958,0.145958,25
0,512,2,tg_vals,1,0.133875,0.129417,0.137750,25
0,512,2,ql_vals,1,0.134250,0.128750,0.140833,25
0,512,2,ql_share_vals,1,0.260334,0.247167,0.277500,25
0,512,2,cpu_vals,1,0.081708,0.080958,0.082083,25
0,16,12,simd,1,0.254042,0.240208,0.270833,25
0,16,12,tg,1,0.194083,0.185083,0.209375,25
0,16,12,ql,1,0.200292,0.191792,0.206000,25
0,16,12,cpu,1,0.081958,0.081333,0.084667,25
0,16,12,simd_vals,1,0.232916,0.226125,0.254584,25
0,16,12,tg_vals,1,0.178375,0.175000,0.188708,25
0,16,12,ql_vals,1,0.173375,0.168209,0.181208,25
0,16,12,cpu_vals,1,0.038416,0.038042,0.038875,25
0,2048,16,simd,1,1.296333,1.263625,1.449833,25
0,2048,16,tg,1,1.257792,1.228833,1.276791,25
0,2048,16,ql,1,0.863917,0.853875,0.902541,25
0,2048,16,ql_share,1,0.847167,0.829083,0.961084,25
0,2048,16,cpu,1,1.309250,1.212708,1.319459,25
0,2048,16,simd_vals,1,1.120042,1.095666,1.163958,25
0,2048,16,tg_vals,1,1.118958,1.095042,1.148750,25
0,2048,16,ql_vals,1,0.555250,0.546333,0.567875,25
0,2048,16,ql_share_vals,1,0.622500,0.599708,0.649875,25
0,2048,16,cpu_vals,1,0.670250,0.581500,0.702959,25
0,16,192,tg,1,29.471083,29.438677,29.515646,6
0,16,192,block,1,11.747250,11.609584,11.869708,13
0,16,192,cpu,1,1.887417,1.810875,1.955750,25
0,16,192,tridiag,1,33.042833,33.034917,33.206458,5
0,16,192,tg_vals,1,26.106562,26.062114,26.149698,6
0,16,192,block_vals,1,10.838458,10.650635,10.986031,14
0,16,192,cpu_vals,1,1.246708,0.866166,1.444542,25
0,16,192,tridiag_vals,1,24.831959,24.094459,25.059209,7
0,2,2048,block,1,1236.012750,1233.452875,1236.598771,3
0,2,2048,cpu,1,318.456250,317.504125,323.603645,3
0,2,2048,tridiag,1,88.850250,88.474834,89.647459,5
0,2,2048,block_vals,1,764.719083,763.018937,764.822937,3
0,2,2048,cpu_vals,1,109.685417,108.755458,110.018208,5
0,2,2048,tridiag_vals,1,70.878292,70.727458,71.041000,5
0,2,2048,band8_vals,1,79.379750,78.644833,79.933333,5
0,2,2048,band_vals,1,61.584291,61.510125,61.778042,5
0,2,2048,band32_vals,1,75.190958,75.041500,75.397042,5
0,1024,48,tg,1,15.891813,15.678708,16.039531,10
0,1024,48,block,1,23.117417,23.058813,23.325417,7
0,1024,48,ql,1,4.462959,4.427416,4.601250,25
0,1024,48,ql_share,1,3.478042,3.438042,3.514500,25
0,1024,48,cpu,1,6.140917,5.802417,6.193041,25
0,1024,48,tg_vals,1,13.852250,13.722125,14.010834,11
0,1024,48,block_vals,1,20.668208,20.371448,20.801073,8
0,1024,48,ql_vals,1,3.318333,3.306000,3.337834,25
0,1024,48,ql_share_vals,1,2.391041,2.184917,2.578542,25
0,1024,48,cpu_vals,1,3.077416,2.816500,3.376375,25
0,512,64,tg,1,20.730980,20.253584,21.156584,8
0,512,64,block,1,13.376959,13.129395,13.428073,12
0,512,64,ql,1,6.123875,6.058541,6.155000,25
0,512,64,ql_share,1,4.149917,4.107750,4.179875,25
0,512,64,cpu,1,5.273083,5.055833,5.452333,25
0,512,64,tg_vals,1,17.707667,17.423167,17.839833,9
0,512,64,block_vals,1,12.443583,12.285875,12.494083,13
0,512,64,ql_vals,1,4.684625,4.550792,4.707792,25
0,512,64,ql_share_vals,1,2.184541,2.099958,2.216958,25
0,512,64,cpu_vals,1,2.635708,2.133542,2.748375,25
0,4,8,simd,1,0.165458,0.156625,0.183666,25
0,4,8,tg,1,0.154459,0.152000,0.173500,25
0,4,8,ql,1,0.174209,0.155209,0.233458,25
0,4,8,cpu,1,0.013958,0.013667,0.014958,25
0,4,8,simd_vals,1,0.157750,0.150916,0.174667,25
0,4,8,tg_vals,1,0.161458,0.149458,0.173500,25
0,4,8,ql_vals,1,0.156584,0.152958,0.167292,25
0,4,8,cpu_vals,1,0.010584,0.008250,0.012708,25
0,2,2,simd,1,0.145917,0.132250,0.173375,25
0,2,2,tg,1,0.137375,0.134958,0.146125,25
0,2,2,ql,1,0.132709,0.130000,0.140333,25
0,2,2,cpu,1,0.002500,0.001958,0.002750,25
0,2,2,simd_vals,1,0.130542,0.126458,0.134917,25
0,2,2,tg_vals,1,0.135333,0.131000,0.140334,25
0,2,2,ql_vals,1,0.133459,0.130833,0.138792,25
0,2,2,cpu_vals,1,0.001833,0.001459,0.002417,25
0,1,3584,block,1,3509.521917,3508.777188,3510.033292,3
0,1,3584,cpu,1,1214.709708,1213.200938,1216.925833,3
0,1,3584,tridiag,1,185.825542,185.631541,186.578542,5
0,1,3584,block_vals,1,2347.530541,2345.251750,2349.046125,3
0,1,3584,cpu_vals,1,315.935000,315.504396,316.272770,3
0,1,3584,tridiag_vals,1,138.174541,137.818000,138.869000,5
0,1,3584,band8_vals,1,144.356208,143.750167,145.108166,5
0,1,3584,band_vals,1,99.530041,99.149708,99.784333,5
0,1,3584,band32_vals,1,104.677333,104.574167,105.336250,5
0,64,256,tg,1,434.774875,434.362437,435.368480,3
0,64,256,block,1,75.440541,75.006291,76.002334,5
0,64,256,cpu,1,12.237042,11.960833,12.420041,13
0,64,256,tridiag,1,177.401666,177.161083,178.051833,5
0,64,256,tg_vals,1,264.405125,264.096958,264.803208,5
0,64,256,block_vals,1,56.191875,55.927000,56.496375,5
0,64,256,cpu_vals,1,5.635833,5.590125,5.952917,25
0,64,256,tridiag_vals,1,133.603959,132.549250,133.804792,5
0,4,768,block,1,108.492833,108.392125,108.656500,5
0,4,768,cpu,1,21.935875,21.711583,23.295541,7
0,4,768,tridiag,1,38.051125,37.615125,38.063041,5
0,4,768,block_vals,1,86.807709,86.505042,87.246708,5
0,4,768,cpu_vals,1,12.502416,11.755333,12.852625,13
0,4,768,tridiag_vals,1,28.987084,28.296521,29.494552,6
0,4,768,band8_vals,1,27.995562,27.858104,28.150208,6
0,4,768,band_vals,1,26.821937,26.631344,27.327250,6
0,4,768,band32_vals,1,37.697459,37.592792,37.732417,5
0,256,16,simd,1,0.342666,0.332042,0.357917,25
0,256,16,tg,1,0.326541,0.315542,0.333667,25
0,256,16,ql,1,0.252500,0.245250,0.265500,25
0,256,16,ql_share,1,0.386750,0.379375,0.392166,25
0,256,16,cpu,1,0.250625,0.243459,0.255625,25
0,256,16,simd_vals,1,0.312084,0.306542,0.338041,25
0,256,16,tg_vals,1,0.300833,0.293584,0.310125,25
0,256,16,ql_vals,1,0.214500,0.204125,0.229084,25
0,256,16,ql_share_vals,1,0.349542,0.328917,0.370208,25
0,256,16,cpu_vals,1,0.162959,0.161417,0.166333,25
0,2048,2,simd,1,0.145333,0.137583,0.159250,25
0,2048,2,tg,1,0.145167,0.136084,0.162917,25
0,2048,2,ql,1,0.148292,0.136584,0.159833,25
0,2048,2,ql_share,1,0.274500,0.266833,0.284500,25
0,2048,2,cpu,1,0.130334,0.127375,0.133042,25
0,2048,2,simd_vals,1,0.144875,0.137834,0.150208,25
0,2048,2,tg_vals,1,0.143792,0.139708,0.149875,25
0,2048,2,ql_vals,1,0.139666,0.135375,0.146541,25
0,2048,2,ql_share_vals,1,0.268167,0.242583,0.275709,25
0,2048,2,cpu_vals,1,0.143041,0.107125,0.304291,25
0,64,16,simd,1,0.321583,0.306375,0.336875,25
0,64,16,tg,1,0.222750,0.206292,0.231750,25
0,64,16,ql,1,0.253208,0.245708,0.260666,25
0,64,16,ql_share,1,0.346459,0.337708,0.353458,25
0,64,16,cpu,1,0.125875,0.122000,0.136417,25
0,64,16,simd_vals,1,0.297459,0.293916,0.308875,25
0,64,16,tg_vals,1,0.212667,0.200333,0.216333,25
0,64,16,ql_vals,1,0.211417,0.205167,0.217458,25
0,64,16,ql_share_vals,1,0.310125,0.295667,0.317667,25
0,64,16,cpu_vals,1,0.102417,0.075333,0.234708,25
0,4096,192,block,1,2237.324000,2233.736875,2242.774688,3
0,4096,192,cpu,1,325.849417,323.261979,327.105458,3
0,4096,192,block_vals,1,1736.812875,1733.473875,1737.162896,3
0,4096,192,cpu_vals,1,173.092792,171.909583,173.258834,5
0,16,64,tg,1,1.210208,1.194083,1.263917,25
0,16,64,block,1,3.250666,3.178708,3.402458,25
0,16,64,ql,1,1.359459,1.336791,1.369917,25
0,16,64,cpu,1,0.293333,0.287292,0.298792,25
0,16,64,tg_vals,1,1.125208,1.089250,1.142750,25
0,16,64,block_vals,1,3.252750,3.130875,3.397292,25
0,16,64,ql_vals,1,1.112584,1.089709,1.138166,25
0,16,64,cpu_vals,1,0.187000,0.183875,0.188625,25
0,8,64,tg,1,1.223917,1.209167,1.257625,25
0,8,64,block,1,3.223375,3.153750,3.340833,25
0,8,64,ql,1,1.351209,1.337541,1.365750,25
0,8,64,cpu,1,0.258792,0.256000,0.275333,25
0,8,64,tg_vals,1,1.139125,1.104292,1.153375,25
0,8,64,block_vals,1,3.200000,3.138792,3.333792,25
0,8,64,ql_vals,1,1.112375,1.091000,1.124292,25
0,8,64,cpu_vals,1,0.136416,0.135583,0.138083,25
0,8,128,tg,1,7.939458,7.919167,7.954687,19
0,8,128,block,1,6.132334,6.030375,6.257417,25
0,8,128,cpu,1,0.654375,0.647083,0.665916,25
0,8,128,tridiag,1,11.093521,10.989386,11.167959,14
0,8,128,tg_vals,1,7.236209,7.222375,7.247875,21
0,8,128,block_vals,1,5.955917,5.820250,6.050583,25
0,8,128,cpu_vals,1,0.375625,0.370958,0.388292,25
0,8,128,tridiag_vals,1,8.042708,7.839479,8.095312,19
0,1024,128,block,1,174.505458,173.882250,176.097792,5
0,1024,128,cpu,1,38.911333,38.620458,39.808000,5
0,1024,128,block_vals,1,144.969209,143.359291,145.241708,5
0,1024,128,cpu_vals,1,20.936416,20.668135,21.016178,8
0,64,768,block,1,2179.209541,2177.877374,2180.068896,3
0,64,768,cpu,1,153.266542,152.584667,154.523500,5
0,64,768,tridiag,1,582.345083,582.191709,583.306500,3
0,64,768,block_vals,1,1465.455625,1464.084959,1467.976708,3
0,64,768,cpu_vals,1,57.806250,57.426584,58.645209,5
0,64,768,tridiag_vals,1,452.556458,452.348916,453.006687,3
0,64,768,band8_vals,1,394.225500,393.122500,394.282916,3
0,64,768,band_vals,1,378.866292,378.053459,379.463021,3
0,64,768,band32_vals,1,550.409458,550.032874,551.679708,3
0,4,64,tg,1,1.215250,1.187042,1.228750,25
0,4,64,block,1,3.254584,3.158500,3.377583,25
0,4,64,ql,1,1.328125,1.318375,1.338667,25
0,4,64,cpu,1,0.161542,0.159208,0.164666,25
0,4,64,tg_vals,1,1.096000,1.081958,1.139333,25
0,4,64,block_vals,1,3.186458,3.121500,3.258500,25
0,4,64,ql_vals,1,1.097708,1.087667,1.114875,25
0,4,64,cpu_vals,1,0.077250,0.076708,0.078334,25
0,2048,48,tg,1,31.052542,30.996083,31.297333,5
0,2048,48,block,1,44.818958,44.547833,44.953375,5
0,2048,48,ql,1,8.213291,8.167896,8.293395,19
0,2048,48,ql_share,1,6.115188,6.057646,6.254135,24
0,2048,48,cpu,1,11.440125,11.366417,11.535083,13
0,2048,48,tg_vals,1,27.036666,26.931250,27.118271,6
0,2048,48,block_vals,1,39.737500,39.474209,39.947125,5
0,2048,48,ql_vals,1,6.026250,5.990084,6.120042,25
0,2048,48,ql_share_vals,1,3.427208,3.409875,3.466708,25
0,2048,48,cpu_vals,1,5.322084,5.051083,5.534250,25
0,16,4,simd,1,0.175125,0.163541,0.185250,25
0,16,4,tg,1,0.216250,0.202250,0.244708,25
0,16,4,ql,1,0.194500,0.151500,0.212125,25
0,16,4,cpu,1,0.015583,0.015042,0.016375,25
0,16,4,simd_vals,1,0.142917,0.136750,0.155792,25
0,16,4,tg_vals,1,0.144334,0.139625,0.149708,25
0,16,4,ql_vals,1,0.137334,0.130375,0.154417,25
0,16,4,cpu_vals,1,0.009000,0.008917,0.009875,25
0,16,128,tg,1,7.980333,7.965209,8.020395,19
0,16,128,block,1,6.499875,6.455594,6.594656,24
0,16,128,cpu,1,0.784875,0.763917,0.804792,25
0,16,128,tridiag,1,22.181625,22.138229,22.201792,7
0,16,128,tg_vals,1,7.265209,7.224750,7.285542,21
0,16,128,block_vals,1,6.311687,6.214459,6.416583,24
0,16,128,cpu_vals,1,0.426459,0.414125,0.518958,25
0,16,128,tridiag_vals,1,16.113374,16.002552,16.233177,10
0,32,128,tg,1,14.988000,14.607166,15.324979,11
0,32,128,block,1,8.051625,7.975855,8.231250,19
0,32,128,cpu,1,1.446250,1.435458,1.465291,25
0,32,128,tridiag,1,44.631459,44.323666,44.795500,5
0,32,128,tg_vals,1,12.104709,12.089042,12.143250,13
0,32,128,block_vals,1,7.618167,7.457365,7.641687,20
0,32,128,cpu_vals,1,0.749959,0.744833,0.756500,25
0,32,128,tridiag_vals,1,31.982417,31.955709,32.077833,5
0,1024,64,tg,1,40.240167,40.013125,40.787375,5
0,1024,64,block,1,25.317417,25.006011,25.404448,6
0,1024,64,ql,1,11.351230,11.220802,11.380093,14
0,1024,64,ql_share,1,6.407813,6.382260,6.461489,24
0,1024,64,cpu,1,10.408708,10.330750,10.475708,15
0,1024,64,tg_vals,1,34.459542,34.254292,35.079083,5
0,1024,64,block_vals,1,22.334625,22.229104,22.438125,7
0,1024,64,ql_vals,1,8.365291,8.330479,8.473041,18
0,1024,64,ql_share_vals,1,4.087083,3.314500,4.149375,25
0,1024,64,cpu_vals,1,4.520708,4.112208,4.590625,25
0,16,2,simd,1,0.137917,0.124833,0.152833,25
0,16,2,tg,1,0.130042,0.127625,0.151292,25
0,16,2,ql,1,0.140709,0.125834,0.154750,25
0,16,2,cpu,1,0.008500,0.008000,0.008917,25
0,16,2,simd_vals,1,0.127041,0.123667,0.143375,25
0,16,2,tg_vals,1,0.136333,0.127542,0.148667,25
0,16,2,ql_vals,1,0.133208,0.126000,0.143709,25
0,16,2,cpu_vals,1,0.004958,0.004583,0.005042,25
0,4,192,tg,1,27.806083,27.733197,27.840750,6
0,4,192,block,1,9.324500,9.280792,9.411458,17
0,4,192,cpu,1,1.238583,1.227791,1.257041,25
0,4,192,tridiag,1,8.282125,8.249645,8.310437,19
0,4,192,tg_vals,1,25.841146,25.831875,25.851948,6
0,4,192,block_vals,1,8.935083,8.894250,9.030791,17
0,4,192,cpu_vals,1,0.634417,0.626125,0.645000,25
0,4,192,tridiag_vals,1,6.429437,6.241615,6.485199,24
0,2,16,simd,1,0.310917,0.304959,0.326625,25
0,2,16,tg,1,0.218333,0.199667,0.227792,25
0,2,16,ql,1,0.253500,0.247167,0.270667,25
0,2,16,cpu,1,0.017833,0.016750,0.018459,25
0,2,16,simd_vals,1,0.298208,0.289583,0.309625,25
0,2,16,tg_vals,1,0.209333,0.193791,0.222958,25
0,2,16,ql_vals,1,0.222416,0.198875,0.257875,25
0,2,16,cpu_vals,1,0.009583,0.009333,0.010542,25
0,8,24,simd,1,0.771208,0.729708,0.789833,25
0,8,24,tg,1,0.251375,0.245459,0.263416,25
0,8,24,ql,1,0.348542,0.344125,0.355167,25
0,8,24,cpu,1,0.071500,0.059334,0.074458,25
0,8,24,simd_vals,1,0.708917,0.682416,0.737125,25
0,8,24,tg_vals,1,0.259125,0.255958,0.265542,25
0,8,24,ql_vals,1,0.284416,0.273875,0.309333,25
0,8,24,cpu_vals,1,0.035583,0.032959,0.048458,25
0,256,32,simd,1,1.878667,1.860417,1.922792,25
0,256,32,tg,1,1.531791,1.510792,1.547125,25
0,256,32,block,1,3.467250,3.404250,3.528209,25
0,256,32,ql,1,0.561292,0.550167,0.573709,25
0,256,32,ql_share,1,0.677250,0.632500,0.696334,25
0,256,32,cpu,1,0.675250,0.662791,0.691792,25
0,256,32,simd_vals,1,1.668542,1.661417,1.720333,25
0,256,32,tg_vals,1,1.389292,1.380875,1.423875,25
0,256,32,block_vals,1,3.388875,3.324542,3.474167,25
0,256,32,ql_vals,1,0.429125,0.398125,0.446459,25
0,256,32,ql_share_vals,1,0.519458,0.510042,0.553709,25
0,256,32,cpu_vals,1,0.296875,0.281375,0.383791,25
0,2,384,tg,1,204.352625,204.247375,204.391125,5
0,2,384,block,1,21.958416,21.931188,21.991501,7
0,2,384,cpu,1,4.958792,4.483583,5.011125,25
0,2,384,tridiag,1,8.587604,8.496708,8.695802,18
0,2,384,tg_vals,1,191.405917,191.357625,191.501917,5
0,2,384,block_vals,1,20.614750,20.494656,20.660521,8
0,2,384,cpu_vals,1,2.471208,2.463917,2.490333,25
0,2,384,tridiag_vals,1,7.399375,7.332916,7.440417,21
0,8,1024,block,1,589.549667,589.104875,589.832208,3
0,8,1024,cpu,1,70.418750,67.925750,71.064959,5
0,8,1024,tridiag,1,108.794417,108.387375,109.702875,5
0,8,1024,block_vals,1,368.390500,367.786125,368.955416,3
0,8,1024,cpu_vals,1,27.182104,26.741812,27.867490,6
0,8,1024,tridiag_vals,1,84.166875,83.326292,84.815583,5
0,8,1024,band8_vals,1,77.238500,76.759542,77.413833,5
0,8,1024,band_vals,1,73.208500,73.064458,73.522208,5
0,8,1024,band32_vals,1,101.423167,101.112125,102.225541,5
0,8,384,tg,1,239.067916,238.932750,239.099667,5
0,8,384,block,1,32.852458,32.472917,32.952125,5
0,8,384,cpu,1,6.308292,6.091813,6.559219,24
0,8,384,tridiag,1,34.242666,34.163083,34.524041,5
0,8,384,tg_vals,1,191.504250,191.406542,191.685875,5
0,8,384,block_vals,1,28.409542,28.298521,28.728906,6
0,8,384,cpu_vals,1,3.205291,3.102875,3.666584,25
0,8,384,tridiag_vals,1,26.536437,26.524823,26.561114,6
0,4,384,tg,1,220.484583,219.882375,220.740541,5
0,4,384,block,1,25.531583,25.452323,25.682250,6
0,4,384,cpu,1,5.094417,5.055666,5.145541,25
0,4,384,tridiag,1,17.178834,16.956000,17.250459,9
0,4,384,tg_vals,1,191.668292,191.405708,191.774292,5
0,4,384,block_vals,1,23.334125,23.238000,23.553667,7
0,4,384,cpu_vals,1,2.625417,2.608417,2.651625,25
0,4,384,tridiag_vals,1,13.607083,13.322677,13.695021,12
0,256,192,tg,1,569.401583,569.013792,573.844333,3
0,256,192,block,1,141.141500,141.128708,141.432875,5
0,256,192,cpu,1,23.495750,23.341375,23.580938,7
0,256,192,tridiag,1,532.947500,530.584896,534.670229,3
0,256,192,tg_vals,1,281.309792,279.293834,286.490417,5
0,256,192,block_vals,1,108.349875,108.339709,108.686041,5
0,256,192,cpu_vals,1,11.504708,11.416458,11.774584,13
0,256,192,tridiag_vals,1,394.163292,393.467667,394.465438,3
0,2048,32,simd,1,11.265542,11.140635,11.553354,14
0,2048,32,tg,1,8.256541,8.194521,8.284396,19
0,2048,32,block,1,9.855583,9.813948,9.941896,16
0,2048,32,ql,1,2.578000,2.545792,2.711417,25
0,2048,32,ql_share,1,2.408458,2.368250,2.447750,25
0,2048,32,cpu,1,5.073416,4.788083,5.276708,25
0,2048,32,simd_vals,1,7.785646,7.683281,7.877135,20
0,2048,32,tg_vals,1,7.582854,7.482938,7.723167,20
0,2048,32,block_vals,1,9.372708,9.313375,9.395542,17
0,2048,32,ql_vals,1,1.655708,1.648458,1.703458,25
0,2048,32,ql_share_vals,1,1.318416,1.288250,1.354084,25
0,2048,32,cpu_vals,1,1.840875,1.775292,2.205333,25
0,1,256,tg,1,55.329417,55.243916,55.333416,5
0,1,256,block,1,11.942542,11.851334,11.992666,13
0,1,256,cpu,1,2.280041,2.244167,2.307208,25
0,1,256,tridiag,1,3.282958,3.231666,3.445750,25
0,1,256,tg_vals,1,54.144375,54.137583,54.168875,5
0,1,256,block_vals,1,11.550708,11.492000,11.616833,13
0,1,256,cpu_vals,1,1.060292,1.050709,1.069916,25
0,1,256,tridiag_vals,1,2.418041,2.412375,2.436250,25
0,128,48,tg,1,2.499375,2.488291,2.520167,25
0,128,48,block,1,5.240167,5.102541,5.410250,25
0,128,48,ql,1,0.908625,0.872042,0.946959,25
0,128,48,ql_share,1,1.022334,0.999041,1.066417,25
0,128,48,cpu,1,0.799958,0.787666,0.807625,25
0,128,48,tg_vals,1,2.248750,2.230542,2.308584,25
0,128,48,block_vals,1,5.173708,5.007041,5.257583,25
0,128,48,ql_vals,1,0.714000,0.707459,0.749500,25
0,128,48,ql_share_vals,1,0.859000,0.808958,0.914959,25
0,128,48,cpu_vals,1,0.395792,0.381625,0.671000,25
0,1,128,tg,1,7.922292,7.884792,7.937521,19
0,1,128,block,1,5.847083,5.751625,5.924250,25
0,1,128,cpu,1,0.487208,0.481917,0.491958,25
0,1,128,tridiag,1,1.642375,1.612333,1.696959,25
0,1,128,tg_vals,1,7.213041,7.192000,7.232458,21
0,1,128,block_vals,1,5.702875,5.590542,5.762417,25
0,1,128,cpu_vals,1,0.256959,0.249459,0.262666,25
0,1,128,tridiag_vals,1,1.077667,1.066750,1.119167,25
0,32,2,simd,1,0.134208,0.127792,0.149459,25
0,32,2,tg,1,0.136250,0.132500,0.143459,25
0,32,2,ql,1,0.128750,0.123958,0.146083,25
0,32,2,cpu,1,0.014750,0.014625,0.014917,25
0,32,2,simd_vals,1,0.136125,0.128417,0.146917,25
0,32,2,tg_vals,1,0.130792,0.123542,0.146584,25
0,32,2,ql_vals,1,0.135125,0.122000,0.140833,25
0,32,2,cpu_vals,1,0.010209,0.008667,0.010583,25
0,2,1536,block,1,476.614042,476.204708,477.384876,3
0,2,1536,cpu,1,113.500875,112.858792,113.802000,5
0,2,1536,tridiag,1,52.932958,52.000209,53.071000,5
0,2,1536,block_vals,1,306.621083,306.102708,306.663834,3
0,2,1536,cpu_vals,1,54.925000,54.146000,55.105625,5
0,2,1536,tridiag_vals,1,41.880667,41.807916,41.902875,5
0,2,1536,band8_vals,1,44.039208,43.433041,44.097208,5
0,2,1536,band_vals,1,38.715041,37.219083,38.725250,5
0,2,1536,band32_vals,1,46.749250,46.533542,47.057209,5
0,64,24,simd,1,0.767083,0.738625,0.818125,25
0,64,24,tg,1,0.322958,0.314209,0.329875,25
0,64,24,ql,1,0.357958,0.349833,0.395958,25
0,64,24,ql_share,1,0.474959,0.467792,0.487791,25
0,64,24,cpu,1,0.187667,0.186000,0.192708,25
0,64,24,simd_vals,1,0.677459,0.655000,0.700334,25
0,64,24,tg_vals,1,0.313125,0.301125,0.328750,25
0,64,24,ql_vals,1,0.288167,0.281500,0.298625,25
0,64,24,ql_share_vals,1,0.399625,0.395500,0.410583,25
0,64,24,cpu_vals,1,0.226083,0.129125,0.434167,25
0,16,96,tg,1,3.656291,3.638541,3.716666,25
0,16,96,block,1,4.996667,4.864792,5.127583,25
0,16,96,cpu,1,0.507250,0.502542,0.514125,25
0,16,96,tg_vals,1,3.350042,3.321208,3.369292,25
0,16,96,block_vals,1,4.915500,4.802750,5.078667,25
0,16,96,cpu_vals,1,0.340209,0.292042,0.384834,25
0,256,12,simd,1,0.252792,0.246792,0.265125,25
0,256,12,tg,1,0.258541,0.243125,0.268417,25
0,256,12,ql,1,0.203083,0.196209,0.217334,25
0,256,12,ql_share,1,0.353958,0.335958,0.366709,25
0,256,12,cpu,1,0.177167,0.174834,0.178375,25
0,256,12,simd_vals,1,0.253792,0.242667,0.266666,25
0,256,12,tg_vals,1,0.249416,0.234875,0.256167,25
0,256,12,ql_vals,1,0.191083,0.173000,0.199083,25
0,256,12,ql_share_vals,1,0.300000,0.290750,0.305459,25
0,256,12,cpu_vals,1,0.129875,0.125208,0.160541,25
0,256,24,simd,1,0.829750,0.796417,0.880792,25
0,256,24,tg,1,0.747250,0.707208,0.770166,25
0,256,24,ql,1,0.373041,0.364333,0.399667,25
0,256,24,ql_share,1,0.508334,0.498625,0.520541,25
0,256,24,cpu,1,0.461459,0.455083,0.474458,25
0,256,24,simd_vals,1,0.744250,0.716166,0.762708,25
0,256,24,tg_vals,1,0.675583,0.652125,0.733709,25
0,256,24,ql_vals,1,0.288916,0.280791,0.294667,25
0,256,24,ql_share_vals,1,0.421958,0.409542,0.446167,25
0,256,24,cpu_vals,1,0.237625,0.220833,0.261333,25
0,4096,32,simd,1,23.627958,23.517271,23.906771,7
0,4096,32,tg,1,16.650250,16.553667,16.776792,9
0,4096,32,block,1,17.399917,16.738334,17.464875,9
0,4096,32,ql,1,4.653833,4.629417,4.736042,25
0,4096,32,ql_share,1,4.273583,4.122708,4.363042,25
0,4096,32,cpu,1,9.636062,9.528865,9.775209,16
0,4096,32,simd_vals,1,14.942083,14.696729,15.123812,11
0,4096,32,tg_vals,1,14.648375,14.429854,14.730187,11
0,4096,32,block_vals,1,15.656709,15.591042,15.712239,10
0,4096,32,ql_vals,1,3.040250,3.005167,3.209042,25
0,4096,32,ql_share_vals,1,2.182542,2.157042,2.257417,25
0,4096,32,cpu_vals,1,3.623166,3.533875,3.934833,25
0,1024,192,block,1,560.132417,559.779751,561.000521,3
0,1024,192,cpu,1,86.652375,86.600542,92.369000,5
0,1024,192,block_vals,1,446.928541,443.009521,450.912187,3
0,1024,192,cpu_vals,1,45.791000,45.410125,46.229000,5
0,2048,4,simd,1,0.420791,0.396958,0.502584,25
0,2048,4,tg,1,0.213167,0.205792,0.226625,25
0,2048,4,ql,1,0.207542,0.195709,0.222333,25
0,2048,4,ql_share,1,0.298916,0.290417,0.302250,25
0,2048,4,cpu,1,0.208833,0.199000,0.213250,25
0,2048,4,simd_vals,1,0.180459,0.172000,0.187208,25
0,2048,4,tg_vals,1,0.192291,0.178417,0.205334,25
0,2048,4,ql_vals,1,0.172292,0.164959,0.188083,25
0,2048,4,ql_share_vals,1,0.284750,0.279041,0.299958,25
0,2048,4,cpu_vals,1,0.146125,0.144667,0.148833,25
0,1,4,simd,1,0.212292,0.195666,0.238375,25
0,1,4,tg,1,0.211500,0.186584,0.229584,25
0,1,4,ql,1,0.208375,0.159334,0.225208,25
0,1,4,cpu,1,0.001791,0.001708,0.002166,25
0,1,4,simd_vals,1,0.148041,0.139875,0.177750,25
0,1,4,tg_vals,1,0.150500,0.141208,0.189792,25
0,1,4,ql_vals,1,0.143083,0.132417,0.163917,25
0,1,4,cpu_vals,1,0.001417,0.001375,0.001791,25
0,16,24,simd,1,0.885083,0.769458,1.230250,25
0,16,24,tg,1,0.250750,0.243125,0.264959,25
0,16,24,ql,1,0.366292,0.350458,0.383375,25
0,16,24,cpu,1,0.101042,0.093208,0.134709,25
0,16,24,simd_vals,1,0.710250,0.688875,0.750375,25
0,16,24,tg_vals,1,0.257125,0.250917,0.263833,25
0,16,24,ql_vals,1,0.284666,0.274666,0.298667,25
0,16,24,cpu_vals,1,0.107916,0.081292,0.111459,25
0,2048,192,block,1,1128.071750,1127.671167,1128.506625,3
0,2048,192,cpu,1,169.081250,168.624917,172.805500,5
0,2048,192,block_vals,1,872.702375,872.692666,873.972479,3
0,2048,192,cpu_vals,1,87.201917,86.781583,90.250333,5
0,1024,16,simd,1,0.820208,0.761708,0.916000,25
0,1024,16,tg,1,0.819750,0.770166,0.829083,25
0,1024,16,ql,1,0.498458,0.492666,0.501250,25
0,1024,16,ql_share,1,0.678125,0.648458,0.697667,25
0,1024,16,cpu,1,0.689792,0.686333,0.734583,25
0,1024,16,simd_vals,1,0.733875,0.710541,0.764500,25
0,1024,16,tg_vals,1,0.723416,0.678375,0.753041,25
0,1024,16,ql_vals,1,0.360791,0.354625,0.392208,25
0,1024,16,ql_share_vals,1,0.352333,0.348833,0.372625,25
0,1024,16,cpu_vals,1,0.331834,0.319875,0.578125,25
0,128,192,tg,1,287.938417,285.623042,289.727792,5
0,128,192,block,1,68.850709,68.212625,68.895167,5
0,128,192,cpu,1,12.197834,12.056334,12.342792,13
0,128,192,tridiag,1,269.067833,267.511500,271.654750,5
0,128,192,tg_vals,1,151.087542,149.716667,153.057666,5
0,128,192,block_vals,1,49.986083,49.930167,50.330667,5
0,128,192,cpu_vals,1,5.978583,5.904291,6.270458,25
0,128,192,tridiag_vals,1,199.288916,198.720167,199.794958,5
0,64,512,block,1,638.777708,638.592584,642.043541,3
0,64,512,cpu,1,58.336917,57.893916,58.388708,5
0,64,512,tridiag,1,366.129542,365.560646,366.862167,3
0,64,512,block_vals,1,442.880708,442.617938,442.920167,3
0,64,512,cpu_vals,1,24.169583,23.842562,24.242979,7
0,64,512,tridiag_vals,1,276.046000,275.982708,276.324125,5
0,64,512,band8_vals,1,233.419958,233.256250,233.469209,5
0,64,512,band_vals,1,225.028917,224.872042,225.335208,5
0,64,512,band32_vals,1,327.505125,327.112000,327.511687,3
0,4096,12,simd,1,1.319250,1.303542,1.349667,25
0,4096,12,tg,1,1.313875,1.306458,1.334833,25
0,4096,12,ql,1,0.952917,0.905000,0.964875,25
0,4096,12,ql_share,1,0.887042,0.878375,1.031583,25
0,4096,12,cpu,1,1.489042,1.474583,1.529750,25
0,4096,12,simd_vals,1,1.178167,1.148875,1.200042,25
0,4096,12,tg_vals,1,1.185541,1.174708,1.216208,25
0,4096,12,ql_vals,1,0.735375,0.685500,0.743000,25
0,4096,12,ql_share_vals,1,0.608208,0.598084,0.630417,25
0,4096,12,cpu_vals,1,0.731917,0.713333,0.741958,25
0,64,2,simd,1,0.143875,0.131084,0.159375,25
0,64,2,tg,1,0.139667,0.126792,0.150083,25
0,64,2,ql,1,0.131292,0.125584,0.146042,25
0,64,2,ql_share,1,0.134833,0.123042,0.142334,25
0,64,2,cpu,1,0.029208,0.027458,0.030209,25
0,64,2,simd_vals,1,0.135459,0.131708,0.144500,25
0,64,2,tg_vals,1,0.127333,0.126209,0.141958,25
0,64,2,ql_vals,1,0.132417,0.130208,0.139125,25
0,64,2,ql_share_vals,1,0.129042,0.125584,0.135042,25
0,64,2,cpu_vals,1,0.015791,0.015667,0.015917,25
0,32,24,simd,1,0.837625,0.820709,0.867750,25
0,32,24,tg,1,0.257417,0.250500,0.263083,25
0,32,24,ql,1,0.356000,0.345166,0.366875,25
0,32,24,cpu,1,0.136125,0.133833,0.149000,25
0,32,24,simd_vals,1,0.723667,0.692625,0.763916,25
0,32,24,tg_vals,1,0.255292,0.249000,0.259959,25
0,32,24,ql_vals,1,0.291833,0.274458,0.296583,25
0,32,24,cpu_vals,1,0.113042,0.093250,0.218667,25
0,1,768,block,1,61.930584,61.458791,62.136833,5
0,1,768,cpu,1,18.925584,18.817375,19.093803,8
0,1,768,tridiag,1,12.386041,12.063708,12.686125,13
0,1,768,block_vals,1,57.003209,56.988125,57.304916,5
0,1,768,cpu_vals,1,9.864645,9.835626,9.876500,16
0,1,768,tridiag_vals,1,8.109375,8.058834,8.158812,19
0,1,768,band8_vals,1,9.680250,9.364489,9.908781,16
0,1,768,band_vals,1,9.048958,8.917291,9.379209,17
0,1,768,band32_vals,1,12.303458,11.973667,12.385833,13
0,1024,8,simd,1,0.241041,0.224666,0.255250,25
0,1024,8,tg,1,0.241167,0.226542,0.265667,25
0,1024,8,ql,1,0.249417,0.226625,0.265667,25
0,1024,8,ql_share,1,0.325834,0.321292,0.339167,25
0,1024,8,cpu,1,0.262875,0.257709,0.266042,25
0,1024,8,simd_vals,1,0.226292,0.215666,0.247083,25
0,1024,8,tg_vals,1,0.223333,0.216917,0.243250,25
0,1024,8,ql_vals,1,0.205459,0.199167,0.221083,25
0,1024,8,ql_share_vals,1,0.312375,0.303458,0.319542,25
0,1024,8,cpu_vals,1,0.156750,0.144125,0.578000,25
0,128,64,tg,1,6.030000,5.881958,6.157750,25
0,128,64,block,1,5.612584,5.528667,5.683959,25
0,128,64,ql,1,2.521708,2.469333,2.533625,25
0,128,64,ql_share,1,2.645542,2.590667,2.821125,25
0,128,64,cpu,1,1.351958,1.342208,1.360041,25
0,128,64,tg_vals,1,4.805875,4.728000,4.920334,25
0,128,64,block_vals,1,5.295458,5.194833,5.318292,25
0,128,64,ql_vals,1,1.987917,1.977750,2.008625,25
0,128,64,ql_share_vals,1,1.266208,1.249500,1.298041,25
0,128,64,cpu_vals,1,0.628417,0.594125,0.649541,25
0,256,384,block,1,1097.449583,1095.973583,1101.278187,3
0,256,384,cpu,1,103.831167,103.522750,105.649000,5
0,256,384,block_vals,1,806.208667,801.891729,808.042125,3
0,256,384,cpu_vals,1,49.269750,49.253834,49.306375,5
0,2,192,tg,1,27.742958,27.729885,27.816375,6
0,2,192,block,1,9.051625,8.970125,9.146459,17
0,2,192,cpu,1,1.139000,1.127459,1.151292,25
0,2,192,tridiag,1,4.048916,4.030125,4.063625,25
0,2,192,tg_vals,1,25.865020,25.815333,25.976239,6
0,2,192,block_vals,1,8.835396,8.723552,8.923729,18
0,2,192,cpu_vals,1,0.616875,0.612375,0.629916,25
0,2,192,tridiag_vals,1,3.296917,3.228833,3.538708,25
0,4096,48,tg,1,62.905042,62.612583,63.309791,5
0,4096,48,block,1,88.677792,88.286375,89.189291,5
0,4096,48,ql,1,15.767708,15.676937,15.888437,10
0,4096,48,ql_share,1,11.228958,11.060500,13.390250,13
0,4096,48,cpu,1,22.848000,22.625104,23.284229,7
0,4096,48,tg_vals,1,52.129292,51.610125,53.584500,5
0,4096,48,block_vals,1,77.997833,77.846250,78.302750,5
0,4096,48,ql_vals,1,11.382980,11.319146,11.448063,14
0,4096,48,ql_share_vals,1,6.558167,6.452166,6.847354,23
0,4096,48,cpu_vals,1,10.021667,9.977229,10.212124,15
0,1024,4,simd,1,0.314000,0.300167,0.377875,25
0,1024,4,tg,1,0.188458,0.157750,0.235834,25
0,1024,4,ql,1,0.156333,0.150458,0.176333,25
0,1024,4,ql_share,1,0.294000,0.287583,0.300416,25
0,1024,4,cpu,1,0.141083,0.135500,0.165416,25
0,1024,4,simd_vals,1,0.158709,0.150917,0.169375,25
0,1024,4,tg_vals,1,0.163083,0.157292,0.171792,25
0,1024,4,ql_vals,1,0.154458,0.151500,0.162334,25
0,1024,4,ql_share_vals,1,0.280084,0.263875,0.288708,25
0,1024,4,cpu_vals,1,0.112458,0.107958,0.161500,25
0,4096,96,block,1,299.982083,299.697312,301.652458,3
0,4096,96,cpu,1,84.273416,84.236167,84.747542,5
0,4096,96,block_vals,1,256.953542,256.511167,257.656125,5
0,4096,96,cpu_vals,1,44.761750,44.741250,45.193375,5
0,256,4,simd,1,0.211000,0.197875,0.230541,25
0,256,4,tg,1,0.238042,0.165291,0.260334,25
0,256,4,ql,1,0.155917,0.151500,0.167625,25
0,256,4,ql_share,1,0.264583,0.257958,0.278541,25
0,256,4,cpu,1,0.101958,0.069917,0.222417,25
0,256,4,simd_vals,1,0.141083,0.131667,0.146958,25
0,256,4,tg_vals,1,0.148375,0.135166,0.156541,25
0,256,4,ql_vals,1,0.137334,0.127583,0.143000,25
0,256,4,ql_share_vals,1,0.236500,0.230667,0.243334,25
0,256,4,cpu_vals,1,0.121334,0.116625,0.122417,25
0,8,16,simd,1,0.859667,0.811667,1.090458,25
0,8,16,tg,1,0.207750,0.200125,0.229125,25
0,8,16,ql,1,0.250458,0.237375,0.264750,25
0,8,16,cpu,1,0.035792,0.033416,0.039250,25
0,8,16,simd_vals,1,0.300042,0.292583,0.310125,25
0,8,16,tg_vals,1,0.206333,0.195416,0.228583,25
0,8,16,ql_vals,1,0.206292,0.198458,0.223708,25
0,8,16,cpu_vals,1,0.028917,0.027875,0.029792,25
0,2,1024,block,1,140.970417,140.482666,141.236167,5
0,2,1024,cpu,1,46.387667,45.874708,46.494750,5
0,2,1024,tridiag,1,28.363062,28.334688,28.488344,6
0,2,1024,block_vals,1,115.820542,115.606083,116.177417,5
0,2,1024,cpu_vals,1,20.281624,19.455604,22.098593,8
0,2,1024,tridiag_vals,1,22.413583,22.168938,22.513604,7
0,2,1024,band8_vals,1,22.875791,22.827062,23.260250,7
0,2,1024,band_vals,1,21.851833,21.765021,22.226208,7
0,2,1024,band32_vals,1,28.829874,28.715948,28.979708,6
0,16,768,block,1,510.771917,509.772396,511.840916,3
0,16,768,cpu,1,41.064292,40.632875,41.449625,5
0,16,768,tridiag,1,146.757792,146.731625,147.419584,5
0,16,768,block_vals,1,333.644917,333.019125,333.791688,3
0,16,768,cpu_vals,1,19.128062,18.806928,19.256948,8
0,16,768,tridiag_vals,1,113.329166,113.172250,113.968583,5
0,16,768,band8_vals,1,101.437708,100.960584,101.601958,5
0,16,768,band_vals,1,97.287042,97.193834,97.352500,5
0,16,768,band32_vals,1,140.401916,140.191333,140.413750,5
0,128,128,tg,1,51.972250,51.467458,52.163042,5
0,128,128,block,1,20.922729,20.739823,21.020084,8
0,128,128,cpu,1,5.308959,5.256833,5.687417,25
0,128,128,tridiag,1,179.205542,179.112833,179.257083,5
0,128,128,tg_vals,1,44.067208,43.264250,44.157167,5
0,128,128,block_vals,1,18.991895,18.409354,19.020052,8
0,128,128,cpu_vals,1,3.076959,2.720000,3.112375,25
0,128,128,tridiag_vals,1,127.047084,127.029625,127.188417,5
0,64,96,tg,1,11.105083,10.919802,11.368938,14
0,64,96,block,1,7.929833,7.774438,8.147146,19
0,64,96,cpu,1,1.582666,1.563459,1.611042,25
0,64,96,tg_vals,1,10.239625,10.120521,10.473167,15
0,64,96,block_vals,1,7.406292,7.278125,7.461416,21
0,64,96,cpu_vals,1,0.867792,0.854541,0.885584,25
0,32,384,tg,1,927.365792,927.221500,928.596688,3
0,32,384,block,1,122.162417,122.037959,123.082375,5
0,32,384,cpu,1,14.850125,14.679896,14.937896,11
0,32,384,tridiag,1,134.046000,133.171833,134.688833,5
0,32,384,tg_vals,1,495.905709,494.133959,496.340438,3
0,32,384,block_vals,1,84.481833,84.416458,84.510333,5
0,32,384,cpu_vals,1,7.358667,7.269667,7.656208,21
0,32,384,tridiag_vals,1,103.660834,101.387792,103.755458,5
0,8,192,tg,1,27.826146,27.783521,27.866646,6
0,8,192,block,1,10.108042,10.026604,10.185750,15
0,8,192,cpu,1,1.459042,1.445542,1.476083,25
0,8,192,tridiag,1,16.632354,16.594563,16.667198,10
0,8,192,tg_vals,1,25.836396,25.834167,25.837969,6
0,8,192,block_vals,1,9.713604,9.525895,9.752833,16
0,8,192,cpu_vals,1,0.770417,0.760834,0.798000,25
0,8,192,tridiag_vals,1,12.528062,12.438500,12.823375,12
0,32,32,simd,1,1.727166,1.713166,1.767791,25
0,32,32,tg,1,0.424083,0.398250,0.457541,25
0,32,32,block,1,2.784666,2.734833,2.934000,25
0,32,32,ql,1,0.515959,0.501500,0.528166,25
0,32,32,cpu,1,0.166625,0.162583,0.183625,25
0,32,32,simd_vals,1,1.569208,1.556709,1.590375,25
0,32,32,tg_vals,1,0.377709,0.369500,0.402917,25
0,32,32,block_vals,1,2.696167,2.616625,2.791916,25
0,32,32,ql_vals,1,0.383250,0.374833,0.396459,25
0,32,32,cpu_vals,1,0.129917,0.114334,0.204958,25
0,1,384,tg,1,204.000542,203.414250,204.261750,5
0,1,384,block,1,20.475334,20.353698,20.515250,8
0,1,384,cpu,1,4.454125,4.374250,4.635458,25
0,1,384,tridiag,1,5.244417,5.179917,5.395417,25
0,1,384,tg_vals,1,191.558917,191.418625,191.590708,5
0,1,384,block_vals,1,19.752584,19.542698,20.049541,8
0,1,384,cpu_vals,1,2.365541,2.350958,2.389417,25
0,1,384,tridiag_vals,1,3.975042,3.957792,3.996167,25
0,4,256,tg,1,55.506708,55.448083,55.626750,5
0,4,256,block,1,12.906354,12.833302,13.070646,12
0,4,256,cpu,1,2.355833,2.344084,2.401958,25
0,4,256,tridiag,1,11.054417,10.968500,11.110125,14
0,4,256,tg_vals,1,54.291833,54.201334,54.330084,5
0,4,256,block_vals,1,12.366750,12.275708,12.452875,13
0,4,256,cpu_vals,1,1.148459,1.144375,1.157250,25
0,4,256,tridiag_vals,1,8.738333,8.715343,8.753687,18
0,1,1024,block,1,103.858083,103.799666,104.515875,5
0,1,1024,cpu,1,40.341416,40.131125,40.348042,5
0,1,1024,tridiag,1,17.776125,17.299083,18.067000,9
0,1,1024,block_vals,1,93.223584,93.106208,93.265250,5
0,1,1024,cpu_vals,1,18.251250,18.175792,18.295625,9
0,1,1024,tridiag_vals,1,11.652125,11.633667,11.727875,13
0,1,1024,band8_vals,1,14.375208,14.065791,14.896292,11
0,1,1024,band_vals,1,13.165416,12.814500,13.267916,12
0,1,1024,band32_vals,1,16.656208,16.506719,16.758948,10
0,512,16,simd,1,0.518583,0.505542,0.571250,25
0,512,16,tg,1,0.454000,0.442666,0.479291,25
0,512,16,ql,1,0.334417,0.323250,0.346000,25
0,512,16,ql_share,1,0.447959,0.435500,0.466792,25
0,512,16,cpu,1,0.399292,0.396500,0.407167,25
0,512,16,simd_vals,1,0.503542,0.475833,0.510417,25
0,512,16,tg_vals,1,0.437041,0.421959,0.475416,25
0,512,16,ql_vals,1,0.260958,0.251709,0.268500,25
0,512,16,ql_share_vals,1,0.360416,0.353875,0.380500,25
0,512,16,cpu_vals,1,0.217041,0.203208,0.594458,25
0,128,256,block,1,162.529584,162.373000,163.337167,5
0,128,256,cpu,1,22.688417,22.469562,22.818271,7
0,128,256,tridiag,1,354.802875,352.264812,355.984146,3
0,128,256,block_vals,1,118.020625,117.816042,118.166583,5
0,128,256,cpu_vals,1,11.062542,10.863178,11.333990,14
0,128,256,tridiag_vals,1,267.670000,266.108542,267.955542,5
0,4,24,simd,1,0.787334,0.736250,0.817417,25
0,4,24,tg,1,0.259209,0.245250,0.266125,25
0,4,24,ql,1,0.382667,0.348541,0.437042,25
0,4,24,cpu,1,0.034458,0.033458,0.035791,25
0,4,24,simd_vals,1,0.689875,0.680292,0.724500,25
0,4,24,tg_vals,1,0.258875,0.248125,0.263708,25
0,4,24,ql_vals,1,0.277042,0.270041,0.290166,25
0,4,24,cpu_vals,1,0.018750,0.018417,0.019375,25
0,1,512,tg,1,479.237834,479.232104,479.470167,3
0,1,512,block,1,30.369917,30.208541,30.374292,5
0,1,512,cpu,1,9.045750,8.964667,9.241417,17
0,1,512,tridiag,1,7.765625,7.374979,8.023448,20
0,1,512,tg_vals,1,449.200375,448.901021,449.227813,3
0,1,512,block_vals,1,29.001104,28.950552,29.294407,6
0,1,512,cpu_vals,1,4.216708,4.185250,4.227041,25
0,1,512,tridiag_vals,1,5.209500,5.023333,5.281917,25
0,1,512,band8_vals,1,5.884167,5.811125,6.000916,25
0,1,512,band_vals,1,5.701458,5.567459,5.757708,25
0,1,512,band32_vals,1,7.858354,7.633948,7.979219,20
0,128,384,block,1,546.829375,546.432271,547.638917,3
0,128,384,cpu,1,52.663000,52.532666,52.910208,5
0,128,384,tridiag,1,540.957250,539.289188,541.976105,3
0,128,384,block_vals,1,390.115667,389.006687,391.184125,3
0,128,384,cpu_vals,1,25.264271,25.118625,25.528948,6
0,128,384,tridiag_vals,1,410.121750,407.945834,411.575083,3
0,16,32,simd,1,1.727458,1.713791,1.764500,25
0,16,32,tg,1,0.337459,0.327417,0.352166,25
0,16,32,block,1,2.742917,2.709292,2.866333,25
0,16,32,ql,1,0.525500,0.504500,0.538625,25
0,16,32,cpu,1,0.143583,0.135792,0.510459,25
0,16,32,simd_vals,1,1.566250,1.543917,1.583625,25
0,16,32,tg_vals,1,0.320375,0.311583,0.339500,25
0,16,32,block_vals,1,2.688875,2.648417,2.814666,25
0,16,32,ql_vals,1,0.391375,0.383041,0.418083,25
0,16,32,cpu_vals,1,0.081959,0.070417,0.184042,25
0,2,256,tg,1,55.394250,55.380375,55.430250,5
0,2,256,block,1,12.057375,12.025375,12.206667,13
0,2,256,cpu,1,2.122709,2.119750,2.145000,25
0,2,256,tridiag,1,5.489542,5.406042,5.692500,25
0,2,256,tg_vals,1,54.308042,54.268792,54.326291,5
0,2,256,block_vals,1,11.704917,11.611042,11.807291,13
0,2,256,cpu_vals,1,1.095209,1.088666,1.104875,25
0,2,256,tridiag_vals,1,4.574958,4.444583,4.716375,25
0,256,8,simd,1,0.163292,0.157375,0.199792,25
0,256,8,tg,1,0.172333,0.156083,0.193708,25
0,256,8,ql,1,0.160125,0.157291,0.174541,25
0,256,8,ql_share,1,0.299625,0.295250,0.342625,25
0,256,8,cpu,1,0.120333,0.116541,0.123792,25
0,256,8,simd_vals,1,0.160333,0.154208,0.179125,25
0,256,8,tg_vals,1,0.166375,0.155708,0.186542,25
0,256,8,ql_vals,1,0.156917,0.153667,0.162500,25
0,256,8,ql_share_vals,1,0.268875,0.263375,0.273000,25
0,256,8,cpu_vals,1,0.090667,0.081334,0.137709,25
0,2048,96,tg,1,290.926625,289.378542,292.112583,5
0,2048,96,block,1,151.338000,151.221542,151.527750,5
0,2048,96,cpu,1,46.368667,45.160458,46.754417,5
0,2048,96,tg_vals,1,256.455458,253.114625,256.865750,5
0,2048,96,block_vals,1,129.388125,129.148083,129.437708,5
0,2048,96,cpu_vals,1,23.525375,23.391583,23.699167,7
0,8,2,simd,1,0.171042,0.161125,0.208167,25
0,8,2,tg,1,0.158875,0.149167,0.201375,25
0,8,2,ql,1,0.146542,0.131583,0.155459,25
0,8,2,cpu,1,0.009792,0.005500,0.012375,25
0,8,2,simd_vals,1,0.136375,0.127291,0.149333,25
0,8,2,tg_vals,1,0.136166,0.126083,0.149500,25
0,8,2,ql_vals,1,0.129834,0.124791,0.150667,25
0,8,2,cpu_vals,1,0.004958,0.003417,0.011250,25
0,16,256,tg,1,85.660417,85.629833,86.073208,5
0,16,256,block,1,20.452646,20.375115,20.665156,8
0,16,256,cpu,1,3.482583,3.411334,3.845959,25
0,16,256,tridiag,1,44.471625,44.193667,44.487125,5
0,16,256,tg_vals,1,61.795833,61.756542,61.839958,5
0,16,256,block_vals,1,18.584250,18.486250,18.680750,9
0,16,256,cpu_vals,1,1.870958,1.614167,2.052958,25
0,16,256,tridiag_vals,1,33.744916,33.608500,33.746958,5
0,512,96,tg,1,73.587541,72.516250,73.675208,5
0,512,96,block,1,38.612500,38.573250,38.761125,5
0,512,96,cpu,1,11.491792,11.420500,11.582334,13
0,512,96,tg_vals,1,64.127625,63.260250,65.248416,5
0,512,96,block_vals,1,32.118667,31.732375,32.246834,5
0,512,96,cpu_vals,1,6.096542,6.032333,6.185250,25
0,64,384,block,1,266.101125,265.171500,266.537292,5
0,64,384,cpu,1,27.376146,27.092864,27.483709,6
0,64,384,tridiag,1,270.140625,267.758125,270.308542,5
0,64,384,block_vals,1,184.063708,183.715333,184.278625,5
0,64,384,cpu_vals,1,13.190895,13.144281,13.228906,12
0,64,384,tridiag_vals,1,206.122417,205.835500,207.278250,5
0,4,128,tg,1,7.929042,7.917312,7.941230,19
0,4,128,block,1,6.060084,5.986750,6.179750,25
0,4,128,cpu,1,0.578458,0.574792,0.583750,25
0,4,128,tridiag,1,5.545125,5.500625,5.705667,25
0,4,128,tg_vals,1,7.222709,7.199958,7.236959,21
0,4,128,block_vals,1,5.888791,5.794666,5.997875,25
0,4,128,cpu_vals,1,0.307667,0.305959,0.311375,25
0,4,128,tridiag_vals,1,4.056875,3.954625,4.289000,25
0,1,2,simd,1,0.136666,0.127750,0.160125,25
0,1,2,tg,1,0.130333,0.127000,0.138875,25
0,1,2,ql,1,0.134833,0.125791,0.140458,25
0,1,2,cpu,1,0.001084,0.001042,0.001333,25
0,1,2,simd_vals,1,0.142042,0.130333,0.162666,25
0,1,2,tg_vals,1,0.129666,0.126167,0.149000,25
0,1,2,ql_vals,1,0.145834,0.129166,0.161708,25
0,1,2,cpu_vals,1,0.001084,0.001083,0.001125,25
0,16,1024,block,1,1201.350625,1200.018229,1201.719771,3
0,16,1024,cpu,1,132.805333,131.472000,134.460917,5
0,16,1024,tridiag,1,215.328250,215.324167,215.510166,5
0,16,1024,block_vals,1,814.298250,812.514667,816.263917,3
0,16,1024,cpu_vals,1,35.901417,35.129083,37.633625,5
0,16,1024,tridiag_vals,1,167.415667,167.192750,167.906667,5
0,16,1024,band8_vals,1,148.314416,148.282166,148.468125,5
0,16,1024,band_vals,1,138.932333,138.861042,138.994208,5
0,16,1024,band32_vals,1,197.879625,196.918083,198.380375,5
0,1,2560,block,1,1278.725958,1277.655688,1279.292563,3
0,1,2560,cpu,1,371.974417,371.085688,387.222980,3
0,1,2560,tridiag,1,82.318042,81.639916,82.448750,5
0,1,2560,block_vals,1,794.550125,793.052750,795.691750,3
0,1,2560,cpu_vals,1,133.928459,133.736541,134.065375,5
0,1,2560,tridiag_vals,1,58.787875,58.780542,59.260333,5
0,1,2560,band8_vals,1,72.517125,72.147833,72.672750,5
0,1,2560,band_vals,1,52.743125,52.069459,52.831416,5
0,1,2560,band32_vals,1,62.627333,62.292417,62.834584,5
0,128,8,simd,1,0.169791,0.163000,0.184667,25
0,128,8,tg,1,0.172791,0.161000,0.188542,25
0,128,8,ql,1,0.165958,0.155625,0.187209,25
0,128,8,ql_share,1,0.287125,0.269125,0.297208,25
0,128,8,cpu,1,0.099958,0.088875,0.108375,25
0,128,8,simd_vals,1,0.162250,0.154458,0.173583,25
0,128,8,tg_vals,1,0.169125,0.155292,0.195042,25
0,128,8,ql_vals,1,0.153875,0.148334,0.162916,25
0,128,8,ql_share_vals,1,0.254875,0.224375,0.271084,25
0,128,8,cpu_vals,1,0.115375,0.064084,0.162041,25
0,512,384,block,1,2215.529750,2214.343729,2223.212188,3
0,512,384,cpu,1,205.520750,205.088416,209.338500,5
0,512,384,block_vals,1,1574.431708,1572.894729,1575.271187,3
0,512,384,cpu_vals,1,98.704167,97.790041,98.877708,5
0,64,12,simd,1,0.562500,0.515666,0.781958,25
0,64,12,tg,1,0.266625,0.204167,0.281625,25
0,64,12,ql,1,0.197416,0.190791,0.208375,25
0,64,12,ql_share,1,0.306500,0.301167,0.310958,25
0,64,12,cpu,1,0.230750,0.104917,0.328625,25
0,64,12,simd_vals,1,0.260750,0.253958,0.268250,25
0,64,12,tg_vals,1,0.187042,0.183542,0.192333,25
0,64,12,ql_vals,1,0.176583,0.172542,0.181167,25
0,64,12,ql_share_vals,1,0.133209,0.124417,0.147875,25
0,64,12,cpu_vals,1,0.149000,0.092458,0.152541,25
0,256,64,tg,1,10.473209,10.211583,10.803249,15
0,256,64,block,1,8.151334,8.023876,8.210124,19
0,256,64,ql,1,3.726000,3.662292,3.739958,25
0,256,64,ql_share,1,2.715750,2.651416,3.662875,25
0,256,64,cpu,1,2.675833,2.603250,3.127042,25
0,256,64,tg_vals,1,9.091500,8.914375,9.340125,17
0,256,64,block_vals,1,7.559708,7.419698,7.670469,20
0,256,64,ql_vals,1,2.879041,2.860459,2.904750,25
0,256,64,ql_share_vals,1,2.152125,2.131667,2.557833,25
0,256,64,cpu_vals,1,1.104125,1.082291,1.170792,25
0,512,24,simd,1,1.438458,1.403375,2.030083,25
0,512,24,tg,1,1.151958,1.120875,1.163416,25
0,512,24,ql,1,0.550000,0.545083,0.567083,25
0,512,24,ql_share,1,0.907834,0.869708,1.043458,25
0,512,24,cpu,1,0.806334,0.779208,0.818958,25
0,512,24,simd_vals,1,1.282125,1.272333,1.293750,25
0,512,24,tg_vals,1,1.037083,1.026041,1.097208,25
0,512,24,ql_vals,1,0.432250,0.402000,0.457709,25
0,512,24,ql_share_vals,1,0.418791,0.408666,0.430500,25
0,512,24,cpu_vals,1,0.342625,0.332541,0.538459,25
0,2,8,simd,1,0.161583,0.149542,0.186916,25
0,2,8,tg,1,0.162667,0.152083,0.170708,25
0,2,8,ql,1,0.172625,0.162333,0.249542,25
0,2,8,cpu,1,0.006917,0.006875,0.006959,25
0,2,8,simd_vals,1,0.152792,0.148500,0.164833,25
0,2,8,tg_vals,1,0.153208,0.148792,0.168750,25
0,2,8,ql_vals,1,0.152708,0.149750,0.188875,25
0,2,8,cpu_vals,1,0.004542,0.003917,0.005083,25
0,1,1536,block,1,256.367958,256.353292,256.678625,5
0,1,1536,cpu,1,100.088875,100.044625,100.278958,5
0,1,1536,tridiag,1,31.768958,31.387333,32.403209,5
0,1,1536,block_vals,1,211.098333,210.928416,211.188792,5
0,1,1536,cpu_vals,1,43.159375,43.123666,43.257083,5
0,1,1536,tridiag_vals,1,21.704750,21.625584,21.829833,7
0,1,1536,band8_vals,1,27.422875,27.300229,27.564427,6
0,1,1536,band_vals,1,22.346292,22.190791,22.625000,7
0,1,1536,band32_vals,1,28.069834,28.004812,28.300854,6
0,1024,2,simd,1,0.139166,0.130834,0.157625,25
0,1024,2,tg,1,0.139833,0.130625,0.148583,25
0,1024,2,ql,1,0.137250,0.129750,0.145792,25
0,1024,2,ql_share,1,0.277541,0.265333,0.292459,25
0,1024,2,cpu,1,0.099750,0.092917,0.193250,25
0,1024,2,simd_vals,1,0.137167,0.129875,0.143125,25
0,1024,2,tg_vals,1,0.136583,0.130292,0.144583,25
0,1024,2,ql_vals,1,0.137042,0.130125,0.140583,25
0,1024,2,ql_share_vals,1,0.252500,0.237333,0.272875,25
0,1024,2,cpu_vals,1,0.104000,0.054125,0.158167,25
0,1024,24,simd,1,2.293000,2.272250,2.349459,25
0,1024,24,tg,1,2.051084,2.008167,2.080084,25
0,1024,24,ql,1,0.947625,0.930666,0.960084,25
0,1024,24,ql_share,1,0.945083,0.931083,0.972750,25
0,1024,24,cpu,1,1.511083,1.503333,1.591750,25
0,1024,24,simd_vals,1,2.029208,1.997750,2.059708,25
0,1024,24,tg_vals,1,1.859333,1.827208,1.908375,25
0,1024,24,ql_vals,1,0.671542,0.646542,0.719792,25
0,1024,24,ql_share_vals,1,0.767167,0.730208,0.799375,25
0,1024,24,cpu_vals,1,0.612834,0.597000,0.661959,25
0,1,4096,block,1,5167.879584,5156.616646,5176.588062,3
0,1,4096,cpu,1,2476.188166,2473.960729,2479.060208,3
0,1,4096,tridiag,1,281.601250,279.229625,284.710750,5
0,1,4096,block_vals,1,3530.946417,3528.550541,3534.482000,3
0,1,4096,cpu_vals,1,483.337458,482.057166,483.691187,3
0,1,4096,tridiag_vals,1,211.132959,210.627500,212.981875,5
0,1,4096,band8_vals,1,214.134958,212.760125,215.135167,5
0,1,4096,band_vals,1,132.858750,132.576875,133.159917,5
0,1,4096,band32_vals,1,130.867417,129.924625,131.312417,5
0,32,192,tg,1,64.755000,64.585666,64.980625,5
0,32,192,block,1,18.626542,18.580666,18.694709,9
0,32,192,cpu,1,3.982042,3.452541,4.026833,25
0,32,192,tridiag,1,66.354500,66.279084,66.659208,5
0,32,192,tg_vals,1,42.851333,42.797167,42.871834,5
0,32,192,block_vals,1,16.624271,16.455739,16.713917,10
0,32,192,cpu_vals,1,2.166625,1.612667,2.254834,25
0,32,192,tridiag_vals,1,49.600875,49.579583,49.903667,5
0,128,96,tg,1,19.521667,19.356073,19.615990,8
0,128,96,block,1,11.189229,11.127604,11.364916,14
0,128,96,cpu,1,2.986834,2.966750,3.445209,25
0,128,96,tg_vals,1,17.398750,17.252083,17.950750,9
0,128,96,block_vals,1,10.698584,10.623355,10.774354,15
0,128,96,cpu_vals,1,1.639625,1.600834,2.183959,25
0,4096,16,simd,1,2.238334,2.189584,2.302875,25
0,4096,16,tg,1,2.240708,2.204458,2.287750,25
0,4096,16,ql,1,1.446334,1.434708,1.465208,25
0,4096,16,ql_share,1,1.294875,1.275167,1.329250,25
0,4096,16,cpu,1,2.782333,2.541416,2.975167,25
0,4096,16,simd_vals,1,1.964958,1.951625,2.049292,25
0,4096,16,tg_vals,1,1.982500,1.946542,2.036750,25
0,4096,16,ql_vals,1,1.002584,0.974917,1.018667,25
0,4096,16,ql_share_vals,1,0.821000,0.812500,0.841291,25
0,4096,16,cpu_vals,1,1.133417,1.085542,1.659708,25
0,8,12,simd,1,0.254875,0.241959,0.273333,25
0,8,12,tg,1,0.201875,0.189292,0.212666,25
0,8,12,ql,1,0.194917,0.190041,0.208334,25
0,8,12,cpu,1,0.027167,0.025292,0.036042,25
0,8,12,simd_vals,1,0.235084,0.225500,0.258625,25
0,8,12,tg_vals,1,0.184208,0.177666,0.192792,25
0,8,12,ql_vals,1,0.178666,0.171291,0.185791,25
0,8,12,cpu_vals,1,0.023375,0.018583,0.031917,25
0,2,64,tg,1,1.269167,1.246334,1.304334,25
0,2,64,block,1,3.198875,3.122666,3.272833,25
0,2,64,ql,1,1.328375,1.312917,1.343000,25
0,2,64,cpu,1,0.154750,0.151333,0.159500,25
0,2,64,tg_vals,1,1.121041,1.101458,1.149792,25
0,2,64,block_vals,1,3.134166,3.104042,3.247916,25
0,2,64,ql_vals,1,1.088667,1.043041,1.105000,25
0,2,64,cpu_vals,1,0.066334,0.066000,0.069375,25
0,1,96,tg,1,3.609750,3.588708,3.626708,25
0,1,96,block,1,4.768959,4.637042,4.994959,25
0,1,96,cpu,1,0.286084,0.282084,0.288959,25
0,1,96,tg_vals,1,3.294666,3.285000,3.314833,25
0,1,96,block_vals,1,4.721375,4.589584,4.800500,25
0,1,96,cpu_vals,1,0.145084,0.145000,0.145750,25
0,512,48,tg,1,8.211916,8.117396,8.336771,19
0,512,48,block,1,12.374792,12.268208,12.419833,13
0,512,48,ql,1,2.364000,2.330875,2.387041,25
0,512,48,ql_share,1,1.898250,1.868167,1.928458,25
0,512,48,cpu,1,3.494625,2.919959,3.523917,25
0,512,48,tg_vals,1,7.130000,6.943834,7.240802,22
0,512,48,block_vals,1,11.675084,11.476000,11.705042,13
0,512,48,ql_vals,1,1.796125,1.781417,1.850417,25
0,512,48,ql_share_vals,1,1.634459,1.510709,1.678708,25
0,512,48,cpu_vals,1,1.339375,1.287042,1.928917,25
0,1,3072,block,1,2226.794458,2226.026166,2227.467688,3
0,1,3072,cpu,1,726.222208,725.595438,727.307062,3
0,1,3072,tridiag,1,126.161500,125.610083,127.424958,5
0,1,3072,block_vals,1,1449.711083,1449.419437,1451.478395,3
0,1,3072,cpu_vals,1,212.131958,211.887459,212.212833,5
0,1,3072,tridiag_vals,1,90.135750,90.008583,91.441500,5
0,1,3072,band8_vals,1,99.268417,98.143125,99.942041,5
0,1,3072,band_vals,1,71.301708,70.927292,71.789542,5
0,1,3072,band32_vals,1,81.110208,80.265834,81.599083,5
0,1,32,simd,1,1.491375,1.468792,1.504583,25
0,1,32,tg,1,0.309833,0.302500,0.322250,25
0,1,32,block,1,2.547792,2.401417,2.744542,25
0,1,32,ql,1,0.523333,0.503625,0.532166,25
0,1,32,cpu,1,0.033834,0.029125,0.035958,25
0,1,32,simd_vals,1,1.374958,1.357833,1.388042,25
0,1,32,tg_vals,1,0.288959,0.286042,0.308458,25
0,1,32,block_vals,1,2.426375,2.358125,2.565000,25
0,1,32,ql_vals,1,0.379584,0.373500,0.405834,25
0,1,32,cpu_vals,1,0.011791,0.011708,0.012416,25
0,32,96,tg,1,5.507000,5.456166,5.562000,25
0,32,96,block,1,5.342417,5.209875,5.501416,25
0,32,96,cpu,1,0.842125,0.829958,0.862542,25
0,32,96,tg_vals,1,5.253667,5.244833,5.284833,25
0,32,96,block_vals,1,5.204542,5.104375,5.284750,25
0,32,96,cpu_vals,1,0.541250,0.480542,0.646792,25
0,2,768,block,1,76.277042,76.225333,76.347500,5
0,2,768,cpu,1,21.063333,20.744552,21.124136,8
0,2,768,tridiag,1,19.505479,19.408271,19.645792,8
0,2,768,block_vals,1,66.585625,66.340416,66.900166,5
0,2,768,cpu_vals,1,10.468291,10.240271,10.645437,15
0,2,768,tridiag_vals,1,15.228354,15.179490,15.326011,10
0,2,768,band8_vals,1,16.045583,15.899198,16.382052,10
0,2,768,band_vals,1,14.770708,14.641417,15.030229,11
0,2,768,band32_vals,1,20.708896,20.631157,20.759542,8
0,2,24,simd,1,0.730708,0.705041,0.756208,25
0,2,24,tg,1,0.258667,0.247375,0.265000,25
0,2,24,ql,1,0.340583,0.331875,0.354750,25
0,2,24,cpu,1,0.032125,0.031875,0.032458,25
0,2,24,simd_vals,1,0.738791,0.706917,0.758375,25
0,2,24,tg_vals,1,0.253042,0.242584,0.257750,25
0,2,24,ql_vals,1,0.275083,0.261083,0.283834,25
0,2,24,cpu_vals,1,0.019459,0.017334,0.020541,25
0,2048,24,simd,1,3.837542,3.790042,3.956208,25
0,2048,24,tg,1,3.780125,3.726416,3.902250,25
0,2048,24,ql,1,1.552250,1.510125,1.579834,25
0,2048,24,ql_share,1,1.486000,1.481333,1.494875,25
0,2048,24,cpu,1,3.031083,2.913209,3.382375,25
0,2048,24,simd_vals,1,3.364292,3.321667,3.434250,25
0,2048,24,tg_vals,1,3.320417,3.277875,3.476291,25
0,2048,24,ql_vals,1,1.042125,1.020541,1.069167,25
0,2048,24,ql_share_vals,1,0.865791,0.853417,0.884916,25
0,2048,24,cpu_vals,1,1.660042,1.116250,1.677417,25
0,128,4,simd,1,0.146500,0.137583,0.164875,25
0,128,4,tg,1,0.159375,0.145833,0.182292,25
0,128,4,ql,1,0.147125,0.134125,0.158125,25
0,128,4,ql_share,1,0.150084,0.137959,0.175459,25
0,128,4,cpu,1,0.113416,0.095875,0.115625,25
0,128,4,simd_vals,1,0.143750,0.138375,0.166625,25
0,128,4,tg_vals,1,0.144208,0.138208,0.151959,25
0,128,4,ql_vals,1,0.143583,0.139083,0.174417,25
0,128,4,ql_share_vals,1,0.120584,0.118708,0.124542,25
0,128,4,cpu_vals,1,0.064208,0.062959,0.065041,25
0,16,48,tg,1,0.702916,0.667167,0.748125,25
0,16,48,block,1,3.262375,3.182959,3.330917,25
0,16,48,ql,1,0.882666,0.858041,0.924250,25
0,16,48,cpu,1,0.206708,0.204208,0.217583,25
0,16,48,tg_vals,1,0.675333,0.636083,0.702667,25
0,16,48,block_vals,1,3.231916,3.108959,3.336042,25
0,16,48,ql_vals,1,0.740250,0.703500,0.777250,25
0,16,48,cpu_vals,1,0.150333,0.138292,0.164375,25
0,16,512,block,1,148.374417,148.291375,148.745125,5
0,16,512,cpu,1,16.528875,16.408834,16.842833,9
0,16,512,tridiag,1,98.726958,98.723125,98.976209,5
0,16,512,block_vals,1,102.525875,102.513459,103.454583,5
0,16,512,cpu_vals,1,7.882834,7.490896,8.891209,19
0,16,512,tridiag_vals,1,75.707417,74.810291,75.783334,5
0,16,512,band8_vals,1,64.885125,63.973250,65.048167,5
0,16,512,band_vals,1,62.186542,62.106709,62.236625,5
0,16,512,band32_vals,1,89.636542,89.631083,89.714375,5
0,16,8,simd,1,0.167500,0.159625,0.217834,25
0,16,8,tg,1,0.161167,0.159166,0.170875,25
0,16,8,ql,1,0.165334,0.154709,0.194833,25
0,16,8,cpu,1,0.038167,0.037500,0.041375,25
0,16,8,simd_vals,1,0.153083,0.149667,0.162042,25
0,16,8,tg_vals,1,0.160375,0.150042,0.171125,25
0,16,8,ql_vals,1,0.155625,0.149333,0.162917,25
0,16,8,cpu_vals,1,0.022458,0.021875,0.023709,25
0,32,512,block,1,302.907667,301.155667,304.262500,3
0,32,512,cpu,1,31.213792,30.945834,31.309917,5
0,32,512,tridiag,1,183.193667,182.972625,183.472333,5
0,32,512,block_vals,1,200.441250,199.601083,200.581708,5
0,32,512,cpu_vals,1,13.807416,13.608771,14.045562,11
0,32,512,tridiag_vals,1,138.460125,138.442500,139.342667,5
0,32,512,band8_vals,1,117.840166,117.782417,117.906459,5
0,32,512,band_vals,1,113.101834,112.897250,113.464042,5
0,32,512,band32_vals,1,164.113500,163.767750,164.995667,5
0,512,256,block,1,654.064541,654.063688,656.650583,3
0,512,256,cpu,1,87.656041,87.569959,87.914375,5
0,512,256,block_vals,1,499.997625,499.903625,500.107167,3
0,512,256,cpu_vals,1,42.285375,41.577917,43.025833,5
0,1024,12,simd,1,0.486375,0.470125,0.619417,25
0,1024,12,tg,1,0.464583,0.453125,0.504084,25
0,1024,12,ql,1,0.350042,0.337333,0.359583,25
0,1024,12,ql_share,1,0.573583,0.553209,0.606208,25
0,1024,12,cpu,1,0.439958,0.435334,0.456042,25
0,1024,12,simd_vals,1,0.435292,0.421042,0.454459,25
0,1024,12,tg_vals,1,0.445125,0.420334,0.472125,25
0,1024,12,ql_vals,1,0.275333,0.265250,0.290458,25
0,1024,12,ql_share_vals,1,0.325166,0.314125,0.347250,25
0,1024,12,cpu_vals,1,0.241667,0.218583,0.254250,25
0,32,256,tg,1,199.182708,198.884500,199.372083,5
0,32,256,block,1,35.424625,34.989500,35.616541,5
0,32,256,cpu,1,6.675333,6.504833,7.001938,23
0,32,256,tridiag,1,88.501750,88.432084,88.891625,5
0,32,256,tg_vals,1,125.844666,125.608208,126.291084,5
0,32,256,block_vals,1,30.718167,30.401292,30.792000,5
0,32,256,cpu_vals,1,3.010916,2.946541,3.580084,25
0,32,256,tridiag_vals,1,67.133959,66.845333,67.502042,5
0,8,8,simd,1,0.161000,0.153166,0.186500,25
0,8,8,tg,1,0.158708,0.150708,0.177250,25
0,8,8,ql,1,0.157334,0.152125,0.201292,25
0,8,8,cpu,1,0.020375,0.019041,0.023083,25
0,8,8,simd_vals,1,0.152500,0.148125,0.165541,25
0,8,8,tg_vals,1,0.158500,0.151833,0.170583,25
0,8,8,ql_vals,1,0.148583,0.144334,0.158417,25
0,8,8,cpu_vals,1,0.016625,0.012708,0.019125,25
0,2,128,tg,1,7.918833,7.904542,7.935562,19
0,2,128,block,1,5.947125,5.854250,6.046667,25
0,2,128,cpu,1,0.535625,0.532167,0.540750,25
0,2,128,tridiag,1,2.761542,2.698250,2.870625,25
0,2,128,tg_vals,1,7.217125,7.208708,7.225791,21
0,2,128,block_vals,1,5.807209,5.643125,5.923375,25
0,2,128,cpu_vals,1,0.293500,0.291167,0.295000,25
0,2,128,tridiag_vals,1,2.076375,2.053041,2.261125,25
0,256,48,tg,1,4.258834,4.166084,4.429208,25
0,256,48,block,1,7.603959,7.519854,7.715229,20
0,256,48,ql,1,1.602083,1.590459,1.611917,25
0,256,48,ql_share,1,0.995000,0.988208,1.018000,25
0,256,48,cpu,1,1.515500,1.448625,1.588458,25
0,256,48,tg_vals,1,3.763750,3.721292,3.824833,25
0,256,48,block_vals,1,7.228500,7.184625,7.314084,21
0,256,48,ql_vals,1,1.251333,1.228250,1.279292,25
0,256,48,ql_share_vals,1,0.825167,0.816000,1.034500,25
0,256,48,cpu_vals,1,0.725167,0.689958,0.766083,25
0,32,768,block,1,1061.594833,1058.829875,1067.255229,3
0,32,768,cpu,1,80.643417,79.638500,82.298833,5
0,32,768,tridiag,1,293.672208,293.355542,294.200667,5
0,32,768,block_vals,1,714.574417,713.407292,715.471459,3
0,32,768,cpu_vals,1,31.719375,31.657417,32.346250,5
0,32,768,tridiag_vals,1,226.615708,226.522625,227.723875,5
0,32,768,band8_vals,1,198.969542,198.800792,199.848459,5
0,32,768,band_vals,1,191.548500,191.284834,191.578042,5
0,32,768,band32_vals,1,276.823000,276.512750,277.616375,5
0,8,48,tg,1,0.722625,0.671584,0.746666,25
0,8,48,block,1,3.283625,3.158750,3.370875,25
0,8,48,ql,1,0.851500,0.833250,0.885250,25
0,8,48,cpu,1,0.180958,0.177375,0.193625,25
0,8,48,tg_vals,1,0.678916,0.634583,0.714791,25
0,8,48,block_vals,1,3.215542,3.106292,3.282875,25
0,8,48,ql_vals,1,0.733791,0.690333,0.776416,25
0,8,48,cpu_vals,1,0.091542,0.091208,0.101750,25
0,4096,2,simd,1,0.164083,0.146167,0.190916,25
0,4096,2,tg,1,0.155208,0.151250,0.173958,25
0,4096,2,ql,1,0.157709,0.148084,0.174625,25
0,4096,2,ql_share,1,0.284334,0.281500,0.316167,25
0,4096,2,cpu,1,0.195125,0.183166,0.221292,25
0,4096,2,simd_vals,1,0.153417,0.149292,0.172125,25
0,4096,2,tg_vals,1,0.154958,0.152625,0.172209,25
0,4096,2,ql_vals,1,0.150250,0.143708,0.166000,25
0,4096,2,ql_share_vals,1,0.275125,0.263791,0.283958,25
0,4096,2,cpu_vals,1,0.134209,0.131083,0.151125,25
0,8,32,simd,1,1.721750,1.709584,1.788291,25
0,8,32,tg,1,0.342583,0.327083,0.352750,25
0,8,32,block,1,2.810042,2.724792,2.977417,25
0,8,32,ql,1,0.528000,0.502208,0.542500,25
0,8,32,cpu,1,0.082208,0.078375,0.087042,25
0,8,32,simd_vals,1,1.563375,1.537584,1.583084,25
0,8,32,tg_vals,1,0.331875,0.321208,0.351375,25
0,8,32,block_vals,1,2.663584,2.615416,2.753667,25
0,8,32,ql_vals,1,0.388042,0.375292,0.413292,25
0,8,32,cpu_vals,1,0.044750,0.042000,0.049208,25
0,4096,24,simd,1,7.403042,7.340042,7.462208,21
0,4096,24,tg,1,7.414333,7.255459,7.515791,21
0,4096,24,ql,1,2.783166,2.768583,2.970292,25
0,4096,24,ql_share,1,2.592125,2.535125,2.981375,25
0,4096,24,cpu,1,5.839375,5.767125,6.022541,25
0,4096,24,simd_vals,1,6.375500,6.318719,6.541521,24
0,4096,24,tg_vals,1,6.261395,6.211562,6.500010,24
0,4096,24,ql_vals,1,1.843208,1.821833,1.928417,25
0,4096,24,ql_share_vals,1,1.352500,1.343375,1.375667,25
0,4096,24,cpu_vals,1,2.508292,2.100417,2.594542,25
0,32,16,simd,1,0.320666,0.311750,0.335708,25
0,32,16,tg,1,0.213084,0.206875,0.245084,25
0,32,16,ql,1,0.251750,0.234708,0.269042,25
0,32,16,cpu,1,0.091083,0.079750,0.116292,25
0,32,16,simd_vals,1,0.296916,0.291708,0.309791,25
0,32,16,tg_vals,1,0.206000,0.194000,0.221334,25
0,32,16,ql_vals,1,0.214375,0.205209,0.222709,25
0,32,16,cpu_vals,1,0.115333,0.058042,0.118500,25
0,16,384,tg,1,365.156792,364.982604,365.361583,3
0,16,384,block,1,55.664709,54.969166,56.286125,5
0,16,384,cpu,1,8.065000,7.943041,8.364479,19
0,16,384,tridiag,1,66.609875,66.604375,66.625792,5
0,16,384,tg_vals,1,228.302792,228.210833,228.780375,5
0,16,384,block_vals,1,46.074375,45.898375,46.380958,5
0,16,384,cpu_vals,1,4.023625,3.771708,4.236959,25
0,16,384,tridiag_vals,1,52.086917,52.072625,52.462208,5
0,32,48,tg,1,0.928958,0.909417,0.967500,25
0,32,48,block,1,3.384167,3.329041,3.452959,25
0,32,48,ql,1,0.874250,0.841041,0.888792,25
0,32,48,cpu,1,0.304500,0.299583,0.314042,25
0,32,48,tg_vals,1,0.884917,0.861916,0.922292,25
0,32,48,block_vals,1,3.260250,3.200625,3.396292,25
0,32,48,ql_vals,1,0.708375,0.691875,0.735917,25
0,32,48,cpu_vals,1,0.181917,0.180375,0.204791,25
0,32,8,simd,1,0.168625,0.154708,0.195042,25
0,32,8,tg,1,0.163208,0.155292,0.183834,25
0,32,8,ql,1,0.156750,0.153666,0.184625,25
0,32,8,cpu,1,0.077000,0.073459,0.080917,25
0,32,8,simd_vals,1,0.160375,0.155667,0.177791,25
0,32,8,tg_vals,1,0.157167,0.151833,0.169042,25
0,32,8,ql_vals,1,0.155625,0.148792,0.162000,25
0,32,8,cpu_vals,1,0.042833,0.039834,0.045000,25
0,128,24,simd,1,0.859041,0.797541,0.902125,25
0,128,24,tg,1,0.448875,0.439250,0.468542,25
0,128,24,ql,1,0.351333,0.344750,0.370292,25
0,128,24,ql_share,1,0.472292,0.464458,0.484833,25
0,128,24,cpu,1,0.293125,0.286541,0.326375,25
0,128,24,simd_vals,1,0.711750,0.692833,0.735917,25
0,128,24,tg_vals,1,0.426500,0.401916,0.447042,25
0,128,24,ql_vals,1,0.285083,0.277292,0.296583,25
0,128,24,ql_share_vals,1,0.398584,0.392416,0.408292,25
0,128,24,cpu_vals,1,0.174334,0.165666,0.181291,25
0,128,16,simd,1,0.378375,0.359416,0.420375,25
0,128,16,tg,1,0.269000,0.262708,0.290125,25
0,128,16,ql,1,0.255500,0.246416,0.273958,25
0,128,16,ql_share,1,0.356875,0.351500,0.362375,25
0,128,16,cpu,1,0.173500,0.166250,0.184084,25
0,128,16,simd_vals,1,0.300417,0.296250,0.309666,25
0,128,16,tg_vals,1,0.257375,0.238833,0.264666,25
0,128,16,ql_vals,1,0.216000,0.205500,0.235958,25
0,128,16,ql_share_vals,1,0.321791,0.313167,0.326625,25
0,128,16,cpu_vals,1,0.154375,0.121792,0.256583,25
0,1024,256,block,1,1326.566000,1326.112750,1329.466146,3
0,1024,256,cpu,1,167.449875,165.961917,169.877334,5
0,1024,256,block_vals,1,982.732083,982.007979,983.260688,3
0,1024,256,cpu_vals,1,81.759666,81.646833,82.802958,5
0,4,96,tg,1,3.631375,3.620917,3.645584,25
0,4,96,block,1,4.837625,4.700333,5.053542,25
0,4,96,cpu,1,0.329625,0.324583,0.334333,25
0,4,96,tg_vals,1,3.306917,3.279416,3.318583,25
0,4,96,block_vals,1,4.733500,4.553917,4.866292,25
0,4,96,cpu_vals,1,0.182625,0.178666,0.184459,25
0,512,4,simd,1,0.157083,0.145583,0.170625,25
0,512,4,tg,1,0.152208,0.143792,0.171250,25
0,512,4,ql,1,0.149708,0.142167,0.159792,25
0,512,4,ql_share,1,0.281458,0.267541,0.298583,25
0,512,4,cpu,1,0.237958,0.113250,0.388125,25
0,512,4,simd_vals,1,0.148833,0.145209,0.155375,25
0,512,4,tg_vals,1,0.149042,0.146125,0.159500,25
0,512,4,ql_vals,1,0.143375,0.134750,0.150083,25
0,512,4,ql_share_vals,1,0.281167,0.275625,0.312333,25
0,512,4,cpu_vals,1,0.092792,0.066583,0.233750,25
0,4,4,simd,1,0.144916,0.134417,0.160125,25
0,4,4,tg,1,0.144583,0.138709,0.159625,25
0,4,4,ql,1,0.139417,0.133583,0.154041,25
0,4,4,cpu,1,0.009416,0.007250,0.011292,25
0,4,4,simd_vals,1,0.149583,0.139750,0.190125,25
0,4,4,tg_vals,1,0.143916,0.135667,0.160625,25
0,4,4,ql_vals,1,0.138166,0.131875,0.146167,25
0,4,4,cpu_vals,1,0.006458,0.005209,0.008791,25
0,64,128,tg,1,28.501938,28.285906,28.891500,6
0,64,128,block,1,12.389125,12.347000,12.512417,13
0,64,128,cpu,1,2.753458,2.725250,3.312833,25
0,64,128,tridiag,1,88.889125,88.838583,89.065625,5
0,64,128,tg_vals,1,24.740750,24.377812,24.876250,7
0,64,128,block_vals,1,11.458312,11.370844,11.631573,14
0,64,128,cpu_vals,1,1.389458,1.367584,1.998792,25
0,64,128,tridiag_vals,1,63.482500,63.402083,63.495750,5
0,4,2048,block,1,2435.692917,2434.294834,2444.228271,3
0,4,2048,cpu,1,480.919500,479.770104,481.805687,3
0,4,2048,tridiag,1,175.511917,175.179416,176.810916,5
0,4,2048,block_vals,1,1642.829084,1636.081854,1643.983333,3
0,4,2048,cpu_vals,1,113.572209,112.264250,115.299167,5
0,4,2048,tridiag_vals,1,139.885792,139.566208,139.952000,5
0,4,2048,band8_vals,1,133.066083,132.660458,133.382042,5
0,4,2048,band_vals,1,104.730542,104.685292,105.071916,5
0,4,2048,band32_vals,1,135.132958,133.823333,135.506500,5
0,2,12,simd,1,0.227459,0.219958,0.258667,25
0,2,12,tg,1,0.179917,0.174709,0.184500,25
0,2,12,ql,1,0.194875,0.191167,0.198959,25
0,2,12,cpu,1,0.013542,0.012459,0.013792,25
0,2,12,simd_vals,1,0.214958,0.211792,0.222750,25
0,2,12,tg_vals,1,0.178500,0.174292,0.185833,25
0,2,12,ql_vals,1,0.175125,0.171291,0.179209,25
0,2,12,cpu_vals,1,0.007500,0.006917,0.008833,25
0,128,512,block,1,1304.421292,1301.450834,1308.605021,3
0,128,512,cpu,1,113.081208,113.034417,114.944834,5
0,128,512,tridiag,1,731.413125,731.276813,734.314916,3
0,128,512,block_vals,1,911.907167,911.627333,911.992917,3
0,128,512,cpu_vals,1,46.806625,46.382000,46.919834,5
0,128,512,tridiag_vals,1,552.213916,551.087020,552.815145,3
0,128,512,band8_vals,1,463.383625,462.745396,463.794688,3
0,128,512,band_vals,1,448.394750,447.150604,448.760959,3
0,128,512,band32_vals,1,651.997250,650.259188,652.447125,3
0,64,192,tg,1,146.399875,146.210125,147.319375,5
0,64,192,block,1,31.902250,31.776708,32.062167,5
0,64,192,cpu,1,6.516125,6.472604,6.864646,23
0,64,192,tridiag,1,132.698042,132.602083,133.213417,5
0,64,192,tg_vals,1,85.505458,84.903542,85.567334,5
0,64,192,block_vals,1,27.757458,27.723948,28.004156,6
0,64,192,cpu_vals,1,3.062417,3.040000,3.534250,25
0,64,192,tridiag_vals,1,98.726209,98.569709,99.114500,5
0,4,1536,block,1,1029.482416,1028.318500,1029.617104,3
0,4,1536,cpu,1,125.088875,121.940833,125.224334,5
0,4,1536,tridiag,1,102.961833,102.870292,103.070833,5
0,4,1536,block_vals,1,658.243542,658.047084,659.768625,3
0,4,1536,cpu_vals,1,58.121625,56.835834,58.614708,5
0,4,1536,tridiag_vals,1,82.004875,81.513041,82.014625,5
0,4,1536,band8_vals,1,79.018834,78.364125,80.794791,5
0,4,1536,band_vals,1,71.089208,70.750459,71.455000,5
0,4,1536,band32_vals,1,87.412917,86.444208,87.942958,5
0,512,8,simd,1,0.198208,0.191041,0.205625,25
0,512,8,tg,1,0.196208,0.187459,0.207167,25
0,512,8,ql,1,0.191958,0.182333,0.197708,25
0,512,8,ql_share,1,0.323875,0.314625,0.334250,25
0,512,8,cpu,1,0.165166,0.163666,0.170458,25
0,512,8,simd_vals,1,0.185709,0.174584,0.195084,25
0,512,8,tg_vals,1,0.184917,0.173833,0.199042,25
0,512,8,ql_vals,1,0.170667,0.162250,0.181583,25
0,512,8,ql_share_vals,1,0.298875,0.293417,0.309584,25
0,512,8,cpu_vals,1,0.123000,0.119541,0.130250,25
0,4,512,tg,1,549.663250,549.185604,549.997709,3
0,4,512,block,1,44.417125,44.049333,44.426167,5
0,4,512,cpu,1,10.461334,10.065104,10.667146,15
0,4,512,tridiag,1,23.752084,23.570917,23.849708,7
0,4,512,tg_vals,1,447.033459,446.707521,447.080625,3
0,4,512,block_vals,1,38.797834,38.694125,39.510708,5
0,4,512,cpu_vals,1,5.016083,4.904958,5.114250,25
0,4,512,tridiag_vals,1,18.594250,18.530458,18.794666,9
0,4,512,band8_vals,1,16.609104,16.480479,16.717083,10
0,4,512,band_vals,1,16.509605,16.363896,16.605593,10
0,4,512,band32_vals,1,22.664208,22.553146,22.749167,7
0,64,32,simd,1,1.728750,1.705917,1.765292,25
0,64,32,tg,1,0.549334,0.532375,0.573000,25
0,64,32,block,1,2.874292,2.845708,2.932875,25
0,64,32,ql,1,0.525750,0.504291,0.549208,25
0,64,32,ql_share,1,0.637791,0.632084,0.649500,25
0,64,32,cpu,1,0.249208,0.243917,0.251000,25
0,64,32,simd_vals,1,1.547542,1.529959,1.575209,25
0,64,32,tg_vals,1,0.518125,0.511083,0.534834,25
0,64,32,block_vals,1,2.753583,2.707375,2.833667,25
0,64,32,ql_vals,1,0.384834,0.379208,0.403958,25
0,64,32,ql_share_vals,1,0.492875,0.486042,0.501583,25
0,64,32,cpu_vals,1,0.159833,0.153459,0.164167,25
0,2,4,simd,1,0.145417,0.138584,0.174875,25
0,2,4,tg,1,0.148833,0.143000,0.188000,25
0,2,4,ql,1,0.135459,0.128541,0.152333,25
0,2,4,cpu,1,0.004292,0.003584,0.007000,25
0,2,4,simd_vals,1,0.146959,0.138000,0.157625,25
0,2,4,tg_vals,1,0.142167,0.136708,0.151084,25
0,2,4,ql_vals,1,0.138541,0.130416,0.144959,25
0,2,4,cpu_vals,1,0.003459,0.002250,0.004125,25
0,4,48,tg,1,0.716166,0.668167,0.743792,25
0,4,48,block,1,3.143750,3.101959,3.243042,25
0,4,48,ql,1,0.832041,0.813750,0.868042,25
0,4,48,cpu,1,0.092625,0.090833,0.097291,25
0,4,48,tg_vals,1,0.663000,0.630584,0.709333,25
0,4,48,block_vals,1,3.119875,3.011084,3.284583,25
0,4,48,ql_vals,1,0.721375,0.698167,0.777500,25
0,4,48,cpu_vals,1,0.050084,0.048667,0.054208,25
0,1,48,tg,1,0.723458,0.678875,0.744542,25
0,1,48,block,1,3.149875,3.059042,3.245375,25
0,1,48,ql,1,0.837583,0.821708,0.884833,25
0,1,48,cpu,1,0.077708,0.077625,0.078375,25
0,1,48,tg_vals,1,0.682041,0.660542,0.712500,25
0,1,48,block_vals,1,3.092042,3.030583,3.193416,25
0,1,48,ql_vals,1,0.712417,0.687917,0.754875,25
0,1,48,cpu_vals,1,0.034250,0.034167,0.034375,25
0,256,256,block,1,330.433166,329.850646,330.886250,3
0,256,256,cpu,1,44.572125,44.351709,45.362084,5
0,256,256,tridiag,1,707.892208,706.951937,711.280249,3
0,256,256,block_vals,1,250.031167,249.947292,251.405834,5
0,256,256,cpu_vals,1,20.963625,20.915823,21.043198,8
0,256,256,tridiag_vals,1,533.998625,533.646500,534.370625,3
0,2048,64,tg,1,80.429792,79.253959,80.868292,5
0,2048,64,block,1,50.235167,49.909625,50.408042,5
0,2048,64,ql,1,21.753500,21.716021,21.835667,7
0,2048,64,ql_share,1,11.544833,11.478167,11.879667,13
0,2048,64,cpu,1,20.456104,19.742365,20.639125,8
0,2048,64,tg_vals,1,68.888791,68.772750,68.890375,5
0,2048,64,block_vals,1,44.835833,44.775125,44.945875,5
0,2048,64,ql_vals,1,16.192250,15.838386,16.423365,10
0,2048,64,ql_share_vals,1,6.216542,6.039708,6.401875,25
0,2048,64,cpu_vals,1,8.265333,8.148979,8.451083,19
0,1,64,tg,1,1.224000,1.213708,1.229250,25
0,1,64,block,1,3.270958,3.124583,3.348625,25
0,1,64,ql,1,1.324250,1.298250,1.335209,25
0,1,64,cpu,1,0.142084,0.136500,0.143000,25
0,1,64,tg_vals,1,1.136459,1.122666,1.149416,25
0,1,64,block_vals,1,3.088625,3.028250,3.149291,25
0,1,64,ql_vals,1,1.092708,1.068167,1.097084,25
0,1,64,cpu_vals,1,0.058500,0.058458,0.058708,25
0,2048,128,block,1,345.390125,343.674959,345.516625,3
0,2048,128,cpu,1,76.648375,75.231416,77.103334,5
0,2048,128,block_vals,1,283.589125,283.448625,284.091375,5
0,2048,128,cpu_vals,1,40.133792,39.311416,40.703792,5
0,4,32,simd,1,1.731625,1.722917,1.773166,25
0,4,32,tg,1,0.338833,0.326333,0.362958,25
0,4,32,block,1,2.819375,2.739708,2.939834,25
0,4,32,ql,1,0.523375,0.494792,0.543500,25
0,4,32,cpu,1,0.043875,0.042708,0.047000,25
0,4,32,simd_vals,1,1.570625,1.559000,1.601834,25
0,4,32,tg_vals,1,0.324167,0.316250,0.334916,25
0,4,32,block_vals,1,2.872875,2.653125,3.040625,25
0,4,32,ql_vals,1,0.406334,0.386084,0.423500,25
0,4,32,cpu_vals,1,0.024000,0.023584,0.024334,25
0,2048,12,simd,1,0.765167,0.716459,0.818625,25
0,2048,12,tg,1,0.734084,0.724375,0.816959,25
0,2048,12,ql,1,0.541875,0.538583,0.545166,25
0,2048,12,ql_share,1,0.611292,0.604041,0.640417,25
0,2048,12,cpu,1,0.767833,0.762791,0.772542,25
0,2048,12,simd_vals,1,0.652958,0.638792,0.673834,25
0,2048,12,tg_vals,1,0.756375,0.707042,0.767750,25
0,2048,12,ql_vals,1,0.403583,0.380750,0.425834,25
0,2048,12,ql_share_vals,1,0.462625,0.392750,0.560000,25
0,2048,12,cpu_vals,1,0.406167,0.380459,0.645083,25
0,1,16,simd,1,0.401791,0.396583,0.419916,25
0,1,16,tg,1,0.253250,0.229166,0.266375,25
0,1,16,ql,1,0.260166,0.246708,0.286875,25
0,1,16,cpu,1,0.009125,0.008584,0.010959,25
0,1,16,simd_vals,1,0.297541,0.290666,0.314000,25
0,1,16,tg_vals,1,0.196167,0.194375,0.218291,25
0,1,16,ql_vals,1,0.222458,0.207167,0.264333,25
0,1,16,cpu_vals,1,0.004125,0.004125,0.004459,25
0,64,4,simd,1,0.154209,0.148000,0.189125,25
0,64,4,tg,1,0.153583,0.151250,0.161000,25
0,64,4,ql,1,0.158792,0.151958,0.164208,25
0,64,4,ql_share,1,0.134000,0.124000,0.137083,25
0,64,4,cpu,1,0.057667,0.056792,0.060250,25
0,64,4,simd_vals,1,0.143084,0.133958,0.152708,25
0,64,4,tg_vals,1,0.143208,0.139459,0.156459,25
0,64,4,ql_vals,1,0.138292,0.129417,0.145250,25
0,64,4,ql_share_vals,1,0.128625,0.124792,0.135333,25
0,64,4,cpu_vals,1,0.036125,0.033417,0.040958,25
0,512,128,tg,1,191.158584,188.115625,191.463417,5
0,512,128,block,1,86.946708,86.805542,87.190583,5
0,512,128,cpu,1,20.364916,20.068010,20.712802,8
0,512,128,tridiag,1,716.643625,716.279583,717.150146,3
0,512,128,tg_vals,1,160.844584,160.827167,161.353792,5
0,512,128,block_vals,1,71.150375,71.139459,71.541958,5
0,512,128,cpu_vals,1,10.351583,10.215438,10.514000,15
0,512,128,tridiag_vals,1,509.302166,509.271250,509.653583,3
0,128,12,simd,1,0.253125,0.240667,0.260292,25
0,128,12,tg,1,0.205500,0.186542,0.209375,25
0,128,12,ql,1,0.212583,0.190000,0.217666,25
0,128,12,ql_share,1,0.312375,0.309083,0.320334,25
0,128,12,cpu,1,0.129625,0.124709,0.135167,25
0,128,12,simd_vals,1,0.231292,0.221458,0.258625,25
0,128,12,tg_vals,1,0.190333,0.184833,0.197625,25
0,128,12,ql_vals,1,0.179458,0.167333,0.186500,25
0,128,12,ql_share_vals,1,0.289084,0.286584,0.296333,25
0,128,12,cpu_vals,1,0.091750,0.085500,0.102209,25
0,8,4,simd,1,0.160417,0.151791,0.203291,25
0,8,4,tg,1,0.153375,0.134500,0.160250,25
0,8,4,ql,1,0.151875,0.136666,0.167750,25
0,8,4,cpu,1,0.011625,0.008791,0.019083,25
0,8,4,simd_vals,1,0.142750,0.137916,0.165166,25
0,8,4,tg_vals,1,0.144875,0.136583,0.159292,25
0,8,4,ql_vals,1,0.142750,0.131916,0.150500,25
0,8,4,cpu_vals,1,0.013083,0.007125,0.016500,25
0,32,4,simd,1,0.173333,0.148208,0.207084,25
0,32,4,tg,1,0.157875,0.148000,0.166125,25
0,32,4,ql,1,0.139292,0.131667,0.159084,25
0,32,4,cpu,1,0.029083,0.028834,0.030750,25
0,32,4,simd_vals,1,0.134458,0.131500,0.149958,25
0,32,4,tg_vals,1,0.141083,0.133583,0.152125,25
0,32,4,ql_vals,1,0.141500,0.129167,0.147250,25
0,32,4,cpu_vals,1,0.016916,0.016750,0.018041,25
0,32,64,tg,1,1.820167,1.766667,1.895958,25
0,32,64,block,1,3.443042,3.350792,3.594000,25
0,32,64,ql,1,1.376709,1.362209,1.393000,25
0,32,64,cpu,1,0.453875,0.447458,0.459750,25
0,32,64,tg_vals,1,1.638583,1.623333,1.686250,25
0,32,64,block_vals,1,3.292667,3.238125,3.445666,25
0,32,64,ql_vals,1,1.115000,1.095750,1.123291,25
0,32,64,cpu_vals,1,0.258042,0.225291,0.660792,25
0,1024,96,tg,1,146.574125,144.631292,147.417625,5
0,1024,96,block,1,77.256542,77.167208,77.417417,5
0,1024,96,cpu,1,23.142458,22.840250,23.405229,7
0,1024,96,tg_vals,1,126.559042,126.180541,127.375750,5
0,1024,96,block_vals,1,66.870292,66.823542,66.967750,5
0,1024,96,cpu_vals,1,12.145917,12.093250,12.191709,13
0,2,48,tg,1,0.741625,0.695208,0.961375,25
0,2,48,block,1,3.149833,3.081417,3.232833,25
0,2,48,ql,1,0.864792,0.831292,0.883208,25
0,2,48,cpu,1,0.089584,0.087500,0.091500,25
0,2,48,tg_vals,1,0.663291,0.626000,0.697375,25
0,2,48,block_vals,1,3.088333,3.043250,3.140708,25
0,2,48,ql_vals,1,0.716250,0.692167,0.775042,25
0,2,48,cpu_vals,1,0.045625,0.044708,0.048208,25
0,4096,64,tg,1,162.373667,160.757833,165.206250,5
0,4096,64,block,1,97.798291,97.561167,97.993709,5
0,4096,64,ql,1,42.309291,42.106791,42.502416,5
0,4096,64,ql_share,1,22.303083,22.008938,22.831874,7
0,4096,64,cpu,1,38.502792,38.225583,38.764125,5
0,4096,64,tg_vals,1,138.358625,138.324417,138.524833,5
0,4096,64,block_vals,1,86.657500,86.644625,87.206208,5
0,4096,64,ql_vals,1,31.463875,31.190250,31.517042,5
0,4096,64,ql_share_vals,1,11.493709,11.390334,11.640458,13
0,4096,64,cpu_vals,1,16.591729,16.281531,16.751792,10
0,32,12,simd,1,0.420584,0.398708,0.674292,25
0,32,12,tg,1,0.265000,0.254333,0.277375,25
0,32,12,ql,1,0.200166,0.195292,0.209833,25
0,32,12,cpu,1,0.073666,0.060375,0.099208,25
0,32,12,simd_vals,1,0.240292,0.228333,0.265125,25
0,32,12,tg_vals,1,0.183792,0.177666,0.203417,25
0,32,12,ql_vals,1,0.177333,0.169000,0.186125,25
0,32,12,cpu_vals,1,0.075292,0.070958,0.076416,25
0,4,1024,block,1,264.832542,264.804917,264.928875,5
0,4,1024,cpu,1,48.280875,48.058542,49.698542,5
0,4,1024,tridiag,1,55.424125,55.111083,56.087667,5
0,4,1024,block_vals,1,177.855750,177.170417,178.595292,5
0,4,1024,cpu_vals,1,23.534959,23.359271,23.791000,7
0,4,1024,tridiag_vals,1,43.139166,43.127917,43.216958,5
0,4,1024,band8_vals,1,40.923458,40.917625,40.944792,5
0,4,1024,band_vals,1,38.721042,38.395833,38.793542,5
0,4,1024,band32_vals,1,53.257583,53.240250,53.289375,5
0,2,96,tg,1,3.620083,3.607583,3.629833,25
0,2,96,block,1,4.842708,4.802917,4.977792,25
0,2,96,cpu,1,0.305750,0.304750,0.308875,25
0,2,96,tg_vals,1,3.314958,3.297750,3.328917,25
0,2,96,block_vals,1,4.757834,4.589958,4.912625,25
0,2,96,cpu_vals,1,0.167500,0.163917,0.170542,25
0,64,64,tg,1,3.231625,3.215167,3.275875,25
0,64,64,block,1,3.920708,3.866333,4.008667,25
0,64,64,ql,1,1.351666,1.337542,1.396334,25
0,64,64,ql_share,1,1.522833,1.505875,1.543333,25
0,64,64,cpu,1,0.716792,0.708792,0.728041,25
0,64,64,tg_vals,1,2.929125,2.894625,2.943292,25
0,64,64,block_vals,1,3.713542,3.639625,3.899291,25
0,64,64,ql_vals,1,1.129542,1.098875,1.141250,25
0,64,64,ql_share_vals,1,1.248000,1.235208,1.297584,25
0,64,64,cpu_vals,1,0.398500,0.339791,0.597708,25
0,2048,8,simd,1,0.350750,0.313416,0.963291,25
0,2048,8,tg,1,0.314291,0.302500,0.325125,25
0,2048,8,ql,1,0.326958,0.318458,0.337583,25
0,2048,8,ql_share,1,0.517792,0.498958,0.541875,25
0,2048,8,cpu,1,0.423583,0.418208,0.426792,25
0,2048,8,simd_vals,1,0.284209,0.278500,0.299125,25
0,2048,8,tg_vals,1,0.292000,0.283625,0.309208,25
0,2048,8,ql_vals,1,0.250875,0.246042,0.263625,25
0,2048,8,ql_share_vals,1,0.328666,0.318250,0.352167,25
0,2048,8,cpu_vals,1,0.252334,0.243792,0.587000,25
0,256,128,tg,1,96.531250,95.622416,97.558209,5
0,256,128,block,1,42.215542,42.200750,42.332500,5
0,256,128,cpu,1,10.174834,10.104855,10.283834,15
0,256,128,tridiag,1,357.130709,357.075042,357.642313,3
0,256,128,tg_vals,1,83.323750,82.590958,84.106916,5
0,256,128,block_vals,1,34.111417,33.995583,34.401000,5
0,256,128,cpu_vals,1,5.391333,5.123042,5.532708,25
0,256,128,tridiag_vals,1,253.480208,252.512583,253.710667,5
0,256,2,simd,1,0.138750,0.126333,0.150833,25
0,256,2,tg,1,0.132292,0.129625,0.143333,25
0,256,2,ql,1,0.127584,0.124417,0.133458,25
0,256,2,ql_share,1,0.255208,0.246458,0.266208,25
0,256,2,cpu,1,0.095416,0.093667,0.097417,25
0,256,2,simd_vals,1,0.131000,0.127042,0.138834,25
0,256,2,tg_vals,1,0.137208,0.131584,0.140583,25
0,256,2,ql_vals,1,0.130916,0.120584,0.136459,25
0,256,2,ql_share_vals,1,0.242958,0.239666,0.249500,25
0,256,2,cpu_vals,1,0.041083,0.039417,0.043667,25
0,512,192,block,1,283.931416,282.997209,285.829375,5
0,512,192,cpu,1,46.209709,46.206750,46.848709,5
0,512,192,block_vals,1,224.535500,223.894167,224.579250,5
0,512,192,cpu_vals,1,23.656625,23.581291,24.062542,7
0,128,32,simd,1,1.777792,1.743750,1.799625,25
0,128,32,tg,1,0.945750,0.935875,0.964583,25
0,128,32,block,1,3.052167,2.995833,3.122250,25
0,128,32,ql,1,0.523250,0.508458,0.539917,25
0,128,32,ql_share,1,0.646584,0.638708,0.652750,25
0,128,32,cpu,1,0.397125,0.392459,0.410875,25
0,128,32,simd_vals,1,1.599709,1.581208,1.617875,25
0,128,32,tg_vals,1,0.862000,0.838292,0.883541,25
0,128,32,block_vals,1,2.994333,2.868375,3.106417,25
0,128,32,ql_vals,1,0.413500,0.387542,0.463333,25
0,128,32,ql_share_vals,1,0.510500,0.504250,0.528459,25
0,128,32,cpu_vals,1,0.211958,0.189125,0.245792,25
0,1024,32,simd,1,4.990833,4.937125,5.149084,25
0,1024,32,tg,1,4.507833,4.430333,4.631125,25
0,1024,32,block,1,6.504874,6.366313,6.535323,24
0,1024,32,ql,1,1.469250,1.436125,1.494541,25
0,1024,32,ql_share,1,1.409542,1.383958,1.428292,25
0,1024,32,cpu,1,2.453917,2.384875,2.851625,25
0,1024,32,simd_vals,1,4.513334,4.471083,4.567625,25
0,1024,32,tg_vals,1,3.973791,3.935792,4.135292,25
0,1024,32,block_vals,1,6.194500,6.125333,6.243584,25
0,1024,32,ql_vals,1,0.985292,0.963625,1.034125,25
0,1024,32,ql_share_vals,1,0.961375,0.931667,0.992084,25
0,1024,32,cpu_vals,1,0.960625,0.879958,1.443958,25
1,64,128,tg,1,28.967021,28.515458,29.141396,6
1,64,128,block,1,12.567167,12.503208,12.726479,12
1,64,128,cpu,1,2.744625,2.715292,2.794167,25
1,64,128,tridiag,1,89.459000,89.254583,89.673417,5
1,64,128,tg_vals,1,24.906604,24.778886,25.171104,6
1,64,128,block_vals,1,11.531375,11.378157,11.645677,14
1,64,128,cpu_vals,1,1.382334,1.352500,1.403083,25
1,64,128,tridiag_vals,1,63.933583,63.755167,64.024875,5
1,32,128,tg,1,14.832417,14.273917,15.402855,11
1,32,128,block,1,8.247875,8.101709,8.274708,19
1,32,128,cpu,1,1.455292,1.444416,1.466209,25
1,32,128,tridiag,1,44.672041,44.479500,44.802958,5
1,32,128,tg_vals,1,12.315583,12.165250,12.401000,13
1,32,128,block_vals,1,7.611208,7.530709,7.713490,20
1,32,128,cpu_vals,1,0.747292,0.739500,0.775542,25
1,32,128,tridiag_vals,1,31.779833,31.752000,31.882417,5
1,1024,96,tg,1,147.111208,145.991916,147.148833,5
1,1024,96,block,1,77.582875,76.996542,77.727458,5
1,1024,96,cpu,1,23.164667,22.979062,23.302375,7
1,1024,96,tg_vals,1,128.286583,126.467042,128.707917,5
1,1024,96,block_vals,1,66.409708,66.401709,66.799750,5
1,1024,96,cpu_vals,1,11.919666,11.861250,12.069791,13
1,1024,2,simd,1,0.181708,0.170041,0.204375,25
1,1024,2,tg,1,0.201416,0.185459,0.233875,25
1,1024,2,ql,1,0.155125,0.141000,0.228250,25
1,1024,2,ql_share,1,0.275041,0.237541,0.287083,25
1,1024,2,cpu,1,0.208709,0.117292,0.357083,25
1,1024,2,simd_vals,1,0.132667,0.129000,0.141333,25
1,1024,2,tg_vals,1,0.138667,0.136250,0.143792,25
1,1024,2,ql_vals,1,0.138500,0.132291,0.148667,25
1,1024,2,ql_share_vals,1,0.262708,0.244750,0.274291,25
1,1024,2,cpu_vals,1,0.146875,0.069333,0.151708,25
1,1024,8,simd,1,0.281250,0.257416,0.586625,25
1,1024,8,tg,1,0.252250,0.248375,0.257834,25
1,1024,8,ql,1,0.244791,0.226750,0.267667,25
1,1024,8,ql_share,1,0.339333,0.330125,0.347291,25
1,1024,8,cpu,1,0.261916,0.258166,0.265125,25
1,1024,8,simd_vals,1,0.223958,0.211167,0.249583,25
1,1024,8,tg_vals,1,0.226000,0.209083,0.249292,25
1,1024,8,ql_vals,1,0.209875,0.194416,0.216959,25
1,1024,8,ql_share_vals,1,0.303709,0.296167,0.316958,25
1,1024,8,cpu_vals,1,0.178208,0.169792,0.195875,25
1,4,2,simd,1,0.178250,0.159958,0.190708,25
1,4,2,tg,1,0.148000,0.142250,0.177625,25
1,4,2,ql,1,0.138541,0.129916,0.151083,25
1,4,2,cpu,1,0.006542,0.004375,0.009125,25
1,4,2,simd_vals,1,0.132875,0.129292,0.153584,25
1,4,2,tg_vals,1,0.148667,0.137208,0.162333,25
1,4,2,ql_vals,1,0.135333,0.125125,0.163959,25
1,4,2,cpu_vals,1,0.004417,0.003084,0.007833,25
1,4,256,tg,1,55.502792,55.455167,55.531375,5
1,4,256,block,1,12.968625,12.916792,13.059927,12
1,4,256,cpu,1,2.351500,2.343917,2.413959,25
1,4,256,tridiag,1,11.093646,11.003958,11.234865,14
1,4,256,tg_vals,1,54.239958,54.232209,54.244541,5
1,4,256,block_vals,1,12.347375,12.250209,12.403625,13
1,4,256,cpu_vals,1,1.149542,1.140666,1.154292,25
1,4,256,tridiag_vals,1,8.741083,8.716031,8.779781,18
1,8,256,tg,1,63.209000,63.099333,63.258541,5
1,8,256,block,1,15.114313,15.041958,15.201427,10
1,8,256,cpu,1,2.772125,2.649250,2.831000,25
1,8,256,tridiag,1,21.869583,21.726605,21.948542,7
1,8,256,tg_vals,1,60.998958,60.908500,61.044750,5
1,8,256,block_vals,1,13.602584,13.570625,13.753021,11
1,8,256,cpu_vals,1,1.343583,1.337125,1.360541,25
1,8,256,tridiag_vals,1,17.068417,17.002916,17.144125,9
1,16,96,tg,1,3.643500,3.626875,3.664458,25
1,16,96,block,1,5.128625,5.035042,5.216417,25
1,16,96,cpu,1,0.510750,0.503375,0.519625,25
1,16,96,tg_vals,1,3.340209,3.323458,3.364708,25
1,16,96,block_vals,1,4.927959,4.805250,5.073875,25
1,16,96,cpu_vals,1,0.354166,0.282708,0.400292,25
1,2048,48,tg,1,30.747208,30.306375,32.084625,5
1,2048,48,block,1,44.899125,44.756875,44.967375,5
1,2048,48,ql,1,8.226459,8.147291,8.283917,19
1,2048,48,ql_share,1,6.084020,6.013135,6.388646,24
1,2048,48,cpu,1,11.581917,11.443459,11.778958,13
1,2048,48,tg_vals,1,26.225396,25.634291,26.503094,6
1,2048,48,block_vals,1,40.824500,40.533500,40.937584,5
1,2048,48,ql_vals,1,6.122542,5.991375,6.172458,25
1,2048,48,ql_share_vals,1,3.445417,3.404625,3.530667,25
1,2048,48,cpu_vals,1,5.296166,5.052041,5.454541,25
1,32,192,tg,1,64.546083,64.283000,64.671375,5
1,32,192,block,1,18.461125,18.406333,18.619875,9
1,32,192,cpu,1,3.957333,3.523334,4.058083,25
1,32,192,tridiag,1,66.439416,66.381458,66.463042,5
1,32,192,tg_vals,1,42.587375,42.558791,42.615375,5
1,32,192,block_vals,1,16.643833,16.523698,16.707042,10
1,32,192,cpu_vals,1,2.111625,1.632833,2.117375,25
1,32,192,tridiag_vals,1,49.557792,49.465292,49.762916,5
1,1024,16,simd,1,0.831042,0.791834,0.857125,25
1,1024,16,tg,1,0.778791,0.764833,0.825417,25
1,1024,16,ql,1,0.498416,0.490917,0.579875,25
1,1024,16,ql_share,1,0.655250,0.643209,0.692458,25
1,1024,16,cpu,1,0.693875,0.645584,0.733125,25
1,1024,16,simd_vals,1,0.749292,0.728708,0.785833,25
1,1024,16,tg_vals,1,0.729542,0.676208,0.759583,25
1,1024,16,ql_vals,1,0.359708,0.352000,0.387583,25
1,1024,16,ql_share_vals,1,0.359958,0.354292,0.366166,25
1,1024,16,cpu_vals,1,0.345000,0.317375,0.595000,25
1,32,2,simd,1,0.150666,0.128459,0.174125,25
1,32,2,tg,1,0.129792,0.126333,0.136917,25
1,32,2,ql,1,0.127208,0.124750,0.145500,25
1,32,2,cpu,1,0.014375,0.013709,0.014750,25
1,32,2,simd_vals,1,0.132375,0.124000,0.146833,25
1,32,2,tg_vals,1,0.134583,0.121375,0.141125,25
1,32,2,ql_vals,1,0.136125,0.129583,0.143250,25
1,32,2,cpu_vals,1,0.008416,0.008083,0.008542,25
1,4096,12,simd,1,1.373667,1.305583,1.537792,25
1,4096,12,tg,1,1.314666,1.290750,1.322792,25
1,4096,12,ql,1,0.955917,0.935208,0.967833,25
1,4096,12,ql_share,1,0.872041,0.865125,0.893958,25
1,4096,12,cpu,1,1.487375,1.481125,1.501666,25
1,4096,12,simd_vals,1,1.176459,1.163833,1.215666,25
1,4096,12,tg_vals,1,1.180708,1.170542,1.197167,25
1,4096,12,ql_vals,1,0.701458,0.678666,0.738917,25
1,4096,12,ql_share_vals,1,0.622125,0.607333,0.634292,25
1,4096,12,cpu_vals,1,0.722375,0.710542,0.744625,25
1,16,12,simd,1,0.247667,0.236458,0.282083,25
1,16,12,tg,1,0.199375,0.190542,0.217291,25
1,16,12,ql,1,0.197833,0.188083,0.212209,25
1,16,12,cpu,1,0.039583,0.036875,0.077833,25
1,16,12,simd_vals,1,0.252042,0.228625,0.261500,25
1,16,12,tg_vals,1,0.177750,0.175375,0.196875,25
1,16,12,ql_vals,1,0.176917,0.167834,0.183041,25
1,16,12,cpu_vals,1,0.038000,0.037625,0.038709,25
1,1024,128,block,1,174.957208,174.734750,175.703125,5
1,1024,128,cpu,1,40.590709,39.710125,40.992916,5
1,1024,128,block_vals,1,144.460667,144.368792,144.524667,5
1,1024,128,cpu_vals,1,20.738604,20.534021,20.840291,8
1,2048,24,simd,1,3.844625,3.817083,3.938667,25
1,2048,24,tg,1,3.752041,3.723333,3.888375,25
1,2048,24,ql,1,1.552333,1.533500,1.595833,25
1,2048,24,ql_share,1,1.481333,1.471042,1.491000,25
1,2048,24,cpu,1,3.204667,2.920541,3.310209,25
1,2048,24,simd_vals,1,3.325750,3.291667,3.334792,25
1,2048,24,tg_vals,1,3.289042,3.251333,3.401375,25
1,2048,24,ql_vals,1,1.047833,1.035042,1.069334,25
1,2048,24,ql_share_vals,1,0.880833,0.864458,0.936541,25
1,2048,24,cpu_vals,1,1.522209,1.124458,1.604625,25
1,16,64,tg,1,1.252584,1.228417,1.292333,25
1,16,64,block,1,3.280917,3.240709,3.399125,25
1,16,64,ql,1,1.369000,1.352875,1.417958,25
1,16,64,cpu,1,0.313583,0.290916,0.335875,25
1,16,64,tg_vals,1,1.136125,1.111000,1.158625,25
1,16,64,block_vals,1,3.181875,3.125875,3.327917,25
1,16,64,ql_vals,1,1.119834,1.103209,1.126667,25
1,16,64,cpu_vals,1,0.188792,0.185500,0.192250,25
1,4096,8,simd,1,0.481625,0.468041,0.533333,25
1,4096,8,tg,1,0.490625,0.486208,0.568875,25
1,4096,8,ql,1,0.504666,0.495042,0.520583,25
1,4096,8,ql_share,1,0.588250,0.571500,0.606333,25
1,4096,8,cpu,1,0.736042,0.703333,0.776417,25
1,4096,8,simd_vals,1,0.449000,0.433916,0.471542,25
1,4096,8,tg_vals,1,0.465708,0.452375,0.478000,25
1,4096,8,ql_vals,1,0.409417,0.384250,0.438583,25
1,4096,8,ql_share_vals,1,0.506250,0.485875,0.523000,25
1,4096,8,cpu_vals,1,0.413500,0.401667,0.581333,25
1,4,768,block,1,108.220167,107.952083,108.408000,5
1,4,768,cpu,1,21.995375,21.957062,22.818104,7
1,4,768,tridiag,1,37.629041,37.248667,37.904750,5
1,4,768,block_vals,1,87.365125,87.278333,87.759833,5
1,4,768,cpu_vals,1,12.847667,11.487875,13.134417,13
1,4,768,tridiag_vals,1,29.644666,29.592604,29.660073,6
1,4,768,band8_vals,1,28.155625,27.826261,28.341115,6
1,4,768,band_vals,1,26.992334,26.821115,27.144896,6
1,4,768,band32_vals,1,37.435208,37.174708,37.805625,5
1,16,24,simd,1,0.790500,0.753167,0.826000,25
1,16,24,tg,1,0.253500,0.249292,0.264500,25
1,16,24,ql,1,0.353083,0.346584,0.395500,25
1,16,24,cpu,1,0.094875,0.084250,0.110417,25
1,16,24,simd_vals,1,0.716125,0.659750,0.756500,25
1,16,24,tg_vals,1,0.246792,0.244416,0.259208,25
1,16,24,ql_vals,1,0.284542,0.277417,0.291958,25
1,16,24,cpu_vals,1,0.108000,0.056416,0.114208,25
1,4,96,tg,1,3.628917,3.616292,3.641500,25
1,4,96,block,1,4.914167,4.764791,5.012500,25
1,4,96,cpu,1,0.328458,0.325292,0.333958,25
1,4,96,tg_vals,1,3.297458,3.289792,3.311292,25
1,4,96,block_vals,1,4.784125,4.642541,4.864084,25
1,4,96,cpu_vals,1,0.182875,0.181875,0.184958,25
1,2048,64,tg,1,79.940917,79.633708,80.199291,5
1,2048,64,block,1,49.780333,49.603916,49.939500,5
1,2048,64,ql,1,22.092875,22.044854,22.158729,7
1,2048,64,ql_share,1,11.611459,11.529292,12.066542,13
1,2048,64,cpu,1,20.254666,20.036260,20.417927,8
1,2048,64,tg_vals,1,69.221625,68.024375,70.045500,5
1,2048,64,block_vals,1,45.096292,44.828167,45.123250,5
1,2048,64,ql_vals,1,16.302146,16.170146,16.341990,10
1,2048,64,ql_share_vals,1,6.335479,6.165907,6.666844,24
1,2048,64,cpu_vals,1,8.371021,8.274135,8.536802,18
1,512,4,simd,1,0.263708,0.242666,0.294750,25
1,512,4,tg,1,0.259500,0.249291,0.288625,25
1,512,4,ql,1,0.213541,0.152458,0.259708,25
1,512,4,ql_share,1,0.281834,0.278000,0.298042,25
1,512,4,cpu,1,0.112084,0.100542,0.202583,25
1,512,4,simd_vals,1,0.151583,0.137958,0.161166,25
1,512,4,tg_vals,1,0.150250,0.141000,0.166208,25
1,512,4,ql_vals,1,0.144833,0.135667,0.159625,25
1,512,4,ql_share_vals,1,0.277041,0.265834,0.298792,25
1,512,4,cpu_vals,1,0.088500,0.073500,0.213333,25
1,64,96,tg,1,10.756583,10.666198,11.134177,14
1,64,96,block,1,7.491041,7.430083,7.568166,21
1,64,96,cpu,1,1.592041,1.567542,1.612875,25
1,64,96,tg_vals,1,10.445959,10.321917,10.475084,15
1,64,96,block_vals,1,7.127000,7.024135,7.214052,22
1,64,96,cpu_vals,1,0.866042,0.857708,0.882417,25
1,64,384,block,1,284.106875,268.057083,295.273480,3
1,64,384,cpu,1,27.575750,27.162167,27.794208,6
1,64,384,tridiag,1,270.133375,269.106959,270.637291,5
1,64,384,block_vals,1,186.377667,185.603458,187.601833,5
1,64,384,cpu_vals,1,13.305271,13.210479,13.409417,12
1,64,384,tridiag_vals,1,206.158000,205.852791,206.291875,5
1,2,2048,block,1,1246.158125,1244.481605,1250.427750,3
1,2,2048,cpu,1,326.676833,323.043604,328.457791,3
1,2,2048,tridiag,1,88.941708,88.857209,90.088250,5
1,2,2048,block_vals,1,778.036959,777.927500,778.465792,3
1,2,2048,cpu_vals,1,109.833583,108.400625,110.569458,5
1,2,2048,tridiag_vals,1,71.012375,70.925334,71.101208,5
1,2,2048,band8_vals,1,78.036084,77.728375,79.777084,5
1,2,2048,band_vals,1,61.755833,60.884208,62.022042,5
1,2,2048,band32_vals,1,76.874958,76.558709,77.033583,5
1,1,64,tg,1,1.222625,1.203792,1.346541,25
1,1,64,block,1,3.245833,3.142291,3.367417,25
1,1,64,ql,1,1.332292,1.307167,1.342209,25
1,1,64,cpu,1,0.136625,0.129875,0.137375,25
1,1,64,tg_vals,1,1.123875,1.106833,1.174709,25
1,1,64,block_vals,1,3.150458,3.036792,3.245000,25
1,1,64,ql_vals,1,1.083209,1.060250,1.106125,25
1,1,64,cpu_vals,1,0.056083,0.055875,0.058584,25
1,2,512,tg,1,486.642750,486.299562,486.692729,3
1,2,512,block,1,36.493000,36.394125,36.567167,5
1,2,512,cpu,1,9.360958,9.201000,9.837781,16
1,2,512,tridiag,1,11.879125,11.761583,12.007958,13
1,2,512,tg_vals,1,446.752083,446.628771,446.794604,3
1,2,512,block_vals,1,33.727250,33.491500,33.729917,5
1,2,512,cpu_vals,1,4.447708,4.420667,4.462875,25
1,2,512,tridiag_vals,1,9.114125,9.012875,9.178875,17
1,2,512,band8_vals,1,9.304833,9.254459,9.357416,17
1,2,512,band_vals,1,9.495917,9.307969,10.041792,16
1,2,512,band32_vals,1,12.527230,12.437323,12.615761,12
1,8,384,tg,1,240.601959,240.568666,240.870917,5
1,8,384,block,1,32.661458,32.638750,32.738625,5
1,8,384,cpu,1,6.204458,6.152291,6.295334,25
1,8,384,tridiag,1,34.045542,33.824375,34.866375,5
1,8,384,tg_vals,1,191.539542,191.394792,191.621750,5
1,8,384,block_vals,1,28.602666,28.531625,28.747459,6
1,8,384,cpu_vals,1,3.160042,3.113459,3.556583,25
1,8,384,tridiag_vals,1,26.635938,26.547062,26.706187,6
1,128,16,simd,1,0.329000,0.316125,0.347791,25
1,128,16,tg,1,0.247667,0.237750,0.256667,25
1,128,16,ql,1,0.248458,0.242709,0.258583,25
1,128,16,ql_share,1,0.359959,0.352917,0.363250,25
1,128,16,cpu,1,0.165292,0.163959,0.173416,25
1,128,16,simd_vals,1,0.300125,0.290542,0.316125,25
1,128,16,tg_vals,1,0.235000,0.225250,0.257500,25
1,128,16,ql_vals,1,0.215625,0.203625,0.240791,25
1,128,16,ql_share_vals,1,0.310459,0.303500,0.325750,25
1,128,16,cpu_vals,1,0.154500,0.121625,0.454875,25
1,1024,32,simd,1,4.964250,4.944334,4.990667,25
1,1024,32,tg,1,4.385542,4.360083,4.464333,25
1,1024,32,block,1,6.404730,6.322396,6.472750,24
1,1024,32,ql,1,1.473666,1.466583,1.493167,25
1,1024,32,ql_share,1,1.391667,1.378541,1.429500,25
1,1024,32,cpu,1,2.467708,2.400541,2.897667,25
1,1024,32,simd_vals,1,4.578625,4.530708,4.622792,25
1,1024,32,tg_vals,1,3.975875,3.910000,4.165750,25
1,1024,32,block_vals,1,6.166292,5.986291,6.281375,25
1,1024,32,ql_vals,1,0.990458,0.955291,1.006625,25
1,1024,32,ql_share_vals,1,0.965958,0.920375,0.996000,25
1,1024,32,cpu_vals,1,0.959625,0.925667,1.443708,25
1,256,256,block,1,337.025500,333.213625,337.492062,3
1,256,256,cpu,1,45.165750,44.905042,45.256958,5
1,256,256,tridiag,1,708.183583,708.126000,711.846667,3
1,256,256,block_vals,1,251.423833,250.925250,251.452209,5
1,256,256,cpu_vals,1,21.341729,20.994760,21.546687,8
1,256,256,tridiag_vals,1,531.542125,531.280105,532.192855,3
1,1024,192,block,1,558.557375,558.459645,561.198188,3
1,1024,192,cpu,1,88.882750,87.727208,89.406958,5
1,1024,192,block_vals,1,443.488458,441.543791,444.237291,3
1,1024,192,cpu_vals,1,46.499584,46.029750,46.613916,5
1,16,2,simd,1,0.174125,0.160416,0.202209,25
1,16,2,tg,1,0.173250,0.160834,0.211833,25
1,16,2,ql,1,0.150792,0.134542,0.164791,25
1,16,2,cpu,1,0.007917,0.007875,0.008000,25
1,16,2,simd_vals,1,0.135916,0.127083,0.145500,25
1,16,2,tg_vals,1,0.128375,0.126125,0.134750,25
1,16,2,ql_vals,1,0.130542,0.122792,0.138792,25
1,16,2,cpu_vals,1,0.005125,0.005083,0.005209,25
1,4,2048,block,1,2446.884292,2442.629396,2449.861709,3
1,4,2048,cpu,1,434.733875,414.338833,462.020291,3
1,4,2048,tridiag,1,176.680458,176.276542,176.962958,5
1,4,2048,block_vals,1,1645.297042,1644.328354,1646.306980,3
1,4,2048,cpu_vals,1,112.546083,112.485833,113.390083,5
1,4,2048,tridiag_vals,1,140.021542,139.185917,140.113166,5
1,4,2048,band8_vals,1,133.122291,133.089875,133.387250,5
1,4,2048,band_vals,1,105.192375,105.190375,105.956916,5
1,4,2048,band32_vals,1,133.162875,132.970083,133.512625,5
1,2,16,simd,1,0.313500,0.306625,0.321333,25
1,2,16,tg,1,0.207916,0.200875,0.238834,25
1,2,16,ql,1,0.246334,0.228291,0.262333,25
1,2,16,cpu,1,0.018125,0.016625,0.019042,25
1,2,16,simd_vals,1,0.295333,0.289000,0.308833,25
1,2,16,tg_vals,1,0.208042,0.192917,0.240250,25
1,2,16,ql_vals,1,0.209417,0.196583,0.228625,25
1,2,16,cpu_vals,1,0.009417,0.009083,0.009875,25
1,8,32,simd,1,1.682458,1.655042,1.702791,25
1,8,32,tg,1,0.331000,0.324709,0.345083,25
1,8,32,block,1,2.673917,2.610583,2.809125,25
1,8,32,ql,1,0.516583,0.498291,0.527416,25
1,8,32,cpu,1,0.079375,0.077875,0.083792,25
1,8,32,simd_vals,1,1.504125,1.496333,1.532959,25
1,8,32,tg_vals,1,0.320958,0.318333,0.333625,25
1,8,32,block_vals,1,2.763875,2.620417,2.802250,25
1,8,32,ql_vals,1,0.386416,0.371792,0.398458,25
1,8,32,cpu_vals,1,0.043167,0.040542,0.045791,25
1,2,384,tg,1,204.385459,204.298750,204.583292,5
1,2,384,block,1,22.055500,21.878354,22.209063,7
1,2,384,cpu,1,4.481709,4.431500,4.497042,25
1,2,384,tridiag,1,8.589229,8.545105,8.614895,18
1,2,384,tg_vals,1,191.340750,191.272000,191.421625,5
1,2,384,block_vals,1,20.954667,20.850510,21.050657,8
1,2,384,cpu_vals,1,2.460167,2.454000,2.470375,25
1,2,384,tridiag_vals,1,7.410208,7.195375,7.428167,21
1,1,96,tg,1,3.607792,3.587458,3.628500,25
1,1,96,block,1,4.900417,4.725750,5.019833,25
1,1,96,cpu,1,0.280625,0.277917,0.282209,25
1,1,96,tg_vals,1,3.300417,3.287833,3.311500,25
1,1,96,block_vals,1,4.724084,4.655750,4.885792,25
1,1,96,cpu_vals,1,0.147000,0.146625,0.148833,25
1,128,12,simd,1,0.250125,0.241375,0.276958,25
1,128,12,tg,1,0.194583,0.186166,0.208500,25
1,128,12,ql,1,0.194375,0.189208,0.214083,25
1,128,12,ql_share,1,0.315250,0.307833,0.324333,25
1,128,12,cpu,1,0.130125,0.127084,0.132541,25
1,128,12,simd_vals,1,0.259000,0.254958,0.267584,25
1,128,12,tg_vals,1,0.190500,0.183500,0.198083,25
1,128,12,ql_vals,1,0.177542,0.169417,0.189417,25
1,128,12,ql_share_vals,1,0.289459,0.282291,0.296292,25
1,128,12,cpu_vals,1,0.085917,0.079833,0.095250,25
1,8,1024,block,1,593.087750,592.526687,593.548854,3
1,8,1024,cpu,1,70.481167,70.159375,71.304666,5
1,8,1024,tridiag,1,107.946500,107.748958,108.441292,5
1,8,1024,block_vals,1,372.114500,370.338437,372.729459,3
1,8,1024,cpu_vals,1,26.802104,26.579365,26.952094,6
1,8,1024,tridiag_vals,1,84.496750,84.463541,84.824291,5
1,8,1024,band8_vals,1,76.580875,76.578000,77.121500,5
1,8,1024,band_vals,1,72.694583,72.032625,74.160958,5
1,8,1024,band32_vals,1,102.275292,101.813625,102.309750,5
1,1024,24,simd,1,2.306458,2.276750,2.331167,25
1,1024,24,tg,1,2.109750,2.059209,2.158417,25
1,1024,24,ql,1,0.954125,0.941167,0.993583,25
1,1024,24,ql_share,1,0.943334,0.923417,0.982708,25
1,1024,24,cpu,1,1.514125,1.475875,1.529875,25
1,1024,24,simd_vals,1,2.054417,2.035417,2.107250,25
1,1024,24,tg_vals,1,1.852000,1.818917,1.885375,25
1,1024,24,ql_vals,1,0.677333,0.639208,0.721208,25
1,1024,24,ql_share_vals,1,0.767291,0.741250,0.801708,25
1,1024,24,cpu_vals,1,0.613750,0.595459,0.652000,25
1,32,4,simd,1,0.151542,0.134542,0.184750,25
1,32,4,tg,1,0.142167,0.135459,0.157000,25
1,32,4,ql,1,0.143000,0.137750,0.149708,25
1,32,4,cpu,1,0.030958,0.030625,0.032459,25
1,32,4,simd_vals,1,0.141459,0.133583,0.147167,25
1,32,4,tg_vals,1,0.143833,0.136500,0.151292,25
1,32,4,ql_vals,1,0.136375,0.132459,0.141750,25
1,32,4,cpu_vals,1,0.018250,0.018167,0.018416,25
1,1,4096,block,1,5181.587792,5180.591646,5183.831105,3
1,1,4096,cpu,1,2476.186958,2476.129646,2476.738020,3
1,1,4096,tridiag,1,279.484542,277.729083,281.582541,5
1,1,4096,block_vals,1,3518.888375,3510.258979,3521.175187,3
1,1,4096,cpu_vals,1,484.589791,483.834145,485.533250,3
1,1,4096,tridiag_vals,1,205.566458,205.436000,209.998084,5
1,1,4096,band8_vals,1,208.904292,208.689250,211.536833,5
1,1,4096,band_vals,1,132.479833,132.094041,132.699292,5
1,1,4096,band32_vals,1,128.720625,128.586625,129.089083,5
1,16,768,block,1,514.627000,511.004395,515.507771,3
1,16,768,cpu,1,41.153250,41.023167,41.247709,5
1,16,768,tridiag,1,146.938834,146.762375,146.965209,5
1,16,768,block_vals,1,333.326917,333.059979,334.137229,3
1,16,768,cpu_vals,1,19.097000,18.689167,19.159708,9
1,16,768,tridiag_vals,1,110.881458,109.485708,113.594083,5
1,16,768,band8_vals,1,101.467166,101.223375,101.495000,5
1,16,768,band_vals,1,97.503417,97.201042,98.581000,5
1,16,768,band32_vals,1,137.798584,137.363833,138.280250,5
1,2048,192,block,1,1131.617375,1126.602625,1133.148875,3
1,2048,192,cpu,1,168.427084,168.345500,168.575375,5
1,2048,192,block_vals,1,865.206500,864.462708,866.923771,3
1,2048,192,cpu_vals,1,86.881333,86.767542,87.755125,5
1,32,24,simd,1,0.765458,0.744042,0.809959,25
1,32,24,tg,1,0.257209,0.252708,0.269708,25
1,32,24,ql,1,0.355583,0.349417,0.367833,25
1,32,24,cpu,1,0.135250,0.130709,0.140417,25
1,32,24,simd_vals,1,0.696125,0.652500,0.734917,25
1,32,24,tg_vals,1,0.262292,0.247834,0.271334,25
1,32,24,ql_vals,1,0.285875,0.275333,0.294000,25
1,32,24,cpu_vals,1,0.117041,0.106916,0.229250,25
1,256,192,tg,1,572.578333,570.891687,572.819520,3
1,256,192,block,1,140.960542,139.638708,141.076417,5
1,256,192,cpu,1,23.708625,23.475583,23.815271,7
1,256,192,tridiag,1,528.412875,524.785917,532.010271,3
1,256,192,tg_vals,1,287.718000,287.189375,292.638959,5
1,256,192,block_vals,1,109.237916,108.776666,109.398875,5
1,256,192,cpu_vals,1,11.693334,11.605792,11.771208,13
1,256,192,tridiag_vals,1,392.363125,392.322313,392.528666,3
1,32,96,tg,1,5.520792,5.478375,5.648542,25
1,32,96,block,1,5.544167,5.434709,5.648292,25
1,32,96,cpu,1,0.843583,0.832917,0.858125,25
1,32,96,tg_vals,1,5.074500,4.996916,5.253042,25
1,32,96,block_vals,1,5.254958,5.165209,5.351916,25
1,32,96,cpu_vals,1,0.539500,0.488583,0.608208,25
1,4,1024,block,1,264.737375,264.051875,265.282750,5
1,4,1024,cpu,1,50.123459,48.694875,50.330041,5
1,4,1024,tridiag,1,55.174458,55.027250,55.185625,5
1,4,1024,block_vals,1,177.319625,175.525459,177.470458,5
1,4,1024,cpu_vals,1,23.460166,23.224417,24.174062,7
1,4,1024,tridiag_vals,1,42.776875,42.726958,42.776917,5
1,4,1024,band8_vals,1,40.853625,40.767375,41.126542,5
1,4,1024,band_vals,1,38.363000,38.024709,38.594333,5
1,4,1024,band32_vals,1,52.525916,52.048792,52.631125,5
1,256,2,simd,1,0.138458,0.125292,0.143000,25
1,256,2,tg,1,0.133958,0.126584,0.140709,25
1,256,2,ql,1,0.135458,0.125750,0.145292,25
1,256,2,ql_share,1,0.244792,0.231667,0.254791,25
1,256,2,cpu,1,0.102583,0.093583,0.103375,25
1,256,2,simd_vals,1,0.134250,0.129792,0.139709,25
1,256,2,tg_vals,1,0.131250,0.128750,0.139667,25
1,256,2,ql_vals,1,0.127250,0.124333,0.137583,25
1,256,2,ql_share_vals,1,0.243375,0.237167,0.250250,25
1,256,2,cpu_vals,1,0.045458,0.044667,0.045959,25
1,16,192,tg,1,29.306375,29.136958,29.394104,6
1,16,192,block,1,11.704833,11.634041,11.873125,13
1,16,192,cpu,1,1.983709,1.859333,2.330500,25
1,16,192,tridiag,1,33.411208,33.266333,33.459958,5
1,16,192,tg_vals,1,25.919458,25.911948,26.030125,6
1,16,192,block_vals,1,10.706083,10.666302,10.770875,14
1,16,192,cpu_vals,1,1.257958,0.862084,1.387750,25
1,16,192,tridiag_vals,1,24.768125,24.691792,24.841021,7
1,256,48,tg,1,4.211292,4.167833,4.303375,25
1,256,48,block,1,7.686292,7.653458,7.789521,20
1,256,48,ql,1,1.590750,1.560625,1.607125,25
1,256,48,ql_share,1,0.997875,0.989959,1.055667,25
1,256,48,cpu,1,1.526375,1.482750,1.546042,25
1,256,48,tg_vals,1,3.762083,3.723917,3.877000,25
1,256,48,block_vals,1,7.376625,7.298250,7.464792,21
1,256,48,ql_vals,1,1.260625,1.255542,1.275292,25
1,256,48,ql_share_vals,1,0.817292,0.809416,0.870375,25
1,256,48,cpu_vals,1,0.698417,0.672250,0.723916,25
1,2,8,simd,1,0.158292,0.150875,0.195625,25
1,2,8,tg,1,0.157084,0.152041,0.176958,25
1,2,8,ql,1,0.167375,0.152084,0.200042,25
1,2,8,cpu,1,0.007041,0.006833,0.008041,25
1,2,8,simd_vals,1,0.158125,0.151208,0.187875,25
1,2,8,tg_vals,1,0.154375,0.145958,0.166625,25
1,2,8,ql_vals,1,0.161834,0.153042,0.212375,25
1,2,8,cpu_vals,1,0.004875,0.004167,0.005292,25
1,2,32,simd,1,1.713209,1.692750,1.724375,25
1,2,32,tg,1,0.333375,0.323083,0.348417,25
1,2,32,block,1,2.873500,2.726000,3.123708,25
1,2,32,ql,1,0.538333,0.511334,0.570708,25
1,2,32,cpu,1,0.041583,0.041167,0.042291,25
1,2,32,simd_vals,1,1.555417,1.538375,1.562375,25
1,2,32,tg_vals,1,0.328000,0.311625,0.339875,25
1,2,32,block_vals,1,2.867375,2.719125,3.075958,25
1,2,32,ql_vals,1,0.403167,0.389209,0.423083,25
1,2,32,cpu_vals,1,0.023083,0.022500,0.025584,25
1,512,256,block,1,656.888042,653.910750,657.142771,3
1,512,256,cpu,1,88.270333,87.756208,89.485250,5
1,512,256,block_vals,1,501.844667,501.041251,502.462188,3
1,512,256,cpu_vals,1,42.336166,42.134375,42.852000,5
1,8,512,tg,1,601.657375,596.836604,602.553646,3
1,8,512,block,1,65.853083,65.657250,66.312375,5
1,8,512,cpu,1,12.522041,12.328667,12.673917,13
1,8,512,tridiag,1,46.613042,46.471000,46.830250,5
1,8,512,tg_vals,1,449.977375,449.951312,450.020854,3
1,8,512,block_vals,1,54.058125,53.541541,54.132000,5
1,8,512,cpu_vals,1,5.764708,5.696583,5.956041,25
1,8,512,tridiag_vals,1,34.669916,34.626166,34.950709,5
1,8,512,band8_vals,1,30.527250,30.298750,30.756333,5
1,8,512,band_vals,1,29.891292,29.662375,30.407020,6
1,8,512,band32_vals,1,43.001708,42.793500,43.005542,5
1,4096,96,block,1,302.796792,300.475646,303.526833,3
1,4096,96,cpu,1,82.907625,82.741375,84.570583,5
1,4096,96,block_vals,1,256.019125,252.335583,256.715834,5
1,4096,96,cpu_vals,1,45.356375,44.579709,45.618500,5
1,32,32,simd,1,1.727667,1.701417,1.764000,25
1,32,32,tg,1,0.424292,0.396291,0.436583,25
1,32,32,block,1,2.757125,2.721959,2.816500,25
1,32,32,ql,1,0.514125,0.496250,0.523666,25
1,32,32,cpu,1,0.169542,0.162459,0.186500,25
1,32,32,simd_vals,1,1.549792,1.533583,1.573041,25
1,32,32,tg_vals,1,0.402791,0.377708,0.445166,25
1,32,32,block_vals,1,2.710334,2.598125,2.771791,25
1,32,32,ql_vals,1,0.378000,0.373250,0.409000,25
1,32,32,cpu_vals,1,0.210541,0.141083,0.374084,25
1,8,192,tg,1,27.823208,27.771031,27.855698,6
1,8,192,block,1,10.135875,10.005813,10.195312,15
1,8,192,cpu,1,1.456750,1.445667,1.474167,25
1,8,192,tridiag,1,16.662917,16.547781,16.739813,10
1,8,192,tg_vals,1,25.820521,25.811844,25.833542,6
1,8,192,block_vals,1,9.646417,9.581646,9.695375,16
1,8,192,cpu_vals,1,0.770209,0.763292,0.783167,25
1,8,192,tridiag_vals,1,12.098959,12.087875,12.402250,13
1,64,768,block,1,2180.412875,2178.177396,2182.689333,3
1,64,768,cpu,1,156.194792,155.399416,158.054833,5
1,64,768,tridiag,1,583.307334,580.888187,583.541813,3
1,64,768,block_vals,1,1453.724292,1448.998417,1458.902146,3
1,64,768,cpu_vals,1,58.073750,57.895000,58.342458,5
1,64,768,tridiag_vals,1,451.171708,451.168625,452.586563,3
1,64,768,band8_vals,1,392.111375,391.886771,392.246104,3
1,64,768,band_vals,1,377.883541,377.877416,379.579291,3
1,64,768,band32_vals,1,549.570417,549.057250,549.696021,3
1,2048,8,simd,1,0.303459,0.294625,0.328667,25
1,2048,8,tg,1,0.313084,0.306375,0.322000,25
1,2048,8,ql,1,0.320875,0.315417,0.329000,25
1,2048,8,ql_share,1,0.524917,0.503083,0.549917,25
1,2048,8,cpu,1,0.425334,0.421125,0.435792,25
1,2048,8,simd_vals,1,0.286584,0.281625,0.303083,25
1,2048,8,tg_vals,1,0.283083,0.280542,0.296625,25
1,2048,8,ql_vals,1,0.250292,0.246833,0.267250,25
1,2048,8,ql_share_vals,1,0.306792,0.296792,0.326542,25
1,2048,8,cpu_vals,1,0.248542,0.233417,0.640292,25
1,512,384,block,1,2217.389250,2215.295354,2225.659438,3
1,512,384,cpu,1,204.170209,203.614459,205.065750,5
1,512,384,block_vals,1,1566.666791,1566.557104,1568.924583,3
1,512,384,cpu_vals,1,98.944834,98.137209,99.073250,5
1,256,8,simd,1,0.336459,0.309125,0.375042,25
1,256,8,tg,1,0.317625,0.183042,0.333167,25
1,256,8,ql,1,0.171916,0.165417,0.177875,25
1,256,8,ql_share,1,0.293625,0.282375,0.300959,25
1,256,8,cpu,1,0.124334,0.118208,0.128166,25
1,256,8,simd_vals,1,0.163250,0.160917,0.184875,25
1,256,8,tg_vals,1,0.163708,0.157333,0.173333,25
1,256,8,ql_vals,1,0.154333,0.149917,0.164583,25
1,256,8,ql_share_vals,1,0.263291,0.258667,0.266333,25
1,256,8,cpu_vals,1,0.086292,0.077000,0.305125,25
1,128,64,tg,1,5.940292,5.711958,6.079375,25
1,128,64,block,1,5.457917,5.382042,5.529209,25
1,128,64,ql,1,2.519000,2.481875,2.542208,25
1,128,64,ql_share,1,2.662167,2.628458,2.699167,25
1,128,64,cpu,1,1.341084,1.318209,1.346208,25
1,128,64,tg_vals,1,4.739250,4.713417,4.762291,25
1,128,64,block_vals,1,5.246917,5.144125,5.323083,25
1,128,64,ql_vals,1,1.976792,1.966625,2.028958,25
1,128,64,ql_share_vals,1,1.298959,1.263042,1.318250,25
1,128,64,cpu_vals,1,0.642542,0.579667,0.711542,25
1,4,64,tg,1,1.233375,1.195125,1.262959,25
1,4,64,block,1,3.256000,3.167083,3.312250,25
1,4,64,ql,1,1.314333,1.296750,1.340167,25
1,4,64,cpu,1,0.160416,0.158834,0.167167,25
1,4,64,tg_vals,1,1.123166,1.101125,1.149500,25
1,4,64,block_vals,1,3.169084,3.077959,3.235167,25
1,4,64,ql_vals,1,1.068417,1.051250,1.084458,25
1,4,64,cpu_vals,1,0.076041,0.075375,0.077333,25
1,128,512,block,1,1292.330125,1287.535813,1296.674104,3
1,128,512,cpu,1,112.682875,112.486084,113.935250,5
1,128,512,tridiag,1,725.001542,723.667021,728.860354,3
1,128,512,block_vals,1,910.872000,905.915750,912.381271,3
1,128,512,cpu_vals,1,46.942334,46.094792,46.953625,5
1,128,512,tridiag_vals,1,551.857625,551.356792,551.984688,3
1,128,512,band8_vals,1,462.040291,460.763354,462.980624,3
1,128,512,band_vals,1,446.143584,442.293583,448.195687,3
1,128,512,band32_vals,1,651.328959,644.529855,651.364292,3
1,4096,4,simd,1,0.252916,0.246083,0.261125,25
1,4096,4,tg,1,0.251958,0.237875,0.258542,25
1,4096,4,ql,1,0.237500,0.227333,0.248375,25
1,4096,4,ql_share,1,0.365125,0.356667,0.471625,25
1,4096,4,cpu,1,0.328833,0.325542,0.335333,25
1,4096,4,simd_vals,1,0.238708,0.226292,0.259625,25
1,4096,4,tg_vals,1,0.256750,0.243583,0.271375,25
1,4096,4,ql_vals,1,0.213000,0.201250,0.218250,25
1,4096,4,ql_share_vals,1,0.301375,0.280750,0.310166,25
1,4096,4,cpu_vals,1,0.201125,0.185333,0.651708,25
1,2,96,tg,1,3.623583,3.613583,3.633167,25
1,2,96,block,1,4.737083,4.673750,4.917500,25
1,2,96,cpu,1,0.304083,0.302916,0.305333,25
1,2,96,tg_vals,1,3.310292,3.277875,3.326291,25
1,2,96,block_vals,1,4.731125,4.553334,4.837000,25
1,2,96,cpu_vals,1,0.164916,0.163917,0.167000,25
1,512,128,tg,1,186.999417,186.646000,187.635167,5
1,512,128,block,1,87.088709,86.512208,87.133916,5
1,512,128,cpu,1,20.468187,20.241698,20.782688,8
1,512,128,tridiag,1,714.217459,711.835397,715.419813,3
1,512,128,tg_vals,1,160.959166,159.676417,161.243917,5
1,512,128,block_vals,1,71.363416,71.280167,71.724584,5
1,512,128,cpu_vals,1,10.427250,10.200792,10.511354,15
1,512,128,tridiag_vals,1,508.846209,507.601146,509.365688,3
1,1,512,tg,1,479.627333,478.975500,479.743875,3
1,1,512,block,1,29.694313,29.562312,29.816937,6
1,1,512,cpu,1,8.840250,8.697959,9.023708,17
1,1,512,tridiag,1,7.603396,7.576656,7.706646,20
1,1,512,tg_vals,1,448.899041,448.245770,449.000771,3
1,1,512,block_vals,1,28.616250,28.114667,28.996021,6
1,1,512,cpu_vals,1,4.193041,4.160875,4.214625,25
1,1,512,tridiag_vals,1,5.133458,5.043083,5.205167,25
1,1,512,band8_vals,1,5.866334,5.785209,5.944667,25
1,1,512,band_vals,1,5.587292,5.480167,5.707750,25
1,1,512,band32_vals,1,7.496833,7.342802,7.619573,20
1,2048,12,simd,1,0.811958,0.711792,0.830667,25
1,2048,12,tg,1,0.839416,0.782000,0.853541,25
1,2048,12,ql,1,0.537375,0.529584,0.544959,25
1,2048,12,ql_share,1,0.617583,0.593375,0.663916,25
1,2048,12,cpu,1,0.765000,0.715500,0.768667,25
1,2048,12,simd_vals,1,0.727583,0.687500,0.760792,25
1,2048,12,tg_vals,1,0.672708,0.658625,0.677542,25
1,2048,12,ql_vals,1,0.395125,0.385541,0.407375,25
1,2048,12,ql_share_vals,1,0.393834,0.374958,0.536000,25
1,2048,12,cpu_vals,1,0.396875,0.377958,0.639291,25
1,64,16,simd,1,0.348167,0.336833,0.366292,25
1,64,16,tg,1,0.249625,0.239291,0.264125,25
1,64,16,ql,1,0.254458,0.242542,0.262708,25
1,64,16,ql_share,1,0.351792,0.340667,0.358625,25
1,64,16,cpu,1,0.124459,0.120416,0.127208,25
1,64,16,simd_vals,1,0.299625,0.293417,0.310042,25
1,64,16,tg_vals,1,0.207959,0.203708,0.214042,25
1,64,16,ql_vals,1,0.202750,0.197916,0.222125,25
1,64,16,ql_share_vals,1,0.324625,0.317834,0.329083,25
1,64,16,cpu_vals,1,0.175000,0.078417,0.221958,25
1,16,8,simd,1,0.195958,0.178792,0.205917,25
1,16,8,tg,1,0.191084,0.183208,0.214584,25
1,16,8,ql,1,0.176792,0.164500,0.233083,25
1,16,8,cpu,1,0.037834,0.030917,0.038167,25
1,16,8,simd_vals,1,0.159542,0.156125,0.188667,25
1,16,8,tg_vals,1,0.161750,0.149375,0.171625,25
1,16,8,ql_vals,1,0.150625,0.142375,0.158708,25
1,16,8,cpu_vals,1,0.020500,0.020333,0.020750,25
1,2,12,simd,1,0.345500,0.313208,0.368833,25
1,2,12,tg,1,0.244416,0.222166,0.268334,25
1,2,12,ql,1,0.214042,0.196458,0.244792,25
1,2,12,cpu,1,0.012167,0.011583,0.013500,25
1,2,12,simd_vals,1,0.228709,0.211625,0.246166,25
1,2,12,tg_vals,1,0.175500,0.168791,0.184375,25
1,2,12,ql_vals,1,0.174625,0.164459,0.188291,25
1,2,12,cpu_vals,1,0.008458,0.008375,0.008583,25
1,512,32,simd,1,2.733333,2.691125,2.743291,25
1,512,32,tg,1,2.430291,2.406584,2.470917,25
1,512,32,block,1,4.423958,4.325375,4.551666,25
1,512,32,ql,1,1.019416,0.972125,1.028041,25
1,512,32,ql_share,1,1.225417,1.201292,1.265458,25
1,512,32,cpu,1,1.233083,1.215709,1.284083,25
1,512,32,simd_vals,1,2.690167,2.675958,2.726583,25
1,512,32,tg_vals,1,2.156583,2.132916,2.217583,25
1,512,32,block_vals,1,4.293917,4.120000,4.365333,25
1,512,32,ql_vals,1,0.724791,0.686833,0.764083,25
1,512,32,ql_share_vals,1,0.525583,0.515792,0.560083,25
1,512,32,cpu_vals,1,0.544583,0.509833,0.680375,25
1,8,12,simd,1,0.244666,0.236041,0.258292,25
1,8,12,tg,1,0.188750,0.182166,0.215750,25
1,8,12,ql,1,0.198750,0.190584,0.203792,25
1,8,12,cpu,1,0.030541,0.026000,0.035209,25
1,8,12,simd_vals,1,0.259292,0.253250,0.267000,25
1,8,12,tg_vals,1,0.188083,0.174042,0.196375,25
1,8,12,ql_vals,1,0.174208,0.167000,0.182333,25
1,8,12,cpu_vals,1,0.020875,0.019709,0.025625,25
1,128,24,simd,1,0.755334,0.735875,0.772375,25
1,128,24,tg,1,0.442334,0.433541,0.465292,25
1,128,24,ql,1,0.351250,0.348250,0.359167,25
1,128,24,ql_share,1,0.469958,0.464000,0.477542,25
1,128,24,cpu,1,0.288416,0.285958,0.316959,25
1,128,24,simd_vals,1,0.728500,0.694958,0.775125,25
1,128,24,tg_vals,1,0.422750,0.406375,0.448459,25
1,128,24,ql_vals,1,0.279708,0.276500,0.289459,25
1,128,24,ql_share_vals,1,0.397625,0.387167,0.405875,25
1,128,24,cpu_vals,1,0.173750,0.167084,0.180750,25
1,1,48,tg,1,0.710833,0.669917,0.740375,25
1,1,48,block,1,3.032292,2.991084,3.059375,25
1,1,48,ql,1,0.834458,0.822541,0.874083,25
1,1,48,cpu,1,0.076917,0.076834,0.077209,25
1,1,48,tg_vals,1,0.664417,0.632791,0.709000,25
1,1,48,block_vals,1,3.007875,2.990208,3.056167,25
1,1,48,ql_vals,1,0.711084,0.694167,0.766875,25
1,1,48,cpu_vals,1,0.034791,0.032666,0.035667,25
1,1,1024,block,1,103.958209,103.868792,104.004875,5
1,1,1024,cpu,1,40.595167,40.572167,40.643125,5
1,1,1024,tridiag,1,17.522208,17.202916,17.757792,9
1,1,1024,block_vals,1,92.905417,92.879000,93.135834,5
1,1,1024,cpu_vals,1,18.177875,18.141875,18.209292,9
1,1,1024,tridiag_vals,1,11.587792,11.558083,11.698334,13
1,1,1024,band8_vals,1,14.275625,13.995833,14.586417,11
1,1,1024,band_vals,1,12.989729,12.761563,13.172010,12
1,1,1024,band32_vals,1,17.015916,16.893083,17.079583,9
1,2,24,simd,1,0.730834,0.715667,0.765875,25
1,2,24,tg,1,0.257416,0.251958,0.262333,25
1,2,24,ql,1,0.334792,0.323709,0.370458,25
1,2,24,cpu,1,0.038875,0.038250,0.040083,25
1,2,24,simd_vals,1,0.728292,0.705625,0.762917,25
1,2,24,tg_vals,1,0.258667,0.251917,0.263500,25
1,2,24,ql_vals,1,0.275250,0.266584,0.288500,25
1,2,24,cpu_vals,1,0.020875,0.020208,0.021667,25
1,2,4,simd,1,0.140417,0.137333,0.144875,25
1,2,4,tg,1,0.143291,0.135333,0.147792,25
1,2,4,ql,1,0.144500,0.140666,0.171208,25
1,2,4,cpu,1,0.004834,0.003958,0.007917,25
1,2,4,simd_vals,1,0.145959,0.137209,0.184417,25
1,2,4,tg_vals,1,0.142583,0.134041,0.149417,25
1,2,4,ql_vals,1,0.139125,0.127917,0.145208,25
1,2,4,cpu_vals,1,0.003583,0.002292,0.004625,25
1,1,1536,block,1,255.680250,254.501792,256.248125,5
1,1,1536,cpu,1,99.121750,98.668042,99.308375,5
1,1,1536,tridiag,1,31.542792,31.348458,31.610500,5
1,1,1536,block_vals,1,211.530791,211.166208,211.645625,5
1,1,1536,cpu_vals,1,42.857584,42.836458,42.943583,5
1,1,1536,tridiag_vals,1,20.881605,20.842782,20.906730,8
1,1,1536,band8_vals,1,27.776229,27.103938,28.075208,6
1,1,1536,band_vals,1,22.724000,22.184708,23.314604,7
1,1,1536,band32_vals,1,27.830917,27.724282,28.969271,6
1,64,512,block,1,637.650459,637.312437,638.797792,3
1,64,512,cpu,1,57.563833,57.524375,57.972375,5
1,64,512,tridiag,1,364.254167,363.960521,364.478542,3
1,64,512,block_vals,1,444.744625,443.360104,448.064167,3
1,64,512,cpu_vals,1,23.904042,23.815354,23.938437,7
1,64,512,tridiag_vals,1,276.779250,276.146333,277.260958,5
1,64,512,band8_vals,1,231.522500,228.492542,232.359375,5
1,64,512,band_vals,1,223.292333,220.761667,223.675541,5
1,64,512,band32_vals,1,327.102459,326.734438,328.507313,3
1,128,2,simd,1,0.133667,0.126417,0.137000,25
1,128,2,tg,1,0.139417,0.133125,0.146375,25
1,128,2,ql,1,0.134583,0.123917,0.140500,25
1,128,2,ql_share,1,0.127375,0.119125,0.144000,25
1,128,2,cpu,1,0.057000,0.052292,0.058667,25
1,128,2,simd_vals,1,0.132750,0.127250,0.144042,25
1,128,2,tg_vals,1,0.135459,0.128417,0.138375,25
1,128,2,ql_vals,1,0.135625,0.129292,0.145375,25
1,128,2,ql_share_vals,1,0.129209,0.118750,0.145125,25
1,128,2,cpu_vals,1,0.025666,0.024417,0.026000,25
1,1,768,block,1,61.321042,61.179042,61.522667,5
1,1,768,cpu,1,18.579541,18.499333,18.949375,9
1,1,768,tridiag,1,12.393667,12.133250,12.521208,13
1,1,768,block_vals,1,56.888541,56.711667,57.034083,5
1,1,768,cpu_vals,1,9.822104,9.801948,9.833823,16
1,1,768,tridiag_vals,1,8.069500,8.010063,8.121708,19
1,1,768,band8_vals,1,9.652438,9.441125,10.075198,16
1,1,768,band_vals,1,9.071333,8.824166,9.391250,17
1,1,768,band32_vals,1,12.309792,12.243500,12.364875,13
1,4096,128,block,1,686.231167,674.968959,686.771396,3
1,4096,128,cpu,1,146.586083,146.524459,146.803125,5
1,4096,128,block_vals,1,559.702292,556.020396,559.771334,3
1,4096,128,cpu_vals,1,76.767000,76.674708,77.326583,5
1,16,32,simd,1,1.717583,1.701666,1.738875,25
1,16,32,tg,1,0.337792,0.330500,0.352708,25
1,16,32,block,1,2.736042,2.678291,2.854750,25
1,16,32,ql,1,0.499542,0.493041,0.527459,25
1,16,32,cpu,1,0.137541,0.134125,0.176375,25
1,16,32,simd_vals,1,1.545417,1.520542,1.579708,25
1,16,32,tg_vals,1,0.325459,0.316042,0.343417,25
1,16,32,block_vals,1,2.678833,2.595458,2.736250,25
1,16,32,ql_vals,1,0.374292,0.369750,0.418084,25
1,16,32,cpu_vals,1,0.084375,0.068750,0.187250,25
1,256,12,simd,1,0.248292,0.243416,0.257375,25
1,256,12,tg,1,0.253250,0.243292,0.272125,25
1,256,12,ql,1,0.202000,0.197750,0.211542,25
1,256,12,ql_share,1,0.351333,0.315792,0.361833,25
1,256,12,cpu,1,0.178625,0.174583,0.182417,25
1,256,12,simd_vals,1,0.240000,0.234708,0.255292,25
1,256,12,tg_vals,1,0.258791,0.239125,0.269166,25
1,256,12,ql_vals,1,0.178959,0.176458,0.183833,25
1,256,12,ql_share_vals,1,0.302333,0.283208,0.311959,25
1,256,12,cpu_vals,1,0.127333,0.124917,0.139917,25
1,128,48,tg,1,2.494042,2.455542,2.562958,25
1,128,48,block,1,5.258375,5.103292,5.330750,25
1,128,48,ql,1,0.956250,0.909292,0.964375,25
1,128,48,ql_share,1,1.001208,0.979583,1.046875,25
1,128,48,cpu,1,0.799625,0.785916,0.820875,25
1,128,48,tg_vals,1,2.251125,2.238958,2.317834,25
1,128,48,block_vals,1,4.947125,4.901666,5.051500,25
1,128,48,ql_vals,1,0.719250,0.699458,0.746583,25
1,128,48,ql_share_vals,1,0.825708,0.799791,0.852958,25
1,128,48,cpu_vals,1,0.411833,0.387167,0.678167,25
1,16,384,tg,1,364.306542,363.977125,364.475187,3
1,16,384,block,1,56.599375,56.441541,56.784583,5
1,16,384,cpu,1,7.944084,7.850291,8.063813,19
1,16,384,tridiag,1,65.452709,65.449709,66.188208,5
1,16,384,tg_vals,1,228.766958,228.034584,229.919208,5
1,16,384,block_vals,1,46.862667,46.586500,47.147334,5
1,16,384,cpu_vals,1,4.224458,4.194250,4.253917,25
1,16,384,tridiag_vals,1,51.082667,50.907458,51.488875,5
1,128,8,simd,1,0.166375,0.158750,0.190042,25
1,128,8,tg,1,0.161750,0.153458,0.179833,25
1,128,8,ql,1,0.158375,0.154542,0.181958,25
1,128,8,ql_share,1,0.273834,0.266250,0.281291,25
1,128,8,cpu,1,0.101417,0.091084,0.294750,25
1,128,8,simd_vals,1,0.156416,0.153750,0.170875,25
1,128,8,tg_vals,1,0.156958,0.147250,0.160708,25
1,128,8,ql_vals,1,0.157333,0.151542,0.165667,25
1,128,8,ql_share_vals,1,0.258083,0.247375,0.265875,25
1,128,8,cpu_vals,1,0.098833,0.062792,0.157792,25
1,2,1024,block,1,140.695250,140.559375,141.005791,5
1,2,1024,cpu,1,45.321833,44.969333,46.306917,5
1,2,1024,tridiag,1,28.269000,27.949375,29.195750,6
1,2,1024,block_vals,1,113.744708,113.691750,115.141875,5
1,2,1024,cpu_vals,1,19.351021,19.154083,19.397438,8
1,2,1024,tridiag_vals,1,22.171625,22.052791,22.209709,7
1,2,1024,band8_vals,1,23.356042,22.863146,23.703979,7
1,2,1024,band_vals,1,22.009334,21.692604,22.351375,7
1,2,1024,band32_vals,1,28.719167,28.527291,29.093760,6
1,8,96,tg,1,3.619292,3.605208,3.641000,25
1,8,96,block,1,4.928542,4.775500,5.036500,25
1,8,96,cpu,1,0.400500,0.397791,0.441958,25
1,8,96,tg_vals,1,3.340167,3.304583,3.352250,25
1,8,96,block_vals,1,4.706416,4.601000,4.850292,25
1,8,96,cpu_vals,1,0.235084,0.229208,0.283000,25
1,16,512,block,1,131.238125,130.135083,132.274000,5
1,16,512,cpu,1,16.486917,16.389989,17.010187,10
1,16,512,tridiag,1,91.573125,91.473166,91.845750,5
1,16,512,block_vals,1,95.831875,95.814333,96.050333,5
1,16,512,cpu_vals,1,7.704438,7.375792,7.766843,20
1,16,512,tridiag_vals,1,69.222958,68.553750,69.508333,5
1,16,512,band8_vals,1,58.931667,57.586541,59.228208,5
1,16,512,band_vals,1,57.586166,57.379625,57.639959,5
1,16,512,band32_vals,1,83.236209,83.030959,83.511042,5
1,2048,4,simd,1,0.199416,0.180833,0.234458,25
1,2048,4,tg,1,0.188959,0.181458,0.202125,25
1,2048,4,ql,1,0.177417,0.174250,0.190750,25
1,2048,4,ql_share,1,0.306084,0.293125,0.322666,25
1,2048,4,cpu,1,0.207000,0.199917,0.217334,25
1,2048,4,simd_vals,1,0.173917,0.168458,0.185291,25
1,2048,4,tg_vals,1,0.184834,0.179250,0.205916,25
1,2048,4,ql_vals,1,0.172250,0.167125,0.176375,25
1,2048,4,ql_share_vals,1,0.285750,0.275459,0.295791,25
1,2048,4,cpu_vals,1,0.145708,0.140208,0.152042,25
1,1,2560,block,1,1272.067417,1270.614438,1278.484000,3
1,1,2560,cpu,1,372.833375,372.289646,372.928958,3
1,1,2560,tridiag,1,79.908041,79.408667,80.112083,5
1,1,2560,block_vals,1,788.614583,783.369271,788.766229,3
1,1,2560,cpu_vals,1,134.179000,134.133458,134.256875,5
1,1,2560,tridiag_vals,1,58.789916,58.569041,59.391375,5
1,1,2560,band8_vals,1,71.819416,71.602375,72.496542,5
1,1,2560,band_vals,1,51.483917,51.027125,52.110042,5
1,1,2560,band32_vals,1,61.940667,61.502750,62.003916,5
1,1,8,simd,1,0.162667,0.150709,0.193334,25
1,1,8,tg,1,0.156458,0.153500,0.165708,25
1,1,8,ql,1,0.164750,0.156792,0.172625,25
1,1,8,cpu,1,0.002958,0.002917,0.002959,25
1,1,8,simd_vals,1,0.157709,0.145416,0.176125,25
1,1,8,tg_vals,1,0.160500,0.145541,0.187458,25
1,1,8,ql_vals,1,0.150125,0.141500,0.167667,25
1,1,8,cpu_vals,1,0.002292,0.002208,0.002584,25
1,16,256,tg,1,85.775792,85.489417,85.980625,5
1,16,256,block,1,20.887459,20.853865,20.990479,8
1,16,256,cpu,1,3.428500,3.400458,3.469708,25
1,16,256,tridiag,1,44.663208,44.593000,44.738083,5
1,16,256,tg_vals,1,61.686791,61.580625,61.772375,5
1,16,256,block_vals,1,18.110291,17.991542,18.246542,9
1,16,256,cpu_vals,1,1.812084,1.551875,2.089000,25
1,16,256,tridiag_vals,1,33.242042,32.620708,33.280583,5
1,512,16,simd,1,0.512042,0.502083,0.532875,25
1,512,16,tg,1,0.457417,0.451084,0.519708,25
1,512,16,ql,1,0.322458,0.315250,0.335250,25
1,512,16,ql_share,1,0.443792,0.427792,0.452375,25
1,512,16,cpu,1,0.399291,0.396500,0.402667,25
1,512,16,simd_vals,1,0.478000,0.463291,0.507916,25
1,512,16,tg_vals,1,0.442166,0.398041,0.450375,25
1,512,16,ql_vals,1,0.257792,0.254041,0.266000,25
1,512,16,ql_share_vals,1,0.372958,0.357334,0.382708,25
1,512,16,cpu_vals,1,0.215125,0.197166,0.651250,25
1,256,4,simd,1,0.145000,0.136167,0.155917,25
1,256,4,tg,1,0.144084,0.135166,0.156625,25
1,256,4,ql,1,0.144375,0.136542,0.154125,25
1,256,4,ql_share,1,0.246791,0.242042,0.255792,25
1,256,4,cpu,1,0.097041,0.077125,0.224959,25
1,256,4,simd_vals,1,0.142125,0.136334,0.153750,25
1,256,4,tg_vals,1,0.142750,0.136625,0.156709,25
1,256,4,ql_vals,1,0.138625,0.133500,0.143750,25
1,256,4,ql_share_vals,1,0.248667,0.243291,0.255959,25
1,256,4,cpu_vals,1,0.119958,0.075833,0.120916,25
1,128,32,simd,1,1.775959,1.744417,1.796500,25
1,128,32,tg,1,0.948041,0.938750,0.967125,25
1,128,32,block,1,3.052166,2.977458,3.078916,25
1,128,32,ql,1,0.542041,0.522542,0.565667,25
1,128,32,ql_share,1,0.646042,0.630958,0.655542,25
1,128,32,cpu,1,0.397625,0.393125,0.417750,25
1,128,32,simd_vals,1,1.596458,1.572625,1.612042,25
1,128,32,tg_vals,1,0.864500,0.843083,0.900834,25
1,128,32,block_vals,1,2.969500,2.911666,3.063250,25
1,128,32,ql_vals,1,0.408041,0.389708,0.439292,25
1,128,32,ql_share_vals,1,0.508583,0.499708,0.562792,25
1,128,32,cpu_vals,1,0.236500,0.187084,0.641583,25
1,4,48,tg,1,0.683917,0.655083,0.745792,25
1,4,48,block,1,3.193541,3.127708,3.242625,25
1,4,48,ql,1,0.836750,0.809708,0.863417,25
1,4,48,cpu,1,0.092167,0.091083,0.097042,25
1,4,48,tg_vals,1,0.641167,0.628750,0.702708,25
1,4,48,block_vals,1,3.162667,3.014917,3.218375,25
1,4,48,ql_vals,1,0.715083,0.697417,0.735958,25
1,4,48,cpu_vals,1,0.055792,0.051417,0.057791,25
1,4,32,simd,1,1.708291,1.692958,1.734500,25
1,4,32,tg,1,0.328792,0.323000,0.350500,25
1,4,32,block,1,2.773541,2.719833,2.884166,25
1,4,32,ql,1,0.529292,0.503500,0.547667,25
1,4,32,cpu,1,0.044417,0.043416,0.047125,25
1,4,32,simd_vals,1,1.574667,1.570500,1.616000,25
1,4,32,tg_vals,1,0.320958,0.312500,0.341250,25
1,4,32,block_vals,1,2.724041,2.608167,2.864750,25
1,4,32,ql_vals,1,0.384250,0.374125,0.412583,25
1,4,32,cpu_vals,1,0.024916,0.024250,0.026000,25
1,1024,4,simd,1,0.161458,0.157500,0.175500,25
1,1024,4,tg,1,0.165166,0.157416,0.175375,25
1,1024,4,ql,1,0.170792,0.156917,0.188916,25
1,1024,4,ql_share,1,0.293000,0.288083,0.303541,25
1,1024,4,cpu,1,0.147375,0.142458,0.157458,25
1,1024,4,simd_vals,1,0.158584,0.153834,0.167542,25
1,1024,4,tg_vals,1,0.162791,0.157916,0.174583,25
1,1024,4,ql_vals,1,0.153625,0.146750,0.157084,25
1,1024,4,ql_share_vals,1,0.274917,0.270709,0.281375,25
1,1024,4,cpu_vals,1,0.115292,0.109666,0.224208,25
1,512,192,block,1,282.153375,280.206917,283.731916,5
1,512,192,cpu,1,46.077750,45.585375,46.760875,5
1,512,192,block_vals,1,219.326208,218.872750,222.554625,5
1,512,192,cpu_vals,1,23.383916,23.319875,23.640833,7
1,64,48,tg,1,1.564125,1.548416,1.583041,25
1,64,48,block,1,3.837834,3.790625,3.965792,25
1,64,48,ql,1,0.881500,0.840625,0.926542,25
1,64,48,ql_share,1,0.999583,0.949000,1.019917,25
1,64,48,cpu,1,0.455750,0.444625,0.502292,25
1,64,48,tg_vals,1,1.425417,1.399208,1.474083,25
1,64,48,block_vals,1,3.667833,3.607083,3.800500,25
1,64,48,ql_vals,1,0.731667,0.706834,0.750542,25
1,64,48,ql_share_vals,1,0.838542,0.798750,0.855875,25
1,64,48,cpu_vals,1,0.257875,0.242959,0.646792,25
1,1,24,simd,1,0.782542,0.736541,0.815041,25
1,1,24,tg,1,0.250417,0.243500,0.269042,25
1,1,24,ql,1,0.339583,0.330458,0.355541,25
1,1,24,cpu,1,0.021750,0.021125,0.022375,25
1,1,24,simd_vals,1,0.692333,0.660084,0.711208,25
1,1,24,tg_vals,1,0.261459,0.253792,0.265084,25
1,1,24,ql_vals,1,0.281500,0.269083,0.290584,25
1,1,24,cpu_vals,1,0.007792,0.007750,0.007875,25
1,4,16,simd,1,0.312792,0.308458,0.326167,25
1,4,16,tg,1,0.212792,0.200417,0.219250,25
1,4,16,ql,1,0.248459,0.233542,0.269416,25
1,4,16,cpu,1,0.019458,0.018959,0.020333,25
1,4,16,simd_vals,1,0.302250,0.296375,0.315958,25
1,4,16,tg_vals,1,0.218583,0.196042,0.227750,25
1,4,16,ql_vals,1,0.203917,0.195250,0.234000,25
1,4,16,cpu_vals,1,0.015708,0.013542,0.016042,25
1,1,16,simd,1,0.317792,0.312875,0.335250,25
1,1,16,tg,1,0.217458,0.209125,0.230416,25
1,1,16,ql,1,0.236000,0.227792,0.250208,25
1,1,16,cpu,1,0.008667,0.008625,0.009084,25
1,1,16,simd_vals,1,0.301209,0.289541,0.311708,25
1,1,16,tg_vals,1,0.198834,0.194791,0.237709,25
1,1,16,ql_vals,1,0.214125,0.199334,0.241750,25
1,1,16,cpu_vals,1,0.004167,0.004125,0.004375,25
1,4096,2,simd,1,0.163125,0.155917,0.177500,25
1,4096,2,tg,1,0.168625,0.164875,0.195958,25
1,4096,2,ql,1,0.163792,0.153625,0.175625,25
1,4096,2,ql_share,1,0.282000,0.275792,0.292709,25
1,4096,2,cpu,1,0.187500,0.184041,0.195375,25
1,4096,2,simd_vals,1,0.151083,0.146625,0.156750,25
1,4096,2,tg_vals,1,0.171792,0.162083,0.195584,25
1,4096,2,ql_vals,1,0.154500,0.149583,0.158667,25
1,4096,2,ql_share_vals,1,0.278084,0.252875,0.287208,25
1,4096,2,cpu_vals,1,0.131875,0.127625,0.144375,25
1,256,384,block,1,1097.047875,1089.591229,1099.540729,3
1,256,384,cpu,1,101.968167,101.928458,103.054625,5
1,256,384,block_vals,1,796.077625,792.880833,797.263354,3
1,256,384,cpu_vals,1,49.478500,49.418375,49.583666,5
1,8,4,simd,1,0.232209,0.199250,0.302959,25
1,8,4,tg,1,0.209875,0.197833,0.235959,25
1,8,4,ql,1,0.221417,0.203958,0.245459,25
1,8,4,cpu,1,0.008083,0.008000,0.008500,25
1,8,4,simd_vals,1,0.146083,0.141666,0.199000,25
1,8,4,tg_vals,1,0.145833,0.137458,0.157208,25
1,8,4,ql_vals,1,0.133541,0.128084,0.148500,25
1,8,4,cpu_vals,1,0.005417,0.005250,0.005625,25
1,16,48,tg,1,0.747792,0.706375,0.757458,25
1,16,48,block,1,3.260042,3.136791,3.307792,25
1,16,48,ql,1,0.876625,0.839542,0.909875,25
1,16,48,cpu,1,0.210417,0.205166,0.218709,25
1,16,48,tg_vals,1,0.659916,0.636875,0.706541,25
1,16,48,block_vals,1,3.228000,3.135000,3.272958,25
1,16,48,ql_vals,1,0.722584,0.699584,0.747500,25
1,16,48,cpu_vals,1,0.151875,0.146542,0.557875,25
1,256,32,simd,1,1.881458,1.862792,1.927500,25
1,256,32,tg,1,1.526375,1.496000,1.558625,25
1,256,32,block,1,3.385166,3.338084,3.461083,25
1,256,32,ql,1,0.557458,0.546667,0.567583,25
1,256,32,ql_share,1,0.680958,0.675292,0.696208,25
1,256,32,cpu,1,0.663417,0.638500,0.701125,25
1,256,32,simd_vals,1,1.682666,1.663750,1.718875,25
1,256,32,tg_vals,1,1.378333,1.363000,1.399959,25
1,256,32,block_vals,1,3.369375,3.316541,3.462250,25
1,256,32,ql_vals,1,0.426500,0.394833,0.454000,25
1,256,32,ql_share_vals,1,0.519625,0.510584,0.532125,25
1,256,32,cpu_vals,1,0.316792,0.290708,0.646042,25
1,1,12,simd,1,0.228708,0.219042,0.256292,25
1,1,12,tg,1,0.188167,0.172667,0.196000,25
1,1,12,ql,1,0.237166,0.202583,0.266208,25
1,1,12,cpu,1,0.005417,0.005375,0.005708,25
1,1,12,simd_vals,1,0.208541,0.201125,0.220833,25
1,1,12,tg_vals,1,0.178417,0.168292,0.180958,25
1,1,12,ql_vals,1,0.173583,0.163208,0.184833,25
1,1,12,cpu_vals,1,0.003125,0.003084,0.003166,25
1,2,64,tg,1,1.214708,1.193834,1.234000,25
1,2,64,block,1,3.250791,3.148375,3.320959,25
1,2,64,ql,1,1.305125,1.291958,1.338792,25
1,2,64,cpu,1,0.153917,0.150500,0.158459,25
1,2,64,tg_vals,1,1.122708,1.092542,1.145167,25
1,2,64,block_vals,1,3.178792,3.094959,3.231042,25
1,2,64,ql_vals,1,1.089334,1.065917,1.099792,25
1,2,64,cpu_vals,1,0.067125,0.066250,0.069708,25
1,4,24,simd,1,0.730375,0.707666,0.790917,25
1,4,24,tg,1,0.254125,0.245958,0.269625,25
1,4,24,ql,1,0.348666,0.340209,0.358959,25
1,4,24,cpu,1,0.034000,0.033042,0.036125,25
1,4,24,simd_vals,1,0.732917,0.685083,0.756292,25
1,4,24,tg_vals,1,0.251541,0.240916,0.260542,25
1,4,24,ql_vals,1,0.284792,0.273875,0.290292,25
1,4,24,cpu_vals,1,0.019208,0.018750,0.019709,25
1,1024,64,tg,1,39.500208,39.384584,40.190917,5
1,1024,64,block,1,24.540375,24.472292,24.858271,7
1,1024,64,ql,1,11.366375,11.257604,11.612104,14
1,1024,64,ql_share,1,6.362334,6.300499,6.376437,24
1,1024,64,cpu,1,10.392083,10.368084,10.515812,15
1,1024,64,tg_vals,1,35.230417,35.166750,35.318208,5
1,1024,64,block_vals,1,22.644917,22.469333,22.786605,7
1,1024,64,ql_vals,1,8.485271,8.394323,8.610417,18
1,1024,64,ql_share_vals,1,4.099125,3.247125,4.141916,25
1,1024,64,cpu_vals,1,4.536791,4.194750,4.595125,25
1,1,384,tg,1,202.924000,202.895834,203.804500,5
1,1,384,block,1,20.562500,20.407083,20.677823,8
1,1,384,cpu,1,4.636209,4.509417,4.791375,25
1,1,384,tridiag,1,5.245583,5.162708,5.399042,25
1,1,384,tg_vals,1,191.399083,191.348291,191.546709,5
1,1,384,block_vals,1,19.336646,19.239698,19.508563,8
1,1,384,cpu_vals,1,2.404084,2.395959,2.417833,25
1,1,384,tridiag_vals,1,3.999000,3.987458,4.016458,25
1,512,12,simd,1,0.343167,0.329500,0.353083,25
1,512,12,tg,1,0.309834,0.305458,0.325125,25
1,512,12,ql,1,0.254791,0.242000,0.268167,25
1,512,12,ql_share,1,0.385000,0.365708,0.393667,25
1,512,12,cpu,1,0.276708,0.274000,0.279500,25
1,512,12,simd_vals,1,0.309708,0.302791,0.322000,25
1,512,12,tg_vals,1,0.288291,0.283417,0.302333,25
1,512,12,ql_vals,1,0.227167,0.204208,0.253000,25
1,512,12,ql_share_vals,1,0.339500,0.328375,0.348584,25
1,512,12,cpu_vals,1,0.163709,0.141292,0.627625,25
1,32,384,tg,1,919.256833,915.915917,919.700812,3
1,32,384,block,1,122.882583,122.370875,122.948542,5
1,32,384,cpu,1,14.893417,14.806448,15.407125,10
1,32,384,tridiag,1,133.250041,133.223709,133.617416,5
1,32,384,tg_vals,1,497.409083,496.652563,497.718187,3
1,32,384,block_vals,1,82.775584,81.642417,82.801084,5
1,32,384,cpu_vals,1,7.662958,7.254041,7.721792,21
1,32,384,tridiag_vals,1,103.571667,103.340333,103.793000,5
1,64,12,simd,1,0.256583,0.245916,0.274583,25
1,64,12,tg,1,0.190041,0.180375,0.222458,25
1,64,12,ql,1,0.201666,0.189834,0.210750,25
1,64,12,ql_share,1,0.301209,0.295333,0.308667,25
1,64,12,cpu,1,0.112500,0.098333,0.296500,25
1,64,12,simd_vals,1,0.257416,0.237333,0.265417,25
1,64,12,tg_vals,1,0.189083,0.181250,0.192667,25
1,64,12,ql_vals,1,0.177667,0.170041,0.182083,25
1,64,12,ql_share_vals,1,0.125458,0.116958,0.139375,25
1,64,12,cpu_vals,1,0.148500,0.067625,0.151292,25
1,4096,48,tg,1,62.695542,61.650417,62.716542,5
1,4096,48,block,1,86.492500,86.462417,86.924500,5
1,4096,48,ql,1,15.600938,15.433938,15.734281,10
1,4096,48,ql_share,1,10.781041,10.624302,10.996000,14
1,4096,48,cpu,1,22.541500,22.436084,22.806875,7
1,4096,48,tg_vals,1,53.625625,53.335291,53.685666,5
1,4096,48,block_vals,1,78.163750,78.007833,78.429209,5
1,4096,48,ql_vals,1,11.537000,11.460458,11.623334,14
1,4096,48,ql_share_vals,1,6.531750,6.431010,6.802948,22
1,4096,48,cpu_vals,1,10.015167,9.951938,10.259542,15
1,1,256,tg,1,55.013291,54.967292,55.035625,5
1,1,256,block,1,11.551375,11.450667,11.692125,13
1,1,256,cpu,1,2.257875,2.208041,2.296167,25
1,1,256,tridiag,1,3.307208,3.269709,3.468917,25
1,1,256,tg_vals,1,54.253250,54.165875,54.285666,5
1,1,256,block_vals,1,11.538000,11.471000,11.602125,13
1,1,256,cpu_vals,1,1.063458,1.059125,1.070667,25
1,1,256,tridiag_vals,1,2.477250,2.427625,2.529375,25
1,64,32,simd,1,1.726750,1.697750,1.746750,25
1,64,32,tg,1,0.556208,0.536167,0.589334,25
1,64,32,block,1,2.894000,2.794917,2.994791,25
1,64,32,ql,1,0.518875,0.507166,0.539917,25
1,64,32,ql_share,1,0.637667,0.632708,0.647208,25
1,64,32,cpu,1,0.251459,0.243583,0.287417,25
1,64,32,simd_vals,1,1.572625,1.554209,1.597459,25
1,64,32,tg_vals,1,0.516916,0.498625,0.539125,25
1,64,32,block_vals,1,2.795709,2.730667,2.884833,25
1,64,32,ql_vals,1,0.417792,0.386917,0.448833,25
1,64,32,ql_share_vals,1,0.504167,0.497625,0.593292,25
1,64,32,cpu_vals,1,0.157166,0.153375,0.160667,25
1,512,8,simd,1,0.208500,0.184458,0.222458,25
1,512,8,tg,1,0.191833,0.177542,0.202000,25
1,512,8,ql,1,0.184166,0.178250,0.197375,25
1,512,8,ql_share,1,0.316209,0.310875,0.321959,25
1,512,8,cpu,1,0.167333,0.164875,0.168750,25
1,512,8,simd_vals,1,0.188917,0.182542,0.194625,25
1,512,8,tg_vals,1,0.185500,0.177459,0.190917,25
1,512,8,ql_vals,1,0.173500,0.167500,0.176958,25
1,512,8,ql_share_vals,1,0.301250,0.284250,0.314333,25
1,512,8,cpu_vals,1,0.122625,0.119541,0.125542,25
1,128,4,simd,1,0.144208,0.139666,0.151250,25
1,128,4,tg,1,0.147875,0.140375,0.156500,25
1,128,4,ql,1,0.145000,0.137000,0.153125,25
1,128,4,ql_share,1,0.240875,0.166833,0.248458,25
1,128,4,cpu,1,0.117166,0.112291,0.117917,25
1,128,4,simd_vals,1,0.140875,0.131125,0.144125,25
1,128,4,tg_vals,1,0.143541,0.131459,0.151750,25
1,128,4,ql_vals,1,0.143750,0.135542,0.148833,25
1,128,4,ql_share_vals,1,0.132042,0.126875,0.148917,25
1,128,4,cpu_vals,1,0.063250,0.061083,0.064208,25
1,64,2,simd,1,0.135583,0.130917,0.146542,25
1,64,2,tg,1,0.138041,0.127208,0.148500,25
1,64,2,ql,1,0.135834,0.126250,0.145709,25
1,64,2,ql_share,1,0.127833,0.123333,0.135500,25
1,64,2,cpu,1,0.029416,0.029125,0.029666,25
1,64,2,simd_vals,1,0.140167,0.129083,0.151167,25
1,64,2,tg_vals,1,0.138125,0.131083,0.144833,25
1,64,2,ql_vals,1,0.133583,0.131917,0.140542,25
1,64,2,ql_share_vals,1,0.114750,0.109459,0.121084,25
1,64,2,cpu_vals,1,0.017167,0.016417,0.018083,25
1,4,8,simd,1,0.174250,0.171250,0.178500,25
1,4,8,tg,1,0.185500,0.178959,0.198292,25
1,4,8,ql,1,0.182208,0.175750,0.200500,25
1,4,8,cpu,1,0.014584,0.013667,0.016125,25
1,4,8,simd_vals,1,0.166000,0.162000,0.171084,25
1,4,8,tg_vals,1,0.170833,0.165000,0.192166,25
1,4,8,ql_vals,1,0.161250,0.154959,0.177542,25
1,4,8,cpu_vals,1,0.011375,0.008375,0.012750,25
1,128,256,block,1,161.804666,161.743125,162.688042,5
1,128,256,cpu,1,22.792625,22.739104,22.951417,7
1,128,256,tridiag,1,354.498375,353.471625,354.957000,3
1,128,256,block_vals,1,117.780750,117.534167,117.913333,5
1,128,256,cpu_vals,1,11.017333,10.926479,11.255740,14
1,128,256,tridiag_vals,1,263.788625,263.633625,268.065625,5
1,1024,12,simd,1,0.487375,0.469000,0.545583,25
1,1024,12,tg,1,0.460625,0.454958,0.472000,25
1,1024,12,ql,1,0.344792,0.337417,0.354333,25
1,1024,12,ql_share,1,0.603417,0.557625,0.627041,25
1,1024,12,cpu,1,0.436667,0.432750,0.453459,25
1,1024,12,simd_vals,1,0.438000,0.416750,0.463250,25
1,1024,12,tg_vals,1,0.441458,0.415750,0.477750,25
1,1024,12,ql_vals,1,0.263167,0.261917,0.277791,25
1,1024,12,ql_share_vals,1,0.315667,0.307416,0.329750,25
1,1024,12,cpu_vals,1,0.232875,0.218500,0.637250,25
1,64,192,tg,1,147.332166,146.740125,148.066000,5
1,64,192,block,1,31.806750,31.681458,31.923042,5
1,64,192,cpu,1,6.484542,6.365625,6.738708,23
1,64,192,tridiag,1,130.060041,129.028875,130.943750,5
1,64,192,tg_vals,1,84.651667,83.733416,86.462625,5
1,64,192,block_vals,1,27.965626,27.860146,28.023698,6
1,64,192,cpu_vals,1,3.532917,3.041834,3.556000,25
1,64,192,tridiag_vals,1,98.113209,98.074292,98.381834,5
1,256,64,tg,1,10.945625,10.705896,11.456772,14
1,256,64,block,1,7.854667,7.826896,8.052084,19
1,256,64,ql,1,3.705334,3.681042,3.731166,25
1,256,64,ql_share,1,2.732958,2.660625,2.807375,25
1,256,64,cpu,1,2.594875,2.552542,3.137292,25
1,256,64,tg_vals,1,9.025833,8.783333,9.167250,17
1,256,64,block_vals,1,7.519104,7.437468,7.702469,20
1,256,64,ql_vals,1,2.877083,2.844208,2.902750,25
1,256,64,ql_share_vals,1,2.414542,2.123333,2.637667,25
1,256,64,cpu_vals,1,1.168166,1.092375,1.758250,25
1,8,64,tg,1,1.226833,1.203166,1.269917,25
1,8,64,block,1,3.270667,3.151375,3.325875,25
1,8,64,ql,1,1.351375,1.322459,1.370458,25
1,8,64,cpu,1,0.261583,0.254042,0.266250,25
1,8,64,tg_vals,1,1.132166,1.112792,1.174625,25
1,8,64,block_vals,1,3.198416,3.115042,3.291584,25
1,8,64,ql_vals,1,1.096500,1.074542,1.131833,25
1,8,64,cpu_vals,1,0.139542,0.134458,0.141583,25
1,128,384,block,1,549.470250,546.374041,550.600042,3
1,128,384,cpu,1,52.452334,52.276625,53.089709,5
1,128,384,tridiag,1,537.716709,537.682271,537.886604,3
1,128,384,block_vals,1,394.649375,393.709729,394.900417,3
1,128,384,cpu_vals,1,24.914666,24.798355,25.032063,7
1,128,384,tridiag_vals,1,412.066750,411.585645,412.095104,3
1,4,4,simd,1,0.145084,0.136792,0.152541,25
1,4,4,tg,1,0.148375,0.140916,0.154667,25
1,4,4,ql,1,0.143750,0.137792,0.153584,25
1,4,4,cpu,1,0.008833,0.007667,0.011167,25
1,4,4,simd_vals,1,0.144750,0.139375,0.154167,25
1,4,4,tg_vals,1,0.148708,0.138000,0.205333,25
1,4,4,ql_vals,1,0.142125,0.135708,0.152250,25
1,4,4,cpu_vals,1,0.006792,0.005333,0.008542,25
1,64,64,tg,1,3.251625,3.218625,3.307250,25
1,64,64,block,1,3.889166,3.794834,3.927458,25
1,64,64,ql,1,1.403375,1.389458,1.435791,25
1,64,64,ql_share,1,1.538209,1.522208,1.597500,25
1,64,64,cpu,1,0.706208,0.703209,0.719750,25
1,64,64,tg_vals,1,2.879583,2.865166,2.932375,25
1,64,64,block_vals,1,3.750333,3.652167,3.824750,25
1,64,64,ql_vals,1,1.115125,1.095958,1.130500,25
1,64,64,ql_share_vals,1,1.264166,1.233250,1.284708,25
1,64,64,cpu_vals,1,0.373334,0.338625,0.669333,25
1,1,192,tg,1,24.505625,24.502458,24.581688,7
1,1,192,block,1,8.847208,8.748500,8.913500,17
1,1,192,cpu,1,1.195042,1.179500,1.203208,25
1,1,192,tridiag,1,2.463042,2.431459,2.495167,25
1,1,192,tg_vals,1,23.259917,23.216083,23.263334,7
1,1,192,block_vals,1,8.848250,8.728958,8.872084,17
1,1,192,cpu_vals,1,0.589500,0.586166,0.595292,25
1,1,192,tridiag_vals,1,1.752917,1.731208,1.850833,25
1,1,128,tg,1,7.911542,7.884917,7.919125,19
1,1,128,block,1,5.953875,5.829583,6.046750,25
1,1,128,cpu,1,0.490250,0.485584,0.494750,25
1,1,128,tridiag,1,1.626250,1.610708,1.655625,25
1,1,128,tg_vals,1,7.198667,7.185959,7.220292,21
1,1,128,block_vals,1,5.720750,5.600417,5.831125,25
1,1,128,cpu_vals,1,0.263417,0.262834,0.267084,25
1,1,128,tridiag_vals,1,1.079166,1.068750,1.097042,25
1,8,2,simd,1,0.137500,0.128416,0.144917,25
1,8,2,tg,1,0.127375,0.125833,0.141709,25
1,8,2,ql,1,0.134541,0.125458,0.143708,25
1,8,2,cpu,1,0.005917,0.005334,0.011917,25
1,8,2,simd_vals,1,0.135625,0.129209,0.144167,25
1,8,2,tg_vals,1,0.143667,0.130833,0.170666,25
1,8,2,ql_vals,1,0.135917,0.124541,0.144916,25
1,8,2,cpu_vals,1,0.003833,0.003250,0.010084,25
1,8,48,tg,1,0.687083,0.636000,0.729500,25
1,8,48,block,1,3.259875,3.129625,3.313958,25
1,8,48,ql,1,0.861666,0.830375,0.879667,25
1,8,48,cpu,1,0.192667,0.181042,0.197500,25
1,8,48,tg_vals,1,0.664125,0.635458,0.709250,25
1,8,48,block_vals,1,3.247416,3.104208,3.322041,25
1,8,48,ql_vals,1,0.730958,0.695292,0.779792,25
1,8,48,cpu_vals,1,0.091542,0.090666,0.094500,25
1,8,768,block,1,234.993541,233.766417,236.369917,5
1,8,768,cpu,1,28.418042,27.720584,28.944657,6
1,8,768,tridiag,1,75.110500,74.453166,75.112208,5
1,8,768,block_vals,1,151.603959,151.480459,152.758709,5
1,8,768,cpu_vals,1,14.034375,13.929437,14.329375,11
1,8,768,tridiag_vals,1,58.105500,57.866333,58.677042,5
1,8,768,band8_vals,1,52.094125,51.734084,52.189375,5
1,8,768,band_vals,1,50.459959,50.375458,50.836833,5
1,8,768,band32_vals,1,71.510625,70.746625,72.012625,5
1,256,24,simd,1,0.828000,0.787542,0.862625,25
1,256,24,tg,1,0.736875,0.703583,0.787208,25
1,256,24,ql,1,0.389167,0.369084,0.410166,25
1,256,24,ql_share,1,0.505750,0.497541,0.515666,25
1,256,24,cpu,1,0.464084,0.459709,0.472958,25
1,256,24,simd_vals,1,0.709875,0.692125,0.743209,25
1,256,24,tg_vals,1,0.678708,0.656084,0.707875,25
1,256,24,ql_vals,1,0.288625,0.282166,0.302167,25
1,256,24,ql_share_vals,1,0.414125,0.405959,0.428416,25
1,256,24,cpu_vals,1,0.230666,0.214708,0.239625,25
1,4,128,tg,1,7.888333,7.874750,7.901750,19
1,4,128,block,1,6.026333,5.917458,6.091875,25
1,4,128,cpu,1,0.577500,0.570791,0.584291,25
1,4,128,tridiag,1,5.552541,5.499792,5.646834,25
1,4,128,tg_vals,1,7.220291,7.197542,7.235833,21
1,4,128,block_vals,1,5.883625,5.784667,5.957792,25
1,4,128,cpu_vals,1,0.308583,0.306209,0.311708,25
1,4,128,tridiag_vals,1,4.054292,4.021459,4.202250,25
1,2,48,tg,1,0.664542,0.641459,0.699292,25
1,2,48,block,1,3.124333,3.075500,3.237000,25
1,2,48,ql,1,0.833125,0.819833,0.864584,25
1,2,48,cpu,1,0.090833,0.087958,0.097042,25
1,2,48,tg_vals,1,0.669667,0.643209,0.707667,25
1,2,48,block_vals,1,3.082667,3.007583,3.145083,25
1,2,48,ql_vals,1,0.739167,0.717709,0.773166,25
1,2,48,cpu_vals,1,0.044833,0.044584,0.045291,25
1,256,16,simd,1,0.338083,0.331000,0.350459,25
1,256,16,tg,1,0.320083,0.311375,0.336916,25
1,256,16,ql,1,0.261708,0.256375,0.269208,25
1,256,16,ql_share,1,0.399792,0.357750,0.412959,25
1,256,16,cpu,1,0.259792,0.251750,0.266458,25
1,256,16,simd_vals,1,0.313250,0.306167,0.331334,25
1,256,16,tg_vals,1,0.299542,0.291542,0.307708,25
1,256,16,ql_vals,1,0.211042,0.203459,0.232958,25
1,256,16,ql_share_vals,1,0.362792,0.359333,0.374833,25
1,256,16,cpu_vals,1,0.162292,0.158583,0.182666,25
1,1,2048,block,1,615.204417,614.938500,615.919188,3
1,1,2048,cpu,1,237.822583,235.849333,239.274667,5
1,1,2048,tridiag,1,52.870084,52.357917,53.636083,5
1,1,2048,block_vals,1,430.511542,429.075604,431.741917,3
1,1,2048,cpu_vals,1,82.602167,82.578959,82.657208,5
1,1,2048,tridiag_vals,1,36.942375,36.935750,37.076834,5
1,1,2048,band8_vals,1,48.504375,48.093791,48.526125,5
1,1,2048,band_vals,1,37.512292,37.498208,37.657583,5
1,1,2048,band32_vals,1,46.831000,46.417542,47.160084,5
1,8,8,simd,1,0.181125,0.156500,0.255792,25
1,8,8,tg,1,0.164500,0.154125,0.192667,25
1,8,8,ql,1,0.155583,0.152125,0.168000,25
1,8,8,cpu,1,0.021250,0.019583,0.024459,25
1,8,8,simd_vals,1,0.159500,0.151375,0.174458,25
1,8,8,tg_vals,1,0.158750,0.153000,0.167125,25
1,8,8,ql_vals,1,0.156125,0.144875,0.164833,25
1,8,8,cpu_vals,1,0.017875,0.012083,0.021000,25
1,2048,32,simd,1,11.167854,11.076667,11.372968,14
1,2048,32,tg,1,8.650917,8.425250,8.702427,18
1,2048,32,block,1,9.989209,9.808198,10.074114,16
1,2048,32,ql,1,2.556625,2.507916,2.651375,25
1,2048,32,ql_share,1,2.407958,2.377625,2.470250,25
1,2048,32,cpu,1,5.113834,4.826042,5.268042,25
1,2048,32,simd_vals,1,7.992667,7.774771,8.347229,19
1,2048,32,tg_vals,1,7.531000,7.492260,7.586771,20
1,2048,32,block_vals,1,9.230791,9.065041,9.320208,17
1,2048,32,ql_vals,1,1.653000,1.625167,1.682709,25
1,2048,32,ql_share_vals,1,1.302916,1.279625,1.336541,25
1,2048,32,cpu_vals,1,1.803834,1.774584,2.183208,25
1,2048,128,block,1,350.399500,348.005688,357.663125,3
1,2048,128,cpu,1,77.577709,76.706750,77.683584,5
1,2048,128,block_vals,1,285.075375,284.875625,285.520333,5
1,2048,128,cpu_vals,1,40.037792,39.669833,40.742709,5
1,32,64,tg,1,1.783875,1.772500,1.838750,25
1,32,64,block,1,3.472833,3.376500,3.554667,25
1,32,64,ql,1,1.375000,1.349291,1.391458,25
1,32,64,cpu,1,0.461792,0.450000,0.470917,25
1,32,64,tg_vals,1,1.638666,1.628417,1.646417,25
1,32,64,block_vals,1,3.379958,3.253167,3.462917,25
1,32,64,ql_vals,1,1.113417,1.092917,1.137667,25
1,32,64,cpu_vals,1,0.253542,0.227666,0.576375,25
1,2048,2,simd,1,0.153750,0.142958,0.169167,25
1,2048,2,tg,1,0.147541,0.142875,0.166167,25
1,2048,2,ql,1,0.143583,0.139458,0.148083,25
1,2048,2,ql_share,1,0.282917,0.272125,0.302084,25
1,2048,2,cpu,1,0.131500,0.130125,0.137125,25
1,2048,2,simd_vals,1,0.141875,0.139333,0.149291,25
1,2048,2,tg_vals,1,0.147084,0.143958,0.151542,25
1,2048,2,ql_vals,1,0.141292,0.139000,0.143625,25
1,2048,2,ql_share_vals,1,0.270541,0.261042,0.287042,25
1,2048,2,cpu_vals,1,0.263958,0.104667,0.285125,25
1,1024,256,block,1,1321.945958,1319.887187,1323.027437,3
1,1024,256,cpu,1,167.768625,167.467542,169.265458,5
1,1024,256,block_vals,1,981.073417,976.319875,981.144666,3
1,1024,256,cpu_vals,1,80.581542,79.280500,81.659583,5
1,2048,96,tg,1,290.207667,287.313334,290.283417,5
1,2048,96,block,1,152.753708,152.554625,152.939250,5
1,2048,96,cpu,1,46.216625,46.109584,46.334541,5
1,2048,96,tg_vals,1,254.564541,254.175542,254.835000,5
1,2048,96,block_vals,1,128.086750,126.753542,128.283084,5
1,2048,96,cpu_vals,1,23.640958,23.072854,24.086188,7
1,128,96,tg,1,19.560334,19.337084,19.851271,8
1,128,96,block,1,11.417979,11.263063,11.552813,14
1,128,96,cpu,1,3.089833,3.040958,3.560292,25
1,128,96,tg_vals,1,17.824667,17.633542,18.162875,9
1,128,96,block_vals,1,10.644250,10.585708,10.813542,15
1,128,96,cpu_vals,1,2.027667,1.621125,2.097041,25
1,2,2,simd,1,0.134875,0.127333,0.145334,25
1,2,2,tg,1,0.137792,0.130417,0.141792,25
1,2,2,ql,1,0.136792,0.125500,0.146833,25
1,2,2,cpu,1,0.002833,0.002084,0.003333,25
1,2,2,simd_vals,1,0.138250,0.122292,0.163250,25
1,2,2,tg_vals,1,0.133083,0.128625,0.145667,25
1,2,2,ql_vals,1,0.134917,0.123084,0.146167,25
1,2,2,cpu_vals,1,0.001917,0.001584,0.002583,25
1,8,16,simd,1,0.332125,0.314833,0.353791,25
1,8,16,tg,1,0.202541,0.198167,0.217750,25
1,8,16,ql,1,0.258958,0.249042,0.268833,25
1,8,16,cpu,1,0.037167,0.033375,0.043917,25
1,8,16,simd_vals,1,0.297083,0.290334,0.306042,25
1,8,16,tg_vals,1,0.208042,0.195125,0.231958,25
1,8,16,ql_vals,1,0.195750,0.192083,0.212333,25
1,8,16,cpu_vals,1,0.024625,0.022208,0.029208,25
1,1,2,simd,1,0.135000,0.130292,0.156084,25
1,1,2,tg,1,0.136042,0.131500,0.140750,25
1,1,2,ql,1,0.133291,0.129250,0.136291,25
1,1,2,cpu,1,0.001083,0.001042,0.001208,25
1,1,2,simd_vals,1,0.133208,0.126291,0.142584,25
1,1,2,tg_vals,1,0.150083,0.133375,0.174792,25
1,1,2,ql_vals,1,0.124250,0.121084,0.138416,25
1,1,2,cpu_vals,1,0.001208,0.001125,0.001458,25
1,2,768,block,1,75.868583,75.788708,75.985875,5
1,2,768,cpu,1,20.933562,20.634916,21.069948,8
1,2,768,tridiag,1,19.505251,19.239948,19.620895,8
1,2,768,block_vals,1,66.510834,66.303834,66.551292,5
1,2,768,cpu_vals,1,10.425375,10.278354,10.480041,15
1,2,768,tridiag_vals,1,15.207604,15.147386,15.278583,10
1,2,768,band8_vals,1,15.722667,15.648177,15.842197,10
1,2,768,band_vals,1,15.109834,14.994261,15.244333,10
1,2,768,band32_vals,1,20.654834,20.463698,20.903281,8
1,1024,48,tg,1,15.936584,15.577177,16.276145,10
1,1024,48,block,1,23.216292,23.160729,23.306083,7
1,1024,48,ql,1,4.482333,4.452833,4.546375,25
1,1024,48,ql_share,1,3.459250,3.438542,3.514625,25
1,1024,48,cpu,1,6.130375,5.781375,6.205083,25
1,1024,48,tg_vals,1,13.144917,13.039490,13.228406,12
1,1024,48,block_vals,1,19.907750,19.813104,20.235146,8
1,1024,48,ql_vals,1,3.349709,3.313625,3.410875,25
1,1024,48,ql_share_vals,1,2.118167,2.102666,2.148916,25
1,1024,48,cpu_vals,1,2.707250,2.486792,3.034333,25
1,32,8,simd,1,0.166458,0.154042,0.188708,25
1,32,8,tg,1,0.163792,0.160208,0.176042,25
1,32,8,ql,1,0.162209,0.150792,0.174292,25
1,32,8,cpu,1,0.081750,0.051667,0.083416,25
1,32,8,simd_vals,1,0.160292,0.155542,0.167292,25
1,32,8,tg_vals,1,0.166625,0.156375,0.179958,25
1,32,8,ql_vals,1,0.158333,0.151417,0.168250,25
1,32,8,cpu_vals,1,0.042209,0.038500,0.042458,25
1,512,96,tg,1,73.502416,72.274208,73.520833,5
1,512,96,block,1,39.032084,38.921709,39.071125,5
1,512,96,cpu,1,11.436313,11.369615,11.669187,14
1,512,96,tg_vals,1,64.313042,63.575375,64.530083,5
1,512,96,block_vals,1,30.822375,30.719375,31.362417,5
1,512,96,cpu_vals,1,6.285958,6.089166,6.374833,25
1,1,3584,block,1,3506.963417,3500.772042,3510.255125,3
1,1,3584,cpu,1,1212.427500,1209.038583,1213.682625,3
1,1,3584,tridiag,1,184.318541,181.664541,184.703083,5
1,1,3584,block_vals,1,2346.126709,2343.982897,2351.055562,3
1,1,3584,cpu_vals,1,313.772667,313.526834,313.863187,3
1,1,3584,tridiag_vals,1,138.452459,138.438625,138.686208,5
1,1,3584,band8_vals,1,142.996375,142.313750,143.262167,5
1,1,3584,band_vals,1,100.320125,99.826000,100.337125,5
1,1,3584,band32_vals,1,104.886125,104.366459,105.168083,5
1,32,12,simd,1,0.259750,0.245625,0.269875,25
1,32,12,tg,1,0.192333,0.187375,0.217000,25
1,32,12,ql,1,0.199417,0.186708,0.210000,25
1,32,12,cpu,1,0.084375,0.060792,0.165208,25
1,32,12,simd_vals,1,0.258416,0.234875,0.263250,25
1,32,12,tg_vals,1,0.176334,0.174459,0.187167,25
1,32,12,ql_vals,1,0.179625,0.170291,0.188917,25
1,32,12,cpu_vals,1,0.075083,0.045667,0.076458,25
1,64,24,simd,1,0.775750,0.741625,0.798750,25
1,64,24,tg,1,0.337167,0.316959,0.347250,25
1,64,24,ql,1,0.358917,0.352791,0.395667,25
1,64,24,ql_share,1,0.475583,0.465041,0.483625,25
1,64,24,cpu,1,0.189583,0.187917,0.206166,25
1,64,24,simd_vals,1,0.735000,0.691375,0.764291,25
1,64,24,tg_vals,1,0.308958,0.300417,0.320833,25
1,64,24,ql_vals,1,0.284000,0.278167,0.296958,25
1,64,24,ql_share_vals,1,0.402625,0.396291,0.410875,25
1,64,24,cpu_vals,1,0.130042,0.125208,0.190000,25
1,8,128,tg,1,7.952959,7.937854,7.971563,19
1,8,128,block,1,6.234042,6.126417,6.278750,25
1,8,128,cpu,1,0.656500,0.648291,0.661542,25
1,8,128,tridiag,1,11.157604,11.077458,11.182000,14
1,8,128,tg_vals,1,7.217250,7.202875,7.234417,21
1,8,128,block_vals,1,5.990708,5.904584,6.118250,25
1,8,128,cpu_vals,1,0.377958,0.368625,0.389584,25
1,8,128,tridiag_vals,1,8.024750,8.001084,8.064666,19
1,16,128,tg,1,7.978875,7.929709,8.008000,19
1,16,128,block,1,6.442583,6.314042,6.579062,24
1,16,128,cpu,1,0.777958,0.768042,0.801833,25
1,16,128,tridiag,1,21.790750,21.758251,21.876124,7
1,16,128,tg_vals,1,7.199583,7.186125,7.211875,21
1,16,128,block_vals,1,6.268624,6.196563,6.354396,24
1,16,128,cpu_vals,1,0.430167,0.408792,0.583083,25
1,16,128,tridiag_vals,1,16.022979,15.923438,16.099136,10
1,32,48,tg,1,0.961167,0.941792,0.969917,25
1,32,48,block,1,3.384666,3.338083,3.485208,25
1,32,48,ql,1,0.879959,0.844250,0.894166,25
1,32,48,cpu,1,0.313625,0.304041,0.318000,25
1,32,48,tg_vals,1,0.879708,0.865500,0.923000,25
1,32,48,block_vals,1,3.327792,3.252208,3.412833,25
1,32,48,ql_vals,1,0.737708,0.708333,0.785708,25
1,32,48,cpu_vals,1,0.189833,0.179958,0.205250,25
1,32,768,block,1,1053.784000,1050.296417,1057.984646,3
1,32,768,cpu,1,79.693750,79.437417,79.790125,5
1,32,768,tridiag,1,292.250166,290.872458,293.898333,5
1,32,768,block_vals,1,713.287584,708.254375,713.708584,3
1,32,768,cpu_vals,1,32.530000,32.113375,32.883083,5
1,32,768,tridiag_vals,1,226.341000,225.507084,226.560541,5
1,32,768,band8_vals,1,198.701541,198.684709,198.878708,5
1,32,768,band_vals,1,188.519792,187.407750,188.732667,5
1,32,768,band32_vals,1,275.388750,270.094166,277.092375,5
1,4,512,tg,1,545.979459,545.692855,547.689104,3
1,4,512,block,1,44.256292,44.122667,44.568875,5
1,4,512,cpu,1,10.292625,10.111480,10.825188,15
1,4,512,tridiag,1,23.269625,23.133792,23.522208,7
1,4,512,tg_vals,1,445.589084,445.231271,446.312500,3
1,4,512,block_vals,1,39.416833,39.226334,39.648959,5
1,4,512,cpu_vals,1,4.803333,4.775833,4.819125,25
1,4,512,tridiag_vals,1,18.130042,18.044958,18.350500,9
1,4,512,band8_vals,1,16.559646,16.364146,16.737364,10
1,4,512,band_vals,1,16.546188,16.221844,16.720334,10
1,4,512,band32_vals,1,22.501417,22.442355,22.694167,7
1,4,12,simd,1,0.244334,0.238708,0.255958,25
1,4,12,tg,1,0.193167,0.180417,0.200709,25
1,4,12,ql,1,0.198875,0.188166,0.213792,25
1,4,12,cpu,1,0.021000,0.017833,0.021250,25
1,4,12,simd_vals,1,0.225750,0.221542,0.247458,25
1,4,12,tg_vals,1,0.183167,0.178042,0.199458,25
1,4,12,ql_vals,1,0.174042,0.167000,0.189916,25
1,4,12,cpu_vals,1,0.014000,0.013875,0.014458,25
1,16,1024,block,1,1196.169083,1190.487479,1198.514479,3
1,16,1024,cpu,1,129.481833,128.890916,129.981000,5
1,16,1024,tridiag,1,211.317959,209.172250,214.755083,5
1,16,1024,block_vals,1,810.802291,809.027562,814.655041,3
1,16,1024,cpu_vals,1,34.505250,33.773375,35.412042,5
1,16,1024,tridiag_vals,1,167.805709,167.668125,167.975666,5
1,16,1024,band8_vals,1,147.779625,144.171292,147.908458,5
1,16,1024,band_vals,1,139.395375,139.197041,140.149458,5
1,16,1024,band32_vals,1,197.557416,197.398959,198.444709,5
1,1,32,simd,1,1.516584,1.499041,1.546083,25
1,1,32,tg,1,0.301500,0.296334,0.320791,25
1,1,32,block,1,2.499875,2.365500,2.733125,25
1,1,32,ql,1,0.524375,0.491167,0.549084,25
1,1,32,cpu,1,0.035708,0.029167,0.036083,25
1,1,32,simd_vals,1,1.379000,1.350333,1.394333,25
1,1,32,tg_vals,1,0.294750,0.285625,0.308083,25
1,1,32,block_vals,1,2.482458,2.385750,2.614834,25
1,1,32,ql_vals,1,0.406708,0.387834,0.441875,25
1,1,32,cpu_vals,1,0.011750,0.011708,0.011750,25
1,64,8,simd,1,0.161167,0.154291,0.189833,25
1,64,8,tg,1,0.167125,0.160916,0.191125,25
1,64,8,ql,1,0.165167,0.156375,0.176292,25
1,64,8,ql_share,1,0.140458,0.125000,0.155792,25
1,64,8,cpu,1,0.155167,0.109292,0.161500,25
1,64,8,simd_vals,1,0.158541,0.152125,0.163750,25
1,64,8,tg_vals,1,0.156916,0.144875,0.162791,25
1,64,8,ql_vals,1,0.155292,0.148875,0.164292,25
1,64,8,ql_share_vals,1,0.120833,0.116667,0.129000,25
1,64,8,cpu_vals,1,0.081292,0.067084,0.085542,25
1,256,96,tg,1,37.492291,36.685333,37.796625,5
1,256,96,block,1,19.213479,19.148532,19.312219,8
1,256,96,cpu,1,6.124209,5.844708,6.256250,25
1,256,96,tg_vals,1,33.909709,33.247875,34.261500,5
1,256,96,block_vals,1,17.032250,16.950000,17.115667,9
1,256,96,cpu_vals,1,3.085000,3.041166,3.521416,25
1,2048,16,simd,1,1.261833,1.247500,1.303125,25
1,2048,16,tg,1,1.253542,1.233583,1.265458,25
1,2048,16,ql,1,0.866875,0.835583,0.903917,25
1,2048,16,ql_share,1,0.826041,0.820291,0.833000,25
1,2048,16,cpu,1,1.307708,1.305041,1.314250,25
1,2048,16,simd_vals,1,1.117041,1.097208,1.135209,25
1,2048,16,tg_vals,1,1.107375,1.096250,1.127417,25
1,2048,16,ql_vals,1,0.565208,0.547625,0.590417,25
1,2048,16,ql_share_vals,1,0.641209,0.607125,0.672834,25
1,2048,16,cpu_vals,1,0.616417,0.579250,0.647042,25
1,32,16,simd,1,0.323792,0.308000,0.336125,25
1,32,16,tg,1,0.221917,0.204292,0.233958,25
1,32,16,ql,1,0.250834,0.238125,0.267125,25
1,32,16,cpu,1,0.077333,0.073375,0.084250,25
1,32,16,simd_vals,1,0.296541,0.289791,0.304209,25
1,32,16,tg_vals,1,0.209083,0.196041,0.220375,25
1,32,16,ql_vals,1,0.204709,0.195375,0.214666,25
1,32,16,cpu_vals,1,0.076500,0.055500,0.112333,25
1,512,48,tg,1,8.219792,8.084563,8.458938,19
1,512,48,block,1,12.370292,12.317417,12.389959,13
1,512,48,ql,1,2.368458,2.356542,2.412917,25
1,512,48,ql_share,1,1.879250,1.853500,1.924833,25
1,512,48,cpu,1,3.410000,2.940375,3.429291,25
1,512,48,tg_vals,1,7.168166,7.047833,7.306917,21
1,512,48,block_vals,1,11.510750,11.424750,11.768250,13
1,512,48,ql_vals,1,1.785208,1.767208,1.808125,25
1,512,48,ql_share_vals,1,1.631375,1.567750,1.678500,25
1,512,48,cpu_vals,1,1.793875,1.316750,1.893625,25
1,4096,64,tg,1,159.419167,159.395625,159.849000,5
1,4096,64,block,1,97.466166,96.671333,97.945833,5
1,4096,64,ql,1,42.363167,42.287459,42.606208,5
1,4096,64,ql_share,1,22.373667,22.047938,23.061729,7
1,4096,64,cpu,1,38.260792,38.014625,38.727291,5
1,4096,64,tg_vals,1,136.769917,136.484625,136.772833,5
1,4096,64,block_vals,1,86.621500,86.443792,86.884750,5
1,4096,64,ql_vals,1,31.706833,31.499292,31.721666,5
1,4096,64,ql_share_vals,1,11.402666,11.352375,11.559208,13
1,4096,64,cpu_vals,1,16.444187,16.230260,16.742677,10
1,4,1536,block,1,1037.624208,1021.078021,1039.904354,3
1,4,1536,cpu,1,126.484917,123.692709,128.908708,5
1,4,1536,tridiag,1,102.948250,102.684583,103.734875,5
1,4,1536,block_vals,1,655.946583,655.308458,657.351312,3
1,4,1536,cpu_vals,1,56.809709,56.060333,56.906500,5
1,4,1536,tridiag_vals,1,81.347416,81.318375,81.432916,5
1,4,1536,band8_vals,1,79.266833,78.115667,79.806208,5
1,4,1536,band_vals,1,68.001167,67.740625,68.214958,5
1,4,1536,band32_vals,1,86.841583,86.800042,88.019084,5
1,16,16,simd,1,0.321334,0.311667,0.332583,25
1,16,16,tg,1,0.214166,0.198917,0.225834,25
1,16,16,ql,1,0.250959,0.244834,0.268833,25
1,16,16,cpu,1,0.058208,0.051750,0.129375,25
1,16,16,simd_vals,1,0.299750,0.293959,0.315500,25
1,16,16,tg_vals,1,0.210041,0.196167,0.220875,25
1,16,16,ql_vals,1,0.202708,0.194750,0.223375,25
1,16,16,cpu_vals,1,0.059667,0.058208,0.061583,25
1,512,64,tg,1,21.162021,20.913823,21.632188,8
1,512,64,block,1,13.312938,13.103042,13.374375,12
1,512,64,ql,1,6.145584,6.107375,6.169583,25
1,512,64,ql_share,1,4.131542,4.061250,4.213125,25
1,512,64,cpu,1,5.280208,5.147584,5.472125,25
1,512,64,tg_vals,1,18.010250,17.799291,18.152417,9
1,512,64,block_vals,1,12.346458,12.297167,12.520916,13
1,512,64,ql_vals,1,4.711583,4.475833,4.740583,25
1,512,64,ql_share_vals,1,2.149250,2.095750,2.216959,25
1,512,64,cpu_vals,1,2.582708,2.550750,2.621708,25
1,256,128,tg,1,95.634292,95.440417,100.322333,5
1,256,128,block,1,42.403042,42.328042,42.556083,5
1,256,128,cpu,1,10.413791,10.178646,10.531646,15
1,256,128,tridiag,1,355.137417,352.487396,356.160230,3
1,256,128,tg_vals,1,85.794542,82.959750,86.626375,5
1,256,128,block_vals,1,34.357917,33.979833,34.967500,5
1,256,128,cpu_vals,1,5.529292,5.201916,5.583125,25
1,256,128,tridiag_vals,1,252.269916,251.559167,252.472208,5
1,64,4,simd,1,0.143875,0.137250,0.153500,25
1,64,4,tg,1,0.139625,0.134292,0.147292,25
1,64,4,ql,1,0.144417,0.135375,0.157334,25
1,64,4,ql_share,1,0.126958,0.122000,0.134000,25
1,64,4,cpu,1,0.060667,0.049166,0.061458,25
1,64,4,simd_vals,1,0.140417,0.134958,0.148792,25
1,64,4,tg_vals,1,0.143166,0.140542,0.149166,25
1,64,4,ql_vals,1,0.139750,0.128334,0.143417,25
1,64,4,ql_share_vals,1,0.120458,0.118125,0.126292,25
1,64,4,cpu_vals,1,0.033833,0.033667,0.035625,25
1,2,1536,block,1,473.621666,471.171999,474.814792,3
1,2,1536,cpu,1,114.628417,114.234167,114.694292,5
1,2,1536,tridiag,1,53.007750,51.685250,53.885875,5
1,2,1536,block_vals,1,307.372708,306.415000,307.577833,3
1,2,1536,cpu_vals,1,54.358667,54.347917,55.559833,5
1,2,1536,tridiag_vals,1,41.608875,41.581500,41.890750,5
1,2,1536,band8_vals,1,46.177625,45.631833,46.190750,5
1,2,1536,band_vals,1,37.910875,36.774000,38.383500,5
1,2,1536,band32_vals,1,46.999084,46.963958,48.300042,5
1,128,192,tg,1,287.925333,286.637958,289.297292,5
1,128,192,block,1,66.964209,66.952167,67.211083,5
1,128,192,cpu,1,12.053958,11.903542,12.244625,13
1,128,192,tridiag,1,265.987708,265.159250,266.361250,5
1,128,192,tg_vals,1,150.448625,149.565625,150.833459,5
1,128,192,block_vals,1,50.781334,50.397875,51.484000,5
1,128,192,cpu_vals,1,5.951125,5.911667,6.256334,25
1,128,192,tridiag_vals,1,196.374209,194.818917,197.221500,5
1,512,24,simd,1,1.421792,1.415958,1.437917,25
1,512,24,tg,1,1.154375,1.127750,1.162292,25
1,512,24,ql,1,0.551875,0.549458,0.563208,25
1,512,24,ql_share,1,0.893042,0.869000,0.917000,25
1,512,24,cpu,1,0.797250,0.773334,0.827291,25
1,512,24,simd_vals,1,1.295041,1.280708,1.324916,25
1,512,24,tg_vals,1,1.033208,1.021125,1.054416,25
1,512,24,ql_vals,1,0.417708,0.390625,0.439667,25
1,512,24,ql_share_vals,1,0.423542,0.412625,0.436208,25
1,512,24,cpu_vals,1,0.340167,0.328167,0.592375,25
1,4096,32,simd,1,24.228042,23.977500,24.650688,7
1,4096,32,tg,1,16.581813,16.471969,16.716583,10
1,4096,32,block,1,17.258042,17.202875,17.274875,9
1,4096,32,ql,1,4.792875,4.665000,4.832041,25
1,4096,32,ql_share,1,4.209209,4.076000,4.374084,25
1,4096,32,cpu,1,9.606416,9.512063,9.687510,16
1,4096,32,simd_vals,1,14.618125,14.606083,14.859562,11
1,4096,32,tg_vals,1,14.629334,14.455479,14.767834,11
1,4096,32,block_vals,1,15.692250,15.589511,15.736292,10
1,4096,32,ql_vals,1,2.993875,2.970375,3.032458,25
1,4096,32,ql_share_vals,1,2.190083,2.168875,2.229208,25
1,4096,32,cpu_vals,1,3.494083,3.481834,3.591500,25
1,64,256,tg,1,435.118625,435.104167,435.242500,3
1,64,256,block,1,74.592375,74.403792,74.703417,5
1,64,256,cpu,1,12.089208,11.959792,12.202291,13
1,64,256,tridiag,1,177.100500,176.616333,177.242875,5
1,64,256,tg_vals,1,259.524250,259.108667,261.291625,5
1,64,256,block_vals,1,56.038083,55.968625,56.285667,5
1,64,256,cpu_vals,1,5.592666,5.555750,5.631500,25
1,64,256,tridiag_vals,1,131.512833,129.447750,132.834125,5
1,128,128,tg,1,51.572667,50.346958,51.616833,5
1,128,128,block,1,21.088729,20.977770,21.208937,8
1,128,128,cpu,1,5.551500,5.319250,5.721291,25
1,128,128,tridiag,1,179.207458,179.089083,179.621542,5
1,128,128,tg_vals,1,44.537291,43.713000,45.124584,5
1,128,128,block_vals,1,18.401083,18.307000,18.549583,9
1,128,128,cpu_vals,1,3.063333,2.633583,3.082792,25
1,128,128,tridiag_vals,1,126.908125,126.641375,126.923542,5
1,32,256,tg,1,198.587459,198.148750,198.882083,5
1,32,256,block,1,34.658416,34.419792,34.795542,5
1,32,256,cpu,1,6.613958,6.432750,6.925625,23
1,32,256,tridiag,1,88.753125,88.495209,89.163625,5
1,32,256,tg_vals,1,125.754500,125.593292,127.069625,5
1,32,256,block_vals,1,30.802667,30.712833,30.812458,5
1,32,256,cpu_vals,1,3.389000,2.951041,3.526583,25
1,32,256,tridiag_vals,1,65.492542,64.465542,65.629458,5
1,2,256,tg,1,55.248041,55.234750,55.325792,5
1,2,256,block,1,11.975625,11.846000,12.087583,13
1,2,256,cpu,1,2.111333,2.101917,2.129791,25
1,2,256,tridiag,1,5.559042,5.430250,5.621042,25
1,2,256,tg_vals,1,54.223084,54.198959,54.248417,5
1,2,256,block_vals,1,11.738375,11.503292,11.796875,13
1,2,256,cpu_vals,1,1.087917,1.080083,1.104750,25
1,2,256,tridiag_vals,1,4.484459,4.458500,4.668458,25
1,8,24,simd,1,0.785000,0.737333,0.810417,25
1,8,24,tg,1,0.254084,0.245541,0.263375,25
1,8,24,ql,1,0.357459,0.340958,0.370542,25
1,8,24,cpu,1,0.060709,0.058125,0.068958,25
1,8,24,simd_vals,1,0.718666,0.701125,0.746041,25
1,8,24,tg_vals,1,0.258834,0.254000,0.264333,25
1,8,24,ql_vals,1,0.284042,0.272292,0.296250,25
1,8,24,cpu_vals,1,0.038083,0.035000,0.054583,25
1,4,384,tg,1,220.073625,219.544000,220.300375,5
1,4,384,block,1,25.491437,25.380041,25.620115,6
1,4,384,cpu,1,5.042250,5.012625,5.129875,25
1,4,384,tridiag,1,17.064083,16.957667,17.253959,9
1,4,384,tg_vals,1,191.696416,191.337625,191.758292,5
1,4,384,block_vals,1,22.619708,22.570792,22.698479,7
1,4,384,cpu_vals,1,2.617208,2.606542,2.638083,25
1,4,384,tridiag_vals,1,13.604875,13.544522,13.900937,11
1,32,512,block,1,300.649042,299.770438,301.925187,3
1,32,512,cpu,1,30.366750,30.064666,30.536875,5
1,32,512,tridiag,1,183.024916,181.976916,183.104667,5
1,32,512,block_vals,1,200.874666,200.768750,200.950875,5
1,32,512,cpu_vals,1,13.886958,13.557375,14.119063,11
1,32,512,tridiag_vals,1,138.809083,138.225916,139.177250,5
1,32,512,band8_vals,1,117.052167,117.026125,117.288250,5
1,32,512,band_vals,1,112.812459,112.055458,112.867333,5
1,32,512,band32_vals,1,164.018084,163.763959,164.423583,5
1,1,4,simd,1,0.147042,0.138333,0.210875,25
1,1,4,tg,1,0.142708,0.138667,0.145792,25
1,1,4,ql,1,0.146417,0.139625,0.177000,25
1,1,4,cpu,1,0.001500,0.001458,0.002083,25
1,1,4,simd_vals,1,0.144375,0.138833,0.155834,25
1,1,4,tg_vals,1,0.146458,0.133125,0.186708,25
1,1,4,ql_vals,1,0.141334,0.135167,0.189250,25
1,1,4,cpu_vals,1,0.001416,0.001333,0.001458,25
1,2,128,tg,1,7.921834,7.884980,7.934250,19
1,2,128,block,1,5.975084,5.865875,6.059875,25
1,2,128,cpu,1,0.534583,0.532208,0.536833,25
1,2,128,tridiag,1,2.763333,2.724875,2.923833,25
1,2,128,tg_vals,1,7.215708,7.203958,7.225167,21
1,2,128,block_vals,1,5.783875,5.615292,5.877917,25
1,2,128,cpu_vals,1,0.290958,0.290000,0.292250,25
1,2,128,tridiag_vals,1,2.052208,2.046292,2.058500,25
1,4096,192,block,1,2236.567125,2224.153458,2241.413333,3
1,4096,192,cpu,1,336.109041,335.240395,336.574291,3
1,4096,192,block_vals,1,1735.933417,1735.545063,1737.860688,3
1,4096,192,cpu_vals,1,171.178333,169.895750,172.797250,5
1,4,192,tg,1,27.586458,27.557344,27.603636,6
1,4,192,block,1,9.266584,9.134541,9.348875,17
1,4,192,cpu,1,1.242583,1.230708,1.251500,25
1,4,192,tridiag,1,8.309334,8.268313,8.325667,19
1,4,192,tg_vals,1,25.795896,25.771740,25.803615,6
1,4,192,block_vals,1,9.076584,8.979083,9.147083,17
1,4,192,cpu_vals,1,0.628375,0.626541,0.639875,25
1,4,192,tridiag_vals,1,6.382938,6.256260,6.466646,24
1,1,3072,block,1,2227.890375,2227.640771,2234.144021,3
1,1,3072,cpu,1,724.422500,722.208146,728.006083,3
1,1,3072,tridiag,1,124.836333,124.785625,126.380875,5
1,1,3072,block_vals,1,1449.922500,1447.144146,1449.958042,3
1,1,3072,cpu_vals,1,212.281208,212.028125,212.479500,5
1,1,3072,tridiag_vals,1,90.573208,90.357625,90.696667,5
1,1,3072,band8_vals,1,99.517250,99.139709,99.658250,5
1,1,3072,band_vals,1,71.012125,70.262791,71.197125,5
1,1,3072,band32_vals,1,81.075833,80.435125,81.142375,5
1,2,192,tg,1,27.671688,27.668292,27.707083,6
1,2,192,block,1,8.948667,8.857084,9.089125,17
1,2,192,cpu,1,1.133375,1.124625,1.145167,25
1,2,192,tridiag,1,4.202333,4.041458,4.237833,25
1,2,192,tg_vals,1,25.841501,25.825333,25.858604,6
1,2,192,block_vals,1,8.770479,8.680490,8.856594,18
1,2,192,cpu_vals,1,0.621667,0.616583,0.630375,25
1,2,192,tridiag_vals,1,3.286000,3.242125,3.477625,25
1,16,4,simd,1,0.143792,0.137792,0.144958,25
1,16,4,tg,1,0.149208,0.143666,0.161667,25
1,16,4,ql,1,0.138208,0.133209,0.147667,25
1,16,4,cpu,1,0.014584,0.014417,0.015750,25
1,16,4,simd_vals,1,0.144500,0.136125,0.149583,25
1,16,4,tg_vals,1,0.141583,0.133750,0.149916,25
1,16,4,ql_vals,1,0.141834,0.136125,0.146500,25
1,16,4,cpu_vals,1,0.009916,0.009833,0.010083,25
1,4096,16,simd,1,2.237958,2.192000,2.359041,25
1,4096,16,tg,1,2.212417,2.187375,2.251667,25
1,4096,16,ql,1,1.441292,1.427084,1.490125,25
1,4096,16,ql_share,1,1.291791,1.275042,1.339417,25
1,4096,16,cpu,1,2.585916,2.541791,3.011875,25
1,4096,16,simd_vals,1,1.948041,1.932166,1.968541,25
1,4096,16,tg_vals,1,1.967875,1.942833,2.009041,25
1,4096,16,ql_vals,1,1.010292,0.994708,1.048250,25
1,4096,16,ql_share_vals,1,0.834500,0.819041,0.921292,25
1,4096,16,cpu_vals,1,1.619916,1.083792,1.669916,25
1,4096,24,simd,1,7.264209,7.173333,7.496834,21
1,4096,24,tg,1,7.305209,7.168291,7.506875,21
1,4096,24,ql,1,2.796791,2.764583,2.973417,25
1,4096,24,ql_share,1,2.526042,2.486333,2.580084,25
1,4096,24,cpu,1,5.963791,5.750792,6.142708,25
1,4096,24,simd_vals,1,6.338563,6.286323,6.491740,24
1,4096,24,tg_vals,1,6.183416,6.138459,6.252167,25
1,4096,24,ql_vals,1,1.822458,1.795458,1.833209,25
1,4096,24,ql_share_vals,1,1.387458,1.363375,1.414667,25
1,4096,24,cpu_vals,1,2.161375,2.115833,2.483708,25
1,512,2,simd,1,0.157250,0.147834,0.426125,25
1,512,2,tg,1,0.143916,0.134750,0.147667,25
1,512,2,ql,1,0.131542,0.124333,0.146625,25
1,512,2,ql_share,1,0.260041,0.251500,0.274167,25
1,512,2,cpu,1,0.185584,0.074584,0.191125,25
1,512,2,simd_vals,1,0.134459,0.126667,0.143708,25
1,512,2,tg_vals,1,0.131750,0.123209,0.135792,25
1,512,2,ql_vals,1,0.132583,0.129916,0.139917,25
1,512,2,ql_share_vals,1,0.246375,0.240542,0.252833,25
1,512,2,cpu_vals,1,0.078208,0.075750,0.079291,25
